gps_time,alt,amb,ch4,ch4d,co,co2,co2d,cod,cog,gasp,h2o,hdop,heading,lat,lon,pressure,rd1,rd2,sog,t,temp,wd_corr,wd_uncorr,ws_corr,ws_uncorr
2018-08-09 15:10:09.200,162.5,24.8965458691259,1.87863315698,1.91886934673571,1.68997721025039,405.38714280646,414.069710091797,1.72617326764567,88.3,140.583996448039,20968.7653763471,25.1,126.3,43.7767266666667,-79.50784,987.7,6.50664400788874,7.27235595114073,17.5,24.8753267251038,22.9,254.9,124.4,11.6,4.4
2018-08-09 15:10:10.200,200.4,24.901292340088,1.87982920634472,1.92028382075144,1.56078276684152,404.782625255167,413.493577315775,1.59436783670334,92,140.572151920282,21066.7247453285,4.4,126.3,43.7766966666667,-79.50842,987.7,6.50146428232064,7.27035088267821,10.9,24.8753622776098,22.9,251,128.6,6.2,4.6
2018-08-09 15:10:11.200,209.1,24.9070467826389,1.88109741209772,1.92151796009438,1.64592717315884,404.223964651516,412.909770528927,1.68129145411504,97,140.606143018957,21035.564171481,4.4,126.3,43.7766916666667,-79.50855,987.6,6.50227334371111,7.26833982672063,7.7,24.8767392980126,23,241.9,119.4,5.1,6
2018-08-09 15:10:12.200,213.1,24.9110260511304,1.88011548525287,1.92032389456394,1.5082225270051,403.770081851431,412.405279354119,1.54048186850105,102.1,140.568275705055,20938.4544397148,4.4,126.3,43.7766883333333,-79.5085933333333,987.7,6.50511082648024,7.27227835570541,5,24.8781198170076,23,245.8,127.1,4.6,5.4
2018-08-09 15:10:13.200,204.2,24.9127106587777,1.87906298827086,1.91916069415628,1.52932180278081,403.213615789672,411.817925908353,1.56195584033838,110.8,140.599562820901,20893.4830129453,1.5,126.1,43.7766683333333,-79.5085516666667,987.6,6.50822018104226,7.27561893401798,3.3,24.8772315765348,23,272.2,139.2,3.6,4.3
2018-08-09 15:10:14.200,195.1,24.919498466978,1.88006709789331,1.9203711570318,1.57397949457157,403.342928057086,411.989589492436,1.6077221424178,119.4,140.584958502428,20987.6554558621,1.4,126,43.7766566666667,-79.5085266666667,987.7,6.50752821449938,7.27320847033846,1.8,24.8775471114824,23,263.7,136,3.2,4.6
2018-08-09 15:10:15.200,187.1,24.9308721789085,1.87870889076422,1.91903321005516,1.68911427018824,403.240034773017,411.895123767236,1.72536865436303,128.8,140.539285980988,21012.8679299162,1.4,125.9,43.7766416666667,-79.5085016666667,987.6,6.50573814101215,7.27169413697364,1.1,24.8799508062686,23,279.2,153,2.8,4
2018-08-09 15:10:16.200,180.2,24.9324554527622,1.88038952477951,1.92063216786548,1.87216863714765,403.309798479905,411.941193903244,1.91223275185857,137.5,140.589355769864,20952.9451663899,1.4,125.9,43.77663,-79.508475,987.6,6.5025254607059,7.27438737799956,0.7,24.8800390219025,23,285.1,151.3,2.1,3.4
2018-08-09 15:10:17.200,176,24.9379600178525,1.8825649132448,1.92268522624842,1.76797842143067,404.090777978251,412.702520627226,1.80566011112926,138.7,140.541956197832,20866.7261737066,1.4,125.7,43.7766216666667,-79.508455,987.6,6.49703430176139,7.2688921621716,0.5,24.8800079377563,23,277.3,145.8,1.8,3.5
2018-08-09 15:10:18.200,173.5,24.9437235117844,1.88104611692628,1.92124742866288,1.62751991870053,403.990998856537,412.62503402236,1.66230111045239,137.7,140.571572076843,20924.5105847284,1.4,125.6,43.776615,-79.5084416666667,987.6,6.50104369154171,7.27080990528344,0.5,24.8798176308898,23,276.3,137.6,2.5,4.1
2018-08-09 15:10:19.200,171.4,24.9478740261109,1.88039955094073,1.92063663756558,1.69436977604503,404.392637939426,413.045912782638,1.73062614526338,139.2,140.568406238317,20949.8444177017,1.4,125.5,43.77661,-79.5084316666667,987.6,6.50461641634493,7.27675076471357,0.3,24.8802207102906,23,249.3,120.8,2,3.8
2018-08-09 15:10:20.200,169.9,24.9495280692611,1.87878822562321,1.91900722184767,1.41305638592677,404.812700090869,413.478426884247,1.44330461480962,141.7,140.58917182656,20958.2386108505,1.4,125.5,43.7766066666667,-79.508425,987.6,6.507518917847,7.27414344864341,0.1,24.8803520817602,23,247.8,119.6,1.9,3.5
2018-08-09 15:10:21.200,167.7,24.9516970702741,1.87853284762105,1.91887906054111,1.65464464725614,404.839112271954,413.534057944138,1.69018711730969,146.9,140.575603738551,21025.9875571504,1.4,125.6,43.7766016666667,-79.5084133333333,987.6,6.50380911951309,7.2740020410297,0.1,24.8810674969442,23,240.6,111,2,3.9
2018-08-09 15:10:22.200,165.9,24.9622831598633,1.8779980742087,1.91840385761492,1.78651200274862,405.27741798796,413.997075654904,1.82495000876687,149.5,140.532517661741,21062.0877627711,1.4,125.6,43.7765983333333,-79.508405,987.6,6.50881508156977,7.27324105504311,0.1,24.8814146385534,23.1,234.8,107.6,2,4.1
2018-08-09 15:10:23.200,164.7,24.9632366699387,1.8787859031599,1.91912938316702,1.44327755378795,404.077989530078,412.754776418673,1.47427303272141,155.9,140.597536085352,21021.5657256181,1.4,125.6,43.7765933333333,-79.5083983333333,987.6,6.50695426918841,7.27720327677758,0,24.8815812558015,23.1,245.9,122.5,2,3.8
2018-08-09 15:10:24.200,163.8,24.9694645124568,1.87921998439862,1.91941047929345,1.52531880379406,404.023352271808,412.664201055757,1.55793821563817,137.4,140.54182813457,20939.1411763299,1.4,125.5,43.77659,-79.5083916666667,987.6,6.50817091121102,7.27403879132107,0,24.8831356452931,23.1,250.8,117.2,1.5,2.7
2018-08-09 15:10:25.200,163.6,24.970927734806,1.87870812845077,1.91895275165554,1.5973686341034,403.250590852984,411.888798422059,1.6315872992998,148.2,140.60120049755,20972.2959863923,1.4,125.4,43.7765883333333,-79.50839,987.6,6.50635915496307,7.27575765912707,0,24.8839075497254,23.1,241.5,115.9,1.2,2.3
2018-08-09 15:10:26.200,163.7,24.973332752823,1.87838028987168,1.91870011072711,1.73931190369112,402.511861153105,411.151828579966,1.77664749372543,141.6,140.584130776303,21014.1124802405,1.4,125.4,43.776585,-79.5083883333333,987.6,6.50593083552182,7.27318072425567,0,24.8824601789136,23.1,235.5,108.8,1.3,2.7
2018-08-09 15:10:27.200,164.6,24.9790347049484,1.87753948066314,1.9177943621792,1.65248701580843,402.265878023668,410.890618786847,1.68791756924553,125.6,140.571424040879,20990.419749355,1.4,125.3,43.7765816666667,-79.5083916666667,987.5,6.50865332114565,7.27265551224911,0.1,24.8821886759797,23.1,233.9,105,1.2,2.1
2018-08-09 15:10:28.200,165.7,24.9792955943269,1.87966963249316,1.91993940221155,1.60533578302311,402.040683565071,410.65405753095,1.63972858142807,125.7,140.581368587872,20974.8026765885,1.4,125.3,43.7765816666667,-79.508395,987.5,6.50560171142472,7.27152265183153,0.1,24.8842332294346,23.1,230.8,103.2,0.9,1.9
2018-08-09 15:10:29.200,167.2,24.9858108712789,1.87858489942166,1.91892587547649,1.44769504835545,401.718254345673,410.344715609328,1.47878123272028,127.1,140.563257459841,21022.4734529898,1.4,125.3,43.77658,-79.5084,987.6,6.50431337879629,7.27310849650896,0.1,24.8838886065538,23.1,234.2,112.7,1.2,2.3
2018-08-09 15:10:30.200,168.6,24.9879564048286,1.87852312147372,1.91868728033699,1.60771154230545,401.199161231628,409.777068923305,1.64208140582454,132,140.610524307317,20932.9738047799,1.4,125.3,43.77658,-79.5084033333333,987.5,6.50942535130011,7.27335455929081,0.1,24.8827151938637,23.1,245.3,116.7,1.2,2.3
2018-08-09 15:10:31.200,169.6,24.9949923054451,1.8782564820662,1.91857728721266,1.74695313636144,401.381781659955,409.998250603217,1.78445689047798,124.3,140.548710610839,21015.9081799868,1.4,125.3,43.7765783333333,-79.5084066666667,987.6,6.50389496493419,7.26971229294616,0.3,24.8853617802021,23.1,239.9,109.9,1.2,2.4
2018-08-09 15:10:32.200,170.2,24.9973233819814,1.87771574879523,1.91791509437936,1.52807984442978,401.413846601228,410.007486922337,1.56079710001763,134.4,140.608138308728,20959.663157817,2,125.4,43.7765783333333,-79.50841,987.5,6.50202625248822,7.27237747361629,0.1,24.8863473716329,23.1,234.3,103.6,1.2,2.3
2018-08-09 15:10:33.200,171.1,25.0042714918785,1.87815112447603,1.91863000589409,1.46294564093845,401.785540870556,410.445017123605,1.49447483518402,150.2,140.580972389106,21097.7150017324,1.7,125.4,43.77658,-79.5084166666667,987.6,6.50078382701722,7.2647208990577,0.1,24.8861847066015,23.1,234.7,111.5,1.7,3.8
2018-08-09 15:10:34.200,172,25.0117231276222,1.88004315493002,1.92060241066866,1.33761542295579,400.899632040674,409.548407525159,1.36647194163593,148.4,140.548419494537,21117.7373010273,1.4,125.6,43.7765816666667,-79.50842,987.6,6.50053532837194,7.27547940732482,0.1,24.884753296285,23.1,236.8,109.1,2.1,4.4
2018-08-09 15:10:35.200,172.7,25.0127255283691,1.87845940178987,1.91879488902594,1.11783698901368,400.275990713346,408.870965385776,1.14184248204948,140.3,140.588582224781,21021.2172419828,1.4,125.6,43.7765816666667,-79.5084233333333,987.6,6.50564300465297,7.27660661552262,0,24.8855713847424,23.2,228.7,98.8,2,3.5
2018-08-09 15:10:36.200,173.1,25.0224278487995,1.87796457656844,1.91820116896901,1.47534676377388,401.236726023802,409.833520549823,1.50695450899179,126.9,140.539879869403,20976.1790389966,1.5,126,43.7765816666667,-79.5084233333333,987.5,6.50476325968788,7.2786462001576,0.1,24.8878895950913,23.2,229.7,108.8,1.6,2.9
2018-08-09 15:10:37.200,173.5,25.0263951089788,1.87707614593032,1.91745007819479,1.52574061813554,401.54369432096,410.18038912102,1.55855652498737,114,140.576953953602,21055.8411649608,1.5,125.9,43.7765833333333,-79.508425,987.6,6.5079435384564,7.27324564491131,0.1,24.8864620604073,23.2,238.6,107.6,1.4,2.7
2018-08-09 15:10:38.200,174.3,25.0323067493108,1.87916869909525,1.91972908895663,1.71284330949814,401.230532454859,409.890759074671,1.74981468378463,116.9,140.552172184988,21128.0729051373,1.5,125.9,43.7765833333333,-79.5084283333333,987.7,6.50448514489962,7.27669950927271,0.1,24.8879514064769,23.2,224,97,1.8,3.5
2018-08-09 15:10:39.200,174.7,25.0350407992806,1.87704615085829,1.91729870842406,1.3872632884556,401.019294307178,409.618907554343,1.417019122218,119.8,140.605126389674,20994.166339573,1.5,125.9,43.7765816666667,-79.5084316666667,987.6,6.50531855272401,7.27640163503988,0.1,24.8871897209224,23.2,227.6,102.5,1.4,2.9
2018-08-09 15:10:40.200,174.9,25.0407194287605,1.87766176401949,1.9180585643016,1.48769949106464,400.902281163399,409.527562335912,1.51970840252394,116.8,140.563966842591,21061.501344278,1.5,126.3,43.77658,-79.5084316666667,987.6,6.50745503846964,7.27195018597671,0.1,24.8884915535639,23.2,228.2,100.9,1.4,2.6
2018-08-09 15:10:41.200,174.7,25.0524365052135,1.87726663878915,1.91757800354872,1.71719163671572,401.093792796913,409.706698409603,1.75406475041758,134.2,140.528962912806,21022.1400515684,1.4,126.2,43.7765783333333,-79.5084333333333,987.6,6.50689035779265,7.27475836584561,0,24.8887088689166,23.2,241.1,115.6,1.6,3.2
2018-08-09 15:10:42.200,174.4,25.0543723806679,1.87724536479903,1.91775844225868,1.83424671521407,401.158316569767,409.815731291811,1.87383349135027,165.4,140.595734525325,21125.1696275995,1.5,126.2,43.7765766666667,-79.5084316666667,987.5,6.50671726424286,7.27467473990524,0,24.8881851154826,23.2,252,129,1.2,2.2
2018-08-09 15:10:43.200,174.1,25.063522278064,1.8775063795614,1.91786359736597,1.58020163545532,401.637693112989,410.270840634888,1.61417119266491,223.1,140.528507748651,21042.56809325,1.5,126.3,43.776575,-79.5084333333333,987.6,6.50883464871088,7.27760185671234,0,24.8901557097595,23.2,245.9,120.2,1.3,3
2018-08-09 15:10:44.200,173.9,25.0656455207235,1.87512702981156,1.91568094938956,1.4939028744226,401.398848801803,410.080006381307,1.52621094516863,245.3,140.601980729466,21169.6233492111,1.5,126.3,43.776575,-79.5084333333333,987.7,6.50707447285603,7.28276797977401,0,24.8888081166541,23.2,241.6,116.7,2,4.1
2018-08-09 15:10:45.200,174,25.0693494734924,1.87741176481241,1.91783825786033,1.49986907521697,401.705968641654,410.355848572021,1.53216530204526,270.7,140.566182582248,21078.9667337019,1.4,126.3,43.776575,-79.508435,987.6,6.50966269864435,7.27906496535736,0,24.8905530702945,23.2,247.9,126.9,1.5,3
2018-08-09 15:10:46.200,174.2,25.0742705193307,1.87735335825754,1.91777725446617,1.7608483593688,402.352448752144,411.01605074957,1.79876321012265,288.9,140.589511080105,21078.5575058347,1.7,126.2,43.776575,-79.508435,987.6,6.50646165440795,7.2769591775092,0,24.8905749800257,23.2,258,131.3,1.6,3.5
2018-08-09 15:10:47.200,174.5,25.0783801851054,1.87530107746367,1.91583289465977,1.656654798366,402.186561418322,410.879102387664,1.69245948136068,324.4,140.571825733837,21155.953212514,1.7,126.1,43.776575,-79.508435,987.6,6.5119200785344,7.27650291511489,0,24.890550791621,23.2,260.6,131.6,1.9,3.9
2018-08-09 15:10:48.200,174.7,25.0862461456634,1.87532626252608,1.91605084235334,1.79329192995107,402.39649064914,411.134840949965,1.8322364850786,286,140.562166399425,21254.3291387491,1.7,126,43.7765733333333,-79.5084366666667,987.6,6.51257367201151,7.27980718972991,0,24.8918599666066,23.3,249.5,131.6,1.7,3.2
2018-08-09 15:10:49.200,174.9,25.0874967986402,1.87611814097769,1.91677804921396,1.95648558515039,403.185409467278,411.923358849342,1.99888679665999,269.7,140.609278879741,21212.7513444827,1.7,126.1,43.7765733333333,-79.5084366666667,987.7,6.50949932441903,7.27029739292545,0,24.8906351372712,23.3,275,150.1,1.7,3.4
2018-08-09 15:10:50.200,175.1,25.0964084381775,1.87485857777553,1.91512818082161,1.67027370638018,403.421938257061,412.087077170169,1.70615348750727,146.3,140.528658961773,21027.4129008321,1.7,126.2,43.7765733333333,-79.5084383333333,987.6,6.51035038183149,7.27619666182531,0,24.8907074801731,23.3,282.9,151,2.3,4.9
2018-08-09 15:10:51.200,175.6,25.0997153941628,1.87589331569052,1.91652032918296,1.55988176038636,404.242011075581,412.996921124833,1.59366423234044,281.7,140.61198870695,21198.4518989603,1.7,126.5,43.7765733333333,-79.50844,987.6,6.50463120634942,7.27157921699927,0,24.8931590908971,23.3,272.4,151.4,1.8,3.4
2018-08-09 15:10:52.200,176.1,25.1058303292203,1.87819115477977,1.91882403180029,1.63797166160104,404.194176037482,412.938497139945,1.67340770695947,305.5,140.570375836251,21175.8286309984,1.7,126.8,43.7765733333333,-79.5084416666667,987.6,6.50453428320246,7.26779791851982,0,24.8941986085636,23.3,253.2,129.8,1.9,3
2018-08-09 15:10:53.200,176.4,25.1104387648186,1.87909745283042,1.91986537062523,1.60377013353623,404.728690404879,413.509672441785,1.63856474334171,80,140.561207133336,21235.1073486897,1.4,127,43.7765733333333,-79.5084416666667,987.6,6.5026994553547,7.27575175016033,0,24.8925258764111,23.3,255.2,124.7,2.1,4.2
2018-08-09 15:10:54.200,176.6,25.1125876283615,1.87916610456065,1.91992023564194,1.498222064612,405.40694018001,414.199111311688,1.53071538186206,92,140.581667888325,21227.0704156502,1.4,127,43.7765716666667,-79.5084433333333,987.6,6.50586626567973,7.27385107282617,0,24.8932485270195,23.3,247.5,122.7,1.9,4.3
2018-08-09 15:10:55.200,176.7,25.1244017553986,1.87671972618995,1.91741840586006,1.34532452338855,405.170910303496,413.95750647756,1.3744997179482,98.5,140.547153538507,21225.860087524,1.4,126.9,43.7765716666667,-79.5084416666667,987.7,6.50692099699619,7.27783833231897,0,24.8960155463772,23.3,257.6,136.9,2,3.5
2018-08-09 15:10:56.200,176.9,25.1246236207635,1.87888545415427,1.9192391425192,1.5111188924544,406.868789255318,415.607353194427,1.54357213856648,98.6,140.5766300752,21026.1826003441,1.4,126.9,43.77657,-79.5084433333333,987.6,6.5134661075461,7.2680830138597,0,24.8934959125281,23.3,268.5,150.1,1.5,3.6
2018-08-09 15:10:57.200,177.3,25.1284730393472,1.87769886490554,1.91826418378604,1.48537980621179,407.902530974882,416.714617153957,1.51746823119167,109.4,140.535225133328,21146.6570008642,1.4,126.6,43.77657,-79.508445,987.7,6.50503258119406,7.27291206501484,0,24.8945787377878,23.3,286.8,157.5,2,4
2018-08-09 15:10:58.200,177.7,25.1347488983688,1.87675697484288,1.91728516891678,1.79074693262311,408.881536983955,417.711199401664,1.82941765684082,112.5,140.61311602237,21138.3513430559,1.4,125.6,43.7765716666667,-79.508445,987.6,6.50324338476964,7.28030575410186,0,24.8966982323169,23.3,287.3,174.9,1.8,3.7
2018-08-09 15:10:59.200,178,25.1385556578575,1.8777559816333,1.91828295004708,1.41020752084571,409.934278751314,418.781819675093,1.4406436483355,109,140.546402635963,21126.6900829901,1.7,124.3,43.7765716666667,-79.508445,987.6,6.51298099993221,7.27596897209834,0,24.895269906239,23.3,282,149.8,1.5,2.9
2018-08-09 15:11:00.200,178.1,25.1430772850018,1.8778849261385,1.91844970286709,1.71326184019524,410.896407523241,419.772307320944,1.75026998894642,93.4,140.573255885397,21144.4143980185,1.7,123.8,43.77657,-79.5084433333333,987.6,6.50822148295615,7.27757213356226,0.1,24.8977965666164,23.3,283.4,168.6,0.7,1.3
2018-08-09 15:11:01.200,178.1,25.1458184508205,1.87926104503585,1.91986050993278,1.50335992372521,411.013508732021,419.892966238542,1.53583790836099,101.4,140.594475790494,21147.0078938159,1.4,123.6,43.77657,-79.5084416666667,987.6,6.50633749485474,7.27869101834673,0.1,24.8970040071097,23.3,280.5,141.1,0.6,1.7
2018-08-09 15:11:02.200,177.9,25.1588047350435,1.8818709626182,1.92268162218469,1.62628397502664,411.803987422879,420.734577289704,1.66155252015566,105.6,140.526483299466,21226.0964008625,1.4,123.6,43.77657,-79.5084366666667,987.6,6.50004730765425,7.27533646254571,0.1,24.8968029658055,23.3,239.8,118.4,2,3.9
2018-08-09 15:11:03.200,177.8,25.1575631004611,1.87704963012112,1.91760082591916,1.71613942485822,412.437977801928,421.348215665816,1.75321529572527,92.4,140.600697833145,21147.1307398525,1.4,123.6,43.77657,-79.5084316666667,987.7,6.51131846494753,7.27314316353913,0.1,24.8968885856861,23.3,248.1,126.3,2.4,4.5
2018-08-09 15:11:04.200,177.6,25.16388,1.87786,1.91866,1.512474,412.7711,421.7392,1.545336,96.9,140.5608,21264.68,1.4,123.6,43.7765683333333,-79.5084266666667,987.6,6.506505,7.274036,0.1,24.8967,23.4,250.9,134.9,1.7,3.5
2018-08-09 15:11:05.200,177.2,25.1696783211739,1.87811103088274,1.91890807757824,1.71873869308552,412.370139692001,421.327804682758,1.75607396497245,101.2,140.606674663277,21260.6142841345,1.4,123.7,43.7765666666667,-79.50842,987.6,6.5049623906147,7.27481468795391,0,24.8995745497161,23.4,259.7,133.1,1.7,3.3
2018-08-09 15:11:06.200,176.9,25.1762367914993,1.87922858460421,1.91997397789714,1.52880365167567,411.882619990974,420.813041600997,1.56195188719267,112.3,140.558056902791,21221.7864907026,1.4,123.9,43.776565,-79.5084166666667,987.6,6.50033284445139,7.27780870101593,0.1,24.900161682909,23.4,254.5,132.4,1.6,2.9
2018-08-09 15:11:07.200,176.6,25.1798616244595,1.87631024163707,1.91707780236589,1.65750658785113,412.168691884334,421.124121542179,1.69352074033137,112.6,140.593095763165,21265.4636823298,1.4,124,43.776565,-79.508415,987.6,6.50636275981934,7.26990856399803,0,24.8984296187358,23.4,248.9,119.4,1.2,2.5
2018-08-09 15:11:08.200,176.5,25.1844,1.879367,1.91998,1.587844,410.394,419.2626,1.622157,118.1,140.6055,21152.91,1.4,124.2,43.776565,-79.5084133333333,987.7,6.50451,7.28192,0,24.90094,23.4,241.2,115.7,1.2,2.4
2018-08-09 15:11:09.200,176.4,25.2000674617796,1.87852750823026,1.91928574626169,1.29887073754097,410.276017101706,419.177742475537,1.32705268894897,127.6,140.519165202048,21236.1528213747,1.4,124.2,43.776565,-79.5084133333333,987.6,6.50467610869201,7.27483485629351,0,24.900135716439,23.4,243.1,116.3,1.1,2.3
2018-08-09 15:11:10.200,176.7,25.201279979054,1.87876293835625,1.91947778785581,1.80327712591577,409.99843875421,418.883628123789,1.84235472583416,124.5,140.608617608862,21211.4287693338,1.4,124.3,43.7765666666667,-79.508415,987.6,6.502938176083,7.27422230192931,0,24.9017201814384,23.4,244,124.3,1.1,2.3
2018-08-09 15:11:11.200,176.9,25.209428410232,1.87987148914816,1.9208310210764,1.40186017387776,409.236324878194,418.152868824745,1.43240467915582,114.2,140.523178956882,21323.5764052087,1.4,124.3,43.7765666666667,-79.508415,987.6,6.50614640207487,7.27529748888957,0,24.901146583124,23.4,252.6,128.9,1.3,2.7
2018-08-09 15:11:12.200,177,25.2076108107596,1.87911226662917,1.92012133692628,1.51728440962631,409.214258374814,418.144713647097,1.55039717267807,64.8,140.581247864531,21357.3652241632,1.4,124.4,43.7765683333333,-79.5084133333333,987.6,6.50151306201748,7.27670800378042,0,24.9025751001344,23.4,259.9,138.1,1.2,1.8
2018-08-09 15:11:13.200,177.1,25.2134501671083,1.87916074187878,1.92029072215679,1.54749153005795,408.394451073755,417.333192832987,1.58136170089563,113.7,140.571417151575,21418.6404668421,1.4,124.5,43.7765683333333,-79.5084116666667,987.6,6.50355616383841,7.27667850856509,0,24.9016946840288,23.4,215.2,64.7,0.4,0.9
2018-08-09 15:11:14.200,176.9,25.2178431790553,1.87999454264414,1.92085243498365,1.57259559497015,409.263396787833,418.157909570838,1.60677157680552,293,140.563360512252,21270.6969751994,1.4,124.7,43.7765683333333,-79.50841,987.8,6.50305859951008,7.27408137059917,0,24.9033890285847,23.4,191.8,68.9,0.6,1.4
2018-08-09 15:11:15.200,176.7,25.2198218966188,1.8772338365369,1.91822574057135,1.31946020122076,408.173280187621,417.086146612754,1.34827434189957,135.5,140.574225986696,21369.4640535289,1.4,124.7,43.7765683333333,-79.5084083333333,987.7,6.51213174265676,7.27902660085397,0,24.9035709273489,23.4,233.9,117,0.9,2.4
2018-08-09 15:11:16.200,176.4,25.2303967207475,1.87996482419597,1.92127330408208,1.63679674587957,409.325800578227,418.320012215084,1.67276301436937,80.1,140.528266810492,21500.8108485806,1.4,124.8,43.7765683333333,-79.508405,987.7,6.49954891559882,7.27614954393285,0,24.9036494338761,23.4,241.7,111.7,1.5,3.7
2018-08-09 15:11:17.200,176.2,25.2321478943527,1.87880946901481,1.91980774209968,1.54507236357605,409.075704056795,418.002408782772,1.57878728692347,110,140.611706547743,21355.6494632329,1.4,124.9,43.7765683333333,-79.508405,987.6,6.50464937211617,7.27243516124813,0,24.9053816618642,23.4,243.1,127.3,2.2,4.4
2018-08-09 15:11:18.200,176,25.2392230151104,1.88131270598118,1.92250508097803,1.43968423460906,409.62542081524,418.594334763181,1.47120551902742,102.2,140.53536180317,21426.4299396932,1.4,124.8,43.7765683333333,-79.5084033333333,987.7,6.50073461751093,7.2793601029591,0.1,24.9039142811426,23.4,243.1,116.7,2.6,4.8
2018-08-09 15:11:19.200,176,25.2456131306049,1.87948769493939,1.92046644941008,1.70508596251335,409.624644453778,418.555914177504,1.74226303450199,117.6,140.577047202689,21338.2556801518,1.4,124.5,43.7765683333333,-79.5084033333333,987.7,6.50211437231523,7.275932493814,0.1,24.9058090713928,23.4,247,126.2,2.3,5.2
2018-08-09 15:11:20.200,176,25.2505286224823,1.88082773447471,1.92189867207999,1.56752425977946,409.833598625104,418.782968879591,1.60175348632657,168.7,140.582824694254,21370.0122054192,1.4,124.2,43.77657,-79.5084016666667,987.6,6.50026624137626,7.27031275435711,0.1,24.9065650887953,23.4,244.2,117.5,3.4,6.1
2018-08-09 15:11:21.200,176.2,25.2563589026514,1.87804493609015,1.91906407381604,1.5203038968077,408.76374116126,417.69167034958,1.55350957082157,148.7,140.538177747434,21374.4954594333,1.4,123.9,43.77657,-79.5084016666667,987.7,6.50939109702357,7.27521026405467,0.1,24.9061326389218,23.4,238.4,112.3,2.7,5.3
2018-08-09 15:11:22.200,176.4,25.2564678425922,1.87900678090074,1.92014849631287,1.56578751106651,408.510336343711,417.454911586465,1.60007093524711,119.5,140.590063137917,21426.5501883635,1.4,123.6,43.7765716666667,-79.5084016666667,987.7,6.50572848974252,7.27701065182208,0.3,24.9072695509967,23.4,236.6,110.8,2.6,5.3
2018-08-09 15:11:23.200,176.7,25.2670744494517,1.88043328775835,1.92155817856327,1.51329803730844,408.534100643515,417.468846317034,1.54639393444908,116.7,140.562809650707,21402.2366888905,1.4,123.2,43.7765716666667,-79.5084033333333,987.7,6.50389966647005,7.27202675123682,0.7,24.9063617580298,23.4,226.8,104.6,2.4,4.3
2018-08-09 15:11:24.200,176.9,25.2707595131647,1.87657524021394,1.91738846948052,1.54773105239927,407.351820603919,416.211262060584,1.5813927107939,116.8,140.605553782649,21285.9240585158,1.4,123,43.7765716666667,-79.5084033333333,987.6,6.50861983543904,7.27330738341853,0.7,24.9079731935294,23.4,237.3,109,2.5,5.1
2018-08-09 15:11:25.200,177.1,25.275265015583,1.8827867312807,1.92399033117734,1.53058004169121,406.525264285624,415.421859082887,1.56407549200524,115.6,140.552556503421,21415.7906245805,1.4,122.8,43.7765733333333,-79.508405,987.6,6.50118381398878,7.27543656943495,0.5,24.9085693990697,23.4,227.5,98.5,3.2,5.9
2018-08-09 15:11:26.200,177.3,25.2815641614401,1.87986824020523,1.92090695649314,1.50760072242887,405.641307151941,414.496707490243,1.54051257259493,115.9,140.601862010625,21364.1651764184,1.4,122.5,43.7765733333333,-79.508405,987.5,6.5035463364087,7.28065523005981,0.3,24.9072752102486,23.5,236.1,112.2,2.3,4.1
2018-08-09 15:11:27.200,177.6,25.2874881625814,1.87622232065446,1.91716734821426,1.44599339314507,404.959575293683,413.797051451857,1.47754805310296,113.4,140.588936718825,21356.9845190639,1.4,122.3,43.776575,-79.5084066666667,987.6,6.51075238571904,7.27877334942569,0.3,24.9086430268507,23.5,211.7,85.3,2.5,5.1
2018-08-09 15:11:28.200,177.7,25.2960020612249,1.87790278990742,1.91875347305892,1.56298153045383,404.617160527931,413.41909617736,1.59698482010915,108.6,140.526237414995,21290.4816350657,1.4,122.3,43.776575,-79.5084066666667,987.6,6.50915116063809,7.27606520849522,0.3,24.9107326698303,23.5,221.5,98,2.1,4.2
2018-08-09 15:11:29.200,177.9,25.2988754484429,1.87962057674782,1.92069768967321,1.7722441980154,403.398364345078,412.214064583726,1.81097431470893,106.7,140.594289505048,21386.1773520482,1.4,122.5,43.7765766666667,-79.5084066666667,987.7,6.50710128489189,7.27486891847571,0.3,24.9095522258508,23.5,226.4,105.4,1.9,3.6
2018-08-09 15:11:30.200,177.9,25.3123179468112,1.87720736674171,1.91806908198973,1.70888969460991,403.70742054356,412.495052885925,1.74608613857264,102.3,140.525615793803,21303.7167820483,1.4,122.6,43.7765766666667,-79.5084066666667,987.6,6.51279455579823,7.27137776077256,0.1,24.9095265346672,23.5,231.5,104.6,2.1,3.9
2018-08-09 15:11:31.200,177.8,25.3113229083021,1.87912522225591,1.92007231273549,1.43106751199943,403.759583408811,412.557749045585,1.46225193776756,95.3,140.590913029061,21325.9992765209,1.4,122.8,43.7765783333333,-79.5084066666667,987.6,6.5098338063172,7.27347213947227,0.1,24.912475969751,23.5,232.9,112,2.4,5.2
2018-08-09 15:11:32.200,177.8,25.3152763637854,1.87849764008683,1.91928432653292,1.37115906220454,403.277305951915,412.033340695642,1.40093335333348,92.1,140.564410856355,21250.8220059244,1.4,122.9,43.7765783333333,-79.5084066666667,987.5,6.51179902226103,7.27465759204301,0.1,24.911449480783,23.5,234.7,109.1,3.5,6.3
2018-08-09 15:11:33.200,177.7,25.3204589748081,1.8792266190953,1.92027161600338,1.53619941735921,402.235775957635,411.021200343546,1.56975170124147,90.6,140.579762373317,21374.6484849606,1.4,123,43.7765783333333,-79.5084066666667,987.6,6.50447963716088,7.27494515095922,0.1,24.9106599965645,23.5,219.6,90.8,2.7,5
2018-08-09 15:11:34.200,177.7,25.3308374206605,1.8788720166983,1.9198085091852,1.61220409906284,402.267281052004,411.031786143687,1.64733036282933,95.3,140.566629632988,21323.0909095094,1.4,123.2,43.77658,-79.5084083333333,987.6,6.5094181102054,7.27664711850936,0.1,24.9107047996599,23.5,212.3,88.1,2.3,4.2
2018-08-09 15:11:35.200,177.9,25.3381081176859,1.87812137263392,1.91913926071991,1.63675648499843,402.290909330313,411.076793214696,1.67250501393717,92.2,140.529952823411,21372.8843989629,1.4,123.3,43.77658,-79.5084083333333,987.6,6.50641879525955,7.27942477563831,0.1,24.9118099104688,23.5,208.4,95.5,1.6,2.9
2018-08-09 15:11:36.200,178,25.3388452737291,1.87845028238012,1.91933325996366,1.46961009368808,402.666686582761,411.430264401718,1.50159476941522,92.2,140.600123960842,21300.3671508575,1.4,123.4,43.77658,-79.50841,987.5,6.51116231665763,7.27176121892678,0.1,24.9118202703495,23.5,232.2,112.6,1.9,4
2018-08-09 15:11:37.200,178,25.3499489752376,1.8823046359434,1.92339204056125,1.46796395864785,401.957384779366,410.731555655643,1.50000939909756,86.3,140.532690915094,21362.2394015074,1.4,123.4,43.7765816666667,-79.50841,987.6,6.49999999103649,7.27333865118457,0,24.9127398564672,23.5,222.7,92.8,2.5,5.1
2018-08-09 15:11:38.200,177.9,25.354125258885,1.87936894010443,1.92027281204772,1.39119768612115,401.568452908693,410.308701738496,1.4214862913059,93.8,140.578145940006,21301.4711373729,1.4,123.2,43.7765816666667,-79.50841,987.6,6.50445618852619,7.27238964100449,0,24.9131599183242,23.5,237.6,115.4,2,3.5
2018-08-09 15:11:39.200,177.6,25.3564329890187,1.88102019682921,1.92217840233043,1.72134086574015,401.382064667208,410.164689955157,1.75901107147443,93,140.572576207055,21412.4103324743,1.4,122.9,43.7765816666667,-79.50841,987.6,6.50412653800359,7.27632627934749,0,24.9156262815579,23.5,236.8,110.1,1.4,2.4
2018-08-09 15:11:40.200,177.3,25.365087457372,1.88116161731113,1.92216234863545,1.33644782064983,401.450960430563,410.200794113715,1.36557538934765,85,140.553968544737,21330.5814549688,1.4,122.6,43.7765833333333,-79.5084083333333,987.7,6.50690042734466,7.27469218476819,0,24.9171345216389,23.5,235.5,96,1.5,3
2018-08-09 15:11:41.200,177.1,25.3685412460363,1.8804655536782,1.92144101935925,1.64229876477309,400.875911333556,409.611034784786,1.67808406889302,243.5,140.580264801142,21325.4192995213,1.4,122.3,43.7765833333333,-79.5084083333333,987.6,6.50120238446024,7.27617189440461,0.1,24.9160147368891,23.5,218,97.2,2,4
2018-08-09 15:11:42.200,177,25.3750847792989,1.880384708759,1.92142226652565,1.51566908675881,401.547857671655,410.311165800017,1.54874637342176,246.4,140.564347370805,21357.7348914855,1.4,122,43.776585,-79.50841,987.6,6.50152864891881,7.27515763010964,0.1,24.9153695296606,23.5,229.4,109.8,1.7,3.5
2018-08-09 15:11:43.200,176.7,25.3781411276924,1.87930190266123,1.92034214840728,1.47366059062841,401.104603060726,409.863904789784,1.50583922279144,258.6,140.600445371917,21371.1772586605,1.4,121.8,43.776585,-79.50841,987.5,6.5080554375066,7.27969100397389,0.1,24.9177066329874,23.6,236.5,117.2,1.5,2.9
2018-08-09 15:11:44.200,176.5,25.3832697415482,1.87946408710809,1.92069707753554,1.37118333279341,401.503396363406,410.311931015608,1.40126521952639,4.4,140.550401531747,21467.8699361367,1.4,121.7,43.776585,-79.5084116666667,987.5,6.50885737747071,7.27661582609062,0,24.9189678717293,23.6,236.1,106.1,1.3,2.8
2018-08-09 15:11:45.200,176.2,25.3852212959461,1.87908884447771,1.92022804666107,1.53264015629783,401.757964396653,410.553727124998,1.56618894830438,63.1,140.605599326493,21424.2185671368,1.4,121.8,43.776585,-79.5084116666667,987.6,6.50907632284254,7.27321838253315,0,24.918723551085,23.6,232.4,108.5,2,3.9
2018-08-09 15:11:46.200,176,25.3904332773728,1.87958085038728,1.92053485725512,1.69441268049862,401.243275187897,409.98585991908,1.73132986824295,273,140.576736776508,21324.0933344883,1.4,121.8,43.7765866666667,-79.5084116666667,987.5,6.51145275303527,7.27691602414129,0,24.9178914947393,23.6,223.9,103.6,1.7,3.6
2018-08-09 15:11:47.200,175.8,25.4021375358058,1.88045417864951,1.92153914132617,1.59993160973468,400.933789832082,409.693686915453,1.63489013050662,287.4,140.536235630273,21381.433166079,1.4,123.1,43.7765866666667,-79.5084116666667,987.6,6.50435035767793,7.28293130105317,0,24.9177457208574,23.6,235.1,118.1,1.9,3.7
2018-08-09 15:11:48.200,175.6,25.4038265431124,1.8779368620848,1.91909612315227,1.69542048543949,401.593271720319,410.395084344253,1.73257837283523,286.3,140.57934762225,21447.1192295824,1.4,124,43.7765866666667,-79.5084116666667,987.5,6.50720310413405,7.27659465027421,0,24.9180190217886,23.6,251.4,121.6,2,3.9
2018-08-09 15:11:49.200,175.4,25.4107817591912,1.88131468965802,1.92251366144511,1.57454139423813,401.252531138507,410.039422014867,1.60901683019355,312.6,140.532344259709,21429.3095707753,1.4,124.5,43.7765866666667,-79.50841,987.6,6.50701900880943,7.28059056768898,0,24.9188629397978,23.6,241.1,114,1.8,3.4
2018-08-09 15:11:50.200,175.2,25.4110858644857,1.87806667370861,1.91895252867663,1.62116665807242,401.631229817881,410.374850575378,1.65645575831901,358.4,140.59185039351,21306.3858125884,1.4,124,43.7765866666667,-79.5084083333333,987.5,6.51070391374854,7.27889559254903,0,24.9189351497786,23.6,245.9,144.6,1.7,3.3
2018-08-09 15:11:51.200,175,25.4154395668751,1.87990049093017,1.92089903485047,1.32748657820579,403.073363064005,411.86399350905,1.35643671793937,250.7,140.561826836065,21343.417472056,1.4,123.8,43.7765866666667,-79.508405,987.6,6.50663680870515,7.26793822519032,0,24.9199183032585,23.7,278.7,154.3,1.7,3.4
2018-08-09 15:11:52.200,174.7,25.4192222741358,1.87900496062025,1.92001953691692,1.49084300890316,403.61049581907,412.420582013641,1.523382129843,324.8,140.583403680433,21361.6390692027,1.4,123.9,43.7765866666667,-79.5084033333333,987.4,6.50808012495202,7.27393112813005,0,24.9206523725851,23.7,286.6,168.9,1.6,3.2
2018-08-09 15:11:53.200,174.5,25.4260293865295,1.88036693445473,1.92168044579655,1.4344127704767,405.340498967388,414.246359285658,1.46592820058664,211.7,140.55726886128,21498.9531116034,1.4,124,43.7765866666667,-79.5084033333333,987.5,6.50706590188094,7.27840308770893,0,24.9225012601291,23.7,298.4,179.2,1.6,2.7
2018-08-09 15:11:54.200,174.3,25.4336115306476,1.88061162855058,1.92183311230571,1.50795285490157,407.896111639082,416.83692813489,1.54100336114198,162.6,140.535053684129,21449.3587998517,1.4,124.2,43.7765866666667,-79.508405,987.5,6.50135965239756,7.27651222631355,0,24.9239215978563,23.7,287.4,156.1,1.3,2.5
2018-08-09 15:11:55.200,174.2,25.4336503684913,1.87923145007296,1.92026434052136,1.66466170937687,409.581737367313,418.525086605597,1.70101438929702,151.7,140.584175815943,21368.5384783426,1.4,124.4,43.776585,-79.508405,987.5,6.506697776584,7.27700103161658,0,24.9254245336462,23.7,269.2,140.5,1.9,3.2
2018-08-09 15:11:56.200,174.1,25.4419814121552,1.88112400133386,1.9224374566257,1.73593434955649,411.100789357279,420.129316408319,1.77404955824825,118.8,140.530328059887,21489.9922497423,1.4,124.5,43.7765866666667,-79.5084066666667,987.7,6.50499751496408,7.27341825580698,0,24.9244730719991,23.7,237.7,112.8,2.5,5.2
2018-08-09 15:11:57.200,174.1,25.4456796742675,1.8834767249766,1.92506821134008,1.42376507949689,411.741853039003,420.834126524123,1.45520391505195,144.4,140.574594242358,21605.4333107887,1.4,124.8,43.7765866666667,-79.5084066666667,987.6,6.50304709630277,7.27697219396474,0,24.92347,23.7,240.2,117.5,2.8,5.9
2018-08-09 15:11:58.200,174.1,25.4491393517065,1.88212914684308,1.92359410928568,1.29185136365566,412.960486409895,422.058394940026,1.32029824096786,118.8,140.56616825903,21556.2853499169,1.4,124.8,43.7765866666667,-79.5084083333333,987.6,6.50843697921324,7.2776758086826,0,24.9239362799243,23.7,256.4,129.8,2.7,4.7
2018-08-09 15:11:59.200,174.2,25.4548743915982,1.88314207625394,1.92426805035707,1.53634680319479,414.209557046867,423.255548637177,1.56990199592665,241.8,140.56249159031,21372.5781604318,1.4,124.8,43.7765866666667,-79.50841,987.6,6.50363063309555,7.27348934310459,0,24.9260699666098,23.7,236.8,106.8,2.2,4.2
2018-08-09 15:12:00.200,174.2,25.4620584442974,1.88080795216273,1.92207231971213,1.56927470300406,413.112392365678,422.175981900586,1.60370171956537,262.3,140.571960571973,21468.7491742105,1.4,124.8,43.7765866666667,-79.50841,987.5,6.50889908069006,7.27463203942169,0,24.9277791312469,23.7,234.4,109.7,2.1,3.5
2018-08-09 15:12:01.200,174.3,25.4704289464172,1.88355849544139,1.92495773446889,1.51162408348618,411.799192824417,420.850240487556,1.54484479199635,270.6,140.569791649079,21506.4577039285,1.4,125,43.7765866666667,-79.5084116666667,987.5,6.49833538134962,7.27432678147855,0,24.9269462426421,23.7,241.2,116.3,1.3,2.3
2018-08-09 15:12:02.200,174.2,25.4720473724396,1.88227922170663,1.92356248411976,1.67961806574135,410.17141843186,419.167569259402,1.71645763450132,254.5,140.590590240948,21461.9712826143,1.4,124.7,43.7765866666667,-79.5084116666667,987.6,6.49782478692691,7.27594678340656,0,24.9259931137985,23.7,237.9,110.2,1.2,2.6
2018-08-09 15:12:03.200,174.2,25.4778978136072,1.88007663996277,1.92124542942356,1.50440048465602,409.842737091643,418.817109435136,1.53734047493176,260.5,140.551968306754,21427.9504548501,1.5,124.7,43.7765866666667,-79.5084133333333,987.6,6.5017635591159,7.27164823170314,0,24.9269915410465,23.7,229.2,106.6,1.2,2.6
2018-08-09 15:12:04.200,174.2,25.4856913164376,1.88004499972633,1.92120457581578,1.65658490062084,408.258546811377,417.196529708634,1.69285772310955,214.3,140.602992883351,21423.9760783884,1.5,124.7,43.7765866666667,-79.508415,987.6,6.50463696198469,7.27354894235972,0,24.9281045766479,23.7,221.4,90.8,1.5,2.9
2018-08-09 15:12:05.200,174.2,25.4917568871827,1.87868375845918,1.91994980389414,1.71918564001529,406.848690609289,415.785347160151,1.75695223212356,222.1,140.567455261797,21493.3334993206,1.4,124.8,43.7765866666667,-79.508415,987.6,6.51036758003598,7.27113647025585,0,24.9295639116716,23.7,221.9,105.7,1.5,3.1
2018-08-09 15:12:06.200,174.3,25.497407267827,1.87970129466223,1.92091138108632,1.52413050448705,405.368672830543,414.255928903666,1.55754493391236,264.6,140.547148010786,21453.4117114901,1.4,124.9,43.7765866666667,-79.508415,987.6,6.50143125927228,7.27843627655684,0,24.9307895066503,23.7,234.9,114.8,1.4,2.9
2018-08-09 15:12:07.200,174.5,25.5024779524091,1.88013541307927,1.92129857504894,1.53885986454634,404.911312635432,413.776354583407,1.57255343466636,264.1,140.56967202179,21424.6980824932,1.4,125.1,43.7765866666667,-79.508415,987.5,6.50102035217318,7.27344221131515,0,24.9313069608754,23.7,240,113.9,1.8,3.8
2018-08-09 15:12:08.200,174.6,25.5104318901494,1.88059458733016,1.92164148852163,1.4883079838805,404.832250533437,413.668461913872,1.52079290802871,254.1,140.533903022314,21360.5115111571,1.4,125.6,43.7765866666667,-79.508415,987.6,6.50210099104153,7.27006687153799,0,24.9312261976171,23.7,235.8,106.8,2.3,4.8
2018-08-09 15:12:09.200,174.6,25.5109974288552,1.87972893833353,1.92081107531324,1.56369095443157,403.584002080402,412.404545807406,1.5978668021594,267.6,140.56739255562,21388.0445363365,1.4,125.4,43.7765866666667,-79.5084166666667,987.6,6.50661200377269,7.27686568867122,0,24.9308502633091,23.7,234.3,109.3,2.9,5.8
2018-08-09 15:12:10.200,174.5,25.5167358382024,1.87910985044361,1.92025148635199,1.65407460039352,402.870121039255,411.690676082687,1.69029122109286,280.4,140.562047525428,21425.1451250452,1.4,125.6,43.7765866666667,-79.5084166666667,987.6,6.50560996760337,7.27643781473936,0,24.9304904958423,23.7,225.2,108.5,2.5,4.3
2018-08-09 15:12:11.200,174.3,25.5229675545115,1.87978905594731,1.92107753796707,1.71205806927772,402.253049426125,411.088394472009,1.74966181956531,282.5,140.584674674863,21492.3847273765,1.5,126.3,43.776585,-79.5084166666667,987.6,6.50691443630296,7.27830976511087,0,24.9314405872228,23.7,247.2,122.9,2.6,5.3
2018-08-09 15:12:12.200,174.1,25.5260923913837,1.8808013666545,1.92213387389559,1.64547586560643,402.147250927293,410.985008924593,1.68163984213943,275.3,140.555888129719,21503.7513031764,1.4,126.1,43.776585,-79.508415,987.6,6.5076974078977,7.27892512909935,0,24.9316767191479,23.7,250.6,128.2,2.7,6
2018-08-09 15:12:13.200,173.9,25.5294757325106,1.88052257996374,1.92175350660136,1.55469962481975,401.773225377776,410.582382706063,1.58878705156869,116.4,140.569832656765,21455.2520523056,1.4,125.7,43.776585,-79.508415,987.5,6.50612438701356,7.27944374714459,0.1,24.9326145999427,23.7,254.3,125.9,3.3,6.6
2018-08-09 15:12:14.200,173.9,25.5357459133049,1.88076566530487,1.92211295077766,1.63745567215007,401.82674309847,410.660723958947,1.67345724375803,107.7,140.574538391747,21511.6151312985,1.4,125.7,43.776585,-79.5084166666667,987.6,6.50478557376307,7.27578073720811,0.5,24.9335026114336,23.7,244.7,115.2,3.4,6
2018-08-09 15:12:15.200,173.9,25.543038597549,1.88041134437614,1.92173506711233,1.76447605542706,402.04777185451,410.883128780758,1.80325862135851,107.7,140.542469358956,21503.2613498007,1.4,125.4,43.776585,-79.5084166666667,987.7,6.50443447719919,7.27221176994871,0.7,24.9357003086675,23.7,227,102.1,2.5,5
2018-08-09 15:12:16.200,174,25.5443194249108,1.87929963739709,1.92054058627538,1.54172504885802,401.505254426798,410.316147032451,1.57555586353284,111.4,140.580449807904,21473.3521878767,1.5,125.2,43.776585,-79.5084183333333,987.6,6.50558736426316,7.27518750137554,0.7,24.9373036151207,23.8,239.6,110.4,3.4,7.1
2018-08-09 15:12:17.200,174,25.5525119027075,1.87998679479643,1.92141257285074,1.59327808069016,401.438881062987,410.284633325425,1.62838592230742,112.2,140.533496583626,21559.9779049832,1.5,125.2,43.776585,-79.5084183333333,987.5,6.50576746765765,7.27476633417099,0.5,24.9376276380099,23.8,243.3,117.6,3.3,5.7
2018-08-09 15:12:18.200,173.9,25.5561731362541,1.88039692989734,1.92181176848161,1.77480830748125,401.226082701733,410.062826383513,1.81389678855643,114.9,140.566982654805,21549.7085453987,1.4,125.2,43.776585,-79.50842,987.5,6.50346526684782,7.27500636944973,0.5,24.9368413168293,23.8,244.5,119.7,2.6,4.8
2018-08-09 15:12:19.200,173.9,25.5603642481217,1.8802888991098,1.92165910620621,1.66209341966506,400.705928666371,409.522157397562,1.69866312101406,118.2,140.563014570785,21528.1150945557,1.4,125.2,43.776585,-79.50842,987.5,6.50771237291495,7.28097698938065,0.3,24.9359434379275,23.7,249.5,122.1,3,5.6
2018-08-09 15:12:20.200,173.9,25.5668279196987,1.87885534578465,1.92016859130788,1.6397269759297,400.983713472286,409.800797104071,1.67578267407558,123.8,140.558486443767,21515.4738761423,1.4,125.3,43.7765833333333,-79.50842,987.6,6.50816269669734,7.28028758142134,0.1,24.9364613071259,23.7,236.5,106.5,2.8,5.3
2018-08-09 15:12:21.200,173.9,25.5719971856383,1.88061055104854,1.92205001384001,1.76872743888067,400.978170735514,409.813812286278,1.80768923064271,120.2,140.569610301974,21560.0169999662,1.4,125.1,43.7765833333333,-79.5084216666667,987.6,6.50357014718244,7.27803690764217,0.3,24.9378010773559,23.7,236.7,119.7,2,4
2018-08-09 15:12:22.200,174,25.5763623467228,1.88092909163963,1.92249957158161,1.59111771039541,401.162881753086,410.028906431635,1.62627747188144,124.4,140.57034950737,21622.958032615,1.4,125.2,43.7765833333333,-79.5084216666667,987.7,6.504346990056,7.27575044960019,0.5,24.9390278728047,23.7,261.4,133.9,2.1,3.8
2018-08-09 15:12:23.200,174,25.5775311346777,1.87914408719023,1.92056645722738,1.6267699990233,401.262828913076,410.107770536896,1.66262907228544,119.7,140.583434582955,21567.4390738351,1.4,125.7,43.7765816666667,-79.5084216666667,987.7,6.50824797143429,7.27570709953968,0.5,24.9405954070268,23.7,257.8,118.1,2.4,5.9
2018-08-09 15:12:24.200,174,25.5838796240049,1.881243608908,1.92268604299768,1.39625031758572,401.036221653073,409.870625850018,1.42700683965782,119.5,140.557505173757,21554.1792101452,1.4,126.1,43.7765816666667,-79.5084216666667,987.6,6.50240243923079,7.26793496728455,0.5,24.9416782749517,23.7,231.7,104.1,3.1,5.5
2018-08-09 15:12:25.200,174.1,25.5886790852088,1.8809339253856,1.92233985748411,1.53506614115591,400.919135192435,409.744699446085,1.56885814224725,119.9,140.598229012829,21539.2330355412,1.7,125.8,43.7765816666667,-79.5084216666667,987.6,6.50338157402752,7.27024808294373,0.5,24.942503574635,23.7,232.6,110.2,2.3,3.8
2018-08-09 15:12:26.200,174.1,25.5944255318255,1.88003936548668,1.92148762996218,1.5994041896071,400.649510375608,409.482517169896,1.6346664619807,121.5,140.562139955847,21571.0968893246,2,126,43.77658,-79.50842,987.5,6.50633033542879,7.2746247314396,0.3,24.9429743737862,23.7,245.2,113.2,2,4
2018-08-09 15:12:27.200,173.9,25.6014134715375,1.88043622463709,1.92199719170816,1.68835855020871,400.75604311434,409.613520384042,1.72567493709081,123.6,140.545731889091,21623.8961405194,1.4,126,43.77658,-79.5084183333333,987.6,6.50594441087723,7.27676848913464,0.3,24.9438508385549,23.7,242.7,117.5,2.2,4.4
2018-08-09 15:12:28.200,173.8,25.606312882269,1.88102782547894,1.92260321224221,1.69901727743444,400.793099462692,409.651585031209,1.73657165117469,120.8,140.56279911395,21624.408762231,1.4,125.9,43.77658,-79.5084166666667,987.6,6.50346444664028,7.27615202886297,0.3,24.944126396832,23.7,239.6,113.6,2.1,4.5
2018-08-09 15:12:29.200,173.7,25.6129115859514,1.87938681241673,1.92083895481099,1.50952500835166,400.388744997912,409.219737296702,1.54281981492503,120.6,140.534639877331,21580.0555129331,1.4,126.1,43.7765783333333,-79.508415,987.6,6.50852210507469,7.27577300439749,0.5,24.9446914563444,23.8,239.2,100.8,2,3.8
2018-08-09 15:12:30.200,173.6,25.6158288802356,1.88089018155347,1.92237530087722,1.31104851042862,400.904920775503,409.747256554919,1.33996347298371,123.2,140.563981428689,21579.9204930603,1.4,125.9,43.7765783333333,-79.508415,987.7,6.50483206196204,7.27436755412875,0.3,24.9453735115522,23.8,240.2,112.3,2.1,4.5
2018-08-09 15:12:31.200,173.4,25.6202489396176,1.88189038249939,1.92341650898355,1.3087529558464,400.83577933158,409.680679382361,1.33763077095083,122.8,140.563392526542,21589.688571324,1.4,125.5,43.7765783333333,-79.508415,987.6,6.503683854787,7.2740685937539,0.3,24.946263789447,23.8,240.1,112,2.4,4.7
2018-08-09 15:12:32.200,173.2,25.6232132751305,1.88095716624187,1.92239911241142,1.46000396119362,400.762658276081,409.592360774113,1.49217226957774,123.1,140.576831977341,21557.3493487356,1.4,125.5,43.7765766666667,-79.508415,987.6,6.50510755730658,7.27677338279142,0.1,24.9465469702692,23.8,241.4,116.6,2.8,5.8
2018-08-09 15:12:33.200,173.1,25.6292688486033,1.88161671524856,1.92302214171123,1.43314062518955,401.123853066603,409.950597891754,1.46467697930009,122.5,140.556340700236,21531.261977636,1.4,125.6,43.7765766666667,-79.508415,987.6,6.50336766996496,7.27801451120573,0.1,24.9471285525386,23.8,247.1,120,3.1,6.1
2018-08-09 15:12:34.200,173,25.6378119013253,1.88194025575801,1.92333354821969,1.4583847826242,401.456273960368,410.286257573054,1.49046199338582,130.7,140.572840863005,21521.6119184892,1.4,125.8,43.7765766666667,-79.5084133333333,987.7,6.5026350400986,7.27708061728605,0,24.9476638237067,23.8,243.6,118.4,3.1,6.3
2018-08-09 15:12:35.200,173,25.6439810131226,1.87952673619146,1.92082780151067,1.43456146019079,402.402843259192,411.245264302273,1.46608332288548,248.2,140.568311861263,21501.4900683553,1.4,126.1,43.776575,-79.5084133333333,987.6,6.50836709591083,7.27656819540921,0,24.9483016907886,23.8,248,119.7,3.3,6.1
2018-08-09 15:12:36.200,173,25.6497117581342,1.87881339674338,1.9201514693766,1.50564768032646,402.815210302737,411.677964111925,1.53877246818177,184.7,140.550596982042,21528.3988151543,1.4,125.8,43.776575,-79.5084133333333,987.6,6.51199440408837,7.27552565568881,0,24.9486381974841,23.8,242.5,119.2,3.1,5.8
2018-08-09 15:12:37.200,173,25.6525564468682,1.87969469173437,1.92103874547475,1.63575964711045,403.537912386324,412.413740939609,1.67173759808542,151.9,140.589279497885,21521.7303888691,1.7,125.8,43.776575,-79.5084133333333,987.6,6.50461913473115,7.27713804665206,0,24.9487401338566,23.8,256.7,126.3,2.5,4.9
2018-08-09 15:12:38.200,173,25.6582317898045,1.87898478488859,1.92023473762058,1.60494068811924,405.072852512587,413.96541248644,1.64016960628947,144,140.557591994771,21481.6717558017,1.7,125.9,43.7765733333333,-79.5084116666667,987.6,6.50446301532091,7.27518808052244,0,24.9484283769935,23.8,241.7,116.2,2.8,5.8
2018-08-09 15:12:39.200,173,25.662967635213,1.87688796144036,1.91794107457634,1.52057120408813,406.920968429778,415.821541778511,1.55382819857129,155.1,140.562166379889,21404.799548714,1.7,125.6,43.7765733333333,-79.5084116666667,987.6,6.50864609162768,7.27226889495875,0,24.9480669222945,23.8,255.2,143.9,2.9,5.4
2018-08-09 15:12:40.200,173,25.670468312647,1.8782941273246,1.91944135080988,1.50622493023037,409.357871058966,418.325528619958,1.53922782652971,115,140.559305142483,21436.896192629,1.4,125.6,43.7765716666667,-79.5084116666667,987.5,6.50836449178371,7.27257665611097,0.1,24.9479173634149,23.8,297.6,173.8,1.9,3.3
2018-08-09 15:12:41.200,172.9,25.6776539030705,1.87997669113626,1.92124880338191,1.51874326796044,411.470030700322,420.503192693122,1.55207626435128,108.9,140.568206637002,21481.7999259693,1.4,125.6,43.7765716666667,-79.5084116666667,987.6,6.50406123431347,7.27331850753665,0.3,24.9489734184231,23.8,297.1,165.6,1.9,3.8
2018-08-09 15:12:42.200,172.8,25.6804444819146,1.87920648588642,1.92049475358145,1.16964693178014,413.087613494595,422.163568184309,1.19534430864161,124.8,140.574041024826,21498.7506443269,1.4,125.6,43.77657,-79.5084116666667,987.6,6.50260790858134,7.27428057794304,0.1,24.9503198799644,23.8,261.7,127.5,2.1,4.5
2018-08-09 15:12:43.200,172.8,25.6877001761063,1.8794981606236,1.92075873793969,1.43922258777868,414.258767417866,423.3530548078,1.47081695656053,114,140.56112310661,21481.5652906249,1.4,125.6,43.77657,-79.5084116666667,987.5,6.5056214987666,7.27667041211836,0.1,24.9522939837943,23.8,259.6,142.7,2.6,5
2018-08-09 15:12:44.200,172.8,25.6946048797429,1.87784107212179,1.91911235457172,1.61929844231665,414.625536890728,423.738299029497,1.65488820433424,121.9,140.577262861502,21505.610407564,1.4,125.5,43.77657,-79.50841,987.6,6.5069575216008,7.27659244469688,0.1,24.9527458413667,23.8,259.7,135.1,2.5,4.3
2018-08-09 15:12:45.200,172.8,25.6995455499408,1.87764975196395,1.91890971015714,1.62053186335338,414.911406678008,424.02892250296,1.65614194275862,144.8,140.53213692481,21502.0746297057,1.4,125.3,43.77657,-79.50841,987.6,6.51044310689941,7.27551327637741,0.1,24.9516916554435,23.8,254.8,127.5,2.3,4.1
2018-08-09 15:12:46.200,172.9,25.7029904311708,1.87833257919879,1.9194450764678,1.56024703547154,414.353174381663,423.422488293424,1.59439855801245,146,140.552786289599,21419.059548449,1.4,125.1,43.77657,-79.5084083333333,987.5,6.50987442880674,7.27266048863582,0.1,24.9522292325502,23.8,245,121.6,2.2,4.2
2018-08-09 15:12:47.200,172.9,25.7085470256488,1.8787826658616,1.91986342579348,1.66896740198505,413.133328838335,422.166765340374,1.70546106701044,209.8,140.555705907004,21397.8678811993,1.4,125,43.77657,-79.5084083333333,987.5,6.50491198774839,7.27351545881193,0.1,24.9540060102183,23.8,225,97.8,2.3,4.8
2018-08-09 15:12:48.200,172.9,25.7133615743924,1.87779357119049,1.91884482881148,1.6742168687982,412.26668905799,421.279540953232,1.71081997320877,226.7,140.548543412091,21393.9419403509,1.4,125,43.77657,-79.5084066666667,987.6,6.50691871494604,7.27269684562165,0.1,24.9544278399428,23.8,237.8,116.4,2.6,5.2
2018-08-09 15:12:49.200,173,25.7139602557106,1.87960291634898,1.92077014356464,1.49290190028718,411.000576936487,420.00227622618,1.52560748295703,240.8,140.572151177458,21432.4971508762,1.4,124.9,43.77657,-79.5084066666667,987.6,6.50356327824539,7.27349712151871,0.1,24.9539700426184,23.9,249.8,119.4,2.6,4.8
2018-08-09 15:12:50.200,173,25.7206625124025,1.88162551321645,1.9229190735683,1.55764682205228,409.852386071188,418.84683553142,1.59183167968361,236.5,140.567034740632,21474.2421291582,1.4,124.8,43.7765683333333,-79.508405,987.6,6.49805093728647,7.27376838648532,0.1,24.9557578803182,23.9,250.1,129.1,3,6.6
2018-08-09 15:12:51.200,172.9,25.7281325976032,1.87877697742098,1.92005495989984,1.53773570045899,409.279045695469,418.271100857745,1.57152484262925,232.5,140.574083266683,21498.2004362969,1.4,124.8,43.7765683333333,-79.5084033333333,987.7,6.50450043803171,7.26907382655341,0,24.9564411853238,23.9,239.3,120.1,3.6,7.3
2018-08-09 15:12:52.200,172.8,25.7335597855284,1.87875266503219,1.92007077979335,1.68095295897578,407.96214084246,416.934201156702,1.71792028446419,239.7,140.554159833593,21519.0985663041,1.4,125,43.7765683333333,-79.5084016666667,987.5,6.50449190648563,7.27114514588809,0,24.9564050372929,23.9,246.8,120.4,3.8,6.7
2018-08-09 15:12:53.200,172.7,25.740358674822,1.87877486970174,1.92005190545737,1.67170217150379,406.800835997355,415.738352535536,1.70843012948485,249.3,140.576494641455,21497.935977251,1.4,125,43.7765683333333,-79.5083983333333,987.6,6.50600443831293,7.27379805579936,0.1,24.9579794487273,23.9,240.5,113,3.4,6.2
2018-08-09 15:12:54.200,172.5,25.749977206205,1.87757893798528,1.91875795224881,1.57295410136262,405.759401612247,414.658539689752,1.6074545663231,275.7,140.558000620127,21461.2696898955,1.4,125,43.7765683333333,-79.5083966666667,987.6,6.50958147612235,7.27696725348886,0,24.9581774093021,23.9,242.8,119.8,2.6,4.8
2018-08-09 15:12:55.200,172.3,25.7536141271169,1.87919199712615,1.92041094075234,1.56192250375199,405.288226262955,414.177941695574,1.59618452873917,240.3,140.55657184902,21463.5717262143,1.4,125,43.7765683333333,-79.508395,987.7,6.50435440970437,7.2790716111978,0.1,24.9580445536796,23.9,240.4,138.7,1.9,3.9
2018-08-09 15:12:56.200,172.3,25.7548728770459,1.88021359695554,1.92151605956654,1.53092417395186,404.799987073265,413.69214499474,1.56455562136066,252.4,140.582150823923,21494.6629658581,1.4,125.1,43.7765683333333,-79.508395,987.6,6.50245240684076,7.2782246286532,0.1,24.9597791001207,23.9,266.9,152.9,1.8,3.3
2018-08-09 15:12:57.200,172.2,25.7610097827481,1.879606912971,1.92092457145152,1.55621035820598,404.751014599276,413.64819168733,1.59042338855916,195.2,140.559058021853,21509.1276237,1.4,125.1,43.7765683333333,-79.5083933333333,987.5,6.50255644191295,7.27518882040373,0,24.9609432586708,23.9,312,189.6,1.7,3.8
2018-08-09 15:12:58.200,172.2,25.764314803979,1.87828794855725,1.91951047512459,1.61212159857506,404.782811562435,413.666479472925,1.64750697847719,167.5,140.564977681587,21475.5103105372,1.4,125.2,43.7765683333333,-79.5083933333333,987.6,6.50416841890236,7.27147148070064,0.1,24.9600631472642,23.9,318.3,184.2,1.9,3.5
2018-08-09 15:12:59.200,172.1,25.7689678559628,1.87879660754892,1.91992836353351,1.53670185498873,404.716814788498,413.577081413671,1.57034412826879,238.3,140.556764089506,21423.6134454435,1.4,125.2,43.7765666666667,-79.5083916666667,987.6,6.50627330697326,7.2708585300305,0,24.9598537027816,23.9,292.5,164.5,1.4,2.9
2018-08-09 15:13:00.200,172.1,25.7741302371445,1.87913826458374,1.92025886106275,1.50259636659702,404.987342602954,413.849381577739,1.53547720190882,256,140.575987842652,21413.8659122719,1.4,125.1,43.7765666666667,-79.50839,987.6,6.50406997593732,7.2728534399368,0,24.9611988657252,23.9,295.1,164.3,1.8,3.6
2018-08-09 15:13:01.200,172.1,25.7795825529824,1.87849557969537,1.91967614019174,1.6011569534417,405.260437004257,414.144467342987,1.63626480636877,272.9,140.565071436303,21451.5708368537,1.4,125.1,43.7765666666667,-79.5083883333333,987.6,6.50683992039825,7.27279481135704,0.1,24.9632659971027,23.9,292.1,163.6,1.3,2.3
2018-08-09 15:13:02.200,172.1,25.7832546480566,1.87868253641485,1.91991638350152,1.5542831863764,405.042078879709,413.932070748373,1.58840329434742,283.4,140.566302670376,21476.8952180096,1.4,125.1,43.7765666666667,-79.5083883333333,987.6,6.5078200060288,7.27570577429847,0.1,24.964856662629,23.9,299.6,171,1.3,3
2018-08-09 15:13:03.200,172.1,25.786778096567,1.87971339160329,1.92096374440868,1.3721834714913,405.126483656736,414.017020116674,1.40229479773143,280.8,140.569191457992,21473.8064170058,1.4,125.2,43.776565,-79.5083866666667,987.6,6.50400318053416,7.27956305511537,0,24.9650670362593,24,293.3,168.9,1.5,3.1
2018-08-09 15:13:04.200,172.1,25.794173155784,1.87997312834594,1.92125756975135,1.33074539890743,405.691276148116,414.600173943791,1.3599688377939,331.4,140.531070898378,21488.0009091884,1.4,125,43.776565,-79.508385,987.6,6.50465440348112,7.27648020721063,0,24.9649726618378,24,293.7,167.3,1.4,2.4
2018-08-09 15:13:05.200,172.1,25.7960775382556,1.88058172448973,1.92182190523199,1.4379758773426,405.540865238387,414.434047569962,1.46950833249167,59.8,140.558509316048,21458.6978535983,1.4,127.1,43.776565,-79.508385,987.6,6.50466406703971,7.2750340590889,0,24.9653029791191,24,306.3,186.9,1.1,2
2018-08-09 15:13:06.200,172.2,25.8006036035139,1.87981923304695,1.92112314020438,1.52408804045814,405.84253717495,414.759850033649,1.55757469535251,116.8,140.548139203994,21499.9218649189,1.4,129,43.7765666666667,-79.508385,987.6,6.50724407985713,7.27641604176688,0.3,24.9654447937307,24,330,203.6,1,2.3
2018-08-09 15:13:07.200,172.2,25.8061454635556,1.8803572863772,1.92163845359809,1.38067939768158,406.727226146954,415.656522008346,1.41099804677065,116,140.558313243916,21482.4541739007,1.4,130,43.7765666666667,-79.5083833333333,987.6,6.50360358792704,7.27867003468903,0.5,24.9653621688789,24,325.1,183.6,1.4,2.6
2018-08-09 15:13:08.200,172.2,25.8089188700234,1.88163542413006,1.92296472584599,1.37542887971143,407.513630404896,416.464575436594,1.40564555267644,125.2,140.563242167873,21492.5478898319,1.4,131,43.7765666666667,-79.5083833333333,987.6,6.49945573986646,7.27924675469272,0.5,24.9656779421262,24,291,155.9,1.4,2.8
2018-08-09 15:13:09.200,172.2,25.8144659782004,1.88035707929194,1.92168389482331,1.35488701665601,408.097058051698,417.066355531265,1.38466873266497,123.4,140.570877949581,21505.6512704483,1.7,130.3,43.7765666666667,-79.5083833333333,987.6,6.50414000381351,7.27423676328452,0.5,24.9664744257492,24,295.4,172.6,1.4,2.4
2018-08-09 15:13:10.200,172.2,25.821240616509,1.88032012477552,1.92174715256459,1.344179098915,408.017319670876,417.006691441381,1.37380009303697,123.8,140.571736069046,21556.9516603964,1.4,129.4,43.7765666666667,-79.5083833333333,987.7,6.50558239987979,7.27474580973665,0.5,24.9672389528915,24,324.2,185.4,1.3,2.4
2018-08-09 15:13:11.200,172.3,25.825921438905,1.88099336367683,1.92245940640997,1.33283360037837,407.258132038727,416.236010905854,1.36221964222123,125.6,140.568080091253,21569.0593278433,1.4,129,43.7765666666667,-79.5083816666667,987.6,6.50259612096595,7.27442990106833,0.3,24.9677516803917,24,319.6,188.1,1.6,3.2
2018-08-09 15:13:12.200,172.4,25.8314462213853,1.88126623799616,1.92260529360256,1.39054721424583,407.16807599167,416.115183200882,1.42110159185047,127.7,140.573543045909,21501.5434148625,1.4,128.3,43.7765666666667,-79.5083816666667,987.6,6.50179124008979,7.27517590200731,0.3,24.9684354481233,24,323.2,200.7,1.9,3.3
2018-08-09 15:13:13.200,172.4,25.8417811156286,1.88026113945415,1.92157514933213,1.50917544276151,407.783502672782,416.74352905279,1.54233621440581,127.9,140.533550029061,21500.0770888985,1.4,127.7,43.7765666666667,-79.5083816666667,987.6,6.50747443056225,7.27735646833255,0.1,24.969303213248,24,345.7,224.8,1.1,2.2
2018-08-09 15:13:14.200,172.4,25.8469215415154,1.87816124958839,1.91948563397473,1.45285821439147,409.11203519496,418.113613490472,1.48482333592064,124.6,140.561743338482,21528.9212090309,1.4,127.6,43.776565,-79.5083816666667,987.5,6.50839060978854,7.27618289555187,0.1,24.9701542217986,24,338.5,204.6,1.6,2.1
2018-08-09 15:13:15.200,172.3,25.8512833425603,1.87790569977737,1.91915809069092,1.46960763176636,410.564802903903,419.5837567301,1.50188818471628,109.1,140.552387199703,21495.0892242369,1.4,128,43.776565,-79.50838,987.6,6.50555664415139,7.2713298441736,0.1,24.9719869753024,24.1,280.8,150.9,1.6,3.5
2018-08-09 15:13:16.200,172.3,25.8574946758287,1.87928725055307,1.92058108507,1.53031735577984,410.802263726737,419.828893829821,1.56394423122834,104.1,140.546454394788,21500.7395509475,1.4,128.3,43.776565,-79.50838,987.6,6.50440480809521,7.27154947651562,0.1,24.9739609904538,24.1,282.1,149.2,1.2,2.1
2018-08-09 15:13:17.200,172.3,25.8609156521213,1.87935733404791,1.92071938741743,1.39442109288769,411.049377130814,420.096083415175,1.42511072706348,108,140.568249763148,21534.8104718025,1.4,128.3,43.776565,-79.50838,987.6,6.50722116819966,7.27566205413025,0.3,24.9739786338646,24.1,265.8,130.7,1,1.8
2018-08-09 15:13:18.200,172.3,25.8648875557644,1.87922069135315,1.92058156857273,1.44520193935039,410.976769923334,420.022217259832,1.47701047887444,112.7,140.554723347032,21535.6947941023,1.4,128.4,43.7765633333333,-79.5083783333333,987.6,6.50816832714154,7.27589096749918,0.3,24.9732407593472,24.1,242.4,64.6,0.7,0.9
2018-08-09 15:13:19.200,172.3,25.8691055565043,1.87957853136661,1.92098829401443,1.5287624983692,411.126213979563,420.183952641847,1.56244347110256,114,140.562496405385,21556.7169768034,1.4,128.3,43.7765633333333,-79.5083783333333,987.6,6.50525525268753,7.27520756731276,0.3,24.9739627580156,24.1,129.9,0.4,0.5,0.8
2018-08-09 15:13:20.200,172.4,25.8737718429998,1.88126455463342,1.92274766649882,1.34440747180612,411.502084733185,420.576009669996,1.37405250199173,113.1,140.54181538238,21575.0039055404,1.4,128.2,43.7765633333333,-79.5083766666667,987.6,6.50314680270059,7.27163890705426,0.1,24.9756142435189,24.1,271.9,135.1,0.3,1.1
2018-08-09 15:13:21.200,172.4,25.8750385396281,1.88030086485113,1.92180510040243,1.33960590555147,411.299101160297,420.377848580605,1.36917727060777,139.6,140.571442626675,21596.5511217389,1.4,128.3,43.7765633333333,-79.5083766666667,987.6,6.50870140234615,7.27464296057706,0.1,24.9773910501645,24.1,225.4,81.7,2.1,4.3
2018-08-09 15:13:22.200,172.3,25.8791949426788,1.87888293544799,1.92036208219257,1.56053652610305,410.809184524436,419.87853434637,1.59498713422535,228,140.559895253233,21599.8637757444,1.4,128.3,43.7765633333333,-79.508375,987.7,6.50952647407028,7.27936044190241,0.5,24.9774461925436,24.1,232.3,98.4,2.4,4.5
2018-08-09 15:13:23.200,172.1,25.8841274354079,1.88028721723584,1.92179075068368,1.49022991261439,410.973092327079,420.044557302495,1.52312336144571,237.9,140.574079599584,21596.4289985183,1.4,128.3,43.7765633333333,-79.5083733333333,987.6,6.50523444524141,7.27650116548115,0.3,24.9771452907658,24.1,213.9,87.7,1.9,4.2
2018-08-09 15:13:24.200,172.1,25.8867823789209,1.87939943590457,1.92085312931438,1.38416680513015,410.870110970123,419.932587180914,1.41469667465276,217.1,140.589867742926,21580.7576539412,1.4,128.5,43.7765633333333,-79.5083733333333,987.6,6.50559413394666,7.27350217890904,0.3,24.9781703426739,24.1,231.7,108.9,1.6,2.7
2018-08-09 15:13:25.200,172,25.8951483011111,1.87964648563586,1.92110359697596,1.50082152351561,410.664214049342,419.721682805025,1.53392331756438,178.4,140.542037684092,21579.6425653097,1.4,129,43.7765633333333,-79.5083733333333,987.7,6.50656808976298,7.27535817031394,0.1,24.9791253891146,24.1,266.5,125,0.7,1.3
2018-08-09 15:13:26.200,171.9,25.8998344381963,1.88106558429687,1.92255782620044,1.4323979992889,409.994235321881,419.037797052579,1.46399415278069,144.1,140.561346433433,21581.6524617278,1.4,129.1,43.7765633333333,-79.5083716666667,987.5,6.5052192659578,7.27722098250569,0.3,24.9798157138397,24.1,248.2,104.2,0.8,1.4
2018-08-09 15:13:27.200,171.9,25.9047801858178,1.88071209673486,1.92216741222994,1.45511150044457,409.58160400803,418.6097,1.48718495318395,129.6,140.539671921483,21566.8192253308,1.4,129.2,43.7765616666667,-79.5083716666667,987.6,6.50350314958043,7.27636079826014,0.3,24.9809092901876,24.1,256.4,139.5,0.6,1
2018-08-09 15:13:28.200,171.9,25.908309766151,1.88144335473531,1.92282562465213,1.307009281227,409.252859136276,418.254283393136,1.33576249565899,123.9,140.561954260749,21521.4218351543,1.4,129.4,43.7765616666667,-79.5083716666667,987.6,6.50326479429216,7.27605652913163,0.5,24.9804092588198,24.1,293.6,179.2,0.5,1
2018-08-09 15:13:29.200,171.9,25.9132878842293,1.88166595769698,1.92308527791667,1.41218017264654,409.521634117024,418.535996969932,1.44327158333445,126.7,140.564069573269,21537.8127186856,1.4,129.7,43.7765616666667,-79.5083716666667,987.6,6.50100349165377,7.27466284205019,0.3,24.9812209355425,24.1,289.7,147.6,0.8,1.6
2018-08-09 15:13:30.200,171.8,25.9188276320036,1.87860400638509,1.91985620808575,1.48134461728289,409.32156955411,418.30986333723,1.51387691814774,128.5,140.56894691106,21486.9895336188,1.4,129.8,43.7765616666667,-79.50837,987.6,6.5075380186201,7.2695745671048,0.3,24.9824241048229,24.1,271,126.7,0.8,1.5
2018-08-09 15:13:31.200,171.8,25.9219588354233,1.88033861637963,1.92166500054893,1.30169883854543,409.103541152045,418.09475007838,1.33030259152322,125.3,140.566069514105,21505.1627978117,1.4,129.9,43.7765616666667,-79.50837,987.6,6.50303727366682,7.27525376332366,0.3,24.9825498017241,24.1,295,179.2,0.8,1.9
2018-08-09 15:13:32.200,171.8,25.9306514656259,1.87930624504185,1.92064690975773,1.43142902845824,409.046144875551,418.044195870819,1.4629155745727,121.1,140.52432044724,21524.1922874904,1.4,129.9,43.7765616666667,-79.5083683333333,987.5,6.50114477464672,7.27491956714013,0.3,24.984092955818,24.1,328.4,200,1.1,2.1
2018-08-09 15:13:33.200,171.7,25.9342771182616,1.87847805830277,1.91974948159386,1.5844071985272,408.524964461488,417.500467296878,1.61921692200169,104.3,140.566977982105,21498.1269265311,1.4,129.8,43.7765633333333,-79.5083683333333,987.6,6.50141721822275,7.27301702097921,0.5,24.9842429786596,24.2,292.4,155.1,0.7,0.7
2018-08-09 15:13:34.200,171.7,25.939754318254,1.88062480432327,1.92187080640494,1.61479561219156,408.565630243019,417.52626658924,1.65021123623935,105.5,140.542249548216,21461.2360822403,1.4,129.7,43.7765633333333,-79.5083683333333,987.6,6.50211053020685,7.27309683188269,0.3,24.9849198751,24.2,347.7,179.2,0.3,0.7
2018-08-09 15:13:35.200,171.7,25.9464771428424,1.88012519528047,1.92120128979501,1.74264348155012,408.970172323792,417.905162736707,1.78071190141965,113.9,140.548831205701,21380.4605516104,1.4,129.7,43.7765633333333,-79.5083683333333,987.6,6.50531297418888,7.27442031612592,0.3,24.9855527675175,24.2,268,142.4,1.9,3.8
2018-08-09 15:13:36.200,171.6,25.9507170608014,1.88176993047161,1.92290146993458,1.52911287267713,409.885595561796,418.844870010253,1.56252999841832,117.4,140.565298185633,21390.3726069798,1.4,129.9,43.7765633333333,-79.5083683333333,987.5,6.50063496970943,7.27336145175257,0.1,24.9869257151616,24.2,257.7,123.5,1.6,4.1
2018-08-09 15:13:37.200,171.6,25.9558981118364,1.88215033441142,1.92320834919953,1.53205726503265,411.256459931175,420.227859683083,1.56547307794389,117.4,140.5535037019,21348.8185313838,1.4,129.8,43.7765633333333,-79.5083683333333,987.5,6.50156160196143,7.27248724816366,0.1,24.9868167035558,24.2,239.2,110.2,2.7,4.8
2018-08-09 15:13:38.200,171.7,25.9612354458769,1.87988520905793,1.92082826647565,1.61302509503604,413.098496907371,422.09556363558,1.64815543320783,124.3,140.564222333634,21315.2317105063,1.4,129.5,43.776565,-79.5083683333333,987.7,6.50581801700536,7.27530993905959,0.1,24.9871556271067,24.2,247.8,117.7,2.3,4.2
2018-08-09 15:13:39.200,171.7,25.9703843068531,1.87905410261468,1.91995836967603,1.58332597814645,414.273568590385,423.291624798241,1.6177923958413,123.4,140.555748692658,21304.6253034102,1.4,129.3,43.776565,-79.5083683333333,987.6,6.50535122200381,7.27489444598026,0.1,24.9893123959865,24.2,248.1,115.3,2.1,3.6
2018-08-09 15:13:40.200,171.7,25.9733556686157,1.87998684690289,1.92122012064669,1.95049846503822,414.498913722521,423.590051376756,1.99330968156095,136.7,140.586304877273,21462.087933781,1.4,129.1,43.776565,-79.5083683333333,987.7,6.50502364842252,7.27615513406095,0.1,24.9887190431818,24.2,265,136.2,1.3,2.1
2018-08-09 15:13:41.200,171.7,25.9773565928446,1.88079163364238,1.92190232855377,1.58279884437173,414.175895258876,423.229136413933,1.61743922186725,140.9,140.552360885864,21390.8606411808,1.4,129.1,43.776565,-79.5083683333333,987.5,6.50883640943572,7.27096809291958,0,24.9902234333197,24.2,279.9,164.4,0.9,1.4
2018-08-09 15:13:42.200,171.7,25.9842469285581,1.88198799074203,1.92297117152771,1.43746423704926,412.77821300249,421.767008628082,1.46876659356187,204.3,140.577450828428,21312.3236981757,1.4,129.6,43.776565,-79.5083683333333,987.5,6.50340335646926,7.27366952811644,0,24.9908202961239,24.2,296.8,166,0.8,1.7
2018-08-09 15:13:43.200,171.6,25.9869576091028,1.88025090628897,1.9211661761191,1.46741412258388,412.387550395927,421.361205879812,1.49934590855071,218.9,140.586246072298,21296.8226263488,1.4,129.9,43.776565,-79.5083683333333,987.6,6.5036173221563,7.26759050447209,0,24.9906001973432,24.2,319.2,195.9,0.8,1.3
2018-08-09 15:13:44.200,171.7,25.9939687628638,1.87869360047758,1.91958996197621,1.21647443392893,411.48944712487,420.446921776103,1.24295390319202,227.4,140.535404591407,21304.6983762667,1.4,129.8,43.7765666666667,-79.50837,987.6,6.50651335807258,7.27189071966194,0,24.9924572634543,24.2,290.7,155.1,0.9,2.4
2018-08-09 15:13:45.200,171.7,25.9985578037594,1.87947037752079,1.92036656603575,1.47387812800142,409.936647434962,418.856640616282,1.50594617790747,235.7,140.566251477293,21296.0006446618,1.4,129.7,43.7765666666667,-79.50837,987.5,6.50207479347606,7.27501328458112,0.1,24.9924391420451,24.2,292.9,163.4,1.5,2.8
2018-08-09 15:13:46.200,171.7,26.0063292795811,1.87920398469549,1.92002171168016,1.45846039223622,409.126436020946,418.012831437207,1.49014101997294,246,140.530883898931,21258.6352160672,1.4,129.4,43.7765666666667,-79.50837,987.6,6.50661697325077,7.27409327533473,0.1,24.9940345868427,24.2,282.8,143.1,1.5,3.3
2018-08-09 15:13:47.200,171.7,26.0093371298722,1.88013550425505,1.92087943800884,1.41985447511269,409.521264836491,418.395841588873,1.45062309736797,234.6,140.569358589755,21211.0327170865,1.4,129.6,43.7765666666667,-79.50837,987.5,6.50474387005754,7.27491628733756,0.3,24.9935309736358,24.2,239.3,113,2.3,5
2018-08-09 15:13:48.200,171.7,26.0132156097318,1.87898223902596,1.91980283604095,1.53411266143009,410.11283879517,419.022498972088,1.56744386740184,155.3,140.558733134304,21262.9721680939,1.4,130,43.7765683333333,-79.50837,987.5,6.50476241990179,7.27182003283339,0.3,24.9943380906587,24.2,249.8,119.1,2.8,6.1
2018-08-09 15:13:49.200,171.9,26.0178854419415,1.88004782591136,1.92090197328785,1.63006578903267,410.533566914106,419.454555339996,1.66548674870678,141.9,140.57162638209,21268.1080820304,1.4,131.2,43.77657,-79.5083716666667,987.6,6.50506987422443,7.27119517319732,0.7,24.9960079510463,24.2,242.6,104,2.9,5.7
2018-08-09 15:13:50.200,172,26.0218216286712,1.88174932313936,1.922705778959,1.44003302042617,409.653575243548,418.56974203532,1.47137195873257,138,140.565710265504,21301.6391124421,1.4,130.9,43.77657,-79.50837,987.6,6.50492325122786,7.27480411611433,1.4,24.9959022451582,24.2,238.8,100.2,2.2,3.2
2018-08-09 15:13:51.200,172.1,26.0311774583206,1.88056955133597,1.92145254587215,1.57904355376262,409.549239693779,418.452735003496,1.61336719685267,136.7,140.519877407186,21277.2084396087,1.4,127.1,43.77657,-79.5083716666667,987.6,6.50474699063345,7.27324328091671,1.8,24.9963216965876,24.2,209.7,68,1.5,4.4
2018-08-09 15:13:52.200,172.1,26.0351686744334,1.87947398619663,1.92023500215321,1.52220920532634,409.386751460577,418.26539052185,1.55522472730047,125,140.571736697667,21227.1935934641,1.4,113.7,43.77657,-79.5083716666667,987.5,6.50427856919702,7.27420251424544,2.2,24.9977245044374,24.2,215.4,84.2,2.2,4.3
2018-08-09 15:13:53.200,172.2,26.0419370519459,1.87999934889404,1.92085481960843,1.32156218269567,409.152745132024,418.044316489596,1.35027901399792,121.8,140.530518087889,21269.4941467828,1.4,117.6,43.7765683333333,-79.5083666666667,987.6,6.50482547266365,7.27152316128946,2.7,24.9980396530552,24.2,223,74.7,1.8,3.4
2018-08-09 15:13:54.200,172.7,26.0478484252195,1.88029014360195,1.92111458077104,1.55743025964787,408.068642088156,416.928548512927,1.59124064684949,119,140.553060339044,21250.4115202193,1.4,128.9,43.776565,-79.5083616666667,987.6,6.50271287709097,7.27443183525157,3.3,24.9987321482812,24.2,232.8,85.8,2.4,4.3
2018-08-09 15:13:55.200,173.9,26.0514440916696,1.88038522053203,1.92131635210261,1.48837395100006,408.343652620333,417.232259597082,1.52076754462023,113.5,140.566464988849,21303.8009111257,1.4,129.6,43.7765633333333,-79.5083616666667,987.6,6.50273333489975,7.27395192875893,3.7,25.0004205033452,24.3,232,77.9,2.1,3.6
2018-08-09 15:13:56.200,175.8,26.0583231135439,1.87932983404324,1.92025246007411,1.58296241714031,407.890587617654,416.772505616478,1.61743066294885,113.8,140.545959226107,21311.1332499489,1.4,125.5,43.77656,-79.5083516666667,987.5,6.50835157072574,7.27490638381887,4.6,24.9997035090872,24.3,233.1,67.3,1.7,3.1
2018-08-09 15:13:57.200,178.4,26.0645043187769,1.88028462523502,1.92126667656619,1.33782633099397,407.072326324583,415.944723236981,1.36698226618428,112.7,140.560480354977,21330.8040543007,1.4,125.3,43.77656,-79.5083533333333,987.5,6.50331201875064,7.27981293668389,5.1,25.0013514376592,24.3,226.1,56.3,2.1,3.9
2018-08-09 15:13:58.200,184.5,26.0729845070199,1.87846514055278,1.9192836950934,1.30199913386623,406.509605919609,415.342816827733,1.33028897623478,123.9,140.554453895759,21267.3005081742,1.4,133.4,43.7765566666667,-79.50836,987.6,6.50655593345474,7.27785173420372,5.5,25.0018796598749,24.3,201.9,29.5,2.1,5.2
2018-08-09 15:13:59.200,190,26.0759238044873,1.87627854923222,1.91711096428731,1.40482360569868,406.024814094797,414.860870881096,1.43539735938277,136.5,140.585997437712,21298.7694149657,1.4,152,43.776555,-79.5083716666667,987.7,6.50653445935304,7.27606457011994,5.9,25.0020655910077,24.4,204.6,21.4,2.1,6.6
2018-08-09 15:14:00.200,195.4,26.0819282039839,1.87813162600576,1.91901122640213,1.22423145426127,405.553252706832,414.380618799251,1.25087956526214,144.6,140.54042035382,21302.5118905621,1.4,162.3,43.7765433333333,-79.508375,987.6,6.50878141514932,7.27227884358028,6.8,25.0036182710752,24.4,174.7,21.7,2.3,7.3
2018-08-09 15:14:01.200,198,26.0875908462049,1.87698147475279,1.91758054356376,1.35644325328313,404.878533835185,413.636241126782,1.38577518367986,152.4,140.583318308891,21172.2718436159,1.4,167.6,43.776525,-79.5083683333333,987.6,6.50893563988877,7.27241267996471,7.2,25.0039525600488,24.4,186.1,20.3,2.3,8
2018-08-09 15:14:02.200,199.9,26.0915622030324,1.87629814732548,1.91706061596244,1.54297527388788,405.440650604183,414.248870497973,1.57650206468297,149.4,140.583957443238,21262.9662070366,1.4,164.8,43.77651,-79.50836,987.5,6.50338125963203,7.27234035908565,6.8,25.0037108443008,24.4,191,23.3,2.2,7.7
2018-08-09 15:14:03.200,200.8,26.0977707324315,1.87860118219102,1.91952667222108,1.24294002640396,405.276225785242,414.105207936879,1.270016447209,141.2,140.530613392118,21320.6842849363,1.4,150.5,43.7765016666667,-79.5083533333333,987.5,6.50036884637276,7.27472459331994,6.4,25.0059006770207,24.4,180.3,14.1,1.5,6.7
2018-08-09 15:14:04.200,202.2,26.1004949984141,1.87915250015859,1.92009447075615,1.2797752655941,405.153370597564,413.980599030491,1.30765886954409,135.4,140.567846010954,21322.8375195945,1.4,144.3,43.7764866666667,-79.5083366666667,987.7,6.50020244416251,7.27365400566336,6.8,25.0057377134963,24.4,184.5,29.9,3,7.9
2018-08-09 15:14:05.200,204.1,26.1068922801593,1.87951237812737,1.92046577978702,1.53440904312749,404.354789583753,413.165371092297,1.56784346398513,135.4,140.524394030214,21324.6647820167,1.4,136.8,43.7764733333333,-79.5083166666667,987.6,6.50557930554932,7.27786380753091,7.4,25.0070393658659,24.5,180.7,23.7,2.4,7.3
2018-08-09 15:14:06.200,206.4,26.1062671779769,1.88015048520546,1.92125320970696,1.55344907539794,404.348143872126,413.187663582468,1.58740869889031,155.9,140.551987190442,21393.5311896997,1.4,152.2,43.7764466666667,-79.5083,987.6,6.50429022267212,7.27629743077094,8.3,25.0070955349964,24.5,179.5,26,2.5,8.9
2018-08-09 15:14:07.200,205.7,26.1111892886438,1.88124176340904,1.92247203942512,1.63389656003561,405.934786369807,414.831597425881,1.66970677364569,174.8,140.549235084656,21446.7148256139,1.4,180.3,43.776425,-79.5082983333333,987.7,6.50059914844274,7.27180554208434,9.2,25.0081074627472,24.5,165.6,1.1,2.7,10.5
2018-08-09 15:14:08.200,205,26.1236211054497,1.87901139285672,1.92023477478503,1.32436997492096,407.770367529052,416.716434554093,1.35342416130255,196.2,140.581922302173,21468.0027770161,1.4,226.3,43.7764066666667,-79.508315,987.6,6.50677040825588,7.27534424259239,9.4,25.0092630719266,24.5,176.2,356.4,3.2,11.8
2018-08-09 15:14:09.200,205.9,26.1350141715171,1.88093312027067,1.9224715867607,1.56425262073197,407.821921795897,416.828263582454,1.59880732640424,211.7,140.559243918511,21606.8865817339,1.4,247.1,43.7763916666667,-79.5083383333333,987.6,6.50164409170293,7.27504886211633,9.4,25.0096890346494,24.5,171.4,340.3,3.5,12.1
2018-08-09 15:14:10.200,206.7,26.1480086373314,1.88044232016116,1.92203476652532,1.66609324747981,407.517422405591,416.531059379745,1.70294442356229,224.8,140.51695837336,21639.818121998,1.4,244.6,43.7763816666667,-79.5083733333333,987.7,6.50184531315283,7.28059900185915,9.6,25.0104922986787,24.5,175.3,336.8,4.5,13
2018-08-09 15:14:11.200,207.5,26.154513375082,1.87886829457588,1.92047230047828,1.37925703923878,408.552859420632,417.599506067144,1.40979716853164,233.9,140.582695260489,21663.5074459746,1.4,245.7,43.7763733333333,-79.5084066666667,987.6,6.50544145109329,7.27199866639479,9.6,25.0117154230049,24.4,182.7,335.3,3.8,12.3
2018-08-09 15:14:12.200,207.3,26.1633466789565,1.87980540242453,1.92174205810549,1.71122667757109,409.508477629785,418.644291550025,1.74941534443827,239.5,140.515868282754,21822.3522511472,1.4,252.4,43.776365,-79.5084466666667,987.7,6.50731339199062,7.27308416838052,10.1,25.0125127246886,24.4,203.5,343.2,3.7,12.4
2018-08-09 15:14:13.200,206.9,26.1673367425563,1.87976731377604,1.92171718134458,1.60978841859181,409.636721724956,418.77841090147,1.64571373938646,242.8,140.584849239116,21829.4298035249,1.4,252.4,43.7763583333333,-79.5084866666667,987.7,6.5065899656547,7.27435436021964,10.7,25.0125962651229,24.4,220.7,354.8,4,13.6
2018-08-09 15:14:14.200,207.1,26.1726593476604,1.87956273070232,1.92173071401542,1.57725867931718,409.390783404022,418.575407053171,1.61264504362771,244.2,140.566965199796,21942.6564053004,1.4,252,43.7763516666667,-79.5085266666667,987.7,6.50632334951569,7.27602829604929,11.4,25.0136163455424,24.4,233.3,358,3.7,13.2
2018-08-09 15:14:15.200,207.2,26.1780339097727,1.87967826977042,1.92175254899962,1.46513679195288,408.558997506784,417.704119420344,1.49793422375374,244.7,140.55388977812,21893.6393825235,1.4,249.4,43.776345,-79.5085716666667,987.6,6.50126594581282,7.27634784088752,11.8,25.0147578188405,24.4,249.4,1.1,4.1,14.1
2018-08-09 15:14:16.200,206.5,26.1804149212973,1.88107759129876,1.92310799605302,1.53571941078464,408.12235429773,417.241329347067,1.57003235043803,247.2,140.568016786742,21855.2747625239,1.4,248.3,43.7763383333333,-79.508615,987.6,6.50290779932005,7.27507776361838,11.8,25.0154008278646,24.4,244.8,358.1,3.8,13.6
2018-08-09 15:14:17.200,205.9,26.1896544236047,1.87935810829289,1.9216804026607,1.65349188517573,407.67072080657,416.851299974918,1.69073113711039,250.3,140.536335008996,22023.4825847381,1.4,254.2,43.77633,-79.508655,987.6,6.50336164445777,7.27280074423059,11.8,25.0165513478727,24.4,247.7,358.4,3.7,13.7
2018-08-09 15:14:18.200,206.2,26.1927087182568,1.88248841540495,1.92476193712449,1.54905104387968,407.169601362854,416.313208934151,1.58383928968397,254.3,140.592785408155,21963.1783545622,1.4,257.7,43.7763233333333,-79.508695,987.6,6.49817321078667,7.27153818599295,11.8,25.0164859085356,24.4,249.3,357.6,3.7,13.8
2018-08-09 15:14:19.200,206.1,26.1996470563871,1.88129435391973,1.92371062396558,1.42807064626931,406.903847360372,416.078039583269,1.46026635954856,254.6,140.535042953798,22049.2571154969,1.4,259.4,43.7763166666667,-79.50874,987.7,6.4986564033773,7.27729103422445,12,25.0174042071524,24.4,231.8,342.3,3,12.1
2018-08-09 15:14:20.200,205.8,26.2057269003561,1.87907569546839,1.92122501889004,1.44746425972732,407.155345755718,416.288172541171,1.47993163241941,254.9,140.58818508774,21938.7614177429,1.4,257.5,43.77631,-79.508785,987.6,6.50191270109916,7.27187409270185,12.4,25.0183728869091,24.4,215.7,338.4,4.2,14.6
2018-08-09 15:14:21.200,205.3,26.2123575770063,1.87937993400352,1.92141664617924,1.29816436754811,407.516177251817,416.631261056441,1.32720180330274,254.6,140.542635382076,21877.9920163437,1.4,258.2,43.7763033333333,-79.5088316666667,987.6,6.50547118252048,7.2660272836158,12.5,25.0185446043468,24.4,230.7,348.8,4.1,13.3
2018-08-09 15:14:22.200,205.1,26.2183593601963,1.88347526862731,1.92579441036069,1.31419782282007,406.288310599221,415.416955023814,1.34372643643139,253,140.523303889819,21974.6869186732,1.4,255.6,43.7762933333333,-79.5088733333333,987.6,6.50278492148378,7.27013707757953,12.9,25.020194390595,24.4,235.7,354.5,3.4,12.3
2018-08-09 15:14:23.200,205.2,26.2175822442772,1.87876998343498,1.9209871801435,1.4680698310618,405.4737985131,414.584901819842,1.50105704983614,253.3,140.577926860434,21976.4938498194,1.4,256.8,43.7762833333333,-79.508915,987.5,6.50487601095662,7.27379260473437,12.9,25.0210487899209,24.4,235.4,351.3,2.6,12.3
2018-08-09 15:14:24.200,205.4,26.2251459395018,1.87975268404643,1.92206458837311,1.76734399125425,405.299920877669,414.42298494399,1.80712737178242,252.8,140.516657403995,22013.9089944841,1.4,255.3,43.7762733333333,-79.5089566666667,987.6,6.49961061769045,7.27345040604982,12.7,25.0212727148779,24.4,233.8,348.8,3.5,13.8
2018-08-09 15:14:25.200,205.6,26.2219335181087,1.88166107404277,1.92426895344729,1.41852535858907,404.726489319593,413.891184579285,1.45064018050051,252.5,140.56076329423,22142.6612407323,1.4,256.2,43.7762616666667,-79.508995,987.7,6.4982522173477,7.27608779570776,12.7,25.0220165650211,24.3,226.6,349.4,3.9,14.1
2018-08-09 15:14:26.200,206,26.2271579936675,1.88148129933553,1.92394238964623,1.35189359023226,404.554586263099,413.684544548599,1.38240317541131,253,140.537084868667,22069.8306908199,1.4,257.9,43.7762533333333,-79.5090366666667,987.7,6.50157303362874,7.26978824466541,12.9,25.0232056471488,24.3,215,339.9,2.5,12.3
2018-08-09 15:14:27.200,206.4,26.2328440698598,1.88058449876155,1.9231361551703,1.21879199740638,404.960803728087,414.123760031875,1.24636793073712,252.7,140.584740698598,22126.1010323645,1.3,256.2,43.7762416666667,-79.5090766666667,987.7,6.5022016878962,7.26940212544605,13.1,25.0242806263906,24.3,222.6,350.7,2.7,11
2018-08-09 15:14:28.200,206.7,26.2365291528626,1.8802932348879,1.92257652765737,1.74128998994852,405.224769139966,414.337347576507,1.78043880102031,252.7,140.554968706079,21993.080696818,1.3,259.5,43.7762316666667,-79.5091233333333,987.6,6.50280208728057,7.27588627553148,13.3,25.0249593288917,24.3,253.5,3.2,3.3,14
2018-08-09 15:14:29.200,205.8,26.2456786488062,1.8784756085765,1.92067335793597,1.27494248179249,404.924277363252,414.020290142504,1.30358263426292,253.7,140.540866413449,21969.993331236,1.3,260.7,43.776225,-79.5091733333333,987.6,6.50839089360342,7.27610382946017,13.5,25.0251560902594,24.3,242.4,357.5,2.3,13
2018-08-09 15:14:30.200,205.1,26.2478844387802,1.8756595700727,1.91819851455383,1.287896887782,404.449140191148,413.621763001803,1.3171068445982,254.7,140.590165830681,22176.4451800282,1.3,264,43.7762166666667,-79.5092183333333,987.6,6.51413752071031,7.2770443876878,13.5,25.0263747941512,24.3,246.6,355.4,3.2,12
2018-08-09 15:14:31.200,204.5,26.2544997050942,1.87783061601279,1.92026019081324,1.49896998017708,405.784555313254,414.953105866203,1.53283626526977,254.3,140.519373914662,22095.4836425659,1.3,262.4,43.7762066666667,-79.509265,987.6,6.51080198313334,7.26953518733968,13.5,25.0274848415413,24.3,251.3,3.2,3.4,13.8
2018-08-09 15:14:32.200,203.3,26.2548019118412,1.87817565279654,1.92044333036179,1.39150293885585,404.544889320733,413.648881198793,1.42281834256231,252.8,140.59935170755,22009.0460734031,1.3,258.6,43.7761983333333,-79.5093133333333,987.6,6.50232708381919,7.27409498952549,13.5,25.0268049529578,24.4,256.9,1.6,3.5,14.3
2018-08-09 15:14:33.200,202.6,26.2590900443589,1.87475489293768,1.91673817274984,1.36560932544318,405.367215737911,414.445108785665,1.39619185090205,251.7,140.557696669572,21903.8068324894,1.3,254.7,43.776185,-79.509355,987.7,6.51365259106585,7.27211313156504,13.1,25.0294853108634,24.4,261.8,2.9,4.5,15.4
2018-08-09 15:14:34.200,201.7,26.2610196313644,1.87808052623487,1.92015882660443,1.31665686481543,405.7970984322,414.888981490507,1.34615676382923,254,140.542517278314,21913.9808271915,1.3,255.5,43.7761783333333,-79.5094,987.6,6.50996675200727,7.27486541194855,12.7,25.0292370636285,24.4,245.5,352.5,4.1,15.1
2018-08-09 15:14:35.200,201.2,26.2625884453476,1.87905406536926,1.9211936737173,1.41770324440293,405.428719618202,414.52081372503,1.4494964441893,255.8,140.569515960366,21933.9068475308,1.3,260.3,43.77617,-79.5094416666667,987.6,6.50203796540941,7.28618867696561,12.5,25.0296054941632,24.4,247.9,357.5,3.2,11.9
2018-08-09 15:14:36.200,200.7,26.2732131892979,1.88109641701596,1.92327279312078,1.4651223826676,405.522966509377,414.61525218089,1.49797254049173,257,140.525240319529,21929.4713758414,1.3,260.2,43.7761633333333,-79.5094816666667,987.7,6.49977243356728,7.27283694972344,12.4,25.0313730738461,24.4,245.8,355.1,2.6,11.4
2018-08-09 15:14:37.200,200.3,26.2737495293874,1.87968368621562,1.92189313319412,1.1451950338365,404.527003736744,413.610822581935,1.17091049922784,254.9,140.598372748408,21962.2655625277,1.3,261.3,43.7761533333333,-79.5095233333333,987.6,6.50060963294779,7.28098995381537,12.5,25.0312884710263,24.4,244.8,357.5,2.8,12.8
2018-08-09 15:14:38.200,199.8,26.2793903749936,1.8803407243235,1.92248407793422,1.34328077355554,405.202936067595,414.284621088712,1.37338654846573,254,140.531595312579,21921.2637194315,1.3,261.5,43.776145,-79.5095666666667,987.7,6.50317030236203,7.26675254459,12.5,25.0316896893999,24.4,252.9,358.1,3.7,13.8
2018-08-09 15:14:39.200,199.4,26.282042702049,1.88120696927095,1.9236318840953,1.51875272381562,403.835003643072,412.942331737579,1.55300534707306,252.6,140.596994119735,22054.6417688126,1.3,257.3,43.776135,-79.5096066666667,987.7,6.50494826829517,7.27428752990628,12.4,25.0338254211039,24.4,254.7,355.3,2.9,11.3
2018-08-09 15:14:40.200,199.4,26.2853829158282,1.87955072480055,1.92166361911616,1.37655874424286,404.907446658057,413.979717340586,1.40740232530829,252.6,140.537562676605,21914.8117528654,1.3,255.9,43.7761266666667,-79.5096466666667,987.7,6.5058414501094,7.27277846043478,12,25.0330718271463,24.4,223.5,344.7,2.5,12
2018-08-09 15:14:41.200,199.4,26.2904679296904,1.88102867242847,1.92342289726441,1.31841813912179,405.437982026156,414.575865897757,1.34813250243318,252.1,140.518622191174,22041.3727682204,1.3,257.3,43.7761166666667,-79.5096866666667,987.7,6.50187863038506,7.27445189031139,12,25.0355181688221,24.4,205.6,333.5,3.4,11.3
2018-08-09 15:14:42.200,199.5,26.2936523177548,1.87914067944069,1.92144199813236,1.14376483704426,404.913070093859,414.027984112569,1.16951204312195,251.3,140.583583551353,22015.4208925459,1.3,260.4,43.7761066666667,-79.5097266666667,987.7,6.50361173130703,7.27628367429775,12,25.0342050841132,24.4,194.5,333.1,2.9,10.6
2018-08-09 15:14:43.200,199.4,26.3069793210417,1.88158015283392,1.92351493709997,1.41672798523675,405.280372440118,414.312871940538,1.44830216402999,249.8,140.508627393038,21801.0384522445,1.3,256.6,43.776095,-79.5097666666667,987.6,6.50492898236386,7.27390479690639,12,25.036768459878,24.4,200.3,338.5,2.6,10.7
2018-08-09 15:14:44.200,199.3,26.3085089469248,1.87971441698027,1.92207551974146,1.40879739614677,405.489558769096,414.627750956206,1.44054612353551,250.8,140.568721189116,22039.4994316153,1.3,257.3,43.7760866666667,-79.5098066666667,987.7,6.49957281484827,7.27023102164677,11.8,25.036632828025,24.4,204.8,337.6,2.6,11.4
2018-08-09 15:14:45.200,199.2,26.315125240207,1.88164583787054,1.92390851090007,1.54211522398795,405.691838443263,414.803979372541,1.57675236421589,251.3,140.541055001489,21967.1406792195,1.3,260,43.7760766666667,-79.509845,987.7,6.49262105963523,7.27756459085291,11.8,25.0387463830515,24.4,198,338,2.8,10.2
2018-08-09 15:14:46.200,198.7,26.3185769347321,1.88177740804196,1.92382676363979,1.59650527658998,404.830801764316,413.876941219269,1.63218054429879,251,140.583322637463,21857.1841529833,1.3,257.9,43.77607,-79.509885,987.8,6.5020734050156,7.27455950677345,11.8,25.0375495092897,24.4,200.9,339.1,2.1,9.8
2018-08-09 15:14:47.200,198.6,26.3207266197509,1.87995011760692,1.92237803707329,1.51073572965763,405.086215417798,414.228370210025,1.54483014879564,253.5,140.554962308614,22070.4078192558,1.3,259.1,43.7760616666667,-79.50992,987.8,6.4995466420928,7.27932927244162,11.2,25.0402369034343,24.4,223.7,346.8,2.1,10.6
2018-08-09 15:14:48.200,198.5,26.32545,1.879546,1.921677,1.808519,405.091,414.1713,1.849059,257.8,140.5422,21924.15,1.3,258.4,43.7760583333333,-79.5099533333333,987.8,6.501719,7.269541,9.4,25.04009,24.4,219.1,341.1,2.1,9.7
2018-08-09 15:14:49.200,198.4,26.32812,1.879545,1.921468,1.815686,404.4947,413.5169,1.856184,258.3,140.6024,21818.28,1.3,256.7,43.7760566666667,-79.5099783333333,987.8,6.50556,7.288692,8.3,25.0412,24.4,223.9,340.1,3.9,11.9
2018-08-09 15:14:50.200,198.8,26.3383,1.880973,1.92274,1.555571,405.5753,414.5812,1.590113,258.3,140.5086,21722.93,1.3,261.4,43.77605,-79.51,987.8,6.503842,7.274042,7.7,25.04209,24.4,222.9,336.6,3.9,12
2018-08-09 15:14:51.200,199,26.33927,1.880569,1.922357,1.526458,406.1609,415.1862,1.560378,256,140.6018,21737.98,1.3,261.7,43.7760466666667,-79.5100233333333,987.6,6.498371,7.274576,7.9,25.04318,24.4,229.8,342.3,4.2,12.4
2018-08-09 15:14:52.200,198.9,26.34686,1.880442,1.922252,1.394045,406.4388,415.4755,1.42504,254.8,140.5525,21750.44,1.3,259.1,43.776045,-79.51005,987.7,6.504174,7.277079,7.9,25.04304,24.4,231.3,343.3,4.1,11.7
2018-08-09 15:14:53.200,199.1,26.3519160809094,1.87929752071688,1.92121285089205,1.27476197621286,407.855450078885,416.952060094662,1.30319416088862,253.1,140.552578829241,21817.0270192963,1.3,262.4,43.77604,-79.5100816666667,987.8,6.5025276050083,7.27136721727421,8.5,25.0450813358146,24.3,226.4,342.9,4,11.6
2018-08-09 15:14:54.200,199.3,26.3557394461859,1.88254797169589,1.92435360019722,1.31454464840031,407.659774545095,416.712696319061,1.34373565120021,254.4,140.568672923857,21724.480315031,1.3,264,43.776035,-79.510115,987.8,6.50373496466975,7.27834759911717,8.7,25.0446212044211,24.3,222.9,339.6,3.9,11.9
2018-08-09 15:14:55.200,198.9,26.3655577944986,1.88153507135873,1.92318209870506,1.40774366363666,408.243853721484,417.280106164858,1.43890354826552,254.5,140.5303047573,21655.0219255964,1.3,264.5,43.77603,-79.510145,987.8,6.50136041796179,7.27543924838151,8.7,25.0471034417475,24.3,216.1,337.6,3.8,11.4
2018-08-09 15:14:56.200,198.8,26.3666165868989,1.87966851675025,1.92150622238189,1.57318233103121,407.444157470894,416.513085734186,1.60819873652698,253.1,140.599403900896,21773.5923778801,1.3,261,43.7760216666667,-79.51017,987.8,6.50371332891971,7.2738930350108,8.5,25.0469043965121,24.3,218.9,336.8,3.8,11.4
2018-08-09 15:14:57.200,198.9,26.3728753042788,1.88131071899448,1.92325356705485,1.33395597387748,406.698959389533,415.766004372653,1.36369539402491,251.3,140.5278839073,21808.0170267596,1.3,259,43.7760116666667,-79.510195,987.7,6.50110444262163,7.27014299291202,8.1,25.047072707963,24.3,220.1,341.6,3.3,10.9
2018-08-09 15:14:58.200,198.4,26.3789849385562,1.88005409751926,1.92171245246496,1.41391333924122,405.306650678202,414.287504534495,1.44524231779334,251.7,140.598210954441,21677.7746754315,1.3,254.1,43.776005,-79.5102166666667,987.7,6.49677466952143,7.27531276609662,7.2,25.0481791895363,24.3,224.4,341.1,3.4,10.4
2018-08-09 15:14:59.200,198.2,26.3812782503243,1.87909409649179,1.9206941811101,1.55968047886594,404.417578095795,413.370800601573,1.59420946767323,255.3,140.534987143401,21659.1598497626,1.3,256,43.776,-79.5102333333333,987.8,6.50377011615413,7.27640352026412,6.1,25.0501491033151,24.3,215.8,335.4,2.7,8.6
2018-08-09 15:15:00.200,198.3,26.3891481402315,1.87881300053533,1.92031666818344,1.53522474021107,404.877508347354,413.821308427654,1.56913796070409,258.6,140.519734225553,21612.7647847201,1.3,261.5,43.7759966666667,-79.5102483333333,987.8,6.50738610729581,7.27494034760885,5.3,25.049617168859,24.3,212.7,336,2.3,7.7
2018-08-09 15:15:01.200,198.5,26.3931866156465,1.87899643939542,1.92058093133337,1.48288547255933,404.351302837379,413.300189757441,1.5157033921547,261.1,140.5802659758,21652.2296856986,1.3,264.1,43.7759916666667,-79.5102583333333,987.7,6.50440489564245,7.27659542929351,4.6,25.0515670236918,24.4,249.3,358.1,2.7,8.1
2018-08-09 15:15:02.200,198.5,26.4012731501079,1.8807008151456,1.92236912638178,1.58397457942923,403.359814198564,412.296482562678,1.61906980546711,263.8,140.511450984094,21675.4655722556,1,267.6,43.7759916666667,-79.51027,987.8,6.50066452386092,7.28292033108629,4,25.0517856615665,24.4,277.1,2.2,2.3,6.4
2018-08-09 15:15:03.200,198,26.4028499130532,1.88084219228039,1.92244177046507,1.37250121722619,403.073224550453,411.988058411608,1.40285755117359,265.1,140.564899575826,21638.6374706804,1,269.6,43.775995,-79.5102883333333,987.9,6.50171607019109,7.27352419942035,4.2,25.0537474035049,24.4,285.1,2.8,2.2,6.7
2018-08-09 15:15:04.200,198.2,26.4058139508495,1.88078767438298,1.92241963438213,1.4228664045941,402.601903366158,411.513606243134,1.4543625161654,263.3,140.548327297989,21655.8641259195,1,271.2,43.7759916666667,-79.5103,987.8,6.4979799501416,7.27349869333742,4.2,25.0528507719128,24.4,268.6,357.2,2.4,6.9
2018-08-09 15:15:05.200,198.5,26.4096951577733,1.88127240712472,1.92299242344904,1.45909677276126,402.864868407266,411.798989858752,1.49145494109352,262.5,140.578366835072,21695.239986106,1,272.2,43.77599,-79.5103166666667,987.7,6.50189544248984,7.27314956648357,4.6,25.0549238231859,24.4,275.5,0.4,2.3,6.7
2018-08-09 15:15:06.200,198.8,26.415635738284,1.88236644029109,1.92387229134217,1.43598412932223,402.66539528508,411.54410134578,1.46764637509127,257.8,140.554698893756,21574.0560865431,1,271.5,43.7759866666667,-79.5103366666667,987.8,6.49904915660783,7.27478666459694,5.9,25.0544819672855,24.4,284.2,7.4,2.4,7.5
2018-08-09 15:15:07.200,198.5,26.4248895090335,1.87992887074847,1.92127592034162,1.61083936573,402.859123180263,411.719676433608,1.64626854308518,245.2,140.549408321605,21520.7560008287,1,258.9,43.7759783333333,-79.51036,987.8,6.50532125235215,7.27254688889762,6.8,25.055819349331,24.4,274.4,15.3,2.5,8
2018-08-09 15:15:08.200,198,26.4228199026595,1.88340594654328,1.92482176123311,1.51345590069872,402.82648603488,411.684506856899,1.54673883239931,234.4,140.589479387718,21516.5537494987,1,242.9,43.775965,-79.5103783333333,987.8,6.49867477575364,7.2765535393126,7.4,25.0572237825701,24.4,275.6,17.8,2.6,8.6
2018-08-09 15:15:09.200,197.5,26.4257318831936,1.88214282969195,1.92363715786043,1.78965327398005,403.521827042543,412.418058045058,1.82911090197876,222.7,140.518114130554,21571.0400913871,1,227.7,43.77595,-79.510395,987.8,6.50066385551344,7.27435477049454,7.2,25.0572062812867,24.4,272.9,22.9,2.4,7.6
2018-08-09 15:15:10.200,197.6,26.4281857089249,1.88066015612549,1.92205581374189,1.46764870660565,404.240279784873,413.138069603606,1.49995121345789,209.9,140.596138611968,21537.19372505,1,211,43.77593,-79.5104083333333,987.8,6.507020420697,7.27316397592084,7.2,25.0590832805432,24.4,263.9,20.4,1.7,6.1
2018-08-09 15:15:11.200,197.8,26.431317398302,1.88263409825738,1.92398148838507,1.74544287145067,403.689867981589,412.555932113471,1.78377630803809,198.4,140.552913455307,21490.407265527,1,196.4,43.7759083333333,-79.5104116666667,987.9,6.49484881127857,7.27892524638429,6.4,25.0592653808527,24.4,260.7,21,1,5.2
2018-08-09 15:15:12.200,197.7,26.4353664053161,1.88379744075047,1.92515060343739,1.37374152805127,402.569323878458,411.406449780414,1.40389897048766,189.3,140.544846381013,21480.3544853627,1,190.6,43.7758916666667,-79.5104133333333,987.8,6.49804364271248,7.27937049299578,5.7,25.0606186347295,24.4,266.6,39.7,1.4,4.3
2018-08-09 15:15:13.200,197.9,26.4383541268793,1.87855254064954,1.91969972122682,1.24198716305698,403.856528858988,412.702411208657,1.26919017597057,181.1,140.566488394467,21433.8875709557,1,183.1,43.7758816666667,-79.5104133333333,987.8,6.50763043003581,7.27377641446191,4.2,25.0598252543596,24.4,277.3,45,1.1,3.2
2018-08-09 15:15:14.200,198.2,26.4475598923753,1.88324087818004,1.92446193130579,1.55908965020465,403.82298183105,412.661887470741,1.59321382597746,174.8,140.533727285765,21419.2506431235,1,180,43.7758766666667,-79.5104133333333,987.9,6.49609573495706,7.27750908878504,3.3,25.0625016101284,24.5,278.8,42.1,1,2.7
2018-08-09 15:15:15.200,198.2,26.4476135915815,1.87960066538433,1.92073988354968,1.17314090279312,404.222893261356,413.070088914476,1.19881177076509,164.9,140.593151155868,21418.160483969,1,169.4,43.7758716666667,-79.51041,987.8,6.50098191558967,7.27439351045653,2.5,25.0620369824566,24.5,249,41.1,1,3.2
2018-08-09 15:15:16.200,198.4,26.4555350343181,1.88214666145219,1.92312463347939,1.44648559984271,404.870822665663,413.685595309337,1.47797533200432,158.2,140.536582260599,21307.7174731043,1,165,43.7758683333333,-79.510405,987.9,6.5026661644442,7.2754214857937,1.1,25.0635366388666,24.5,244.9,73.2,1.5,2.9
2018-08-09 15:15:17.200,199,26.4573093257354,1.88117573279711,1.92235235193857,1.33385348107658,405.082444391818,413.949279010483,1.36305128284561,159,140.591985225812,21420.0529942527,1,166.4,43.7758616666667,-79.5104016666667,987.8,6.50082028866743,7.27432783878352,0.7,25.0636363969965,24.6,254.4,76.8,1.5,3.1
2018-08-09 15:15:18.200,199.5,26.4622545058827,1.88075168846655,1.92198628836649,1.5534014804039,405.135507873054,414.017962501518,1.58745936801837,158.5,140.53405641981,21454.3017950982,1,165.6,43.7758566666667,-79.5103966666667,987.8,6.50766528108512,7.27358184565847,0.5,25.0655067292968,24.6,247.1,73.6,1.6,3.2
2018-08-09 15:15:19.200,200,26.4773696858606,1.88208838431174,1.92335747797067,1.31118684660152,403.420666674166,412.266610315602,1.33993669979077,157.6,140.524203397868,21456.7457879511,1,164.8,43.7758533333333,-79.5103933333333,987.9,6.50365751258644,7.27173660263959,0.3,25.0650362571405,24.6,251,79.4,1.6,3.5
2018-08-09 15:15:20.200,200.7,26.4779672514044,1.8840454424306,1.92528409480847,1.42469408590526,402.867583396071,411.685734903134,1.45587836441425,155.7,140.57587126604,21419.5847257186,1,163.5,43.77585,-79.5103916666667,988,6.49951515417195,7.28046775212244,0.1,25.0668457937022,24.6,247.2,75.2,2,4.1
2018-08-09 15:15:21.200,200.9,26.4843156540959,1.88266182609972,1.92381863113301,1.47863756399797,402.292026554062,411.086552415002,1.51096334960214,155.2,140.515577217158,21393.3866979346,1,162.2,43.7758466666667,-79.51039,987.9,6.50121418304861,7.27709442430961,0.1,25.0677571369999,24.6,234.6,70.5,2.1,4.6
2018-08-09 15:15:22.200,200.7,26.4871349382749,1.88191293734355,1.92293915850381,1.43683501899244,401.583709186446,410.338326417302,1.4681587735451,156.8,140.564293083747,21335.1878826529,1,161.9,43.775845,-79.5103916666667,987.8,6.50469556418557,7.27656630903514,0,25.0678946807401,24.6,231.9,67.2,2.5,5.4
2018-08-09 15:15:23.200,200.6,26.4905629957311,1.88291228643288,1.92396805222724,1.64994878743156,401.53466216325,410.289835200558,1.68592448960358,158.2,140.551164162953,21338.9496189678,1,161.7,43.775845,-79.5103933333333,987.9,6.50507674367153,7.27183244016324,0,25.069671160078,24.6,231.1,69.5,2.9,5.6
2018-08-09 15:15:24.200,200.6,26.4929038505685,1.88238113769152,1.92345575014092,1.44852986105148,400.322765187687,409.057919619789,1.48014180134381,168.9,140.571714606665,21354.4510828463,1,161.1,43.775845,-79.5103933333333,987.8,6.50025331424683,7.27273032744436,0,25.0694047191114,24.6,229.7,66,2.6,5.1
2018-08-09 15:15:25.200,200.3,26.49908537193,1.88365120489383,1.9248643472516,1.75748266508542,400.577150009616,409.34147848117,1.79593466701706,164.7,140.556032899589,21410.7739736077,1,160.8,43.775845,-79.5103933333333,987.8,6.49980712565754,7.2727643837715,0,25.0715275606921,24.6,233.5,81.9,2.3,4.3
2018-08-09 15:15:26.200,200.1,26.506521886823,1.88290793498018,1.92409137246367,1.52128214938583,400.518373491744,409.278623489102,1.55455505570353,171.5,140.555996875495,21404.0180609972,1,160.6,43.775845,-79.510395,987.9,6.50101813778402,7.27491724474239,0,25.0718365393329,24.6,228.1,59.4,2.1,4.8
2018-08-09 15:15:27.200,200,26.5112174486566,1.88133679589043,1.92231900612087,1.52229974592957,400.307199752242,409.027326575085,1.55546104929774,163.6,140.554005297385,21319.0410792603,1,161,43.775845,-79.510395,987.8,6.49995183722001,7.26818631592326,0,25.0718950753621,24.6,239.6,81.4,2.1,4.1
2018-08-09 15:15:28.200,200.2,26.5171858431374,1.88617648802144,1.92727088250158,1.30920551505532,399.397166572795,408.09891160822,1.33773039019114,51.6,140.527896197061,21322.6116732527,1,160.7,43.775845,-79.510395,987.9,6.49321937131257,7.27660747963423,0,25.0736240390508,24.6,232.9,74.7,2.3,4.1
2018-08-09 15:15:29.200,200.5,26.5161871656757,1.8819177317367,1.92307371929672,1.38695527094771,398.732530791045,407.452453847299,1.41728801163355,222.2,140.58822989824,21401.0595108613,1,160.5,43.775845,-79.510395,987.7,6.50135398870255,7.27697944637897,0,25.0746573017115,24.6,239.8,77.2,2.1,3.8
2018-08-09 15:15:30.200,200.9,26.5223710638991,1.88305816168582,1.92439342678034,1.46749661461144,398.663199843889,407.414284386811,1.49970953471688,166.8,140.52856611776,21479.6369079034,1,160,43.775845,-79.5103966666667,987.8,6.49995807440389,7.27902068218711,0.1,25.0748070624109,24.6,235,78.5,1.8,3.8
2018-08-09 15:15:31.200,201.2,26.5303735131047,1.88319194318872,1.92451012766304,1.52055166307977,399.10315338108,407.859695927162,1.5539109909325,165.4,140.565801787744,21469.3823289386,1,159.5,43.775845,-79.5103966666667,987.9,6.50269396928706,7.27397678066807,1.2,25.0753405657201,24.6,244.9,75.2,2,3.9
2018-08-09 15:15:32.200,201.2,26.5375947273344,1.88245695349394,1.92359552809471,1.60893398886647,398.474040838228,407.182131961733,1.6440938367132,168.1,140.563816202787,21386.1759606281,1,161.9,43.775845,-79.510395,987.8,6.49946836581907,7.27680123203473,2.2,25.0767617353049,24.6,224.4,57.3,2.1,4.2
2018-08-09 15:15:33.200,201.1,26.5445002400426,1.88420039070414,1.92556685086772,1.51304655327713,399.337620211426,408.104873843982,1.54626285307091,172.1,140.532178977328,21482.7876947974,1,158.8,43.7758416666667,-79.510395,987.8,6.50296737716582,7.27123341885759,3.8,25.0780456352151,24.6,228.2,49.7,1.7,4.1
2018-08-09 15:15:34.200,201.1,26.5471094217313,1.8836394817191,1.92512736977773,1.53232444821831,398.80704928562,407.590971598695,1.56607148050587,176.6,140.570960745325,21550.7276262918,1,169.6,43.775825,-79.5103933333333,987.7,6.49906629294175,7.27001102347347,5.9,25.0787270820998,24.6,229.5,37,1.7,5.9
2018-08-09 15:15:35.200,201.1,26.5520515049717,1.88353069314389,1.92496497069116,1.89201536203464,398.349391200915,407.11234755342,1.93363614560949,170,140.542479134543,21524.560740302,1,167.9,43.775805,-79.5103866666667,987.8,6.50006543588268,7.2712621120302,6.8,25.0793861983796,24.6,227.2,26.1,2.6,7.4
2018-08-09 15:15:36.200,200.9,26.5567111666511,1.88259912951825,1.92402924194168,1.67192776516228,397.512725570895,406.260732970107,1.70871999404997,165.5,140.585238855474,21532.9128481553,1,161.1,43.775785,-79.5103783333333,987.8,6.49872579499033,7.2814292193621,7.4,25.0804389847334,24.6,221.6,29,2.4,8.1
2018-08-09 15:15:37.200,200.5,26.5617021379077,1.88248782602033,1.92400195599672,1.4279080592675,397.422449686316,406.186816496898,1.45939552826976,161.6,140.549037170529,21577.0149450195,1,160.4,43.7757616666667,-79.5103683333333,987.8,6.49969427817665,7.27811377288109,7.9,25.08148383453,24.6,206.5,21.7,2.6,8.4
2018-08-09 15:15:38.200,200.3,26.5639222248315,1.88237412182488,1.92400347424441,1.16795761114894,397.285225440377,406.071454747904,1.19380571290513,158.6,140.586312627465,21636.9990150611,1,156,43.7757433333333,-79.5103583333333,987.9,6.49918954326048,7.2736821131723,7.9,25.0817589725606,24.6,211.6,29.4,2.5,8.8
2018-08-09 15:15:39.200,200.4,26.5654088942823,1.8812913155119,1.92314599512163,1.56999284496492,397.722240334686,406.570782132882,1.60492303030484,162.1,140.569697415088,21763.7651142392,1,162.9,43.7757216666667,-79.51035,987.8,6.49916013931112,7.26991296571607,7.9,25.0838780377918,24.6,217.7,34.7,2.8,8.3
2018-08-09 15:15:40.200,200.4,26.5755933220937,1.88134371115467,1.92318467559028,1.28689440400382,397.428977246963,406.267806058732,1.31551456404358,167.5,140.523902366522,21756.1118201902,1,169.8,43.7757033333333,-79.510345,987.7,6.5037309944808,7.27685483672149,7.7,25.0838176390676,24.6,235.9,40,2.6,7.4
2018-08-09 15:15:41.200,200.3,26.5813159333378,1.88276924841954,1.92473701154237,1.3173721997974,396.903356686603,405.750489958077,1.34674269118472,171.8,140.586784774659,21804.389736113,1.1,176.6,43.7756866666667,-79.5103416666667,987.9,6.50190371749488,7.27622595338635,7.2,25.0850516859039,24.5,248.1,45.5,2.5,6.9
2018-08-09 15:15:42.200,199.9,26.5863943474156,1.88298248036674,1.92514898248249,1.49405742404833,397.104762234961,405.99717129857,1.5275113809882,172.5,140.552578459141,21902.7428523986,1,175.9,43.7756683333333,-79.51034,987.8,6.50115588125623,7.27636617296274,6.2,25.0863371193352,24.5,267.1,52.1,2.2,4.9
2018-08-09 15:15:43.200,199.8,26.5908397732051,1.88210852356083,1.92409970420035,1.53990386363031,397.232697006095,406.095134420084,1.57425704762529,170.5,140.566296632675,21823.7088746445,1,173,43.7756566666667,-79.5103383333333,987.8,6.50415899872047,7.27580062036322,5.1,25.0865007225581,24.5,271.8,55.9,2,4.8
2018-08-09 15:15:44.200,199.9,26.593933729061,1.88214914758813,1.92423260733346,1.38407399629398,397.389857784094,406.275224090536,1.41502142454563,167,140.555469996146,21870.4342447156,1,169.2,43.7756466666667,-79.510335,987.8,6.50523617352277,7.2757919049779,4,25.0875171748347,24.5,268.5,54.1,1.7,3.8
2018-08-09 15:15:45.200,200.6,26.5968170282355,1.88195410512944,1.92398416814121,1.44169316804277,397.985948087045,406.87436981528,1.47389178260765,159.2,140.552267691765,21845.5965852946,1,170.1,43.7756433333333,-79.5103366666667,987.8,6.50531011650573,7.27589859719987,2,25.08894647,24.6,258.3,55.4,1.6,3.6
2018-08-09 15:15:46.200,201.2,26.6034353080872,1.8832710454072,1.92543287157535,1.58881448619047,397.697779529471,406.601224334486,1.62438123720592,153.5,140.550716480834,21897.2492365156,1,171.8,43.775645,-79.5103416666667,987.8,6.50178392062524,7.27473459258643,0.9,25.089014198517,24.6,266.7,80.5,1.4,2.8
2018-08-09 15:15:47.200,201.6,26.6095923833537,1.88486156785237,1.92725353794307,1.56593134199645,397.861348256221,406.809470654112,1.60114877217565,152.1,140.537425123811,21995.9344924459,1,171.5,43.77565,-79.5103466666667,987.9,6.50019700180147,7.27823655649375,0.5,25.0909449940181,24.6,254.5,77,1.3,2.5
2018-08-09 15:15:48.200,202.2,26.6111256442984,1.8850564472024,1.92731002729145,1.66167448346052,398.321074867782,407.249486710568,1.69892230522234,147,140.579941108226,21923.6089687465,1,171.2,43.7756533333333,-79.5103483333333,987.8,6.49530259896219,7.2726915283097,0.3,25.0910918667183,24.6,263,90.8,1.3,2.3
2018-08-09 15:15:49.200,202.7,26.618770522052,1.8869288315849,1.9290116337885,1.55947163542291,398.713661935835,407.605722009288,1.59425048509779,143.6,140.524900734533,21815.3767969679,1,170.7,43.775655,-79.5103483333333,987.9,6.49510109182301,7.2717898418214,0.1,25.0920175524689,24.6,274.6,90.8,1.2,2.1
2018-08-09 15:15:50.200,202.9,26.625967519356,1.88632944103365,1.92836502939758,1.41766001042088,398.42404214236,407.302561927465,1.44924760291005,149.4,140.541542712088,21798.3750802036,1,170.6,43.7756566666667,-79.5103483333333,987.8,6.49925407245942,7.27521627241451,0.1,25.0935518657431,24.6,254.2,81.5,1.1,2.4
2018-08-09 15:15:51.200,203.1,26.6291173844398,1.88413394336881,1.92607177282593,1.57304427018405,398.019397725563,406.878612677975,1.60805639428047,179.3,140.557532454413,21773.5441239662,1,171.2,43.775655,-79.510345,987.9,6.50079184064992,7.27791750202509,0.7,25.0942706840514,24.6,250.9,72.8,1.3,2.5
2018-08-09 15:15:52.200,203.1,26.637110717301,1.88382388822608,1.92590244285302,1.61299422414873,398.292912745734,407.189428675003,1.64902066960697,173.9,140.532961302329,21848.5268882569,1,172.2,43.7756533333333,-79.5103433333333,987.9,6.49928681485855,7.27990813264649,2.2,25.0947163219454,24.6,239,51.9,1.4,2.9
2018-08-09 15:15:53.200,203.2,26.6395737273158,1.88325978432632,1.92530997069211,1.70394878630153,398.030564356597,406.917842821335,1.74198981781855,168.4,140.569929223552,21840.4123992119,1,163.3,43.77565,-79.5103416666667,987.9,6.50023115111581,7.27896106580382,3.7,25.0954876967237,24.6,200.7,31.1,1.7,4.8
2018-08-09 15:15:54.200,203.2,26.6433772854402,1.88361883940941,1.925775245634,1.5367600409119,398.68436293538,407.60705066181,1.57115296663306,160,140.551046655176,21890.3496933234,1,157.5,43.7756333333333,-79.5103316666667,987.9,6.49964113714267,7.27372932329507,5.5,25.096710409119,24.7,204,27.3,2,5.9
2018-08-09 15:15:55.200,203,26.6471544697163,1.88447478929364,1.92656867337482,1.50958432280978,397.979515313488,406.869246204956,1.54330463433237,160.2,140.573971704451,21848.9321633479,1,155.4,43.7756116666667,-79.51032,987.9,6.49696703241283,7.27752782372015,6.4,25.0976653733154,24.7,183,14.9,1.9,6.6
2018-08-09 15:15:56.200,202.9,26.6507279750601,1.88479769239914,1.92691809943074,1.35307453320581,397.853969945588,406.745046896481,1.38330891187326,163.4,140.544287489522,21858.8886883551,1,162.2,43.7755933333333,-79.5103116666667,987.9,6.499125173571,7.28146991833178,7,25.0981080234386,24.7,193,16.5,1.7,6.7
2018-08-09 15:15:57.200,203.1,26.6572269801006,1.88493001544129,1.92715251827721,1.2580476657947,398.469365250305,407.395116897785,1.28622769235148,165.4,140.562946155881,21909.2670499155,1,166.7,43.7755733333333,-79.510305,987.8,6.49768244467558,7.27979064607386,7.2,25.0989530694081,24.7,197.3,11.8,1.4,6.1
2018-08-09 15:15:58.200,202.8,26.6644230430165,1.88412170429663,1.92635580863488,1.34403413268264,398.308160883292,407.236567838338,1.37416832383609,167,140.562750437628,21924.4108652819,1,169.1,43.7755533333333,-79.5102983333333,987.8,6.4997885217917,7.27571456509167,7.4,25.1003314782119,24.7,187.9,4.9,0.9,5.4
2018-08-09 15:15:59.200,202.3,26.6735299427111,1.88413688632636,1.92647588059747,1.44503779141172,398.145095617819,407.091956168605,1.47751360743299,170.4,140.530860590973,21977.4508643803,1,171.1,43.77553,-79.5102933333333,987.9,6.50061702995052,7.27598366254678,7.9,25.1014289295944,24.7,157.5,356.1,1,5.9
2018-08-09 15:16:00.200,202.1,26.6734303013123,1.8822974018307,1.92446860583773,1.3639577934794,398.40852028075,407.334515579706,1.3945162209288,179.1,140.581354166251,21913.0528443306,1,179.5,43.775505,-79.51029,987.9,6.50361177491543,7.27191890023843,8.7,25.1021085836891,24.7,185.5,6.5,1,6.7
2018-08-09 15:16:01.200,202.4,26.6801936883925,1.88301657874854,1.92528272956998,1.4787153465678,398.167425991171,407.104654240678,1.51190410919058,193,140.553324286435,21953.1296601915,1,205.2,43.7754833333333,-79.510295,987.9,6.50291423557001,7.27741353053722,9,25.1035509640653,24.7,213.2,13.1,1.5,7.6
2018-08-09 15:16:02.200,202.3,26.6879189254856,1.88286405996874,1.92513854150149,1.63252449391925,398.416390598848,407.361593286676,1.6691748738742,205,140.56283428053,21958.867823604,1,220.6,43.7754616666667,-79.5103116666667,988,6.50416282575229,7.28161834867895,9.8,25.104395280315,24.7,231.5,13.4,1.5,7.7
2018-08-09 15:16:03.200,202.1,26.6979875169954,1.88422307741317,1.92665871715525,1.54883686892128,404.550703884052,413.661926181727,1.58371936989794,218.3,140.553314716694,22025.5629487991,1,237.1,43.7754416666667,-79.51034,987.9,6.49770749324031,7.27716570101737,10.7,25.1053869894491,24.7,226.5,4.8,1.3,8.2
2018-08-09 15:16:04.200,201.7,26.7081039024022,1.88493360351457,1.927544482146,1.5739772238359,417.261318921596,426.694461284767,1.60955918031776,228,140.542648646234,22106.5185852009,1,245.1,43.775425,-79.5103733333333,987.8,6.49544731429502,7.27385650772736,11.6,25.105818027099,24.7,226.6,4.9,1.9,9.5
2018-08-09 15:16:05.200,201.1,26.7147820352088,1.88589156655227,1.9287321765756,1.54458684927281,423.56018234231,433.181974007475,1.57967589202433,234.7,140.545631956165,22211.9161181889,1,250.8,43.77541,-79.51041,987.8,6.49697225417812,7.27546505101635,12.4,25.1069465008083,24.7,202.5,344.7,1.7,10.3
2018-08-09 15:16:06.200,200.8,26.7204993683578,1.88495242738823,1.92772524344235,1.44749864916743,423.216525707622,432.819977286727,1.48034530054656,238.7,140.551260090193,22188.08674829,1,250.3,43.7753983333333,-79.510455,987.9,6.4976493346259,7.2767385684328,13.5,25.1074384021045,24.7,209,352.8,0.9,8.7
2018-08-09 15:16:07.200,200.2,26.7279700288776,1.88613376033392,1.92898060806056,1.48741338562358,421.909025859595,431.493356314266,1.52120928579401,237.8,140.5654717565,22212.1136525338,1,246.8,43.7753833333333,-79.5105033333333,987.8,6.49262180038338,7.27414475245016,14.2,25.108919592968,24.7,220.6,354.9,1.9,12
2018-08-09 15:16:08.200,199.7,26.7374267000072,1.8849813332857,1.92793582847752,1.60713507931577,419.218896057717,428.772004282337,1.6437542439796,235.6,140.522782487676,22280.2122233337,1,241.6,43.7753616666667,-79.5105466666667,987.9,6.49837841270274,7.27876259737087,14.8,25.1098743913696,24.7,229.5,358.3,2.7,12.6
2018-08-09 15:16:09.200,198.9,26.7426528400664,1.88332417547011,1.92638028433516,1.48898375606663,418.627242970453,428.197930855745,1.52303218498719,234.9,140.545120599559,22350.9251278352,1,240.2,43.77534,-79.510595,988,6.50017964711938,7.27865372469241,15.3,25.1100907388053,24.7,226.9,356.4,2,11.1
2018-08-09 15:16:10.200,198.4,26.7477618542798,1.88356333605808,1.92679660298041,1.57100333657454,423.203835201747,432.917725194095,1.60705894040861,233.9,140.555330838166,22438.0640900668,1,238.5,43.7753166666667,-79.51064,987.9,6.49698459338189,7.27654146661535,15.7,25.1114005004932,24.7,235.8,1.6,2.7,14.1
2018-08-09 15:16:11.200,198,26.7541889476532,1.88464440507696,1.9280327813928,1.40054190042181,428.867142578118,438.740654813563,1.43278679322841,232.8,140.529369931364,22503.9704408173,1,238.4,43.7752916666667,-79.5106833333333,988,6.49642579389442,7.27465557386963,15.9,25.11276352603,24.7,234.7,3.6,2.7,13.3
2018-08-09 15:16:12.200,197.7,26.7513443276365,1.88325238276075,1.92666580560584,1.52003270293394,431.021571011121,440.957716685105,1.55506835722476,231.2,140.552152493943,22533.0484064485,1,236.5,43.7752633333333,-79.5107233333333,987.9,6.50144034497502,7.27441321574767,16.2,25.1135642628798,24.6,234.9,0.4,2.6,13.7
2018-08-09 15:16:13.200,197.9,26.7532440592838,1.88315710177184,1.926400898052,1.59111114139005,431.127851763959,441.02820063929,1.62765071663065,230.9,140.552781336807,22448.242071504,1,237,43.7752333333333,-79.5107633333333,988,6.50250162464535,7.27719261993529,16.2,25.1141545469338,24.6,232.9,0.5,4,17.2
2018-08-09 15:16:14.200,197.4,26.7575344244497,1.88544255528638,1.9287734442842,1.71708199281672,430.768888976746,440.668824981154,1.75656163313733,229.3,140.569858799556,22465.735471598,1,232.8,43.7752083333333,-79.5108083333333,988,6.49764566616699,7.27646021382094,15.7,25.1151806569385,24.6,241.5,4.6,3.5,16
2018-08-09 15:16:15.200,196.9,26.7611559902417,1.88522329694774,1.92868126791384,1.91022669482409,429.893241932208,439.803236125428,1.95426423769078,226.4,140.544806325672,22532.7105985766,1,227.9,43.7751783333333,-79.5108416666667,988,6.49747255016396,7.27611989437139,15,25.1166310507792,24.6,235.1,3.9,4.3,16.6
2018-08-09 15:16:16.200,197.4,26.7660598711679,1.88489065611459,1.92832664090798,1.58911579851535,429.428906457871,439.324846692069,1.62573420451668,222.4,140.562452864163,22525.2836601573,1,223.9,43.7751466666667,-79.5108716666667,987.9,6.50054757782786,7.28284168298463,14.8,25.117379274869,24.5,241.4,8.7,3.9,15.5
2018-08-09 15:16:17.200,197.7,26.7739688104068,1.8878951446303,1.93146584820125,1.57566483886984,428.347850026609,438.233660812662,1.61203293415002,220.3,140.556337353502,22558.2315212707,1,222.4,43.7751166666667,-79.5109066666667,988,6.49623897882709,7.27986881035349,15,25.1178178427893,24.5,237.9,6.6,3.8,15.4
2018-08-09 15:16:18.200,198,26.7773412593754,1.88907285297401,1.93271066159771,1.72770303080114,426.444205402399,436.295232261507,1.76761341450176,217.8,140.542085041371,22578.7490844249,1,220.6,43.775085,-79.51094,988,6.49544158382182,7.27574103913297,15.3,25.1194085630171,24.5,237.6,5.1,4,16
2018-08-09 15:16:19.200,197.9,26.7765087142704,1.88648803326589,1.92999850185161,1.58910751588173,423.452952162469,433.219683809805,1.62576170708116,215.5,140.577503637332,22544.3410697046,1,219.8,43.7750483333333,-79.5109666666667,988,6.49873306495703,7.27776656311594,15.5,25.1204237638608,24.5,224.3,2.7,4.1,16.5
2018-08-09 15:16:20.200,197.6,26.7815366369709,1.88770286324447,1.93114725524462,1.55116695383358,420.742827794834,430.425949727087,1.5868642821257,212.3,140.551236920756,22496.5012876297,1,217.6,43.775015,-79.5109933333333,988,6.49625742384504,7.27711728407208,15.9,25.1210879260363,24.5,223.3,5,4.1,16.4
2018-08-09 15:16:21.200,197.2,26.7845456126325,1.88800103877041,1.93145666377742,1.51543118388011,418.291366939581,427.919031686763,1.55030753464915,209.3,140.556754375947,22498.9414658216,1,218.1,43.7749766666667,-79.5110183333333,988,6.49652297115162,7.27835423758344,16.2,25.1218418250743,24.5,221.3,4.3,3.5,15.6
2018-08-09 15:16:22.200,196.6,26.7876251985467,1.88881221241212,1.9323467707015,1.56565952567719,415.849180300888,425.433912857732,1.6017470388777,204.5,140.547549266584,22529.4256043719,1,210.5,43.7749416666667,-79.511045,987.9,6.49602235232069,7.27781874529414,16.2,25.1229403454055,24.5,219.4,6.8,4.5,17.3
2018-08-09 15:16:23.200,196.1,26.7881078601486,1.88823654568569,1.93167918610064,1.75414857147484,413.644330368339,423.161089855499,1.7945133238606,200.7,140.556418273502,22489.5103419843,1,203.3,43.7749,-79.5110633333333,988,6.49991008912118,7.27752266227406,16.6,25.1238940330714,24.4,220.7,9.5,4.4,17
2018-08-09 15:16:24.200,195.5,26.7896842536892,1.88655736173384,1.92976733959989,1.6451147248884,411.723392678745,421.153682718472,1.68279201816312,198.7,140.560774028091,22391.2936038576,1,201,43.7748583333333,-79.5110816666667,988,6.50342438188134,7.28175903128557,17,25.1249130547673,24.4,223.8,10.1,4.2,17
2018-08-09 15:16:25.200,194.7,26.7971259282404,1.88653964077013,1.92986591585505,1.70818723918179,410.067534061874,419.485027994489,1.74741737209385,197.8,140.54794987568,22450.2200337361,1,206.6,43.7748166666667,-79.5111016666667,988,6.50096372872446,7.28310827791375,17.4,25.1265813820395,24.4,214.5,5.6,4.4,17.5
2018-08-09 15:16:26.200,194.4,26.801906287395,1.88685460391431,1.93040624742165,1.57896175194743,409.382713838172,418.831816132892,1.61541144380139,197,140.565143790596,22560.6040452109,1,208.1,43.77477,-79.51112,988,6.49646040200676,7.27978639325318,17.9,25.1273078968811,24.4,203,1.9,3.4,16
2018-08-09 15:16:27.200,194.2,26.8084767243629,1.8877024502517,1.93120722280671,1.43803551603972,409.121390751606,418.550140477267,1.47117717309055,194,140.524139397024,22527.1878120945,1,201.1,43.7747233333333,-79.5111333333333,988,6.49657719192349,7.27433796594732,17.9,25.1278589903277,24.4,206.6,5.5,3.4,16.8
2018-08-09 15:16:28.200,194.4,26.814881605963,1.88721366260067,1.93061887181718,1.69708450939033,408.111440585086,417.497936143147,1.73610337835125,190.8,140.546515434816,22482.7298498637,1,194.5,43.774675,-79.51114,988,6.4998036223821,7.27359782874235,17.9,25.1293079263872,24.4,204.9,4.7,4,17.3
2018-08-09 15:16:29.200,195,26.821731523587,1.88743266161854,1.93077741744384,1.88703900905975,407.210797632069,416.562317667931,1.93037266371686,185.4,140.543142123211,22449.4151343495,1,191.5,43.7746283333333,-79.5111416666667,988.1,6.49808638438618,7.27723453714915,17.9,25.130442774345,24.4,208.7,8.3,3.7,16.8
2018-08-09 15:16:30.200,195.8,26.826391346228,1.88710219205689,1.93042736511387,1.76771851330699,406.052765275669,415.375036423971,1.80830349392702,179,140.531376929175,22443.0459543662,1,178.2,43.7745816666667,-79.511135,988,6.49857651937726,7.27455282668783,17.9,25.1309153845319,24.4,208.9,9.6,3.4,16.1
2018-08-09 15:16:31.200,196.2,26.8281798459485,1.88708042913397,1.93038530946445,1.56685960990847,405.326002424947,414.627337652745,1.60281056160261,174.4,140.552559161704,22433.0207474227,1,170.6,43.7745383333333,-79.511125,988,6.49782715380852,7.27420985146412,18.1,25.1320080063178,24.4,198.3,7.7,3.1,15.1
2018-08-09 15:16:32.200,196.2,26.8318690797726,1.88799802596224,1.93133112397852,1.40597945916502,404.956284019173,414.250797501711,1.43824837271191,173,140.561918961511,22436.8406560722,1,171.8,43.7744916666667,-79.5111116666667,988,6.49801849623584,7.27657076403005,18.3,25.1332162861988,24.4,206.1,14.6,3.5,15.6
2018-08-09 15:16:33.200,195.8,26.8355580914399,1.88600116903814,1.92927397367961,1.5113061638087,404.444062545809,413.72378758333,1.54598405128808,171.9,140.570054976374,22429.7876664845,1,175.2,43.7744433333333,-79.5111016666667,988.1,6.4990043981099,7.27372539708108,18.7,25.1337843863259,24.4,219,18.8,3.7,16.1
2018-08-09 15:16:34.200,195.5,26.8397943740863,1.88663466396313,1.93003567808703,1.52222574954438,403.854497897301,413.14498787836,1.55724200277022,164.6,140.549159141124,22487.306212355,1,166.9,43.7744,-79.5110833333333,988.1,6.49633291429041,7.27336305063509,18.5,25.1354768759614,24.5,217.1,20,3.9,16
2018-08-09 15:16:35.200,195,26.8405955453414,1.88684612276166,1.9302229353634,1.41380632682179,403.271655376807,412.542567662549,1.44631110006703,161,140.568019649526,22472.5357244087,1,156.1,43.7743566666667,-79.5110616666667,988.1,6.49942679967442,7.27848253318012,18.5,25.1359347888538,24.5,213.8,20.4,3.5,15.6
2018-08-09 15:16:36.200,194.9,26.843327793241,1.88654100319343,1.92995120469943,1.48970754813386,402.922795198549,412.194247558176,1.52399585935901,162.2,140.54862417165,22492.9058141783,1,162.3,43.77431,-79.5110383333333,988.1,6.50220743382177,7.27921334340485,18.7,25.1373383409389,24.5,216.9,21.9,3.8,15.2
2018-08-09 15:16:37.200,194.8,26.8501807935077,1.88837901171293,1.93190311184982,1.60610737780822,402.755078410272,412.038071034444,1.64312627503158,163.4,140.549865084075,22529.3425185824,1,170,43.7742633333333,-79.5110216666667,988.2,6.49842962033663,7.27755136466589,18.8,25.1389405592491,24.5,211.4,17.2,3,14.7
2018-08-09 15:16:38.200,194.8,26.8557325926567,1.8891008453091,1.9326475253392,1.56989345994655,402.746499961938,412.030481372646,1.60608102235275,164.1,140.574427099129,22532.2141829905,1,169.8,43.7742166666667,-79.5110033333333,988.2,6.49456987935279,7.27495133245244,19,25.1394984341899,24.5,219.8,18.2,2.6,13.3
2018-08-09 15:16:39.200,194.8,26.8619557337271,1.88774793441658,1.93127400567595,1.58264002261812,402.945416303911,412.236107136154,1.61912968570832,164.4,140.547112931844,22537.3580376053,1,170,43.7741716666667,-79.510985,988.2,6.49654635927858,7.27635982024903,19,25.1401414664326,24.5,229.2,21.9,2.5,13
2018-08-09 15:16:40.200,194.8,26.8675379644665,1.88621897088894,1.92966993541378,1.43763750563014,402.819434944002,412.098811179542,1.47075237397228,165.1,140.555237506214,22517.290099604,1,172.9,43.7741283333333,-79.51097,988.2,6.49858153301423,7.27410789125478,18.7,25.1406424384301,24.5,236.3,19,2.3,12.3
2018-08-09 15:16:41.200,194.4,26.8754461085219,1.88648984093853,1.93005983644907,1.36552185904597,402.290890701663,411.582139244335,1.39706372737854,166.8,140.542010532765,22574.3595549293,1,173.9,43.7740866666667,-79.5109583333333,988.2,6.49824470934092,7.27276689365645,17.9,25.1417181179198,24.5,224.2,14.1,1.6,10.9
2018-08-09 15:16:42.200,193.7,26.8822208104401,1.88601134966577,1.92967057274641,1.3836186566282,401.423570659928,410.716146001104,1.41564748600105,169.8,140.557555317802,22625.2051289752,1,179.6,43.77405,-79.5109566666667,988.4,6.50188711176932,7.27657757569456,16.6,25.1434454052201,24.5,241.3,21.6,2,10.9
2018-08-09 15:16:43.200,193.5,26.8895564925756,1.88646089109877,1.93017463921597,1.24511457758294,401.183962914664,410.480447811516,1.27396603924603,172.8,140.556452283905,22647.7607020784,1,184.7,43.77401,-79.5109516666667,988.3,6.49978332323908,7.2774515709998,16.1,25.1442158655316,24.5,227,18.3,2.1,11.6
2018-08-09 15:16:44.200,193.2,26.8965277354726,1.88606699661024,1.92985824549005,1.35233901669659,401.224366364057,410.540261655772,1.38374363787523,176.5,140.561708801343,22691.7880837231,1,186.6,43.7739716666667,-79.5109483333333,988.4,6.49550929034421,7.27696934808342,15.5,25.1445291423862,24.5,235.8,21.3,2.6,11.8
2018-08-09 15:16:45.200,193.1,26.8997636588961,1.88676217561437,1.93046728103701,1.50682225450743,401.106880112417,410.398252728255,1.54172712093028,180.6,140.563736836131,22639.8700189502,1,189.5,43.7739333333333,-79.5109483333333,988.3,6.49691314903442,7.27712665310587,15.3,25.145711362182,24.6,219.8,11.8,2.2,11.8
2018-08-09 15:16:46.200,193.2,26.9067594412291,1.88866870777538,1.93224824347259,1.38246089861765,401.408571729107,410.670746384807,1.41436217214525,185,140.522556783189,22553.7559774312,1,194.4,43.773895,-79.5109533333333,988.5,6.49535133985322,7.27779270524099,15.7,25.1476425011953,24.6,213.6,12.6,2.3,12.7
2018-08-09 15:16:47.200,192.9,26.9104164638474,1.88761157450269,1.93123346604076,1.45238379746131,401.743463287025,411.027499455108,1.48595507395324,190.1,140.548775817138,22587.4459713686,1,200.6,43.773855,-79.5109633333333,988.4,6.49466968607372,7.27456378987198,15.9,25.1481176694501,24.6,203.1,3.9,2.2,12.6
2018-08-09 15:16:48.200,192.7,26.9160193766116,1.88720193769827,1.93086752103005,1.30488728763875,401.457670053257,410.746441577776,1.33508298037906,192.2,140.53903401733,22614.4249969391,1,200.8,43.7738166666667,-79.510975,988.5,6.49664668055066,7.27173056253362,15.7,25.1486613196905,24.6,194,0.4,1.2,10.7
2018-08-09 15:16:49.200,192.4,26.9264466276443,1.88765727964381,1.93136499317304,1.26256207620552,401.066037360244,410.35246646245,1.29180101080146,194,140.536914741467,22630.4360674786,1,202.1,43.7737816666667,-79.51099,988.5,6.49491812916589,7.27373441233209,15.1,25.1502316218463,24.6,212.7,7.6,1.6,11.4
2018-08-09 15:16:50.200,192,26.9321928980445,1.89049943474365,1.93445548043967,1.31608159005569,401.291581788443,410.621969768775,1.34667449976595,195.3,140.554316023332,22722.4977657198,1,202.7,43.77375,-79.5110033333333,988.4,6.4895753311169,7.27668538254625,14.6,25.1513288123986,24.6,210.8,357.9,1.4,10.9
2018-08-09 15:16:51.200,191.8,26.9369495229976,1.89008745532044,1.93399074625331,1.425737611671,400.872327634347,410.183837502915,1.45884198197567,198.8,140.556938764789,22700.6628685521,1,206.2,43.7737183333333,-79.5110183333333,988.5,6.49392699645605,7.2781274734561,14,25.152134625493,24.6,187.7,2.7,1.2,9.7
2018-08-09 15:16:52.200,192,26.9417875278996,1.88791678010137,1.93173285072182,1.5449318331342,400.906217565859,410.210790597491,1.58078672349642,203.6,140.560603745607,22682.3281779558,1,214.4,43.77369,-79.5110383333333,988.5,6.49596706125283,7.27863925251692,13.5,25.1532863027711,24.6,201.2,359.4,0.6,8.9
2018-08-09 15:16:53.200,192.4,26.948587849601,1.88954481799248,1.93364399388131,1.19917071155686,401.609832176618,410.982896194089,1.22713396789798,204.9,140.545998298114,22806.3923550302,1,219.1,43.7736633333333,-79.51106,988.5,6.49355904049316,7.27973055114077,12.7,25.1544629309192,24.7,147.2,349.6,1,8.3
2018-08-09 15:16:54.200,192.6,26.9545644913857,1.88782804767493,1.93190631165886,1.41749993977015,402.031095952344,411.417957859352,1.45057499165941,205.5,140.571094925659,22815.9629973974,1,215.2,43.7736366666667,-79.5110783333333,988.5,6.49586347687065,7.27791234658931,12.5,25.1555147451027,24.7,175.5,352.6,1.5,10.5
2018-08-09 15:16:55.200,192.4,26.9637483636606,1.88660006530721,1.93058616268867,1.60749233989224,403.078293722363,412.476007803778,1.64496944147786,205.8,140.547348995655,22783.7404553666,1,215.6,43.77361,-79.5110983333333,988.5,6.49906303733419,7.27363404921483,12.4,25.1563181680515,24.6,176.6,349.4,2.1,10.8
2018-08-09 15:16:56.200,192.3,26.968476455947,1.88871036781523,1.93287702153121,1.48388523569709,403.751483877676,413.192980363446,1.5185841565895,204,140.561323679649,22850.139595176,1,208.5,43.773585,-79.5111183333333,988.5,6.49715480736996,7.27651604093153,12,25.1574023238499,24.6,184.4,354.7,2.2,10.7
2018-08-09 15:16:57.200,191.6,26.9712135072494,1.88803628574452,1.93221591145447,1.59919967411014,404.302488746605,413.762963008431,1.63661787924648,202.8,140.569154160934,22864.5472208699,1,205.4,43.77356,-79.511135,988.6,6.49588515327901,7.27906476470173,11.8,25.1586746883268,24.6,170.2,354.8,1.3,8.4
2018-08-09 15:16:58.200,190.8,26.9783627989072,1.8878440547012,1.93193944465682,1.67384547637526,405.682429250192,415.158112827521,1.71294237481161,201.7,140.535184481394,22824.28546924,1,204.7,43.7735333333333,-79.5111516666667,988.5,6.49775741699548,7.27991918222593,11.8,25.1599641139638,24.6,204.1,358,1.9,12.2
2018-08-09 15:16:59.200,190.2,26.9812426564491,1.88779026879561,1.93175723759681,1.30270333206806,405.936323626659,415.390716254052,1.33305711992197,202,140.552595868399,22760.1553486769,1,201,43.773505,-79.5111666666667,988.6,6.49705831744223,7.28355080420227,12.2,25.1618504113396,24.6,196.4,356.6,4.1,14.4
2018-08-09 15:17:00.200,189.9,26.9903431278572,1.88728383702133,1.9312549017476,1.44691194719136,405.73812747235,415.191194079901,1.48063549582727,206.9,140.536963377031,22767.9875988087,1,215.4,43.773475,-79.5111866666667,988.6,6.49707025768417,7.28403099845828,12.7,25.1629699148034,24.6,200.8,358.5,3.9,13.8
2018-08-09 15:17:01.200,190.4,26.9998792587807,1.88764964611893,1.93181500983582,1.70470858234542,406.408379144898,415.917108559397,1.74459250616628,213.4,140.561582636308,22861.9673817006,1,227.7,43.7734466666667,-79.511215,988.6,6.49261131276611,7.28233164009737,13.3,25.1640555173966,24.6,208.5,0.4,3.4,13.6
2018-08-09 15:17:02.200,190.8,27.004895992191,1.88964171982894,1.93386088325333,1.65341665986848,406.584395721576,416.098866927978,1.69210862485743,216,140.552227432257,22865.8133271657,1,229.5,43.77342,-79.5112433333333,988.6,6.49099897663909,7.27833384244339,13.5,25.1652497276214,24.6,206.2,355.4,2.9,12.6
2018-08-09 15:17:03.200,191.1,27.0094190530966,1.88789406608363,1.93209165955298,1.67167481608556,406.229873874408,415.740196731666,1.71081145365082,215.2,140.563658939272,22875.6201963611,1,224.9,43.7733916666667,-79.5112716666667,988.6,6.49498017065226,7.27954348494457,13.8,25.1657122775524,24.6,178.7,347.6,2.1,10.5
2018-08-09 15:17:04.200,191.3,27.011808592408,1.88727124746238,1.93143077878558,1.30709824104496,405.848319834212,415.344648310997,1.33769154864554,210.2,140.557409436001,22863.607051683,1,218.5,43.77336,-79.5112933333333,988.5,6.49829683005893,7.27914313972597,14,25.1669530757704,24.6,203.4,354.8,1.8,11.1
2018-08-09 15:17:05.200,191.3,27.0161559230948,1.88831282240211,1.93231683202304,1.23151321296575,405.914824676576,415.373940686539,1.26020325854833,206.2,140.514404548922,22772.6031131012,1,207.7,43.773325,-79.5113133333333,988.6,6.49323430083296,7.27565020031138,14.4,25.1689861155133,24.6,207.8,359.9,1.4,10.9
2018-08-09 15:17:06.200,191.3,27.016578004031,1.88836864016644,1.93225148025486,1.36913889445301,405.708820700877,415.136914735076,1.40095501298884,204.6,140.554959885571,22710.7564426248,1,205.9,43.77329,-79.5113333333333,988.6,6.49113471693643,7.27822777236837,15,25.1698739997399,24.6,190.8,354,1.9,11.8
2018-08-09 15:17:07.200,191.5,27.0215446906577,1.88918291180532,1.93318215001499,1.3116592134799,404.954770859735,414.386209642952,1.34220520534137,204.8,140.530050725545,22760.0440263924,1,210.5,43.7732516666667,-79.5113566666667,988.6,6.49585842043445,7.28106172217881,15.7,25.1703861971763,24.6,179.1,350.9,2.4,12.8
2018-08-09 15:17:08.200,191.3,27.0242160326028,1.88809562718593,1.93200674019852,1.33186117277017,404.907442783929,414.3242912613,1.36283332450656,205.7,140.537954928801,22728.2529354598,1,212.2,43.773215,-79.51138,988.7,6.49821602270781,7.28071768809108,16.2,25.1704294870445,24.6,197.2,357.8,1.7,11.9
2018-08-09 15:17:09.200,191,27.0264353406981,1.88774403575564,1.93153736296706,1.52997721920901,405.151316915111,414.550298258824,1.5654689823188,204.5,140.557110149941,22672.7676512697,1,210.4,43.7731766666667,-79.511405,988.6,6.4986261261424,7.28020319139826,16.4,25.1716496519833,24.6,207.1,1.3,2.1,12.7
2018-08-09 15:17:10.200,191,27.0306633084702,1.88914141669258,1.93297798649441,1.60018516007958,405.231720620565,414.634894694803,1.63731622879999,201.2,140.549633689367,22678.3163856666,1,204.8,43.7731366666667,-79.511425,988.5,6.49898830520372,7.28083822081487,16.1,25.1740103063074,24.6,198.3,354,2.2,12.3
2018-08-09 15:17:11.200,190.8,27.0303648278685,1.8896818801064,1.93346718828585,1.43280698876356,405.588759754448,414.986537832099,1.46600980203295,198.2,140.556401716711,22646.1166583475,1,199.6,43.7730983333333,-79.5114416666667,988.6,6.49695414963435,7.27872850903894,15.9,25.1750260616911,24.6,208,1.7,1.7,12.1
2018-08-09 15:17:12.200,190.8,27.0350972912958,1.8886467638797,1.9323060668639,1.52130814689459,405.814425689606,415.19549754449,1.55647297577327,196.5,140.54559965993,22594.294605098,1,196.4,43.77306,-79.5114533333333,988.6,6.49709936796902,7.27570334717913,15.5,25.1767075028398,24.6,206.9,1,2.2,12.3
2018-08-09 15:17:13.200,190.7,27.0382400817637,1.88791922828991,1.9316101438693,1.69802552499847,406.234014581467,415.635295111588,1.7373234118262,194.9,140.578234231628,22618.9209631363,1,197.5,43.7730216666667,-79.5114666666667,988.6,6.49697397901344,7.27491045392292,15,25.1772379845329,24.6,233.2,11.2,1.8,12
2018-08-09 15:17:14.200,190.7,27.0411676874404,1.88784134864975,1.93149595671581,1.86641319956375,405.893599926426,415.279649260159,1.9095709124994,193.3,140.543652358504,22601.7018184048,1,196.7,43.7729883333333,-79.5114783333333,988.7,6.50144279914978,7.28063088154344,14,25.1776140972287,24.7,231.4,16.5,2.6,12
2018-08-09 15:17:15.200,190.7,27.0426680439685,1.88884024454804,1.93257119309607,1.89480688161245,405.50289839244,414.891268745826,1.93867631113056,191,140.571545035591,22628.5030774175,1,195,43.7729566666667,-79.5114866666667,988.7,6.4960432605228,7.28160745741102,12.7,25.1789836309921,24.7,236.9,22.1,3.2,12.8
2018-08-09 15:17:16.200,191.2,27.0476850078552,1.88713196990366,1.93083729727085,1.60898467242293,405.697356931578,415.093095080466,1.64625005154387,190.6,140.565416500212,22635.3085196486,1,194.3,43.7729316666667,-79.5114966666667,988.7,6.49433629892054,7.27998113826108,11.4,25.1796619637767,24.7,233.7,14.3,2.5,10.3
2018-08-09 15:17:17.200,191.2,27.0520773180501,1.88782020988608,1.9315998922517,1.5725761258892,405.384300845376,414.785432433123,1.60904633167582,189.2,140.525388890777,22665.1298636045,1,195.6,43.7729066666667,-79.5115016666667,988.7,6.49891257971816,7.27911933453292,10.3,25.1821223791173,24.7,230.1,20.6,1.7,9.3
2018-08-09 15:17:18.200,191.3,27.0526266844085,1.88975020293189,1.93377465508163,1.64945169414378,404.907478851137,414.34042217193,1.6878801804717,188,140.560193153802,22766.2589359754,1,194.7,43.7728833333333,-79.5115083333333,988.7,6.49989046316054,7.27936254748458,9.8,25.1823384684831,24.7,243,27.3,2.6,9.9
2018-08-09 15:17:19.200,191.3,27.0597513016759,1.89153043744818,1.93551865731663,1.64831812946488,404.484122609481,413.890484928818,1.68665091238974,187.5,140.527517216616,22726.7011433597,1,189.7,43.77286,-79.5115133333333,988.6,6.4956950167598,7.27880686348892,9.2,25.1836618205983,24.7,242.5,25.7,2.4,8.1
2018-08-09 15:17:20.200,191.3,27.0608528966601,1.89082361381213,1.93474120421787,1.80037117130284,403.86264139504,413.242990628569,1.84218807709803,184.7,140.543414178604,22699.3248609655,1,187.2,43.7728366666667,-79.5115116666667,988.6,6.49638778756035,7.28159867459493,8.7,25.1831071671755,24.7,201.8,0.4,0.9,6.8
2018-08-09 15:17:21.200,192,27.0631654846044,1.88703698102524,1.93092905405561,1.70557651197607,403.227660485181,412.606635831327,1.74524565670905,185.4,140.54233147908,22731.0619652833,1,191,43.7728183333333,-79.511515,988.6,6.50377110166791,7.28203891643649,8.1,25.1847005513912,24.8,231.1,22.3,2.1,8.9
2018-08-09 15:17:22.200,192.2,27.0690749653172,1.88554615371262,1.9294090121442,1.66246068712274,403.063419049378,412.43989545464,1.70113441821452,186.3,140.564268667693,22734.1390943442,1,192.5,43.7728033333333,-79.51152,988.7,6.50283283274197,7.2805759611344,7.4,25.1856529528105,24.8,225.7,9.3,2.4,7
2018-08-09 15:17:23.200,192.2,27.072694882674,1.88873013529351,1.93270700411514,1.8928898513552,402.68819090158,412.064354156696,1.93696571717577,185.6,140.55467085624,22754.1002471024,1,192.6,43.7727883333333,-79.5115266666667,988.7,6.49291281778258,7.28264580953289,6.4,25.1868496068384,24.8,128.9,341.7,0.8,4.7
2018-08-09 15:17:24.200,191.8,27.084718701833,1.89077174016758,1.93482501825743,1.66707270380159,403.321628269578,412.718629934884,1.70591265645822,181.4,140.511724378049,22768.5030838623,1,190,43.77278,-79.5115283333333,988.7,6.48876963764161,7.27942327448308,4.4,25.1883308968688,24.8,129.3,326.8,2,6.7
2018-08-09 15:17:25.200,191.5,27.091836967307,1.88909543962795,1.9330686401876,1.95192482900929,402.985293889598,412.365763393377,1.99735785256068,169.7,140.567001516646,22747.9506862246,1,190.7,43.7727766666667,-79.511525,988.7,6.49527254343306,7.27693468436252,2,25.1904327315548,24.8,146.7,332.8,1.6,3.8
2018-08-09 15:17:26.200,190.6,27.1016667699044,1.89006836443333,1.93434530053911,1.79732440641447,403.54048331681,412.993885588298,1.83941072555967,161.5,140.528156939495,22889.8100970166,1,192.1,43.77277,-79.5115183333333,988.7,6.4966698046974,7.27531950369076,1.2,25.1909220976106,24.9,155.3,332.5,0.5,1.8
2018-08-09 15:17:27.200,190.5,27.1110710555244,1.89004745034171,1.93431891676754,1.78818840509312,404.776666004767,414.257954502372,1.83007120749606,162.4,140.571571579353,22887.4298278556,1,193.2,43.7727616666667,-79.5115166666667,988.8,6.49621491053169,7.2788651541816,0.7,25.1913228115919,24.9,168.1,330.4,0.6,1.9
2018-08-09 15:17:28.200,190.6,27.1173448959937,1.88980359270265,1.93416174982132,1.63292768517596,406.202446116145,415.737070058213,1.6712508569273,160,140.565510013168,22934.1531088906,1,193.4,43.7727566666667,-79.5115183333333,988.7,6.49237607684815,7.28078392631179,0.3,25.1919060387436,24.9,160.9,333,0.9,2
2018-08-09 15:17:29.200,190.5,27.1229545421095,1.88818151500589,1.93257748129054,1.60207350054626,406.775816375205,416.340146719018,1.63974236635084,162.6,140.54224223881,22972.3599792064,1,192.7,43.772755,-79.51152,988.7,6.49753531529625,7.28368232769096,0.1,25.1925160602344,24.9,216.3,21.4,1.1,2.7
2018-08-09 15:17:30.200,190.7,27.126909569822,1.88745763428149,1.93180276436412,1.78471937377918,408.475082132901,418.072162436294,1.82664959540904,163.5,140.55843788297,22955.4935254012,1,192.6,43.772755,-79.5115216666667,988.8,6.49861673239905,7.28220359723747,0.1,25.1938819865905,25,212.2,14.3,0.9,1.8
2018-08-09 15:17:31.200,191.3,27.1294663234864,1.88968765017253,1.93410925152678,1.81685793468611,411.884430368156,421.566936781104,1.85956740351143,159.6,140.544811435588,22967.7087140327,1,193.4,43.7727533333333,-79.5115216666667,988.8,6.49648852831283,7.28077257570018,0.1,25.1954812575769,25,195,354.6,1.1,1.9
2018-08-09 15:17:32.200,192.1,27.1276310556534,1.89300207188462,1.93761737257459,2.06115310668006,419.589958898179,429.479286659585,2.10973586486575,168.4,140.582962018543,23026.1245339537,1,193.5,43.7727533333333,-79.5115233333333,988.7,6.49745813127059,7.28076778346809,0,25.195499744924,25,200.1,19.9,0.9,0.9
2018-08-09 15:17:33.200,193,27.1318985171212,1.89963531987106,1.9444741788313,2.30038534186731,429.672480783554,439.814563322655,2.35468470522708,169.8,140.538626351083,23059.851836507,1,193.4,43.772755,-79.5115266666667,988.7,6.49759364301057,7.2793578793035,0,25.1968713379164,25,137.7,311.8,0.3,0.8
2018-08-09 15:17:34.200,193.5,27.1370747368648,1.90147587221246,1.94632189785891,2.79253717603832,439.840601720513,450.214156471798,2.85839523453289,197.3,140.576322145753,23041.3736639885,1,194.3,43.772755,-79.5115283333333,988.8,6.49799115589069,7.27636407469422,0,25.1976688314026,25,221.4,27.6,1.6,3.6
2018-08-09 15:17:35.200,194.2,27.1414018111812,1.90487763942264,1.94987327370131,2.64442408697566,445.272541266387,455.79054504672,2.70688569275338,241,140.560250330246,23076.2363593756,1,195.3,43.7727533333333,-79.5115283333333,988.9,6.49686543132166,7.27754336811069,0,25.1989277897076,25,195.6,5.6,1.7,3.4
2018-08-09 15:17:36.200,195.1,27.1539513243646,1.9073248859322,1.95243620537277,2.74396684407301,447.957331476168,458.552089551249,2.8088667154698,216,140.515005813033,23104.8653550701,1,195.5,43.7727533333333,-79.5115283333333,988.8,6.49807526268007,7.27960863449261,0,25.2007401946791,25.1,199.7,5.3,1.7,3.5
2018-08-09 15:17:37.200,195.5,27.1554961571803,1.90747552356782,1.95259396974437,2.87540025868114,450.370485795481,461.023131870585,2.94341239381706,203.2,140.56407373861,23106.5792362315,1,194.9,43.7727533333333,-79.5115266666667,988.8,6.49328365565683,7.27929647827659,0.5,25.2033355345457,25.1,190.6,355.3,1.6,3.1
2018-08-09 15:17:38.200,195.7,27.1626292043607,1.90895350913623,1.95423720823253,2.7889454639018,450.782106862269,461.475433453667,2.85510226805451,196.1,140.517456139069,23171.9723528022,1,195,43.7727533333333,-79.511525,988.8,6.49299961266138,7.2803745454827,2.2,25.2041687251363,25.1,195.5,4.2,1.8,4.2
2018-08-09 15:17:39.200,195.6,27.1663435932418,1.90465954390248,1.94992277687551,2.76868642369662,447.816950155103,458.459143907853,2.83448292675048,188,140.549125270231,23212.9145186291,1,187.1,43.77275,-79.511525,988.7,6.49791213857731,7.28242570972832,3.7,25.2061748943227,25.1,198.8,11.1,2.2,5.8
2018-08-09 15:17:40.200,195.4,27.1694025668287,1.90555268557764,1.95085414694053,2.67317624711015,444.33865462216,454.902100647403,2.73672734819559,184.6,140.547013758429,23221.472600757,1,183.9,43.7727366666667,-79.511525,988.8,6.49620686212749,7.2791850954717,5.5,25.2061017075176,25.1,182.1,6.5,1.6,5.6
2018-08-09 15:17:41.200,195.2,27.1739859872659,1.90157016715886,1.94646209468959,2.47962345112555,442.637477584242,453.087131013306,2.53816857546935,182.4,140.55867945135,23063.1673217389,1,183.3,43.772715,-79.511525,988.7,6.50172410844653,7.28221153292242,7.2,25.2072560787076,25.1,188.1,0.4,1.7,6.2
2018-08-09 15:17:42.200,195,27.1830883440089,1.90256236860443,1.9476746133828,2.48647669161889,442.47329906041,452.964869459617,2.54543523001185,180.7,140.554143479559,23161.9220468463,1,183.7,43.7726916666667,-79.5115233333333,989,6.49682297019359,7.28433011125779,8.1,25.2081551708662,25.1,192.8,5.4,2.6,9.5
2018-08-09 15:17:43.200,195,27.1936046318377,1.90410011171253,1.94933750287502,2.7631271221724,442.22001730494,452.726096191994,2.82877308377521,179.3,140.507195171393,23206.3004951967,1,181.7,43.7726666666667,-79.5115216666667,988.9,6.49174331215759,7.27791999297606,9,25.2095077291449,25.1,197.5,5.7,2.8,9.8
2018-08-09 15:17:44.200,194.9,27.1935113715804,1.90224558291975,1.94749358291975,2.5288858491262,442.111941062566,452.628075284277,2.58903699560968,178.2,140.575244220123,23233.6442454991,1,181.5,43.77264,-79.51152,989,6.49614493244768,7.27901778051692,9.4,25.2105540808024,25.1,191.7,5.4,2.1,9.3
2018-08-09 15:17:45.200,194.4,27.199752771,1.90269702261028,1.94771728817478,2.49291183020123,446.754454074167,457.325200226786,2.55189698536341,177.1,140.520620996022,23114.6562085256,1,181,43.7726133333333,-79.5115166666667,988.9,6.49966020049791,7.2823902523722,9.4,25.2120225099009,25.1,185.2,2.1,2.2,9.2
2018-08-09 15:17:46.200,193.9,27.1987616986584,1.90635262187821,1.9516962026218,2.38005728421373,452.298208066534,463.056624702798,2.43666599281274,174.6,140.582768302513,23233.205027668,1,180.2,43.7725916666667,-79.5115166666667,988.9,6.49672871035061,7.27959557405797,8.7,25.2124767771177,25.1,188.3,6.1,2.4,9.2
2018-08-09 15:17:47.200,193.5,27.2014328427601,1.90762057851625,1.952922662813,2.20722431903205,452.611466541554,463.36009060501,2.25964412419044,173.5,140.5677479325,23197.1619341596,1,178.9,43.772575,-79.5115133333333,988.9,6.49926245655036,7.27867257702318,7,25.2132468926849,25,187.4,0.4,1.7,6.8
2018-08-09 15:17:48.200,193.1,27.2111479930914,1.90457153648734,1.94997714909719,2.34968621817555,451.389462533369,462.150615150219,2.40570607340695,173.7,140.53312504919,23284.9694254706,1,184.7,43.772565,-79.5115116666667,988.8,6.49542552332661,7.28080392540766,5.1,25.2153016781076,25,134.7,341.4,1.1,4.9
2018-08-09 15:17:49.200,193.1,27.2172968995252,1.90182917295096,1.94728765335026,2.70299111224909,450.799448061611,461.574607838333,2.76760127171228,159.3,140.563307793024,23344.343697058,1,186.3,43.7725616666667,-79.51151,988.9,6.50612156480664,7.27625488759407,2.4,25.2153219220698,25,265.9,12.3,0.4,1.8
2018-08-09 15:17:50.200,193.2,27.2273529182623,1.90603220357666,1.95148513981972,3.07451644352952,449.372908901621,460.088988026792,3.14783058792199,148.9,140.543181030934,23291.2927415756,1,187.7,43.7725566666667,-79.5115033333333,988.9,6.49064671296299,7.27779015351452,1.4,25.2160840370618,25.1,338.9,315,0.1,1.4
2018-08-09 15:17:51.200,193.9,27.2307381372652,1.90656053182627,1.95185394335775,2.98063673894956,449.977923548204,460.667817517076,3.05144842543475,145.2,140.584918093382,23205.1476517347,1,188.5,43.7725466666667,-79.5114966666667,988.9,6.48900070208077,7.27638086073646,1.1,25.2166934954957,25.1,104.8,301.7,0.5,1.5
2018-08-09 15:17:52.200,194.2,27.2337374269649,1.90533114464411,1.95079058819216,3.12306259087922,453.691569286515,464.516302465016,3.19757903943883,145.8,140.539077121787,23303.0583799848,1,188.4,43.7725416666667,-79.5114933333333,988.9,6.49671527584231,7.27876701560523,0.7,25.2184324626166,25.1,168.2,320.1,0.5,1.6
2018-08-09 15:17:53.200,194.3,27.2389311519134,1.90492934864355,1.9502896347799,3.1544586377344,456.684858601242,467.55950762469,3.22957330305803,141.8,140.576969018846,23258.32569279,1,188.5,43.7725366666667,-79.51149,988.9,6.4955344574265,7.27674635324785,0.5,25.2192951248993,25.2,173.2,347.6,0.6,1.6
2018-08-09 15:17:54.200,194.4,27.2477955297767,1.90607399535164,1.95138989763303,3.6679037890697,459.551457940127,470.476979942616,3.75510438039726,140.4,140.557124926093,23222.3629776335,1,188.6,43.7725333333333,-79.511485,988.9,6.49807167591605,7.28269759526215,0.3,25.2203039087444,25.2,188.7,0.4,0.6,1.4
2018-08-09 15:17:55.200,194.7,27.2572628186488,1.90408258798706,1.94925448650292,3.42350297619786,460.25146112739,471.170341842089,3.50472355202003,137,140.50577049877,23173.9197873863,1,188.9,43.7725316666667,-79.5114833333333,988.8,6.49301454178115,7.27646905930501,0.3,25.2213998111979,25.2,217.4,21.3,0.9,2
2018-08-09 15:17:56.200,194.9,27.2623283296444,1.90434173284873,1.94933036875057,3.84032090568472,460.553093604735,471.433305328912,3.93103898595697,152.9,140.574831790052,23078.8864835139,1,189,43.77253,-79.5114783333333,988.9,6.49462408024816,7.27237539125881,0.1,25.2228493878884,25.2,242.6,58.7,0.6,1.1
2018-08-09 15:17:57.200,194.9,27.2757443129751,1.90447043871281,1.94917923895765,3.44118660408349,460.493573172692,471.303847006079,3.52197871332716,185.1,140.508064918675,22936.9792928601,1,189.3,43.77253,-79.5114766666667,988.9,6.49351006230346,7.2786373133209,0.5,25.2240151547774,25.2,253.9,59.8,0.7,1.5
2018-08-09 15:17:58.200,194.7,27.2781155893194,1.90418139325225,1.94902611462411,3.6656742790931,460.936560283617,471.791974147972,3.75200739516721,193.4,140.550901921556,23008.9207026857,1,190.2,43.7725316666667,-79.5114766666667,988.9,6.49539124086626,7.27741614288975,1.4,25.2248918154394,25.2,253.2,46.2,1,2.3
2018-08-09 15:17:59.200,194.6,27.2834792305165,1.90424222685955,1.94887184733181,4.22473089114641,462.645097851534,473.488086411657,4.323737526275,199.1,140.54924517811,22900.2783502298,1,196.3,43.7725333333333,-79.5114783333333,988.8,6.49218373620907,7.28246165964162,2.4,25.2261835493379,25.2,237.1,26.8,1.2,3.3
2018-08-09 15:18:00.200,194.2,27.2889284885085,1.90386061587954,1.9486716069327,3.82852049849807,462.120525379488,472.997347889905,3.91862481483251,197.9,140.543292608915,22995.6074305436,1,208.2,43.772535,-79.5114816666667,988.9,6.49356879629367,7.28258172337418,2.4,25.2282440538578,25.2,241.8,26.5,1.3,3.7
2018-08-09 15:18:01.200,194.3,27.2896105956609,1.90322494011758,1.94797949806619,3.89773658304304,460.294352968162,471.118215319173,3.98939126170548,192,140.556108157808,22974.8923636636,1,205.6,43.772535,-79.5114866666667,988.9,6.49413092181503,7.27723327297145,0.9,25.2296215053269,25.2,270.6,53.6,0.8,1.8
2018-08-09 15:18:02.200,195.1,27.2990025184426,1.90061221153685,1.94512273231422,3.5310069204344,455.609849764457,466.279865147598,3.61370251113427,182.3,140.510587407787,22883.1214989777,1,205,43.7725383333333,-79.5114933333333,989,6.49614145993772,7.2857294179245,0.5,25.231279319432,25.2,296.3,70.3,0.6,1.1
2018-08-09 15:18:03.200,196,27.2986541706014,1.90244069628002,1.94700041409437,3.75869173024489,450.607253890452,461.161394387367,3.84672863236223,169.4,140.585630881487,22886.1753897946,1,205.4,43.7725383333333,-79.511495,988.9,6.49412702783909,7.28272635836113,0.3,25.2327708915819,25.2,267.4,40.2,0.2,0.6
2018-08-09 15:18:04.200,196.5,27.2990183080099,1.89812187020226,1.94260410730243,3.30564994609362,444.819036978021,455.24313971597,3.38311589526209,190.6,140.520738065685,22897.9061491208,1,206,43.7725366666667,-79.511495,989,6.49719109038384,7.28623109339244,0.5,25.2339603228893,25.2,262.8,54.7,0.8,1.9
2018-08-09 15:18:05.200,196.7,27.3008928985705,1.89987553079291,1.94431000439235,2.96269886841616,441.46240445485,451.787514795454,3.0319923270084,206.1,140.585697517337,22853.9085902951,1,209.6,43.7725366666667,-79.5114966666667,988.9,6.49100251278426,7.27643516302513,1.8,25.234335526913,25.2,266.1,41.9,0.9,2
2018-08-09 15:18:06.200,196.5,27.3070568428647,1.8964155358724,1.94071440407148,2.78837769836952,435.694613983267,445.872110500586,2.85351231578874,209.6,140.570152875168,22826.0888548395,1,213.6,43.772535,-79.5114983333333,988.9,6.49719234447693,7.27819557944391,3.7,25.2355313812139,25.2,260.7,15.2,1.2,2.9
2018-08-09 15:18:07.200,196.1,27.3152751471008,1.89546505628783,1.93977717462868,2.62603529869259,432.044234371258,442.144504792647,2.68742562007013,216.1,140.510086396744,22843.7137405653,1,219.5,43.7725216666667,-79.5115133333333,988.9,6.49999323052038,7.27893878248432,6.6,25.2355270562218,25.3,217.8,0.4,0.9,5.1
2018-08-09 15:18:08.200,195.6,27.3180401138244,1.8962806724607,1.94053185655613,2.15895519975862,428.425643998927,438.423201244713,2.20933661925434,224,140.572509903559,22803.3570990208,1,232.7,43.7725066666667,-79.5115383333333,988.9,6.49657124120378,7.2806024000533,8.7,25.2380138851664,25.3,259.1,15.4,1.8,8.5
2018-08-09 15:18:09.200,195.1,27.3297953722147,1.89658368217498,1.94121598628961,2.0549292306254,425.261107778745,435.268894915583,2.10328757162751,231.2,140.504532827103,22992.1527053685,1,243.7,43.7724933333333,-79.5115716666667,988.9,6.49085980654781,7.2757976069084,9.8,25.241329931448,25.3,237.2,8.3,2.8,10.7
2018-08-09 15:18:10.200,194.8,27.3311229012619,1.89096977833634,1.93496429682204,2.04587723446819,422.580686516611,432.412470688643,2.09347631886686,237.1,140.553678157095,22736.8572288437,1,251.1,43.7724783333333,-79.5116083333333,989,6.50096826186969,7.28608851559104,10.3,25.2450916877672,25.2,256.4,12.2,3.2,10.7
2018-08-09 15:18:11.200,194.4,27.3443270772092,1.89406098177416,1.9386378947122,2.50749096929509,422.250793029961,432.188644126813,2.56651233118297,244.6,140.531575608925,22994.1400396018,1,257.3,43.772465,-79.5116466666667,988.9,6.49391938348955,7.27473911885173,10.7,25.2434149619978,25.2,238.8,2.9,2.1,9.7
2018-08-09 15:18:12.200,194.2,27.3524158623242,1.90016293610825,1.94494909674402,2.60670401336016,425.26383553877,435.287332749841,2.66814407090943,252.7,140.571464483737,23027.2001324226,1,265.1,43.77246,-79.5116883333333,988.9,6.49515251103522,7.27471486478467,10.9,25.2436388137693,25.1,262.2,2.9,2.5,10.8
2018-08-09 15:18:13.200,194.1,27.3603246830727,1.90215620799435,1.94703521674257,2.56911102796488,426.360270842126,436.419854166451,2.62972670213271,256.5,140.549992679943,23050.1622227601,1,270.2,43.7724516666667,-79.5117266666667,988.8,6.50767244631607,7.28417860611686,11.4,25.244822713798,25.1,250.2,1.8,2.1,9.9
2018-08-09 15:18:14.200,194.2,27.3773551540505,1.90873644359647,1.95382473195549,2.67106308446568,425.620140368069,435.67407464233,2.73415848695945,257.4,140.498155749167,23076.9200951168,1,268.5,43.7724433333333,-79.5117683333333,988.9,6.49435828353279,7.28256881290086,11.8,25.2470781347876,25,264.7,8.6,1.9,10.3
2018-08-09 15:18:15.200,193.9,27.3717299612152,1.9061661865889,1.95117110595986,2.49614313024798,423.421425900518,433.418656000808,2.55507862320286,256.1,140.584255967646,23065.8848547093,1,261.7,43.772435,-79.5118116666667,988.9,6.49469144765633,7.2800407333574,12,25.2480508062904,25,266.1,1.7,2.7,10.4
2018-08-09 15:18:16.200,193.4,27.375033833428,1.90459966569045,1.94963020815376,2.61560537637104,421.749669385569,431.721054347467,2.6774456092716,254.6,140.500193120311,23096.8770251924,1,251.7,43.772425,-79.5118533333333,988.9,6.49631144105432,7.27646110346348,12.2,25.2475583618773,25,261.5,3.2,2.4,11.3
2018-08-09 15:18:17.200,193,27.3771732597277,1.90150827893124,1.94601507264628,2.12325062183191,418.882433731447,428.686869849034,2.17295109898798,254,140.59288582305,22870.5953770869,1,254,43.772415,-79.5118933333333,988.9,6.49174704589302,7.27788653680168,12.5,25.2481895122885,25,257.7,359.8,2.4,11.1
2018-08-09 15:18:18.200,192.4,27.3795822937628,1.90014929482765,1.94505854572806,2.28820264883743,416.560709645863,426.406065026894,2.34228482633994,254.6,140.556140055454,23089.1054672825,1,259.6,43.7724066666667,-79.5119366666667,988.8,6.49322385912129,7.28237057995078,12.9,25.2506802341785,25,251.1,357.2,2.2,10.9
2018-08-09 15:18:19.200,191.9,27.390016941426,1.89708549645676,1.94179995276462,2.41556332301296,416.386238711657,426.200363029732,2.47249742462005,254,140.52991945446,23027.034818444,1,259.8,43.7724,-79.5119816666667,989,6.49335367872624,7.27436765583386,13.3,25.2515920640525,25,240.3,355.3,2.5,12.8
2018-08-09 15:18:20.200,191.6,27.3899759878611,1.89717697455441,1.9417432436386,1.97539975835693,414.129951650918,423.85820994993,2.02180376633882,254.5,140.566894910881,22951.6433056197,1,259.8,43.7723916666667,-79.5120266666667,988.9,6.4972280256379,7.28254395797528,13.7,25.2522892848802,25,248.1,356.8,3.4,13.6
2018-08-09 15:18:21.200,191.6,27.3960232826596,1.89666817772634,1.94133257363387,2.06724885233783,414.905138303745,424.675641624366,2.11592975651535,255.2,140.531278731403,23006.9771475589,1,261,43.7723833333333,-79.5120783333333,988.9,6.49786776860507,7.27854505086662,14.4,25.2529988342583,24.9,254.1,359.1,2.5,11.8
2018-08-09 15:18:22.200,190.8,27.40139,1.891763,1.936113,1.914612,414.4042,424.1194,1.959498,253.5,140.592,22906.72,1,260.6,43.7723733333333,-79.5121316666667,988.8,6.500825,7.278004,15,25.25556,24.9,245,355.5,2.8,14.1
2018-08-09 15:18:23.200,190,27.404345189533,1.89423868816639,1.93855327612181,1.73391550593308,414.808023126247,424.512186596034,1.77447849510076,252.6,140.52290089492,22859.4935102828,1,261.6,43.7723633333333,-79.512185,988.8,6.50053785048342,7.26973483388841,15.9,25.2563342985798,24.9,249.8,0,3.1,13.8
2018-08-09 15:18:24.200,189.5,27.40783,1.893777,1.937813,1.948064,414.2412,423.8736,1.993362,252.1,140.5861,22724.59,1,262.4,43.7723516666667,-79.5122416666667,988.9,6.495919,7.284184,16.4,25.2585,24.9,253.7,1.8,2.6,13.9
2018-08-09 15:18:25.200,188.9,27.41758,1.8928,1.937038,1.846061,412.5995,422.2427,1.889207,253.6,140.5515,22838.02,1,263.6,43.77234,-79.5123,988.7,6.492365,7.277516,16.8,25.25915,24.9,268.1,4.4,3.5,15.9
2018-08-09 15:18:26.200,188.7,27.4322135691654,1.89227850658891,1.9363481757039,1.66682485255126,412.303980629357,421.906305325114,1.70564510739371,254.2,140.493273352774,22759.5636130889,1,265.6,43.7723283333333,-79.5123566666667,988.9,6.49634352174709,7.28132055109119,16.8,25.2600438978901,24.9,244,353.3,4,18.5
2018-08-09 15:18:27.200,188.7,27.4325981598798,1.89197889997468,1.93621596396036,1.97003410083714,412.58645713749,422.233161486975,2.0160972355171,252.5,140.579040106068,22847.0610324113,1,261,43.7723133333333,-79.5124133333333,988.8,6.49171472488727,7.27290183682,16.6,25.2616113668316,24.9,240.6,351.7,4.8,18.9
2018-08-09 15:18:28.200,188.6,27.44257,1.895062,1.939177,1.448246,410.0744,419.6205,1.48196,250,140.4933,22749.4,1,255.1,43.772295,-79.5124666666667,988.9,6.493778,7.27989,16.4,25.26485,24.8,237.1,354.4,4.8,17.5
2018-08-09 15:18:29.200,188.3,27.4382160745611,1.89184011276458,1.9357779958637,2.09261500390725,409.733138371889,419.249194063675,2.14121550973444,250,140.557411996605,22697.773362256,1,256.2,43.7722816666667,-79.51252,988.8,6.49969020893009,7.27848757281632,16.1,25.2653467381873,24.8,251.2,0.4,3.6,16.3
2018-08-09 15:18:30.200,188.4,27.4376193211683,1.89294127992593,1.93698896888725,1.56853436023905,408.77180179167,418.283702071445,1.60503297392315,251.4,140.540049890088,22740.2050742514,1,261.7,43.77227,-79.512575,988.8,6.49580259023408,7.27655074645285,16.1,25.2639543641337,24.8,242.2,354.6,3.7,15.1
2018-08-09 15:18:31.200,188.6,27.4461085950591,1.88839180806128,1.93221733296846,1.64778996539373,407.994338676923,417.463009547543,1.68603216266381,253.1,140.557077850105,22681.4197007101,1,265.6,43.77226,-79.5126283333333,988.8,6.49639973582686,7.27707552762041,16.2,25.2656748069783,24.8,238.1,353.3,4.3,17.7
2018-08-09 15:18:32.200,188.4,27.4506620769059,1.89105413015811,1.93502069581279,1.64677134840154,407.520115535329,416.994939171014,1.68506047408911,255.3,140.555187145059,22721.8229323194,1,267.1,43.77225,-79.512685,988.7,6.4979718510642,7.27627514822467,16.4,25.2668081064698,24.8,242.6,355.9,4.5,17
2018-08-09 15:18:33.200,188.1,27.4572408142909,1.88762120050891,1.93164308534108,1.98809561523381,406.988422997884,416.480043670805,2.03446129717,254.6,140.532749077619,22790.0308592512,1,264.6,43.7722416666667,-79.5127416666667,988.8,6.49753067228131,7.27588800143224,16.6,25.2682179833693,24.8,245.9,356.3,4.5,17.2
2018-08-09 15:18:34.200,187.9,27.462586372864,1.89275271772778,1.93684468043148,1.68681659715557,405.18094672066,414.619686591677,1.72611161535176,253.9,140.588982896681,22764.8600844823,1,256.2,43.7722316666667,-79.5127983333333,988.8,6.49240603319921,7.27678122772646,16.6,25.2688048745134,24.8,250.8,357.4,3.8,16.1
2018-08-09 15:18:35.200,187.5,27.4663706344508,1.89135436985492,1.93536199066428,1.44581861765293,406.127539810609,415.577198571305,1.47945934167469,253.3,140.508194755941,22738.6194131723,1,257.2,43.7722183333333,-79.5128566666667,988.8,6.49981976720536,7.27469205469975,16.8,25.2713691847385,24.8,246.7,357.6,3.4,15.3
2018-08-09 15:18:36.200,187.4,27.4667905358001,1.88795573447003,1.93189529595419,1.50453247178617,406.026367212752,415.476216889907,1.53954992973722,253.4,140.590513165172,22744.6596704753,1,260.7,43.7722066666667,-79.5129133333333,988.8,6.50531216460419,7.27838155012891,16.8,25.2723062397024,24.7,249.5,0,2.6,13.7
2018-08-09 15:18:37.200,187,27.4731181280759,1.88903376602405,1.93304536835667,1.7841639041357,406.563023369927,416.03550290049,1.82573236702055,253.4,140.544137429745,22768.2845588105,1,261.6,43.7721933333333,-79.5129683333333,988.8,6.50242902963107,7.27888976082593,16.8,25.2730163742392,24.7,249.9,0.8,1.2,10.5
2018-08-09 15:18:38.200,186.7,27.4794648969123,1.88954212659356,1.93359947758956,1.34642729489784,406.697209184209,416.179798340579,1.37782186136191,253.7,140.516038899404,22784.9829429223,1,262.7,43.7721816666667,-79.5130233333333,988.8,6.49759668743006,7.27247922777899,16.8,25.2734939004981,24.7,265.4,2,1.3,11.4
2018-08-09 15:18:39.200,186.6,27.4783332555702,1.88754698642004,1.93120772511516,1.29858588052024,405.068482860769,414.438114623954,1.32862733249447,253.5,140.56731761963,22608.1796035535,1,263,43.7721683333333,-79.5130766666667,988.9,6.49157957567452,7.27572150142897,16.8,25.2757117684498,24.7,239.3,356.4,1.4,12.3
2018-08-09 15:18:40.200,186.8,27.4913296499147,1.88868457781623,1.93257074474872,1.74260075977437,405.352049192987,414.770772347265,1.78309174625744,253.2,140.506000073897,22708.4350888915,1,259.7,43.772155,-79.51313,988.9,6.50229025106996,7.27553514701735,16.6,25.2767987937607,24.7,236.9,355.1,1.6,11.6
2018-08-09 15:18:41.200,186.8,27.4896046863419,1.88878061867016,1.93251953691449,1.64247478996619,404.440402772468,413.806126427233,1.68051065351638,253.8,140.581902398291,22633.1129196112,1,257.7,43.7721416666667,-79.5131833333333,988.8,6.49931082907846,7.26966793933275,16.2,25.2773633782512,24.7,228.2,352.9,1.9,12.8
2018-08-09 15:18:42.200,187.3,27.4961649979264,1.88870479125523,1.93225264290118,1.46258663387883,405.466364393242,414.815116407948,1.49630990893236,253.9,140.529211922348,22537.1928771904,1,258.9,43.7721283333333,-79.513235,988.8,6.4887586084802,7.27898001822483,15.9,25.2806626035934,24.7,213.3,344.4,2.9,13.7
2018-08-09 15:18:43.200,187.3,27.501934693399,1.88838547044003,1.93177798127927,1.405961687176,404.163450841057,413.450650067941,1.4382705620347,252.6,140.573930247085,22462.654552481,1,257.1,43.77212,-79.513285,988.9,6.49779781133825,7.27717501940599,15.3,25.2809005446074,24.7,193.6,338.1,2.5,11.5
2018-08-09 15:18:44.200,187,27.5048311732833,1.89060914059731,1.93430462543944,1.43155368519813,403.654326055391,412.983492309785,1.46464369126948,251.8,140.537340258652,22589.7522251442,1,254.9,43.7721083333333,-79.5133316666667,988.8,6.49595346563673,7.28011990447329,14.2,25.2819886770729,24.8,187,345.1,2.2,9.9
2018-08-09 15:18:45.200,187.4,27.5141041260341,1.88873804873976,1.93219263712099,1.07640170057871,404.85042712977,414.164904333388,1.10117896922265,251.1,140.501215460802,22489.9505668443,1,254.6,43.772095,-79.5133716666667,988.8,6.50044115459838,7.27316536980045,13.3,25.2842990694172,24.9,253.2,359.6,1.5,10.5
2018-08-09 15:18:46.200,188.1,27.5126342840263,1.88803384486005,1.93166825564028,1.87996137633722,404.819699721911,414.175490366758,1.92341924535079,252,140.575574719833,22588.9048442926,1,256,43.7720816666667,-79.51341,988.8,6.49921780849135,7.27799902326732,12.5,25.2831668747231,24.9,208.2,348.9,1.7,11.2
2018-08-09 15:18:47.200,188.4,27.519730257608,1.88951239834007,1.93288499121843,1.36561789791082,404.193412235804,413.471470757165,1.39696454662508,252.2,140.509615563063,22439.2975845836,1,257.7,43.77207,-79.513445,988.9,6.4975078312735,7.26827976607213,11.8,25.2844426192231,24.9,222.3,343.5,2.6,11.8
2018-08-09 15:18:48.200,189,27.5227295601769,1.88913706680588,1.93255206437115,1.33793771447172,404.61518332291,413.913829176012,1.36868283391457,252.1,140.55441123119,22465.1471284313,1,257.1,43.7720616666667,-79.51348,988.9,6.49897967812817,7.27104145135191,10.9,25.286037846596,24.9,213.5,344.8,3.2,9.9
2018-08-09 15:18:49.300,189.2,27.5271460975341,1.89004392601857,1.93338181197785,1.66599772768597,403.864903469791,413.125390977824,1.70419840091823,250.8,140.545141661311,22415.6261436205,1,255.4,43.7720516666667,-79.5135116666667,988.9,6.50016389748087,7.27975468462073,10,25.2872754729358,24.9,250.7,352.5,2.2,9.4
2018-08-09 15:18:50.300,189.8,27.5285404098248,1.88957417356755,1.93292511644477,1.57989073141338,404.376611102041,413.653997721937,1.61613531283918,251.1,140.539427817545,22427.8191565062,1,253.5,43.7720416666667,-79.5135383333333,988.9,6.50020785866552,7.2768057499869,8.8,25.2890287115789,25,228.9,351.5,1.6,8.5
2018-08-09 15:18:51.300,190.5,27.5298880391558,1.89051286492919,1.93398694891553,1.47259934408274,405.429825849334,414.753060662276,1.50646005545316,247.8,140.546460548281,22479.0246780828,1,252.7,43.7720333333333,-79.5135566666667,988.8,6.49619267075083,7.27170201009106,7,25.2893205247978,25,228.3,351.3,2.4,8.8
2018-08-09 15:18:52.200,190.4,27.5334974314861,1.88940756041293,1.93277704152013,1.93676982526435,405.455974791141,414.762644735668,1.98122559034098,257.8,140.560561349404,22438.5615041463,1,247.4,43.772035,-79.5135683333333,989,6.4983593859569,7.27302518291437,3.5,25.291822190658,25,182.6,331.8,1.4,3.4
2018-08-09 15:18:53.300,189.3,27.5355832606994,1.89048459204547,1.93386234737065,1.52136655083993,407.555741124191,416.907203500142,1.55627081296145,267.7,140.583161666442,22430.6064652863,1,248.6,43.7720366666667,-79.5135666666667,988.9,6.49633741456015,7.27117865822518,1.2,25.2916296213893,25,96.7,236.6,1.5,1.9
2018-08-09 15:18:54.300,188.3,27.5442854889544,1.89073711713643,1.93403101436235,1.79951600730365,408.248772679782,417.596880333878,1.84071387074244,281.4,140.526598268583,22385.4268683732,1,257.5,43.7720366666667,-79.513565,989,6.4983539456294,7.27971666077895,0.5,25.2919947825811,25.1,117.8,246.6,0.9,0.8
2018-08-09 15:18:55.300,187.7,27.5493003474152,1.88977921702379,1.93328223439455,1.46616042824468,410.960950308768,420.421326825018,1.49991154862191,294.8,140.579701751841,22502.0992113024,1,260.5,43.7720366666667,-79.513565,989,6.49936360790284,7.27441892105642,0.3,25.2928846084196,25.1,145.9,161.5,0.6,1.1
2018-08-09 15:18:56.200,186.9,27.5512349022241,1.89092404823071,1.93444297394291,1.66594025385049,411.244797297469,420.709349793988,1.7042749055039,294.6,140.539421150978,22496.7798142361,1,263.4,43.7720416666667,-79.51357,988.9,6.50052628162787,7.2756597197361,0.3,25.293735970692,25.1,47.6,153.2,1.6,2.8
2018-08-09 15:18:57.200,186.2,27.5552793338343,1.89177856731927,1.93510726050617,1.93522184047395,410.914410138475,420.325844340201,1.97954425815117,301.6,140.510112207588,22390.8049502664,1,263.1,43.7720433333333,-79.5135716666667,989,6.49609397855745,7.27357947216713,0.3,25.2947843809587,25.2,46.3,229,0.5,1
2018-08-09 15:18:58.300,186,27.5500115499533,1.89115924991004,1.93470910426742,1.80279687376774,410.486575544179,419.939466511043,1.84431521615292,308.5,140.563538240945,22510.0894089825,1,263,43.7720433333333,-79.5135683333333,989,6.50163827118009,7.2796787570519,0.1,25.2965320055744,25.3,156,280.5,0.9,1.6
2018-08-09 15:18:59.200,186.2,27.5537355337043,1.89434045435644,1.9378285871629,1.43857793456103,409.388486811444,418.786663842715,1.47157413784455,316.6,140.507388207172,22441.3919346314,1,263.3,43.7720433333333,-79.5135683333333,989,6.49857659587181,7.27513038019577,0.1,25.2978355325532,25.3,316.7,157.4,0.3,0.9
2018-08-09 15:19:00.200,186.8,27.5500396335363,1.89487484841226,1.93809015165699,2.08020656168323,409.163452180747,418.494885465385,2.12763183507358,326,140.567646103597,22297.5824213746,1,263.6,43.7720433333333,-79.51357,989,6.49999578380858,7.27207249848547,0.1,25.2986992670726,25.3,133,244.1,1,3.2
2018-08-09 15:19:01.200,187.7,27.5520113768857,1.90111479048798,1.94482245139302,1.61856412941524,409.385443673798,418.797547023411,1.65578023070876,323.9,140.540382087069,22474.0193311473,1,263.5,43.7720433333333,-79.51357,989,6.5000299660208,7.27196142847185,0.1,25.3002433753825,25.3,151.2,249.7,1.5,2.7
2018-08-09 15:19:02.300,188.3,27.5592932321103,1.90266849028904,1.94626187165711,1.42312032402947,407.941038355963,417.287723927478,1.45572727068874,323.5,140.554715780665,22398.632432359,1,263.5,43.7720433333333,-79.5135716666667,989.1,6.50123265546483,7.27548089906199,0,25.3011157306956,25.3,171.9,258.1,1,1.8
2018-08-09 15:19:03.300,188.6,27.5666449393178,1.9048530754499,1.94865728615839,1.3627689928511,407.371892805486,416.739934544084,1.3941067023525,322.1,140.538493265553,22479.2765455916,1,263.4,43.772045,-79.513575,989,6.49629355036594,7.27654889466746,0,25.3023619055344,25.3,189.9,249.1,0.5,1.4
2018-08-09 15:19:04.300,188.9,27.5744239854976,1.90341294137662,1.94717573130793,1.14325879565507,407.207683368749,416.56997400858,1.16953936215983,330,140.513450170906,22474.7387088922,1,263.5,43.7720433333333,-79.5135766666667,989.1,6.497258730727,7.27645685922401,0,25.3040165546079,25.3,123.9,222.2,1.3,2.9
2018-08-09 15:19:05.300,189,27.5760665995213,1.90127729422177,1.94487000057451,1.58338789068832,406.802269452523,416.129348177183,1.61969407547669,330.3,140.572308309654,22413.8936501164,1,263.6,43.7720433333333,-79.5135783333333,989,6.49891710520325,7.2774880729127,0,25.3045071312052,25.3,108.6,172.7,1.2,2.3
2018-08-09 15:19:06.300,188.9,27.5797705397833,1.8996666652026,1.94314593397347,1.47044642847913,406.875998193152,416.188553380842,1.50410432505095,314.4,140.514807928635,22375.8096366604,1,263.4,43.7720433333333,-79.5135816666667,989,6.49354630617252,7.27106223785904,0,25.3063632386996,25.3,42.2,145.5,1.1,1.6
2018-08-09 15:19:07.300,188.9,27.5809699235781,1.90200209320651,1.94574756324953,1.54306230047771,406.398689630126,415.745745009275,1.57855234996257,317.6,140.553730351715,22482.7592180129,1,263.4,43.7720433333333,-79.5135833333333,989.1,6.49557176087329,7.27186367659571,0,25.3075378496033,25.3,34.9,130.5,0.8,1.6
2018-08-09 15:19:08.300,188.8,27.5862011972206,1.90261275199354,1.9461631062494,1.59805009531991,406.391914360356,415.694040891247,1.6346283044813,314.9,140.548864114839,22377.3898544679,1,263.3,43.7720416666667,-79.513585,989.2,6.49887781228544,7.27193501427963,0,25.3086088717156,25.3,107.8,231.2,0.6,1.8
2018-08-09 15:19:09.300,188.9,27.5905593172833,1.90372813289269,1.94728082374107,1.69475538382064,406.296447415596,415.591492402057,1.73352745804412,311.1,140.524666750002,22365.8131134026,1,263.4,43.7720416666667,-79.5135866666667,989.1,6.49689062569959,7.27714772055504,0,25.3098174629964,25.3,187.7,269.8,0.7,1
2018-08-09 15:19:10.200,189,27.5918692277834,1.90526058168497,1.94883663102755,1.36445641475575,405.598896779325,414.875394597104,1.39566111357244,308.5,140.553437564098,22359.7959472771,1,263.3,43.7720416666667,-79.5135883333333,989,6.50253333632422,7.27675138524368,0,25.3111996595827,25.3,153.8,284.4,0.5,1.5
2018-08-09 15:19:11.200,189.1,27.6025432911416,1.90293750906032,1.9464140730521,1.57745688183436,404.730856116529,413.977792825198,1.61349672574726,32.7,140.515120252011,22336.7038252322,1,263.6,43.77204,-79.5135883333333,989.1,6.50769912540389,7.27661811394604,0,25.3125361743881,25.4,193.6,269.8,0.5,0.8
2018-08-09 15:19:12.300,189.1,27.6042253976104,1.90628637310966,1.949886876152,1.47423774782272,404.664626353127,413.920219749053,1.50795691788086,251.4,140.570949842619,22360.696664921,1,265.2,43.77204,-79.5135883333333,989,6.49581070253053,7.27566898562783,1.1,25.3137888360265,25.4,114.2,243.7,0.7,1.7
2018-08-09 15:19:13.200,189,27.6122139509567,1.90111692434822,1.94453386995094,1.41436026396866,404.137180534676,413.366707238465,1.4466591734417,247.2,140.536919421806,22327.7673289615,1,269.4,43.77204,-79.5135883333333,989,6.50027859855467,7.27440844500928,2.7,25.3155234197426,25.4,167.7,313.6,0.8,1.8
2018-08-09 15:19:14.200,189.1,27.6184108492039,1.90116325124848,1.94432853996731,1.41018573802405,404.007370816915,413.180066576561,1.44220213558864,241.6,140.567202789132,22200.3483287872,1,263.7,43.7720366666667,-79.5135983333333,989,6.49736439529016,7.26818085957617,4.4,25.3168729591828,25.4,217.5,315.3,1.1,3.5
2018-08-09 15:19:15.200,189.3,27.6242369916712,1.89934612645913,1.94259809600296,1.36605256637566,403.269825145434,412.452949649732,1.39718044322631,245.4,140.528351566368,22264.5721179821,1,261.5,43.77203,-79.5136183333333,989.1,6.50340025661255,7.27382620793148,6.2,25.3188591187231,25.4,183.8,323.1,0.9,3.7
2018-08-09 15:19:16.200,189.4,27.6302796050305,1.90075467089871,1.9442831149347,1.78553330655351,403.754072826555,413.000313452269,1.8264251862246,244.7,140.507729886427,22387.9021848127,1,262.1,43.7720216666667,-79.513645,989.1,6.49643557025831,7.26833029101286,7.7,25.3209543176937,25.4,162.6,333.2,1,4.7
2018-08-09 15:19:17.300,189.4,27.6319900640805,1.90025607367159,1.94350643799272,1.74018912596711,402.076642749302,411.228074292098,1.7797965934259,242.5,140.561132619824,22254.0258407622,1,258.3,43.7720083333333,-79.5136766666667,989.1,6.49442711760651,7.27133743554101,8.8,25.3215514615115,25.4,185.7,334.5,1.6,7
2018-08-09 15:19:18.200,189.4,27.6410294205059,1.89855328177646,1.94181285511973,1.6993941593736,401.656504855542,410.808431874875,1.73811074791255,233.8,140.511947482928,22277.9394170825,1,247.7,43.7719916666667,-79.5137016666667,989.1,6.4960574922141,7.27511208111566,9.6,25.3239874357219,25.4,178.7,329.8,3,8.8
2018-08-09 15:19:19.300,189.6,27.6435401501489,1.89598699394349,1.93925467442413,1.4621117236767,402.20954089857,411.388176994698,1.49547988155713,228.1,140.550824682078,22311.3234845887,1,228.4,43.7719666666667,-79.5137316666667,989.1,6.49782097740936,7.2715520833511,10.3,25.3282562287483,25.4,190.5,343.6,2.8,10.2
2018-08-09 15:19:20.300,189.8,27.646339050551,1.89396028753671,1.93702516439292,1.51494189425997,401.922471621734,411.061404230117,1.54939013515488,231.8,140.542924793754,22232.4535563372,1,238,43.7719483333333,-79.5137633333333,989,6.49853118433064,7.27320519213769,11.1,25.3302779211006,25.4,207,347,3.4,12.9
2018-08-09 15:19:21.300,189.7,27.6507123669594,1.89459619657564,1.93769236964275,1.78072518879381,402.227840235629,411.377334122326,1.82123120532497,238.3,140.543466006495,22241.1351997953,1,260.5,43.771935,-79.5138,989,6.49221784912692,7.27242332485335,11.8,25.3276153366611,25.3,195,335.6,3.5,12.1
2018-08-09 15:19:22.300,189.5,27.6567734461464,1.89388746673813,1.93696497069637,1.76616868796912,403.026448695108,412.19345583838,1.80633995105658,241.3,140.555342178587,22239.4923249346,1,262.1,43.7719233333333,-79.5138383333333,989,6.49985278695813,7.27686143752667,12.4,25.328746179809,25.3,183,328.7,3.7,13.3
2018-08-09 15:19:23.300,189.4,27.6646179794921,1.89459389550251,1.93776712007255,1.7109911663928,406.686581880185,415.954111231849,1.74998090275458,242.3,140.557528145885,22279.9757187319,1,258.6,43.7719116666667,-79.5138816666667,989.1,6.49913209107764,7.2760116909083,13.1,25.3298841039654,25.3,177.2,329.6,3.7,11.9
2018-08-09 15:19:24.300,189.2,27.6697260113317,1.89458627331611,1.93781604343933,1.65801187788003,412.55638491747,421.969826288091,1.69584432558247,241.4,140.572888380253,22308.3869322787,1,249.9,43.7718966666667,-79.5139233333333,989.1,6.4953071913834,7.27244964897928,14,25.3291017456605,25.2,191.3,338.4,3.4,12.1
2018-08-09 15:19:25.200,189.2,27.6752691000606,1.89253607683211,1.93577626473763,1.45525913272868,416.325197749122,425.837235830992,1.48850788039195,242.1,140.54274930849,22337.1919392082,1,251.5,43.7718833333333,-79.513965,989.1,6.50380070082574,7.27018704187106,14.8,25.3309081157006,25.2,195.2,338.4,3.1,13.1
2018-08-09 15:19:26.200,188.9,27.6825191244357,1.89429593883069,1.93783268434963,1.54263231148688,416.266915206375,425.833880662043,1.57809449874308,239.3,140.57529476038,22466.4079251227,1,252.4,43.771865,-79.5140116666667,989,6.49610610169681,7.26754706894389,15.3,25.3316116234906,25.2,212.3,349.9,3,13
2018-08-09 15:19:27.300,188.8,27.6912880524983,1.89525291088699,1.93888276539105,1.67713157897606,414.85421694681,424.404461891677,1.71575259355584,236.8,140.555986908589,22502.4794134111,1,243.7,43.7718383333333,-79.51406,989.1,6.49279269669609,7.27027972780413,15.9,25.3317831464681,25.2,207.7,353.8,1.9,11.8
2018-08-09 15:19:28.200,188.9,27.6965717353357,1.89214221394155,1.93529937580181,1.47379304064098,412.867510011235,422.284510865341,1.50740991455259,237.5,140.519021713608,22300.0191331858,1,237.2,43.7718183333333,-79.514105,989,6.49737326468505,7.2725976529121,16.2,25.3326315175307,25.2,231.7,353.1,2.2,13.2
2018-08-09 15:19:29.300,188.5,27.697599647035,1.8904961939743,1.93341028527571,1.58039058582393,411.817191027363,421.165427570903,1.61627376269944,236.9,140.56014061962,22196.1588316527,1,240.4,43.7717933333333,-79.51416,989.1,6.50012971654572,7.27184982514243,16.6,25.3341027049112,25.2,214,351.4,2.5,13.5
2018-08-09 15:19:30.300,187.8,27.7071433683,1.89376240305976,1.93691857499727,1.7103011191205,411.804387399727,421.188809056408,1.74926623317877,237,140.514601393494,22280.8790161527,1,239.6,43.77177,-79.5142116666667,989,6.4965511190222,7.27022892343537,17.2,25.3356495881566,25.1,189,337.5,2.7,14.3
2018-08-09 15:19:31.200,187.2,27.7082608889946,1.89400944493763,1.93724601616993,1.45060803269358,411.554653505256,420.949604474044,1.48371720482071,236,140.545035924399,22318.5309000913,1,245.5,43.7717466666667,-79.5142583333333,989,6.49569095966323,7.26780545998025,17.4,25.3368366423589,25.1,187,339.6,3.2,13.4
2018-08-09 15:19:32.200,186.4,27.7120216974544,1.89321978792859,1.93638184556461,1.64562046197891,413.669552752982,423.100593160269,1.68313663358659,236,140.538106141937,22290.0837631845,1,235.8,43.77172,-79.5143116666667,989,6.49559228108693,7.2663823927228,17.5,25.3385946865485,25.1,180.8,344.2,2.5,12.3
2018-08-09 15:19:33.300,186,27.7185880431156,1.89489039586939,1.93815285435783,1.57326712039499,416.034112344319,425.532668176479,1.60918798488948,234.8,140.51326493005,22321.6323854879,1,236.3,43.7716866666667,-79.5143666666667,989.1,6.49413602720195,7.26798195637189,17.7,25.3400668689849,25.1,206.4,354.9,2.8,15.6
2018-08-09 15:19:34.200,185.6,27.7204407344869,1.89202866620734,1.93515222326535,1.68359282776088,416.261793910025,425.749411995454,1.72196519301906,233.6,140.545234818656,22284.6066543669,1,240,43.7716633333333,-79.5144116666667,989.1,6.49868295564277,7.26931896902447,17.7,25.3406857155312,25.1,227.7,354.9,4,18.1
2018-08-09 15:19:35.200,185.4,27.7250578355637,1.89387409403526,1.93701142666813,1.93563196781726,415.925865931892,425.39955725492,1.97972375803518,233.2,140.541506365438,22270.1119175438,1,240.6,43.7716366666667,-79.5144616666667,989,6.49731632869382,7.27483011277769,17.7,25.3424715401434,25,215.1,347.4,4.8,17.9
2018-08-09 15:19:36.300,185.6,27.7266599113185,1.89502754148496,1.93811226805869,1.56950986440716,414.825741823971,424.257019379704,1.60519681359335,233.1,140.553881643431,22230.0135140938,1,242.3,43.7716083333333,-79.514515,989,6.49679280368484,7.27109958083887,17.7,25.3445501465332,25,194.9,343.4,3.9,15.8
2018-08-09 15:19:37.300,185.4,27.7280598750134,1.89382039750027,1.93673969712587,1.40025148170649,413.501548371398,422.87263381023,1.43198375308624,232.7,140.534133401607,22160.400415158,1,243.9,43.7715816666667,-79.5145666666667,989,6.49792915330905,7.27165710070434,17.9,25.3453679620086,25,183.8,346.1,2.9,11.8
2018-08-09 15:19:38.300,185.5,27.7317112113728,1.8944372941895,1.93739970673559,1.57388188789915,412.696292459839,422.055444128515,1.60959561749807,231.2,140.556971137185,22175.0751080382,1,238.4,43.7715533333333,-79.514615,989,6.49715518479826,7.27325902101856,17.9,25.3465828121121,25,215.8,356.9,2.1,15.5
2018-08-09 15:19:39.300,185.7,27.7334655320324,1.89557973016085,1.93889787524198,1.91447168378284,412.360009309587,421.783279546631,1.95822481723919,229.3,140.554046035741,22341.5817406687,1,236,43.7715233333333,-79.5146633333333,989,6.49517249216244,7.26843368535711,17.9,25.3481711186647,25,229.2,359.1,4.1,18
2018-08-09 15:19:40.300,185.9,27.7375608716191,1.89532373104156,1.93871012248284,1.93182402245087,411.175832921651,420.588093528434,1.97604710564251,228.5,140.535876224926,22378.7677947544,1,240.8,43.771495,-79.51471,989,6.49673119023308,7.27055823897236,17.7,25.3488309808937,25,218.1,350.7,4.2,16.9
2018-08-09 15:19:41.300,185.8,27.7388974915589,1.89502818145374,1.93838009356267,1.81032282462455,410.090320596436,419.471889513834,1.85173719545459,229,140.572719124472,22365.1103923025,1,242.7,43.7714666666667,-79.5147566666667,988.9,6.49644303580961,7.27142811807329,17.9,25.3510216484357,25,206.7,350.2,3.8,16
2018-08-09 15:19:42.300,185.7,27.7462063755783,1.89531201715927,1.93854494674684,1.81586095010372,409.871185465266,419.220517141551,1.85729112066557,228,140.531377325172,22301.6170637205,1,245.3,43.7714316666667,-79.5148,988.9,6.49607101868944,7.27033871077644,18.1,25.3514960494662,25,198.8,346.2,3.6,16.1
2018-08-09 15:19:43.300,185.9,27.752750915438,1.89472066466718,1.93770854787341,1.82796070094202,409.671001409999,418.96570746999,1.86943271043293,226.2,140.528193241828,22184.8811055741,1,231.8,43.7713983333333,-79.5148433333333,989,6.49640996065005,7.26851910530439,18.1,25.3527021274362,25,190.6,343.3,4.1,17.2
2018-08-09 15:19:44.200,186,27.7538244580122,1.89518061620916,1.93814691357235,2.07713573433275,409.478206541085,418.761635007828,2.12422757222236,225.3,140.536341357352,22168.8162450906,1,228,43.77137,-79.514885,989,6.49612410694559,7.26835171044489,18.5,25.354307065432,25,187.8,342.2,3.9,16.3
2018-08-09 15:19:45.300,185.9,27.7557678489762,1.89450514630049,1.93732606805194,1.85082755491329,408.220565651687,417.447470948661,1.89267837806251,223,140.511776541661,22103.0807903804,1,229.1,43.7713316666667,-79.5149333333333,988.9,6.49968528094401,7.265652893736,18.3,25.355924953578,25,194.1,350.8,3.3,16.2
2018-08-09 15:19:46.200,186,27.7557968349617,1.89466288621129,1.93750038357284,1.4914055541332,408.302228181501,417.533812883577,1.52511851871993,220.7,140.528796608918,22109.6032851217,1,231.9,43.7712983333333,-79.5149683333333,989,6.49405420723938,7.26624643179499,18.1,25.3569891484522,25,197.1,356.4,3,14
2018-08-09 15:19:47.300,186,27.7563491947267,1.89398605915031,1.93698488784686,1.28937674700891,409.016046808253,418.301927701296,1.31866028755532,220.9,140.545044758498,22198.9788080203,1,223.8,43.7712583333333,-79.51501,989,6.4936439797986,7.26660609428512,18.3,25.358536724746,25,217.5,355.8,1.9,14.6
2018-08-09 15:19:48.300,186.3,27.7586484023655,1.8930613195269,1.93588699324729,1.35828694500621,408.858929848562,418.108411623445,1.38901802217893,220.4,140.562232766612,22122.173371319,1,228.3,43.77122,-79.5150516666667,989,6.49657788382548,7.26844937704483,18.5,25.3594171604267,25,207.6,355.7,2.7,15.1
2018-08-09 15:19:49.300,186.5,27.7651069743618,1.89184723514712,1.93468499758762,1.55264667684007,408.174856403055,417.417291234297,1.58780085959623,220.4,140.541930738858,22141.9525927092,1,223.2,43.771185,-79.5150933333333,989,6.49999916619435,7.27456493337299,18.5,25.3605470947642,25,206.5,354.6,2.1,13.6
2018-08-09 15:19:50.300,186.4,27.7696138383775,1.89139026140613,1.93424436276503,1.37756024461594,407.810273820017,417.050168443532,1.40877240696119,218.6,140.565992831354,22155.3413286942,1,228.1,43.7711483333333,-79.5151333333333,989,6.50197313162212,7.27346748572174,18.3,25.3627826823344,25,197.9,353.3,2.4,14.4
2018-08-09 15:19:51.300,186.4,27.7783479219097,1.89132617520334,1.93421730334242,1.62952367406688,407.872697962956,417.122265644277,1.66647688152469,216.4,140.534701984438,22174.8060767968,1,228.6,43.77111,-79.5151683333333,989,6.50029333706053,7.27548911701626,18.3,25.3632485734355,25,206.9,358.6,2.2,14.9
2018-08-09 15:19:52.300,186.2,27.7840357294384,1.89173033758779,1.93465289310434,1.59344072878708,407.605342449809,416.853796258736,1.62959548031669,215.7,140.518149280332,22186.3314628928,1,225,43.7710733333333,-79.5152033333333,989,6.49792481226187,7.27684895137977,18.1,25.3637436165998,25,215.2,359.4,2.3,14.3
2018-08-09 15:19:53.300,185.9,27.7857776539142,1.89125146771173,1.93410448084124,1.44139354363804,408.924635027295,418.190312879389,1.47405343900628,218.2,140.567682414841,22156.4519371461,1,232.2,43.7710383333333,-79.5152433333333,989.1,6.4974344664235,7.27306041606252,18.1,25.3651551571348,25,219.9,4.2,1.8,12.5
2018-08-09 15:19:54.300,185.9,27.7924255147237,1.89167215933016,1.9345170029867,1.27356657568187,410.424628577203,419.72038175961,1.3024108939188,217.9,140.539937590784,22147.4268347195,1,234.8,43.771,-79.5152783333333,989.1,6.49665774882898,7.27159870654569,18.1,25.3678427851312,25,244.5,3.8,1.1,12.2
2018-08-09 15:19:55.300,185.9,27.7977220633842,1.89239734802876,1.93532802790047,1.35541948088533,410.51315592766,419.825918256934,1.38616994727362,216.2,140.543618747877,22182.4901259119,1,224.9,43.77096,-79.5153133333333,989.1,6.49243915092483,7.26681132902302,18.1,25.3694030554612,25.1,238,2.5,1.5,11.1
2018-08-09 15:19:56.300,186.4,27.801679656758,1.89047749095317,1.93355470401907,1.37800774954289,410.333818172185,419.683709199965,1.40940634954793,214.4,140.535705069891,22278.4851599818,1,212.5,43.7709233333333,-79.5153483333333,989.1,6.49477463163747,7.26642044110113,18.1,25.36958515854,25.1,254.1,4.9,0.9,12.1
2018-08-09 15:19:57.300,186.4,27.8070488702911,1.88990389838738,1.93296511776497,1.23279843078472,409.833334310802,419.171329374426,1.2608940476234,215.2,140.529306702156,22277.2237159478,1,221.7,43.7708866666667,-79.515385,989.1,6.50341531081638,7.27206363201487,18.3,25.3704247702533,25.1,217.6,0.4,2.1,14.1
2018-08-09 15:19:58.300,186.5,27.8099696769772,1.88991373976374,1.93285161689366,1.34307483283681,409.659014071784,418.966330469265,1.37358611629179,216.4,140.541430020991,22214.9257033813,1,222.5,43.77085,-79.515425,989.1,6.50374784729107,7.27675754360807,18.1,25.3725616074458,25.1,221.7,2.9,1.8,14.7
2018-08-09 15:19:59.300,186.7,27.8146677051591,1.88937915991385,1.93238076640056,1.52430497755143,409.962593910146,419.293255298614,1.55898649643809,217.4,140.543690005391,22253.3631752514,1,224.2,43.7708133333333,-79.51546,989.1,6.50082372789155,7.27491511111647,18.1,25.3737269447847,25.1,234.9,10.5,3,15.1
2018-08-09 15:20:00.300,187.1,27.8185313596941,1.89160495589921,1.93481819315811,1.36900431093797,409.71289110505,419.072680070201,1.40027988290938,217.2,140.547846984958,22334.5785296923,1,218.2,43.7707733333333,-79.5154966666667,989.1,6.49683053473423,7.27231785625022,18.3,25.3750123350744,25,228.2,1.2,2.2,14.8
2018-08-09 15:20:01.300,187,27.8232003446971,1.89148254169724,1.9349338814853,1.48568565312398,408.8925324501,418.285597626382,1.51982025835985,217,140.531426179436,22456.2522401147,1,225.9,43.7707366666667,-79.515535,989.1,6.49884716262113,7.2702549854542,18.1,25.3765292624222,25,236.3,1.2,2.1,14
2018-08-09 15:20:02.300,186.9,27.8290465096625,1.8902665936846,1.93397676929223,1.6083441476972,408.555891906843,418.003318329795,1.6455364393225,218.4,140.565140449747,22601.3050311799,1,222.7,43.7707033333333,-79.5155766666667,989.1,6.49988752033334,7.27036267763486,18.3,25.378168073588,25,218.4,0.4,2.2,14.3
2018-08-09 15:20:03.200,186.7,27.8361125808773,1.88927620091913,1.93297292976947,1.44744568187076,408.850077232791,418.306368493027,1.4809286170996,221.3,140.541637869999,22606.1214860211,1,225.8,43.7706733333333,-79.515615,989.1,6.5022476218598,7.26967036836775,18.5,25.3792499813401,25,212.6,357.7,2.4,14.6
2018-08-09 15:20:04.300,186.7,27.8418464610691,1.88895160865879,1.93278777890151,1.2461975109121,408.618042457433,418.100755736893,1.27512800004605,222.5,140.535129101708,22680.4418146797,1,223.5,43.7706366666667,-79.51566,989.1,6.50038750765713,7.26694601302632,18.7,25.3803815601965,25,217.7,358.8,2.5,14.5
2018-08-09 15:20:05.300,186.5,27.8447035434417,1.88798199894224,1.93198585274786,1.53788115828949,409.69622600632,419.245251005837,1.57372266362662,222.3,140.567697826465,22776.6713209541,1,225.7,43.7706,-79.5157033333333,989.1,6.50012167874905,7.26889261246591,18.8,25.3814256086864,25,205.4,3.1,1.6,12.1
2018-08-09 15:20:06.300,185.8,27.8478360609871,1.8873848755426,1.93136932528764,1.81137956907088,411.551368508741,421.142448406758,1.85359415379376,222.1,140.539856840197,22773.7968453143,1,221.6,43.7705666666667,-79.5157483333333,989.2,6.50096654160482,7.26894532267178,19,25.3823672498942,25,261.2,3.2,1.3,11.9
2018-08-09 15:20:07.300,185.2,27.8513181515471,1.88845675229201,1.93259168400407,1.74513029264251,411.829278446547,421.454188194,1.78590798880152,223,140.542458016861,22837.2980599588,1,224.5,43.770535,-79.5157933333333,989.2,6.49659053694647,7.26623480130814,19,25.3839616623031,25,230.8,0.4,0.9,12.5
2018-08-09 15:20:08.300,185.3,27.8576180623375,1.89109442418016,1.93537123604737,1.77401471487492,411.126412236889,420.752258038841,1.81554693957811,223.4,140.53527122253,22877.7103372346,1,225.7,43.7705016666667,-79.51584,989.1,6.49411023293,7.2673966705841,19.2,25.3857609853839,25,250.3,5.6,1.1,12.5
2018-08-09 15:20:09.200,185.5,27.8609904302382,1.89232472910629,1.93669018646558,1.85081640555819,410.611780873502,420.23849654047,1.89420155742848,223.1,140.548042851769,22907.8493686614,1,223.8,43.77047,-79.5158816666667,989.1,6.49079658163136,7.26776011584354,19.2,25.3866071914531,25,250.9,0.4,1.1,12.3
2018-08-09 15:20:10.300,185.5,27.8631046529501,1.89019289062661,1.93441904685642,1.67379442051881,409.569635052744,419.152662900051,1.71296106036964,224,140.554994902016,22862.649942934,1,227.2,43.7704316666667,-79.5159283333333,989.1,6.49099041958412,7.2672753208106,19.2,25.3876481359462,25,213.1,359.8,1.1,12
2018-08-09 15:20:11.300,185.6,27.8673412846377,1.89022259217942,1.93432276639173,1.63331956672397,408.432837922039,417.961730504961,1.67142561454928,223.9,140.551155960362,22798.4643220781,1,228.6,43.7703966666667,-79.515975,989.2,6.49792019515804,7.2681342971578,19.2,25.389626011986,25.1,227.9,1.2,0.6,11.9
2018-08-09 15:20:12.300,185.5,27.8698022964445,1.89042620056347,1.93459868575909,1.60598222092996,407.374620847243,416.893389423151,1.64350785522493,225.1,140.559912865648,22832.5774321482,1,226.9,43.7703666666667,-79.5160233333333,989.2,6.49620384189796,7.26243796209479,19.2,25.3911470514641,25.1,239.7,1.3,1.5,13.4
2018-08-09 15:20:13.200,185.6,27.8770515919793,1.89147270348623,1.93565223507567,1.77081160286257,405.992396066975,415.475295975142,1.81217112615307,225.9,140.518637723668,22824.2031640153,1,230,43.7703366666667,-79.5160666666667,989.2,6.49234029249107,7.26602777005084,19.2,25.3923170608351,25.2,173.7,358.5,0.4,12.5
2018-08-09 15:20:14.300,185.5,27.8806714462598,1.8906774238064,1.93453815508138,1.84193397887651,407.145486957883,416.590340136016,1.88468058341004,226.4,140.538701997704,22672.378151396,1,230.4,43.7703,-79.5161183333333,989.2,6.4966833412594,7.27394592889752,19.4,25.3936731484236,25.2,223.6,358.7,1.9,14.2
2018-08-09 15:20:15.200,185.2,27.8847345503348,1.89065274571232,1.93432329768649,1.87779621577391,411.956518617137,421.471969716602,1.92117491741444,227.2,140.534003962665,22576.5615860668,1,232.5,43.7702716666667,-79.5161633333333,989.1,6.5040934135242,7.26805993422536,19.4,25.3948704740737,25.2,228.2,0,2.1,13.7
2018-08-09 15:20:16.300,184.8,27.8896732543943,1.89433970983786,1.93820635527177,2.20520543720396,415.951546030609,425.583615000518,2.25627460793035,228,140.523255610604,22632.648721588,1,233.2,43.7702366666667,-79.51622,989.2,6.50167057187292,7.26603007095333,19.2,25.395979588331,25.2,218.1,356.6,1.9,14.2
2018-08-09 15:20:17.300,184.5,27.8908049523282,1.89324233429449,1.93710250948571,2.18140717864356,418.312707572116,428.003602243868,2.23194508811995,229,140.546112677527,22642.0522673594,1,236.4,43.7702083333333,-79.5162733333333,989.1,6.49974296647969,7.27041857259856,19.2,25.3970605755286,25.2,182.5,349.8,2,13.4
2018-08-09 15:20:18.200,184.3,27.895607195719,1.89219265312746,1.93582753332622,2.21517843589972,419.418045452482,429.089978280859,2.26624380292372,229.5,140.541628189894,22540.4162203181,1,235.3,43.7701816666667,-79.51632,989.2,6.49852632289878,7.27012435057868,19,25.3985159606452,25.2,210.8,357.4,2,15.1
2018-08-09 15:20:19.300,184.2,27.9009622192129,1.893560894177,1.93735514440183,2.27366822872261,419.864780528654,429.575454406281,2.3262361674327,230.3,140.547798134116,22605.0375632909,1,234.8,43.7701483333333,-79.5163783333333,989.2,6.49405125121722,7.26639576951941,18.8,25.3999938372081,25.2,231.3,0.6,1.9,13.9
2018-08-09 15:20:20.200,184.2,27.9079340722687,1.89297732412611,1.93703224406182,2.14831303219788,421.56971379303,431.38085935528,2.19831011660753,230.7,140.533010804204,22743.5825834906,1,232.6,43.770125,-79.516425,989.2,6.49966306453077,7.26824388320954,18.7,25.4014092475747,25.3,233.3,359.9,2.3,15.2
2018-08-09 15:20:21.300,184.2,27.913866407728,1.89239119294951,1.93639099822772,2.19299611832561,423.088172612313,432.925285593766,2.24398375164091,231.3,140.55476692169,22722.4926894642,1,234,43.7700933333333,-79.51648,989.2,6.50169111898764,7.26693953668212,18.5,25.4027578541473,25.3,217.9,353.3,3.7,16.9
2018-08-09 15:20:22.200,184,27.9177908502715,1.8920443924838,1.93605140234195,2.17383537478151,424.004086751976,433.866041958328,2.22439499708958,231.6,140.552208318019,22730.3758717651,1,235.4,43.77007,-79.5165266666667,989.2,6.50046056191935,7.26273833641468,18.1,25.4043889279085,25.3,213.6,353,3.2,16
2018-08-09 15:20:23.200,183.7,27.9202799970625,1.89250271130625,1.93653713994063,2.2914224576478,424.439689877501,434.315512116042,2.3447364407572,232.3,140.548647513438,22738.813083552,1,235.2,43.7700416666667,-79.516575,989.1,6.502116377875,7.26516500453335,18.1,25.4055352369063,25.3,223.5,358.7,2.9,15.1
2018-08-09 15:20:24.300,183.3,27.9212941176571,1.89419003204322,1.9381175152875,2.33560437593967,425.327222430251,435.190700464292,2.38977286061813,232,140.56059784045,22664.8768489382,1,242.5,43.77001,-79.5166316666667,989.3,6.49997312279583,7.26498228289278,18.7,25.4071108190927,25.2,233.5,0.8,2.6,14.9
2018-08-09 15:20:25.300,183.4,27.9267739438963,1.89579114195224,1.93967243321268,2.44519085208349,425.599503313514,435.450641992696,2.50178988564809,231,140.526758305881,22622.914297432,1,236.2,43.7699783333333,-79.51668,989.3,6.50112762984244,7.26812820793889,18.5,25.4081205963988,25.2,233.2,359.1,2.7,16
2018-08-09 15:20:26.300,183.5,27.9317661841843,1.89354149255893,1.93735737977947,2.24695078836798,424.472875422833,434.29505648556,2.29894830527569,231.2,140.547082917088,22616.2897301455,1,241,43.7699483333333,-79.51673,989.2,6.50367075070903,7.27157793399226,18.7,25.4092270981816,25.2,215.2,353.7,3.5,16.9
2018-08-09 15:20:27.300,183.3,27.9377706956842,1.89374176930761,1.93772475498843,2.15383293554723,422.285570930793,432.093245394376,2.2038702510054,232.6,140.529858399811,22698.1433977631,1,244,43.7699233333333,-79.5167883333333,989.2,6.5003389254542,7.26961698413957,18.7,25.4111293034317,25.2,221.1,358.4,3.2,16.5
2018-08-09 15:20:28.200,183.3,27.9427414376228,1.8940856654803,1.93820607762558,1.92832945560195,420.599305795927,430.396592937857,1.97324969363156,234.5,140.523344805243,22763.2972211304,1,238.7,43.7699,-79.5168366666667,989.1,6.49787988976889,7.26825260904312,18.1,25.4123946085803,25.2,231.5,358.9,2.8,15.4
2018-08-09 15:20:29.200,183.3,27.9441301282729,1.89509550773136,1.93916996447369,1.66889330133335,419.407230588209,429.161400755641,1.70770650210314,234.1,140.552171628835,22728.4015426993,1,247.6,43.769875,-79.516885,989.2,6.49370923244716,7.26458107641283,17.7,25.4137506234971,25.2,209.3,352.4,2.4,13.3
2018-08-09 15:20:30.300,183.2,27.9504680823,1.89401506501511,1.93809289728719,1.7801157818085,418.244927014578,427.978458932573,1.82154571182446,233.9,140.526872256614,22743.0590246258,1,241.4,43.7698483333333,-79.5169383333333,989.3,6.49257637940311,7.26338681462705,17.2,25.4144953290883,25.2,201.1,354.2,0.9,13
2018-08-09 15:20:31.300,183.4,27.9563009340739,1.89305214921752,1.93712854067407,1.87257606179808,417.604707227964,427.328067667471,1.91617555145814,233.2,140.535978356085,22753.7432637804,1,241.5,43.7698216666667,-79.5169816666667,989.3,6.49585557003657,7.26393759992283,17,25.4154271724884,25.3,213.5,355.9,2.8,14.5
2018-08-09 15:20:32.300,183.9,27.9617405562218,1.89216197918852,1.93587685509696,1.80506381405388,416.046265452451,425.658410045965,1.84677637373175,233.5,140.524118686742,22581.438887417,1,236.5,43.769795,-79.517025,989.3,6.50200309682319,7.26438658679914,17.2,25.4179985125224,25.3,233.5,0.3,3.2,15.2
2018-08-09 15:20:33.300,184.2,27.9672601318726,1.89305142144671,1.93662566994704,1.73796179862147,415.323487348183,424.883239626207,1.7779654146296,233.6,140.553513388861,22499.855570292,1,234.1,43.76977,-79.5170716666667,989.2,6.50073350153666,7.26906585717963,17.2,25.4202576139012,25.3,223.2,354.4,2.6,13.9
2018-08-09 15:20:34.300,184.3,27.9722375514955,1.89530423978879,1.93903315875163,1.85133867542072,416.295950558905,425.900791846555,1.89405586825776,237.3,140.558921803128,22551.8957889436,1,243.4,43.7697483333333,-79.517125,989.3,6.49819761699614,7.27099504942557,17,25.4212410437843,25.3,224.1,354.1,2.9,14.6
2018-08-09 15:20:35.300,184.4,27.9753153674294,1.89337210278598,1.93690827605183,1.4618926510065,417.747866743051,427.353518587893,1.49553857186583,237,140.535165481742,22477.2575258705,1,245.9,43.769725,-79.517175,989.3,6.50112514157536,7.26587465261706,17.2,25.4210967498166,25.2,230.7,356.4,3,15.5
2018-08-09 15:20:36.300,184.1,27.9782495944157,1.89074801020066,1.93422133728534,1.36456074947771,418.606327160369,428.231194637943,1.39594418789533,234.9,140.557748821481,22475.8258693487,1,237.1,43.7697,-79.5172216666667,989.2,6.50196739603793,7.26589909479416,17,25.4219511509295,25.2,226,357.2,3,14.6
2018-08-09 15:20:37.300,183.7,27.9871177605959,1.89324855167785,1.93688085574324,1.5609047935175,419.617530950231,429.288148267394,1.59687815876666,236.2,140.528571003902,22527.0744419142,1,245.4,43.7696783333333,-79.5172716666667,989.2,6.49873668190085,7.26836416792882,17,25.4241033869971,25.2,216.9,350.4,2.8,14.6
2018-08-09 15:20:38.300,183.2,27.9936358897731,1.89400183375255,1.93768501691212,1.79557314403348,418.807881929237,428.467220210178,1.83698730684265,238.6,140.551622873853,22544.0041233581,1,253.3,43.7696583333333,-79.5173216666667,989.2,6.49743957639472,7.26779380250701,16.8,25.4258687673696,25.2,232.4,359.4,2.9,15.1
2018-08-09 15:20:39.300,182.4,27.9968197603137,1.89214538226985,1.93600299968308,1.71487828649295,416.608897386598,426.265305044672,1.75461455241932,241.3,140.552703195817,22653.6118819633,1,253.9,43.76964,-79.517375,989.3,6.49985350950816,7.2682762554804,17,25.4281879890127,25.2,238.6,359.5,2.8,14.2
2018-08-09 15:20:40.300,181.9,28.000309852684,1.8932131010381,1.93678830121182,1.90891703329982,415.020197921124,424.572734784327,1.95281357471397,244.5,140.525225597931,22498.7924508331,1,253.6,43.76962,-79.51743,989.3,6.49963850762714,7.26822733362286,17.2,25.4298286273824,25.2,237.3,358.6,2.4,13.7
2018-08-09 15:20:41.300,181.6,28.0062388101897,1.89135813208102,1.93472576480309,1.90955120145727,413.197719977114,422.672004821133,1.95333188633739,249.8,140.548221333631,22415.2937027567,1,263.1,43.7696066666667,-79.5174883333333,989.3,6.50175383448237,7.26570957894884,17.7,25.4317625882342,25.2,234.3,359.2,2.3,14
2018-08-09 15:20:42.300,181.3,28.0144550336927,1.89097774235281,1.93422048418804,1.77615782376453,413.326608138385,422.778499221857,1.81677725196627,252.1,140.52424608608,22356.6929653186,1,265.7,43.76959,-79.5175483333333,989.3,6.50479339813286,7.26768896733861,18.7,25.4332029445305,25.2,240.7,354.5,2,13.5
2018-08-09 15:20:43.300,180.9,28.0156410653852,1.89334571168356,1.93670190157895,1.47700041624124,413.984801336766,423.464710197472,1.51081085588473,252.2,140.548183045915,22386.5447461674,1,269.1,43.7695766666667,-79.5176166666667,989.3,6.5002200465252,7.26181347397177,19.4,25.4340439925689,25.2,218,352,1.4,12.4
2018-08-09 15:20:44.300,180.6,28.0183753036832,1.89641461136499,1.93993371198217,1.66184242903711,413.195170912602,422.677245890249,1.69997900120455,251.3,140.553626605653,22433.2677237731,1,264.7,43.7695583333333,-79.5176833333333,989.3,6.49651159957406,7.26069429457456,20.1,25.4354860340503,25.2,220.9,353.3,1.6,14.9
2018-08-09 15:20:45.300,181.1,28.0242492261458,1.89548481115482,1.93894222809033,1.72049065006408,413.261922738321,422.73662936315,1.7599369364918,250.4,140.538616268175,22412.6869567331,1,263.5,43.76954,-79.51775,989.4,6.498774275158,7.26622078874796,20.5,25.4364263371194,25.2,243.7,359.8,2.7,16.5
2018-08-09 15:20:46.300,181.3,28.0282976016721,1.89391355580621,1.9372627261378,1.55426669233932,413.514917800667,422.979575082758,1.58984302510527,249,140.550206846555,22376.2376284862,1,263.4,43.7695183333333,-79.517815,989.4,6.50014753568456,7.26732000787844,20.7,25.4383322925414,25.2,249.5,0.4,2.6,15.9
2018-08-09 15:20:47.300,181.4,28.0331720324424,1.89320300580448,1.93662335131676,1.71127481107644,413.664680850145,423.151953896512,1.75052895627592,248.3,140.520923009724,22420.5910624895,1,258.1,43.7694983333333,-79.51788,989.5,6.50297155917324,7.26447502744912,20.3,25.4390956665852,25.2,246.2,359.8,2.6,17.5
2018-08-09 15:20:48.300,181.5,28.0368344845866,1.89349853010918,1.93677457484631,1.65679493519577,413.626164445926,423.079689144986,1.69467018579628,246.9,140.556712247578,22344.6481686816,1,250.2,43.7694783333333,-79.5179433333333,989.3,6.50513867448532,7.26488514671716,20,25.439291171593,25.2,249.5,1,4.5,19.4
2018-08-09 15:20:49.300,181.5,28.0369948315569,1.89531585156664,1.93872183201761,1.60661580556012,413.281842798986,422.746809334256,1.64341178639673,246.3,140.54308525735,22389.19399154,1,248.1,43.7694566666667,-79.5180033333333,989.5,6.50333351421986,7.26866164046925,19.6,25.4405766751647,25.2,246.5,0.7,3.7,17.2
2018-08-09 15:20:50.300,181.2,28.0361491308203,1.8940798225307,1.93757164027474,1.77049565364507,412.998526524502,422.481851607224,1.81115019293741,247,140.538237112972,22446.6472332162,1,248,43.7694416666667,-79.5180683333333,989.3,6.5065242728362,7.26856160148355,18.8,25.4406667729262,25.1,245.3,358.9,3.2,16.5
2018-08-09 15:20:51.300,181.5,28.0373248526101,1.89515397307454,1.93883781562497,1.81723108162621,412.273877158263,421.776934267518,1.85911807672153,247.6,140.564561633553,22531.055412146,1,252.2,43.769425,-79.51813,989.3,6.50045397042144,7.27115206431129,17.9,25.4425738701768,25.1,236.3,354.4,3.2,16.2
2018-08-09 15:20:52.300,181.1,28.0396661571961,1.89281650227294,1.93616272398051,1.63177467000733,411.365206868493,420.785636477413,1.66915775657976,249,140.529497831153,22387.577801117,1,254.9,43.76941,-79.5181816666667,989.4,6.50177411451152,7.26594635439307,16.4,25.4436386949671,25.1,233.9,355,3.1,15.6
2018-08-09 15:20:53.300,180.6,28.0371354004369,1.8926405108231,1.93612635175603,1.61461128256993,410.757614056447,420.195227669815,1.6517135132218,249.8,140.564421825697,22460.0724996345,1,255.4,43.7693966666667,-79.5182283333333,989.5,6.49906589691897,7.26507526699812,15.3,25.4446496568966,25.1,247.9,356.3,3.4,15.4
2018-08-09 15:20:54.300,180.2,28.0372740986803,1.89488393143859,1.93846196093349,1.96030615907476,410.452158334786,419.891715379056,2.00538095381956,251.5,140.562281961906,22480.8211374898,1,255.5,43.769385,-79.5182733333333,989.4,6.49586247199636,7.26309564206464,14,25.4478172791783,25.1,250.2,358.7,3.7,14.5
2018-08-09 15:20:55.300,180.5,28.0421264266172,1.89420682628643,1.93754745202567,1.60921906883128,409.259268597584,418.623490850206,1.64605869934894,252.5,140.511292570266,22368.9098491803,1,256.7,43.7693716666667,-79.5183116666667,989.3,6.50172940047705,7.2640862813262,13.1,25.4493039571013,25.1,245.8,354.4,2.6,14.2
2018-08-09 15:20:56.300,180.8,28.0409403815671,1.89139364476893,1.93474453346176,1.53703849063021,407.949444745833,417.299784367597,1.57227252102956,252,140.549689498576,22406.7806322944,1,259,43.76936,-79.51835,989.4,6.50426244942397,7.26755721801994,12.7,25.4504007175203,25.1,234.6,349.8,4.3,15.3
2018-08-09 15:20:57.300,181.1,28.0507820656113,1.89045471524972,1.93370652630528,1.52237507833409,407.986605022274,417.321119055751,1.55720845202245,252.9,140.517911871717,22367.6860405532,1,257.3,43.7693466666667,-79.5183883333333,989.4,6.50307316320617,7.26651460982898,12.2,25.4518943320662,25.1,233.5,349.5,4.2,14.2
2018-08-09 15:20:58.300,181.6,28.0540564328404,1.89026678507538,1.93345850746346,1.50679123278538,407.677376270505,416.992610947165,1.54122125865488,254.5,140.536309552078,22339.1464029865,1,254.3,43.7693383333333,-79.5184266666667,989.4,6.49959072837029,7.2638347845845,12,25.4523157412936,25.1,222.7,343.1,4.2,13.7
2018-08-09 15:20:59.300,182,28.0555735645338,1.88900613570454,1.93232673923986,1.62601495969575,406.820160616037,416.1497804561,1.66330798738872,255.7,140.551121407127,22418.9438751218,1,260.6,43.76933,-79.518465,989.4,6.50144581095608,7.26331302601005,11.6,25.4543270990455,25.1,223.5,346.7,4.1,14.5
2018-08-09 15:21:00.200,181.8,28.0655245106251,1.8888269675811,1.93224167723179,1.4910986548758,407.72076060006,417.092234772815,1.52536988311043,257.5,140.528741948554,22468.5825690432,1,262.3,43.7693233333333,-79.5185,989.3,6.5049910953492,7.26660828840236,11.2,25.4560622574831,25.1,238.1,351,3.9,12.8
2018-08-09 15:21:01.300,182.1,28.0720667890411,1.88953766331364,1.93289539771594,1.70202845560145,407.377939343028,416.725787323993,1.74107914470899,256.8,140.54829862437,22431.631012948,1,265.5,43.7693166666667,-79.51854,989.4,6.50166270772018,7.26708311741599,11.2,25.4568472889978,25.1,223.6,338.9,3.3,12.7
2018-08-09 15:21:02.300,182.4,28.080769889676,1.89034437989381,1.93370530562405,1.63773420431852,407.158154164003,416.497576615832,1.67529985130776,255,140.519774673746,22423.7123881214,1,262.3,43.7693083333333,-79.5185783333333,989.3,6.49736142635426,7.2716565837432,10.9,25.4576600574885,25.1,216.1,335.8,4.5,13.7
2018-08-09 15:21:03.300,182,28.0863689483313,1.88964804907818,1.93312258192301,1.32429962712245,407.315459007023,416.686373818785,1.354760829626,252.6,140.559556505789,22489.2278549523,1,257.7,43.7692983333333,-79.5186116666667,989.4,6.49947670338431,7.26763752747831,10.3,25.4583980166749,25.1,222.5,341.9,3.8,13
2018-08-09 15:21:04.300,181.6,28.0883028031117,1.89119642621131,1.93452381268653,1.46682356737703,407.228555194533,416.558124572166,1.50041873541861,253.4,140.533500586488,22396.7927373162,1,258.4,43.76929,-79.5186466666667,989.4,6.50227560107672,7.26561020095749,10.1,25.4597603159781,25.1,213.7,337.3,3.8,11.6
2018-08-09 15:21:05.300,181.9,28.0914518289496,1.88879645517104,1.93190296088648,1.59501107313784,408.164831386999,417.479884795621,1.63141152404008,257,140.562816581744,22312.6312711681,1,263.7,43.769285,-79.51868,989.4,6.50017200509534,7.26325039140581,10,25.4622281586561,25.1,199.6,335.2,2.7,8.2
2018-08-09 15:21:06.300,182,28.0945477504612,1.89004403798163,1.93314468174186,1.60047914743175,409.183915774149,418.515067652445,1.63697687237264,259.6,140.552821869723,22295.8048747369,1,271,43.7692816666667,-79.5187133333333,989.4,6.49867309361603,7.26372520652167,10,25.4636611251591,25.1,224.7,340.5,2.6,10
2018-08-09 15:21:07.300,181.8,28.1053084142299,1.88960842226753,1.93280141162653,1.84818486184667,408.59642185252,417.936259200044,1.89043533602683,257.6,140.514029509451,22347.5235738759,1,275,43.7692783333333,-79.5187466666667,989.4,6.49757877394174,7.26362546820623,10.1,25.463750506099,25.1,218.5,342.3,3.2,12
2018-08-09 15:21:08.300,181.2,28.1085260052417,1.8860315907473,1.92916472652677,1.69197603801753,407.434525291306,416.752472617556,1.73067176217608,254.4,140.55136197267,22358.4601900124,1,274.3,43.7692733333333,-79.51878,989.4,6.49901651711056,7.26191304389942,10.1,25.4650722942388,25.2,248.6,358.3,4,14
2018-08-09 15:21:09.300,181,28.1188596390347,1.88639560697038,1.92938613811409,1.45496962119404,407.078683820872,416.356031534457,1.48813220708406,253.8,140.520623696263,22282.1830324065,1,269.1,43.7692666666667,-79.5188133333333,989.3,6.50275236447419,7.26316712201957,10.1,25.4661610457283,25.2,253.8,0.3,4.6,14.3
2018-08-09 15:21:10.300,180.9,28.1248592088873,1.88777749127916,1.93067231952794,1.61175342815984,406.374913022233,415.60870727536,1.64837315006483,254.6,140.569997835746,22217.5588421567,1,262,43.76926,-79.5188466666667,989.3,6.49851037008,7.26432765948447,10,25.467746043477,25.2,261,5.6,4,13
2018-08-09 15:21:11.300,180.9,28.1317479029431,1.88790863379558,1.93078718197582,1.3827281750207,407.552835553875,416.809115111917,1.41413240578668,253.4,140.534887781657,22207.470011264,1,263.9,43.769255,-79.5188783333333,989.3,6.50213231386214,7.26693680571797,9.8,25.4679874410746,25.2,263.9,1.7,4.2,13.7
2018-08-09 15:21:12.300,181.1,28.1389156920402,1.89097797093806,1.93390582704688,1.33828218876613,408.739307348469,418.018245777955,1.36866284274768,253,140.552868874769,22197.3070958493,1,263.6,43.7692483333333,-79.5189083333333,989.3,6.50008499210188,7.26521674259593,9.8,25.4710053268275,25.2,247.9,0.4,3.2,11.1
2018-08-09 15:21:13.300,181.2,28.1474944955769,1.8909745930922,1.93404375440929,1.72690873828987,409.789359602115,419.12288531904,1.76624928008258,252.9,140.552108793788,22269.1295407502,1,260.8,43.76924,-79.51894,989.2,6.49575183980739,7.26729439327695,9.6,25.472331500806,25.2,270.9,12.8,3.7,14.8
2018-08-09 15:21:14.300,180.9,28.1545439252373,1.89023187994212,1.93327478576523,1.34001297809517,410.057878720382,419.395496405495,1.37053106363742,254.8,140.505949101335,22264.4926239949,1,259.9,43.7692333333333,-79.5189733333333,989.3,6.50140132998298,7.27020806182757,9.6,25.473240043135,25.2,259.8,0.4,5.9,17.2
2018-08-09 15:21:15.300,180.5,28.1524929549528,1.8895790631798,1.93259242750328,1.37667999246527,409.939632888445,419.271383864384,1.40801832522822,255.2,140.565105517905,22256.9510199613,1,260.5,43.7692283333333,-79.51901,989.3,6.50232803632398,7.26577163326543,9.8,25.4747413787763,25.1,255.4,3.2,5.9,16
2018-08-09 15:21:16.300,180.7,28.1501090707548,1.89046674485767,1.93354892856819,1.48208419040646,409.212587892083,418.53833191276,1.51586077023085,254.9,140.540796906104,22281.7042626823,1,260.5,43.7692216666667,-79.5190466666667,989.3,6.50009809673984,7.26723966544116,9.8,25.4769558139357,25.1,256.5,2.7,5,15.2
2018-08-09 15:21:17.200,180.7,28.1541877069792,1.88918356901151,1.9317375626454,1.11564035901128,409.019175371625,418.232318472088,1.14079566267527,254.8,140.5427280254,22028.7892372419,1,258.7,43.769215,-79.5190783333333,989.2,6.50266647556509,7.26060014017193,10,25.4783778131579,25.1,260.2,2.2,4.7,14.2
2018-08-09 15:21:18.300,179.6,28.1608960345607,1.88881457872117,1.93149096346822,1.56382489812729,409.182991891131,418.428299254545,1.59917854868937,255.8,140.560166362606,22095.2389453212,1,260.6,43.769215,-79.5191166666667,989.2,6.50112122239183,7.26006056210032,9.8,25.4794130414002,25.1,257.7,1.5,4.8,14.4
2018-08-09 15:21:19.300,179.1,28.1750952473345,1.8890731530346,1.93192825687228,1.62014595457507,407.956504774576,417.211296030706,1.65689920299475,255.4,140.506324037206,22182.5775742912,1,258.5,43.7692083333333,-79.5191483333333,989.3,6.50085084703289,7.26397400040498,9.8,25.4794992896027,25.1,261.6,2.8,4.6,15.2
2018-08-09 15:21:20.300,179,28.1742058845661,1.88854634896435,1.93152614714967,1.56877827478269,408.399145605802,417.693462861782,1.60448004116983,256.6,140.562094417559,22251.5944610937,1,260.3,43.7692016666667,-79.51918,989.3,6.5029054990239,7.26281031244618,10.3,25.4812580508203,25.1,255.8,0.2,5.1,14.3
2018-08-09 15:21:21.300,179.4,28.1795435574164,1.8891765902525,1.93181949468347,1.36077645615235,407.283624889166,416.477048652122,1.3915020000418,255.7,140.544467478423,22074.1450563767,1,269.7,43.7691933333333,-79.5192133333333,989.3,6.50163928100237,7.26937700164907,10.5,25.4843309778291,25,259.5,0.7,4.5,13.8
2018-08-09 15:21:22.300,180.1,28.1857629924851,1.8879860731527,1.93067189796482,1.58629958248874,407.177073894977,416.383171663571,1.62216915115677,252,140.529906809655,22109.6302815528,1,261,43.769185,-79.5192466666667,989.2,6.50127934416521,7.26490903546232,10.7,25.4859646764866,25,250.1,356.5,3.4,11.6
2018-08-09 15:21:23.300,180.9,28.1832445622591,1.88731509067198,1.93016517525104,1.46955498871898,406.072862644093,415.292433036266,1.50291739692333,251.7,140.556583683168,22200.147062464,1,258.1,43.769175,-79.5192833333333,989.3,6.50556191802917,7.26677801481984,10.9,25.4862450453102,25,240.7,348.4,2.6,11.5
2018-08-09 15:21:24.300,181.3,28.1877126648179,1.88942641315368,1.93230608662688,1.56333967862638,405.929506312615,415.141771599301,1.59881748105954,253.1,140.507895794703,22190.6721892012,1,263.7,43.7691616666667,-79.51932,989.2,6.50007755699657,7.26264872390132,10.7,25.4889459244839,25,226.1,343.1,4.2,13.7
2018-08-09 15:21:25.300,181.4,28.1845737314355,1.88982499318288,1.932797985626,1.37667603824149,405.021591618121,414.231338476441,1.40797795505951,254.4,140.564442250211,22233.3858659054,1,266.9,43.769155,-79.519355,989.3,6.49548900633952,7.26149279860474,10.7,25.489214057496,25,233.2,350.2,4.5,15
2018-08-09 15:21:26.300,181.6,28.1843103311606,1.88546708200806,1.92802019543186,1.41483308860178,404.923592095183,414.062328663497,1.44676199799712,253,140.549659875512,22070.9524646491,1,266.7,43.7691466666667,-79.5193866666667,989.3,6.50379202067808,7.26762168721872,10.5,25.4897562801902,25,252.3,0.2,4.6,15.3
2018-08-09 15:21:27.300,181.6,28.1877214456641,1.88812838903402,1.93060353481718,1.77147171302978,405.726942381321,414.854082019841,1.81131974649088,251.6,140.523900844127,22000.9891219033,1,258.8,43.76914,-79.5194183333333,989.3,6.50590713612514,7.26903333131386,10.1,25.4920638794393,25,255.7,0.7,5.1,15.3
2018-08-09 15:21:28.300,181.2,28.1871751840002,1.88525720620209,1.92766134192923,1.83427895507532,405.548928062064,414.670610772143,1.87553520209546,249.9,140.544324716895,21997.3802502941,1,256.6,43.7691333333333,-79.51945,989.3,6.50772666850206,7.27296652264126,9.8,25.4921548145117,25,252.3,2.3,4.9,15.4
2018-08-09 15:21:29.300,180.9,28.1865908025553,1.88760014793456,1.93034488361045,1.93614645820487,407.337954222937,416.56209834355,1.97999291957516,253.8,140.524854102608,22143.4933460198,1,261.6,43.7691283333333,-79.5194833333333,989.3,6.49935783948639,7.26053566100637,9.8,25.494817668198,25,251.4,358.2,4.7,14.1
2018-08-09 15:21:30.300,181.2,28.1903346680328,1.89301320178966,1.9356169350536,1.30759983557663,408.405833618696,417.59740693482,1.33704436360135,255.3,140.563780015217,22010.7766112435,1,267.5,43.7691233333333,-79.5195183333333,989.3,6.49648193276168,7.26817553677231,10,25.4946566664644,25,250.8,358.5,5.1,16.4
2018-08-09 15:21:31.300,181.5,28.1935206069517,1.89002946480436,1.93249820214203,1.62502201426314,409.11695171692,418.309820406759,1.6615356235253,255.8,140.524656694317,21976.1587552938,1,266.7,43.7691166666667,-79.5195516666667,989.2,6.49690218926112,7.26964723087963,9.6,25.4977455710737,25,250.3,352.8,5.8,16.5
2018-08-09 15:21:32.300,181.7,28.1969648594409,1.89025865285936,1.93292471352922,1.34715078412496,408.700336665261,417.92538525967,1.3775533505292,253.9,140.524805060698,22073.4413884631,1,258.3,43.7691116666667,-79.5195816666667,989.2,6.49662356850962,7.26834923852582,9,25.4991542527423,25,256.1,358.9,4.8,14.2
2018-08-09 15:21:33.300,182.3,28.2003512070123,1.88841576573203,1.9311260491475,1.34249614899358,408.984615427141,418.234583330852,1.37285936983869,252.9,140.571660617503,22116.7084447247,1,255.1,43.7691033333333,-79.519605,989.2,6.49685072284679,7.26621430797616,8.5,25.498928064367,25,245.3,0.1,3.1,11.3
2018-08-09 15:21:34.300,183,28.2072135791797,1.88879424736161,1.93158050064272,1.43193121264566,410.005047932599,419.292691859171,1.46436875876049,253.3,140.510500388657,22150.7832924728,1,262.8,43.769095,-79.519635,989.3,6.49931653113677,7.26555732353736,8.8,25.499767417262,25,256.2,3.5,3.7,11.3
2018-08-09 15:21:35.300,182.8,28.2089123040874,1.8901294349885,1.93265052424518,1.56084117891147,410.519088579248,419.754295198453,1.5959524879227,254.7,140.57790595836,22001.4666781669,1,265.2,43.7690916666667,-79.5196666666667,989.3,6.50254890521461,7.26454870039741,9.6,25.5022068546006,25,256.1,1.4,3.3,11.3
2018-08-09 15:21:36.300,182.4,28.2149299121472,1.89269553551824,1.9354485315507,1.36033278607087,413.46679013433,422.806455138406,1.39105804657287,252,140.540967356264,22089.5331642258,1,262.9,43.7690816666667,-79.5197,989.3,6.4953383035782,7.26192637064715,10.3,25.5031695138232,25,257.3,1,3.3,11.9
2018-08-09 15:21:37.300,182.3,28.2241684231966,1.89065784716666,1.93323579995348,2.05716695661119,412.526550648659,421.816770483991,2.10348745324968,251.4,140.504711915518,22024.2017938077,1,260,43.76907,-79.5197333333333,989.3,6.49940337975654,7.26442763410773,10.7,25.5067955429031,25,254.4,6.6,3.4,11.9
2018-08-09 15:21:38.300,182.3,28.2232331932238,1.89217368441731,1.93488953420687,1.84315221260725,412.636530068702,421.951881076104,1.88475977213045,252.1,140.570132479884,22076.7362873533,1,262.1,43.76906,-79.51977,989.4,6.49884908355451,7.26742884880913,11.2,25.5073224197965,25.1,273.6,12.3,3,11.7
2018-08-09 15:21:39.300,182.4,28.2330806060987,1.89273059906899,1.93538528849038,1.37018392828761,412.456670251182,421.751792817415,1.40106378073048,251.9,140.504248706571,22039.3784369521,1,262.8,43.76905,-79.5198083333333,989.3,6.49685575912267,7.26429626527734,11.4,25.5088593595352,25.1,273,7,3.1,11.2
2018-08-09 15:21:40.300,182.5,28.2376591502641,1.89370099338351,1.93644749563061,1.72343475428284,412.449302573759,421.759433336107,1.76233868582928,252.9,140.533074164619,22074.5706079633,1,265.3,43.7690416666667,-79.5198483333333,989.4,6.4956226016812,7.26382548655904,11.2,25.5099289933835,25.1,255.7,6.9,2.4,10.4
2018-08-09 15:21:41.300,182.9,28.2411374238426,1.890954372357,1.9334311068136,1.66526953389157,413.906268959573,423.20381514425,1.70267686962455,250.1,140.559241949232,21969.4158072854,1,262.7,43.7690316666667,-79.5198816666667,989.3,6.50013590374188,7.26301174328965,11.1,25.5119869033554,25.1,278,6.2,2.4,9.6
2018-08-09 15:21:42.300,182.9,28.2456097280563,1.88858526896169,1.93123043883083,1.81503791387016,413.301998082149,422.634464623575,1.85602432500518,248.6,140.503173808762,22081.7511931999,1,255.8,43.7690216666667,-79.5199166666667,989.3,6.50030861916009,7.26461763430764,10.5,25.5148768369888,25.2,237.2,356.4,1.1,7.7
2018-08-09 15:21:43.300,182.8,28.2417537481565,1.88813303377172,1.93084369184899,1.53221151667862,412.874942839243,422.214471702116,1.5668705776629,248.3,140.567071752292,22120.2594290799,1,257.5,43.7690116666667,-79.51995,989.4,6.49554387875504,7.26412462527862,9.8,25.5168620868772,25.2,317,22.5,0.7,6.3
2018-08-09 15:21:44.300,182.9,28.2436180453699,1.88905073650234,1.93196479051319,1.59090200718347,413.226799370647,422.614262008254,1.62704356038485,246.1,140.528646901813,22212.7935450052,1,253.5,43.7690066666667,-79.5199783333333,989.3,6.49956802994979,7.26655271312934,9,25.5173303249959,25.2,355,0.4,0.2,4.8
2018-08-09 15:21:45.300,183.1,28.2439593801109,1.88830778613376,1.93080845983432,1.68506161841532,413.690526347538,423.001586268036,1.72298667036613,242.5,140.550688323757,22011.9070619336,1,246.1,43.7689966666667,-79.520005,989.4,6.50242232973007,7.26397659817947,9,25.5183819077699,25.3,81.5,0.4,0.5,3.6
2018-08-09 15:21:46.300,183.2,28.2442980343499,1.8922409604533,1.93499225827118,1.61561467739416,413.599239427951,422.943553757135,1.65211435111882,237.5,140.550338069801,22093.3648992993,1,245.7,43.7689816666667,-79.52003,989.3,6.49749034620318,7.26504502845746,9.6,25.51849686205,25.4,286.4,4.7,0.5,6.3
2018-08-09 15:21:47.300,183.3,28.2458912253991,1.89047302504371,1.93329920825495,1.11189848283278,412.962995517704,422.318180160718,1.13708550380354,235.9,140.529345553794,22151.848025203,1,243.1,43.768965,-79.5200583333333,989.4,6.49801745912969,7.26388630354798,10.5,25.5177858066368,25.4,157.8,339,0.8,6.1
2018-08-09 15:21:48.300,183.4,28.2474665667608,1.89010409637387,1.93291975119257,1.45826384571339,413.1865836084,422.546187162792,1.49129726316367,236.5,140.578058461728,22150.4945746975,1,243.2,43.7689483333333,-79.52009,989.4,6.49430242500777,7.26672181079797,10.9,25.5222492325547,25.5,137.2,355.9,0.9,5.6
2018-08-09 15:21:49.300,184,28.2525515790752,1.8922233030362,1.93517836047423,1.36935444593567,413.202815809581,422.582814569352,1.40043947769452,235.7,140.538006382746,22196.842896925,1,249.6,43.76893,-79.52012,989.4,6.49908479880594,7.26691449689943,11.2,25.5236228537416,25.5,163.5,334.2,1.5,8
2018-08-09 15:21:50.300,184.7,28.258805648452,1.891639319081,1.93450832839529,1.83451390723966,414.12360778851,423.50867613101,1.87608865732824,229.9,140.54481160738,22160.239209949,1,242.9,43.7689083333333,-79.5201466666667,989.3,6.50145041271176,7.26915749433378,11.1,25.5264697205712,25.5,172.1,341,1.5,7.3
2018-08-09 15:21:51.300,185.1,28.2623900401635,1.89100776135347,1.93370910225981,1.62629370415812,415.85645931987,425.247083384132,1.66301913121049,213.7,140.550524064262,22082.8300120979,1,229.5,43.76888,-79.5201616666667,989.3,6.50308907288717,7.26606467107016,10.1,25.5250102673538,25.5,186.8,5,1.1,8.8
2018-08-09 15:21:52.300,184.9,28.2637499394637,1.89291232540691,1.93568099630596,1.8221824796483,418.110721405323,427.55752644486,1.86335262832014,183.2,140.512232870768,22094.7682169188,1.2,190.7,43.7688483333333,-79.5201566666667,989.2,6.4979949003471,7.27020985628594,9.2,25.5257254668034,25.5,248.1,9.5,1.9,10
2018-08-09 15:21:53.300,185,28.2640569489119,1.89128554813236,1.93424150559274,2.03384705233497,421.28266966155,430.851110655204,2.08004259031059,146.8,140.555999959431,22208.2065930631,1,134.1,43.7688233333333,-79.5201316666667,989.3,6.49796633462285,7.2689817003825,9.4,25.5251779666174,25.4,205.9,16.8,2.5,8.8
2018-08-09 15:21:54.300,185.3,28.2651129316947,1.89529011156573,1.9382187073462,2.22814040079874,428.05366939835,437.749087220628,2.27860739798408,113.7,140.555051526959,22148.3204725831,1,98,43.76881,-79.5200916666667,989.3,6.50029499886739,7.26314640705107,10.9,25.5272161854328,25.4,181,21.5,2.5,8.9
2018-08-09 15:21:55.300,185.4,28.2644614679419,1.89605750533047,1.93917540719046,1.84376298783015,431.28133182774,441.089088061683,1.88569033313408,94.1,140.546861348858,22235.1571212085,1,83.7,43.76881,-79.5200433333333,989.4,6.49509810331875,7.26520389811754,12.4,25.5296819064723,25.4,182.8,22.7,2.3,9.1
2018-08-09 15:21:56.300,185.1,28.26399,1.897089,1.940254,1.92522,429.9595,439.7423,1.969025,85.8,140.5816,22246.74,1,84.6,43.7688133333333,-79.5199933333333,989.3,6.500127,7.27215,13.1,25.53217,25.4,149.6,30.1,2.5,9.6
2018-08-09 15:21:57.300,184.8,28.2609583450659,1.89689509220064,1.9402717174639,1.73303473185424,428.08755150853,437.876749481605,1.77266431619496,80.4,140.536912618828,22356.0272231612,1,85.3,43.7688216666667,-79.5199483333333,989.5,6.49516807871489,7.26733970855094,13.5,25.5318648658995,25.4,184.3,37.5,3,9.5
2018-08-09 15:21:58.300,184.4,28.2667183103449,1.89877822417304,1.9418520573057,1.75914445374108,426.037786243093,435.70255213146,1.79905103006487,75.9,140.531966824664,22182.0833789562,1,83.8,43.7688316666667,-79.5199033333333,989.3,6.49399428116889,7.26502433936875,13.8,25.5319682905319,25.4,154.7,28.1,2.6,9.1
2018-08-09 15:21:59.300,184.7,28.2652746210249,1.89378061807397,1.93670789078397,2.18989791041209,423.285917092646,432.88060925606,2.239536929906,74.3,140.576681886773,22164.7435840828,1,81.2,43.768845,-79.5198583333333,989.3,6.50044035495462,7.26947801506746,13.8,25.5326097412396,25.3,183.7,37,2.5,7.1
2018-08-09 15:22:00.300,184.6,28.26773,1.894983,1.938025,1.547239,420.9724,430.5341,1.582382,72.7,140.5146,22208.88,1,81.4,43.7688566666667,-79.5198116666667,989.4,6.495602,7.265069,14.2,25.53447,25.3,209.7,11.8,1.9,4.9
2018-08-09 15:22:01.300,184.4,28.2721834715413,1.89143396629405,1.93412113024499,1.65272587516456,418.099598911159,427.535718939059,1.69002701601402,73.1,140.567507265612,22070.9134319504,1,82.2,43.7688683333333,-79.5197633333333,989.3,6.50268480145179,7.26806021395125,14.4,25.5357084179696,25.3,247.8,356.2,1.5,5.2
2018-08-09 15:22:02.300,184.5,28.27554,1.889737,1.93256,1.804313,416.1787,425.6098,1.845201,74.2,140.5303,22159.01,1,83.3,43.7688783333333,-79.5197116666667,989.4,6.505246,7.269078,14.6,25.53812,25.3,277.7,358.9,0.7,5.6
2018-08-09 15:22:03.300,184.6,28.282607025292,1.89501136097669,1.93789774365166,1.85504096844889,413.387874756259,422.743340903596,1.89702264463306,73,140.510845841765,22130.3243566631,1,82.1,43.768885,-79.5196616666667,989.3,6.49869895795776,7.26831449477604,14.8,25.5410848655155,25.4,269.8,351.8,1.1,6.4
2018-08-09 15:22:04.300,184.5,28.2798526416471,1.89043505545148,1.93317939773273,2.04650853602385,411.418466077649,420.721088407191,2.09278238685439,73.7,140.578326360806,22111.0720871322,1,79.5,43.7688933333333,-79.51961,989.4,6.49587245345871,7.26760420425239,15,25.5421774252272,25.4,268.4,357.2,0.5,7
2018-08-09 15:22:05.300,184.6,28.2835280724582,1.89159830509357,1.93434743990085,1.81989255742967,412.488755674079,421.810780900714,1.86102089754585,73.8,140.523639219331,22100.009622707,1,81.7,43.7689033333333,-79.5195583333333,989.4,6.50376343719416,7.26992172213522,15.1,25.5427168466706,25.4,276.9,6.3,1.2,8
2018-08-09 15:22:06.300,184.5,28.2888887768676,1.89083100242011,1.93340299984907,1.98712149909982,414.164712236854,423.489645144196,2.03186019885631,72.7,140.54117179802,22019.1248721017,1,86.6,43.768915,-79.519505,989.4,6.49901860859765,7.2682981784787,15.3,25.5426341983477,25.4,186.4,14.4,0.9,7.2
2018-08-09 15:22:07.300,184.5,28.2952612051085,1.88801319481115,1.93068049643856,1.79252148299251,415.55865743589,424.949774360698,1.8330312423314,71.5,140.567556874275,22099.3701217626,1,78.8,43.7689283333333,-79.519455,989.5,6.50114018482159,7.27064254186354,15.5,25.5431865002814,25.4,205.5,15.5,0.9,6.8
2018-08-09 15:22:08.300,184.4,28.3006352023423,1.89357198976082,1.93629325088387,1.19842497634261,416.760853813538,426.163466766527,1.22546335678206,70.9,140.503340287828,22063.2449555227,1,77.2,43.76894,-79.519405,989.5,6.50404449147716,7.27222701232813,15.7,25.5456353846945,25.4,233.5,24.2,2.1,4
2018-08-09 15:22:09.300,183.9,28.2996635262401,1.89158618432952,1.93412947381402,1.12748010714036,416.179810253027,425.539998153677,1.1528405365107,73.5,140.58082830741,21996.0153659662,1,71.7,43.76895,-79.5193516666667,989.5,6.49652419620389,7.27534350752625,15.7,25.5470553448922,25.4,232.4,28.3,2.9,3.8
2018-08-09 15:22:10.300,184,28.3124134485866,1.89424439208448,1.93703751259569,1.68217242132306,416.225938378459,425.629054190943,1.72017524274776,73.9,140.532641351139,22092.2840073124,1,76.5,43.7689616666667,-79.5192966666667,989.4,6.49935516615304,7.27164815288466,16.2,25.547094853321,25.4,237.1,14.2,2.6,4.1
2018-08-09 15:22:11.300,184.1,28.3242258970005,1.89200870800126,1.93476765716239,1.72507487006715,414.341293834829,423.705346906296,1.76406320187578,73.8,140.502578035151,22100.368435868,1,81,43.7689733333333,-79.5192366666667,989.4,6.49490652811693,7.26729665570973,16.8,25.5498818624776,25.4,247.8,4.9,1.9,5.2
2018-08-09 15:22:12.300,184.5,28.3202825003521,1.8920151592574,1.93484250971238,2.23634417620503,412.792265836298,422.136333848187,2.28696977122995,74.2,140.56945155581,22135.0789929855,1,73.4,43.7689866666667,-79.5191766666667,989.4,6.49724881560245,7.27062903926151,17.4,25.5510158459052,25.4,246.2,9.7,2.7,3.3
2018-08-09 15:22:13.300,185,28.3283880779948,1.88986493167964,1.93253964565099,1.39117256932247,411.69665945324,420.993263690221,1.42258674467432,72.1,140.501411874998,22082.513626951,1,76.7,43.7690033333333,-79.5191183333333,989.5,6.49858792612003,7.2644845280595,17.7,25.5525177671874,25.5,256,352.5,3.4,2.6
2018-08-09 15:22:14.300,185.2,28.3283730058043,1.89081824906415,1.93357821454821,1.21630119334313,409.448613088479,418.708152495006,1.24380150955136,72.3,140.546985554831,22114.3997575229,1,77.2,43.7690183333333,-79.5190566666667,989.4,6.49429731380316,7.27142338726471,18.3,25.5536985448365,25.5,255,13.3,3.3,2.5
2018-08-09 15:22:15.300,185.7,28.3315450408776,1.89126789765834,1.93385676713843,1.86875790805972,408.398146685955,417.594865363026,1.91084051390772,73,140.548637547298,22023.0092774173,1,80.9,43.7690316666667,-79.51899,989.5,6.49707448786886,7.26624421727695,19,25.5556835943908,25.6,226.6,19.4,2.9,6.4
2018-08-09 15:22:16.300,185.5,28.3437029452259,1.89225360460321,1.93488652380741,1.43769779116915,410.285785629462,419.529590324381,1.47009028951691,73,140.504493834184,22033.7831261592,1,86,43.769045,-79.5189266666667,989.5,6.49619987733747,7.27283729085128,19.8,25.5560617507285,25.6,229.7,9,2.2,6.7
2018-08-09 15:22:17.300,185.6,28.3436649421211,1.89044896496687,1.93316607085262,1.54872423049703,413.269331443442,422.607717344565,1.58371993706604,73.7,140.565365879804,22097.0972928368,1,81.6,43.7690583333333,-79.518855,989.4,6.50230289386087,7.26815515287909,20.3,25.5579049412474,25.6,255,356.7,2.5,5.7
2018-08-09 15:22:18.300,185.9,28.3528886902046,1.8924925421953,1.93521078410875,1.76899413613295,421.136292299933,430.642391054877,1.80893016584213,72.9,140.541168838869,22074.2017605256,1,82.2,43.7690766666667,-79.51879,989.5,6.50021226472238,7.26780041430275,20.3,25.5587324417935,25.6,250.3,5.3,1.9,7.5
2018-08-09 15:22:19.300,185.5,28.3615907168351,1.88975763498409,1.93218738853078,1.35117542156029,423.948789853505,433.46751880885,1.38151142596877,72,140.526822338861,21959.5749107723,1,77.9,43.7690966666667,-79.5187233333333,989.5,6.50208301493646,7.27002034498047,20.3,25.5607061266908,25.5,176.4,15.2,1.1,12.2
2018-08-09 15:22:20.300,185,28.3631071734008,1.88823857094389,1.93060499591562,1.71266378613042,421.174469624236,430.624436006038,1.75108873144584,72.1,140.540382839009,21944.6689413421,1,77.6,43.7691116666667,-79.5186566666667,989.4,6.50290642415475,7.27275258651185,20.7,25.5612053254996,25.5,166.3,42.8,3.8,13.1
2018-08-09 15:22:21.300,184.6,28.3697743182752,1.8949417652244,1.93770815506563,1.56085058765394,421.874626782782,431.395730274275,1.59607729374994,71.5,140.503661824032,22070.4019632589,1,72,43.7691316666667,-79.51859,989.5,6.49430798374158,7.26953834930698,20.9,25.5632169845629,25.4,202.6,44.6,4.3,6.9
2018-08-09 15:22:22.300,184.4,28.3696639806138,1.88863861054259,1.93112698351,1.48225447172131,422.839433806571,432.35207659243,1.51559911530122,72.8,140.566820143963,22001.9603329669,1,67.9,43.7691466666667,-79.5185183333333,989.4,6.50297378769076,7.27051495468726,21.6,25.5635854002124,25.3,225,18.7,3.1,8.1
2018-08-09 15:22:23.300,184.4,28.3779946965606,1.89105942520028,1.9337412572086,1.31872082902965,423.135781752463,432.686070480718,1.34848472246067,73.1,140.527025361427,22072.1597398964,1,72.1,43.7691633333333,-79.5184433333333,989.5,6.49967974566864,7.26745788475499,22.2,25.5653571676331,25.3,219.7,28.6,3.3,6.4
2018-08-09 15:22:24.300,183.9,28.3874293931096,1.8869285169685,1.92952096695236,1.42500949666786,421.708721569477,431.227817255848,1.45717508007601,72.1,140.565898688559,22074.2306914277,1,77.5,43.7691833333333,-79.51837,989.5,6.50082733098628,7.26837543991696,22.7,25.5664995654107,25.4,234,13,3.3,5.4
2018-08-09 15:22:25.300,183.5,28.3966594480299,1.8895201972101,1.9321549228263,1.61570506599959,418.527732312708,427.971379525938,1.6521616571054,71.9,140.536136709437,22065.9989924834,1,79.8,43.7692,-79.51829,989.5,6.50066472345568,7.27224168111747,23.7,25.5685155787854,25.4,248.3,357.4,2.9,6.4
2018-08-09 15:22:26.200,183.3,28.3999622624715,1.88924964794225,1.93185577726932,1.6662578745324,417.550217263796,426.966664310969,1.70383262056689,71.3,140.520181543374,22054.3349377095,1,79.4,43.7692183333333,-79.5182166666667,989.4,6.49634437164297,7.26846231121673,24,25.5704198526955,25.4,257,351.5,3.4,6.3
2018-08-09 15:22:27.300,183.7,28.4025614389269,1.89220908034103,1.93476581111701,1.86200409278653,414.412872280939,423.733250635164,1.9038817420682,71.6,140.571038218108,21995.7253968545,1,78.1,43.7692383333333,-79.5181266666667,989.4,6.49456857583806,7.2722907608256,24.2,25.5717586476928,25.4,263.5,351.3,2.6,9
2018-08-09 15:22:28.300,183.8,28.405793631732,1.88944978951068,1.9319329730816,1.71319762943317,412.558883826048,421.835017970713,1.75171859130394,71.4,140.53626595125,21989.8277162073,1,77,43.7692566666667,-79.5180466666667,989.4,6.49928661122869,7.27009822156812,24.6,25.5716650874693,25.4,246.5,354.5,1.6,8.1
2018-08-09 15:22:29.300,183.7,28.4127341728104,1.88833138162145,1.9307209881967,1.66754405942447,411.009250797997,420.235636247913,1.70497749343902,71,140.554494849307,21955.2951152463,1,77,43.76928,-79.5179666666667,989.5,6.50388578255577,7.27026517707068,24.4,25.5735886381451,25.4,276,0.6,0.1,13.3
2018-08-09 15:22:30.300,183.9,28.4194763998657,1.89030494649304,1.93277857941509,1.64383499126027,412.730680595168,422.004435207301,1.68077831726961,69.6,140.552135328705,21975.6898275963,1,79.3,43.769305,-79.5178933333333,989.5,6.49488554264013,7.26935090160511,24.2,25.5743754804801,25.3,342.4,354.9,0.7,13.2
2018-08-09 15:22:31.300,183.4,28.4295024087972,1.8893669497535,1.93142920876046,1.45482384551604,415.871905275258,425.13039304504,1.48721309816418,68.6,140.475967502685,21777.8925742053,1.2,72.3,43.7693266666667,-79.517815,989.4,6.49821577788471,7.26506963722866,23.5,25.5764040488867,25.3,333.1,346.6,1.5,14.2
2018-08-09 15:22:32.300,183.5,28.4328843112464,1.89076868800932,1.93295779890361,1.58795284456722,416.767496496593,426.066814568026,1.62338383381796,68.5,140.572270436459,21826.0956717209,1.2,74.4,43.7693483333333,-79.517745,989.5,6.49877401087331,7.26772629355999,22.7,25.5796602050612,25.3,5.3,348.7,1.7,15.1
2018-08-09 15:22:33.300,183.2,28.4392592191225,1.88972373236688,1.93189205852457,1.70013797693849,416.607278128192,425.903523420292,1.73807013052046,67.9,140.534230523033,21827.253864367,1,73.8,43.7693683333333,-79.51768,989.4,6.49513776922968,7.26827250978159,21.8,25.5814719287331,25.2,343.4,341.3,2.2,12.4
2018-08-09 15:22:34.300,183,28.4428088114244,1.88901473452283,1.93142668196475,1.48510384539597,415.496722920236,424.825492030563,1.5184527264712,66.5,140.524483789612,21959.0583075136,1,76,43.7693883333333,-79.5176166666667,989.4,6.49686018672666,7.26777378858334,20.7,25.5818300258071,25.2,311.8,348.6,1.9,11
2018-08-09 15:22:35.300,182.6,28.4467419263589,1.89098988095056,1.9332045291669,1.30922582952096,416.105778903033,425.394852752801,1.33844795676486,65,140.549263932259,21836.3527517074,1,75,43.7694083333333,-79.5175583333333,989.5,6.49653908476371,7.26280346373124,19.6,25.5845842954384,25.2,24.6,350.7,1.7,15
2018-08-09 15:22:36.300,182.2,28.45454241353,1.88980016530761,1.93190827973854,1.63555621877926,415.65004042399,424.911395520979,1.67200222948347,64.2,140.506760385719,21796.0152260015,1,69.2,43.769425,-79.5175016666667,989.5,6.49995999616517,7.26089607159671,18.7,25.5855272789383,25.2,30.9,353,2.2,13.6
2018-08-09 15:22:37.300,182.1,28.4563157547574,1.88890130341522,1.93121416685231,1.789052758416,414.167354546194,423.444990259868,1.82912957751785,63.4,140.536003235287,21909.8894029657,1,70.2,43.7694433333333,-79.51745,989.4,6.49922041354005,7.27169695879351,17.5,25.5875922057383,25.2,15.5,345.9,1.5,12.7
2018-08-09 15:22:38.300,181.9,28.4581322889619,1.89244913169508,1.93487792190218,1.88221783063909,413.297352678033,422.563509115381,1.92441481953786,62.3,140.543514605116,21928.452451658,1,69.5,43.7694616666667,-79.5174016666667,989.4,6.4954131679103,7.27412202595631,16.6,25.5876122150757,25.2,16.6,340.8,3,13.9
2018-08-09 15:22:39.300,181.4,28.4615481187125,1.89048603105401,1.93295872535389,1.67493615946244,412.789085333322,422.063056198253,1.71256640377487,61.3,140.513262973964,21973.0412475821,1,67.1,43.76948,-79.51736,989.4,6.49816230012383,7.27197265876224,15.9,25.5893056755882,25.2,346.8,335.5,2,9.7
2018-08-09 15:22:40.300,181.4,28.457117226552,1.88843220430014,1.93082213179852,1.56913742431509,412.908084446645,422.176904930962,1.60436827143446,61.6,140.563693481121,21954.7462520575,1,70.7,43.769495,-79.517315,989.3,6.496682545475,7.26634302925135,15,25.5911300432503,25.2,306.4,329.5,1.7,8.5
2018-08-09 15:22:41.300,181.9,28.4608510571026,1.89109515907997,1.93335063243626,1.36858413001949,413.121160682865,422.352080717447,1.39916255494653,63.1,140.540278313137,21856.0909835457,1,70.1,43.7695083333333,-79.5172683333333,989.3,6.4909503688675,7.26627533538269,14.6,25.5917639498278,25.2,306.2,330.2,2.8,7.7
2018-08-09 15:22:42.200,182.2,28.4683977717766,1.8890041673746,1.9312113949029,1.76831534111928,412.82893493255,422.053049970977,1.80782564946621,62.5,140.53795194579,21855.3651807526,1,67.6,43.76952,-79.51723,989.4,6.4960661984903,7.26760737320661,14.2,25.5927721042339,25.3,284.1,315,2.8,5.6
2018-08-09 15:22:43.300,182.3,28.4766084204196,1.8886311573137,1.93091327161119,1.68217861862711,413.098779558927,422.347024314851,1.7198395599663,62.9,140.549357148748,21897.2341843502,1,66.3,43.7695366666667,-79.5171816666667,989.3,6.49288965800102,7.26592488332272,14.2,25.5949223887008,25.3,305,309.4,3,7.1
2018-08-09 15:22:44.300,181.5,28.4855592220683,1.88805239503607,1.93024597076022,1.58595640401553,412.740005746503,421.963772449933,1.62139778075252,60.6,140.51072333795,21859.1367075768,1,71.1,43.7695533333333,-79.5171416666667,989.3,6.49904789245555,7.26014831250499,13.8,25.5956082675866,25.3,302.7,314.9,3.2,6.4
2018-08-09 15:22:45.300,182,28.4860080418361,1.89087713405026,1.93309409111983,1.71385906566013,411.01347689715,420.190126530084,1.75212389518552,59.2,140.550855200122,21839.316614038,1,65.6,43.7695733333333,-79.5170983333333,989.4,6.49074583991385,7.26074115082686,13.7,25.5967479324219,25.3,296.1,299.2,3.5,6.6
2018-08-09 15:22:46.300,182.3,28.4948276677074,1.88972837989188,1.93192092136258,1.67560723810817,409.110293748453,418.24463456038,1.71301784571159,58.4,140.543633001685,21839.6684890564,1,63.3,43.7695916666667,-79.5170583333333,989.5,6.49269542963117,7.26935280911581,13.1,25.5982689676044,25.4,305.3,304,3.5,8.5
2018-08-09 15:22:47.300,182.1,28.5038069086391,1.89001742656191,1.93214658595209,1.49556996013259,408.45598020345,417.560692428156,1.52890820241106,57.9,140.511964902892,21804.3477167128,1,58.6,43.76961,-79.51702,989.4,6.49627645979307,7.27047169751085,13.1,25.5992713762543,25.4,307.1,303.2,3.3,8
2018-08-09 15:22:48.300,181.8,28.5090838802408,1.88666701491557,1.92853803048207,1.52808463992657,407.914002009556,416.966888935301,1.56201143837512,57.7,140.54875015187,21711.2735187329,1,61.1,43.7696266666667,-79.5169833333333,989.4,6.49786384278918,7.26920428700451,13.1,25.6000931664587,25.4,297.2,308.8,3.6,7.2
2018-08-09 15:22:49.300,181.9,28.5104598682262,1.8894987206087,1.93171117140163,1.74052279448253,407.390635218002,416.492030112046,1.77941417012986,54.6,140.527501698548,21852.3382346463,1,61,43.7696483333333,-79.516945,989.4,6.49217005054394,7.26663471535687,13.3,25.6024161787084,25.4,316.3,327.6,2.2,7.8
2018-08-09 15:22:50.300,182.2,28.5175511910657,1.89002169608251,1.9319544126472,1.49429402900936,406.496561810808,415.515298992672,1.52744965181464,54.7,140.550455750827,21705.0051465071,1,59.3,43.769675,-79.5169083333333,989.4,6.49592779085642,7.26926974728794,13.8,25.6048132162771,25.4,324.7,333.6,2,7.8
2018-08-09 15:22:51.300,182.6,28.5259656995342,1.88940734835989,1.9312957037215,1.32779775197949,406.028361860259,415.030103280215,1.35724017390646,55.9,140.521542820299,21689.4414211328,1,60.1,43.7696966666667,-79.51687,989.4,6.50111906425102,7.27088461601374,13.8,25.6045570838931,25.4,310.8,320,2.2,7.5
2018-08-09 15:22:52.300,182.2,28.5336793061227,1.88962715545559,1.93160061624621,1.57923964255267,405.956519330026,414.973903438979,1.61431923220327,55.4,140.523788550541,21730.2055860506,1,62.2,43.7697166666667,-79.5168333333333,989.3,6.49511869940508,7.27265889996753,14,25.6071675087581,25.5,293.2,325,2.6,6.8
2018-08-09 15:22:53.300,182.1,28.5355245523321,1.89026488820309,1.93220202157383,1.40715880972864,406.785519847743,415.810430971323,1.43837542021073,55.9,140.536737183846,21704.4965452855,1,60.7,43.769735,-79.5167916666667,989.4,6.4929984593844,7.27067230859101,14.2,25.6095648208045,25.5,294.2,315.7,2,5.3
2018-08-09 15:22:54.300,182.3,28.5360423851225,1.89101607527185,1.93285948763504,1.60755324543318,406.507991717233,415.502905415249,1.64312317694606,54.8,140.523838993466,21648.2900185909,1,56.2,43.769755,-79.5167483333333,989.4,6.49732050000888,7.27320735536529,14.4,25.6110659595187,25.5,270,312.1,3.7,4.3
2018-08-09 15:22:55.300,183,28.5399120647169,1.88961191530362,1.93145426650727,1.72500666999633,406.167662703432,415.161513756257,1.76319987186511,55.6,140.556118862751,21663.3635707954,1,53.1,43.7697733333333,-79.5167066666667,989.4,6.50347173280769,7.27666850283061,14.2,25.6114755283724,25.5,272.1,303,2.1,5
2018-08-09 15:22:56.300,183.3,28.5454088167565,1.89047880284732,1.93246484874024,1.4542591761779,406.67596001507,415.707935215174,1.48656184154305,55,140.532980950662,21726.6186255073,1,51.4,43.769795,-79.5166633333333,989.4,6.49322970564912,7.27204405750558,14,25.61272213161,25.5,249.1,344.2,3.8,1.6
2018-08-09 15:22:57.300,183.9,28.5507486781124,1.88826495576543,1.93017435891283,1.12922008000063,406.807332052334,415.836356401433,1.1542862852666,55.3,140.521279204603,21712.8854781361,1,47.5,43.7698166666667,-79.5166216666667,989.3,6.50021064417687,7.27209292017179,14.2,25.6132966243203,25.6,263.3,296.6,3.5,5
2018-08-09 15:22:58.300,184.5,28.556389310248,1.88843335638885,1.9304640561739,1.41978855465719,409.456186639955,418.569546472779,1.45138934644314,55,140.56314340577,21772.6170413188,1,47.8,43.7698366666667,-79.5165833333333,989.4,6.49846876871241,7.27107773384213,14,25.613547840459,25.6,277.1,299.9,3.6,4.6
2018-08-09 15:22:59.300,184.6,28.5683340451805,1.88866400943493,1.93070628703631,1.81978863176041,411.062386945333,420.212740179477,1.86029785184547,54.8,140.521228231885,21775.5885013165,1,54.7,43.7698583333333,-79.5165483333333,989.4,6.49640167685669,7.26868189086574,13.7,25.6158320030847,25.6,272.3,299.2,3.2,4
2018-08-09 15:23:00.300,184.7,28.5747946101477,1.88873947539621,1.93075620363219,1.67624708110299,411.183143984581,420.330281759017,1.71354143233737,54.8,140.548409765391,21761.8224223167,1,57.2,43.7698783333333,-79.516505,989.3,6.49449784027339,7.27207522104628,13.5,25.6170215442872,25.6,270.7,334.3,3.4,4.6
2018-08-09 15:23:01.300,185.2,28.5792899641793,1.88866768334998,1.93061537380916,1.34221144329812,412.563739381815,421.726870330402,1.37202116825941,55.6,140.553891511829,21727.5521038576,1,56.9,43.7698983333333,-79.5164616666667,989.3,6.49602571013851,7.27144249070977,13.7,25.6187281629289,25.6,258,333.7,2.3,2.7
2018-08-09 15:23:02.300,185.1,28.5868934088115,1.89017308572609,1.93220914843585,1.50180077982897,412.585169833605,421.760762869998,1.53520471093119,54.7,140.521281485392,21755.3784122634,1,48.9,43.769915,-79.516425,989.4,6.49760190495146,7.27055019046998,13.3,25.6201965293833,25.6,256.6,265.3,3.8,3.6
2018-08-09 15:23:03.300,185,28.5916194038468,1.89082094337835,1.93291434989554,1.95764112867141,411.73495136868,420.900978292502,2.00122187873032,53.6,140.572145435161,21777.1028472357,1,54.9,43.769935,-79.5163916666667,989.4,6.49413543193123,7.27588373071859,12.7,25.6212661243566,25.6,253.9,229.1,4.6,3.1
2018-08-09 15:23:04.300,184.6,28.6034136973205,1.89120338736406,1.93333696367941,1.6307591025236,411.278937513207,420.441756999976,1.66709191948871,53,140.523513737001,21793.2832498275,1,48.7,43.76995,-79.5163616666667,989.4,6.49338676092319,7.27133745120113,12.5,25.622907396051,25.6,245,233.7,4.6,3.1
2018-08-09 15:23:05.300,183.9,28.6157266694684,1.89039032753464,1.9324702667719,1.60986938321388,410.752185622643,419.895504090882,1.64571925532936,51.8,140.514996638396,21775.1174201081,1,37.4,43.7699683333333,-79.51633,989.4,6.49406738818708,7.26860673100795,12.5,25.6239922213591,25.6,254.4,241.4,5.1,5.2
2018-08-09 15:23:06.300,183.6,28.6208477078518,1.88710753057884,1.92891951010367,1.23860639741456,409.211117689267,418.277728253778,1.26603983302852,51.6,140.556296637733,21676.2482402329,1.1,29.9,43.7699866666667,-79.5163,989.5,6.49791424268638,7.27139893765852,12.2,25.6259026996787,25.6,261.9,250.9,5,4.9
2018-08-09 15:23:07.300,183,28.6249101427228,1.88848753280737,1.93057989295791,1.10985050734438,408.008553108459,417.102563685285,1.13460642568726,51,140.517370602881,21802.9769534668,1.1,33,43.7700083333333,-79.51627,989.4,6.5011088825071,7.27215107592097,12.2,25.6268736858942,25.6,264,259,4.6,5
2018-08-09 15:23:08.300,182.7,28.62680326225,1.8886758285946,1.93086184687318,1.41642523015886,406.778823811162,415.864934243728,1.4480692854264,49.6,140.548161209936,21848.6768375401,1.1,27.8,43.7700333333333,-79.51624,989.3,6.49965919776099,7.27247588578801,12.4,25.6282769584705,25.6,267.7,258.1,4.7,5.8
2018-08-09 15:23:09.300,182.7,28.6317182914028,1.89097370189001,1.932971053797,1.51225611715981,406.537102281793,415.566089309232,1.54585173902437,50.1,140.541516189355,21727.0242254991,1.1,20.2,43.770055,-79.516205,989.4,6.49523360272709,7.27108897821969,12.7,25.6298793461025,25.6,263.3,263.3,4.4,4.4
2018-08-09 15:23:10.200,183,28.6403460372647,1.88881902337195,1.93078694193195,1.72960290332056,406.915001312963,415.956317239136,1.76804924405518,54.7,140.517202554293,21736.1669645115,1.1,25.3,43.77007,-79.5161683333333,989.4,6.49825753730054,7.2693454110727,13.1,25.6312792731552,25.6,252.9,255.2,4.1,2.1
2018-08-09 15:23:11.300,183,28.6426899819424,1.88955547350447,1.9314783760652,1.39486414230429,405.85791692713,414.862493204771,1.42581858527019,54,140.565182272229,21705.0269849404,1.1,29.3,43.77009,-79.5161283333333,989.4,6.49468077759957,7.27407212865235,13.3,25.6326640498655,25.6,250.5,278.4,3.8,2.2
2018-08-09 15:23:12.300,183.1,28.651258433051,1.89058598658001,1.93269263239642,1.49124902031738,405.470812985492,414.501393648367,1.52446301726758,50.1,140.523380352791,21786.5185698033,1.1,28.6,43.770115,-79.5160916666667,989.3,6.48821938534521,7.27572526410587,13.3,25.6339621406058,25.6,257.4,269.8,3.6,3.3
2018-08-09 15:23:13.300,183.2,28.6560935996372,1.88984641723068,1.93177725115322,1.46863415986238,405.104678615073,414.092957398371,1.50121764883614,47.1,140.518333188551,21705.8236343315,1.1,27.6,43.7701416666667,-79.5160583333333,989.4,6.48752286344649,7.27608138689849,12.9,25.6351990182808,25.7,257.4,254.1,4.5,3.5
2018-08-09 15:23:14.300,183.1,28.6549712922991,1.88979710528222,1.93162610049268,1.36455193925243,404.607891493896,413.563411024697,1.39475210342255,47.8,140.550087555963,21654.60446052,1.1,28.4,43.770165,-79.516025,989.4,6.4945895507589,7.27422782154887,12.9,25.6364362756671,25.7,247.9,249.4,4.1,2.7
2018-08-09 15:23:15.300,182.9,28.6616430072995,1.8887525051121,1.93068594766101,1.12549260008318,404.435975466278,413.415161065336,1.15048863207673,49.9,140.511903020249,21719.4719554963,1.1,32.3,43.770185,-79.5159933333333,989.4,6.50076731128283,7.27711312250426,12.9,25.6378738695649,25.7,240.5,235,4.4,1.9
2018-08-09 15:23:16.300,182.5,28.668647845607,1.88564165055802,1.92763116686404,1.23798868203373,404.688082827256,413.699806004905,1.26555856081373,49.5,140.525543886021,21783.1681922957,1.1,38.4,43.7702066666667,-79.51596,989.4,6.50297663209987,7.27252854804547,12.9,25.6392618288958,25.7,241,236.5,4.3,2
2018-08-09 15:23:17.300,182.3,28.6706519861598,1.88712644541167,1.92898436741748,1.35436238115846,404.659702135798,413.635407586004,1.38439229316722,48.6,140.542223774145,21699.5496032097,1.1,41.8,43.7702266666667,-79.51593,989.4,6.49680324017653,7.27504548915053,12.9,25.6408046723899,25.7,227.6,179.2,4.1,0.4
2018-08-09 15:23:18.300,181.9,28.6743548444925,1.89067865831328,1.93245446796324,1.55201034969349,404.526718657361,413.464873630465,1.58631101178321,47.4,140.526272172454,21617.8549228022,1.1,39.4,43.7702466666667,-79.5158983333333,989.4,6.49463683163131,7.27319395848919,12.5,25.6422953324503,25.7,243,258.8,4,2
2018-08-09 15:23:19.300,181.9,28.6743683515345,1.88998236174431,1.93168760161756,1.23882123095998,404.888132299133,413.822494116678,1.2661562559665,46.1,140.565531560371,21589.9932688166,1.1,35,43.7702683333333,-79.5158666666667,989.5,6.49297496265811,7.26807145509008,12.4,25.6435995949301,25.7,245.7,269.8,3.8,2.1
2018-08-09 15:23:20.300,181.6,28.6779829439644,1.88901284885652,1.93079402113508,1.37665298162104,404.094160717287,413.031777152968,1.40710772563536,45.3,140.528799009391,21639.1883965871,1.1,33.9,43.7702916666667,-79.51584,989.4,6.49286904560861,7.27284236118696,12.5,25.6451705280647,25.7,232.2,228.2,3.6,1.3
2018-08-09 15:23:21.300,181.3,28.6834063100686,1.88874810486408,1.93061647542799,1.59253201019389,403.808425063105,412.759756691986,1.62783103513748,44.9,140.524559708887,21686.5427406677,1.1,32.1,43.7703133333333,-79.51581,989.4,6.49883478453332,7.27966637364254,12.5,25.6464869259124,25.7,239,221.5,4.4,1.8
2018-08-09 15:23:22.300,181.4,28.689065530191,1.88797141210378,1.92984585456963,1.51512102323875,404.439792066245,413.41007664548,1.54872381825911,44.6,140.541272818991,21698.2498633885,1.1,32.3,43.770335,-79.51578,989.4,6.50144159747954,7.27880006590841,12.4,25.6477953620218,25.8,236.1,217.9,4.2,2.3
2018-08-09 15:23:23.300,182,28.695400674273,1.88995636261201,1.93190222775741,1.68828332928676,406.325304754797,415.343414331622,1.72575232647357,43.3,140.508304328003,21712.1869380864,1.1,27.8,43.7703566666667,-79.5157466666667,989.4,6.49770195979441,7.27737042544277,12.2,25.649188651454,25.8,231.1,215.5,4.5,2.7
2018-08-09 15:23:24.300,182.5,28.6939983691925,1.88966639981132,1.93170078105674,1.52689639730817,410.091893460029,419.214204714877,1.56086150819463,44.5,140.540839717618,21760.3752498166,1.1,22.7,43.77038,-79.515715,989.4,6.49560307189811,7.27394228209739,12.4,25.6507546591505,25.8,236.7,218.1,5,3.3
2018-08-09 15:23:25.300,182.5,28.6980847047386,1.88823921326515,1.930246832164,1.44500507854273,413.640224968243,422.842641326763,1.47715353226935,45.3,140.53260742125,21763.0954612045,1.1,22.7,43.770405,-79.515685,989.4,6.49824289121628,7.27455336988431,12.7,25.6522264773369,25.8,229.6,202.7,4.7,2.8
2018-08-09 15:23:26.300,182.3,28.7065235249568,1.88916103885246,1.93115295736081,1.79579201784216,416.038191827523,425.285845365102,1.83570278605561,43.9,140.529404043576,21744.6107607765,1.1,18.2,43.7704316666667,-79.515655,989.5,6.49598873813074,7.27338172871888,13.1,25.6539561686744,25.8,239.6,232.5,4.7,3
2018-08-09 15:23:27.300,182.6,28.7081355728388,1.89018091940569,1.93221891579653,1.83330181393461,417.564748920096,426.85141094061,1.87406062691621,42.3,140.569687813938,21756.0535029444,1.1,15.7,43.7704583333333,-79.5156216666667,989.4,6.49374170839053,7.2753203606308,13.1,25.6551432476286,25.8,238.7,234.1,4.7,2.7
2018-08-09 15:23:28.300,183,28.7137633235287,1.88981332367384,1.93202132444025,1.63695336543124,420.68061226252,430.076258238864,1.67351433949753,41.8,140.528710895458,21846.4460415929,1.1,17.5,43.7704833333333,-79.5155916666667,989.3,6.49333451647783,7.27183733676495,13.1,25.656506776726,25.8,241,248.4,4.5,3.1
2018-08-09 15:23:29.300,182.8,28.7189353920731,1.8889541753532,1.93117038629925,1.7472592223952,424.143997775832,433.623234921437,1.78630883768354,40.5,140.526897938291,21860.6526310224,1.1,26.4,43.7705083333333,-79.515565,989.3,6.49389772720267,7.27309719326369,13.1,25.6579319879713,25.8,244,287.3,3.9,2.8
2018-08-09 15:23:30.300,182.8,28.7200954509927,1.89092439163148,1.93323053858389,1.74657751322252,425.679054379866,435.202980932655,1.78565316053632,41,140.555556232798,21883.9056739778,1.1,27.2,43.7705333333333,-79.515535,989.4,6.49194678022066,7.2740813977099,13.1,25.6593291313163,25.8,239.2,305.7,3.6,2.1
2018-08-09 15:23:31.300,182.7,28.7246441205196,1.88878087114645,1.93107288170714,1.81793026864986,424.934461999427,434.449323245457,1.85863058841369,41.2,140.525897418034,21900.8488364735,1.1,23.5,43.7705583333333,-79.5155066666667,989.4,6.4946262117272,7.27174248771402,12.9,25.6605405880913,25.8,228.7,353.6,2.7,1.9
2018-08-09 15:23:32.300,182.4,28.7303301417863,1.88685298817273,1.92891916998364,1.7287527259999,422.37921939391,431.79600079757,1.76731285202739,39.8,140.530954410188,21808.179470382,1.1,20.4,43.7705833333333,-79.51548,989.4,6.5028300450377,7.27706100149077,12.9,25.6621960073644,25.8,212.1,70,3.1,2.2
2018-08-09 15:23:33.300,182.5,28.7352564714723,1.88863903094688,1.93065379906102,1.44629906221836,421.405108361639,430.779703236759,1.47847623087186,40.6,140.530066724321,21761.9077165552,1.1,19.7,43.7706066666667,-79.5154533333333,989.4,6.499816075401,7.27554061002348,12.9,25.6638327166594,25.8,192.7,44.1,3.1,3
2018-08-09 15:23:34.300,182.8,28.7375603071496,1.88975352714139,1.93206745035398,1.59430419422273,421.153665644792,430.583736847824,1.63000895126231,39.7,140.509992430955,21900.7843876026,1.1,18,43.7706316666667,-79.5154233333333,989.4,6.49581159335566,7.27168894079778,13.3,25.6652427317757,25.8,196,16.3,1.9,3.6
2018-08-09 15:23:35.300,182.6,28.7373599890734,1.88938637082232,1.93187849886151,1.65015068018075,420.307649475848,429.760222520152,1.68726178263043,40.1,140.551063254733,21994.925244436,1.1,29.4,43.7706616666667,-79.5153933333333,989.5,6.49032937300763,7.27346488653206,13.8,25.666103897642,25.8,200.8,8.1,1.4,4.5
2018-08-09 15:23:36.300,182.9,28.7414107471772,1.88858079631744,1.93088555817364,1.67863038478645,419.828675093973,429.232850051356,1.71623117700619,40.6,140.5260338111,21909.3642579942,1.1,30.8,43.7706866666667,-79.51536,989.4,6.49175131285794,7.27430594131639,13.8,25.6673335209806,25.8,219.7,0.4,1.7,3.2
2018-08-09 15:23:37.300,183.4,28.7447719624367,1.88779859915389,1.93013761376185,1.72249598046784,419.096161829943,428.49552299858,1.76112923514336,40.7,140.518357200207,21935.8368238917,1.1,43.6,43.7707116666667,-79.51533,989.3,6.49611669925455,7.27335178503152,13.3,25.66899066802,25.8,215,7.5,1.9,3.6
2018-08-09 15:23:38.300,183.7,28.7465056577973,1.88809671933474,1.93057146249483,1.4562738377816,417.920994569457,427.322673650534,1.48903430567867,40.1,140.554395320158,22001.3143690232,1.1,47.3,43.7707366666667,-79.5153033333333,989.5,6.49991586155978,7.27060239789956,12.9,25.6704689232851,25.8,216.5,0.4,2,2.6
2018-08-09 15:23:39.300,183.8,28.7528114015853,1.89010448198407,1.9325072237559,1.31869594775729,417.089640588583,426.446766398792,1.34826485059518,37.7,140.533045513699,21941.9618638381,1.1,47.5,43.7707616666667,-79.5152783333333,989.4,6.49813042140478,7.26926192566686,12.2,25.6718356238283,25.8,226.6,350,2.4,2.7
2018-08-09 15:23:40.300,183.6,28.7563081284964,1.89133573599311,1.93366078305036,1.70175629387526,416.044280630469,425.354724053911,1.7398419468144,35.1,140.543102137138,21888.6629919928,1.1,39,43.7707866666667,-79.5152566666667,989.4,6.49694854614928,7.2725159599569,11.6,25.6734265988007,25.8,234,337.6,2,2.8
2018-08-09 15:23:41.300,184.1,28.7590350836841,1.88961435856248,1.93187129033681,1.88151983293427,414.982283759493,424.262440765699,1.92359564866686,31.3,140.523023564006,21873.6229499747,1.1,32.6,43.7708116666667,-79.5152333333333,989.3,6.49905048836559,7.27684046725867,11.2,25.6749422182059,25.8,241,340.6,1.4,4.6
2018-08-09 15:23:42.300,184.7,28.7635520647586,1.8895208213992,1.93190328628306,1.5542503377186,414.658279318101,423.95913978432,1.58907306484475,32.6,140.521994515945,21938.0814032845,1.1,31.8,43.7708366666667,-79.5152116666667,989.4,6.49711242133384,7.27373154937501,11.1,25.6762171753493,25.8,249.4,316.5,2,2.9
2018-08-09 15:23:43.300,185.2,28.7661159178002,1.88953745999996,1.93208685537996,1.49004886540282,414.859812920011,424.20172558601,1.52359118492334,34.3,140.551134873999,22022.2090163976,1.1,29.6,43.77086,-79.5151866666667,989.4,6.49466043219991,7.26949002182001,11.2,25.6775679204,25.8,227.2,339.5,2.1,2.3
2018-08-09 15:23:44.300,185.5,28.7720258568229,1.88725633057818,1.92979799901452,1.68408219687101,415.050166600083,424.405997444048,1.7220347106628,39.1,140.527068647034,22044.409256209,1.1,33.4,43.77088,-79.51516,989.4,6.49327802588801,7.26984715554708,11.4,25.6790390419245,25.8,214.2,13.6,2.2,1.6
2018-08-09 15:23:45.300,185.5,28.7768939831123,1.88839926033181,1.93116394344035,1.56377878813974,415.554190301697,424.964803439918,1.59919284035638,42.2,140.525783727505,22144.4358739912,1.1,38.6,43.7709016666667,-79.5151316666667,989.3,6.49261699132696,7.26877650870494,11.4,25.6804808280798,25.8,211.6,13,1.9,3.4
2018-08-09 15:23:46.300,185.4,28.7800131774608,1.88937710989536,1.93213050555582,1.59839440186758,415.512818686281,424.915207709884,1.63456279606838,44.6,140.529836051022,22127.682723911,1.1,39.5,43.77092,-79.5151033333333,989.3,6.49544291649696,7.27000048683027,11.4,25.6822147173385,25.8,184.6,32.1,1.2,4.9
2018-08-09 15:23:47.300,185.4,28.7843631479479,1.8864979085005,1.92899506330131,1.54488126807258,415.295792735332,424.651194002399,1.57968546566218,44.6,140.532268276476,22030.7750412616,1.1,45.3,43.77094,-79.5150766666667,989.3,6.4971720654815,7.26990078605007,11.1,25.6836094163163,25.8,178.3,10.9,1.1,4.9
2018-08-09 15:23:48.300,185.4,28.789371975382,1.88754742043745,1.93017161338173,1.43538388246504,415.676309922849,425.062995617542,1.46779353121323,43.5,140.542150689087,22083.0916981229,1.1,44.2,43.77096,-79.51505,989.3,6.49281229997576,7.26838077021654,11.2,25.6845856385537,25.8,183.3,19.1,0.7,4.7
2018-08-09 15:23:49.300,185.6,28.7949148216122,1.88629638485312,1.92908999465623,1.30223783241555,417.328833686568,426.796666703057,1.33178054662318,40,140.544024790293,22183.5051146535,1.1,39.4,43.7709833333333,-79.5150283333333,989.3,6.49286284000947,7.27061530681788,11.1,25.6863792268774,25.8,188.3,16.9,1.4,3.4
2018-08-09 15:23:50.300,185.5,28.7996637139488,1.88514498633873,1.92778822381551,1.16086946599934,418.627125080045,428.096816208387,1.18713352587416,35.2,140.556377854616,22120.3495243526,1.1,38.4,43.771005,-79.5150066666667,989.2,6.49770046449719,7.2747244383547,10.9,25.6879329313545,25.8,200.9,17.4,1.6,3.1
2018-08-09 15:23:51.300,186.1,28.801467094617,1.88812470617851,1.93070861496546,1.19095931081535,418.319477699785,427.753986483712,1.21782006882593,32.9,140.551680742233,22055.9798653505,1.1,37.1,43.771025,-79.5149866666667,989.2,6.49475349965271,7.27270810664534,10.5,25.6889564189536,25.8,210.9,13.3,1.6,1.6
2018-08-09 15:23:52.300,186.6,28.8029842012587,1.88912173962239,1.93184607572308,1.52894906947179,416.801783102936,426.227932096372,1.56354087339408,34.8,140.527095265616,22115.6067488663,1.1,41.1,43.7710433333333,-79.5149633333333,989.3,6.49389816237936,7.2689998829018,10,25.690592958652,25.8,197.1,28.4,1.8,3
2018-08-09 15:23:53.300,186.9,28.8073528445585,1.88866038171788,1.93147689986009,1.60480847933398,414.95193761056,424.358859236523,1.64118884815719,38.5,140.528965456654,22167.5166037014,1.1,42.4,43.77106,-79.5149383333333,989.3,6.49713917854424,7.27228418422029,9.6,25.6921822351014,25.8,209.5,20,1.7,2.1
2018-08-09 15:23:54.300,187.3,28.812892226294,1.8873599773155,1.93018369458009,1.48202230825335,413.515095560319,422.897639166679,1.51564978386868,39.6,140.526927169667,22186.3712111695,1.1,45.6,43.771075,-79.5149166666667,989.3,6.49466972586398,7.27392651855619,8.8,25.6933478963461,25.9,215.1,7.7,1.6,2.5
2018-08-09 15:23:55.300,187,28.8175859754291,1.88545408582101,1.92834065111951,1.64199418489371,414.325465578092,423.749877513102,1.67934797498761,40.9,140.537646300334,22240.3066414333,1.1,50.1,43.7710933333333,-79.5148983333333,989.4,6.49640788288457,7.27047853720827,8.3,25.6947997796394,25.9,212.2,19.4,1.3,2
2018-08-09 15:23:56.300,186.5,28.8202341550172,1.88670640156211,1.92961912798519,1.67146371425656,417.808460011933,427.31145777206,1.70948344668307,44.2,140.549395564601,22239.1007364307,1.1,45.7,43.7711066666667,-79.5148766666667,989.3,6.49626717028723,7.26996776944667,8.5,25.6963098646413,25.9,205,6.3,1.3,1.7
2018-08-09 15:23:57.300,186.3,28.8234448549927,1.88722356839795,1.93015177096603,1.5480772983784,419.756816679454,429.304960158637,1.58328930991038,44.4,140.522966225569,22240.8783446434,1.1,43,43.7711216666667,-79.514855,989.3,6.49308580140676,7.27227582748011,8.7,25.697692743273,25.9,229.9,345.2,1.6,1.6
2018-08-09 15:23:58.300,186.2,28.8266864561585,1.88692456915966,1.92991031447292,1.68179110391404,420.407308528329,429.984440908497,1.72010410720843,43.8,140.543102125372,22273.2652077921,1.1,39.7,43.7711383333333,-79.5148316666667,989.2,6.49435851542545,7.27166456803171,9,25.6991957503267,25.9,232.9,0.4,1.3,2.5
2018-08-09 15:23:59.300,185.8,28.8284821631152,1.88786268116327,1.93104104176463,1.70448141917944,420.36468318798,429.978996079465,1.74345656898602,43.8,140.555852733753,22360.0234915082,1.1,37.3,43.7711566666667,-79.5148133333333,989.3,6.49338339982555,7.27292403962239,9,25.7007907226814,25.9,223,356.8,0.8,3.2
2018-08-09 15:24:00.300,185.1,28.8333476473022,1.88889422451551,1.93210168003862,1.81933796872572,419.419821801421,429.013955116669,1.86094290595646,44.2,140.530987952367,22363.0471304168,1.1,42.9,43.771175,-79.5147933333333,989.3,6.49173720848295,7.27496200284145,9.2,25.7021927247523,25.9,229.8,13,1.1,2.9
2018-08-09 15:24:01.300,184.8,28.8382950523716,1.88930511052336,1.93244492837875,1.60900321439317,418.650127475823,428.209445690284,1.64573816196011,43.1,140.552212329224,22323.7919117391,1.1,46.6,43.7711933333333,-79.51477,989.3,6.49143876748055,7.2742493963077,9.4,25.7038760513732,25.9,223.4,0.4,0.8,3.5
2018-08-09 15:24:02.300,184.9,28.8426445762068,1.88788019606226,1.93098513969239,1.32270422747151,418.121865921431,427.668630767164,1.35290404155471,43.1,140.542367008246,22322.6195387751,1.1,43.6,43.77121,-79.51475,989.4,6.4952367251274,7.27465403115909,9.4,25.7049873465209,25.9,176.6,13.1,0.8,4.2
2018-08-09 15:24:03.300,185.1,28.8445947998003,1.88723951032527,1.93019751211183,1.55292281439186,417.882135986022,427.394241571644,1.58826068095191,42.4,140.545360876992,22255.9245709603,1.1,42.9,43.7712283333333,-79.5147266666667,989.3,6.49647037186686,7.27374122547414,9.4,25.7059035450056,25.9,175.5,18,0.8,4.1
2018-08-09 15:24:04.300,184.8,28.8459750370034,1.88852015194709,1.93174008300216,1.55083175709222,417.882041207497,427.445638103709,1.58630271375116,41.5,140.548254975222,22373.7113359683,1.1,32.2,43.7712483333333,-79.5147066666667,989.3,6.49377874892055,7.27076078735913,9.2,25.708490532931,25.9,160.6,17.1,0.7,4.8
2018-08-09 15:24:05.300,184.2,28.8537117147123,1.88908690536088,1.93227321902544,1.56419460734655,417.114430920564,426.650062888722,1.5999389204104,41.5,140.501167462053,22349.7970097882,1.1,27.4,43.7712633333333,-79.514685,989.3,6.49031807150966,7.2700523253607,9.2,25.7104421300842,25.9,148,13.5,0.8,5.3
2018-08-09 15:24:06.300,183.9,28.859293927357,1.88699366774951,1.93016573013434,1.60465255285903,415.63849304536,425.147690881647,1.64135976704571,43,140.532093552553,22367.0074795291,1.1,42,43.7712783333333,-79.5146633333333,989.3,6.49560160392078,7.272700496989,9,25.7110253792671,25.9,127.8,19.4,1.2,5.5
2018-08-09 15:24:07.300,183.9,28.8634257782957,1.88800936235473,1.93121987842093,1.46522972941453,414.473706236547,423.95985899763,1.49877068542526,42.7,140.534061409886,22375.0003487543,1.1,46,43.7712966666667,-79.5146433333333,989.3,6.49558381649028,7.27089771881817,8.8,25.7122798063878,25.9,108.8,23.1,1.1,6
2018-08-09 15:24:08.300,184.2,28.8676180322888,1.88784181099677,1.93082790512672,1.51853704851681,413.136459885712,422.543660505471,1.55310990762619,46,140.523225190829,22263.1711461358,1.1,37.6,43.7713133333333,-79.5146216666667,989.2,6.49448065063532,7.26782796489117,8.3,25.7137928044786,25.9,141,16.6,0.7,4.9
2018-08-09 15:24:09.300,184.4,28.8698725462138,1.8848564660119,1.92785353164393,1.47597964608326,412.338723727024,421.744934470477,1.50964319108724,47.1,140.554644730783,22303.105519272,1.1,41.2,43.7713283333333,-79.5146,989.3,6.49580148973215,7.26563689164966,8.1,25.7154285599771,25.9,139,21.8,1,4.3
2018-08-09 15:24:10.300,184.2,28.8787901349558,1.88514091704356,1.92814990152007,1.22615104683646,411.065259116663,420.443611209193,1.25413099980829,47.7,140.530422941566,22305.7465363761,1.1,54.1,43.771345,-79.5145816666667,989.3,6.49421684861453,7.26695837235747,8.1,25.7167965132264,25.9,50,5.8,0.4,4.8
2018-08-09 15:24:11.300,184.2,28.8859798106019,1.88699118832846,1.93005133057577,1.49943782405357,409.696740614124,419.045691891212,1.53366321424063,48,140.547087242368,22310.1243314023,1.1,50.2,43.77136,-79.51456,989.3,6.49206361393942,7.27185418212394,8.1,25.718463523173,25.9,120.8,15.3,0.8,4.9
2018-08-09 15:24:12.300,183.9,28.8905647932625,1.88788366008008,1.93101396356381,1.56613760608746,409.115596647531,418.462145071287,1.60191671819299,48.7,140.554350245565,22335.4030017135,1.1,44.8,43.7713716666667,-79.5145433333333,989.2,6.49502741684917,7.27335967487126,7.9,25.7200977281557,25.9,106.6,13.7,0.7,5.2
2018-08-09 15:24:13.300,183.2,28.8985338760577,1.8881103532505,1.93139606053055,1.50170777818241,408.007702854952,417.361317656497,1.53613679103666,51.2,140.504573189725,22411.3233490585,1.1,49.5,43.7713816666667,-79.5145233333333,989.3,6.49139423760252,7.2708221562727,7.9,25.7215935383479,25.9,99.4,10.5,0.5,4.7
2018-08-09 15:24:14.300,182.7,28.9004896908753,1.88827415354417,1.93145436390641,1.646609933912,406.283337250327,415.574073439435,1.68425615432995,52.3,140.536410869222,22356.2221700671,1.1,53.6,43.7713916666667,-79.5145016666667,989.3,6.48642363605162,7.2736504577669,8.3,25.7229589033159,25.9,113.7,12.6,0.6,5.1
2018-08-09 15:24:15.300,182.4,28.9043005687586,1.88744950980985,1.93054060865911,1.60995812724361,406.077448638426,415.348219480396,1.64671217585961,50.5,140.5237636083,22320.5825041553,1.1,50.6,43.7714066666667,-79.51448,989.2,6.49086946088574,7.27120562047461,8.8,25.7236959061182,25.9,127.2,22.9,0.9,5.5
2018-08-09 15:24:16.300,182.1,28.9074520137964,1.88751009425005,1.93059483170339,1.56240495398321,405.469954640986,414.725205770676,1.5980685272221,50.1,140.518891687224,22316.6847462284,1.1,53.5,43.7714216666667,-79.514455,989.3,6.48902144942029,7.27208590505151,9.2,25.7249709692419,25.9,129.6,25,1.3,5.7
2018-08-09 15:24:17.300,182.3,28.9088533606487,1.88635095932237,1.92951374722637,1.39523160077557,405.734886366911,415.018722950361,1.42714984275011,51.7,140.546551291002,22369.7454617043,1.1,53.3,43.7714383333333,-79.5144266666667,989.2,6.49438814898021,7.27427237526532,9.6,25.7267127711649,25.9,130.4,26.2,1.2,5.7
2018-08-09 15:24:18.300,183,28.9147289012708,1.88721877040721,1.93033720082958,1.36452165510719,407.536527002096,416.847687095385,1.39569412673229,52.2,140.520232573198,22337.2259756267,1.1,43.3,43.7714566666667,-79.5143983333333,989.2,6.49280621844904,7.26904865120388,10,25.7289253511276,25.9,142.6,17.7,1.1,5.6
2018-08-09 15:24:19.300,183.1,28.9160804688682,1.88848075329529,1.93144002957872,1.53706504358891,407.41652694836,416.684460599657,1.57202499980828,51,140.546126979931,22241.940554638,1.1,45.5,43.771475,-79.5143716666667,989.2,6.49282604838483,7.2679855735172,10,25.7302490477974,25.9,134.4,13.9,0.9,5.8
2018-08-09 15:24:20.300,182.5,28.913819550828,1.88785129164731,1.93086107107989,1.40014634225258,405.66443382245,414.906350772805,1.43203641798358,50.1,140.557735059108,22274.7438203024,1.1,49,43.7714916666667,-79.5143466666667,989.2,6.49295340520181,7.27501638888629,10,25.7320647990537,25.9,135.2,16.8,0.8,6
2018-08-09 15:24:21.300,182.1,28.9171044569206,1.88679402918582,1.92982644166547,1.3729422159911,404.595379096985,413.823110598096,1.40425450026931,49.7,140.513178988899,22298.5932329391,1.1,46.6,43.7715066666667,-79.51432,989.2,6.49584483533659,7.27180551698774,9.8,25.7332534721687,25.9,115.7,12,0.7,6
2018-08-09 15:24:22.300,182,28.9182835083178,1.88655101781741,1.92976036912764,1.29000821544097,404.891553136944,414.165235342017,1.31954799009184,50,140.543329881488,22391.1235361631,1.1,44.9,43.7715233333333,-79.5142933333333,989.2,6.49286555025862,7.27026212013358,9.8,25.7344991186982,25.8,134.8,12.1,0.5,5.5
2018-08-09 15:24:23.300,182.6,28.9211724068679,1.88795288405478,1.93104901077159,1.14515337026025,404.396114280214,413.627354901087,1.17129939471902,52.2,140.514191975532,22317.6788151253,1.1,44.8,43.7715383333333,-79.5142633333333,989.3,6.49240501387619,7.2723607184856,9.8,25.7359617629352,25.8,131.9,14.4,0.7,6
2018-08-09 15:24:24.300,183.3,28.921889050629,1.88539949958859,1.92832095634674,1.19036992319256,403.569647404552,412.757006707869,1.21746889429876,52.6,140.511157333903,22258.4772559175,1.1,54.5,43.7715533333333,-79.514235,989.2,6.49381557240992,7.26919569689566,9.6,25.7383050190393,25.8,130.2,13.6,0.6,5.4
2018-08-09 15:24:25.300,183.6,28.9220098784897,1.88372187264209,1.92665258798101,1.4021558342708,402.99195741477,412.17631686365,1.43411342566325,52.7,140.544596680082,22282.4503381245,1.1,50,43.7715683333333,-79.5142083333333,989.2,6.50011890661209,7.26690757084691,9.4,25.738714703848,25.8,151.5,14.5,0.8,5.3
2018-08-09 15:24:26.300,184,28.926332591845,1.88549752866641,1.92852415993768,1.20813718686893,402.586972173797,411.773946222997,1.2357041932387,51.4,140.511997659393,22310.6047178014,1.1,50.8,43.7715866666667,-79.5141816666667,989.2,6.50262604778264,7.27293732432694,9.4,25.740839333631,25.8,114,7.5,0.5,5.1
2018-08-09 15:24:27.300,184.5,28.928398427016,1.88934715158091,1.93241867855268,1.47092923380512,402.18710687254,411.355778881032,1.50445612802743,51.7,140.523918675764,22288.9363151192,1.1,50.3,43.771605,-79.5141583333333,989.2,6.49457989542131,7.27441649096174,9.2,25.7415720670973,25.8,111.2,5.7,0.4,5.7
2018-08-09 15:24:28.300,184.6,28.9298469980929,1.88816324883419,1.93111366252844,1.49219025337359,401.658992901875,410.795518537064,1.52613544345663,52.9,140.532149236543,22240.9578187633,1.1,64.3,43.7716183333333,-79.51413,989.2,6.49385523571825,7.27024861475237,9.2,25.7427459256844,25.8,58.9,4.3,0.7,6.6
2018-08-09 15:24:29.300,184.1,28.932715669417,1.88919286462317,1.93216386170856,1.38180321569366,401.40266556849,410.532745054591,1.41323279364122,54.3,140.517165925206,22239.5510592644,1.1,64.2,43.7716316666667,-79.514105,989.1,6.49258334515597,7.26597492375609,9.2,25.7449192345171,25.8,73.9,2,1.2,7
2018-08-09 15:24:30.300,184,28.936404409949,1.88864656807777,1.93160351599921,1.18876640060763,401.777346776644,410.915702820626,1.21580485830717,56.1,140.544232919388,22238.8716292111,1.1,65.8,43.7716483333333,-79.5140816666667,989.1,6.4909262427118,7.27048267608663,8.8,25.7467153989534,25.8,65.3,0.4,0.8,6.1
2018-08-09 15:24:31.300,183.9,28.9420160414258,1.88913494438022,1.93209594494366,1.68886966324179,402.35771943598,411.507773681907,1.72727592172552,61,140.541413138903,22235.4189128277,1.1,65.4,43.7716583333333,-79.5140533333333,989.2,6.49497982230106,7.27158286029368,9,25.74812353331,25.8,45.6,3.4,0.4,5.6
2018-08-09 15:24:32.300,184,28.9472128342309,1.88575687409767,1.92871475191873,1.70422786238875,403.781420486362,412.979634739142,1.74304620598459,63.6,140.545185910471,22272.7590796499,1.1,70.9,43.77167,-79.5140216666667,989.1,6.49947515676206,7.2733258161016,9.4,25.7496256521366,25.8,92.7,9.4,0.8,6.7
2018-08-09 15:24:33.300,184.7,28.948579067122,1.88576350699497,1.92900368294884,1.53270826869271,405.200315612426,414.491466881864,1.56784807531056,63.2,140.546450739519,22415.5660772613,1.1,68.6,43.77168,-79.5139866666667,989.1,6.49818392797905,7.2721574956663,9.6,25.7510459347622,25.8,95.8,10.3,1.1,6.5
2018-08-09 15:24:34.300,185.1,28.9545314544029,1.88618919295293,1.92939689674639,1.68943957115086,406.789581675555,416.108025767678,1.72813412057904,62.3,140.511816964649,22394.2987413661,1.1,63.4,43.7716916666667,-79.5139583333333,989.1,6.49564389041913,7.2739510310849,9.2,25.7527528455332,25.8,116,7.5,0.9,6.1
2018-08-09 15:24:35.300,185.2,28.9600222944718,1.88839173810498,1.93162911922563,1.65705509909437,406.608139625289,415.917910007877,1.69499418768016,61.8,140.526497688505,22383.7638009928,1.1,63.5,43.7717016666667,-79.5139283333333,989.1,6.49191320609752,7.27297702982993,8.7,25.7544359120951,25.8,132.7,9.6,0.4,5.4
2018-08-09 15:24:36.300,185.5,28.9627349015974,1.88868639722746,1.93163346430515,1.5892209031927,405.560051343976,414.782083555341,1.62535875634169,62.7,140.537678921625,22233.4089295581,1.1,62.3,43.77171,-79.5139033333333,989.1,6.49227192931404,7.27166878770169,7.7,25.7552000326078,25.8,120.7,14.6,0.8,5.5
2018-08-09 15:24:37.300,185.7,28.9677679412832,1.88980156172011,1.93296527687313,1.69193754965147,405.374858014034,414.633742077878,1.73058784579272,63.3,140.517385976414,22330.2934131834,1.1,64.8,43.77172,-79.5138783333333,989.1,6.49511641492134,7.27414966956201,7,25.7572772990344,25.8,133,20.6,1,5.5
2018-08-09 15:24:38.300,186,28.9667963608907,1.88802830753441,1.93089587321097,1.7458843245231,404.052066751508,413.226139363807,1.78552361375746,62.2,140.545900037753,22200.761210049,1.1,64.2,43.77173,-79.51386,989.2,6.49332684023112,7.27120445869769,6.2,25.75898115807,25.8,127.2,19.3,0.9,4.7
2018-08-09 15:24:39.300,186.3,28.9648579282469,1.88788994032249,1.9306983348637,1.92295439018907,404.15031896126,413.314607345079,1.96656061991902,60.1,140.524653131074,22172.660115771,1.1,64.8,43.7717366666667,-79.5138466666667,989.2,6.49225250481509,7.26764935836486,5,25.7597003158526,25.9,124.3,26.8,1,3.5
2018-08-09 15:24:40.300,186.9,28.9666220849931,1.88656455685083,1.92981969621294,1.7238449023088,403.066985061824,412.308484419937,1.76334956172391,54.7,140.542373737669,22414.2358451925,1.1,67.9,43.7717416666667,-79.51384,989.1,6.49559609855095,7.26402545284623,2.9,25.7623509165698,25.9,198.3,31.7,1,1.7
2018-08-09 15:24:41.300,186.7,28.9728673678396,1.88693591214055,1.92991091868287,1.53803207130597,402.971897930396,412.149540073234,1.57306853905619,49,140.543293459468,22267.753568189,1.1,72.2,43.7717416666667,-79.5138466666667,989.1,6.49643776065168,7.26513082710829,1.2,25.7629541912684,25.9,197.9,111.4,1.1,1
2018-08-09 15:24:42.300,186.1,28.982659980153,1.88900889735433,1.93189130045433,1.56220118242333,402.729468104897,411.871868972185,1.59766517162679,47.2,140.50939308949,22197.1100512035,1.1,66.5,43.77174,-79.5138483333333,989.1,6.49717560700174,7.26924085357306,0.7,25.7650700512035,25.9,196.9,122.7,0.8,1.2
2018-08-09 15:24:43.300,186.4,28.9840835652535,1.88744141745633,1.93024300557149,1.52725760553035,401.294384145527,410.394577746072,1.56189259180936,44.9,140.556901473216,22174.2874960328,1.1,67.2,43.7717366666667,-79.5138433333333,989.1,6.49614555204813,7.2742541122658,0.3,25.7661383291034,26,201.8,134.5,0.7,0.8
2018-08-09 15:24:44.300,187.2,28.9828511303517,1.88777940933492,1.93083962598499,1.46561183467019,401.330115458512,410.484523575879,1.4990407889587,48.7,140.533332123626,22301.4398377243,1.1,66.6,43.7717366666667,-79.5138366666667,989,6.49112306996124,7.26762254136111,0.1,25.7679402271757,26,195.7,90.8,0.4,0.3
2018-08-09 15:24:45.300,187.7,28.9814257994197,1.88656312441046,1.9297511620267,1.64629637029094,401.532215985415,410.724300833268,1.68398582778646,56.7,140.537402089129,22380.0098732222,1.1,65.7,43.7717366666667,-79.513835,989.1,6.49094205428161,7.2654312518116,0.7,25.7700103447659,26.1,165.2,57.1,0.3,0.6
2018-08-09 15:24:46.300,187.7,28.9848602782698,1.88584815177616,1.92860005318144,1.42240844161478,400.214027593202,409.286846672888,1.45467280212469,58.8,140.539646461613,22167.1307563164,1.1,63.7,43.7717383333333,-79.5138333333333,989.1,6.49375349053705,7.26804963744012,1.2,25.7707841581328,26.1,94.1,37.8,0.3,1
2018-08-09 15:24:47.300,187.9,28.9871837718815,1.889470473865,1.93233030616682,1.47618582450548,399.876443852771,408.946934223914,1.50967317628372,64.2,140.510855495638,22180.2270269865,1.1,64.5,43.7717383333333,-79.5138333333333,989.1,6.49172762156573,7.26899275496866,2,25.7721237718815,26.1,112.5,32,0.5,1.7
2018-08-09 15:24:48.300,188.1,28.9876787202711,1.89102655409334,1.93410614163496,1.84937308569254,400.254787344089,409.373156977698,1.89151023982025,66.4,140.556319856245,22273.9243431242,1.1,67.3,43.7717383333333,-79.5138316666667,989,6.49096844545082,7.26664468940595,2.7,25.7743045481211,26.1,116.2,26.9,0.5,2.3
2018-08-09 15:24:49.300,188.1,28.9907695799076,1.88991959498815,1.9331675849894,1.61663507238894,400.594986606014,409.762004953948,1.65362267768536,75,140.533612005741,22371.6435672279,1.1,74.6,43.7717416666667,-79.51382,989.1,6.49397472533382,7.26360652753776,3.1,25.7755901201298,26.1,148.3,24.6,0.6,2.3
2018-08-09 15:24:50.300,187.9,28.9993514911712,1.89230745270367,1.93549971880096,1.60395555129847,399.852786077064,408.979522022876,1.64056440425311,96.8,140.538696244158,22315.811923045,1.1,92.1,43.7717383333333,-79.5138066666667,989.1,6.49012906559795,7.265443924814,3.1,25.7768033797969,26.1,153.2,13.5,0.6,2
2018-08-09 15:24:51.300,187.9,29.0091200754905,1.88881368741423,1.93185721535166,1.80301532401183,400.456738234502,409.582573148399,1.84410362179887,116.7,140.567190909042,22280.9098248534,1.1,117,43.771735,-79.5137933333333,989.2,6.49233602415478,7.26576577680534,3.1,25.7790168166678,26.1,200.8,350.5,0.4,1.7
2018-08-09 15:24:52.300,188.5,29.015809231934,1.88773633415951,1.93068328244108,1.43477268355362,403.120188357645,412.29133515209,1.46741809239994,140.6,140.520635800841,22244.3677347736,1.1,142.7,43.77173,-79.51378,989.1,6.49341187395349,7.26443414850473,3.1,25.7803420935227,26.1,246.7,53.9,0.8,1.8
2018-08-09 15:24:53.300,189,29.0209735061001,1.8857272040955,1.92847200151662,1.26022361745917,404.397081493057,413.563639156919,1.28879019555131,156.9,140.550914411233,22164.9729941104,1.1,167.1,43.7717216666667,-79.5137716666667,989.2,6.49358262985907,7.25772477466556,3.3,25.7815679609382,26.1,249.4,38.1,1.1,2.7
2018-08-09 15:24:54.300,188.9,29.0295479659433,1.88471277866095,1.92749155743503,1.42188919898853,404.826902831032,414.015576918904,1.45416444875103,180.3,140.540860299995,22194.125089969,1.1,185.2,43.7717133333333,-79.5137733333333,989.1,6.4980608566538,7.26008205628125,3.3,25.7828993554396,26.1,250.1,27.4,1.2,2.9
2018-08-09 15:24:55.300,188.6,29.0434953464307,1.88744950501917,1.93039588998856,1.52960285093843,404.229881736528,413.427454988564,1.56440769424731,202.4,140.492089528023,22247.2068572629,1.1,209,43.7717083333333,-79.5137816666667,989.2,6.4990985787627,7.26163453349256,3.5,25.7845962575859,26,262.9,27.2,1.3,3.5
2018-08-09 15:24:56.300,188.6,29.0488085963755,1.88629418585478,1.92932170578888,1.36085880877021,403.264566911368,412.463285186662,1.39189947022587,218.8,140.557622242795,22301.9161383829,1.1,231,43.7717016666667,-79.5137916666667,989.1,6.50268523445983,7.26455110728837,4,25.7861648258819,26,286.8,35.7,1.9,4.5
2018-08-09 15:24:57.300,188.3,29.057331269347,1.88385465434916,1.92668724235855,1.42042755927504,403.008585849264,412.17159289254,1.45272186287034,227.9,140.513562840248,22231.1344137788,1.1,239.6,43.7716966666667,-79.513805,989.2,6.50083577629653,7.2707993520481,4.4,25.7882955963216,26,286.9,18.7,2.3,5.8
2018-08-09 15:24:58.300,188.8,29.0671244429274,1.8883852030927,1.93166476220109,1.54413391505663,402.782907688511,412.014127164565,1.57952773696345,229,140.504674043203,22405.165429377,1.1,241.5,43.77169,-79.5138183333333,989.1,6.49569986970861,7.2676685390399,4.6,25.7898048358557,26,254.7,0.4,1.8,5
2018-08-09 15:24:59.300,189,29.0734890999186,1.88902911056053,1.93219488700499,1.85576125525318,402.193993162081,411.38438889218,1.89816004488284,232.4,140.557966512996,22340.2774404226,1.1,241.9,43.7716833333333,-79.5138333333333,989.1,6.4890919908435,7.26653605368604,5,25.7904708531174,26,262.5,4,1.3,4.9
2018-08-09 15:25:00.300,188.9,29.0870474826053,1.88832701455248,1.93141713555202,1.43595508087138,401.74408129062,410.911586317291,1.46872350584934,237.3,140.508084850424,22310.3086676727,1.1,244.4,43.7716783333333,-79.5138466666667,989.1,6.49725723109828,7.26781101333474,5.1,25.792873923933,26,279.7,14,1.4,5
2018-08-09 15:25:01.300,189.4,29.0875054784234,1.88492194115773,1.9279228768512,1.30458758021015,401.574690730581,410.735937515255,1.33434972549079,240.2,140.565900913638,22304.5917315156,1.1,246.2,43.771675,-79.5138633333333,989.1,6.50131905476334,7.26754083340113,5.1,25.7939326481227,26,290.4,24.5,1.4,5.7
2018-08-09 15:25:02.300,189.2,29.0869427521066,1.88821775997832,1.93124724150439,1.27890483646396,399.969458940422,409.08409019331,1.30804880988737,238.2,140.556203463281,22280.6301722349,1.1,239.6,43.7716666666667,-79.5138783333333,989.1,6.49482623835444,7.27369940364936,5.1,25.795669899991,26,302.3,34.4,1.8,4.8
2018-08-09 15:25:03.300,189,29.0890035327035,1.88960248688345,1.9328964910807,1.52264921718281,401.085158341931,410.274727352066,1.55754140466034,235.3,140.488954739426,22398.5300769371,1.1,232.4,43.7716616666667,-79.5138933333333,989.1,6.49187646974485,7.26695876005679,5.1,25.7970272123119,26,316.9,38.4,1.2,3.5
2018-08-09 15:25:04.300,188.6,29.0899348215896,1.88598495427023,1.9289721224156,1.61036763150553,400.315022165232,409.439406489107,1.64707231336983,234.1,140.558742657478,22284.9475248766,1.1,233,43.771655,-79.51391,989.1,6.49752559827069,7.26505966056936,5,25.7989278102055,26,304.8,25.7,1.3,4.6
2018-08-09 15:25:05.300,188.5,29.0929685695801,1.885509171109,1.92852894582938,1.64506918192376,399.738539516875,408.858874260747,1.68260320335704,235.2,140.530557554436,22306.8744133768,1.1,234.1,43.7716466666667,-79.5139266666667,989.2,6.49709422092152,7.26792802775479,5.1,25.8001197291469,26,254.8,7.1,1.2,5.7
2018-08-09 15:25:06.300,188.6,29.0976155370878,1.88652904514713,1.92985932073313,1.42030616846778,401.097073161593,410.30971781583,1.4529227423516,235.6,140.509390234652,22452.7155304921,1.1,235.5,43.77164,-79.5139416666667,989.1,6.49406054217402,7.25979168562151,5,25.8022093709538,26.1,246.2,6,1.4,4.4
2018-08-09 15:25:07.300,188.6,29.0936075477968,1.88651411198775,1.92941666767789,1.30027305396987,401.395998452243,410.524490136552,1.32984592407471,237.4,140.552761820969,22236.160018061,1.1,235.3,43.7716333333333,-79.5139566666667,989.1,6.49787945645182,7.26368928103514,5,25.8033535933237,26.1,192.5,342.3,0.6,3.9
2018-08-09 15:25:08.300,188.8,29.1025052212853,1.88818131110041,1.93119569914069,1.39101789778534,402.828727020033,412.005690794267,1.42270810111338,238.2,140.48943370083,22273.7849636199,1.1,240.3,43.7716283333333,-79.5139683333333,989.1,6.49643059042708,7.26585780212982,5,25.8057007069821,26.1,242.2,0.4,2.2,8.5
2018-08-09 15:25:09.300,189.3,29.1035403103681,1.8922997799205,1.93578044618004,1.68647514370543,404.055260161622,413.33953584594,1.72523375665019,239,140.528348471317,22461.4820735972,1.1,245.4,43.7716233333333,-79.5139833333333,989,6.48281107428733,7.26441226353926,5,25.8064026530784,26.1,240.6,354.4,2.9,10
2018-08-09 15:25:10.300,189,29.106916455937,1.88463781903956,1.92758001678193,1.65400182092753,406.441914399592,415.702742561528,1.69169047901444,238.7,140.539841614281,22277.6774694254,1.1,245.1,43.771615,-79.514,989,6.49933963104703,7.27130852107414,5.1,25.8082643672165,26,243.4,358.2,3.5,9.4
2018-08-09 15:25:11.300,188.2,29.1164574042818,1.88882947935016,1.93212185227022,1.7462028393615,410.104042610918,419.503746268845,1.78622769093278,238.4,140.507466706783,22406.4542401976,1.1,243.3,43.77161,-79.5140166666667,989.1,6.49631365364256,7.26747466977751,5.1,25.8095068971729,25.9,251.2,7,2.9,7.7
2018-08-09 15:25:12.300,187.7,29.1169905520637,1.88901386745405,1.93232668107912,1.55322681987967,413.014958656164,422.484952842634,1.58883993021327,240.5,140.556565368966,22414.8390052721,1.1,239,43.7716066666667,-79.5140316666667,989.1,6.49594981715561,7.27118012771716,5.1,25.8113950391843,25.9,251.1,2.9,2.1,6.5
2018-08-09 15:25:13.300,186.7,29.1261793037999,1.888129917882,1.93149588430186,1.48326884536276,414.654562858233,424.178339103672,1.51733646099861,239.3,140.526482958975,22452.2238694846,1.1,239.2,43.7716,-79.5140466666667,989,6.49482597010946,7.2637982397811,5.1,25.8119236069769,25.9,251.3,10.3,2.4,8.1
2018-08-09 15:25:14.300,186.1,29.1318247356206,1.88743816564595,1.93069769573573,1.72111183434125,415.43255964315,424.954268943972,1.76055865659826,237.8,140.536251702297,22406.418391474,1.1,238.5,43.771595,-79.514065,989.1,6.49616879637089,7.26438401460735,5.3,25.8142923678103,25.9,253,6.9,2.6,8.2
2018-08-09 15:25:15.300,186.2,29.1368725580792,1.88888900693897,1.93219029498078,1.61578585733598,413.983085617356,423.473321206476,1.65282664285204,237.4,140.545734306795,22410.3411352176,1.1,239.1,43.77159,-79.5140833333333,989.1,6.4934007207846,7.27009164898453,5.3,25.8162392885692,25.8,248.6,5.1,2.9,8.7
2018-08-09 15:25:16.300,186.5,29.1457924674576,1.88949173437553,1.93285029362038,1.57156118919883,412.39906751137,421.86240090978,1.60762356788725,236.4,140.508970854992,22432.2612326631,1.1,239.4,43.7715833333333,-79.5140966666667,989.1,6.49507415950742,7.26084281183782,5.3,25.8164461046007,25.7,248.2,8.7,2.1,6.8
2018-08-09 15:25:17.300,186.7,29.1466112685167,1.89113840754701,1.93470670644907,1.33450163600782,410.93260647185,420.3996143337,1.36524411749917,235.2,140.548332777017,22519.2076163224,1.1,239.6,43.7715766666667,-79.51411,989.1,6.48985327677979,7.26740323673663,5.3,25.8185858450797,25.7,247.9,1.5,2.7,8.3
2018-08-09 15:25:18.300,187.6,29.1520470141773,1.88902839775279,1.93246817768169,1.42218416784244,409.65096985625,419.071135794773,1.45488673632371,236.2,140.540002455705,22478.578568982,1.2,240.4,43.7715683333333,-79.5141183333333,989.1,6.49360032550926,7.26955562727542,5.1,25.8210851511257,25.7,233.5,353.3,2.6,7.7
2018-08-09 15:25:19.300,188.4,29.1586234536815,1.88932142302979,1.93271823544336,1.47048807575432,408.390784421195,417.771462451603,1.50426473438113,234.9,140.508224919333,22453.927131657,1.1,244.4,43.77156,-79.514125,989,6.49781011960487,7.26778374512154,5.1,25.8214520318022,25.7,247.3,0.4,2.3,7.4
2018-08-09 15:25:20.300,188.9,29.1559363249595,1.88916880290577,1.93251127167334,1.38715767505805,407.101915007621,416.441944054524,1.4189832183634,234.6,140.530053912116,22428.2932013035,1.1,242.9,43.7715483333333,-79.5141366666667,989.1,6.49414511329512,7.26087159775749,5.1,25.8223881928687,25.7,257.5,11,2.4,7.3
2018-08-09 15:25:21.300,189.3,29.1554012272789,1.88780684133643,1.93102302008213,1.58331746063957,406.377416563349,415.68013283408,1.61956209785035,233.4,140.532075026731,22379.5866426282,1.1,241.1,43.77154,-79.514155,989,6.49726061624427,7.26529891046646,5.3,25.8255533461963,25.7,260.1,1.9,2.1,6.2
2018-08-09 15:25:22.300,189.5,29.1630173374961,1.89162994510865,1.93481223337394,1.44607823656894,405.052912867553,414.299508681951,1.47908944461627,231.3,140.534766402118,22318.5890740322,1.1,238.9,43.7715316666667,-79.51417,989.1,6.49351972684898,7.27239475680762,5.3,25.8273884098651,25.7,249.4,3.7,1.9,6.4
2018-08-09 15:25:23.300,190,29.1660791117205,1.88810670646916,1.93126673121725,1.85859078910169,405.591643150193,414.863192345885,1.90107721865981,232.7,140.537283551353,22348.4018587652,1.1,240.6,43.7715216666667,-79.51419,989,6.49637957309586,7.26345149761182,5.1,25.8293387042606,25.7,252.5,4.7,1.6,5.6
2018-08-09 15:25:24.300,189.5,29.1740215039445,1.88986263402721,1.93285873559129,1.55811162949291,406.348713013756,415.593605914248,1.59356296472674,232.2,140.536542639811,22245.1162702088,1.1,237.5,43.771515,-79.5142133333333,989,6.49292713458365,7.2607593372842,5.3,25.8315162431266,25.7,270.8,9.5,1.1,4.8
2018-08-09 15:25:25.300,189.1,29.1767928757691,1.88625601105486,1.92918014998425,1.180739091556,404.596694707859,413.803974996169,1.20760856110671,230,140.56642891966,22250.2226178316,1.1,238.4,43.7715016666667,-79.5142316666667,989,6.50140355794357,7.26314334750537,5.5,25.8327733118722,25.7,254.3,2.9,1.3,5.6
2018-08-09 15:25:26.300,188.8,29.1804645654348,1.89054913117478,1.93340342351246,1.69048966392609,404.595329367689,413.766617866588,1.72880675661977,229.5,140.530257819122,22165.2012472453,1.1,233.3,43.7714883333333,-79.5142433333333,989.1,6.4957004717664,7.25979815452619,5.3,25.8324774023563,25.7,235.4,4.1,1.4,6.3
2018-08-09 15:25:27.300,188.9,29.1855776634618,1.89012132656482,1.93291714091437,1.4938460595666,403.584087214693,412.722028078379,1.52767001155541,231.8,140.522687801093,22140.6193994899,1.1,234.8,43.7714866666667,-79.5142633333333,989.1,6.4947919260143,7.26366523417629,5.3,25.8347351978696,25.7,230.1,356.8,1.7,5.9
2018-08-09 15:25:28.300,189.1,29.1860648656529,1.89040813014953,1.9333202631142,1.65092474029023,403.684977803181,412.848753052644,1.68840137281472,234.3,140.542779492269,22196.407712701,1.1,239.8,43.7714816666667,-79.5142866666667,989.1,6.49378854306908,7.26165585557389,5.5,25.8355877086841,25.7,245.9,359.5,2.1,7.1
2018-08-09 15:25:29.300,188.5,29.1841508252715,1.89055275528792,1.93329156908194,1.56091740629315,402.82681762555,411.933442383695,1.59620454299605,237.8,140.510227981573,22106.8428977969,1.1,242.5,43.7714766666667,-79.5143066666667,989,6.49592149150375,7.26452241432045,5.5,25.8379915869694,25.7,238.8,352.4,2,6.5
2018-08-09 15:25:30.300,188.5,29.1867483290933,1.89016616479706,1.93273088042918,1.46788244294132,403.324195242751,412.406565130574,1.5009372623394,234.7,140.551930456218,22022.8584976849,1.1,242.1,43.7714633333333,-79.5143183333333,989,6.49790903555097,7.26650234769259,5.5,25.8391325200691,25.7,231.5,351.8,2.3,8.2
2018-08-09 15:25:31.300,188.4,29.184388451757,1.89195427149467,1.93468949792532,1.6025289042617,403.10031437669,412.205345618037,1.63872603447827,231.1,140.542265468626,22088.6653994634,1.1,241,43.7714483333333,-79.514325,989,6.49346760851794,7.26131553801796,5.3,25.8416598147622,25.7,245.1,359.6,3.8,10.1
2018-08-09 15:25:32.300,187.7,29.19013,1.891951,1.934549,1.419093,404.078,413.1759,1.451044,229.6,140.5182,22019.52,1.1,240.8,43.7714366666667,-79.5143383333333,989,6.493306,7.259789,5.3,25.84221,25.6,251.6,10.3,4.3,10.8
2018-08-09 15:25:33.300,186.9,29.19185,1.89019,1.932803,1.416548,404.9996,414.1298,1.448482,226.3,140.5742,22046.8,1.1,237.6,43.771425,-79.514355,989,6.497973,7.264052,5.1,25.84486,25.6,256.7,11.4,3.3,8.6
2018-08-09 15:25:34.300,187,29.19439,1.891356,1.934353,1.514917,407.0673,416.3214,1.549357,222.1,140.5323,22228.23,1.1,237.4,43.7714133333333,-79.514365,989,6.492304,7.263285,5.1,25.84724,25.6,254.5,3.7,2.3,7.3
2018-08-09 15:25:35.300,186.7,29.1988208861936,1.89100759664734,1.93373332331197,1.01724359831931,406.117631992699,415.293633708433,1.04022723400016,221.9,140.525281528399,22095.1623304219,1.1,237.3,43.7714033333333,-79.5143783333333,989,6.5020059210607,7.26820247568029,5,25.8472170950727,25.6,245.3,2.2,2.5,7.6
2018-08-09 15:25:36.300,186.5,29.2058759638144,1.89071173763303,1.93323431969631,1.5334940572517,406.345596135235,415.484331488577,1.56798281389993,225.8,140.573142031361,21995.5550054631,1.1,235.7,43.771395,-79.5143933333333,988.9,6.5026939822407,7.26993394216691,5,25.848934799631,25.6,243.9,357.2,2.6,7.4
2018-08-09 15:25:37.300,186.1,29.2112575198025,1.89342445889901,1.93610556064179,1.42931457683919,406.306819786105,415.465557878031,1.46153361327661,226.4,140.495651469762,22044.6608520154,1.1,238.6,43.7713883333333,-79.51441,989,6.49493985636337,7.26238509716517,5,25.8498841260331,25.6,229.7,355.3,2.1,5.9
2018-08-09 15:25:38.300,185.7,29.2117956548281,1.89208950557328,1.9345872990287,1.42482611519796,405.046721341532,414.144289580082,1.45682866056265,227.2,140.567409263241,21967.2458174535,1.1,235.1,43.7713816666667,-79.5144266666667,988.9,6.49483315123204,7.26363324611356,5.1,25.8514371365018,25.6,236.2,354.7,2,7.2
2018-08-09 15:25:39.300,185.6,29.2160822509836,1.89323994978075,1.93565935629525,1.53041922607947,403.962302603544,413.01343134825,1.56470859046292,227.6,140.529132931522,21914.9231268813,1.1,237,43.7713783333333,-79.5144466666667,989.1,6.49279650959898,7.26666681488061,5,25.8538256650548,25.6,237.8,359.4,2.9,8.8
2018-08-09 15:25:40.300,185.3,29.2209589707969,1.89280879671121,1.93514819617132,1.84843808744053,403.983530434287,413.020189344716,1.88978469759741,228,140.496048696952,21879.2958385305,1.1,237.4,43.77137,-79.51446,988.9,6.49743821712863,7.26651262601053,4.8,25.8555714056445,25.6,238.1,357.2,2.9,7.8
2018-08-09 15:25:41.300,185.2,29.2184075207385,1.89096007095522,1.9332842756001,1.35090503899436,403.718118180026,412.754470148065,1.38114197957673,226.6,140.574306394178,21892.6843243957,1.1,236.2,43.7713666666667,-79.5144716666667,989,6.49641065027711,7.25907024023443,3.8,25.8569182310369,25.6,231.1,353.8,2.2,6.2
2018-08-09 15:25:42.300,185.7,29.223311877101,1.89213302636271,1.93451802570942,1.368498448357,404.19110492685,413.245165140528,1.39915348409706,226.6,140.516716428717,21909.746146853,1.1,235.8,43.7713633333333,-79.51448,989,6.49305605772028,7.25781516807073,3.3,25.8585586142225,25.6,237.5,358.2,2.4,6.7
2018-08-09 15:25:43.300,186.2,29.2255465022064,1.89251593735292,1.93479946735286,1.32030642113305,403.593916948375,412.611234492476,1.34980354848661,224.3,140.537179764711,21854.186823498,1.1,234.2,43.7713583333333,-79.5144833333333,988.9,6.4971559475728,7.26439130308848,2.9,25.8598521007356,25.6,234.1,7.2,2.3,5.7
2018-08-09 15:25:44.300,186.3,29.2287524116916,1.89245148649982,1.9343773288293,1.50950071861433,402.647219588274,411.567548170202,1.54294287892874,222,140.567467129319,21673.872658216,1.1,233.2,43.77135,-79.5144866666667,989,6.49267974406996,7.26596677055651,2.9,25.8617736087245,25.6,254.3,10.4,2.3,7
2018-08-09 15:25:45.300,186.4,29.2331793111725,1.89352074509913,1.93592194536352,1.54534460077325,402.807056748251,411.826847104665,1.57994849943206,226,140.520386534814,21901.8942246303,1.1,236,43.7713466666667,-79.5145016666667,988.9,6.4930132700866,7.26711549976514,3.7,25.8631466508375,25.6,246,4.2,2.7,7
2018-08-09 15:25:46.300,186.5,29.2364462152513,1.89172681119486,1.93427216849925,1.63144805453357,402.741791795592,411.799551365537,1.66813592990441,228.4,140.557104234096,21995.4447397596,1.1,241.6,43.7713383333333,-79.5145133333333,989,6.48977381886425,7.26762411853298,4,25.8653661514076,25.6,249.2,2.4,3.8,9.9
2018-08-09 15:25:47.300,186.8,29.2410086997731,1.89184021448803,1.93409212749012,1.88230604737439,402.973579342038,411.973452008895,1.92434257790792,227.9,140.536674786484,21845.8095855221,1.1,239.8,43.7713283333333,-79.51453,988.9,6.49877453464489,7.26143944258004,4.8,25.8665988389741,25.6,242.7,359.9,3.9,9.6
2018-08-09 15:25:48.300,187,29.2499937347943,1.89333153853746,1.93576104461972,1.49212096526755,402.865435480186,411.893675967755,1.52555980434662,227.6,140.503106577194,21919.0062994415,1.1,239,43.7713216666667,-79.5145416666667,989,6.49280614507476,7.26409251153636,4.8,25.8682621811129,25.6,238.9,358.7,3.4,9.6
2018-08-09 15:25:49.300,187.2,29.2514428622922,1.89049080211809,1.93259768219044,1.49884426346484,402.682266379878,411.651236657791,1.53222992247475,230,140.562929722087,21787.80054188,1.1,239.1,43.771315,-79.5145483333333,989,6.49873669337948,7.26741915050174,4.8,25.8705364961026,25.6,242.5,358.2,3.6,8.8
2018-08-09 15:25:50.300,187.6,29.2590903642573,1.89006371715671,1.93244419263702,1.64355766431089,402.483473930583,411.508287938296,1.68041134914612,227.9,140.50905280402,21930.9897926611,1.1,237,43.7713083333333,-79.5145583333333,989,6.4953830252273,7.26221907847726,4.6,25.8710108380215,25.6,229.1,352,2.6,7.2
2018-08-09 15:25:51.300,188.1,29.2671201478113,1.89051706978982,1.93283849289565,1.52949230934649,402.56930207582,411.581302487402,1.56373140834036,227.2,140.541874546364,21895.9054275079,1.1,230.8,43.7713,-79.5145766666667,989,6.49375080906218,7.26699938774561,5,25.8736833470527,25.6,220.3,355.4,1.9,6.6
2018-08-09 15:25:52.300,188.1,29.2701130147721,1.8916513638735,1.93399363913195,1.78987941147599,402.307225886211,411.312381608932,1.82994496773108,227.4,140.553415596102,21893.708210687,1.1,228.4,43.7712916666667,-79.5145933333333,988.9,6.49101648462911,7.26663299653819,5,25.8737768659008,25.6,228.2,357.2,2.6,7.9
2018-08-09 15:25:53.300,187.3,29.2742633144298,1.8893359210618,1.93154484092242,1.54938634203203,402.11113505707,411.094540538266,1.58400027904975,226.8,140.504134852812,21852.4637649872,1.1,228.2,43.77128,-79.5146116666667,989,6.4964558416199,7.26231499538621,5.3,25.8769109669589,25.6,221.4,358.8,2.6,7.9
2018-08-09 15:25:54.300,186.5,29.2759700873555,1.89348350638385,1.93580442363458,1.65618969923711,402.052426053865,411.038544830889,1.6932065082032,226.6,140.569678746285,21861.9939042375,1.1,228.4,43.7712666666667,-79.5146266666667,988.9,6.49312001257327,7.26323811558047,5.7,25.8781793510606,25.6,233.9,1.7,2.3,7.3
2018-08-09 15:25:55.300,186,29.2804959338875,1.89327710545768,1.93546641460873,1.64729048750748,401.585554539171,410.534525131469,1.68399552587116,224.4,140.551570153649,21798.1645217258,1.1,229.2,43.77125,-79.5146333333333,989,6.49869824976369,7.26246854193831,5.5,25.8788801111165,25.6,216.7,355.9,1.8,6.2
2018-08-09 15:25:56.300,186.3,29.2879043040634,1.89203130362653,1.93452742854462,1.5016397935227,402.605058058656,411.647939288179,1.53536749912118,223.6,140.494795784757,21967.4638991771,1.1,231.8,43.77124,-79.5146433333333,989.1,6.50437804775809,7.2591264456636,5.5,25.8815807563104,25.6,232.2,357.3,1.5,6.6
2018-08-09 15:25:57.300,186.3,29.2870703675581,1.88881585966721,1.93096868257861,1.50954088036662,401.459505778117,410.418990646837,1.54322926939175,225,140.562756085739,21830.1645535325,1.1,232.6,43.77123,-79.5146566666667,989,6.49819799857872,7.25974116611502,5.3,25.8828019427247,25.6,230.9,357.8,2.1,7.2
2018-08-09 15:25:58.300,186.1,29.2922730197514,1.88977552964821,1.9318862811293,1.58675228752656,402.077145552506,411.036829512477,1.62211398746657,223.8,140.508962376488,21797.7555629212,1.1,232.7,43.77122,-79.51467,989,6.50045386641203,7.2612800376193,5.1,25.8841388118614,25.6,227.5,358.1,2.8,8
2018-08-09 15:25:59.300,186.2,29.2966504690674,1.89423342169892,1.93666119498299,1.78666023098791,401.354689030457,410.344553939658,1.82668099710041,221.8,140.497035694063,21908.0169079678,1.1,235.3,43.77121,-79.5146866666667,989.1,6.49406363502618,7.26205493077883,5.3,25.8860290440136,25.6,240.5,356.7,2.4,7.9
2018-08-09 15:26:00.300,186.6,29.2981628510953,1.89260482016013,1.93479103243991,1.63152365615425,401.241046393867,410.184764899993,1.66789211464716,223.7,140.552491635695,21804.1014953359,1.1,227.3,43.771205,-79.5147033333333,989,6.4948980842606,7.26430187944803,5.7,25.8875911981091,25.6,227.9,355.4,2.9,9.1
2018-08-09 15:26:01.300,186.5,29.3038626371094,1.89193094368186,1.93390691654034,1.48934426128521,402.336402207459,411.26304603676,1.52238542781006,225.6,140.497959036444,21705.4239457985,1.1,225.2,43.771195,-79.514715,989.1,6.49752697393836,7.26151239526527,5.7,25.8889130721628,25.6,217.7,357.7,2.8,8.5
2018-08-09 15:26:02.300,186.5,29.2983266082806,1.89176053003846,1.93389237680119,1.33646010050974,402.236493423729,411.194881434683,1.36622494028788,224.9,140.535756935255,21786.0766939296,1.1,224.9,43.7711816666667,-79.5147266666667,989,6.49614950111485,7.26218195484127,5.7,25.8905404787898,25.6,221.3,357.9,2.9,8.4
2018-08-09 15:26:03.300,186.7,29.2994847285824,1.89182856260339,1.93399051612723,1.61743050418077,403.278580910191,412.266289650765,1.65347273979413,222.1,140.530434612652,21800.751236565,1.1,223.1,43.7711683333333,-79.514735,989,6.50032454049569,7.26099603238641,5.3,25.8924715598961,25.6,230.5,1.9,2.2,6.8
2018-08-09 15:26:04.300,187,29.3007626158413,1.89040054064521,1.93265547876816,1.23002283647397,404.806208105451,413.85458883854,1.2575206505184,219.8,140.506284955865,21863.8181248156,1.1,224.9,43.771155,-79.5147483333333,989,6.49913564498594,7.2652380500226,5.3,25.8947695049836,25.6,219.8,357.4,1.8,6.7
2018-08-09 15:26:05.300,186.9,29.299078896008,1.89069011554493,1.93302977925146,1.75903501969732,404.91277139598,413.980188591598,1.79842615300305,218.9,140.556690862312,21903.1954185407,1.1,226.7,43.7711416666667,-79.5147616666667,989.1,6.49810251506332,7.26634394515698,5.3,25.8956260850693,25.6,230.4,359.8,2.1,6.9
2018-08-09 15:26:06.300,186.6,29.3013332835603,1.89209072999568,1.9344541585753,1.76173918575204,405.333848148493,414.409045276772,1.80118290769548,221.5,140.537254298982,21899.1108448905,1.1,229.9,43.7711366666667,-79.51478,989.1,6.49485779393443,7.25988556689127,5.3,25.897071855726,25.6,234.9,2.8,2.1,7.8
2018-08-09 15:26:07.300,186.1,29.304434610884,1.89033583687234,1.9326702276582,1.41808923288475,405.733588738708,414.819968107471,1.4498480204191,225,140.528451091944,21904.5686026926,1.1,234,43.7711266666667,-79.5147983333333,989.1,6.5007854716857,7.26355735550309,5.5,25.8987376774656,25.6,245.7,2.6,2.8,8.4
2018-08-09 15:26:08.300,185.9,29.310831570751,1.88967853137671,1.93194767048298,1.47747536479664,405.460727031805,414.530174384102,1.5105254007343,224,140.543124201958,21878.9541820251,1.1,227.9,43.7711166666667,-79.5148133333333,989.1,6.49734420048509,7.25945752984494,5.5,25.900263341614,25.6,235.5,359.2,3.1,8.8
2018-08-09 15:26:09.300,185.9,29.3184323084185,1.89392852862148,1.93639462304605,1.5402565087964,405.121705782396,414.205328561575,1.57479174092727,222.5,140.495054339972,21930.275652221,1.1,228.3,43.771105,-79.5148233333333,989,6.4894853543509,7.26577193790963,5.3,25.9026401247254,25.6,227.7,359.6,3.4,10.1
2018-08-09 15:26:10.300,185.9,29.3136359142136,1.89191684541056,1.93419919185989,1.53659326799166,405.475860531851,414.537753441366,1.57093750983525,223.3,140.534586679068,21860.3242893216,1.1,229.6,43.7710983333333,-79.5148383333333,988.9,6.4970962006111,7.26634843427111,5.1,25.9038832145747,25.6,230.9,0.2,4,10.7
2018-08-09 15:26:11.300,185.7,29.3171303441441,1.88851087558445,1.93059740252299,1.38937603668817,405.35229034144,414.385822319359,1.42034292862501,222.2,140.527808932826,21799.6457839651,1.1,232.9,43.77109,-79.5148516666667,989.1,6.50527186754446,7.26311186095085,4.8,25.905176336468,25.6,237.7,4.7,4.2,11.4
2018-08-09 15:26:12.300,186.1,29.3263988835646,1.89285698424926,1.93519423209293,1.77060587208896,406.28807212243,415.375407783639,1.81020443854306,221.1,140.513171897441,21877.3961837344,1.1,232,43.7710833333333,-79.5148633333333,989.1,6.49960362960969,7.26050409442077,4.8,25.9070717264609,25.6,240.2,1.6,3.9,9.7
2018-08-09 15:26:13.300,186,29.3275126514282,1.89004506605202,1.93260913881873,1.64714657200478,405.624492547055,414.7591864723,1.68424213834789,219.8,140.54723832191,22024.1209502604,1.1,227.5,43.7710733333333,-79.5148783333333,989,6.50294681763444,7.26695514329518,5,25.9086132606664,25.5,229.2,0.4,3,8.2
2018-08-09 15:26:14.300,185.6,29.3288805169926,1.89142678135013,1.93374920284609,1.57993566680807,405.919550469476,415.002328196362,1.6152902485034,220.4,140.524795633296,21886.0801697675,1.1,229.5,43.77106,-79.5148933333333,989,6.49833929578076,7.26655645681612,4.4,25.9104220169544,25.5,241.3,11.4,2.7,7.6
2018-08-09 15:26:15.300,185.3,29.3278255674996,1.8898216998301,1.93194208129437,1.47745279367175,405.269499251034,414.302181766221,1.51038018919687,222.8,140.541796497203,21802.0882490351,1.1,228.8,43.7710516666667,-79.514905,989.1,6.50175545224946,7.26270489156152,4.4,25.9119913626849,25.5,251.4,10.9,2.6,7.4
2018-08-09 15:26:16.300,185.3,29.3349462726013,1.88973336914427,1.93213484062568,1.43993331090092,404.805057022295,413.887977861879,1.4722504922687,222.2,140.531766657506,21945.2730937795,1.1,230.7,43.77104,-79.5149133333333,989,6.50186982567456,7.26004489461691,4.6,25.9134795884529,25.6,235.9,5,2.8,9.3
2018-08-09 15:26:17.300,185.6,29.3447581057518,1.89261348290123,1.93531832019775,1.64272454122919,405.030942786681,414.169983808025,1.67979231738984,223,140.503832948269,22066.0102107814,1.1,230.9,43.7710316666667,-79.514925,989.1,6.49721894067288,7.26648766703262,4.4,25.9151761186543,25.6,239.7,6.2,3.5,8.8
2018-08-09 15:26:18.300,186.1,29.3446562469367,1.89204924906636,1.93462908503731,1.64390466470476,405.029235751008,414.144161603558,1.68089887273038,222.5,140.533092377986,22009.2039614768,1.1,230.4,43.7710266666667,-79.5149383333333,989.1,6.49733094159843,7.25917919366526,4.4,25.9169099253373,25.6,244.6,5.6,4,11.1
2018-08-09 15:26:19.300,186.6,29.3457145919234,1.88835353783344,1.93077661121579,1.85107882387497,404.011065749156,413.08736792655,1.89267229184216,221.5,140.528707881352,21971.7805795093,1.1,228.3,43.77102,-79.51495,989.1,6.5011226493325,7.26156355412695,4,25.9182170922313,25.6,241.5,10.6,4.3,10.3
2018-08-09 15:26:20.300,187,29.3511711814472,1.89111671778555,1.93343701925232,1.48322495044222,404.369991397946,413.419148849147,1.51641095682269,222.7,140.526683147166,21888.4768544134,1.1,226.8,43.7710133333333,-79.5149583333333,989.1,6.50178186085412,7.26411682572116,3.8,25.9203842736282,25.6,244,7.4,3.7,9.3
2018-08-09 15:26:21.300,187.5,29.352784447177,1.89194416912933,1.93442306259326,1.33041848875942,405.203417292675,414.301367067426,1.36028752046258,219.6,140.548533090919,21959.6720192525,1.1,227.2,43.7710016666667,-79.51496,989.1,6.49870814660443,7.26394966909082,3.5,25.9217158341916,25.6,228.9,359.3,3.7,8.9
2018-08-09 15:26:22.300,187.7,29.3616539566168,1.89141049665878,1.93386993989793,1.57030240927527,405.368367945683,414.468253004195,1.60554714463628,217.8,140.522022036821,21955.6687147641,1.1,224.7,43.7709933333333,-79.514965,989.1,6.49767964440395,7.26340811351079,2.9,25.9235328881516,25.6,225.2,359.1,3.3,8
2018-08-09 15:26:23.300,186.9,29.368616851126,1.8907850736325,1.93339511510572,1.35162011780142,405.152326616293,414.282651824864,1.38209049142193,220.5,140.544351997817,22038.936491895,1.1,222.9,43.7709916666667,-79.51497,989.1,6.49721881960462,7.26129978950802,1.4,25.9251680498161,25.6,226.7,0.4,2.9,5.8
2018-08-09 15:26:24.300,185.8,29.3738839480072,1.89140553713744,1.9341729697185,1.73783895137473,405.09802716042,414.257793893744,1.77713308092789,232,140.529150442796,22111.3136216253,1.1,224.2,43.7709966666667,-79.51498,989.1,6.49818414740757,7.26410183595202,0.7,25.9268789865733,25.6,220.3,357.4,2.2,4.7
2018-08-09 15:26:25.300,185.7,29.377644324056,1.8931778816553,1.93597507306488,1.46443327001572,404.741147169508,413.890796531901,1.49753987405536,236.9,140.512055708277,22106.2971320763,1.1,226.3,43.7709983333333,-79.5149816666667,989.1,6.49709638975535,7.26464381143466,0.5,25.928362157936,25.6,232.6,11.4,2.4,5.8
2018-08-09 15:26:26.300,186.7,29.3774547269424,1.89117948123256,1.93385684512638,1.43837389214805,404.381152476936,413.506740979766,1.47082916271233,236.1,140.559624702002,22068.6132580932,1.1,227.1,43.7709983333333,-79.51498,989.1,6.49826271172556,7.26614781084609,0.3,25.9300154062051,25.6,239,9.5,3.2,6.7
2018-08-09 15:26:27.300,187.8,29.3823024418935,1.89115074591644,1.93372774808263,1.8227088052124,403.783596926356,412.874322340566,1.8637478704322,234.3,140.522299771672,22018.1336461765,1.1,228.4,43.7709966666667,-79.5149783333333,989.1,6.50039306773726,7.26274852063732,0.1,25.9316299707272,25.6,236.3,6.8,3.1,6.2
2018-08-09 15:26:28.300,188.3,29.3860738927791,1.89204906124001,1.93454639291349,1.67108237979116,403.737821044785,412.806166719973,1.70861636085848,232.7,140.536803360259,21967.5108986303,1.1,228.9,43.7709966666667,-79.514975,989,6.49575683866903,7.26287901225072,0.1,25.9334762974437,25.6,233.6,8.3,3.2,6.2
2018-08-09 15:26:29.300,188.8,29.3899995772889,1.89330591503146,1.93590773734138,1.63913242181417,403.013081612942,412.081453245289,1.67601503619311,247,140.53425155724,22006.3123070543,1.1,229.1,43.770995,-79.5149716666667,989.1,6.49308747696114,7.26517351918798,0,25.9349515058718,25.6,236.8,9.6,2.9,5.3
2018-08-09 15:26:30.300,189.4,29.3940119325679,1.89145050333167,1.93408196281965,1.64751905600802,402.907662813378,411.988706396777,1.68465248181277,250.7,140.518418672467,22042.1366481923,1.1,229,43.7709933333333,-79.51497,989.1,6.49527874930756,7.26066997232119,0,25.9364474736076,25.6,232.5,7.6,2.6,5.6
2018-08-09 15:26:31.300,189.7,29.3962330756697,1.89396334154406,1.93672216983754,1.57797069770451,403.498345751665,412.607865040495,1.61358033085733,130.8,140.556181583361,22077.8378300666,1.1,229.5,43.7709916666667,-79.5149683333333,989.1,6.49331970580342,7.26058743206978,0,25.9381947366655,25.6,245.2,12.5,2.9,5.7
2018-08-09 15:26:32.300,189.7,29.4039934380415,1.89294163643178,1.93583414023728,1.32966576498672,404.353575665266,413.515913165776,1.35978498012036,121.7,140.52408118666,22157.0042605176,1.1,229.6,43.77099,-79.5149666666667,989.1,6.49726225222002,7.26002381035257,0,25.939893678988,25.6,245.5,16.9,3,6.2
2018-08-09 15:26:33.300,189.7,29.4106078796283,1.8911560574125,1.93377128495145,1.62151068346035,403.678332783482,412.774788347775,1.65807110401615,145.6,140.527997866176,22037.1751913381,1.1,229.9,43.7709866666667,-79.5149633333333,989.2,6.50169976078813,7.25874899474302,0,25.9414970797028,25.6,246.8,14.7,3,5.6
2018-08-09 15:26:34.300,189.9,29.4117865611582,1.89026123057097,1.9325364303907,1.45959430002806,402.809845021973,411.818520804805,1.49224203283219,216.7,140.538399673398,21875.3246992224,1.1,229.5,43.7709866666667,-79.5149616666667,989.1,6.49977535188969,7.25665634624889,0.3,25.942864097768,25.6,244,15.3,3.1,6.5
2018-08-09 15:26:35.300,190,29.4161634624653,1.89042754614757,1.93270120725863,1.88317490736584,402.398645395322,411.397138468375,1.92529501391803,224,140.52084214717,21873.0298673252,1.1,231.1,43.7709866666667,-79.5149633333333,989.2,6.49699175836319,7.25808898633852,1.1,25.9443398203209,25.7,244.1,12.4,3.8,7.8
2018-08-09 15:26:36.300,189.9,29.4208560278004,1.89233922067185,1.93462181199249,1.55658509308826,402.626637435424,411.622845531472,1.59136276438243,212.4,140.550858327128,21855.4921831954,1.1,226.1,43.770985,-79.5149633333333,989.1,6.50381975443545,7.26142563423283,2,25.9461007583655,25.7,237.4,14.9,3.9,8.3
2018-08-09 15:26:37.300,189.8,29.4210136180416,1.89091933258043,1.93346199288518,1.55074313905724,403.181522836009,412.252383940846,1.58563335635868,211.9,140.530538492077,22003.2693693971,1.1,212.5,43.770985,-79.5149633333333,989.1,6.50108643512405,7.26371275835716,2.7,25.9487041106053,25.7,237.1,23.3,4.2,9.5
2018-08-09 15:26:38.300,189.6,29.4190899517741,1.89054315386955,1.93311720365856,1.65029855134938,402.044990141956,411.098709816431,1.68746207700675,202.5,140.53882211778,22023.3123298888,1.1,205.8,43.770975,-79.5149666666667,989.1,6.49973785669855,7.26787228192967,3.7,25.9496415117551,25.7,239.7,21.6,3.4,7.2
2018-08-09 15:26:39.300,189.3,29.4156228885822,1.89175947867037,1.93430040439185,1.6517861453108,401.688014176171,410.720984327568,1.68893021548152,195.8,140.55196175996,21992.9730396577,1.1,198.3,43.7709616666667,-79.5149683333333,989.1,6.49867514033339,7.2621159835044,4,25.9513053920524,25.7,210.5,2,2.6,6.6
2018-08-09 15:26:40.300,189,29.415309358503,1.89032276257645,1.93280356122964,1.6760982077556,401.842291743606,410.872845894954,1.7137648147986,191.4,140.519705471106,21978.8899110229,1.1,197.1,43.7709483333333,-79.5149733333333,989.2,6.50145993122495,7.2627329765524,4.6,25.9532796765469,25.7,200.1,358.9,1.8,5.6
2018-08-09 15:26:41.300,188.6,29.4153439131028,1.88965307215334,1.93214968217209,1.59237574585512,401.393116158416,410.420050964461,1.62818687122,188.2,140.542374681092,21994.3657281786,1.1,189.9,43.7709333333333,-79.514975,989.1,6.502099641506,7.26286540120979,4.4,25.9543054524338,25.7,189.5,0.4,1.7,5.7
2018-08-09 15:26:42.300,188.1,29.4175712067447,1.89345408495646,1.93614914082571,1.58331313635733,401.846229754211,410.907115117349,1.61901540788136,179.1,140.520265195038,22051.1644146283,1.1,184.9,43.77092,-79.514975,989.2,6.49727646694992,7.26381036817498,4,25.9570548659604,25.7,199,0.4,1.5,5.3
2018-08-09 15:26:43.300,188.1,29.4183405349859,1.89336051078724,1.936119772088,1.61256241665601,400.904240633567,409.958006045741,1.6489803072311,171.5,140.520670798399,22084.7784594221,1.1,179.5,43.7709066666667,-79.5149666666667,989.1,6.49531570531049,7.2627030365045,3.8,25.9586965343372,25.7,205.8,10.9,1.6,5.1
2018-08-09 15:26:44.300,188.4,29.4142696404963,1.8889214604008,1.9315203026715,1.58530535165782,401.05463092369,410.099196880681,1.62105619506924,155.9,140.551921617542,22054.7116836449,1.1,163,43.770895,-79.5149583333333,989.2,6.50023633982735,7.25876348664253,3.8,25.9587799939726,25.7,192.2,18.8,1.3,4.9
2018-08-09 15:26:45.300,188.7,29.4105486793155,1.88869621795678,1.93138385165871,1.59577778894503,400.859869219734,409.919973253412,1.63184528907331,136.9,140.514424007295,22102.2124918326,1.1,136.6,43.7708883333333,-79.5149483333333,989.2,6.50098103763641,7.25997171431351,3.7,25.9608670916077,25.7,170.5,28.7,1.4,4.4
2018-08-09 15:26:46.300,188.5,29.4080274970589,1.88981969060692,1.93261440703923,1.75373347960614,400.725446735535,409.799840128692,1.79344817034292,121.8,140.53761476418,22143.5569139378,1.1,113.8,43.770885,-79.5149383333333,989.2,6.50153339227274,7.26233068006744,3.7,25.9629376272809,25.8,151.9,38.1,0.9,3.4
2018-08-09 15:26:47.300,187.7,29.4069866455593,1.89094939808823,1.93392107005378,1.54676979293384,400.061552054662,409.152953886812,1.58192167115616,110.3,140.544667937516,22220.1081476522,1.1,101.4,43.7708833333333,-79.5149266666667,989.1,6.49819701764917,7.26413113081038,3.7,25.9637842799395,25.8,171.8,34.6,0.7,2.8
2018-08-09 15:26:48.300,187.2,29.4114780836011,1.89002435783436,1.93310187213885,1.17498293952525,399.825306152953,408.938075974185,1.20177718273675,105.2,140.523191187709,22283.7625937978,1.1,102.5,43.77088,-79.514915,989.2,6.49435436795579,7.25994117753394,3.8,25.9661701541742,25.8,195.5,32.3,0.5,2.4
2018-08-09 15:26:49.300,186.5,29.4165662269378,1.88842121043589,1.93175749966321,1.46732100225384,400.156312516542,409.339295989267,1.50099619049488,107.4,140.564546417426,22433.5171399319,1.1,111.5,43.770875,-79.514905,989.2,6.50067481927296,7.25736160323287,3.8,25.9673296835601,25.9,185.7,24.6,0.8,2.9
2018-08-09 15:26:50.300,186,29.4275380815889,1.88132842571214,1.92458057832433,1.65688251561925,399.667581553043,408.855928944982,1.69497422392427,112.3,140.531536121575,22473.3798595603,1.1,120.5,43.7708633333333,-79.51489,989.2,6.5207115860672,7.26528129696692,4.2,25.969255022549,25.9,183.2,16.7,0.8,3
2018-08-09 15:26:51.300,186.1,29.4400254024216,1.88521396623951,1.92856949715199,1.66440393289367,398.791919817434,407.96318208372,1.7026809544953,113.8,140.512646223484,22480.6829968197,1.1,122.7,43.7708533333333,-79.5148716666667,989.3,6.5170102170351,7.26777918741122,4.4,25.9705872571701,25.9,166.7,9.6,0.7,3.4
2018-08-09 15:26:52.300,186.6,29.4446602220789,1.88854960497328,1.93210562662262,1.6283611144624,398.904549152223,408.104688165621,1.66590559344952,115.4,140.547497723355,22543.2494012696,1.1,121.1,43.770845,-79.51486,989.2,6.50375668502381,7.26422980334603,4.4,25.972796072075,25.9,185.2,26.9,1.1,3.8
2018-08-09 15:26:53.300,186.5,29.4518716123519,1.88752175654849,1.93135476427226,1.47090234652328,399.446057287198,408.722345203684,1.50506461657743,118.3,140.49844390568,22695.672141192,1.1,122,43.7708383333333,-79.5148466666667,989.2,6.50239252305434,7.26119791787107,4,25.974198872536,25.9,200.1,27.4,1,2.9
2018-08-09 15:26:54.300,186.7,29.4546787082085,1.88684047015984,1.93059410500728,1.40470052615026,399.453452280761,408.71640502075,1.43727549973029,118.1,140.517420505725,22663.4774481201,1.1,119.6,43.7708333333333,-79.5148333333333,989.3,6.50482718547766,7.26291278904391,3.5,25.9761478060871,25.9,198.3,32.5,0.7,2.9
2018-08-09 15:26:55.300,186.9,29.4522704076453,1.88832748419824,1.93231105110283,1.48113189627981,398.776336549108,408.064695595116,1.51563422704091,118.7,140.53428897463,22762.1220795292,1.1,117.3,43.7708333333333,-79.514825,989.3,6.50362372334927,7.26346277177591,2.7,25.9774699195196,25.9,219.3,38.6,0.7,1.5
2018-08-09 15:26:56.300,187.1,29.4555444657267,1.88795130409314,1.93222668172731,1.46590053854996,397.608219878595,406.932700882321,1.5002711831149,116.6,140.505604059933,22914.0854621141,1.1,116.4,43.770835,-79.5148216666667,989.3,6.50000661585386,7.26509839408509,1.6,25.9792892072073,26,281.2,57.2,0.4,0.5
2018-08-09 15:26:57.300,187.3,29.4578665425311,1.88881952916654,1.9334071915284,1.43969810438841,397.693179886021,407.081033103205,1.47369129111111,122.2,140.540300142647,23061.4357225852,1.1,116.3,43.7708383333333,-79.5148233333333,989.3,6.49783019378584,7.26237578159017,0.9,25.9808172054954,26,296.3,179.2,0.7,0.6
2018-08-09 15:26:58.300,187.5,29.4633583383694,1.890698746996,1.93549709885157,1.5408925728696,397.951040782911,407.380102248596,1.57740225960098,122.1,140.5253436749,23145.6365935216,1.1,114.1,43.7708416666667,-79.5148233333333,989.3,6.49400652056831,7.26083247063803,0.5,25.9821501610637,26,297.2,179.2,0.6,0.6
2018-08-09 15:26:59.300,187.8,29.4667217943555,1.88847274991907,1.93323262894118,1.5775203861641,399.010436731996,408.467605784666,1.61490982873119,123,140.518261031819,23152.9034707891,1.1,112.8,43.7708433333333,-79.514825,989.2,6.49629301434495,7.25741295200428,0.3,25.9841024875068,26.1,295.6,179.2,0.4,0.7
2018-08-09 15:27:00.300,188.1,29.4679655543228,1.88901113577988,1.93398742634129,1.72044645254562,399.318378134151,408.825888639907,1.76140253238382,120.6,140.551131014091,23255.772416589,1.1,111.3,43.7708416666667,-79.5148233333333,989.2,6.50063078836467,7.25925473891452,0.1,25.9861072533938,26.1,317.4,206.2,0.4,0.7
2018-08-09 15:27:01.300,188.1,29.4772880151272,1.89031849449957,1.93567921684925,1.54231409645849,399.546479047106,409.13418244305,1.57932061597573,117.9,140.519406241437,23434.1538158774,1.1,110.3,43.7708433333333,-79.51482,989.2,6.50014812871996,7.26458514019925,0.1,25.9880177053659,26.1,321.5,228.3,0.4,1.1
2018-08-09 15:27:02.300,187.8,29.4835231779858,1.88708034512674,1.93250926732662,1.66235578450704,400.762047750648,410.409970468781,1.70239601043602,102.7,140.526271132428,23508.0794803574,1.1,108.7,43.7708433333333,-79.51482,989.2,6.50106596196607,7.26492764492569,0.7,25.9892649436881,26.1,334.8,239.5,0.7,1.4
2018-08-09 15:27:03.300,187.3,29.4889956682963,1.88705399635329,1.93287293578852,1.87216005073335,401.523584126793,411.272887698699,1.91756942511555,102.4,140.530127052443,23705.017181347,1.1,107.2,43.7708416666667,-79.51482,989.3,6.49666965676845,7.26003678027571,1.4,25.9906091784884,26.1,336.4,290,0.6,0.9
2018-08-09 15:27:04.300,186.8,29.4976265524878,1.88780003806864,1.93387264306174,1.33166676020268,401.274671220683,411.068023393134,1.36418719938916,113.2,140.506252710491,23823.9506895957,1.1,118.6,43.77084,-79.51482,989.3,6.49807571783065,7.25741147473878,2.2,25.9929887847725,26.1,35.5,340.1,0.2,1.2
2018-08-09 15:27:05.300,186.3,29.502557173059,1.88620682112269,1.93210397735058,1.28046162760993,400.334625994227,410.075968733941,1.31162987692101,119.4,140.532846317259,23755.0313587784,1.1,130.1,43.7708383333333,-79.514815,989.3,6.50366152570285,7.25890275258799,2.9,25.9945539633215,26.2,80.5,341.9,0.1,1.4
2018-08-09 15:27:06.300,185.7,29.5122253381695,1.88704507900768,1.93306233545625,1.62766875356277,400.265378137228,410.026214710563,1.6673607395921,130.3,140.521536274481,23805.4888148848,1.1,135.3,43.77083,-79.5148033333333,989.3,6.50255256838814,7.25764532914566,3.8,25.9962264336284,26.2,187.3,0.4,0.1,2.2
2018-08-09 15:27:07.300,185.4,29.5227881682272,1.88655728172493,1.93271292601358,1.58852495265386,400.007999763329,409.794402577206,1.62738099022501,130.2,140.525712423031,23881.246649007,1.1,136.7,43.77082,-79.51479,989.4,6.50068072594615,7.26012347433458,4.2,25.9979815534121,26.2,217.1,15,0.4,2.4
2018-08-09 15:27:08.300,185.5,29.5256421446129,1.88694955568844,1.93342131599952,1.5729918807594,400.256576013928,410.114028493742,1.61173860377084,130.9,140.547071054301,24035.9530369622,1.1,136.7,43.7708116666667,-79.514775,989.4,6.49923954991346,7.25817181757211,4.4,25.9994997912014,26.2,223.2,11.5,0.4,2.4
2018-08-09 15:27:09.300,185.3,29.5313532826697,1.88821358548939,1.93473882655565,1.66128600017715,400.349752771006,410.214345677184,1.70222315372367,131,140.524732152802,24047.3903041783,1.1,136.5,43.7708033333333,-79.51476,989.3,6.49906928855797,7.26123421634364,4.6,26.0009453060099,26.2,199.1,26.9,0.8,3.7
2018-08-09 15:27:10.300,184.7,29.5373588829813,1.88747887292887,1.93390585992662,1.58112393255356,400.529454255571,410.381467257979,1.62001375702005,129.6,140.532938297895,24006.8546750289,1.1,133,43.7707933333333,-79.5147483333333,989.4,6.50064293202805,7.26190176477363,4.8,26.0027689479925,26.2,199.8,28.8,1.2,4.2
2018-08-09 15:27:11.300,184.3,29.543688389246,1.88572729513345,1.93213872540269,1.59318080175706,401.186053951935,411.059905087007,1.63238822339447,128.6,140.52181729699,24020.4689832848,1.1,127.6,43.770785,-79.5147333333333,989.2,6.50104943355642,7.26020321404707,5,26.004571351358,26.2,190.7,24.6,0.9,3.7
2018-08-09 15:27:12.300,183.8,29.5469095986359,1.8852161977914,1.9315984153384,1.58706832878117,402.082537076041,411.974962775363,1.62611003152163,125.2,140.517812103447,24012.1741240711,1.1,124.9,43.7707783333333,-79.51472,989.3,6.50396940636597,7.25919205775649,4.8,26.0061595378182,26.2,196,25.9,0.6,3.4
2018-08-09 15:27:13.300,183.6,29.5453701921888,1.88581482757828,1.93236683447736,1.58396184932067,402.205388335411,412.133906942822,1.62306480995275,119.7,140.546735687168,24090.4913044407,1.1,122.4,43.770775,-79.5147066666667,989.3,6.50370671887249,7.26117495668975,4.8,26.0077845951817,26.2,196.8,23.1,0.7,3.3
2018-08-09 15:27:14.300,183.6,29.5509227805286,1.8866560577663,1.93329709921934,1.6892898782053,401.946833581916,411.883558453741,1.73105101095409,115.7,140.519479972619,24124.9334324741,1.1,114.8,43.770775,-79.51469,989.3,6.50426889897478,7.26005720738218,4.8,26.0093066278256,26.1,187.3,24.1,0.6,2.8
2018-08-09 15:27:15.300,184.2,29.5526345911956,1.88610921749828,1.93278402294901,1.51681754356029,401.116905000962,411.043209590764,1.5543502170207,114.5,140.512107628227,24148.967141854,1.1,114.8,43.7707716666667,-79.5146733333333,989.4,6.50139251505275,7.26039873637856,4.8,26.0110619650592,26.1,237.1,12.4,0.4,2.3
2018-08-09 15:27:16.300,184.3,29.5492117716998,1.88603292103635,1.93275506812818,1.45920068301629,400.403844732267,410.322985652705,1.49534998792015,114.4,140.525576553731,24173.8721391411,1.1,112.8,43.770765,-79.5146566666667,989.2,6.49992639282529,7.26380104084537,4.8,26.0127488255101,26.1,260.8,11.2,0.4,1.9
2018-08-09 15:27:17.300,184.2,29.5435254601498,1.88501316712742,1.9315591603498,1.63627577047337,400.840461435785,410.73838588496,1.67667699426982,111.5,140.531055580743,24097.7973340613,1.1,110.8,43.77076,-79.5146383333333,989.3,6.50107757595905,7.25974233595499,5,26.0143188274096,26.1,274.2,18.8,0.6,1.6
2018-08-09 15:27:18.300,184.5,29.5365082991775,1.88388361423135,1.93029078449828,1.65804704993098,400.561448794593,410.42875102863,1.69889050777978,109,140.5425399099,24041.5350001652,1.1,110.2,43.7707566666667,-79.5146183333333,989.3,6.50254113928593,7.26114369879099,5,26.0160151999552,26.1,249.5,33,0.7,1.8
2018-08-09 15:27:19.300,184.8,29.5336064233605,1.88631485525712,1.9327634323432,1.58571268276995,400.139555296725,409.992477557546,1.62476281553284,110.5,140.532743823882,24032.0859585491,1.1,111,43.7707516666667,-79.5146016666667,989.2,6.49895187644773,7.26249754854038,5,26.0178192579727,26.1,266.5,22.1,0.8,1.4
2018-08-09 15:27:20.300,184.3,29.5323285802536,1.88769122987336,1.93408151588181,1.53713064860399,400.27237161275,410.109117934685,1.57490609321402,109.9,140.544847050324,23985.7895660382,1.1,111.2,43.770745,-79.5145866666667,989.2,6.49785331853985,7.26432422446361,5.1,26.0192614094505,26.1,268.7,30.9,0.8,1.5
2018-08-09 15:27:21.300,183.8,29.534765120291,1.88641778874826,1.93265165021427,1.37404421235208,400.386275141021,410.199278343632,1.40773415559005,105.8,140.547246143113,23922.5947333562,1.1,110.4,43.77074,-79.5145716666667,989.3,6.50333549095577,7.2678246235001,5.1,26.0208801822304,26.1,271.6,32.1,0.9,1.2
2018-08-09 15:27:22.300,183.6,29.5420109347456,1.88595481827166,1.9319856579206,1.43535257217587,400.415651206097,410.188670436515,1.47037945737239,104.7,140.52450260126,23825.6475949489,1.1,104,43.7707316666667,-79.514555,989.4,6.50392129887366,7.26548736170029,5.1,26.0226265886593,26.1,264.7,36.8,1.1,1.1
2018-08-09 15:27:23.300,184.2,29.5487441467708,1.88644615534753,1.93249584445271,1.63384020241638,401.137301595493,410.929359280098,1.67372128227117,99.9,140.527198821229,23829.0337063733,1.1,100.6,43.77073,-79.514535,989.5,6.49979008547274,7.26250768699783,5.1,26.0242521604137,26.2,275.2,24.5,1,0.7
2018-08-09 15:27:24.300,184.6,29.5514871475929,1.88772907684863,1.93392895836218,1.5127009798437,402.101529728818,411.942370433034,1.54971980714636,102.8,140.515225213237,23888.9921332561,1.1,102.8,43.7707283333333,-79.5145183333333,989.3,6.49744370760367,7.25964600816517,5,26.025678511946,26.2,267.6,38.4,1.1,0.8
2018-08-09 15:27:25.300,184.7,29.5527554027365,1.88736167285295,1.93357378313718,1.56137238665734,402.147780791627,411.994315240053,1.59959967665105,107.3,140.530501487356,23899.8164309564,1.1,104.1,43.770725,-79.5145016666667,989.2,6.49935950313049,7.25996533583603,4.8,26.027380359368,26.2,270.3,29.6,1.1,0.7
2018-08-09 15:27:26.300,184.8,29.5555453276615,1.88571649672002,1.93176692361006,1.69087892230683,402.14241642868,411.962972480252,1.73216941837758,107.7,140.54446223996,23838.4134914993,1.1,104.8,43.77072,-79.5144816666667,989.2,6.50409411334818,7.26187221166461,5,26.0291720180669,26.2,278.2,23.3,0.9,0.9
2018-08-09 15:27:27.300,184.9,29.5616086227886,1.88779422658533,1.93384102181721,1.66159673596197,402.069872073937,411.877057887168,1.70212501446637,106.1,140.508698864476,23810.8706370233,1.1,105.8,43.7707166666667,-79.514465,989.3,6.50249957670282,7.26076845721739,5,26.0310610916895,26.2,276.6,20.2,1,0.7
2018-08-09 15:27:28.300,185.2,29.5675617063377,1.88909942032102,1.93524030503696,1.49735330608589,401.810966959924,411.625197789488,1.5339236766951,105.3,140.532165048011,23842.6165007109,1.1,103.4,43.7707133333333,-79.5144483333333,989.3,6.49609453156581,7.26170074127983,5,26.032476487826,26.2,286.6,20.2,1.1,0.9
2018-08-09 15:27:29.300,185,29.5751640856079,1.88846218701482,1.93468576790333,1.58745599667834,401.659062937791,411.490460450455,1.62631758782585,103.1,140.542809860054,23892.1442219096,1.2,103.4,43.7707116666667,-79.5144316666667,989.3,6.4954294885746,7.26009947669385,5,26.033946118481,26.2,292.5,338.9,1,0.9
2018-08-09 15:27:30.300,185,29.5816284446657,1.88683072501587,1.93292063927314,1.72220100026953,401.171704638557,410.971075426203,1.76427164122785,103.1,140.529456373733,23844.3841919634,1.1,103,43.77071,-79.5144133333333,989.3,6.49866779518562,7.25939168786449,5,26.0356278882399,26.2,291.1,25.8,1,0.8
2018-08-09 15:27:31.300,185.1,29.5826197139725,1.88499532412692,1.93088683651769,1.41278423856106,401.062035825182,410.826111278247,1.4471820028949,100.8,140.555373357034,23766.9202133924,1.1,101.8,43.7707066666667,-79.514395,989.3,6.50007738182418,7.25860445299258,4.8,26.0374850573183,26.2,283.5,341.4,1,0.9
2018-08-09 15:27:32.300,185.3,29.5844685965138,1.88594710427907,1.93178203712375,1.37839972824456,400.547922712232,410.282656450737,1.41189370918044,98.5,140.537883887475,23726.7303203594,1.1,101.7,43.7707066666667,-79.5143766666667,989.2,6.49823791391407,7.25976203198161,4.8,26.0392219550714,26.2,286.8,0.4,0.8,1.2
2018-08-09 15:27:33.300,185.4,29.5895551100077,1.88614850819919,1.93193890225551,1.43119530596129,399.803623205194,409.50969971523,1.46594060250376,95.9,140.534365578054,23701.6620802892,1.1,98.7,43.7707066666667,-79.51436,989.2,6.49638435473792,7.26019624569488,4.8,26.0407436240868,26.2,276.9,17.3,0.6,1.1
2018-08-09 15:27:34.300,185.5,29.5979344603592,1.88587101294108,1.93168331038575,1.34583730416513,400.701907883327,410.435946982074,1.3785314942727,96.3,140.543249352946,23716.212201938,1.1,99.3,43.770705,-79.514345,989.3,6.50011746659863,7.25623139243174,4.8,26.0424486737179,26.2,252.4,10.4,0.6,1.9
2018-08-09 15:27:35.300,185.1,29.6071311403545,1.88578506982652,1.93152065703358,1.40080949835352,401.74254833738,411.485973650652,1.43478228164916,94.2,140.506027511147,23678.5493169501,1.1,97.8,43.7707033333333,-79.5143283333333,989.3,6.50376047898061,7.26081698983785,5,26.0441589985842,26.2,252.6,6.8,0.4,2
2018-08-09 15:27:36.300,185.1,29.6093227384269,1.8862967706885,1.93191827512976,1.55769432807673,402.162192555271,411.888692613698,1.59536482106975,91.7,140.531046715835,23614.3816385685,1.1,94,43.770705,-79.5143116666667,989.2,6.50117248924192,7.26272688054737,5,26.0457895792442,26.2,235.2,8.1,0.4,2.3
2018-08-09 15:27:37.300,185.3,29.6107841561572,1.88717415895405,1.9327236914457,1.54003412669431,405.427072335584,415.212540638778,1.57720750442946,86.9,140.536067367813,23567.5905796095,1.1,88.9,43.7707083333333,-79.5142933333333,989.3,6.50201603180293,7.25757466197889,5,26.0476251612948,26.3,235.4,17.4,0.3,2.5
2018-08-09 15:27:38.300,185.6,29.6145601938021,1.88887058403709,1.93449927362992,1.54124366907704,409.949067899493,419.85212689682,1.57847829657624,82.5,140.519835065163,23586.9924007033,1.1,83.6,43.7707133333333,-79.5142766666667,989.4,6.49965652868931,7.25491715264699,4.8,26.049274666833,26.3,199.1,31.1,0.5,2.5
2018-08-09 15:27:39.300,186.1,29.6170689434988,1.88889038470516,1.93444892071823,1.6107870611427,413.21193099915,423.178180126373,1.64963825705473,77.4,140.546133803371,23551.2835439556,1.1,79.3,43.77072,-79.51426,989.2,6.49739204152315,7.25409538406162,5,26.0508143178673,26.3,187.8,29,0.7,2.5
2018-08-09 15:27:40.300,186.6,29.6211695427444,1.88969701314243,1.93517905974975,1.38587008582466,416.691689998321,426.720810127645,1.41922598463218,75.5,140.523412466409,23502.8606525025,1.1,74.5,43.770725,-79.5142416666667,989.3,6.49762890968257,7.25295731487236,5,26.052604095566,26.3,184.8,28.7,0.6,2.6
2018-08-09 15:27:41.300,187,29.6249198712775,1.89041069158782,1.93595724171132,1.52676002974772,421.249701893597,431.39911267889,1.56355088470425,71.2,140.537369402527,23526.6992253813,1.1,71,43.7707316666667,-79.5142266666667,989.2,6.49610327005638,7.25458021820854,4.8,26.0543328533346,26.3,182,22.1,0.5,2.5
2018-08-09 15:27:42.300,187.3,29.6269467716962,1.88853599380168,1.93398526498469,1.43628794494347,422.855654966343,433.032072834021,1.47086371167777,67.6,140.547033002271,23500.300222639,1.1,65.2,43.7707383333333,-79.51421,989.3,6.50274541625786,7.2598438078275,4.8,26.0558536297003,26.2,171.9,22.4,0.5,2.5
2018-08-09 15:27:43.300,187.3,29.6299753593622,1.88996002928243,1.93552373198745,1.37134304872218,421.330894051746,431.488476438158,1.40441251475466,64.7,140.498792751474,23540.783442161,1.1,59.8,43.7707416666667,-79.5141966666667,989.4,6.50211721898941,7.26127765446936,4.6,26.0577042068631,26.2,193.4,25,0.3,2.3
2018-08-09 15:27:44.300,187,29.6307179100645,1.88921489312728,1.93476147247699,1.56017107229334,419.496477429866,429.610032544534,1.59778175271034,61.4,140.531679336313,23541.0970745089,1.1,57.1,43.770745,-79.5141833333333,989.3,6.4988413290097,7.25986282484238,4.4,26.0595729844999,26.2,185.2,16.6,0.4,2.1
2018-08-09 15:27:45.300,186.5,29.6315583778724,1.8887320711681,1.93439194271066,1.2063439424915,415.822178016771,425.874396585281,1.23547995450053,56.5,140.525651051702,23604.1204610651,1.1,55.4,43.77075,-79.514175,989.2,6.5025687512128,7.26275905338515,4.2,26.0611514861702,26.2,202.7,31,0.4,2.1
2018-08-09 15:27:46.300,186,29.6333104895416,1.88797723433387,1.93342041458409,1.04358954365593,413.05321058664,422.995355286571,1.06869671651716,49.8,140.496259854951,23503.7686883279,1.1,55.7,43.7707616666667,-79.51417,989.3,6.50132347954644,7.26370011029028,3.8,26.0630127687616,26.2,185.1,26.5,0.7,1.6
2018-08-09 15:27:47.300,186,29.6319150082642,1.8879224001475,1.93323000956479,1.27450594489885,411.330188719146,421.201528888645,1.30509649762867,47.7,140.534553338952,23436.1873052633,1.2,53.7,43.7707683333333,-79.5141633333333,989.2,6.49828818704522,7.26066422787258,3.5,26.0646549488341,26.2,170.8,29.1,0.5,1.9
2018-08-09 15:27:48.300,186.5,29.6347198151136,1.88728294921143,1.93245858809959,1.63345645816238,409.950748003725,419.763802153159,1.67254232866828,46.9,140.511952070381,23377.4636670369,1.1,52.4,43.770775,-79.5141583333333,989.3,6.50224849055857,7.26084727522742,3.1,26.0665008026634,26.2,180.5,45.9,0.7,1.4
2018-08-09 15:27:49.300,186.7,29.6355159193886,1.88826594794981,1.93340005461821,1.52478098607805,408.325460637697,418.08544725601,1.56122358757848,47.6,140.537566677375,23344.51339324,1.1,55,43.770785,-79.5141516666667,989.2,6.50048550522972,7.26135974051719,2.7,26.0678531884989,26.2,170.6,67.4,0.9,1.8
2018-08-09 15:27:50.300,185.7,29.6373598827726,1.88911500597043,1.93435245734852,1.40496357508588,406.974941754683,416.720512614256,1.43860762532969,50.3,140.554633731362,23386.2919143381,1.1,58.6,43.7707916666667,-79.5141466666667,989.2,6.49880937594376,7.26429642531505,2.4,26.0695265129084,26.2,162.6,65.4,1.2,2.3
2018-08-09 15:27:51.300,185.2,29.6423784165728,1.88883210144664,1.93405914870788,1.32358375434873,405.570422831544,415.281571627895,1.35527715595007,47.9,140.509143648879,23384.3904186813,1.1,60.6,43.7708,-79.51414,989.3,6.49983427001402,7.26306827608172,2,26.0711664539325,26.2,158.7,70.3,1.1,2.2
2018-08-09 15:27:52.300,184.4,29.6393793121751,1.88653485605497,1.93170543420167,1.39363992446755,404.609452400218,414.297324367992,1.42700973329418,39.1,140.534514091791,23383.9389711358,1.1,62.6,43.7708,-79.51414,989.3,6.50463323158036,7.25745275791063,0.9,26.0734793166773,26.2,164.9,90.8,1.3,2.5
2018-08-09 15:27:53.300,183.7,29.6401245290326,1.88632611349437,1.93161447941991,1.54875645331295,403.833880679314,413.529387880224,1.585942933482,27.3,140.516242013202,23445.8476815597,1.1,64.6,43.7708,-79.5141416666667,989.2,6.5058325497682,7.25462664620908,0.5,26.0747205287075,26.2,172.8,103.2,1.5,2.6
2018-08-09 15:27:54.300,183.4,29.6453145675097,1.88867870801044,1.93394562742712,1.67109497122839,402.597361718317,412.246549573711,1.71114359717683,22.8,140.504410602183,23406.3275519565,1.1,63.1,43.7707983333333,-79.514145,989.3,6.49735230123378,7.25781878086383,0.3,26.0767926866715,26.2,165.7,97,1.5,2.9
2018-08-09 15:27:55.300,183.2,29.652654314136,1.88754665330103,1.93269089213387,1.36427817674071,401.530761417455,411.134084521784,1.39690847981839,16.1,140.536353012386,23358.0505690207,1.1,61.7,43.7707966666667,-79.5141483333333,989.2,6.50011116877779,7.25980489389605,0.1,26.0785034207636,26.2,163.4,103.1,1.5,2.9
2018-08-09 15:27:56.300,182.9,29.6613223885456,1.88919840733511,1.93422706942615,1.23457857738191,401.096484896519,410.656538122506,1.2640015477927,6,140.51065946832,23279.951941112,1.1,60.5,43.7707966666667,-79.5141516666667,989.2,6.50158015404003,7.25921076031469,0.1,26.0797232750507,26.2,167.1,107.2,1.5,3
2018-08-09 15:27:57.300,183.4,29.6627476303073,1.88714196501692,1.93188670198979,1.34537278927369,400.533912056708,410.030573376333,1.37726925831514,3.3,140.515631677281,23160.8938606436,1.1,59.3,43.7707933333333,-79.5141516666667,989.3,6.50266339004209,7.25715142509716,0.1,26.08154336318,26.2,168.1,109.9,1.4,2.6
2018-08-09 15:27:58.300,183.8,29.6624027811256,1.88621257671417,1.93100762010329,1.52410218285735,399.582288363456,409.071813794329,1.56030448181984,356.4,140.533969995178,23197.7405284815,1.1,59,43.77079,-79.51415,989.2,6.50361837332784,7.26042711974087,0.1,26.0835587073637,26.2,173.4,118.1,1.3,2.8
2018-08-09 15:27:59.300,184.6,29.6701345113198,1.88727950640381,1.9321211233513,1.58243316606012,398.970352078139,408.449809170085,1.62003203227708,358.8,140.509641315982,23208.4223601114,1.1,58.7,43.7707883333333,-79.5141483333333,989.1,6.50383735907592,7.26227277351918,0.1,26.0856603129524,26.2,181.5,121.6,1.6,3.4
2018-08-09 15:28:00.300,185.4,29.6763258444522,1.89007036990731,1.93503898900625,1.57676580970185,398.968990188135,408.461256780222,1.61428082391419,341.8,140.535086342925,23239.17092291,1.1,58.2,43.7707866666667,-79.5141483333333,989.3,6.50050636969918,7.26160769463544,0,26.0869749488965,26.2,186,128.8,1.7,3
2018-08-09 15:28:01.300,186,29.6845335039231,1.88848985197513,1.93351984280789,1.38710033433665,399.203887801795,408.722595339304,1.42017203335921,357.7,140.541859977976,23288.9363168625,1.1,58.2,43.770785,-79.5141466666667,989.3,6.49864632790089,7.2568957204128,0.1,26.0883805500344,26.2,185.5,127.3,1.4,2.8
2018-08-09 15:28:02.300,186.3,29.6891974146031,1.88684421585854,1.93178850244585,1.46976020524748,399.080205493115,408.586093176554,1.50476575879994,358.3,140.524626829538,23265.3478667731,1.1,58.1,43.7707833333333,-79.5141466666667,989.2,6.50272882428677,7.25704411945185,0,26.0901007194823,26.2,188.4,130,1.4,2.5
2018-08-09 15:28:03.300,186.4,29.6925492294007,1.88685647073817,1.93166429785489,1.55138053573491,398.73047970599,408.199230673813,1.58822146240999,348,140.535364653628,23196.3966535009,1.1,58,43.7707816666667,-79.514145,989.2,6.49809049784218,7.25607419656779,0,26.0921454301578,26.2,189.7,130.7,1.2,2.2
2018-08-09 15:28:04.300,186.4,29.7008721344211,1.88779222897173,1.93261240503443,1.53916439958166,398.382748741393,407.841190743632,1.57570666138239,350.9,140.506012026439,23191.3570132531,1.1,57.9,43.77078,-79.5141466666667,989.1,6.49682843262655,7.26052993596698,0,26.0943415016793,26.2,184.9,127.6,1.1,2
2018-08-09 15:28:05.300,186,29.7049358824001,1.88909553162652,1.93390694824596,1.34868015660107,397.91311843387,407.352126419629,1.38067486382041,319.1,140.516103401618,23171.4817251346,1.1,57.8,43.77078,-79.5141466666667,989.3,6.49508309913514,7.26167266639765,0,26.0959358985983,26.2,181.9,122.5,1,2
2018-08-09 15:28:06.300,185.5,29.7068380362403,1.88886915277762,1.93375749458841,1.60523159833697,397.926533804007,407.383153801868,1.64338799404977,302.5,140.531226545255,23213.0867229414,1.1,57.7,43.77078,-79.5141466666667,989.1,6.49883951960821,7.25850598201738,0,26.0971330544827,26.2,177.3,115,1.1,1.9
2018-08-09 15:28:07.300,185,29.7112588984462,1.89030784239327,1.93525734162792,1.49664383627438,397.984221621988,407.447883070317,1.53223351972001,328.7,140.515863488344,23226.7732434338,1.1,57.7,43.77078,-79.5141466666667,989.1,6.49881080167431,7.25819640844993,0,26.0990581692697,26.2,177.6,123.7,0.9,1.9
2018-08-09 15:28:08.300,184.4,29.7170635190143,1.88840041844602,1.93324294815005,1.83447804694814,397.701724217913,407.145706615313,1.87803472611942,355.9,140.537117575499,23195.5430089461,1.1,57.5,43.77078,-79.5141466666667,989.1,6.50007628857882,7.25746329679938,0,26.1009176441539,26.3,178.6,119,1,2.2
2018-08-09 15:28:09.300,183.7,29.7258557683395,1.887706923216,1.93248755174205,1.4528572097809,397.451644351325,406.880080714599,1.48732501952389,352.2,140.525283227785,23172.4949524532,1.1,57.7,43.7707816666667,-79.5141466666667,989.2,6.50394757693386,7.25890689663578,0,26.1027089969235,26.3,179.7,122.1,1.2,2.4
2018-08-09 15:28:10.300,183,29.7316538364811,1.88793646994228,1.93250864107828,1.54415439802944,397.86028967743,407.253467763785,1.58059604240469,322.2,140.53579789933,23064.6749813694,1.1,57.5,43.7707816666667,-79.5141466666667,989.1,6.50019524963531,7.25541965914349,0,26.1041917226968,26.3,185.1,127,1.2,2.4
2018-08-09 15:28:11.300,182.4,29.7384673134643,1.88715015016775,1.93150483030476,1.59837422001302,396.819842817571,406.146610509581,1.6359434634009,330.4,140.538787026378,22963.840300471,1.1,57.6,43.7707816666667,-79.514145,989.2,6.50405709417692,7.26239275986421,0,26.1060938920866,26.3,184.3,130.4,1.3,2.6
2018-08-09 15:28:12.300,181.9,29.7509459277922,1.88716167481121,1.93160703225445,1.7161528117952,396.930342321825,406.278556584874,1.75657487862793,256.4,140.507681270754,23009.4087080919,1.1,57.6,43.7707816666667,-79.514145,989.1,6.49859591423061,7.25926343279865,0,26.1076655323282,26.3,200.5,146.8,1.4,3
2018-08-09 15:28:13.300,181.6,29.7533249957106,1.88619464612737,1.93052345907151,1.58944652915849,396.397076212861,405.713096970952,1.62680622544394,234.8,140.547629997568,22962.1064322499,1.1,57.4,43.7707833333333,-79.514145,989.3,6.50110084378517,7.26094532509748,0,26.1095323923705,26.3,198.1,142.4,1.6,3.1
2018-08-09 15:28:14.300,181.2,29.7505057245891,1.88722948226025,1.93155912711983,1.40840453280716,396.461763043487,405.774334139034,1.44148597544763,224.7,140.534035446576,22950.2329590751,1.1,57.4,43.7707833333333,-79.514145,989.1,6.50223568855139,7.26121636370208,0,26.1115140153082,26.3,187.5,135.6,1.3,2.5
2018-08-09 15:28:15.300,180.8,29.7505051367837,1.8885007615364,1.93277491999054,1.373777934333,396.241750568341,405.531375881442,1.40598515293888,207.3,140.529072132503,22907.263232501,1.1,57.5,43.770785,-79.5141466666667,989.1,6.50184234970329,7.2638940243098,0,26.1130730603171,26.3,188.7,125.4,1,2.1
2018-08-09 15:28:16.300,180.4,29.7528321935316,1.88890381494429,1.93302946813629,1.45134019868914,396.605655614495,405.870423813738,1.48524234567021,223.9,140.530084191239,22827.0268473552,1.1,57.5,43.770785,-79.5141466666667,989.2,6.50300596501677,7.25656094096051,0,26.1147458087615,26.3,187.1,127.7,1.3,2.8
2018-08-09 15:28:17.300,180.1,29.7574830131538,1.88741731212206,1.93139548273704,1.31106601666859,396.38887049763,405.624952650488,1.34161646063528,199.8,140.508808949161,22770.0365347265,1.1,57.4,43.770785,-79.5141483333333,989.2,6.50887644002215,7.25823017952436,0,26.1165735372203,26.3,184.7,128.3,1.5,3
2018-08-09 15:28:18.300,179.9,29.7619291715606,1.88761399447375,1.93152005264772,1.24292326405112,396.222286450834,405.4383932992,1.27183424085681,207.1,140.546823122022,22731.2914692054,1.1,57.4,43.770785,-79.51415,989.1,6.50170751698003,7.25427145805329,0.1,26.1183100220851,26.3,180.9,124.1,1.6,3
2018-08-09 15:28:19.300,179.6,29.7657423684598,1.88763466974461,1.93143517545801,1.3713422742931,395.857154284672,405.042587775203,1.4031609411188,204.1,140.534710483621,22677.6301228473,1.1,57.2,43.7707833333333,-79.5141516666667,989,6.49924581085622,7.26410479951056,0.1,26.1203410702918,26.3,180.2,121.9,1.6,3.2
2018-08-09 15:28:20.300,179.6,29.7703857362932,1.88882704191979,1.93263936265659,1.35668737725174,396.725203694124,405.927371708949,1.38815602976999,205.3,140.521565635343,22669.6152869482,1.1,57.2,43.7707816666667,-79.5141516666667,989.1,6.50428976274318,7.25774916062673,0.1,26.1219204611456,26.3,184.3,130.3,1.5,3
2018-08-09 15:28:21.300,179.6,29.7711938068104,1.88763551286178,1.9313076070458,1.46171375211623,396.358752455887,405.528923608938,1.49552967590363,205.8,140.555147859084,22612.8262630404,1.1,57.3,43.7707816666667,-79.5141516666667,989.1,6.5002241041278,7.25987546557877,0.1,26.1237228671618,26.3,189.2,123.8,1.3,2.8
2018-08-09 15:28:22.300,179.8,29.7733372181989,1.88933942866996,1.93324010614508,1.42280024726606,396.542239596222,405.75632791406,1.45585723000262,208.4,140.523138136501,22708.2858374704,1.1,57.3,43.77078,-79.51415,989.1,6.50012936162743,7.25965185122747,0,26.1254173631526,26.3,171.9,115.6,1.3,2.7
2018-08-09 15:28:23.300,180,29.7805431114162,1.89134424325961,1.93502688314155,1.28757159830322,396.863162782642,406.029260549582,1.31731573137459,351.9,140.54369293464,22574.894075069,1.1,57.4,43.77078,-79.51415,989.1,6.50036902379532,7.25406731854419,0,26.1270946222832,26.3,171.2,114.4,1.5,2.8
2018-08-09 15:28:24.300,180.2,29.7890294433302,1.89044464953674,1.93384636390172,1.47074979580447,396.570927497096,405.675548214276,1.50450991968098,252.4,140.536823855709,22443.1209841572,1.1,57.3,43.7707783333333,-79.51415,989.1,6.49931923014722,7.25424243658495,0,26.1290517952616,26.3,171.1,113.6,1.5,3
2018-08-09 15:28:25.300,180.4,29.7969701847549,1.88859351413152,1.932024721768,1.43212404994629,396.810507720844,405.935824452347,1.46505596573706,217.6,140.497234344602,22479.7156729097,1.1,57.3,43.7707783333333,-79.5141483333333,989.1,6.50010607908761,7.2622102580732,0,26.1308188208224,26.3,172.3,113.1,1.4,2.7
2018-08-09 15:28:26.300,180.4,29.7936901236079,1.8880984392533,1.9315228237204,1.47471428824085,396.36909825674,405.48535018525,1.50863110538324,270.8,140.54751639188,22482.2843250672,1.1,57.2,43.7707783333333,-79.5141483333333,989.2,6.50237461324982,7.25997484064735,0,26.1328851358661,26.3,170,112.2,1.4,2.9
2018-08-09 15:28:27.300,180.4,29.7895704278974,1.88828496105242,1.93170629831558,1.58796746485503,396.808894894138,405.933716088861,1.62448390290554,341.6,140.525371321092,22478.604236315,1.1,57.3,43.77078,-79.5141483333333,989,6.50070665984434,7.25852155663176,0,26.1342176089465,26.3,166.7,107.9,1.4,2.9
2018-08-09 15:28:28.300,180.6,29.7952490586037,1.89053145979916,1.93377956272117,1.55687109734594,397.272797230388,406.360696122996,1.59248770380405,339.2,140.486969620089,22364.3148771548,1.1,57.3,43.77078,-79.5141483333333,989,6.49791236280925,7.25972270326177,0,26.1359781573377,26.3,160.4,97.5,1.2,2.3
2018-08-09 15:28:29.300,180.7,29.7967994385869,1.88878388505167,1.93187703802989,1.3568846691119,397.314596138571,406.379388816465,1.38784355268462,342.8,140.544853452923,22306.2294609507,1.3,57.4,43.7707816666667,-79.5141483333333,989.1,6.50150342847256,7.25864727269151,0,26.1378212936237,26.3,160.6,99.4,1.2,2.4
2018-08-09 15:28:30.300,180.8,29.8010852966718,1.88693101243492,1.9300374419788,1.57715871127923,397.525934346373,406.607468649853,1.61319136084817,350.9,140.508473629197,22334.8237787449,1.3,57.3,43.7707816666667,-79.5141483333333,989.2,6.50320464603103,7.25467955223216,0,26.1397632754463,26.3,155.8,90.8,1.1,2
2018-08-09 15:28:31.300,181.1,29.808410488648,1.88735014505561,1.93059519469006,1.63421222085599,397.364238207055,406.46898568685,1.67165676914381,334.2,140.552366025381,22399.655128882,1.1,57.2,43.7707833333333,-79.5141483333333,989.1,6.50118273759191,7.25612075721375,0,26.1412336860328,26.3,136.3,90.8,1,1.7
2018-08-09 15:28:32.300,181.3,29.8137284083888,1.88647646164408,1.92948096503588,1.60750874326953,397.548552076761,406.611087706164,1.64415464896938,327.6,140.553451646861,22287.9189979894,1.1,57.1,43.7707866666667,-79.5141483333333,989.1,6.50137513377577,7.25774771964954,0,26.1432864118868,26.3,133.7,70.3,0.8,1.2
2018-08-09 15:28:33.300,181.6,29.824070492636,1.89069591257777,1.93385305581344,1.58421454108664,397.688647769042,406.766152576313,1.62037501675256,243.1,140.494152281571,22316.4405774862,1.1,57.1,43.7707883333333,-79.5141483333333,989.2,6.49816623220605,7.26268591293503,0,26.1448938115795,26.3,114.1,60.8,0.5,1
2018-08-09 15:28:34.300,181.9,29.8263536065009,1.88958524027369,1.93264275587186,1.32581936090354,396.910251250277,405.954512664798,1.35603310858199,266.8,140.547781915816,22279.0325163788,1.1,57.2,43.7707916666667,-79.5141483333333,989,6.50013769733364,7.262305327182,0,26.1469365560215,26.3,127.5,66.7,0.6,1
2018-08-09 15:28:35.300,182.3,29.8301757661771,1.89052387556499,1.93371442988346,1.59851418163439,396.652204095655,405.714019677974,1.63503820893298,347.9,140.538549623821,22335.5991787896,1.1,57.2,43.7707916666667,-79.5141483333333,989.2,6.50248932877009,7.26397548459328,0,26.1484625693656,26.3,115.2,59.7,0.5,0.9
2018-08-09 15:28:36.300,182.5,29.8339222938412,1.89002940318742,1.93318955689673,1.36870280093454,397.970151442218,407.058085494968,1.39995969122485,330.9,140.49808049046,22325.8436947949,1.1,57.2,43.7707933333333,-79.5141483333333,989.1,6.50112339106199,7.25550320567749,0,26.1501601448513,26.3,115.7,54.8,0.5,1.1
2018-08-09 15:28:37.300,182.7,29.8297355594851,1.88728196165516,1.93023409209874,1.50609622114133,397.095171492535,406.132663282417,1.54037086253078,311,140.542862242204,22252.3669075958,1.1,57.3,43.7707933333333,-79.5141483333333,989.1,6.50456372223889,7.25834829652624,0,26.1520136528465,26.3,114.7,66.8,0.7,1.2
2018-08-09 15:28:38.300,182.8,29.8354343897401,1.88918425054481,1.93230318994499,1.45775501045787,397.898736407354,406.980655408148,1.49102625659819,214.8,140.495414923436,22315.1147338664,1.1,57.3,43.770795,-79.5141483333333,989.1,6.50636591629055,7.25625725277005,0,26.1540462530388,26.3,120.4,66.2,0.8,1.7
2018-08-09 15:28:39.300,182.8,29.8350201026578,1.88933215846405,1.93243164855743,1.30626188138239,397.438044877937,406.504537320175,1.33606104267797,240.4,140.521509539085,22303.4551421664,1.1,57.2,43.7707933333333,-79.5141483333333,989.1,6.50470765510609,7.2607683215308,0,26.1560665371123,26.3,125.6,74.6,0.8,1.6
2018-08-09 15:28:40.300,182.6,29.8333801772079,1.88940921995506,1.93229587359027,1.63824644693085,396.606748028259,405.609050186916,1.67542519283327,208.5,140.538675598769,22194.4508762443,1.1,57.1,43.770795,-79.5141483333333,989.2,6.49833840424503,7.26234794426043,0,26.1572363462583,26.3,132.2,74.1,0.9,1.7
2018-08-09 15:28:41.300,182.4,29.8413505379707,1.88559596218023,1.92851862092383,1.19305477787362,397.006848597491,406.04397491121,1.22020559032504,208.6,140.49510101461,22256.5031973285,1.1,57.1,43.770795,-79.5141483333333,989.1,6.50811991759983,7.25894200096338,0,26.1594188921379,26.3,132.4,78.2,0.9,1.7
2018-08-09 15:28:42.300,182.2,29.8434961933455,1.88584288601226,1.9289743311262,1.32294837657329,396.702404120359,405.77542340966,1.35320884538461,199.8,140.543885519322,22359.6615716686,1.1,57.2,43.7707933333333,-79.5141483333333,989.2,6.50750512196654,7.25838129051849,0,26.1610990377973,26.3,147.9,90.8,1,2.1
2018-08-09 15:28:43.300,182,29.8471323876657,1.88806078868937,1.93136687766738,1.27574838863114,396.505949149355,405.600570806008,1.30500936099732,198.4,140.535546147844,22422.5125375396,1.1,57.2,43.7707933333333,-79.5141483333333,989.1,6.49827874599938,7.25798821525256,0,26.16333311512,26.3,140.4,79.1,1,1.9
2018-08-09 15:28:44.300,181.7,29.8504797207048,1.89061867600502,1.93395266296972,1.37667914290358,396.140657910133,405.220377835434,1.40823323232024,190.6,140.52137150824,22406.9209680675,1.1,57.3,43.7707916666667,-79.5141466666667,989,6.49764511546445,7.26386367977419,0,26.1648177839995,26.3,129.6,72.2,0.8,1.6
2018-08-09 15:28:45.300,181.5,29.8564030340449,1.88905089167943,1.93204642350593,1.30014896863052,396.538278906669,405.563539389783,1.32974212207004,191.3,140.536008653766,22253.7156095347,1.1,57.2,43.7707916666667,-79.5141466666667,989.1,6.5019593188025,7.26215981873121,0,26.166771543156,26.3,135.3,76.6,0.8,1.4
2018-08-09 15:28:46.300,181.3,29.8637310900493,1.8893172462548,1.9326594017624,1.01015497164669,396.542997900682,405.639895623278,1.03332139720873,190.1,140.495973870022,22426.0483556004,1.1,57.3,43.7707916666667,-79.5141466666667,989,6.50123266115298,7.25936031136416,0.1,26.1686263885624,26.3,133.1,90.8,0.7,1.4
2018-08-09 15:28:47.300,181.2,29.8656630969892,1.88855189806944,1.93179789419102,1.44212106038166,396.040895949223,405.109877148949,1.47514096040142,189.7,140.549413226843,22386.5218596321,1.1,57.2,43.7707916666667,-79.5141466666667,989,6.50100905961274,7.26447129835078,0.1,26.1702177671799,26.3,144.8,108.8,0.6,1.1
2018-08-09 15:28:48.300,181.2,29.8703143432664,1.88707841281591,1.93043759112726,1.49618902490029,396.717526787787,405.832850627511,1.5305668307327,191.3,140.530011998726,22460.6762018832,1.1,57.1,43.7707916666667,-79.5141483333333,989.1,6.50249281403733,7.25724887501285,0,26.1720817478774,26.4,160,105.1,0.6,1.2
2018-08-09 15:28:49.300,181.1,29.8778789695713,1.88966909285758,1.93326481144181,1.40086676335324,396.717801175568,405.870369851035,1.43318454232865,192.4,140.515430318719,22550.4583720278,1.1,57.1,43.7707916666667,-79.5141483333333,989.1,6.500894506769,7.26047482396149,0,26.1741703098078,26.4,157.6,107.6,0.6,1.1
2018-08-09 15:28:50.300,181.1,29.8828973614375,1.88992690716005,1.93364740387213,1.40719716102131,396.820077674384,405.999901899373,1.43975045890179,204,140.540117910405,22610.3770837275,1.1,57.1,43.7707916666667,-79.5141483333333,989,6.49944319731968,7.26019667900125,0,26.1757383931717,26.4,166.8,111.4,0.5,1
2018-08-09 15:28:51.300,181.1,29.8901201061543,1.88945718787841,1.93312020553061,1.41477533563286,397.150110603374,406.327697160593,1.44746869805718,248.8,140.51606027653,22586.6579410182,1.1,57.1,43.7707916666667,-79.5141483333333,989,6.49967275965901,7.2658064178451,0,26.1771490038257,26.4,177.5,120,0.6,1.1
2018-08-09 15:28:52.300,181.1,29.9002177486208,1.88975881012224,1.93327706105856,1.56433061256704,398.380782483328,407.554710629888,1.60035318375296,359.3,140.544656036864,22509.755814848,1.1,57.1,43.7707916666667,-79.5141483333333,989.1,6.5035705987584,7.25295249760896,0,26.1791106125568,26.4,173.8,116,0.7,1.2
2018-08-09 15:28:53.300,181.1,29.9059323373206,1.88786186402351,1.93145274653931,1.40828912041482,397.493423717168,406.67163935082,1.44080604395976,348.6,140.531157015185,22569.2267434534,1.1,57.1,43.7707916666667,-79.5141483333333,989.1,6.49753797875238,7.25975429721872,0,26.1808928461229,26.4,184.7,133.5,0.7,1.4
2018-08-09 15:28:54.300,180.9,29.9087060074345,1.88726553636658,1.93108115812354,1.13316897629293,399.139457140376,408.406064472057,1.15947401076267,313,140.5288471237,22689.6280706858,1.1,57.2,43.7707916666667,-79.5141483333333,989,6.50078657880816,7.25539576918961,0,26.1832715051995,26.4,179.6,126.2,0.7,1.8
2018-08-09 15:28:55.300,180.8,29.9142469260754,1.88919376873939,1.93303698757746,1.55861647647303,399.121478089192,408.384054541615,1.59478752856986,340.7,140.561158121594,22681.0551383152,1.1,57.2,43.7707916666667,-79.5141483333333,989.1,6.49739013623669,7.26137284259334,0,26.1846953243002,26.4,191.4,136.4,0.9,1.9
2018-08-09 15:28:56.300,180.7,29.9225217061561,1.88910480416899,1.93308331171891,1.38696400108326,399.81374102244,409.121405251864,1.41925180233004,348.9,140.518757055165,22750.3844233911,1.1,57.2,43.77079,-79.5141483333333,989.1,6.49860793883981,7.25474295690957,0,26.1870479343959,26.4,194.8,140.6,1.1,2
2018-08-09 15:28:57.300,180.7,29.9251667449713,1.8880065639943,1.9319544059262,1.60002993932135,399.802993391791,409.109253369831,1.63727438243067,289.7,140.540850633036,22747.5212264802,1.1,57.2,43.77079,-79.5141483333333,989,6.49879614760344,7.25786895221822,0,26.1886171635582,26.4,199.4,140.8,1.1,2.2
2018-08-09 15:28:58.300,180.7,29.924391107831,1.89254030299243,1.93645812992758,1.40560468086961,399.289969987166,408.55595369191,1.43822395496934,350.1,140.526764662211,22679.6713495186,1.1,57.1,43.77079,-79.5141483333333,989.1,6.49895460536895,7.26770559587257,0,26.1898250326609,26.4,201.2,134.6,1.1,2
2018-08-09 15:28:59.300,180.7,29.9283989000382,1.88992980303384,1.93405339997456,1.33302946945178,399.591461186821,408.920730881318,1.36415092658374,4,140.502264612025,22814.3783482445,1.1,57.1,43.77079,-79.5141483333333,989.1,6.50430347066231,7.25874518154258,0,26.1919021571616,26.4,195.6,138,1.1,2.2
2018-08-09 15:29:00.300,180.8,29.9331313552327,1.88679203994757,1.93081587363659,1.21249156649166,399.341925368692,408.659483822116,1.2407816859021,8.5,140.559740469961,22800.2353087188,1.1,57.1,43.7707916666667,-79.5141466666667,989.1,6.50458811025059,7.2591030899651,0.1,26.1944419033686,26.4,199.4,144.7,1.2,2.5
2018-08-09 15:29:01.300,180.8,29.9394788962079,1.88946271702986,1.93345879407297,1.27622119478278,399.347163440771,408.645753172039,1.30593744375397,10.6,140.515803935703,22754.7990711741,1.1,57.1,43.7707916666667,-79.5141466666667,989,6.50087025442594,7.25730708038501,0.1,26.1952939424697,26.4,219.3,171.8,1.1,1.9
2018-08-09 15:29:02.300,180.9,29.9434090853046,1.89451598167233,1.93860242319182,1.1522293403981,399.152834255266,408.441294851735,1.1790428708882,11.1,140.530645284903,22741.2950616471,1.1,57.1,43.7707916666667,-79.5141466666667,989.1,6.49797428240611,7.25617490020003,0.1,26.1975398367209,26.4,211.5,149.7,0.8,1.7
2018-08-09 15:29:03.300,181,29.9463408929239,1.90185132964893,1.94603338033021,1.44703878321393,398.950246908046,408.218293248105,1.48065463096812,5.7,140.561333627485,22703.5638867993,1.1,57.1,43.7707916666667,-79.5141466666667,989.2,6.50063735551308,7.25936304817973,0,26.199461327383,26.4,201.8,143.1,0.9,1.9
2018-08-09 15:29:04.300,181.1,29.9476502387294,1.90605916892026,1.95046152394394,1.66131268423374,399.595969739891,408.90464812816,1.70001366629831,3,140.504624653804,22764.963966689,1.1,57.1,43.7707916666667,-79.5141466666667,989.1,6.50183384134855,7.25765003495545,0,26.2006163082335,26.4,201.1,146.7,0.9,1.8
2018-08-09 15:29:05.300,181.1,29.948329947754,1.90547168497705,1.94983056255408,1.57803867154641,399.042196979045,408.331838436289,1.6147753809535,0.9,140.561137856458,22750.0416746924,1.1,57.1,43.7707916666667,-79.5141466666667,989.1,6.49979887447331,7.25844762369268,0,26.2037008556864,26.4,203.9,145.8,0.9,1.6
2018-08-09 15:29:06.300,181.1,29.9529226464185,1.90347577014403,1.94785314708449,1.36356954896846,399.396017633605,408.70750423043,1.39535946340915,11.5,140.525671351937,22782.768306542,1.1,57.1,43.7707916666667,-79.5141466666667,989.1,6.49961676640549,7.25417775846453,0,26.2042731773924,26.4,208.1,147.7,0.6,1.2
2018-08-09 15:29:07.300,181.2,29.9568787951643,1.90502803143662,1.94971703383247,1.65311810927068,399.432304619924,408.802374685986,1.69189824345107,3.5,140.491332972342,22920.7596308024,1.1,57.1,43.7707916666667,-79.5141466666667,989.1,6.49742415719634,7.25371128227781,0,26.206878406016,26.4,199.2,146.9,0.7,1.3
2018-08-09 15:29:08.300,181.2,29.95429,1.900307,1.944862,1.149345,399.0625,408.4189,1.176293,347.8,140.5646,22908.83,1.1,57.1,43.7707916666667,-79.5141466666667,989.1,6.503356,7.264929,0,26.20733,26.4,215.1,162.2,0.6,1
2018-08-09 15:29:09.300,181.3,29.966673568194,1.90121854087024,1.94610724751712,1.45322870713405,399.403294221681,408.83332624878,1.48754089422935,202,140.502386843414,23065.7508748647,1.1,57.1,43.7707916666667,-79.5141483333333,989.1,6.49880124880497,7.26229675346974,0,26.2112478538483,26.4,218.1,179.2,0.5,1.1
2018-08-09 15:29:10.300,181.4,29.97851,1.89999,1.944659,1.411514,400.1968,409.6056,1.444699,213.3,140.4901,22970.2,1.1,57.1,43.7707916666667,-79.5141483333333,989.1,6.49922,7.262754,0,26.21099,26.4,242.7,179.2,0.8,1.6
2018-08-09 15:29:11.300,181.4,29.98047,1.896488,1.941212,1.429691,400.2585,409.6976,1.463406,24.1,140.555,23039.28,1.1,57.1,43.7707933333333,-79.5141483333333,989.1,6.506672,7.260976,0,26.21473,26.5,244.2,191,0.7,1.4
2018-08-09 15:29:12.300,181.5,29.98791,1.897812,1.942631,1.684049,402.2793,411.7796,1.72382,6.2,140.4891,23071.39,1.1,57.1,43.7707933333333,-79.5141483333333,989.1,6.499763,7.246287,0,26.21471,26.5,246,157.9,0.6,1
2018-08-09 15:29:13.300,181.5,29.98809,1.895685,1.94029,1.685503,401.6458,411.0964,1.725162,14.4,140.5291,22988.78,1.1,57.1,43.7707933333333,-79.51415,989.1,6.496037,7.256568,0.1,26.21879,26.5,213.2,141.3,0.5,0.9
2018-08-09 15:29:14.300,181.6,29.9888419134454,1.89868275088136,1.94367420227078,1.36947216290451,401.390555031966,410.902042221234,1.40192321310986,10.1,140.539871933895,23147.7553531901,1.1,57.1,43.7707933333333,-79.51415,989,6.49724766237351,7.26406840861596,0,26.21801335017,26.5,182.7,110.8,0.4,0.6
2018-08-09 15:29:15.300,181.7,29.9958339844397,1.89456030077801,1.93958450598318,1.18206963342851,401.572804225747,411.116165084323,1.21016230790165,186.4,140.488648467018,23213.4035770059,1.1,57.1,43.7707933333333,-79.51415,989.1,6.49813471604594,7.2560581452286,0.1,26.22202,26.5,174.5,123.4,0.4,1
2018-08-09 15:29:16.300,181.8,29.9906465787151,1.89483036478328,1.94011187062141,1.34705157515604,402.038567255212,411.646232645085,1.37924229234863,190.8,140.55846827405,23339.5864886506,1.1,57.1,43.7707933333333,-79.51415,989.1,6.49580849464609,7.2557788775061,0.1,26.2221272489606,26.5,191.6,128.3,0.4,0.8
2018-08-09 15:29:17.300,181.9,29.9946914403781,1.89511491338905,1.94031995518295,1.40409889391367,401.154255337806,410.723223857928,1.43759167239539,192,140.522873811585,23297.8080643535,1.1,57.1,43.770795,-79.5141516666667,989.1,6.50069500660851,7.25458399624757,0.1,26.2255051444024,26.5,175.3,120.8,0.5,1.1
2018-08-09 15:29:18.300,182,29.9980357159575,1.89951619001082,1.94475328404125,1.45506631031974,401.399116308919,410.958358251957,1.48971868514108,11,140.510912693464,23260.8420574957,1.1,57.1,43.770795,-79.5141516666667,989.1,6.4961374445335,7.25722816777266,0.1,26.2269166419562,26.5,173,120.4,0.6,1.2
2018-08-09 15:29:19.300,182.2,29.9964179692404,1.89452188840089,1.93976640192704,1.48658047458489,400.845253067599,410.418049632625,1.52208225493525,3.4,140.542432030259,23324.6013354151,1.1,57.2,43.770795,-79.5141516666667,989.1,6.50927106943431,7.26022716122003,0,26.2278735251486,26.5,181.4,118,0.5,0.7
2018-08-09 15:29:20.300,182.4,30.010284460909,1.89770489763665,1.94304507776314,1.37841337911105,400.614324848337,410.185842015922,1.41134615510999,7.1,140.485711185559,23334.5608062996,1.1,57.1,43.7707966666667,-79.51415,989.1,6.49842578298914,7.25935684360411,0.1,26.2306315444169,26.5,176.6,131,0.4,1
2018-08-09 15:29:21.300,182.6,30.0142560488053,1.8953180811764,1.94077342970381,1.21728714814531,400.006314692838,409.599632109528,1.24647856090247,1.7,140.529223296028,23421.1703024127,1.1,57.1,43.7707966666667,-79.51415,989,6.50129229789606,7.25421520591539,0.1,26.2323033997813,26.5,190,130.4,0.6,1.2
2018-08-09 15:29:22.300,182.8,30.0172698628473,1.89566775615575,1.94084908998977,1.50379037818528,399.657249257908,409.182790663056,1.53963096508144,1,140.528753879441,23279.3077811475,1.1,57.1,43.7707966666667,-79.51415,989.1,6.49770879860704,7.25281769451764,0,26.2340655607711,26.5,183.3,133.2,0.7,1.4
2018-08-09 15:29:23.300,182.9,30.0243063813926,1.89368009028921,1.93901573618155,1.28870269561119,399.616337813251,409.183293893248,1.31955475254594,302.2,140.50300923556,23380.7504817936,1.1,57.2,43.7707966666667,-79.5141483333333,989.2,6.49970109050326,7.2621618484745,0,26.2358611286717,26.5,194.7,132.1,0.8,1.5
2018-08-09 15:29:24.300,183.1,30.0248901802008,1.89193394592117,1.93712462274285,1.47266529317141,398.772892476663,408.29780919588,1.50784177610838,310.1,140.546926414381,23328.3904121879,1.1,60.2,43.7707966666667,-79.5141483333333,989,6.50506178875183,7.26634268742681,0,26.2374719266436,26.5,176.2,112.4,0.8,1.6
2018-08-09 15:29:25.300,183.2,30.0282242789518,1.89251118956395,1.93739392621987,1.39748755770825,399.035784334626,408.499368587046,1.43063051298899,54.4,140.511551866614,23166.5605602958,1.1,62.1,43.7707966666667,-79.5141466666667,989,6.50018256383342,7.26269680260103,0,26.2391616012904,26.5,166.8,106.9,0.8,1.8
2018-08-09 15:29:26.300,183.4,30.0357928394845,1.89138468732188,1.93627317097277,1.5723643124987,399.083658468158,408.555313848251,1.6096830641415,58,140.539951502626,23183.2274039682,1.1,61.2,43.770795,-79.514145,989.1,6.50359972787468,7.26104572626144,0.1,26.2415109553138,26.5,160.6,90.8,0.8,1.4
2018-08-09 15:29:27.300,183.5,30.0447429080512,1.89054043640489,1.93568948318486,1.66503356747605,398.232832315318,407.74328617639,1.70479724866219,57.9,140.530311065451,23324.5649248786,1.1,59.9,43.770795,-79.5141433333333,989.1,6.4995647647852,7.26358751717682,0.3,26.2428456020909,26.5,156.1,90.8,0.7,1.3
2018-08-09 15:29:28.300,183.6,30.0573188135233,1.89091077886027,1.93580448224109,1.70201952067475,397.838473214548,407.283830585165,1.74242395996008,57.8,140.496472116098,23191.1468423598,1.1,57.8,43.770795,-79.5141433333333,989.1,6.50075815685727,7.26552697880078,0.1,26.2449285169041,26.5,172.2,105.3,0.7,1.2
2018-08-09 15:29:29.300,183.6,30.0581814575565,1.88959321909145,1.9347153204176,1.38860585024751,397.977438898705,407.480738898705,1.42176462275416,62.1,140.558308965338,23322.0729264211,1.1,56.2,43.770795,-79.5141433333333,989.1,6.49931230248299,7.26573580755324,0.3,26.2462738229549,26.5,163.8,106.6,0.6,1.1
2018-08-09 15:29:30.300,183.6,30.0573483507607,1.88824338182404,1.93333149327256,1.62070683052382,397.911127464382,407.412489724102,1.6594067667067,50.9,140.519981277872,23321.2281319928,1.1,55.2,43.770795,-79.5141433333333,989,6.50484326791231,7.26379009841421,0.7,26.2486498216212,26.5,169.2,90.8,0.5,1
2018-08-09 15:29:31.300,183.7,30.055901960696,1.88908838502943,1.93408191350608,1.55399771908593,398.239097949672,407.724161366871,1.59100835783915,47.6,140.520372887721,23263.5884273389,1.1,50.1,43.770795,-79.5141433333333,989,6.49782458653151,7.25886407945934,1.4,26.2499952336964,26.5,131.2,55.4,0.5,1.1
2018-08-09 15:29:32.300,183.7,30.0559005444335,1.88985435657011,1.93502271429254,1.37405594150113,397.603228441179,407.106238451269,1.40689492580134,34.6,140.523398242838,23342.9463200496,1.1,30.7,43.770795,-79.5141416666667,989,6.49935702679025,7.26438502866209,1.6,26.2519222190213,26.5,121.4,32.5,0.1,1.1
2018-08-09 15:29:33.300,183.8,30.0531064278875,1.88992348486342,1.93486380154171,1.50296717091027,397.243199655954,406.68924457554,1.53871021843129,12.4,140.505402969863,23226.8238323237,1.1,9.2,43.770795,-79.5141416666667,989.1,6.49589248620399,7.2636721739853,2,26.2537582975381,26.5,215.8,0.4,0.2,0.8
2018-08-09 15:29:34.300,183.8,30.0448900555109,1.88679653885389,1.9314333775064,1.31652672762438,397.824332925671,407.235701381548,1.34768028634272,344.2,140.553333890517,23110.4508053813,1.1,351.1,43.7707966666667,-79.5141416666667,989,6.50631022600149,7.26418084338709,2.7,26.2554669849872,26.5,304.6,346.8,0.4,2.3
2018-08-09 15:29:35.300,184,30.0357109545841,1.88800705355729,1.93303264481307,1.68160876648977,397.375124993403,406.851889219079,1.72171155381668,322,140.524578178357,23292.7515148859,1.1,338.8,43.770805,-79.51415,989.1,6.50341949939562,7.25680409840373,3.8,26.2573142404034,26.5,303.8,337.8,0.8,3.3
2018-08-09 15:29:36.300,184.4,30.0282492794902,1.88771403081903,1.93278558392293,1.46567832601276,397.192407540894,406.675978636552,1.50067513196506,314.8,140.537440274611,23319.6295007444,1.1,333.4,43.7708183333333,-79.5141633333333,989.1,6.50659851604922,7.25599066752504,5,26.2594799208537,26.5,283.2,333.9,0.9,4.2
2018-08-09 15:29:37.300,184.8,30.0262394352094,1.88815651644794,1.93315450597277,1.30143494189663,396.964337718989,406.42463149971,1.33245060052954,315.8,140.558189436611,23277.0075739059,1.1,332,43.7708333333333,-79.51418,989.1,6.5040169151625,7.26685546874966,5.9,26.2609960215385,26.5,296,332.8,1,4.5
2018-08-09 15:29:38.300,185.2,30.0295250081727,1.88960393155907,1.934804312252,1.29572244006734,397.225763633006,406.727515705513,1.32671658800672,316.8,140.511813689578,23361.5878484212,1.1,332,43.7708466666667,-79.5141933333333,989.1,6.49768917151445,7.26039002659261,6.4,26.2626040850796,26.5,296.9,357.9,0.4,3.9
2018-08-09 15:29:39.300,185.6,30.0338652571845,1.88650771164249,1.93159475449291,1.32441284763187,398.131961097896,407.647323774946,1.35606662479327,314.3,140.547271512198,23342.1980054653,1.1,330.4,43.7708633333333,-79.51421,989.2,6.50405933112591,7.25890946166299,7,26.2645012855126,26.5,262.6,347.4,0.5,4.7
2018-08-09 15:29:40.300,185.7,30.036821292411,1.88855259463636,1.93370514286839,1.33552492257084,397.53267524413,407.037023992637,1.36745519738414,299.7,140.513425037735,23350.0872344105,1.1,321.3,43.7708766666667,-79.5142333333333,989.1,6.49882658804093,7.26258366368833,7.7,26.2666299741761,26.5,310.1,358.3,1.1,6.5
2018-08-09 15:29:41.300,185.5,30.0339085602967,1.88805049226255,1.93323063094173,1.58694789687512,397.063430536213,406.565107947705,1.62492241997774,282.3,140.496237514657,23370.4910042223,1.1,306,43.7708833333333,-79.514265,989.2,6.49764758898792,7.2652791151694,8.5,26.2682269935131,26.5,294.4,352.9,1.9,8.3
2018-08-09 15:29:42.300,185.2,30.0273678386538,1.88718985465977,1.93246348552134,1.41726215575753,398.455925848982,408.015013194236,1.45125959240347,263.7,140.553193527931,23428.2518092484,1.1,285.3,43.7708816666667,-79.514295,989.1,6.49835776410797,7.2540824678003,9,26.2695233121349,26.4,296.7,10.2,2.4,8.7
2018-08-09 15:29:43.300,185.1,30.0267505694997,1.88798349313966,1.93339572655106,1.25848803967001,398.353649748186,407.935431348649,1.2887582432722,252.9,140.502595943915,23488.5102486582,1.1,270.7,43.770875,-79.5143266666667,989.1,6.4999082697339,7.26198004083548,9.8,26.2722851678809,26.3,278.7,359.1,1.9,8.3
2018-08-09 15:29:44.300,184.7,30.0337203839205,1.88694700866505,1.93207762575488,1.31238508202972,398.882494578413,408.422637000808,1.34377457134626,243.5,140.490584703708,23358.5235398868,1.1,260.8,43.7708616666667,-79.5143616666667,989.1,6.50583252620231,7.26319717875784,10.3,26.2733033524778,26.3,207.2,357,1.3,7.2
2018-08-09 15:29:45.300,184.2,30.0307170828853,1.88837661004106,1.93357962306458,1.52090410030834,399.932023871767,409.505337367474,1.55730831785403,239,140.547933267078,23377.734371333,1.1,254.1,43.7708466666667,-79.5143983333333,989.1,6.49989771517358,7.26320364088658,11.1,26.2755396696902,26.3,243.5,350.4,1.3,7.6
2018-08-09 15:29:46.300,184.2,30.0401974744564,1.88853849198125,1.93362319417059,1.64622487717049,401.360321306433,410.941992692971,1.68552793260475,234.1,140.489247299782,23316.213094544,1.1,251.1,43.7708316666667,-79.5144283333333,989.1,6.49903646131103,7.25873988180257,11.4,26.2772286861411,26.3,203.3,348.3,1.5,8.9
2018-08-09 15:29:47.300,184,30.0418565300007,1.88970073484404,1.93472054670828,1.30829120862985,400.439836491234,409.979810211935,1.33945628092631,231.6,140.567999514734,23269.2972423398,1.1,244.6,43.7708116666667,-79.5144616666667,989,6.49903125545064,7.26566846029396,12,26.279002573179,26.3,203.4,349.5,1.7,9.4
2018-08-09 15:29:48.300,183.9,30.0488956882963,1.88781089847036,1.93283040424037,0.994728220377966,401.785533348088,411.367157266978,1.01844701451997,232.4,140.541949749482,23292.0767176548,1.3,253.3,43.7707916666667,-79.5144983333333,989.1,6.50028422450693,7.25940856429127,12.7,26.2805827252568,26.2,201.6,350.4,1.6,9.3
2018-08-09 15:29:49.300,184.1,30.0584139897531,1.88960286909534,1.9345165084428,1.22976432534657,402.267543255782,411.829000379688,1.25899211997492,238,140.492828467031,23216.969791347,1.1,264.8,43.7707766666667,-79.51454,989.1,6.49716262426304,7.25656002219187,12.9,26.2828306810839,26.2,199.5,354,1.1,8.5
2018-08-09 15:29:50.300,184.5,30.0636858554836,1.88908704096146,1.93389128313032,1.34072288630168,401.938370843739,411.471375904039,1.3725207621663,249.1,140.552838192246,23168.0717350594,1.1,274.8,43.7707683333333,-79.514585,989.2,6.5002935662792,7.2647496795406,12.4,26.2849659036217,26.2,217.2,357.1,0.9,8.8
2018-08-09 15:29:51.300,184.5,30.0750127095043,1.88858130655915,1.93339336385854,1.21375341480976,402.041346875901,411.580917300835,1.24254961180283,264.4,140.480063295823,23177.8261941109,1.1,284.8,43.7707733333333,-79.51463,989.1,6.50249093611186,7.26709563999157,11.6,26.2862306892211,26.1,218.8,349.6,1.2,8.8
2018-08-09 15:29:52.300,184.9,30.0867424710775,1.88816757089769,1.93285278457825,1.66730920541976,402.28975182415,411.810351139363,1.7067692303748,278.6,140.507964185383,23118.9061400093,1.1,294.8,43.770785,-79.5146683333333,989.1,6.50258481015265,7.26482223000551,10.9,26.2874914701895,26.1,207.6,349.8,1.1,7.5
2018-08-09 15:29:53.300,185.5,30.0971099682628,1.88906094943671,1.93356259285169,1.56869130788428,402.438149596225,411.918583706092,1.60564511581692,290.1,140.54413600246,23015.3660119304,1.1,298.9,43.7707966666667,-79.5147016666667,989.1,6.50105740040209,7.26890402975982,10.7,26.289567792197,26.1,254.2,354.5,1,7.6
2018-08-09 15:29:54.300,185.7,30.1085280033002,1.88873780644863,1.93324933006391,1.44771516555664,402.270295377711,411.750438959991,1.48183355023041,295.1,140.488246359746,23024.1994516133,1.1,305.3,43.77081,-79.5147316666667,989.1,6.50349095403012,7.26217448298516,10.5,26.2921222485507,26.1,248,349.4,0.8,6.8
2018-08-09 15:29:55.300,186,30.1123215828366,1.88868668316649,1.93324771997819,1.50560494255051,401.939205795373,411.422379822161,1.54112660384293,298,140.537737565237,23049.7999351661,1.1,308.6,43.7708233333333,-79.51476,989.3,6.50496784938481,7.26439110052957,10.3,26.2934029647727,26.1,229.9,344.3,0.9,6.5
2018-08-09 15:29:56.300,186,30.1211856007634,1.88887107547497,1.93353993134132,1.43399144169829,402.746751435017,412.271087962176,1.46790330602676,301.6,140.540721467114,23102.1012896429,1.1,307.5,43.7708366666667,-79.5147883333333,989.1,6.50208061768023,7.25755033658615,10,26.2953028909021,26.1,210.1,340.2,1,5.7
2018-08-09 15:29:57.300,185.9,30.1313522817075,1.88802840805049,1.93264639665412,1.38731634417796,403.512437082511,413.048169328114,1.42010419626866,302.7,140.485121021493,23086.3193866816,1.1,316.4,43.7708533333333,-79.5148166666667,989.1,6.50075732360439,7.25866136656239,9.8,26.2969926719675,26.1,207.8,343.1,0.9,5.1
2018-08-09 15:29:58.300,186.1,30.1341661538697,1.88928190429303,1.93407990687515,1.52272648152466,403.843107836004,413.418894464922,1.55883041677253,302.4,140.552251130539,23162.4269533294,1.1,313.2,43.7708633333333,-79.514845,989.2,6.50058842271651,7.26215035147456,9.6,26.2985043748132,26.1,201.4,346.7,0.6,4.9
2018-08-09 15:29:59.300,186.1,30.1414093154545,1.88965391805531,1.9345930307794,1.45968519032101,403.613776748773,413.212350583167,1.49439692888525,298.1,140.525976984242,23229.2268590258,1.1,307.9,43.77087,-79.5148733333333,989.2,6.50100452045864,7.26279201612333,9.4,26.3005425644788,26.2,171.7,347.2,0.8,5.4
2018-08-09 15:30:00.300,185.6,30.1456324268116,1.88521623263729,1.92997769729636,1.64068286435342,403.172660490327,412.745446866411,1.67964019079755,295.2,140.512353774485,23193.0677217058,1.1,304.7,43.7708816666667,-79.5149033333333,989.3,6.50172365840529,7.26300651160043,9.2,26.3020548964838,26.2,259.9,354.9,0.5,6.1
2018-08-09 15:30:01.300,185.4,30.1453906575148,1.88829827829514,1.9331464496669,1.39124258171029,401.819880467778,411.363494192123,1.4242821704518,288.1,140.531223404519,23199.9213274987,1.1,297.8,43.7708866666667,-79.5149316666667,989.2,6.50085264656193,7.26491516918118,8.8,26.3039133465518,26.2,245.6,347.8,0.5,5.3
2018-08-09 15:30:02.300,185.5,30.1479714141045,1.89000241410453,1.93505377803184,1.27521780156939,401.673095297724,411.247701380703,1.30561582820082,285.6,140.494240180589,23281.9264405065,1.1,289.8,43.7708916666667,-79.5149533333333,989.2,6.49642985858955,7.26261800112033,7.5,26.3059907470568,26.2,235.8,341.2,0.7,5.3
2018-08-09 15:30:03.300,185.5,30.1491121123794,1.88899946988042,1.93400278428002,1.39176775139493,401.992286557955,411.569313288036,1.42492676244715,289.7,140.543738538524,23269.5135743756,1.1,292.2,43.770895,-79.5149666666667,989.2,6.49709842456404,7.26067914381712,5.9,26.3071908830231,26.2,207.5,336.7,0.7,3.9
2018-08-09 15:30:04.300,185.6,30.157756718419,1.8891227473642,1.93398687118347,1.38291099580746,401.491768914652,411.026721663143,1.41575477757424,307.9,140.524701721605,23197.9608490908,1.1,315.3,43.770905,-79.5149733333333,989.2,6.49926545139916,7.26434243643691,4.4,26.3094711382476,26.3,163,322.2,0.8,2.3
2018-08-09 15:30:05.300,185.3,30.1663751902782,1.88770705175171,1.93266456597835,1.42118232870568,400.502112688357,410.040460906626,1.4550266356394,335.7,140.511552082315,23262.055095481,1.1,345.3,43.7709183333333,-79.5149783333333,989.2,6.50311322622564,7.26480708064047,4,26.3109081491758,26.3,118.2,78.5,1,0.9
2018-08-09 15:30:06.300,185.5,30.1743465777761,1.88535934040911,1.93041859097857,1.37910804015435,400.441600738049,410.011888365803,1.41206951970628,343.5,140.55299622059,23341.4388825116,1.1,355.2,43.7709333333333,-79.5149833333333,989.2,6.50663468748689,7.26537665833958,4.6,26.3131434736251,26.4,142.2,39.2,1.2,0.7
2018-08-09 15:30:07.300,186.1,30.180551092641,1.88901058151338,1.93421476032823,1.52762729297353,402.217884128401,411.842916239957,1.5641831639576,345.3,140.522256078733,23370.7099986083,1.1,348,43.7709416666667,-79.5149833333333,989.3,6.49686368159743,7.25648163332761,4.6,26.3150041834745,26.4,171.2,350.1,0.6,1.9
2018-08-09 15:30:08.300,186.6,30.1824819122621,1.88911471974025,1.93432668507852,1.33156951601898,402.923057516157,412.566220691934,1.36343806967795,336.8,140.524683039868,23373.5723744186,1.1,333.6,43.7709466666667,-79.5149866666667,989.2,6.49649834656006,7.26184223682268,4.2,26.3168424189067,26.4,237.5,333.4,0.5,2.3
2018-08-09 15:30:09.300,186.9,30.1782285243619,1.88812550150128,1.93328470767366,1.29035195284061,402.817374176334,412.451711035894,1.32121087325488,334.9,140.540081325918,23358.6478997199,1.1,329.5,43.770945,-79.5149833333333,989.1,6.50204177708472,7.26011878531119,2.2,26.3179446898117,26.5,190.2,276.8,1.1,1.6
2018-08-09 15:30:10.300,187,30.1770103822841,1.88676131255427,1.93191777512154,1.40012315881053,402.913163324615,412.556146425999,1.43362299224018,333.2,140.526547088566,23373.7571570688,1.1,329.4,43.7709433333333,-79.5149783333333,989.2,6.49937302711075,7.26055304046344,1.4,26.3202416693189,26.5,174.4,210.1,1.6,2
2018-08-09 15:30:11.300,186.5,30.1801689751306,1.88755985517926,1.93296780121769,1.1979264479221,403.090469073113,412.787470880225,1.22674454497284,330.3,140.541469480527,23491.4310565705,1.1,330.6,43.7709466666667,-79.51498,989.3,6.50224076723842,7.25934971669875,0.9,26.32206526729,26.5,172.3,207.5,1.2,1
2018-08-09 15:30:12.300,185.7,30.1861248358228,1.8886288629744,1.93409919026811,1.20556681697323,402.990089924548,412.69236727463,1.23459254971327,328.9,140.522076443806,23509.8324010166,1.1,329.6,43.770945,-79.5149833333333,989.2,6.50179060471719,7.2620906421157,0.7,26.3237062853988,26.5,148.9,185.3,1.1,2.2
2018-08-09 15:30:13.300,184.7,30.1937155868459,1.88850040700841,1.93399841444239,1.25670036083065,403.761551393752,413.489000292969,1.2869772188024,325.4,140.505118734791,23525.3804138795,1.1,330.7,43.770945,-79.5149833333333,989.3,6.49692696975821,7.26031118984815,0.5,26.3257412859174,26.5,154.5,188.7,1.2,1.9
2018-08-09 15:30:14.300,183.9,30.1962108148135,1.88614809751748,1.93156850074542,1.12025733470433,403.661421169262,413.381928967435,1.14723331128216,328.5,140.522199051994,23514.6896625857,1.1,330.7,43.7709433333333,-79.5149833333333,989.2,6.50153445467468,7.2613153692505,0.3,26.3275086897711,26.5,161.1,193.1,1,1.7
2018-08-09 15:30:15.300,183.5,30.1978262611792,1.88791463559303,1.93337748347847,1.081169565745,403.035256503208,412.740736092424,1.10720423780412,326.3,140.522441958455,23514.7883992787,1.1,330.9,43.7709383333333,-79.5149783333333,989.2,6.50088496043278,7.26054902243296,0.3,26.3293322563281,26.5,165.7,197.1,0.9,1.7
2018-08-09 15:30:16.300,183.3,30.20070097512,1.88622529815867,1.93159393903946,1.20059003650071,402.637866591167,412.322379258492,1.22947243954933,306.1,140.534917148542,23487.7110099405,1.1,331.4,43.770935,-79.514975,989.2,6.50588401701888,7.26248311052488,0.1,26.3306529377959,26.6,168.2,202.3,1,1.7
2018-08-09 15:30:17.300,183.2,30.2086620642037,1.88663052407639,1.93193408091104,1.01835064763766,402.497187765813,412.162268972233,1.04280460000318,317.8,140.527764423541,23449.6433897985,1.1,331.7,43.7709333333333,-79.5149733333333,989.2,6.50362610573053,7.26349255739506,0.1,26.3325828806522,26.6,172.8,202.3,0.7,1.4
2018-08-09 15:30:18.300,183.3,30.212424174538,1.88718687099189,1.93254185095316,1.2583373638426,402.167623674692,411.832942472368,1.28858007255129,317.6,140.538964123961,23468.9760993781,1.1,331.9,43.7709316666667,-79.51497,989.3,6.50066387071665,7.26572154558959,0.1,26.3345249476313,26.6,167.4,198.1,0.7,1.4
2018-08-09 15:30:19.300,183.6,30.2110146701899,1.88639514106422,1.93176472029723,1.31636569021115,401.934584631752,411.6014861838,1.34802679747451,319.8,140.545850520134,23486.146340312,1.1,332,43.7709316666667,-79.5149683333333,989.3,6.50065382958421,7.2620979536057,0,26.3362721635838,26.6,166.3,191.3,0.7,1.4
2018-08-09 15:30:20.300,183.8,30.2101095138389,1.88834342531521,1.93377649396085,1.2536540307069,402.108635099012,411.783312793912,1.28381940982924,319.9,140.520360633827,23494.6425023664,1.1,331.9,43.7709316666667,-79.5149666666667,989.3,6.50298588133732,7.26084971742834,0,26.3379491806444,26.6,159.3,190.6,0.7,1.3
2018-08-09 15:30:21.300,184,30.2108784009843,1.88489268690377,1.93031326029356,1.42270731995322,401.327223556608,410.998149891554,1.45698813657176,344,140.544212206358,23530.3899937048,1.1,332,43.7709283333333,-79.514965,989.4,6.50731192675039,7.2630177009471,0.1,26.3400657888352,26.7,127.7,148.3,0.6,1.3
2018-08-09 15:30:22.300,184.3,30.2150919877722,1.88521102249311,1.93073114971506,1.41012200569876,401.292781446956,410.982477638978,1.4441418810054,351.2,140.537203811752,23576.7962792014,1.1,332.2,43.7709266666667,-79.5149616666667,989.2,6.50198276574707,7.26155726678492,0.1,26.3415079333509,26.7,122.2,138.9,0.5,1
2018-08-09 15:30:23.300,184.6,30.2241997243224,1.88717531791329,1.9330093063347,1.21084489696649,401.448329684964,411.198479086726,1.24024311911076,351.7,140.51706463584,23711.3940866536,1.1,332.2,43.7709233333333,-79.51496,989.3,6.49574642272697,7.2586091671172,0.1,26.3434491713076,26.7,94.4,108.9,0.7,1.7
2018-08-09 15:30:24.300,184.8,30.2336560233941,1.88491319005752,1.93058531098879,1.31327142048172,400.634562904068,410.342115811501,1.34508645841585,348.8,140.544831122861,23657.1885516407,1.1,332.3,43.7709216666667,-79.5149583333333,989.3,6.49610590430013,7.25851281117252,0,26.3452483469425,26.7,73.5,105.2,1.1,2.3
2018-08-09 15:30:25.300,185.2,30.2414393485288,1.88430922794082,1.93000763367987,1.08057847685382,400.263819176435,409.971123739277,1.10678198153221,343.9,140.500533787922,23677.9704524691,1.1,332.3,43.7709216666667,-79.5149566666667,989.3,6.49904183409102,7.25753847514599,0,26.3470455121807,26.7,80,107,1.3,2.7
2018-08-09 15:30:26.300,185.3,30.2491686135615,1.8867264294471,1.93239939739881,1.10686257640198,399.695606418989,409.371245202087,1.13365937720803,272.7,140.513837333927,23635.408655838,1.1,332.2,43.7709216666667,-79.5149566666667,989.4,6.50323071778842,7.26090269925568,0,26.3486703283783,26.7,73.2,98.5,1.6,3
2018-08-09 15:30:27.300,185.3,30.2537450147376,1.88793791856339,1.93369410517769,0.992828626859333,399.521583006046,409.204407504387,1.01689766665497,273.7,140.537620623657,23662.6330692002,1.1,332.3,43.7709216666667,-79.5149566666667,989.2,6.50196823663854,7.26357323686807,0,26.3505748273961,26.7,74.7,99.2,1.8,3.7
2018-08-09 15:30:28.300,185.3,30.2592719230725,1.88788811492465,1.93373497854032,1.22825088442087,399.155858071192,408.849263451221,1.25807363759047,313.5,140.506700212264,23708.9558284604,1.1,332.4,43.77092,-79.5149566666667,989.3,6.4987591576107,7.26442775483713,0,26.3523956158521,26.7,79.7,110.4,1.9,3.8
2018-08-09 15:30:29.300,185.3,30.2594980360955,1.88594943130638,1.93157970231782,1.30794953908674,398.898141872362,408.54945349789,1.33959928840547,348.5,140.53772843714,23623.2652302578,1.1,332.3,43.77092,-79.5149566666667,989.3,6.50134624273712,7.26331981534134,0,26.3541341634283,26.7,84.4,112.4,2,3.8
2018-08-09 15:30:30.300,185.5,30.2603246569766,1.88728647417486,1.93292801407061,1.18713268875636,399.073005808884,408.724075383863,1.21584165965388,275.1,140.521360567469,23612.6080886951,1.1,332.5,43.77092,-79.5149566666667,989.3,6.50045168840802,7.26164541031844,0,26.3560470609146,26.7,86.5,112.7,1.7,3
2018-08-09 15:30:31.300,185.7,30.2619328498815,1.88646780906635,1.93224776295415,1.25753600518753,398.837241617686,408.516154738633,1.28805571437754,262.5,140.510790874937,23692.8442182615,1.1,332.5,43.7709216666667,-79.5149566666667,989.3,6.49939452916112,7.26190167721462,0,26.3579399287288,26.7,82.3,109.6,1.5,2.8
2018-08-09 15:30:32.300,185.6,30.2600045369277,1.88490197825243,1.93067190159382,1.38460942841034,398.400833824646,408.074997419738,1.4182308234367,357.2,140.548189236411,23706.8370117595,1.1,332.5,43.7709216666667,-79.5149583333333,989.3,6.50223663940657,7.26205932259031,0,26.3594465269134,26.7,63.3,80.9,1.2,2.7
2018-08-09 15:30:33.300,185.4,30.2621619901212,1.88591301264354,1.93159505777078,1.32465825763789,398.587277787957,408.242071743069,1.3567483725894,2.3,140.503748945064,23649.6121307521,1.1,332.5,43.7709233333333,-79.5149583333333,989.3,6.5029316703764,7.26289097622318,0,26.3614065229412,26.7,41.1,62.3,1.4,2.4
2018-08-09 15:30:34.300,185.2,30.2619119737574,1.88754722323028,1.93326104650315,1.16883059502136,398.368408853868,408.016297403898,1.19713489796153,304,140.509686355021,23645.7969885587,1.1,332.5,43.770925,-79.51496,989.3,6.49920197228079,7.26532073026656,0,26.3631228732238,26.7,32.6,57,1.2,2.4
2018-08-09 15:30:35.300,184.9,30.2614457128452,1.88632419874082,1.93212942288189,1.20283373602486,398.527781320667,408.205187314617,1.23204156355978,358.7,140.524945930499,23707.1790092719,1.1,332.6,43.770925,-79.5149616666667,989.2,6.50074559921297,7.26546249007652,0,26.3645698626694,26.7,22.5,53,1,2.2
2018-08-09 15:30:36.300,184.6,30.2644842199644,1.8862398973384,1.93205192370287,1.37103983493601,398.759464842152,408.444458211957,1.40433940607058,7.3,140.494246941949,23711.820041944,1.1,332.8,43.770925,-79.5149633333333,989.2,6.50225966429589,7.26402900123317,0,26.3667153728453,26.7,8.3,22,0.8,1.5
2018-08-09 15:30:37.300,184.4,30.2663560086769,1.88677639492116,1.93253354788717,1.31087686906791,398.470505619106,408.133912569792,1.34267336516612,1.3,140.529725314245,23677.1873182323,1.1,332.8,43.770925,-79.514965,989.3,6.50087999038615,7.26403904976997,0.1,26.3685325175995,26.7,333.3,351.2,0.7,1.3
2018-08-09 15:30:38.300,184.4,30.2723500588272,1.88651893023264,1.93214083167977,1.16589229988358,398.915574473531,408.562467873275,1.19408599818523,1.7,140.516316259453,23611.8948660778,1.1,332.8,43.770925,-79.5149666666667,989.3,6.50125900556868,7.26101003886392,0,26.3704714451549,26.7,318.3,348.8,0.6,1.3
2018-08-09 15:30:39.300,184.3,30.2761753856877,1.8864117105154,1.93200295547264,1.26738030756872,398.50643668524,408.137615037842,1.29800346318265,11.2,140.510448241598,23597.7323030719,1.3,332.9,43.7709233333333,-79.5149666666667,989.3,6.50233830390126,7.26371150049594,0,26.3720750839974,26.7,318.5,340.7,0.7,1.3
2018-08-09 15:30:40.300,184.1,30.2733095812453,1.88616189596159,1.9316556365649,1.40808640631316,398.592020349375,408.205922050405,1.44204928695212,259,140.538242660956,23551.5597927902,1.1,332.6,43.7709233333333,-79.5149683333333,989.2,6.5027671770444,7.26580314114528,0,26.3739538502309,26.7,305.3,326.7,0.6,1.5
2018-08-09 15:30:41.300,184,30.2757657294736,1.88661357522002,1.93208337205044,1.30890766871902,399.805921056749,409.441756741073,1.3404547140203,10.2,140.520290456216,23534.1552479347,1.1,332.8,43.770925,-79.51497,989.2,6.50082894013218,7.262560997697,0.1,26.3757165868429,26.8,280.8,286.6,0.8,1.5
2018-08-09 15:30:42.300,183.9,30.2825259051672,1.88593828149164,1.93138807674101,1.30536388600389,400.111073129853,409.753538212975,1.336823162086,17.1,140.524912249214,23532.4582833626,1.1,332.9,43.770925,-79.5149716666667,989.3,6.50203729983527,7.26510029069944,0.1,26.3775862523289,26.8,223.9,250.8,0.7,1.5
2018-08-09 15:30:43.300,183.8,30.2898672663024,1.88629070980334,1.9319018732847,1.2334856845781,400.174531346075,409.850818342311,1.26330611270714,24.4,140.51493309101,23609.4036912597,1.1,332.8,43.7709266666667,-79.5149716666667,989.3,6.50158892854271,7.26413875571422,0.1,26.3793497361849,26.8,227.8,257.9,0.8,1.4
2018-08-09 15:30:44.300,183.6,30.2925083735954,1.88691886573228,1.93258219145315,1.16607555966625,400.064747833211,409.746148037027,1.19429081933073,16.6,140.516882397228,23627.8942758438,1.1,332.8,43.7709266666667,-79.5149733333333,989.2,6.50022880419216,7.26386334825747,0,26.3811335888826,26.8,227.9,253.9,0.6,1.3
2018-08-09 15:30:45.300,183.4,30.2894332999798,1.88630043751265,1.93196872701639,1.24982577967552,400.232942714595,409.922723003028,1.2800851229366,326.2,140.53614007454,23638.0103011122,1.3,332.8,43.77093,-79.514975,989.2,6.49957203293094,7.2639707465749,0,26.3826499406522,26.8,251.2,286.3,0.7,1.8
2018-08-09 15:30:46.300,183,30.290843819647,1.88679745166455,1.9327009406468,1.25497575448655,400.292030918944,410.030643845915,1.28550690804288,242.9,140.51814703234,23750.935911963,1.1,332.7,43.77093,-79.5149766666667,989.3,6.50133249006549,7.263339119573,0,26.3847799190446,26.8,252.7,258.8,0.9,1.7
2018-08-09 15:30:47.300,182.9,30.2941316277668,1.88751793648994,1.93351275688306,1.20517676309985,399.411485384614,409.144265316972,1.23454409319399,206.2,140.521237745705,23788.2075620002,1.1,332.8,43.7709316666667,-79.5149766666667,989.3,6.4994572375115,7.26584997156344,0.1,26.3864488120416,26.8,242.7,280,0.8,1.7
2018-08-09 15:30:48.300,182.8,30.297855127004,1.88727664776336,1.93326952372946,1.12424368022337,398.918650571674,408.640173575059,1.15164029891311,209.3,140.510136253114,23789.9608871119,1.1,332.8,43.7709316666667,-79.5149766666667,989.2,6.49897790765843,7.26721150938956,0.1,26.388023110056,26.8,274.8,297.8,1.1,2.4
2018-08-09 15:30:49.300,182.9,30.3042219634708,1.88608695374997,1.93218319013153,1.22100325140738,399.013154368432,408.765089688604,1.25085365528843,206.1,140.524591024118,23857.0475545659,1.1,332.6,43.7709316666667,-79.5149766666667,989.2,6.50356700803272,7.26514859704301,0.1,26.3899043747806,26.8,286.3,316.8,1.2,3.1
2018-08-09 15:30:50.300,183,30.3112916484108,1.8858765732067,1.93215116818399,1.30156467179664,399.015669778124,408.806635515194,1.33349913003302,205.4,140.539168340901,23950.0832278406,1.1,332.7,43.7709316666667,-79.5149766666667,989.3,6.50208231808431,7.26023158672237,0.1,26.3918433893012,26.8,293.6,331,2.7,6.2
2018-08-09 15:30:51.300,182.9,30.3190783540788,1.88578437170155,1.93209242632357,1.19205761112989,399.386220144617,409.193808329207,1.22133070371552,200.1,140.514508193303,23968.0416880326,1.1,332.7,43.7709316666667,-79.5149766666667,989.2,6.50188957193389,7.26216856162385,0.1,26.3936374529085,26.8,292.5,310.5,2,5.1
2018-08-09 15:30:52.300,182.8,30.3256611294053,1.88648934883719,1.93278461182136,1.25494117996938,400.129909370578,409.949282624494,1.28573871439767,203.1,140.538114002805,23952.6084324136,1.1,332.7,43.7709316666667,-79.5149766666667,989.2,6.50043820270131,7.26475680427952,0.1,26.3951875397397,26.8,265,278.7,2,3.9
2018-08-09 15:30:53.300,182.8,30.3328481714036,1.88503220017029,1.93126088234643,1.3317926413181,400.545696941523,410.368571647067,1.36445369018929,192.1,140.534326843256,23936.8219450899,1.1,332.7,43.7709316666667,-79.5149783333333,989.3,6.50253005290317,7.26552502414105,0,26.3970254584494,26.8,233,251.3,2,3.3
2018-08-09 15:30:54.300,182.7,30.3418685302099,1.88527394635981,1.93154882355913,1.26215254414185,401.373245253932,411.225070051069,1.29312968745061,139.6,140.522892226407,23957.1996326294,1.3,332.7,43.7709316666667,-79.5149783333333,989.2,6.50477115226255,7.2668968204324,0,26.3989775592935,26.8,217.1,246.2,1.2,1.8
2018-08-09 15:30:55.300,182.7,30.3470812831881,1.88646299988189,1.93284494939387,1.26113767699988,402.837397574264,412.741810701151,1.29214483743223,172.3,140.539459065086,23996.6978874255,1.3,332.7,43.7709316666667,-79.51498,989.4,6.50148054594484,7.26490666507641,0,26.4006319605199,26.8,255.3,294,0.9,1.9
2018-08-09 15:30:56.300,182.8,30.348749428078,1.88543115898199,1.93158389320679,1.31792373082081,403.276932577178,413.148542738943,1.35018571231761,289,140.50397431099,23893.6829666212,1.1,332.6,43.7709316666667,-79.51498,989.3,6.50021457597583,7.26367474681943,0,26.4022414750912,26.8,273.1,305.5,1,2.4
2018-08-09 15:30:57.300,182.9,30.3468772140996,1.88575542657678,1.93182544682359,1.20817036660754,403.194297463438,413.044517537936,1.23768081852478,335.6,140.518619048218,23847.8761057136,1.1,332.6,43.7709316666667,-79.5149816666667,989.3,6.50231873342096,7.26092966720747,0,26.4041529113346,26.8,266.9,289.1,2.4,5.6
2018-08-09 15:30:58.300,182.9,30.3474877407905,1.88633393389956,1.93237355925377,1.16048099051332,402.803432979571,412.634609537677,1.18879993928475,266.8,140.536095018904,23825.3466454768,1.3,332.3,43.7709333333333,-79.51498,989.3,6.50348324244644,7.26132579249111,0.1,26.4062565675157,26.8,269.6,292.3,2.2,3.9
2018-08-09 15:30:59.300,182.8,30.35485636971,1.88647036245147,1.93236785398668,1.24567898774598,402.351692823897,412.140830068963,1.27598682325163,322.1,140.491678338072,23752.0339880189,1.1,332.2,43.7709333333333,-79.51498,989.3,6.50301049806921,7.26724074735847,0.1,26.408057273942,26.8,265.4,272.6,1.8,3.5
2018-08-09 15:31:00.300,182.8,30.3575323952523,1.88584679931454,1.93166451327247,1.19663980401538,402.708091957157,412.492161469044,1.22571624657816,320.7,140.513141675387,23719.4537301472,1.1,332.3,43.7709333333333,-79.51498,989.3,6.50112898736595,7.26844621765566,0.1,26.4096027527689,26.8,220.9,250.1,2.1,3.7
2018-08-09 15:31:01.300,182.7,30.3614104307515,1.88710737505651,1.93285001154428,1.29939788078527,404.58282901439,414.389766184904,1.33089175238599,285.8,140.521920366624,23665.9322791451,1.1,332.2,43.7709333333333,-79.51498,989.3,6.4978681592256,7.26292260611662,0.1,26.4115321504528,26.8,220.9,250.4,1.7,3.7
2018-08-09 15:31:02.300,182.7,30.3692924068104,1.88761620526611,1.93329181360205,1.22164495050164,408.238241725905,418.116533056452,1.25121133290812,272,140.528260606956,23625.7713463899,1.1,332.2,43.7709333333333,-79.5149816666667,989.2,6.50017979794014,7.26033192084173,0.1,26.4131644841628,26.8,214.6,241.4,2.2,4.4
2018-08-09 15:31:03.300,182.7,30.3733906385596,1.88752156529778,1.93315318152409,1.16294739630273,412.050509718372,422.011963951027,1.19106189963619,212.5,140.548113929192,23604.7107850834,1.1,332.4,43.770935,-79.5149816666667,989.2,6.49958331216512,7.25947092801393,0.1,26.4150855128331,26.8,217.6,245.3,2.1,3.9
2018-08-09 15:31:04.300,182.7,30.3798447020428,1.88625753176454,1.93175420385489,1.07524019359841,414.240310260252,424.23177656764,1.10118671271838,180.9,140.508116519841,23551.940979365,1.1,332.6,43.770935,-79.5149816666667,989.3,6.5020385056494,7.26013897274369,0,26.4167456876361,26.8,218.1,234.4,1.9,3.8
2018-08-09 15:31:05.300,182.8,30.3840755914781,1.8862151908303,1.93159255104335,0.968689842113011,414.638507823407,424.613617317696,0.991992743501228,153.7,140.522241676918,23492.1558542165,1.1,332.6,43.770935,-79.5149816666667,989.3,6.50376532446174,7.26064841961887,0,26.4185009195037,26.8,163.5,179.2,1.8,4.2
2018-08-09 15:31:06.300,182.9,30.3847782448385,1.88647813963508,1.93197326959128,1.33521680117728,413.830116756055,423.810103841764,1.36743376734141,139.1,140.534707009534,23548.3788258117,1.1,332.6,43.7709366666667,-79.5149816666667,989.2,6.50550901707889,7.26101190755144,0,26.4200976543627,26.8,151.9,172.3,1.6,2.7
2018-08-09 15:31:07.300,183.1,30.389655349876,1.88516609275127,1.93071951848232,1.19228783463569,412.430718713039,422.396757541296,1.22110252866492,123.5,140.513859106261,23593.9949888812,1.1,332.6,43.7709366666667,-79.5149816666667,989.3,6.50677042688463,7.25933987664784,0,26.4220881941925,26.8,156.3,192.6,1.1,1.7
2018-08-09 15:31:08.300,183.2,30.3944278864584,1.88607289058004,1.93169277069702,1.0425249665068,411.357717091108,421.307615844016,1.06774625923983,156.8,140.52845987635,23616.6628850542,1.1,332.5,43.770935,-79.5149816666667,989.4,6.50241783354438,7.25910852821851,0,26.4237975329388,26.8,193.7,241.2,0.7,1.3
2018-08-09 15:31:09.300,183.3,30.4005907463169,1.88650421001405,1.9323615881983,1.11598377499495,410.774090787184,420.759343203588,1.14310621787715,170.5,140.503124741286,23731.5432454665,1.1,332.4,43.770935,-79.5149816666667,989.2,6.50274052694987,7.25795818150535,0.1,26.4255208605874,26.8,227,258.9,0.8,1.3
2018-08-09 15:31:10.300,183.3,30.4036844245694,1.88723944462693,1.93338259789425,0.969638073286679,409.530340281422,419.543434819214,0.993341941829048,155.5,140.502525739286,23866.7202710997,1.1,332.4,43.7709366666667,-79.5149816666667,989.3,6.50045965425447,7.25888279843972,0,26.4276561764543,26.9,255.7,269.8,0.8,2.2
2018-08-09 15:31:11.300,183.3,30.4014348963111,1.88632632517543,1.93258085254461,1.00738435105016,408.226040547554,418.23611517982,1.03208841524027,151,140.525610947674,23934.0555702851,1.3,332.6,43.7709366666667,-79.5149816666667,989.3,6.50233720231327,7.25999480684885,0,26.4297073800333,26.9,236.6,263.2,1.3,2.7
2018-08-09 15:31:12.300,183.4,30.4055675233709,1.88545322552581,1.93177046870365,1.24964912657746,407.600774865059,417.613737799981,1.28035131437951,78.9,140.508818109551,23976.6265561712,1.1,332.7,43.7709366666667,-79.5149816666667,989.3,6.5015870132991,7.25816989841672,0,26.4314941838934,26.9,238.3,266.9,2.4,5.6
2018-08-09 15:31:13.300,183.6,30.4091732543779,1.88586952656751,1.93235042692521,1.22358611287799,406.631225487019,416.65344559999,1.2537364608364,167.7,140.5238655545,24054.1499984729,1.1,332.5,43.7709366666667,-79.5149833333333,989.3,6.50000224153568,7.26189845079869,0,26.4330742692521,26.9,237.8,255.5,2.6,4.4
2018-08-09 15:31:14.300,183.7,30.408856083589,1.88485228039634,1.93150139443012,1.23142621457014,405.671331461689,415.711520238536,1.26190910757412,200.3,140.53200813362,24151.8634130824,1.1,332.5,43.7709383333333,-79.5149833333333,989.2,6.503979616834,7.26084426245938,0,26.434954647815,26.9,219.9,258.6,2,4.1
2018-08-09 15:31:15.300,183.8,30.4061790534687,1.88437263170716,1.93111653327099,1.27551707182752,405.142738158929,415.192755413353,1.30715766173259,71.2,140.532227455757,24205.7134201742,1.1,331.9,43.7709383333333,-79.5149833333333,989.3,6.50437674057461,7.2604641396206,0,26.4368370469148,26.9,244.7,273,2.7,5.4
2018-08-09 15:31:16.300,184,30.4062816424901,1.88547727986741,1.9323621180749,1.28300521879874,405.051506821603,415.123590034886,1.31491031134673,52.9,140.535834914522,24262.8449424163,1.1,332.1,43.7709383333333,-79.5149833333333,989.2,6.50121527843939,7.25857096929373,0,26.4386901460583,26.9,237.1,265.3,2.3,4.1
2018-08-09 15:31:17.300,184.1,30.41571136095,1.88400023517567,1.93071502149889,1.45610564987126,405.2602169857,415.30875658789,1.49219913035384,47.8,140.508505264342,24195.3818331863,1.3,332.4,43.7709383333333,-79.514985,989.3,6.50218321520938,7.25948820653497,0,26.4403324986913,26.9,238.6,261.2,2.1,4.1
2018-08-09 15:31:18.300,184.3,30.4203388727928,1.88406781514664,1.9308374634226,1.15887159916719,405.051573931582,415.106383316185,1.18760769183791,115,140.530048523361,24222.3710470609,1.3,332.4,43.7709383333333,-79.514985,989.3,6.50076421973146,7.26317045619564,0,26.4422465698734,26.9,221.1,250.7,2.1,4.1
2018-08-09 15:31:19.300,184.5,30.4206111323424,1.88520995276493,1.93187313910647,1.10144376052714,405.737939358839,415.780741040342,1.12868340930297,216.1,140.531114881336,24154.3499743787,1.3,332.4,43.7709383333333,-79.514985,989.3,6.50294469954576,7.26210170523923,0,26.4442711323424,26.9,225.8,257.6,1.4,2.6
2018-08-09 15:31:20.300,184.6,30.4272682149392,1.88397893497843,1.93049056749891,1.06177571718259,406.444144765292,416.478375527699,1.0879838714308,293.1,140.527610804818,24093.1256254422,1.3,332.5,43.7709366666667,-79.5149866666667,989.3,6.50413543838092,7.26095354523374,0,26.4461641991324,26.9,238.2,265.3,1.6,3.1
2018-08-09 15:31:21.300,184.7,30.4346417011092,1.88574175328671,1.93237744926042,1.19873337848,407.586780654249,417.666674245046,1.22838210862878,329.2,140.529388312449,24133.7394556282,1.3,332.5,43.7709366666667,-79.5149866666667,989.2,6.49993588658593,7.2619511431183,0,26.4477355677896,26.9,228.2,248,1.5,3
2018-08-09 15:31:22.300,184.7,30.4399906590278,1.88527328476357,1.93176722259077,1.28788346940912,409.199195072423,419.290740011535,1.31964991085117,337.5,140.504449639466,24068.1318008413,1.1,332.6,43.7709366666667,-79.5149866666667,989.4,6.50237012980166,7.25745778166634,0,26.449562419791,26.9,217.3,244.6,1.5,3
2018-08-09 15:31:23.300,184.6,30.444840753848,1.88521632164521,1.93169067340707,1.14005707295877,409.918683924008,420.024044226089,1.16815955028742,345.8,140.534740202178,24058.9128654018,1.1,332.6,43.7709366666667,-79.514985,989.3,6.50221965318586,7.2587689850518,0,26.4511685929864,26.9,214.8,246.7,1.9,4.1
2018-08-09 15:31:24.300,184.6,30.4529998437261,1.88704508232804,1.93344168950007,1.12481262785581,411.409159329719,421.524360591751,1.15246620397432,311.3,140.525335797411,23996.8118332578,1.1,332.6,43.7709366666667,-79.514985,989.4,6.50157641465901,7.26060529808088,0,26.4533471774776,26.9,229.8,257.8,2.2,4.5
2018-08-09 15:31:25.300,184.6,30.4638558157582,1.88650872655049,1.93266360604853,1.20880802180198,412.302327148827,422.389545217726,1.2383797138036,231.1,140.517315347337,23881.2595160866,1.1,332.7,43.7709366666667,-79.514985,989.3,6.50633555474397,7.26221905102045,0,26.4551362017509,26.9,225.2,251.2,2.8,5.2
2018-08-09 15:31:26.300,184.6,30.4743300346388,1.88665207678536,1.93269476775087,1.10067213965691,412.246241689206,422.306779140595,1.12753514592815,278.8,140.54607935306,23822.765465761,1.1,332.6,43.7709366666667,-79.514985,989.3,6.50373373615103,7.25833064580619,0,26.4569304888098,26.9,221.2,246.7,2.2,3.7
2018-08-09 15:31:27.300,184.6,30.4863532844078,1.88606684572269,1.93199702870484,1.19374854530375,411.378456863438,421.396545174275,1.22281523235064,314.7,140.51307771464,23773.4548139544,1.1,332.7,43.7709383333333,-79.514985,989.3,6.50538338182677,7.25958381561776,0,26.4585031366399,26.9,220.9,258.4,1.7,3.8
2018-08-09 15:31:28.300,184.4,30.4942660632596,1.88552122962911,1.93134503132683,1.31431514440539,410.270210534997,420.241143783561,1.34625782850952,356.6,140.534817800714,23726.6976274159,1.3,332,43.77094,-79.514985,989.3,6.50301529955945,7.26006583203116,0,26.4603817175866,26.9,238.1,266.6,2.7,5.9
2018-08-09 15:31:29.300,184.2,30.4941287518373,1.88618344965403,1.93212068806675,1.26946361781284,408.916134788776,418.875131749022,1.3003798769089,305.4,140.537808477616,23775.7218937464,1.1,332.3,43.77094,-79.514985,989.4,6.50200311538857,7.25865176639066,0.1,26.4622223360934,26.9,245.5,280.1,3,5.1
2018-08-09 15:31:30.300,184.1,30.497141986838,1.88561253094382,1.93133726365177,1.06468898350226,406.955107169013,416.823524591781,1.09052126681742,313.1,140.488463268929,23675.1706417591,1.1,332.8,43.77094,-79.514985,989.3,6.50473013796305,7.26295375114298,1.2,26.4640779706897,26.9,262.7,299.6,2.2,4.6
2018-08-09 15:31:31.300,184.2,30.4960134235971,1.88580376354256,1.93141566006654,0.911608453121804,406.058270102055,415.879615723192,0.933657061013935,314.1,140.531493600261,23615.8608394389,1.1,335.2,43.7709416666667,-79.514985,989.3,6.50599462045378,7.26474723376294,2.2,26.4659771611455,26.9,286.7,304.9,2.1,6.9
2018-08-09 15:31:32.300,184.3,30.4967418152031,1.88651735676073,1.93225322040307,1.09598820330144,405.675872394767,415.510929229335,1.12256395995679,330.3,140.522782035052,23669.8211250195,1.1,342.1,43.7709433333333,-79.5149866666667,989.2,6.50491567076568,7.25867967237377,3.7,26.4675485549162,26.8,267.5,293.1,3.1,6.7
2018-08-09 15:31:33.300,184.5,30.501459648591,1.88724986908236,1.93281864675723,1.43559876845676,405.077707194721,414.858566771459,1.47024849969805,352.7,140.518593673515,23576.3728003268,1.1,346.9,43.77096,-79.5149916666667,989.3,6.49931019320016,7.26006941047299,5.5,26.4685933128438,26.8,248.3,274.3,2.9,5.8
2018-08-09 15:31:34.300,184.6,30.5095035020209,1.88831570649459,1.93373537841248,1.44398687075776,405.529872871106,415.284048576366,1.47872112382369,10.9,140.543625032073,23488.0329803704,1.1,5.8,43.77098,-79.5149883333333,989.3,6.49991541276155,7.2618639204522,7,26.4705860432329,26.8,210.3,225.5,2.2,1.8
2018-08-09 15:31:35.300,184.8,30.5192906076291,1.88806451446907,1.93334174368204,1.43796596150374,405.449719938172,415.1727477283,1.47244809773919,21.8,140.487886784288,23419.2611918938,1.1,17.1,43.7710033333333,-79.51498,989.2,6.50172066573488,7.26307745611169,8.3,26.472704211708,26.8,192.2,184.2,3,2.1
2018-08-09 15:31:36.300,184.9,30.5229579513154,1.88988725149684,1.9350302347634,1.34134078483037,404.912288087009,414.584355379495,1.37338470829194,30.6,140.528615769958,23329.4423080203,1.1,23.7,43.7710216666667,-79.5149633333333,989.3,6.49863736261337,7.25759344986765,9,26.4742241429921,26.8,196.5,142,3.1,1.7
2018-08-09 15:31:37.300,184.5,30.5286526132818,1.88959037286368,1.93443053163614,1.38770718078305,404.855936482464,414.463315586472,1.42063185733713,35.5,140.545821114072,23180.1935470413,1.1,29.5,43.771045,-79.5149466666667,989.3,6.50159230078265,7.25805093587249,9.8,26.4762647315308,26.8,203.6,125.9,2.9,0.9
2018-08-09 15:31:38.300,184.1,30.5407275307062,1.89100219518829,1.93556514740312,1.29564580857595,404.924587139395,414.467030201943,1.32618653759245,37.7,140.494989549613,23023.3212721322,1.1,29.2,43.7710683333333,-79.5149283333333,989.3,6.50266106160463,7.26050753038314,10.3,26.4782993867482,26.9,211.6,58.4,2.6,0.8
2018-08-09 15:31:39.300,183.7,30.5473264319057,1.88807201938594,1.93237787334017,1.27103576097291,404.493657553822,413.985656757878,1.30086232421786,40.2,140.527198321436,22928.3222980403,1.1,36.4,43.7710916666667,-79.514905,989.3,6.50820715728524,7.25733102544191,10.9,26.480312342964,26.9,205.8,54.7,2.6,1.4
2018-08-09 15:31:40.300,183.7,30.5611198204826,1.88852105069235,1.93292195796811,1.43873575762847,403.740313020917,413.232532756469,1.47256570342347,40.8,140.505937124673,22970.7026756607,1.1,38.7,43.7711166666667,-79.51488,989.3,6.50692250188936,7.26208854372389,11.2,26.4821519735552,26.9,200,45.5,2.4,2.4
2018-08-09 15:31:41.300,183.8,30.5702472920606,1.89121869561135,1.93561428917432,1.45959613664925,403.60882929779,413.083364863687,1.49386100755616,40.4,140.510679118236,22936.1066751491,1.1,34.6,43.7711416666667,-79.5148566666667,989.2,6.49821410444784,7.26105335347744,11.4,26.4840467068096,26.9,187.8,34.6,1.9,4.1
2018-08-09 15:31:42.300,183.6,30.5763390923607,1.89018415720049,1.93423589681946,1.4140234352637,403.322753745296,412.722374221726,1.44698039428504,41.3,140.53701291839,22774.5991962924,1.1,34.7,43.771165,-79.5148283333333,989.2,6.50212938931711,7.25926331327045,12,26.4853451363145,26.9,209.5,23.2,2.3,1.4
2018-08-09 15:31:43.300,183.6,30.5832533550254,1.89108373745902,1.9348698761229,1.51179426794703,403.480257878323,412.822374626906,1.54679391778901,42.9,140.497376920369,22629.8741971354,1.1,34.8,43.77119,-79.5148016666667,989.2,6.50493630699075,7.25898739429764,12.5,26.4871770013719,26.9,208.1,57.5,2.9,2.3
2018-08-09 15:31:44.300,183.6,30.5851598668107,1.8908121017724,1.93443131967503,1.47093612543957,403.340014654977,412.64463868307,1.50487109510318,44.6,140.535107937332,22548.7679175934,1.1,40.4,43.7712133333333,-79.51477,989.3,6.50439156207535,7.26060709001183,12.7,26.4890045764332,26.8,194.4,44,3,3.5
2018-08-09 15:31:45.300,183.8,30.5861876433338,1.89011118046017,1.93361240520843,1.31325491437606,402.956034480147,412.230188013245,1.34348168319791,45.3,140.526010190463,22497.4251585567,1.1,44.6,43.771235,-79.5147366666667,989.4,6.50579073554946,7.26193530453318,12.7,26.4914640067129,26.8,197.3,37.6,2.5,3.6
2018-08-09 15:31:46.300,184.1,30.5927341966265,1.89061112895344,1.93395218635641,1.27983600440923,402.6375993603,411.867901550101,1.30917550598614,43.7,140.508750364967,22410.7469577755,1.1,36,43.77126,-79.51471,989.3,6.50304770073168,7.2590912299737,12.4,26.4926306524284,26.8,212.9,48,2.7,1.6
2018-08-09 15:31:47.300,184.2,30.5969605548714,1.89095780310955,1.93433601819285,1.4409576989498,402.515348747094,411.749051087327,1.47401589981828,42.3,140.541808062597,22425.6302217087,1.1,38.2,43.7712866666667,-79.5146833333333,989.3,6.50135708591617,7.2638777895612,12.4,26.4944909625443,26.8,212.2,21.6,2.5,2.7
2018-08-09 15:31:48.300,184.5,30.5993519553903,1.89208164289522,1.93553362797441,1.41617670385469,402.372491629067,411.613116156575,1.44869980615816,40,140.533181938178,22449.8291303832,1.1,40.2,43.7713133333333,-79.514655,989.3,6.49940183315509,7.26237167725211,12.4,26.4962146269797,26.8,206.1,21.8,2,2.9
2018-08-09 15:31:49.300,184.8,30.6016506365859,1.89073225899052,1.93394638926145,1.22187194794175,402.152468986709,411.343967616775,1.2498051275059,37.3,140.509217328846,22344.9049722624,1.1,28.8,43.77134,-79.5146283333333,989.3,6.49808556808921,7.26049048604211,12,26.4977271656455,26.8,217.1,9.8,2.4,1.7
2018-08-09 15:31:50.300,185.1,30.601049742634,1.88927636021463,1.93236694051485,1.29251688686758,401.639373540721,410.799784986486,1.3219956376439,34.9,140.538529726278,22299.0234069144,1.1,34.7,43.7713666666667,-79.5146066666667,989.2,6.5049393578591,7.26035995918766,11.8,26.5002795830469,26.8,220.6,11.8,2.9,1.3
2018-08-09 15:31:51.300,185,30.6050619846486,1.88922100160123,1.9323665492967,1.24539606118678,401.495022503213,410.664232042307,1.27383689120629,34.2,140.489055281503,22327.816440559,1.1,34.2,43.7713933333333,-79.514585,989.2,6.5035678508209,7.26001755441626,11.6,26.501581991039,26.8,210.1,346.1,2.6,1.4
2018-08-09 15:31:52.300,185,30.6081660743538,1.89002272375092,1.93310970433432,1.27596561448414,400.977079672322,410.11811896559,1.30505315064888,36.2,140.51174793872,22288.7884508068,1.1,31.4,43.7714166666667,-79.5145583333333,989.2,6.5015930509339,7.26192792652097,11.6,26.5036497013898,26.8,223.2,4.3,2,2.4
2018-08-09 15:31:53.300,185,30.613745118367,1.89240794037,1.93531132019762,1.22316776198946,400.692547734574,409.776698040319,1.25090004639063,40.1,140.530081787299,22168.4807640956,1.1,38,43.7714383333333,-79.5145316666667,989.3,6.50214841128782,7.26198070854485,11.4,26.5055709004436,26.8,205.1,11.7,2.4,2.2
2018-08-09 15:31:54.300,184.9,30.6212804165789,1.8909457275495,1.93399747843549,1.32023642465682,400.860099824608,409.986567708591,1.35029871753765,44.1,140.493694547801,22260.3564338536,1.1,39.4,43.77146,-79.5145016666667,989.2,6.5042287156782,7.25906848341446,11.6,26.5073990704517,26.8,194.5,30.2,1.8,4.4
2018-08-09 15:31:55.300,184.8,30.6229581249894,1.89188037509645,1.93480678133509,1.34844146830193,400.64169373275,409.732159354488,1.37903737453207,46.6,140.536831253373,22186.4453056623,1.1,45.3,43.77148,-79.5144683333333,989.1,6.50119424977773,7.26135328144255,11.8,26.5089181250667,26.8,151.4,26.1,1.4,6.5
2018-08-09 15:31:56.300,184.7,30.6280630235145,1.88885219769455,1.93167715315663,1.33509667886156,400.703646511601,409.788573473281,1.36536653119823,47.4,140.525122866274,22169.7996100631,1.1,46.2,43.7714983333333,-79.5144383333333,989.3,6.50672428582063,7.25717832112856,11.8,26.5108386280235,26.8,155.9,42.2,2.2,5
2018-08-09 15:31:57.300,184.5,30.6355973798723,1.89076002950625,1.93360564688875,1.46236828264086,400.471268250847,409.546180111756,1.4955053190491,47.8,140.517836027608,22158.3459268525,1.1,44.5,43.7715183333333,-79.51441,989.2,6.5020475864355,7.26571326960594,11.6,26.5124229325182,26.8,193.3,48.6,2.6,3.5
2018-08-09 15:31:58.300,184.6,30.6398443773285,1.89182743832535,1.93478511609877,1.39555931824112,401.045432152353,410.151889623305,1.42724651562213,48.9,140.535457115456,22202.598827463,1.1,50,43.7715383333333,-79.51438,989.2,6.50365712292748,7.25936922073943,12,26.5147443654786,26.8,183.9,29.7,1.7,5
2018-08-09 15:31:59.300,184.5,30.6480340165788,1.88953890007758,1.93238227225587,1.35871316862175,401.695329574064,410.80322249829,1.38952061388601,50,140.495200923416,22170.9406037629,1.1,48.3,43.771555,-79.5143466666667,989.2,6.50461010730072,7.25516526294299,11.8,26.5163756846888,26.8,167.6,29.5,1.5,5.5
2018-08-09 15:32:00.300,184.3,30.6436226902864,1.89282688502021,1.93561439717534,1.08914600818811,402.098804544868,411.188202275431,1.11376944888449,50.8,140.526573258725,22105.2756713126,1.1,51.8,43.7715733333334,-79.5143133333333,989.2,6.49732998199742,7.25921120432121,12.2,26.5181034684302,26.8,191,31.7,1.9,5.5
2018-08-09 15:32:01.300,184.2,30.6437746224557,1.89182242577499,1.93455267078386,1.40485203604592,401.092194771213,410.151657071063,1.43658296370343,53.1,140.53330272781,22088.1738871298,1.1,48,43.77159,-79.5142766666667,989.2,6.5063402734284,7.26227367261407,12.4,26.519654963432,26.8,164.8,27.2,1.9,6.5
2018-08-09 15:32:02.300,184.3,30.6495107776695,1.89091365497418,1.93382722234499,1.57737876771836,400.777619631675,409.873230566569,1.61317904006157,53.4,140.499091636153,22191.2430633024,1.1,47.6,43.7716083333333,-79.5142366666667,989.2,6.50338945086478,7.2625296172029,12.5,26.5218286034016,26.8,178,35.4,1.8,5.3
2018-08-09 15:32:03.300,184.5,30.6500510670632,1.89069925824401,1.93348197591756,1.25427916774582,400.200086736902,409.255788219027,1.28266857087298,54.6,140.53458106698,22127.2923640063,1.1,58.4,43.7716266666667,-79.5141983333333,989.1,6.49922965246923,7.26413580029325,12.7,26.5237487143358,26.8,167,29.5,1.8,5.9
2018-08-09 15:32:04.300,184.2,30.650818982663,1.89002039434068,1.93288366441759,1.47402095894366,400.474470277339,409.556710198023,1.50745358639885,55,140.52298316568,22175.8297595864,1.1,58.4,43.7716416666667,-79.514165,989.1,6.50287180859617,7.2618108030333,12.5,26.5257803700528,26.8,181.9,30.2,1.5,5.1
2018-08-09 15:32:05.300,183.8,30.6539907756717,1.89025697697218,1.93304210781177,1.30124199733295,401.131933307545,410.211322394148,1.33069726121647,55.7,140.516980013222,22133.4658605191,1.1,58.4,43.7716583333333,-79.5141316666667,989.1,6.50500729974641,7.25988954115268,12.5,26.5273449900836,26.8,195.1,15.3,1.2,5.8
2018-08-09 15:32:06.300,183.4,30.6578920491203,1.89043596485724,1.93312004879482,1.12787444670856,401.812235207849,410.884787778234,1.15334127066932,56.4,140.536247037683,22080.4342981398,1.1,55.1,43.7716733333333,-79.5140966666667,989.1,6.50474101437084,7.25678162878147,12.5,26.5290178333002,26.8,169.9,11.5,0.8,6.3
2018-08-09 15:32:07.300,183.5,30.6634854718971,1.89233793439521,1.93524252844898,1.21732503333039,403.042116519458,412.18015915057,1.24492709927307,57.4,140.519158306332,22169.9025310182,1.1,59.5,43.7716916666667,-79.5140583333333,989.1,6.50078378182341,7.25459565804255,12.9,26.5313187265741,26.8,140.9,11.4,0.6,7
2018-08-09 15:32:08.300,183.6,30.6673168617681,1.89041658305914,1.93344300929434,1.24976321845925,403.8847833194,413.077231554925,1.27820764727678,59.6,140.539426527819,22253.7057566279,1.1,57.4,43.7717066666667,-79.5140166666667,989,6.5038167056319,7.26278464676099,13.5,26.5328992218978,26.8,158.3,22,1,6.4
2018-08-09 15:32:09.300,183.3,30.6687024978556,1.89045174376052,1.9334670213227,1.3109487547136,404.678947293886,413.887160773729,1.34077847135112,59.9,140.522135055755,22248.0342698402,1.1,56.2,43.7717233333333,-79.5139766666667,989.1,6.5022556483393,7.26474258678161,13.7,26.5352512446389,26.7,184.4,14.5,1.1,6.4
2018-08-09 15:32:10.300,183.2,30.6791765283779,1.88988047899054,1.93299491524333,1.36434540073876,405.162259172069,414.405625552112,1.39547153768899,58.4,140.507614436695,22304.9173812675,1.1,59.1,43.7717433333333,-79.5139366666667,989,6.50556830180481,7.25973559144409,13.5,26.5366885563305,26.7,185.8,8.6,0.7,6.5
2018-08-09 15:32:11.300,183.5,30.6872827234318,1.89044072239566,1.93340522572594,1.54759446044203,406.016407568834,415.243984680704,1.58276429814626,59.5,140.517863231653,22222.1523661822,1.1,62,43.7717616666667,-79.5138966666667,989,6.50501958044483,7.26365369259135,13.1,26.5387706098792,26.7,174.3,18.2,0.9,6.8
2018-08-09 15:32:12.300,183.5,30.6898940202959,1.88949134892183,1.93248167019032,1.56955271179728,406.332107805487,415.577197268488,1.60526460964083,56.6,140.517525369979,22246.3343780108,1.1,60.5,43.7717783333333,-79.51386,989,6.50022543509536,7.26701317217746,12.2,26.5403473809725,26.7,174.6,17.4,1,6.2
2018-08-09 15:32:13.300,184.1,30.6904804024875,1.88823161963656,1.93134570561307,1.47458651643509,407.211433391917,416.50929724202,1.50825521129819,44.9,140.525840986222,22323.2577612369,1.1,48.3,43.7718016666667,-79.5138333333333,989.1,6.50418978581016,7.2677988992741,10.5,26.5422332841687,26.7,199.6,0.4,0.7,5.4
2018-08-09 15:32:14.300,184.8,30.6830029572702,1.89064366307572,1.93376017160047,1.25719265935686,409.708492181178,419.051951968589,1.2858643067394,15,140.523349265231,22296.7875552908,1.1,23.8,43.7718283333333,-79.5138283333333,989,6.50309066318328,7.25644609434444,8.1,26.5441166842629,26.7,246,349,0.7,4.2
2018-08-09 15:32:15.300,185.7,30.6750261151886,1.88929097691551,1.93241719056092,1.72599514592682,411.107383913387,420.491507639877,1.76539591323922,327.4,140.515284572432,22316.992126824,1.1,356.7,43.7718516666667,-79.51385,989.1,6.50411428734931,7.25609454243582,7.7,26.5462494948758,26.7,292.3,334.2,1,5.4
2018-08-09 15:32:16.300,186.2,30.6663208483782,1.89087962818097,1.93400230995737,2.06179739955178,410.340267839098,419.698344868139,2.10881710522859,292.5,140.55213666163,22297.2493598351,1.1,333,43.77186,-79.5138883333333,989,6.50545773629609,7.26050237366752,9.2,26.5487093353791,26.7,268.5,335.9,1.9,7.6
2018-08-09 15:32:17.300,186.3,30.6568009428012,1.89287354839541,1.9360331637246,2.09410995538204,408.941067184842,418.265424831533,2.14185846347854,271.3,140.536267830194,22292.9515761089,1.1,314.2,43.77186,-79.5139333333333,989,6.50772283051061,7.26711931125165,10.9,26.5500484778678,26.7,240.7,336.1,2.3,8.8
2018-08-09 15:32:18.300,186.2,30.6541079016969,1.89149771061077,1.93466980506042,1.95797240087485,408.999952816902,418.335217203036,2.00266135349289,258.8,140.494901291251,22315.2505373389,1.1,277.1,43.7718483333333,-79.5139766666667,989,6.50792047006141,7.25298435217703,11.8,26.5524436197029,26.7,227.1,339.9,2.8,11
2018-08-09 15:32:19.300,185.9,30.6517105698054,1.89085256845743,1.93410396759337,1.56325634084833,408.01340394141,417.346327624905,1.5990125077288,250.6,140.543453956322,22362.6827815871,1.1,269.8,43.7718333333333,-79.5140216666667,988.9,6.50907585984491,7.2572937132137,12.7,26.5539772589808,26.7,228.9,346.1,3.5,13.3
2018-08-09 15:32:20.300,185.8,30.6519205619065,1.89130803964908,1.93462955485211,1.83364441348829,407.291746327685,416.621209560478,1.87564649545424,245.6,140.481297445964,22392.9957297179,1.1,262.1,43.7718183333333,-79.5140683333333,989.1,6.50282396692613,7.25999159656772,13.7,26.5556339807814,26.6,225.7,346.5,4,14.2
2018-08-09 15:32:21.300,185.7,30.6442367917637,1.89066180896527,1.9340089005733,1.96240259334298,405.956914920393,415.264304990759,2.0073943649095,243.2,140.552222159246,22413.2298902153,1.1,264.8,43.7718033333333,-79.5141166666667,989,6.50050697286277,7.25880990418934,14.4,26.5561727863566,26.5,219.7,352,3,12.4
2018-08-09 15:32:22.300,185.1,30.6416941531798,1.89269958108152,1.93596635487176,1.54485871422671,406.603332181743,415.89831203285,1.58017736509861,240.9,140.509728180116,22349.1234944839,1.1,261.1,43.771785,-79.514165,988.9,6.50065231522097,7.25752780834254,15,26.559246044668,26.4,219,350.2,2.8,13.4
2018-08-09 15:32:23.300,185,30.6489243545977,1.89030464735024,1.933518437534,1.55470939946139,406.374176069056,415.664391917704,1.59025172101869,239.4,140.4855108281,22350.1951329764,1.1,242.4,43.7717633333333,-79.5142066666667,989,6.5075706788786,7.26278401889958,15.3,26.5596989452974,26.3,235.1,358.8,3.1,14.9
2018-08-09 15:32:24.300,185.7,30.6468158661105,1.89167576366778,1.93504063062986,1.34071901977756,405.393745549277,414.686905906374,1.37145150318085,238.1,140.554088243049,22410.1832164186,1.1,239.7,43.7717416666667,-79.5142483333333,988.9,6.49837721174629,7.26602988835325,15.3,26.5625990386494,26.3,240.4,357.6,3,13.2
2018-08-09 15:32:25.300,186.1,30.6520199431749,1.89301025241281,1.93629007257272,1.36636810103806,406.388266493337,415.679518052447,1.39760645739149,236.1,140.486358285272,22351.9609054882,1.1,241.8,43.7717183333333,-79.5142916666667,988.9,6.5005648388204,7.26206669931505,15.5,26.5641366424899,26.3,239.2,359.7,2.8,13.7
2018-08-09 15:32:26.300,186.5,30.6546767122474,1.88912380347596,1.93222717441171,1.61966717788494,406.60323259659,415.880556092477,1.6566225445714,235,140.520661440324,22307.84620173,1.1,241.4,43.7716966666667,-79.5143333333333,988.9,6.50902347303922,7.26160287351854,15.3,26.5663661356748,26.3,236.6,0.8,3.7,16.1
2018-08-09 15:32:27.300,186.4,30.6614581764612,1.8889508132206,1.93201093797312,1.72671557599337,406.136540053091,415.394752411882,1.76607646673016,233.8,140.556112754758,22287.6392388134,1.1,243.4,43.7716716666667,-79.5143766666667,988.9,6.50932193552744,7.26364226592604,15.7,26.5681787629563,26.2,234,358.9,4.2,16.5
2018-08-09 15:32:28.300,186.6,30.6737798807005,1.89187314393137,1.934718696987,1.65854619328084,407.4949461041,416.723461065372,1.69610730653644,232.7,140.482752723372,22145.4261878344,1.1,241.4,43.7716433333333,-79.5144183333333,988.9,6.51105983081398,7.25867265192025,15.7,26.5702429876051,26.1,234.6,0.3,3.1,14.5
2018-08-09 15:32:29.300,186.9,30.6738650384625,1.89038783171561,1.9332647530508,1.59381496114204,409.14633985197,418.426222624008,1.62996420287159,233.2,140.559317467197,22178.121409942,1.1,243.1,43.77162,-79.5144616666667,988.8,6.50458726380009,7.26191085666996,15.9,26.5713880333798,26.1,227.6,356.7,3.3,14.8
2018-08-09 15:32:30.300,187,30.675735952496,1.88974103002222,1.93278897628424,1.69914919387201,409.214193929106,418.536020864544,1.73785655388511,233.4,140.513460852703,22272.4472899066,1.1,246.6,43.7715966666667,-79.5145083333333,988.8,6.50854009479059,7.26665962792982,15.9,26.5740868247717,26.1,229.9,356.3,3.2,14.2
2018-08-09 15:32:31.300,186.6,30.6810400349264,1.89205609180835,1.9348293936795,1.58439764683875,409.988631808607,419.257109912566,1.62021733507209,231.5,140.508794927235,22106.7713738322,1.1,248.5,43.77157,-79.514555,988.9,6.50379733322326,7.26377416839968,16.1,26.5759929230766,26.2,221.2,357.8,3.3,14.5
2018-08-09 15:32:32.300,186.3,30.6857886954224,1.88981119267212,1.93272369576944,1.54670411955109,409.422181398778,418.719050962315,1.5818256661606,230.9,140.546684470066,22203.1771993282,1.1,247.2,43.7715433333333,-79.5145983333333,988.9,6.50252480129097,7.25783600651007,16.1,26.578182732811,26.2,236.1,0.6,3.2,14.5
2018-08-09 15:32:33.300,186,30.6943438657224,1.89262680427082,1.93551982199155,1.51269351094976,410.413058879827,419.714307550772,1.54697673719451,230,140.489329136093,22160.8311308261,1.1,250,43.7715166666667,-79.5146433333333,988.8,6.49945352871878,7.25879777005088,16.1,26.5802875870768,26.2,231.2,359.3,2.9,14
2018-08-09 15:32:34.300,186,30.6898955985302,1.89289467857226,1.93586098289914,1.3490110785015,411.823012340388,421.170929443574,1.37963119012725,228.9,140.561748190073,22194.8566654482,1.1,246.1,43.7714883333333,-79.5146833333333,988.9,6.50162642256435,7.2632241947212,16.1,26.5824503571678,26.2,224.1,359.7,2.4,13
2018-08-09 15:32:35.300,185.7,30.6901826473584,1.89081970685265,1.93360182760261,1.25490165741728,414.563948723635,423.943976975703,1.28329638621195,228.7,140.522307141486,22125.5379974205,1.1,241.2,43.7714633333333,-79.5147283333333,988.9,6.50592960823671,7.26365490119206,16.2,26.5822885185695,26.2,210.9,353.1,1.9,12.1
2018-08-09 15:32:36.300,185.2,30.6979673325588,1.89006771229727,1.93277032768292,1.53509175828336,417.554271587805,426.988070388266,1.56977372223054,227.7,140.477059840772,22093.8661542563,1.1,241.2,43.7714366666667,-79.5147716666667,988.9,6.50555135465255,7.25847933074175,16.4,26.5830900898988,26.2,170.3,350.7,1.4,10.7
2018-08-09 15:32:37.300,184.5,30.6945628355363,1.89046308282799,1.93313108813161,1.37944555018167,417.252913540676,426.670329289144,1.41057977331404,228.1,140.556648511698,22071.9344428624,1.1,241,43.7714083333333,-79.5148183333333,988.8,6.50551437698886,7.26019894330986,16.6,26.5855030314415,26.2,195.2,353.8,1.1,11.7
2018-08-09 15:32:38.300,184.5,30.6980708998234,1.89172215657942,1.93452083721302,1.33130177599462,417.571090423819,427.01829315834,1.36142193171786,227.1,140.492007323274,22123.6711462506,1.1,242.5,43.7713816666667,-79.51486,988.9,6.50351748921713,7.25422215093389,15.9,26.5885428142559,26.2,198.3,351.7,1.8,11.6
2018-08-09 15:32:39.300,184.9,30.7008064708753,1.89318752303209,1.93605448120904,1.54038063877627,417.377140021099,426.827762679317,1.57525978047802,226.2,140.500653508816,22141.3698536049,1.1,238.2,43.771355,-79.5148966666667,988.9,6.5000544641153,7.24979403875165,15.3,26.5916925493545,26.2,200.2,350.7,2.4,12.8
2018-08-09 15:32:40.300,185.1,30.7001926451225,1.89095109987322,1.93363704421789,1.50420976939122,417.510942669088,426.935782425716,1.53816571207337,223.8,140.533543227615,22075.4860043757,1.1,237.1,43.7713316666667,-79.51493,989,6.50925375051714,7.25901905213295,14.4,26.5920999355011,26.2,219.7,0.4,2.2,12.3
2018-08-09 15:32:41.300,185.3,30.7038214016945,1.89251078081208,1.93510810756617,1.29136934732048,418.359849734147,427.776468194333,1.32043723094436,221.9,140.482043436527,22013.0769510147,1.1,231.2,43.771305,-79.5149583333333,988.8,6.49859392127413,7.25556628833752,13.5,26.5928776801406,26.2,223.2,358.6,2,11
2018-08-09 15:32:42.300,186,30.7002,1.89038,1.93312,1.075102,417.6918,427.1354,1.099409,221.2,140.5202,22109.18,1.1,230.9,43.77128,-79.51498,989,6.506013,7.253802,11.6,26.59446,26.2,199.5,351.2,1.1,8.6
2018-08-09 15:32:43.300,186.4,30.7089,1.888875,1.931737,1.40053,417.499,426.9729,1.432311,222.4,140.5056,22188.48,1.1,233.9,43.7712633333333,-79.515005,988.9,6.506354,7.26,10.1,26.59676,26.2,166.5,344.7,1,7.3
2018-08-09 15:32:44.300,186.6,30.71188,1.887741,1.930458,1.21447,418.7157,428.1907,1.241952,227.3,140.5275,22127.85,1.1,240.1,43.77125,-79.51503,988.9,6.50946,7.258419,9.2,26.5986,26.3,204.2,356,0.7,6.3
2018-08-09 15:32:45.300,186.5,30.71466,1.891589,1.934366,1.562822,417.7357,427.1827,1.598165,234.7,140.514,22114.49,1.1,249.7,43.77124,-79.515055,989,6.509065,7.257212,8.1,26.60016,26.3,181.2,346.6,0.7,5.7
2018-08-09 15:32:46.300,186.4,30.7185331406253,1.89204899194566,1.9349085591772,1.13780949485613,417.114375684109,426.563022072751,1.16358384201836,244.8,140.524869458633,22150.4726916917,1.1,259.3,43.7712383333333,-79.515075,989,6.50426536973985,7.25995013371521,6.8,26.6030343142607,26.3,154.3,340.8,0.7,4.5
2018-08-09 15:32:47.300,186.3,30.72063,1.893567,1.936589,1.450086,415.1704,424.603,1.483032,256.4,140.5609,22215.18,1.1,270.5,43.77124,-79.5150933333333,989,6.501315,7.262616,5.5,26.60394,26.4,175.6,330.9,1.1,4.5
2018-08-09 15:32:48.300,186.2,30.7245431870311,1.89258048420446,1.93543572994116,1.35324772364942,414.850583960352,424.244569411835,1.38389096521867,267.5,140.500285155185,22142.807680765,1.1,273.8,43.7712433333333,-79.5151066666667,989,6.50104862820814,7.26149995745233,4.6,26.6060477176416,26.5,194.5,323.5,0.8,4
2018-08-09 15:32:49.300,185.8,30.72917,1.892295,1.935229,1.217499,413.1553,422.5294,1.245123,274.2,140.5436,22185.65,1.1,277.4,43.7712433333333,-79.515115,989,6.501278,7.264595,3.7,26.6078,26.5,206.4,315.7,0.8,2.9
2018-08-09 15:32:50.300,185.4,30.7360522761813,1.89149892715834,1.93430229064443,1.35890231387391,412.383749821779,421.715615374295,1.3896533503461,282.1,140.511375822695,22128.353395158,1.1,280.6,43.771245,-79.5151233333333,989.1,6.50097811458421,7.26112489078887,2.4,26.6099281309089,26.6,172.5,291.6,1,1.9
2018-08-09 15:32:51.300,185.5,30.7492467093693,1.89269869337402,1.93557783815078,1.2495621081426,412.423739637435,421.767269319805,1.27787065262838,290.9,140.482465639659,22153.0918478845,1.1,281.5,43.7712433333333,-79.5151216666667,989,6.5028907475741,7.26101794592437,1.1,26.6111734819126,26.6,142.6,241.1,1.2,1.6
2018-08-09 15:32:52.300,186.5,30.7561910512636,1.89184931661616,1.93482280217675,1.18124203203923,411.928608626404,421.285419973879,1.20807346540776,290.8,140.560593438881,22210.1964479713,1.1,283.3,43.771235,-79.5151166666667,989,6.49934828149071,7.25599759656116,0.5,26.613500843485,26.7,151.2,251.3,1.1,1.7
2018-08-09 15:32:53.300,187.5,30.7629766734034,1.89175061615523,1.93462618492705,1.1516794029326,412.879340613081,422.237160764859,1.17778364201258,294,140.506402227151,22162.3350031857,1.1,285,43.7712283333333,-79.5151116666667,989.1,6.50460744473818,7.25928234485511,0.1,26.6148568901828,26.7,186.1,282.9,1,2.1
2018-08-09 15:32:54.300,188.2,30.7759746167476,1.8895560947128,1.9326221547871,1.36202252947028,413.795855867294,423.226916741826,1.39306495004769,295,140.46839929123,22283.6917742174,1.1,289.1,43.771225,-79.5151066666667,989.1,6.5067156178334,7.2542608168621,0.1,26.6170824326951,26.7,205.5,279.7,0.9,1.8
2018-08-09 15:32:55.300,188.6,30.775869536408,1.89019483616531,1.93311666718476,1.47957097982797,411.64199106286,420.989334931792,1.51316934279077,307.3,140.550158334933,22203.3913990426,1.1,293.3,43.771225,-79.515105,989.1,6.50116105864176,7.25701648650373,0.1,26.6185404349522,26.8,213.3,293,0.7,1.3
2018-08-09 15:32:56.300,188.8,30.7767567194076,1.89102549789571,1.93404640476573,1.68056953518165,410.804422239337,420.150242988664,1.71880272330519,303.4,140.495685339093,22243.9150232466,1.1,292.7,43.771225,-79.515105,989,6.5043125485591,7.25376160260946,0.1,26.62100420588,26.8,224.4,288.2,0.7,1.6
2018-08-09 15:32:57.300,189,30.7765941416172,1.89127131252772,1.93422251991384,1.26753392658918,409.473629300261,418.772920113689,1.29632022446448,313.1,140.555130352545,22206.0410576357,1.1,290.3,43.771225,-79.5151033333333,989,6.50529893836062,7.25858841143155,0,26.6224522005149,26.8,226.9,300.3,1.1,2.1
2018-08-09 15:32:58.300,189.3,30.7757818825519,1.89165255684741,1.93450896632902,1.34821867773517,408.970632661401,418.236113973589,1.37876281376255,301.7,140.532352215483,22153.6739438987,1.1,289.4,43.771225,-79.5151033333333,989.1,6.4994350388462,7.25037432021858,0,26.62462399176,26.8,240.4,318,0.9,1.9
2018-08-09 15:32:59.300,189.3,30.7849056547262,1.8903968697191,1.93333987297677,1.23588332510526,407.100673812874,416.348568080028,1.26395808546711,260.8,140.476465863537,22211.780280159,1.1,290.1,43.771225,-79.5151033333333,989.1,6.50615475830064,7.26292465403622,0.5,26.6259038566885,26.8,226,303.8,1,2.4
2018-08-09 15:33:00.300,189.2,30.7861796822963,1.89297998943947,1.93598861174258,0.965897888279033,407.444609221432,416.701866117189,0.987842713806278,278.3,140.547804497018,22215.4945734987,1.1,297.8,43.7712266666667,-79.5151033333333,989.1,6.50480400427816,7.25518355475735,1.1,26.6284736449709,26.8,244.6,315.3,1,2.2
2018-08-09 15:33:01.300,189.1,30.7932063110034,1.89106924772663,1.93398716500076,1.17240215985805,406.712326968593,415.942760028877,1.19900992585381,304,140.479365653133,22191.7418993531,1.1,311.3,43.7712266666667,-79.5151033333333,989,6.50366241478661,7.25790402980467,1.4,26.6299076307997,26.8,272.5,313.1,1,2.2
2018-08-09 15:33:02.300,189.3,30.7961460523562,1.89215162101412,1.93530140595281,1.24254584002774,406.19329430678,415.456244558519,1.27088394687724,327.8,140.50862880155,22295.8694090257,1.1,329.3,43.7712266666667,-79.5151033333333,989.1,6.50433832505202,7.26014962950606,1.8,26.6314725321667,26.8,267.7,312,0.5,1.6
2018-08-09 15:33:03.300,189.4,30.8035208957909,1.89208133810973,1.93541705807229,1.44899083099754,405.103477257203,414.38175898767,1.48217840896549,343.8,140.53690195179,22390.6455703251,1.1,340.6,43.7712266666667,-79.5151033333333,989.1,6.5042622405603,7.26606967437395,2.7,26.6333417728595,26.8,257.2,322.5,0.4,2
2018-08-09 15:33:04.300,189.5,30.8176401103157,1.89315230651385,1.93646363652135,1.17309727351796,406.97367693127,416.284542977943,1.19993696730527,347.7,140.476751106921,22366.4663041971,1.1,338.7,43.771235,-79.5151066666667,989.1,6.49797276110607,7.25860946942751,3.8,26.6354264905872,26.8,274.5,333.3,0.8,2.9
2018-08-09 15:33:05.300,190,30.8227577977576,1.89114235815597,1.93470477102824,1.30995810255009,408.542433690334,417.953112411828,1.3401323059588,343.7,140.525246453582,22516.1726006218,1.1,335.7,43.7712483333333,-79.515115,989.1,6.5043617760435,7.26011008406229,4.8,26.6370271585048,26.8,283.2,331.6,1.4,4.9
2018-08-09 15:33:06.300,190.5,30.8296792156412,1.89306916541545,1.93664072192313,1.5543075178141,408.557540608138,417.961158347831,1.59008322161344,339.7,140.520185377014,22498.8656065333,1.1,338.3,43.7712633333333,-79.5151233333333,989,6.50277974626541,7.25974385275912,5,26.6390230547761,26.8,288.6,0.4,0.6,3.3
2018-08-09 15:33:07.300,191,30.8411291898305,1.89258274913424,1.93609489702245,1.41231432158598,409.995583375586,419.42174209568,1.44478449044535,342.8,140.495156810806,22474.0820457975,1.1,346.7,43.77128,-79.5151316666667,989.2,6.49980405579448,7.25789499713227,5.5,26.6411030210718,26.8,64.5,13.3,0.4,3.5
2018-08-09 15:33:08.300,190.8,30.8412546426889,1.89221021173196,1.93595104874331,1.39654742654678,415.2866169848,424.886467421965,1.4288298988054,340.7,140.541756846928,22593.7499822736,1.1,348.2,43.7712933333333,-79.5151416666667,989.2,6.50303369411261,7.25920290985228,5.7,26.6427387308071,26.8,15.2,0.4,0.7,3
2018-08-09 15:33:09.300,190.6,30.8454662109525,1.89095590169508,1.93490603597139,1.34825614518771,420.920886010012,430.703977559961,1.37959262327599,345.6,140.534202077784,22714.2489837854,1.1,3,43.7713133333333,-79.5151533333333,989.1,6.50633256505445,7.260576620557,6.1,26.6437303160607,26.8,313,8.6,0.2,3.3
2018-08-09 15:33:10.300,190.9,30.8495163715785,1.89155683399003,1.93553006005877,1.33121634094334,432.159871055328,442.206190540557,1.36216281907853,343.9,140.51952815143,22718.6186536983,1.1,2.9,43.7713333333333,-79.5151666666667,989,6.50746024684775,7.25844811885859,6.6,26.6465293306935,26.9,332,345.3,0.7,4
2018-08-09 15:33:11.300,190.8,30.8508969168335,1.89373000081134,1.93779595253535,1.14925164498717,448.76456108968,459.207242103716,1.17599566486438,340.8,140.524276430042,22740.1381540945,1.1,354.8,43.7713516666667,-79.5151783333333,989.2,6.50203029614458,7.25861065030525,7.2,26.6485017768756,26.9,289.7,349.6,0.7,4.4
2018-08-09 15:33:12.300,191,30.854845683424,1.89395609331743,1.93831827172918,1.28808721521789,460.762355849977,471.554828711359,1.31826309373554,337.8,140.490067662665,22886.9811124303,1.1,348.3,43.7713766666667,-79.5151916666667,989.1,6.50469888859592,7.25780704865261,7,26.6500655927224,26.9,284.3,334.3,1.1,4.5
2018-08-09 15:33:13.300,191.2,30.8515683010102,1.89537036556193,1.93998092417462,1.64125210653573,462.707931180599,473.598540513325,1.67988929867215,340.2,140.556424408985,22995.4285320047,1.1,343.1,43.7714,-79.5152,989.2,6.50124042790082,7.2654521567595,7.4,26.6516261165947,26.8,269.9,354.7,0.8,4.8
2018-08-09 15:33:14.300,191.1,30.8529254651115,1.89723198964652,1.94216943528835,1.90063689662653,465.051579448577,476.066715993345,1.94564510605311,343.5,140.519543447407,23137.8986210628,1.1,346,43.7714233333333,-79.515205,989.2,6.49531023530554,7.26455693827033,8.1,26.653897821443,26.8,337.8,352.9,0.8,5.6
2018-08-09 15:33:15.300,191.1,30.8556475280188,1.89576050181006,1.9408709337314,1.52263228322375,463.982697021836,475.023387940824,1.55885855962139,341.8,140.506055313532,23242.2063083931,1.1,346.2,43.7714433333333,-79.5152116666667,989.2,6.50170208029335,7.25645807057946,8.5,26.655943449049,26.8,283.2,345.3,0.7,5.4
2018-08-09 15:33:16.300,191,30.8557865429022,1.89322458705058,1.93816933819922,1.82050496091495,458.989891295303,469.886195780212,1.86371333134398,339,140.533669288892,23189.3981948462,1.1,343.1,43.7714633333333,-79.5152216666667,989.2,6.50796771327328,7.25856594929619,8.5,26.6571978643564,26.8,277.4,340.9,1,5.8
2018-08-09 15:33:17.300,191,30.8588591538742,1.88839735804419,1.93335518360649,1.02496027755376,453.058957218679,463.845152237577,1.04936167624018,340.4,140.505566599077,23253.8270103475,1.1,341.4,43.7714833333333,-79.51523,989.2,6.50990437475058,7.25397455265971,8.1,26.6588273472334,26.8,268.1,336.2,0.8,5.5
2018-08-09 15:33:18.300,191,30.8626769914421,1.8917795606034,1.93679939300527,1.11814186632421,447.868324979315,458.526321868369,1.14475644127064,339.2,140.531571617255,23244.3532482628,1.1,354,43.7715033333333,-79.51524,989.2,6.50307203464614,7.25435407745705,7.9,26.6605192280487,26.8,249.7,334.6,1.1,4.3
2018-08-09 15:33:19.300,190.7,30.8698651037713,1.89277812714921,1.93808992966346,1.37582370803409,443.20323274309,453.813315165203,1.40876066580717,325.9,140.526530150699,23379.8568827973,1.1,346.9,43.7715216666667,-79.515255,989.2,6.50166866243459,7.25897008835787,7.9,26.6623646732255,26.8,246.2,339.8,0.8,4.7
2018-08-09 15:33:20.300,190.5,30.8746664148622,1.8931794677982,1.93866754950463,1.39309462826831,439.531515137458,450.092206394704,1.42656567081503,309.6,140.501433196331,23463.6821793452,1.1,326.2,43.7715316666667,-79.5152783333333,989.2,6.50284175252121,7.26203470661288,8.1,26.664659542312,26.8,258,340,0.9,5.8
2018-08-09 15:33:21.300,190.2,30.8696818015635,1.89342763127886,1.93918406628367,1.34038527113195,435.655582881795,446.183542054502,1.37277767683874,297.1,140.5188862322,23595.7674400542,1.1,310.1,43.77154,-79.515305,989.1,6.5038201933583,7.26290386195077,8.3,26.6670099523894,26.8,245.6,344,1.1,5.5
2018-08-09 15:33:22.300,189.8,30.8636431859942,1.89127557882269,1.93713683704066,1.34691886080833,431.407570737668,441.868810967088,1.37958194683522,284.4,140.512751979293,23674.8023588505,1.1,295.8,43.7715433333333,-79.5153333333333,989.2,6.50025938965713,7.26272180608127,7.9,26.669172848883,26.8,241.5,346.3,1,6.3
2018-08-09 15:33:23.300,189.3,30.8600889851155,1.8893872191275,1.93511280939839,1.17623258827382,428.323919721603,438.689932386557,1.20469860148167,277,140.530866722555,23629.4562341617,1.1,282.4,43.7715466666667,-79.5153616666667,989.1,6.50468918640426,7.25820755924732,7.4,26.6709139714856,26.8,249.5,351.4,1.2,5.8
2018-08-09 15:33:24.300,189.1,30.8617872495896,1.89073807462224,1.93656738394323,1.16192910362748,424.317893128523,434.603016767731,1.19009101567844,277.6,140.514327981076,23665.4335237781,1.1,276.1,43.77155,-79.5153816666667,989.1,6.50212294753305,7.26168467677055,6.1,26.6723153189509,26.8,269.7,355.9,0.9,5
2018-08-09 15:33:25.300,189.3,30.8651729059557,1.89044938317877,1.93615460265886,1.297671035921,420.605527786502,430.774368946974,1.32904590171878,279.7,140.495324683554,23606.1813439039,1.1,283.5,43.7715566666667,-79.5153966666667,989.1,6.50410728236443,7.26093680305812,5.3,26.6742549099484,26.8,257,351.9,0.7,4.2
2018-08-09 15:33:26.300,188.9,30.8699658296713,1.88971884979842,1.93548770630076,1.42341754516999,417.583804022041,427.697649761517,1.45789257656769,279.6,140.546008295637,23647.1466141219,1.1,288.8,43.7715583333333,-79.51541,989.2,6.50809642818351,7.25972959193746,4.6,26.6757870627923,26.8,271.1,347.2,0.6,4
2018-08-09 15:33:27.300,188.6,30.8801054550925,1.89262638092372,1.93838655927486,1.44339853144276,415.929970475403,425.986350203099,1.47829830615315,273.7,140.513636234391,23607.2631517978,1.1,285.1,43.7715616666667,-79.5154266666667,989.1,6.50007396186249,7.26024721776741,4.4,26.6777295110576,26.8,266.8,350.3,0.9,4.5
2018-08-09 15:33:28.300,188.3,30.8871858733053,1.89305747653378,1.9386537842821,1.32673914457625,415.960553800236,425.979257689683,1.35870040198464,264.2,140.54036210665,23519.4304902243,1.1,272.7,43.7715616666667,-79.5154433333333,989.1,6.50145380881843,7.25823797090558,4.6,26.6802399484149,26.8,261.1,357.4,0.8,4.4
2018-08-09 15:33:29.300,187.9,30.8908190491237,1.8902889353714,1.93560398475233,1.15649287074281,417.806359485317,427.822320634613,1.18421725109334,266.6,140.544428316854,23411.3722372138,1.1,273.6,43.7715633333333,-79.5154566666667,989.1,6.50929952959495,7.25813947679707,3.8,26.6816568846679,26.8,271,350.9,1.3,4.8
2018-08-09 15:33:30.300,187.6,30.8908887457689,1.89137743004362,1.93681740889893,1.16002464426596,421.044954413262,431.160317269319,1.18789349895315,277.5,140.507236535456,23460.8302570911,1.1,278.6,43.7715666666667,-79.51546,989.2,6.50438387305645,7.2553077922034,2,26.6834717022246,26.7,268,351,0.8,2.8
2018-08-09 15:33:31.300,188.2,30.8946768614375,1.89241850796376,1.93775639939161,1.14575739282902,421.661593399234,431.763628557104,1.17320712734393,284.9,140.546168809956,23396.9764773771,1.1,280.7,43.7715716666667,-79.5154566666667,989.1,6.50005210164896,7.25793095041736,1.1,26.6851171023629,26.7,236.9,339.4,0.4,1.7
2018-08-09 15:33:32.300,188.7,30.9060682766206,1.89296300387745,1.93827781456857,1.13236916898554,420.524359750545,430.591114791014,1.15947988941799,286,140.511121914068,23379.026035419,1.1,281.8,43.771575,-79.5154533333333,989.1,6.50199865886282,7.2581550237503,0.7,26.6869935588371,26.8,254.1,339.5,0.6,2.1
2018-08-09 15:33:33.300,188.5,30.9172615061112,1.89169936757548,1.93706798202179,1.2865593957256,419.047850370858,429.09778891642,1.31741723803483,281.5,140.495974710374,23421.0945109786,1.1,282.9,43.771575,-79.5154516666667,989.1,6.50061922284268,7.26339624045314,0.5,26.6886922894166,26.8,256.8,342.2,1,2.2
2018-08-09 15:33:34.300,187.7,30.9183184294591,1.89292165507446,1.93812743307736,1.13096275066763,417.937985714003,427.918914239499,1.1579564289509,275.5,140.542044046891,23324.3438590457,1.1,281.7,43.77157,-79.515455,989.2,6.50115160089329,7.26128065148718,0.3,26.69039064974,26.8,260.8,342,1,2.3
2018-08-09 15:33:35.300,186.6,30.9198278753195,1.89532991717491,1.94026691552075,1.37456436668881,418.516977781327,428.439744952599,1.40715335350005,268.7,140.499745793024,23160.259552488,1.3,282.8,43.7715666666667,-79.515455,989.2,6.50231051081875,7.26289112637914,0.3,26.6918893104313,26.8,263.4,343.5,1.1,2.5
2018-08-09 15:33:36.300,185.8,30.9182755165876,1.89564747841031,1.94076846735194,1.394837407623,419.067485703339,429.042317625426,1.4280344226294,261.6,140.528787314368,23249.1594513238,1.3,283.9,43.7715633333333,-79.5154533333333,989.2,6.49769660921466,7.26123654165449,0.3,26.6938340958392,26.8,266.6,341,1.2,2.7
2018-08-09 15:33:37.300,185.5,30.9211698472766,1.89375818103489,1.9387081766726,1.46746954778684,417.69367351276,427.608048976415,1.50229857290249,257.9,140.529702072303,23185.7824752292,1.3,283.6,43.7715616666667,-79.5154516666667,989.2,6.50138424096216,7.26085885492581,0.1,26.6959406106768,26.8,266.2,341.4,1.2,2.5
2018-08-09 15:33:38.300,185.2,30.9283708751589,1.89276412709311,1.93778143708887,1.19760371060856,415.571316950218,425.455162393818,1.22608637372261,252.9,140.496466061673,23231.262604517,1.1,283.6,43.7715583333333,-79.5154533333333,989.1,6.50845154130525,7.26559500370136,0.1,26.6979658297844,26.8,267.4,347.7,1.1,2.2
2018-08-09 15:33:39.300,184.8,30.9265466925644,1.89360543059175,1.9386072751683,1.02917165146613,414.69931976866,424.554720381108,1.05363580406585,247.4,140.548429899459,23213.4135975283,1.1,282.8,43.7715583333333,-79.515455,989,6.51088367090129,7.26289187592887,0.1,26.6996110429613,26.8,269.7,346.7,1,1.9
2018-08-09 15:33:40.300,184.7,30.9329691237512,1.89135189258086,1.93601574241693,0.989067325402701,413.362949192575,423.124435746905,1.01241968270463,233.6,140.505128007627,23070.0393982491,1.1,284,43.7715566666667,-79.5154516666667,989.1,6.51026518607765,7.26358422317983,0.1,26.701299703698,26.8,269.6,340.6,1,2.1
2018-08-09 15:33:41.300,184.7,30.936597416235,1.89371929849021,1.93835982326596,1.28700880709503,412.12221173287,421.837168080314,1.31734811454278,237.1,140.498707385341,23030.137930574,1.1,284.3,43.7715566666667,-79.5154516666667,989.1,6.50070049574852,7.25932078291854,0.1,26.702896238787,26.8,267.9,343.4,1,1.8
2018-08-09 15:33:42.300,184.7,30.9398126570552,1.89364244853114,1.93834047323511,1.30708371941255,410.05087616556,419.729872487534,1.33793334943145,240.2,140.530301071137,23060.0003591259,1.1,283.4,43.7715583333333,-79.515455,989.1,6.50254370187115,7.26007630658056,0.1,26.7047263820845,26.8,272.3,344.1,0.8,1.8
2018-08-09 15:33:43.300,184.6,30.951184556061,1.89363980318701,1.93836166430418,1.18104657177876,407.733579630201,417.362877757868,1.20893344632316,225.8,140.484466304246,23071.6514111027,1.3,283.6,43.7715583333333,-79.5154583333333,989.1,6.50314516364994,7.26387062282315,0.1,26.7068937996511,26.8,269.9,343.5,0.9,1.8
2018-08-09 15:33:44.300,184.2,30.9577749565645,1.89307255890567,1.93768562379735,1.30502514897573,406.400774142341,415.978053162848,1.33577668215016,220.2,140.521325454282,23023.6829266488,1.3,282.8,43.77156,-79.5154616666667,989.1,6.49971082457515,7.2633921337766,0,26.7084395384318,26.8,273.7,348.4,0.9,1.6
2018-08-09 15:33:45.300,184,30.9647661261685,1.89218067292352,1.93689762327885,1.3066666869781,405.294682146641,414.872825788334,1.33753765032911,217.3,140.517520785191,23086.8506807686,1.3,283.1,43.77156,-79.515465,989.1,6.50251346507161,7.26028038299705,0,26.7104545896272,26.8,269.7,348.8,0.9,1.7
2018-08-09 15:33:46.300,183.7,30.9715102477872,1.89291990506091,1.93742079943257,1.51920779074339,404.453941436335,413.962437677024,1.55492393715255,231.2,140.494954768206,22969.3496913285,1.3,283.3,43.77156,-79.515465,989.1,6.50393730364561,7.26327999334852,0.1,26.7120949097362,26.8,269.9,350.2,0.8,1.6
2018-08-09 15:33:47.300,183.4,30.9735443819451,1.89254626840702,1.93708290367083,1.56849380992715,403.632362820212,413.130997364597,1.60540301882948,252.5,140.534488875222,22991.7471953208,1.1,284.5,43.7715583333333,-79.515465,989.1,6.5023781173445,7.26370870361129,0.7,26.7141706520379,26.8,271.2,346.5,0.9,1.8
2018-08-09 15:33:48.300,183.4,30.9800518404398,1.89386376862553,1.9385073230788,1.38218729915699,403.447005099572,412.957326582773,1.41477351604154,258.9,140.487188381185,23029.8209571167,1.1,294.1,43.7715583333333,-79.5154666666667,989.1,6.49934530023213,7.25699368420281,1.6,26.7157211684789,26.8,288.5,351.6,1.1,3.4
2018-08-09 15:33:49.300,183.5,30.9820802319572,1.89327927495144,1.93775531900923,1.19354208428607,403.305615266633,412.77998072268,1.22157380769544,274.3,140.509418018212,22952.643224722,1.1,302.1,43.77156,-79.5154666666667,989,6.50057938552448,7.258176471491,2.4,26.7172162039096,26.8,295.5,341.4,1.9,4.3
2018-08-09 15:33:50.300,183.6,30.9867346068236,1.89373216680701,1.93807419760241,1.29466424425594,403.235071606761,412.676849747174,1.32497599171212,282.5,140.515697407446,22879.3576106606,1.1,304.1,43.7715616666667,-79.5154716666667,989,6.50327130210101,7.25834959169968,3.5,26.7196957195479,26.8,293.6,345.4,1.7,5.3
2018-08-09 15:33:51.300,183.8,30.9917642737081,1.89500508419716,1.93942058805315,1.11260952647192,402.980143392892,412.42516629806,1.13868738961785,287.1,140.489164865281,22901.2162765154,1.1,306,43.771565,-79.5154933333333,989,6.49979901859711,7.25744798232599,5,26.7214863351732,26.8,297,346.7,1.9,5.8
2018-08-09 15:33:52.300,184,30.9951544429998,1.8942482203069,1.93858820529782,1.14108254351988,404.000980149591,413.457655174237,1.1677922845723,286.6,140.51710202026,22872.237096341,1.1,305.3,43.7715733333334,-79.5155183333333,989,6.49805783655756,7.26049753258991,6.2,26.7229187281222,26.8,303,347.5,1.8,6.1
2018-08-09 15:33:53.300,184.2,31.0018657878245,1.89304355194369,1.93738065064121,1.34210664188916,405.892847410591,415.399242382919,1.3735421383997,286.2,140.509367895802,22884.9436245044,1.1,300.6,43.7715816666667,-79.5155516666667,989.1,6.50584546441506,7.25966261046664,7.4,26.7243696350382,26.8,264.7,349.7,1.7,6.8
2018-08-09 15:33:54.300,184.2,31.009102969077,1.89228278607338,1.93670499305003,1.36591223392263,405.963433316166,415.493532089917,1.39797425652492,287.2,140.520708993105,22936.8108326631,1.1,300.9,43.7715916666667,-79.5155866666667,989,6.50266191264004,7.26167281400665,8.3,26.7264446723027,26.7,263.5,350.3,1.5,7
2018-08-09 15:33:55.300,184.4,31.0122276985259,1.89166843160961,1.93606333708096,1.26355671016931,406.43282107079,415.971199839217,1.29320210328924,290.5,140.528925944187,22930.3938288163,1.1,302.8,43.7716033333333,-79.515625,989,6.49992236260697,7.26001855670769,9,26.7282592086602,26.6,263.9,351.6,1.4,7.3
2018-08-09 15:33:56.300,183.8,31.0150367647893,1.8911622066764,1.93537897919622,1.4382847915644,407.06680534432,416.584238280212,1.47191224537472,293.1,140.526608855792,22846.3493631484,1.1,305.8,43.7716133333333,-79.515665,989.1,6.5049525641983,7.25868344064943,10.1,26.7303218903908,26.6,256.2,347.5,1.4,7.6
2018-08-09 15:33:57.300,183.3,31.0186843166313,1.89147880656385,1.93574965715147,1.33864416853801,407.508625392434,417.046546250993,1.36997372599913,294.8,140.540537369532,22870.1736438086,1.1,306.8,43.771625,-79.515705,989.1,6.50630856143321,7.26164785442299,10.9,26.7322149215132,26.5,273.4,356.9,1.8,9.1
2018-08-09 15:33:58.300,182.7,31.0251045860446,1.89187877154385,1.93617280048031,1.22339101007285,407.493112923129,417.033750745801,1.25203587477051,294.9,140.517370858266,22877.3407645843,1.1,314.1,43.7716416666667,-79.5157483333333,989.1,6.50592580951146,7.25918299687728,11.8,26.7341034830748,26.5,284.2,354.8,2.4,11.1
2018-08-09 15:33:59.300,182,31.0314812157303,1.89193301644986,1.93607824588296,1.22872046677355,407.099227558386,416.59826179052,1.25738949739827,293.9,140.518943601468,22801.4288802136,1.1,309.4,43.7716566666667,-79.5157916666667,989,6.50450683136459,7.25798538071517,12.2,26.7355218235853,26.4,276.4,349.5,2.5,11
2018-08-09 15:34:00.300,181.5,31.0384038792372,1.89071899266445,1.93482610932055,1.29887231825666,406.186917180906,415.662432633278,1.32917161526687,296.8,140.510910103888,22796.3343965266,1.2,307.3,43.771675,-79.5158316666667,989,6.51078296694148,7.25968057717407,12.4,26.7376164348632,26.4,266.5,346.5,2.3,10.6
2018-08-09 15:34:01.300,181.9,31.0421123440992,1.89312933284052,1.93743194235945,1.27261005833764,406.447157030111,415.958759454384,1.30239299449887,300.6,140.512957168577,22866.7084603243,1.2,311.7,43.7716916666667,-79.51587,989.1,6.50512702805292,7.25971671445093,12.4,26.7393794383789,26.4,251.7,339.2,2.5,10.8
2018-08-09 15:34:02.300,181.3,31.0456064627139,1.89313067659776,1.93742722892853,1.34617804275815,407.590357353552,417.127322140621,1.37767390563783,303.9,140.544283279042,22863.4186264413,1.2,315.1,43.7717133333333,-79.5159083333333,989,6.50214268708158,7.25932901261623,11.8,26.7407838352188,26.4,250.9,343.9,2.2,9.3
2018-08-09 15:34:03.300,181.2,31.0494234017616,1.89487264286024,1.93901948754467,1.38028057638838,407.749476416712,417.249186610411,1.41243812454573,307.5,140.509129599234,22767.4974149973,1.2,319.9,43.7717316666667,-79.5159383333333,989,6.50233150906109,7.25770008042818,11.4,26.7422081567415,26.4,268.2,346.3,1.6,8.9
2018-08-09 15:34:04.300,181.9,31.056427866519,1.89587958055405,1.94000738750469,1.2709804709664,407.948640986637,417.443900931318,1.3005636278245,310.7,140.515219004911,22746.1436619052,1.2,323.8,43.7717533333333,-79.51597,989.2,6.50182070576937,7.25488064534181,11.2,26.7449644952653,26.4,260.9,344,1.7,8.9
2018-08-09 15:34:05.300,181.1,31.0606376282626,1.8931864080882,1.93724521107396,1.15949008551044,407.899429361699,417.392245647902,1.18647394631981,311.7,140.528936056646,22743.0128316165,1.2,323.1,43.7717766666667,-79.5160033333333,989.1,6.50211051931284,7.25428316081693,11.1,26.7467510537079,26.4,267.1,349.5,1.5,8.3
2018-08-09 15:34:06.300,180.7,31.0636983157932,1.89339951099363,1.93741995270002,1.1540671062489,407.390492577793,416.862192259481,1.18090206291892,314.6,140.503291996528,22721.283213014,1.2,329.5,43.7717983333333,-79.5160333333333,989.3,6.50332087610742,7.2548651885297,10.7,26.7481194101342,26.4,265.6,343.4,1.3,8.1
2018-08-09 15:34:07.300,180.6,31.0651430103772,1.8911378787047,1.93493893140295,1.13642369793564,406.018920679804,415.422890964164,1.16273745482531,320.4,140.548840856164,22637.0849585086,1.2,327.6,43.7718216666667,-79.516055,989,6.50584790650733,7.25922516873183,10.5,26.7495589247608,26.3,264.7,347.6,1.5,8
2018-08-09 15:34:08.300,180.9,31.0719603302133,1.8928791002258,1.93664268873542,1.22356643914551,405.688127853778,415.067711344745,1.25185094662361,320.4,140.525561061658,22597.7089659965,1.2,326.8,43.7718383333333,-79.516075,989.2,6.50392023839835,7.25494400564542,10.5,26.7521558327333,26.3,285.6,350.2,1,7.4
2018-08-09 15:34:09.300,181.8,31.0801820057965,1.89456971568149,1.93847838186511,1.19028806202502,404.96007596295,414.345570098129,1.21787550069698,320.1,140.511026525215,22651.3185417684,1.2,326.4,43.771855,-79.516095,989.1,6.50505086668106,7.25122481565188,9.8,26.7543355056415,26.3,248,347.5,0.9,6.1
2018-08-09 15:34:10.300,182.2,31.0819936574605,1.892472472245,1.93619692392264,1.26393233122565,403.741859482929,413.070114539267,1.29314943043936,319.5,140.542666761149,22582.7089629651,1.2,325.5,43.77187,-79.5161183333333,989.2,6.50894478419889,7.25657173745774,9.8,26.7560016619426,26.3,262,350.8,0.7,6.3
2018-08-09 15:34:11.300,182.4,31.087543366541,1.89154218534038,1.93507369414129,1.13597271815793,403.126624612091,412.404001100502,1.16211821504532,320.2,140.500198239819,22495.834931863,1.2,326.4,43.7718833333333,-79.5161366666667,989.2,6.50854887944569,7.25485650058848,9.8,26.757784466732,26.3,274.5,352,0.7,6.1
2018-08-09 15:34:12.300,182.5,31.0889644709322,1.89470791660406,1.93829460333312,1.14879352407019,402.632917510477,411.895331420969,1.17522705663758,317.7,140.504366880294,22487.1441440556,1.2,325.5,43.7719016666667,-79.5161533333333,989.2,6.50287809811765,7.25468083064724,10,26.7594412373967,26.3,288.3,353.7,0.7,6.7
2018-08-09 15:34:13.300,183.3,31.082737832833,1.89501385810648,1.93838538132668,1.13120766204019,401.910453510006,411.109002323298,1.15709522446443,310.8,140.536914344818,22375.0182509039,1.2,322.7,43.7719133333333,-79.516185,989.4,6.50116564395702,7.25849039163142,10.3,26.7610749690346,26.3,276,350.9,0.8,6.7
2018-08-09 15:34:14.300,182.6,31.0777134611791,1.89403713136873,1.93729540258404,1.16919457775809,401.706852166177,410.881451074986,1.19589987864589,297.8,140.511544761076,22329.1101070852,1.2,307,43.7719233333333,-79.5162266666667,989.3,6.50330927131701,7.25944445884676,10.9,26.7631229303913,26.3,320.4,8.5,0.6,6.8
2018-08-09 15:34:15.300,182.1,31.0714061525295,1.89368816557162,1.93695408819855,1.26368999091642,401.767060778967,410.946378990118,1.29257182134207,279.1,140.541127876473,22336.9498194515,1.2,289.4,43.7719183333333,-79.516275,989.3,6.50231397587988,7.25957989512602,12,26.7649142480372,26.3,292.6,357.7,0.7,8.4
2018-08-09 15:34:16.300,181.1,31.0630518215109,1.89350887045883,1.93684729031603,1.47497120676644,401.497305207703,410.686709246087,1.50873089958383,264.2,140.54118931284,22375.510458284,1.2,271.5,43.7719083333333,-79.5163216666667,989.4,6.50216823025136,7.26116500290149,12.5,26.7670140303424,26.3,259.8,352.5,1.5,9.9
2018-08-09 15:34:17.300,179.4,31.057495338809,1.89400908342888,1.93717094959864,1.41179942631864,401.061097897275,410.200664472383,1.44396750309403,254.3,140.517645293208,22280.5866036414,1.2,255.6,43.771895,-79.5163666666667,989.4,6.50352507232188,7.25856637915676,12.4,26.7691973116617,26.2,236.2,351.7,1.8,9.7
2018-08-09 15:34:18.300,178.4,31.054809287804,1.89369658036119,1.93683728935693,1.45837851682908,401.029899405426,410.16582866114,1.49160149104726,247.6,140.53215814594,22273.6758162208,1.2,245.6,43.7718833333333,-79.5164,989.5,6.49929186131013,7.25767176503794,11.6,26.7706514801596,26.1,224.3,348.8,1.6,9.1
2018-08-09 15:34:19.300,178,31.0565005336224,1.8943691817701,1.93774952405003,1.43897748010235,401.702641415212,410.90145130891,1.47192997499884,242.6,140.504130754688,22386.8321567035,1.2,239,43.77187,-79.5164333333333,989.5,6.49979298052457,7.25735704094726,10.9,26.772340427321,26.1,224.6,356.3,0.9,7.7
2018-08-09 15:34:20.300,177.3,31.0592502570374,1.89384056660522,1.93712030559793,1.27796620018641,402.312507711123,411.506480507658,1.30717357006394,235.8,140.519873510304,22342.1193812662,1.2,242.1,43.77185,-79.51647,989.4,6.50050415129527,7.25494364387687,11.6,26.7742405140748,26.1,238.7,354.8,1.2,8.7
2018-08-09 15:34:21.300,176.3,31.0591811538196,1.89363247405658,1.9369533569604,1.13372094119728,402.276103158078,411.478980081686,1.15965912693125,223.4,140.543396030833,22365.2235241589,1.2,235.9,43.77182,-79.5165016666667,989.5,6.49975320775425,7.25508193683843,12.7,26.7764112494247,26.1,210.6,348.4,2.7,13
2018-08-09 15:34:22.300,175.6,31.0584669238161,1.89397883236342,1.93732590696346,1.18329513716949,402.550118012948,411.763105949167,1.21037648731984,208.4,140.488645998609,22374.3867287711,1.2,205.7,43.7717833333333,-79.516515,989.5,6.50291852422922,7.25860343277649,13.1,26.7779095079458,26.1,204.2,349,4.3,15.6
2018-08-09 15:34:23.300,175.9,31.0528008824735,1.89348783085891,1.93674172818096,1.30179808273888,403.089447231898,412.29731526298,1.3315356018185,190.8,140.491020688235,22333.1151366738,1.2,177.2,43.7717383333333,-79.5165116666667,989.6,6.50560768100439,7.2622873135844,13.8,26.7793989857087,26,189.1,351.9,5.3,17.3
2018-08-09 15:34:24.300,176.4,31.0445362922734,1.8933312611091,1.93659296571489,1.32584143049587,403.751357188495,412.976906409387,1.3561358824004,175.9,140.52315846689,22339.2609061627,1.2,143.3,43.7716866666667,-79.5164933333333,989.6,6.50475056146782,7.26165366061397,15.1,26.7821778760314,25.9,178.3,354.6,4.9,16.4
2018-08-09 15:34:25.300,176.7,31.0458762779768,1.8925153294847,1.9359015776482,1.27129750317791,404.322105973599,413.591412009649,1.30045155125858,167.1,140.503898692397,22411.7357842083,1.2,151.2,43.771635,-79.51647,989.6,6.50337903117173,7.25856808758989,16.2,26.7840778998727,25.8,167.8,355.6,3.5,14.8
2018-08-09 15:34:26.300,176.8,31.0483982159785,1.89180850693848,1.9353407839358,1.29636183272413,404.220587727707,413.522159088566,1.32619220160632,163,140.531349306152,22493.500753241,1.2,162,43.771585,-79.5164516666667,989.6,6.50454942013617,7.25782135671862,17.4,26.7850964793559,25.8,143.4,356.6,2.8,13.5
2018-08-09 15:34:27.300,176.2,31.0505368925465,1.89262530585157,1.93616924384233,1.15359343992114,404.149240771221,413.447588668391,1.18013464229812,159.5,140.515528294066,22489.8223088078,1.2,163.5,43.77154,-79.5164283333333,989.6,6.50427191276676,7.25783742196411,18.1,26.7869730934713,25.8,163.8,355.6,1.4,11.9
2018-08-09 15:34:28.300,175.5,31.0498592296881,1.89336317481223,1.93676812045401,1.25864935860271,403.655846785367,412.909549079402,1.28749213546902,157.9,140.518929227357,22410.8995376619,1.2,166.2,43.77149,-79.516405,989.6,6.50034750614474,7.25770742173986,19.2,26.788654670858,25.8,119.6,351.8,1.2,11.4
2018-08-09 15:34:29.300,174.9,31.0484937978674,1.89255866834363,1.93578419695153,1.37981336972756,403.036260196729,412.24145584923,1.41132776813578,157.3,140.544859731192,22329.6005263553,1.2,166.6,43.7714383333333,-79.516375,989.7,6.50340853889447,7.25807949174045,19.8,26.7906992213544,25.8,88.6,352.5,0.7,11.1
2018-08-09 15:34:30.300,174.8,31.0512040432685,1.89274043774219,1.93594795348588,1.39498672265811,402.744906252913,411.938781321701,1.42683115280457,156.6,140.494728839522,22318.6213646143,1.2,168.1,43.7713883333333,-79.5163416666667,989.7,6.50547700115296,7.25698102085922,20.3,26.793053825279,25.8,85.8,348.8,0.8,10.8
2018-08-09 15:34:31.300,174.9,31.0504646143559,1.89151070244201,1.93464474380146,1.42378977022755,402.29055247839,411.464348327586,1.45625817219612,156.8,140.505817199373,22295.5652552686,1.2,169.7,43.771335,-79.5163133333333,989.8,6.50826143578833,7.25736136298657,20.5,26.7946268648901,25.8,121.8,355.6,0.8,13.6
2018-08-09 15:34:32.300,175,31.0520567804342,1.89141136547688,1.93438211565104,1.38979611047006,402.024914379706,411.158494198097,1.42137200413166,158.2,140.521303629758,22214.2882243562,1.2,169,43.7712833333333,-79.5162866666667,989.8,6.50703595126951,7.2585541689243,20.7,26.7962632133734,25.8,136.4,356.4,1.7,14.4
2018-08-09 15:34:33.300,175.1,31.057598699495,1.89310649141273,1.93596255054259,1.31809185564622,402.005139032754,411.105641923417,1.34793105255017,159,140.503640606812,22136.7025483458,1.2,169.3,43.7712333333333,-79.5162616666667,989.8,6.50166696067789,7.25516309690065,20.5,26.7979094876976,25.7,159.4,0.8,1.7,14.4
2018-08-09 15:34:34.300,175.8,31.0603406086914,1.8925442956152,1.93530732748856,1.23509987206085,402.225793939966,411.314255967471,1.26300847777692,161.2,140.528607247723,22096.1509515581,1.2,170.8,43.771185,-79.5162383333333,989.7,6.50318975664562,7.25217928105622,20,26.8002662610353,25.7,160.7,359.1,1.6,13.3
2018-08-09 15:34:35.300,176.7,31.0635008799862,1.89146648029486,1.93412681767889,1.24041417510939,402.165398001707,411.235983417216,1.26839090871507,162,140.506778560379,22056.8604957968,1.2,170.6,43.771135,-79.5162166666667,989.7,6.50676640647094,7.25508638607223,20.1,26.8019974623345,25.7,149.4,0.3,0.9,13.3
2018-08-09 15:34:36.300,177.4,31.0647519265387,1.89123837305119,1.9337933984876,1.34917682359552,402.223200515135,411.273825809642,1.37953157110724,159.4,140.51012472882,22006.2247719774,1.2,162.6,43.7710916666667,-79.5161916666667,989.7,6.50867320113917,7.25628261377869,19.8,26.8041445831227,25.7,156.8,357.3,1.2,12.2
2018-08-09 15:34:37.300,177.7,31.0668922294902,1.89194167387275,1.93452344146216,1.29639043187566,402.554106659553,411.614378457518,1.32556064191025,158.4,140.542429900613,22011.4307274351,1.2,161.7,43.7710466666667,-79.5161683333333,989.7,6.50556645769019,7.25513344878976,19.4,26.805830921725,25.7,158.7,0.4,1.1,13.4
2018-08-09 15:34:38.300,177.1,31.0769896247715,1.89189370866602,1.93455099284766,1.13264499235167,402.75264325658,411.833527617569,1.15818322022208,159.3,140.511082662577,22049.9644411558,1.2,163.4,43.7710016666667,-79.51615,989.8,6.50430093388935,7.25369457992384,19,26.807288194842,25.7,135.8,355.4,1.3,12.5
2018-08-09 15:34:39.300,177.2,31.0827459715783,1.8913353578421,1.93396789403816,1.23842117408981,403.091968468581,412.17794723492,1.26633797678448,160.5,140.517625733667,22043.9377582013,1.2,169.3,43.770955,-79.5161333333333,989.8,6.50607937091874,7.25187700926653,18.7,26.8092776099261,25.7,125.9,352.5,1.1,12.6
2018-08-09 15:34:40.300,176.6,31.0865480249265,1.89179404976836,1.93451014087712,1.31414566860958,403.121845518637,412.224215580953,1.34381760135503,157.7,140.533490351088,22081.2132748733,1.2,164.1,43.7709166666667,-79.5161116666667,989.7,6.5088742884797,7.25385587091357,17.9,26.8112278971428,25.7,115,350.7,1.6,12.2
2018-08-09 15:34:41.300,175.3,31.0916724474578,1.89300470496987,1.93591670844014,1.38341024752434,402.982215694338,412.11731140247,1.41477716627205,156.9,140.511499826486,22166.2959232451,1.2,158.6,43.77088,-79.5160883333333,989.8,6.50792504743443,7.25339200887092,17.4,26.8132997767309,25.7,122.2,347.5,0.9,10.3
2018-08-09 15:34:42.300,174.1,31.0970018783768,1.89365481036986,1.93680652442809,1.299936565287,402.224093556954,411.389752699555,1.32954802050755,156.7,140.516441355967,22279.7662813512,1.2,161.5,43.7708416666667,-79.5160666666667,989.8,6.50405735692483,7.25422057867015,17,26.8154766839526,25.8,73.5,349.5,1.1,8.9
2018-08-09 15:34:43.300,173.5,31.1066132822652,1.89315087957366,1.93645409132057,1.26320633915428,401.066708790815,410.240687122499,1.29210386577498,154.5,140.499770829493,22362.3330944843,1.2,158.4,43.7708033333333,-79.5160416666667,989.8,6.50203447483531,7.26031421910607,16.8,26.8167570236917,25.8,25.9,345.3,0.9,7.5
2018-08-09 15:34:44.300,173.3,31.1114502526058,1.89343397015597,1.93681061436879,1.4196620644469,400.355329752448,409.527177710211,1.4521858447071,152.7,140.500754317051,22396.1531626673,1.2,156.6,43.770765,-79.5160166666667,989.8,6.50125059620411,7.25630472800631,16.4,26.8188429137951,25.8,346.5,351.4,1.2,9.3
2018-08-09 15:34:45.300,173.5,31.1115048394128,1.89271369941801,1.93611149901451,1.36988192990182,400.404192526017,409.585121081544,1.40129155096259,152.2,140.514037750157,22415.1978324788,1.2,160.7,43.7707283333333,-79.5159866666667,989.8,6.50209344428723,7.25404724309514,16.4,26.8207114498064,25.8,104.6,346.3,1.6,11.5
2018-08-09 15:34:46.300,174.2,31.1157212697163,1.89193484352301,1.93546690927786,1.15252511827767,400.563288438143,409.780032201439,1.17903534968014,150,140.50895850338,22491.9553038796,1.2,158.4,43.77069,-79.515955,989.9,6.50471324710466,7.25661150116601,16.4,26.822115419457,25.8,99.4,344,2.1,11.6
2018-08-09 15:34:47.300,174.1,31.1192111839311,1.89164392941079,1.93513863471828,1.03461506970994,400.249739478441,409.452658308974,1.05840388656571,151.1,140.522410560027,22476.0758127855,1.2,160.1,43.77065,-79.5159283333333,989.8,6.50556212703158,7.25685229795006,17,26.8243807238285,25.8,112.4,350.5,1.9,12.5
2018-08-09 15:34:48.300,173.7,31.1234611810949,1.89218261133257,1.93572490665853,1.16871885917559,400.428141738356,409.642568057095,1.19562075846358,153.6,140.525819482287,22493.7421403772,1.2,164.2,43.770605,-79.5158983333333,989.7,6.50597311807467,7.25707118553051,17.5,26.8265647149447,25.8,131.7,354.6,2.1,13.9
2018-08-09 15:34:49.300,173.3,31.1272584529551,1.89335990090374,1.93690348819813,1.23571158417997,401.275895665391,410.504466373503,1.26413202307734,156.2,140.531729178748,22481.0479876608,1.2,164.8,43.770565,-79.5158783333333,989.9,6.50459063628371,7.25844791156731,17.7,26.8286682201701,25.7,154.8,0.4,2.3,13.4
2018-08-09 15:34:50.300,173.7,31.1282693080701,1.89219838466406,1.93571397835627,1.23798985487025,402.348983667596,411.602091834002,1.26646157922496,156.1,140.527036921708,22480.5954767377,1.2,163.6,43.7705266666667,-79.5158583333333,989.9,6.50392565572506,7.25372561420518,16.6,26.8303557293431,25.7,153.2,357.8,1.9,13.1
2018-08-09 15:34:51.300,174.8,31.1304368826143,1.89242424956528,1.93588709683971,1.23233602651891,403.833767355572,413.108463058147,1.26064043214946,152.8,140.511295702575,22451.15145566,1.2,159.5,43.7704966666667,-79.5158366666667,989.8,6.50396428397781,7.25222878209818,15.5,26.8323026842759,25.7,137.3,352.8,2,12.9
2018-08-09 15:34:52.300,176.3,31.1298361411317,1.8928817502546,1.93634456134601,1.38627488686753,405.50580921091,414.816700335509,1.41811181720635,146.7,140.521059848912,22445.7325385521,1.3,150.5,43.770465,-79.5157916666667,989.8,6.50251275640117,7.25712377959173,16.1,26.8344270005152,25.6,134.7,351.6,2.8,14
2018-08-09 15:34:53.300,178.6,31.1303852019305,1.89441689125519,1.93791797080501,1.34014338079595,405.97798870085,415.300381498266,1.37092206838195,141.7,140.523638083596,22447.3028668606,1.3,153.6,43.7704216666667,-79.515725,989.9,6.50313632347345,7.26062686276626,17.5,26.8369338771714,25.6,118.1,354.5,2.7,13.4
2018-08-09 15:34:54.300,180.3,31.1350893739027,1.89391716446555,1.93736531831492,1.19448203715662,405.670450731431,414.976905751074,1.22188429662332,139.5,140.516550326005,22426.3228416782,1.2,142.9,43.7703766666667,-79.51567,989.9,6.50303475499463,7.25852162091468,18.1,26.8381577835827,25.6,132.1,357.5,2.3,13.9
2018-08-09 15:34:55.300,180.6,31.1367154022623,1.89303045898847,1.93644091643137,1.16555442830202,405.503760436262,414.802671396345,1.1922824073242,133.3,140.526934045682,22417.5826974548,1.3,130.1,43.7703466666667,-79.51562,990,6.50298489660649,7.25477801440286,18.1,26.8397345471938,25.6,148.3,3.5,1.9,13.1
2018-08-09 15:34:56.300,180.3,31.1385574305831,1.89430600059168,1.93783434682897,1.19240515410089,404.767252985676,414.068116350431,1.21980649690683,126.6,140.522070032341,22462.1150958464,1.3,118.6,43.770315,-79.5155683333333,989.9,6.50179083288622,7.25527186532707,18.3,26.8414993121401,25.6,137.6,0.2,1.5,12.3
2018-08-09 15:34:57.300,179.4,31.1416296423635,1.89378104243726,1.93738294342579,1.21519864865547,403.530874180946,412.821558260398,1.24317724650201,120.5,140.539144635453,22505.3889126113,1.3,116.6,43.7702883333333,-79.515515,989.9,6.50533435657022,7.2581827817983,18.7,26.8437091625752,25.7,122.5,0.1,0.4,9.8
2018-08-09 15:34:58.300,178.9,31.1429149519734,1.89406970788936,1.93760546858618,1.31644764116588,403.092930437911,412.358145852251,1.3467039818485,115.2,140.534178514672,22468.8685707778,1.3,112.9,43.7702683333333,-79.5154616666667,989.9,6.5055278317982,7.25834980477219,18.7,26.8456661004627,25.7,331.3,352.3,0.5,9.1
2018-08-09 15:34:59.300,177.3,31.1451093609009,1.89361857215537,1.93686722109096,1.09450193274402,403.255525285083,412.46558622953,1.1195193131633,110.8,140.501616731094,22329.1807100292,1.3,110.6,43.7702516666667,-79.51541,989.9,6.50558338531969,7.25590051759193,18.5,26.8477099231714,25.8,348.2,346.8,0.9,9
2018-08-09 15:35:00.300,176.3,31.1433834693381,1.89303063936927,1.93622928952906,1.22393647927956,402.38449689436,411.566815859627,1.25187621052337,106.5,140.52981135733,22310.7576805322,1.3,104.6,43.7702433333333,-79.5153533333333,989.9,6.503948914077,7.25714417998658,18.5,26.848717248583,25.8,4.5,345.5,1.4,10.4
2018-08-09 15:35:01.300,176,31.1441905616922,1.89293480044798,1.93632365082416,1.49378082981048,401.829423155737,411.039893855075,1.52802385749678,102.6,140.49533389337,22407.7646584054,1.2,99.3,43.770235,-79.5152933333333,989.9,6.50798681325517,7.25942075932225,18.5,26.8504594703167,25.9,47.4,344.7,1.4,11.1
2018-08-09 15:35:02.300,175.4,31.1452734257599,1.89352458704516,1.93692428129863,1.30843244244972,401.270248820955,410.467347085371,1.33842728106607,98.9,140.515835908472,22406.4376527261,1.3,97.3,43.7702283333333,-79.515235,989.8,6.50708798042795,7.25997232850023,18.7,26.8526061149307,25.9,31.1,349.8,1.5,11.4
2018-08-09 15:35:03.300,174.8,31.1482862366137,1.89433516656674,1.93770266530305,1.38930507432688,400.741701179287,409.915995498695,1.42111080041139,95.4,140.514409351277,22380.9871344304,1.3,92.6,43.770225,-79.5151716666667,989.9,6.50263050679808,7.25808247394224,18.7,26.8544968179093,25.9,41.2,350.3,1.1,11.6
2018-08-09 15:35:04.300,174.5,31.1571410095965,1.89629006189719,1.93982221316972,1.37347927384522,400.43238123604,409.62497072504,1.40500516956216,93.8,140.4852406534,22441.5046532233,1.3,91.4,43.77022,-79.5151083333333,990,6.49715313711218,7.25932092336984,18.8,26.8569876200774,25.9,45.9,348,1.4,11.9
2018-08-09 15:35:05.300,174.4,31.1640938261773,1.89349237281279,1.93695202494529,1.38636195387524,400.558730251036,409.752390591949,1.41818032061835,93.5,140.53086216258,22437.1749410912,1.3,96.7,43.7702166666667,-79.51504,990,6.50074366632782,7.25656055629354,18.8,26.8588522810743,25.9,14.8,341,1.9,11.4
2018-08-09 15:35:06.300,174.4,31.1728995372262,1.89289559207083,1.93640661149944,1.3429933256981,400.267789217479,409.468609979568,1.37386163451267,95.2,140.512122855504,22470.06510485,1.3,97.1,43.7702116666667,-79.514975,990,6.50307440323332,7.25612811112306,18.8,26.8603565928236,25.9,13.2,341.3,2.1,11.3
2018-08-09 15:35:07.300,174.7,31.1801775545198,1.89513090309724,1.93887447495149,1.14878354965627,399.709687266901,408.935849707089,1.17529415894912,99.3,140.504990075545,22561.2629550818,1.2,104.9,43.770205,-79.5149066666667,990.1,6.50588845655119,7.25589573396307,18.8,26.861978154453,25.9,1.5,341.7,1.8,10.3
2018-08-09 15:35:08.300,174.6,31.1870522309944,1.89707588037555,1.94100031767742,1.15767142349516,398.983437901521,408.221512466387,1.18447757827403,104.8,140.530557250732,22630.0348539067,1.3,109.6,43.7701883333333,-79.5148416666667,990,6.50339273640793,7.26032535504487,18.7,26.8645772199293,26,347.2,338.1,1.4,8.7
2018-08-09 15:35:09.300,174.3,31.1966495217843,1.89685005031433,1.94086698798448,1.09626391076413,398.774466070081,408.028151246925,1.12170168682055,110.9,140.494835539278,22678.9879194226,1.2,123.3,43.7701683333333,-79.5147833333333,990,6.50468439779149,7.26063249976495,18.3,26.8666386944733,26,355.5,335.8,2.3,9.3
2018-08-09 15:35:10.300,174.4,31.2000005907427,1.89556942798709,1.93972059820596,1.07529351543564,398.487238505924,407.768692099035,1.10034066616401,115.1,140.532695447434,22761.6036431998,1.2,129,43.77015,-79.5147283333333,990,6.50420282141373,7.26016851918191,18.3,26.8686479400072,26,349.2,344,1.2,8.3
2018-08-09 15:35:11.300,174.6,31.203355641619,1.89509101929025,1.93947241790347,1.25354962913935,398.806573362164,408.146319146123,1.28291451550143,117.9,140.534761080597,22883.3029024198,1.3,128.8,43.7701283333333,-79.5146716666667,990,6.50208852083673,7.25356023043896,18.1,26.8695309712906,26,333.4,346.8,1.2,7.9
2018-08-09 15:35:12.300,174.6,31.2117452008948,1.89524470666291,1.93978348972001,1.18404989239618,399.228490698736,408.610562834231,1.21187353680879,119.8,140.500444465849,22960.9460681912,1.3,124.1,43.770105,-79.5146233333333,990.1,6.5036086111979,7.25530496188055,17.7,26.8715023408732,26,24.1,350.6,1.1,10.1
2018-08-09 15:35:13.300,174.9,31.216426091369,1.89355202624181,1.93793306617436,1.35359017015045,399.285939523674,408.644397428177,1.38530686659076,121.7,140.529545706058,22901.3339298055,1.3,124.1,43.7700816666667,-79.514575,990.1,6.50188172508449,7.25634988975813,17.5,26.8745334874374,26,345.7,345.5,1.2,7.3
2018-08-09 15:35:14.300,175.3,31.2246942577593,1.89596894391075,1.94060655180929,1.24236610786772,399.945730286793,409.361765522556,1.27160073533472,124.2,140.505468040993,23001.5673544571,1.3,127.1,43.7700533333333,-79.5145233333333,990.1,6.49922705984248,7.25620776843655,17.4,26.8770267252674,26,45.5,353.7,0.7,10.1
2018-08-09 15:35:15.300,175.7,31.2293949194189,1.8948224544832,1.93964167605363,1.22078445040651,400.263850219198,409.731527817213,1.24966179878464,126.5,140.510421570431,23106.9419063269,1.3,131.4,43.770025,-79.5144766666667,990.1,6.50296010766469,7.25739416735567,17,26.8781905905112,26,64.6,355.3,0.6,9.9
2018-08-09 15:35:16.300,175.3,31.2301524427822,1.89351303124966,1.93826901892555,1.41072704701399,400.705869191156,410.177109155934,1.4440688890118,126,140.532987147915,23090.6496125933,1.3,132.4,43.7699966666667,-79.51443,990.1,6.50373102640572,7.25696072579024,17.4,26.8796472447212,26,65.2,354.9,0.5,9.8
2018-08-09 15:35:17.300,175.5,31.2345601461142,1.8919802695299,1.93660399258267,1.24550789532564,400.950633241517,410.407308227474,1.27488785790054,127.1,140.505687816137,23042.2006558575,1.3,126,43.7699733333333,-79.5143766666667,990.1,6.50545487967724,7.25241752073972,17.9,26.8811466112167,26,82.8,354.5,0.7,10.8
2018-08-09 15:35:18.300,175.8,31.233021710811,1.89356730796267,1.93829490497923,1.1635990771352,400.355519440664,409.812134856183,1.19108419542985,125.2,140.535479104967,23075.6011759925,1.3,125.6,43.7699483333333,-79.5143216666667,990.2,6.50257542596129,7.25708817271627,18.1,26.8830684064922,25.9,84.6,353.4,1.1,11.7
2018-08-09 15:35:19.300,175.3,31.2353483077999,1.89437363516381,1.93906642746881,1.0996669434886,399.819804221757,409.25234422098,1.12561139453598,124.3,140.546014560258,23048.386152501,1.3,130,43.7699233333333,-79.5142683333333,990.1,6.5018800494734,7.25272360309356,18.3,26.8851820989468,25.8,82.5,347.9,1.3,11
2018-08-09 15:35:20.300,174.5,31.2456532437831,1.8945619326243,1.93946582105182,1.11148518302341,400.442923619778,409.933883889294,1.1378304921045,122.1,140.505424416282,23152.5192114292,1.3,118.7,43.7699,-79.5142116666667,990.1,6.50427407635954,7.24906145154439,18.5,26.886740704691,25.8,70.3,349,1.6,12
2018-08-09 15:35:21.300,174.3,31.2499237998979,1.89364421101263,1.93835517774916,1.19910812215988,400.770914928399,410.233548722764,1.22741621556678,115.6,140.542923363691,23066.5260106702,1.3,100.1,43.7698883333333,-79.514155,990.2,6.50456177780555,7.25292505855821,18.3,26.8886412959082,25.8,77.8,351.4,1.5,12.4
2018-08-09 15:35:22.300,174.3,31.2515217166165,1.89279388191609,1.93737155471933,1.16940625971647,400.469184786732,409.900806193452,1.19694706988884,110.6,140.516851624842,23009.5261553462,1.3,98.1,43.7698783333333,-79.514095,990.1,6.50285793840875,7.26302452964899,18.1,26.8903009306837,25.8,62.1,348.5,1.5,12
2018-08-09 15:35:23.300,173.1,31.2577754613374,1.89388002387667,1.93856284366388,1.16805017171996,400.921122543923,410.380288979279,1.19560841978208,107.3,140.480742872614,23049.7192214297,1.3,94.8,43.7698633333333,-79.5140383333333,990.1,6.50308122301224,7.25324358750857,17.9,26.8921043467274,25.8,58.1,350.6,1.5,12
2018-08-09 15:35:24.300,172.9,31.2576452327422,1.89768317608665,1.94264610923529,1.42991924259158,400.440015044948,409.927800904381,1.46380619329045,100.8,140.530019391445,23145.0363604794,1.3,90.3,43.7698633333333,-79.513975,990.1,6.49475622008901,7.25478165983607,17.9,26.8934273013716,25.8,61.9,352.8,1.6,11.6
2018-08-09 15:35:25.300,172.6,31.2583663740775,1.89696385744281,1.94159614367526,1.32309773014988,400.967429171786,410.401382029439,1.35424141130952,97,140.496647386434,22987.3560287337,1.3,92.9,43.7698616666667,-79.5139166666667,990.1,6.504383369138,7.25477220333742,17.5,26.8968416631497,25.8,43.4,353.3,0.6,10.8
2018-08-09 15:35:26.300,172.1,31.2590263490367,1.89920833877731,1.94381525551773,1.38992678321842,400.920844960856,410.337363817143,1.42257333260231,95.1,140.535105712438,22948.1576408196,1.3,98.4,43.7698583333333,-79.5138566666667,990.1,6.50193496345566,7.25207949464225,17.5,26.897858244741,25.8,57.7,352.3,1.4,11.7
2018-08-09 15:35:27.300,172.8,31.2624414837388,1.89961328363074,1.94421995576555,1.43190975163613,400.69584694732,410.105063859203,1.46553396763844,93.9,140.546461921936,22943.2955519753,1.3,94,43.7698566666667,-79.513795,990.2,6.50288963042126,7.25452574059267,17.5,26.899686128682,25.8,49.9,352.5,0.8,10.6
2018-08-09 15:35:28.300,173.6,31.2693239759061,1.9100682229687,1.95509616848661,1.18698680483662,400.831516290073,410.28061228636,1.21496007351365,92.8,140.483668907915,23030.8112836805,1.3,96.5,43.7698533333333,-79.5137333333333,990.2,6.50292146482806,7.25465902425678,17.5,26.9016469665584,25.8,46.9,348.6,1.9,12.4
2018-08-09 15:35:29.300,173.9,31.2726335884803,1.91730156969644,1.96256764874437,1.16136484534818,400.262789199108,409.712765610425,1.18878382404025,94,140.535621331181,23064.8954454681,1.3,98,43.76985,-79.5136733333333,990.1,6.5023977866983,7.25518564493301,17.5,26.903654316212,25.8,48,347.8,1.9,12.2
2018-08-09 15:35:30.300,174,31.2775065448135,1.92056690099696,1.96579784736348,1.14425859895277,400.328191992568,409.756367362487,1.17120816586037,94.6,140.514018265963,23009.2520377442,1.2,98.1,43.7698466666667,-79.51361,990.2,6.50034324499932,7.25960134616305,17.5,26.9056517678389,25.8,49.4,347.2,2,12.4
2018-08-09 15:35:31.300,174.5,31.2823189241429,1.92068502996556,1.9660514026986,1.19887826349047,401.173390788195,410.649095796951,1.22719752366021,94.6,140.485899524571,23075.0007263084,1.2,98.6,43.7698466666667,-79.5135466666667,990.2,6.50715416119937,7.25661899237783,17.4,26.9079542768656,25.8,44.3,347.5,1.8,11.9
2018-08-09 15:35:32.300,174.2,31.2795337900531,1.92119692844506,1.96676496618832,1.17965463986633,401.045138274032,410.557472773737,1.20763461725968,95.6,140.519715077649,23169.3639433851,1.2,100.5,43.7698483333333,-79.5134883333333,990.2,6.50048915274228,7.25831812777669,17.4,26.9095379005308,25.8,32.4,345.3,1.6,11.4
2018-08-09 15:35:33.300,174.2,31.2866487496551,1.91805650013952,1.96376422930236,1.10328310685631,400.67695209416,410.225275009597,1.12957327358285,97.6,140.488850001773,23275.773538127,1.2,103.2,43.7698433333333,-79.51343,990.2,6.49513329177645,7.25522737516669,17.2,26.9110702082829,25.8,21.4,343.2,1.4,10.8
2018-08-09 15:35:34.300,174,31.2869871984332,1.91595698823623,1.96136891953062,1.25165929287825,401.415351638528,410.929685709152,1.28131854385544,97.6,140.512845443106,23153.2783624776,1.2,102.1,43.7698433333333,-79.51337,990.2,6.50331999873753,7.25466399403869,17.4,26.9123364517639,25.8,38.4,345.9,1.5,11.1
2018-08-09 15:35:35.300,173.6,31.2882539003975,1.91257387689557,1.95807398726732,1.35284091631933,401.777622384734,411.336039396659,1.38502704607794,98.9,140.534018443886,23237.3655330563,1.2,102.4,43.7698333333333,-79.5133183333333,990.1,6.50489970436637,7.25858632724753,17.2,26.9144211037176,25.8,3.3,349.2,1.1,9.4
2018-08-09 15:35:36.300,174.1,31.2971128069771,1.90783550424367,1.95334919608952,1.14920673973085,402.687007199941,412.293503853894,1.17662052705777,100,140.48639132333,23300.1030732638,1.2,105.4,43.7698266666667,-79.5132566666667,990.2,6.5057903499553,7.2577770347912,17.4,26.9179860219065,25.8,45.8,350.5,0.5,10.5
2018-08-09 15:35:37.300,175.1,31.3009531010195,1.90709576190205,1.95269449225304,1.20372882312938,403.27630483402,412.918645174316,1.23251158170694,101.3,140.530695740597,23351.5600264738,1.2,105,43.7698166666667,-79.513195,990.3,6.49866393932161,7.25691897019557,17.4,26.919759698011,25.8,53.4,351.3,1.1,10.7
2018-08-09 15:35:38.300,175.3,31.3062183400147,1.90469891645629,1.95025319450986,1.19192303278213,404.53488220828,414.209946221131,1.22043032272869,101.9,140.530032246674,23357.9480620665,1.2,105.3,43.7698083333333,-79.5131366666667,990.2,6.4993589082537,7.25238146130733,17.4,26.9216027332821,25.8,57.2,354.5,1.5,11.7
2018-08-09 15:35:39.300,175.1,31.3110654901347,1.90443115853774,1.94969505938265,1.22552358470347,404.66535484855,414.283253953253,1.25464977348457,102.4,140.496614958477,23215.7932348488,1.2,104.2,43.7698016666667,-79.5130816666667,990.2,6.49749318659702,7.2557198402619,17.4,26.9233756358311,25.8,61.8,349.2,1.2,10.9
2018-08-09 15:35:40.300,175.8,31.3165699307704,1.90022540883209,1.94532411724715,1.01494384625243,404.407863507391,414.005786135208,1.03903180408278,104.4,140.531186053843,23183.1511524938,1.2,108.9,43.7697883333333,-79.5130233333333,990.2,6.50707456840126,7.25615404150141,17.4,26.9260979215883,25.8,63.7,352.7,1,10.8
2018-08-09 15:35:41.300,176.4,31.3247260994181,1.90199608066184,1.94723718226613,1.11488094616143,404.019956086496,413.629951879547,1.14140146292879,106.5,140.488159342481,23233.3333547609,1.2,112.5,43.769775,-79.5129633333333,990.2,6.50285615126024,7.25726718416275,17.4,26.927622394036,25.8,95.5,356.6,1,11.6
2018-08-09 15:35:42.300,176.5,31.323385369892,1.89969194828435,1.94475460315499,1.119507182476,404.354816256675,413.946591828889,1.14606339370924,109.5,140.509508999308,23171.4759002968,1.2,114.6,43.7697633333333,-79.5129116666667,990.3,6.49973112842696,7.25234197570336,17.2,26.9290984571522,25.7,82.1,353.5,1,11.3
2018-08-09 15:35:43.300,176.4,31.3219576853807,1.89672135025773,1.94163962646732,1.03018665281374,403.106521410833,412.652882661824,1.05458345449672,111.9,140.528293734632,23134.1719170132,1.2,115.1,43.7697483333333,-79.51286,990.3,6.50571476888525,7.26115217317346,17,26.9304683888063,25.6,58.4,350.1,1.1,10.4
2018-08-09 15:35:44.300,175.8,31.3261280332685,1.9001472187878,1.9452776148743,1.14356474539141,402.921093080751,412.490904622092,1.17072813763126,114.7,140.483625950008,23200.1243779689,1.3,120.2,43.76973,-79.51281,990.2,6.49933830201092,7.25968188751984,16.4,26.9319223400959,25.6,57.9,353.6,0.6,10
2018-08-09 15:35:45.300,175.4,31.3294517529251,1.89717969031439,1.94227684239119,1.28327496937889,403.70599878483,413.302448390765,1.31377930824615,122,140.537367795434,23218.9627625077,1.3,130,43.7697033333333,-79.5127616666667,990.3,6.50647808518418,7.25844540745541,16.1,26.9332427965906,25.6,75.6,350.3,1.3,10.8
2018-08-09 15:35:46.300,175.1,31.3373292769227,1.89778766714853,1.94291160727615,1.08280558336424,404.870328705369,414.496897959913,1.10855115748339,132,140.521846818883,23224.6944226571,1.3,146.3,43.7696733333333,-79.512725,990.3,6.50471469162605,7.25344230225899,15.7,26.9359674702271,25.6,84.4,351.1,1.5,10.8
2018-08-09 15:35:47.300,175.1,31.3448337948724,1.8965401866551,1.94200381113358,1.22423059435543,405.708177924533,415.433723225352,1.25358412045696,140.2,140.507416552904,23410.5744206885,1.3,159.2,43.7696416666667,-79.51269,990.3,6.50445994937417,7.2579135745307,15.3,26.9376304468458,25.6,95.9,353,1.2,10.3
2018-08-09 15:35:48.300,175.1,31.3483025068885,1.89684264636833,1.94221521962231,1.48995416698686,407.166604923727,416.906186495424,1.52559055116687,147.1,140.536776668135,23361.4657648725,1.3,164.8,43.7696116666667,-79.5126666666667,990.3,6.50447879195783,7.25944307798595,15,26.9401905330834,25.6,118.7,355.8,1.2,10.3
2018-08-09 15:35:49.300,175.8,31.3574788104317,1.89580073186568,1.94132406097348,1.38568781677825,409.586750619334,419.422005179041,1.41895844004124,150.7,140.473444806464,23449.3826715705,1.2,165.6,43.7695766666667,-79.5126383333333,990.2,6.50674391782468,7.25486240896067,14.8,26.9422454224889,25.6,126.6,355.6,1,9.8
2018-08-09 15:35:50.300,177,31.3607864212329,1.8954119783268,1.94115454015003,1.01258573072527,410.483635150051,420.390087275786,1.03701735571032,154.6,140.531056488098,23564.822111957,1.2,163.8,43.76954,-79.5126166666667,990.2,6.50467045178563,7.25431775882258,14.2,26.9425718977495,25.6,118.4,351.5,1.1,10.1
2018-08-09 15:35:51.300,178.3,31.3645677694202,1.90067862226487,1.94669184774213,1.19667484162448,410.722782712172,420.665868249881,1.22564685528235,156.2,140.524411152899,23636.5181464821,1.2,165.8,43.769505,-79.512595,990.4,6.50189442169693,7.26066173863241,14,26.9458882351166,25.6,115.1,348.4,1.3,9.9
2018-08-09 15:35:52.300,179,31.3694670395423,1.89998217031902,1.94617873830376,1.30630949436631,411.359946756983,421.361738109348,1.33807190787133,158.2,140.492859538362,23736.8409657003,1.2,163.6,43.76947,-79.5125833333333,990.2,6.4992566439264,7.25717348191214,13.7,26.9473203036176,25.6,96.3,346.3,1.2,8.9
2018-08-09 15:35:53.300,178.9,31.3702095269453,1.90282812728453,1.94902453102731,1.08884179988366,409.822146598296,419.771684338522,1.11527749905063,155.9,140.515776234712,23702.0617213765,1.2,156.5,43.76944,-79.5125716666667,990.2,6.50341495331593,7.25284308619486,13.1,26.9487636302244,25.6,97.8,348.6,1.1,8.6
2018-08-09 15:35:54.300,178.1,31.3682175751533,1.89850816647995,1.94472914796252,0.812534309253278,409.257998077861,419.221745127383,0.832313429744116,153.1,140.508095312039,23767.2407377848,1.2,153.9,43.7694116666667,-79.5125566666667,990.2,6.50589443351933,7.25338465455637,12.7,26.9517319156174,25.7,117.2,352,1,8.5
2018-08-09 15:35:55.300,178.4,31.3702318185801,1.89980751286515,1.94620362918978,1.12513617265263,408.525750035587,418.502491615299,1.1526178268913,148,140.524814548641,23839.2618768677,1.2,145.3,43.7693866666667,-79.5125316666667,990.2,6.50503944097371,7.25527127268359,12.7,26.9527901441966,25.7,110.7,350.3,1,8.4
2018-08-09 15:35:56.300,178,31.370544647651,1.89916409228153,1.94577611115744,1.21892246939436,408.205455243209,418.224222063694,1.24884000169344,143.8,140.511603062075,23955.414798697,1.4,137.2,43.7693616666667,-79.5125016666667,990.1,6.49968746182695,7.25320769924411,12.7,26.9552055788599,25.7,108.9,351.4,1,8.4
2018-08-09 15:35:57.300,176.9,31.3751832117816,1.90143629321212,1.94809219000425,1.16083288163553,407.878340699549,417.886513403321,1.18931625063795,143.3,140.518318502996,23949.564377424,1.2,137.1,43.7693316666667,-79.51248,990.2,6.49642523810276,7.25268603666132,12.9,26.9569767510085,25.7,110.9,357.7,0.9,8.6
2018-08-09 15:35:58.300,175.8,31.3773552133773,1.90065499324133,1.94708728232624,1.22117721177968,407.497062620347,417.452124451425,1.25100930945298,142.4,140.551519126702,23847.1166508852,1.2,136.9,43.7693066666667,-79.512455,990.3,6.49866861767149,7.25417382056065,13.1,26.9584411570399,25.7,140,0.1,1,9.1
2018-08-09 15:35:59.300,175.7,31.3783009987299,1.89912919994568,1.94556920111595,1.11804068082157,406.6998737758,416.6449346458,1.14537952253457,144.4,140.509854647559,23869.4867286555,1.2,143,43.7692816666667,-79.5124283333333,990.2,6.49864142777831,7.24806897144202,13.1,26.9606225026761,25.7,132.1,356.3,0.9,8.7
2018-08-09 15:36:00.300,175.7,31.3788759447796,1.89909171472263,1.94581524723475,1.11048644387413,405.577566821804,415.555991066815,1.13780766436178,146.1,140.509679104239,24012.1294523891,1.4,148.5,43.76925,-79.512405,990.2,6.50027388304824,7.25296873134678,13.5,26.9621835594937,25.7,128.9,358.8,0.7,8.6
2018-08-09 15:36:01.300,175.3,31.383312045205,1.90179030418242,1.94858020749397,1.13688938197594,404.818392750669,414.778122225778,1.16485994424968,145.5,140.554388691143,24012.2726689206,1.2,149.9,43.76922,-79.5123816666667,990.2,6.49548753403958,7.25222003894281,13.5,26.9640054878725,25.7,143,359.4,0.9,9.5
2018-08-09 15:36:02.300,175.8,31.3853753655876,1.89895844029483,1.94574147307898,1.38420515197187,405.16981546156,415.151446168524,1.41830734141355,142.7,140.509813697647,24043.4550014296,1.2,146.5,43.769195,-79.512355,990.3,6.50147063811707,7.24492207404214,13.7,26.9665149484858,25.7,155.3,2.4,0.8,9.1
2018-08-09 15:36:03.300,175.4,31.3861214917573,1.90056379323501,1.9474324387595,1.28060140572714,404.787713458257,414.76978558428,1.31218098345306,139.2,140.536508574921,24066.6378593254,1.2,134.8,43.7691666666667,-79.5123283333333,990.3,6.50376836031277,7.25529535820108,13.8,26.9678845482966,25.7,140.9,359.7,0.8,8.9
2018-08-09 15:36:04.300,175.1,31.3867165588659,1.89826930696617,1.94493488180278,1.18247312808863,404.566325451303,414.511879286718,1.21154332580684,139.4,140.522074488867,23993.4960912531,1.2,139,43.7691366666667,-79.5122983333333,990.3,6.5030598337578,7.25340509228011,13.8,26.9699931584895,25.7,142.5,1.7,0.5,8.1
2018-08-09 15:36:05.300,174.9,31.392204892335,1.89662053383385,1.94340923607187,0.933407666129885,404.898796614019,414.887315607734,0.956432369429915,142.2,140.496357510179,24075.4227744776,1.2,146.1,43.7691016666667,-79.5122683333333,990.4,6.49820258525891,7.2575146029321,14.2,26.9716085990163,25.7,186.3,358.9,0.2,8
2018-08-09 15:36:06.300,174.4,31.3957224933869,1.89902720234703,1.9458263296517,0.893101713659894,404.718964488341,414.692831169813,0.915111230653279,143.4,140.549357242684,24051.1586350636,1.7,147.2,43.7690666666667,-79.5122416666667,990.3,6.5013352668679,7.26179363341414,13.8,26.9741083230683,25.7,123.6,358.3,0.5,8.3
2018-08-09 15:36:07.300,174.7,31.4002196483242,1.89750528079071,1.94443435399796,1.52509114386769,405.55755588725,415.587627949744,1.56281418049806,145.9,140.517399055883,24134.736841233,1.2,152.3,43.7690383333333,-79.5122133333333,990.4,6.50470144699405,7.24754615108901,13.8,26.9749987789626,25.7,131.1,359.8,0.4,8.7
2018-08-09 15:36:08.300,174.5,31.4055685800035,1.89718211637392,1.94413068454568,0.989873947443702,405.49410849189,415.528532482347,1.01436928775406,145.6,140.504308597703,24148.5279720657,1.4,150.9,43.7690116666667,-79.5121833333333,990.3,6.50323989343772,7.25054730060221,13.8,26.9777732543912,25.7,83.7,352.4,0.2,8
2018-08-09 15:36:09.300,175.5,31.4051260822682,1.89737273577957,1.94428703989298,1.05378437282628,404.842331600053,414.852538252105,1.07984005224802,143.6,140.552936877228,24129.5053216416,1.4,150.7,43.768985,-79.5121466666667,990.3,6.49907107582877,7.25540456017002,13.8,26.9790352719976,25.7,76.5,358.7,0.3,7.7
2018-08-09 15:36:10.300,176.3,31.4044416093729,1.89712587964002,1.94376823106172,1.33727201141453,405.74203135566,415.717568438109,1.37014881141277,144.4,140.503794799271,23995.9111604862,1.4,143.6,43.768955,-79.5121216666667,990.4,6.50210057482411,7.25161777176847,13.8,26.9813872441771,25.7,128.1,356.2,0.2,8.2
2018-08-09 15:36:11.300,176,31.4046672763625,1.89661083465544,1.9434151637321,1.18218673256423,406.21225312269,416.236655519772,1.21136021092565,143.2,140.540077316998,24083.4373898835,1.4,145.9,43.76892,-79.5120966666667,990.4,6.50296722205747,7.25715416863434,13.8,26.9827482667958,25.7,102.8,351.9,1,9.3
2018-08-09 15:36:12.300,175.7,31.409578336958,1.89814412858489,1.94499048301943,1.05312258350019,408.936815165349,419.029375752199,1.07911374406856,140.2,140.51598354106,24085.640831521,1.4,140.1,43.7688933333333,-79.5120616666667,990.3,6.50110937408587,7.24862289944326,14,26.9852019894484,25.7,140,359.1,0.6,8.1
2018-08-09 15:36:13.300,175.1,31.4090452915684,1.8946118270942,1.9414869418893,1.53529238343776,409.849072489439,419.989224547149,1.57327896971785,137.6,140.482936954304,24143.7974417685,1.4,135.5,43.7688666666667,-79.5120316666667,990.3,6.50846772672663,7.24938201937023,14,26.9870243585496,25.7,140.2,0.4,0.3,8.4
2018-08-09 15:36:14.300,174.4,31.4039832325658,1.89602124709512,1.94297642355289,1.03604682186731,409.596237677922,419.73993633102,1.06170435263002,133.1,140.556688364933,24166.648373647,1.4,128,43.7688433333333,-79.5119966666667,990.3,6.50246559916818,7.2560079089268,14,26.9896270017139,25.7,129,356.9,0.8,9.3
2018-08-09 15:36:15.300,174.7,31.4089292748291,1.8989655596769,1.94585582114838,1.14569317290541,410.620654965812,420.760098298512,1.17398334226673,128.1,140.510246733459,24097.7984194655,1.4,121.4,43.76883,-79.511955,990.4,6.50596301388605,7.25106411404926,14,26.990631014943,25.7,117.2,356.7,1.1,10
2018-08-09 15:36:16.300,175.1,31.4084802304879,1.90368115642469,1.95063694371508,1.05890829561431,411.063073166104,421.202179488132,1.08502667426743,125.8,140.519445966462,24071.8422356548,1.4,121.9,43.76881,-79.5119083333333,990.4,6.50680267171865,7.24982383437133,14.4,26.9922384754762,25.7,127.7,359.9,1.3,9.9
2018-08-09 15:36:17.300,175.6,31.4038626981343,1.9053578710689,1.95264171837458,1.0654022293896,410.332070248262,420.514977514433,1.09184197143456,126.3,140.557700668486,24215.4469361062,1.4,124.3,43.7687916666667,-79.5118616666667,990.4,6.50756137141192,7.25471018030544,14.6,26.9945443514502,25.7,92.7,356.3,0.6,9.8
2018-08-09 15:36:18.300,175.4,31.4046265370412,1.911910925566,1.95949714225592,1.10530620851872,409.583556907038,419.777687432144,1.13281707096406,128.1,140.497872500791,24284.6923297424,1.4,129.9,43.76877,-79.5118216666667,990.3,6.5027830873184,7.25204711098865,14.8,26.9964695895518,25.7,95.2,351.9,1,9.9
2018-08-09 15:36:19.300,175.1,31.40581,1.906955,1.954264,0.9083688,409.5741,419.7352,0.9309044,129.8,140.5459,24208.3,1.4,134.3,43.768745,-79.5117833333333,990.4,6.501722,7.251099,15.1,26.99834,25.7,96.4,349.4,1.7,11.3
2018-08-09 15:36:20.300,174.9,31.40745,1.90652,1.954102,1.174211,408.5601,418.7568,1.203517,129.9,140.5469,24349.8,1.4,134.3,43.7687166666667,-79.5117433333333,990.3,6.501541,7.255152,15.7,26.99973,25.7,100.5,349.4,2,12.1
2018-08-09 15:36:21.300,174.8,31.41849,1.908701,1.956645,1.346576,408.7232,418.9897,1.380399,131.1,140.4766,24502.96,1.4,136.3,43.7686883333333,-79.5117,990.3,6.498037,7.248819,16.2,27.00209,25.6,96.3,352.5,1.9,11.6
2018-08-09 15:36:22.300,174.3,31.4208522309259,1.89904332247513,1.94655391578004,1.47272198743712,407.164279379841,417.35089076947,1.50956514123728,134.2,140.557887112166,24407.9283716092,1.4,134.1,43.7686583333333,-79.5116633333333,990.4,6.51598047368176,7.25271484742421,16.2,27.0028875781968,25.6,100.3,350.1,1.8,12.3
2018-08-09 15:36:23.300,173.1,31.42538,1.905332,1.953632,1.11498,407.5579,417.8894,1.143245,139.9,140.5132,24723.13,1.4,147.5,43.7686216666667,-79.5116316666667,990.4,6.499148,7.257532,16.2,27.00587,25.6,91,347,1.7,11
2018-08-09 15:36:24.300,172.5,31.4325645724227,1.90439608905529,1.95225253314885,1.26416588866074,406.761040588186,416.982879496326,1.2959324524248,143.6,140.465197037233,24513.8165438409,1.4,153.1,43.7685866666667,-79.5116,990.3,6.50053469513926,7.25382334714335,16.4,27.0077070400749,25.6,76.2,347.7,1.1,10.3
2018-08-09 15:36:25.300,172.8,31.4280067375909,1.908079640064,1.9564499395193,0.941818118607542,405.688909082468,415.973425077062,0.965693107030402,148.2,140.538722642248,24723.8142470795,1.4,155.6,43.7685433333333,-79.5115783333333,990.3,6.4959939232745,7.26228519188671,16.2,27.0094051074227,25.6,89.2,350.6,1.5,10.8
2018-08-09 15:36:26.300,171.9,31.4368785767701,1.90451554525223,1.95214096879216,1.05327206419226,406.213825450063,416.371805662006,1.07961025756908,156.2,140.47699288385,24396.5593758432,1.4,169.8,43.7685,-79.5115583333333,990.3,6.50137278243442,7.25281752398951,16.2,27.0104263939098,25.6,83.4,345.3,1.7,10.2
2018-08-09 15:36:27.300,171.1,31.44566,1.906768,1.954547,0.8214736,405.8479,416.0173,0.8420575,162.5,140.5209,24444.68,1.4,179.6,43.7684566666667,-79.5115416666667,990.3,6.502563,7.255132,16.4,27.014,25.6,87.8,342.9,1.7,11
2018-08-09 15:36:28.300,171.1,31.4564924608023,1.90259786362666,1.95042040130052,1.15983863208744,405.642730754856,415.838576171037,1.18899190441098,164.8,140.545754457906,24518.8756627793,1.4,184.1,43.7684166666667,-79.51153,990.4,6.50507432135897,7.24642907664692,16.4,27.0141038452914,25.6,99.6,346.8,1.4,10.4
2018-08-09 15:36:29.300,170.8,31.4747534127136,1.90534759567537,1.95299906234008,0.814010750956819,405.728691387527,415.875660684354,0.834364657531264,168.1,140.465356508249,24399.113314413,1.4,179.6,43.7683733333333,-79.5115233333333,990.4,6.50422677778432,7.26276493579241,16.4,27.0168937551098,25.6,89.8,345.5,1.4,10.2
2018-08-09 15:36:30.300,171.2,31.4793093572462,1.90065538166893,1.94774297863521,1.32817822672877,406.946921207875,417.028707344915,1.36108231200691,169.6,140.555049163113,24175.2956143864,1.4,180.4,43.7683333333333,-79.511515,990.3,6.50604098261855,7.25245188782495,16.8,27.0192018200289,25.6,109.3,351,1.1,9.7
2018-08-09 15:36:31.300,172.4,31.484145911131,1.90135978905023,1.94861904602304,1.11016926738557,405.916182747064,416.005329200135,1.1377620564358,169.8,140.517500948205,24252.4753955476,1.4,173.1,43.7682866666667,-79.5114933333333,990.4,6.50333249027856,7.25024844985345,17.5,27.020582414006,25.6,104.4,349.4,0.9,10.4
2018-08-09 15:36:32.300,173.7,31.4886329236386,1.90225253767618,1.94949390792126,1.144419263933,404.999267886426,415.057224493549,1.17284023003646,170,140.476643212634,24232.7717283839,1.4,169.8,43.7682316666667,-79.511485,990.5,6.50082517558914,7.2549275264513,17.9,27.0225310109088,25.6,108.4,349.1,1.2,10.8
2018-08-09 15:36:33.300,173.4,31.4776584971888,1.90057010644607,1.94770599279818,1.00400749837777,403.689275149972,413.701273562294,1.02890953244616,165.1,140.542595449133,24201.0801911768,1.4,164.6,43.7681866666667,-79.5114666666667,990.4,6.49946206877555,7.25142886022088,17.9,27.0241934365461,25.6,101.7,350,1.2,11.1
2018-08-09 15:36:34.300,173.2,31.476017462534,1.89586253015745,1.94248264882565,0.947430527760234,403.065217852957,412.976831022259,0.970727977132118,158.8,140.490785769729,24000.3598356873,1.4,147.7,43.7681433333333,-79.51144,990.3,6.49290495964925,7.25152479403915,18.5,27.0263891124142,25.6,130.6,353.3,1.3,12.1
2018-08-09 15:36:35.300,173.5,31.4681961523679,1.89653655724504,1.94308428516524,1.21174112880563,403.401657819415,413.302496870115,1.24148376170202,154.1,140.52148816772,23955.4258073164,1.4,142.7,43.768105,-79.5114066666667,990.4,6.508504763135,7.25360038636106,18.1,27.0280377069605,25.6,143.5,358.8,1.2,12.3
2018-08-09 15:36:36.300,174.4,31.4640143981816,1.8953240296888,1.94133631328829,1.0848517745653,402.214678495166,411.979057005482,1.11118780078046,148.1,140.536374585617,23701.1728105843,1.4,134.5,43.7680683333333,-79.5113616666667,990.4,6.50353313717215,7.25515597062598,17.9,27.029537616622,25.6,136.1,356.1,1.2,12
2018-08-09 15:36:37.300,175.1,31.4619931722493,1.89288921581342,1.93875706544553,1.13686146273563,401.930302141842,411.669825857818,1.1644092836395,143.7,140.475888693252,23658.5727800696,1.4,130.9,43.768035,-79.5113183333333,990.5,6.50403504939534,7.25126212834233,17.9,27.032008777532,25.6,117.8,353.7,1.2,12.2
2018-08-09 15:36:38.300,174.9,31.454964736582,1.89589378827395,1.94166801302963,1.1552298859424,402.019294972306,411.725697896813,1.18311970424055,142,140.555102350938,23574.8409417761,1.4,133.7,43.767995,-79.51128,990.4,6.49679756812068,7.25021205402938,17.7,27.0337445567201,25.6,123.5,355.9,1.6,12.7
2018-08-09 15:36:39.300,174,31.4620008236737,1.89901339444452,1.94459354884438,1.31091540864955,401.365599319385,410.999252332887,1.34237967991999,141.6,140.514719531713,23439.4152164998,1.4,135.4,43.7679583333333,-79.511245,990.4,6.49723796314431,7.25281634714338,17.5,27.0351399607918,25.6,127.2,356.4,1.7,13
2018-08-09 15:36:40.300,173.5,31.4709176582668,1.90239076026252,1.94811829669463,1.2374794041687,401.19047273979,410.833765054034,1.2672243052484,140.5,140.465903004941,23472.5914900264,1.4,135.8,43.767925,-79.5112083333333,990.4,6.49988563528615,7.26128737695403,17.5,27.0380606965631,25.5,127.2,356.5,1.9,13.1
2018-08-09 15:36:41.300,173.8,31.4767448275333,1.90418165723164,1.95000832022275,1.17532670110522,401.251073394704,410.907754698633,1.20361179122411,137.6,140.545121571575,23500.7538398463,1.4,136.1,43.767895,-79.511165,990.4,6.49907360306184,7.256409431945,17.5,27.0385666155654,25.4,128.6,355.9,2,12.8
2018-08-09 15:36:42.300,173.6,31.487209532988,1.9039281033603,1.94976305640267,1.13678515245119,401.410773603311,411.074321372959,1.16415008660998,136.4,140.475523872002,23508.1783276907,1.4,138.3,43.7678633333333,-79.5111233333333,990.3,6.49881691117053,7.25778628106198,17.2,27.041690479406,25.4,126.6,358.5,1.6,12.8
2018-08-09 15:36:43.300,173.4,31.491180946338,1.90749907687677,1.95362399921811,0.97262082516146,402.263615215869,411.990691879174,0.996139616049933,136.2,140.506505229371,23609.9467823887,1.4,133.4,43.7678266666667,-79.511075,990.4,6.5017658552227,7.25638815846044,17.2,27.0432138809786,25.4,131.9,357.6,1.7,12.8
2018-08-09 15:36:44.300,172.9,31.4904808022124,1.90677170500468,1.95286556967112,0.975327255626615,401.331570067466,411.033185586835,0.99890410385185,136.7,140.529996833009,23603.0718023052,1.4,132.4,43.7677983333333,-79.51103,990.4,6.50254148324321,7.26079074529553,17.2,27.0445431808341,25.4,124.5,355.7,1.6,12.5
2018-08-09 15:36:45.300,172.4,31.4919058618332,1.90469812534289,1.95088060960084,0.943711209198066,402.385678797468,412.142178332536,0.966593920435603,139.9,140.489828352774,23672.5912910199,1.4,142.4,43.767765,-79.5109916666667,990.4,6.5019148301604,7.24754039980582,16.8,27.0476764138167,25.4,106.9,350.7,1.7,12.4
2018-08-09 15:36:46.300,172.5,31.4851642593217,1.90692793463144,1.95329645261524,1.06561384824917,402.162997458166,411.94195471963,1.09151954127984,142.4,140.551976445498,23738.5684127541,1.4,149,43.767735,-79.5109533333333,990.4,6.50510565941892,7.25279389036137,16.4,27.0485297969508,25.4,100.3,347.5,2,12.4
2018-08-09 15:36:47.300,173.6,31.4842264294017,1.90579385508499,1.95196639831748,1.3131928197925,402.372408047252,412.120983305239,1.34499664023107,144.6,140.529958703604,23654.6175745044,1.4,146.8,43.7677,-79.5109116666667,990.5,6.50005637897678,7.25543385979945,17,27.0502723163154,25.4,104.7,349.4,2,12.1
2018-08-09 15:36:48.300,174.1,31.4920575460155,1.90443778725619,1.95102815154021,0.998269449817371,401.755853319536,411.584439010361,1.02269173462459,147,140.48915786701,23879.8853687887,1.4,144.4,43.7676633333333,-79.510885,990.4,6.50856955615825,7.25763176792474,16.8,27.0526652578196,25.4,86.9,347.3,1.6,11.5
2018-08-09 15:36:49.300,173.3,31.4929582593711,1.90561665060096,1.95225765060096,1.22023213278172,400.805535468123,410.615509840634,1.25009823336389,145.9,140.5493862859,23890.8989850764,1.4,145.7,43.7676283333333,-79.51086,990.3,6.50561506766158,7.26641188813497,16.6,27.0544367315397,25.4,83.3,343.3,1.5,10.5
2018-08-09 15:36:50.300,172.3,31.5019207971808,1.90704472669139,1.9536934212564,1.19023447118716,402.079636214997,411.915038198205,1.21934817829197,146.3,140.505350139062,23877.1517173046,1.4,154.7,43.7675916666667,-79.5108283333333,990.4,6.50686948233813,7.25476046728894,16.6,27.0564989527717,25.5,61.2,339.5,1.8,10.2
2018-08-09 15:36:51.300,170.7,31.5123797926806,1.90732906219583,1.95410300691065,0.934564057984357,401.948512464257,411.805705809564,0.957490397735809,147.7,140.493972229353,23936.4439852578,1.4,150.8,43.767555,-79.5108066666667,990.3,6.50611189044855,7.25449739339901,16.1,27.0587456462764,25.5,57,338.9,1.5,9.8
2018-08-09 15:36:52.300,168.6,31.5159000476074,1.90621551905956,1.95332236437917,1.17091984932876,400.8013906359,410.7060838982,1.19984502229533,146.1,140.532470498476,24116.1998483747,1.4,151.4,43.7675233333333,-79.5107783333333,990.4,6.49625894917554,7.25921111136037,16.1,27.060158132547,25.5,59.1,338.4,2,9.3
2018-08-09 15:36:53.300,168.1,31.5263480141355,1.90272263657041,1.9492864073092,1.35331274753498,400.971733916146,410.784389650999,1.38642729248356,144.9,140.491791717779,23887.6512402847,1.4,145.1,43.7674933333333,-79.5107416666667,990.4,6.49738250746476,7.25447071379089,16.2,27.0623554827942,25.6,58.2,337.8,1.7,9.8
2018-08-09 15:36:54.300,169.6,31.5289696679596,1.90114225624771,1.94779147005257,1.14474884861868,400.169484588951,409.98870065679,1.17283557248501,144.3,140.519971182902,23949.8638088711,1.4,145.1,43.76746,-79.5107033333333,990.4,6.50306756424997,7.25272846868066,16.2,27.064685737075,25.6,70.3,340.7,2,10.3
2018-08-09 15:36:55.300,170.5,31.5296199371184,1.89926940188052,1.94569575096867,1.19804919641981,399.839762300647,409.613618581045,1.22733582541485,145.5,140.537469804346,23861.0573670228,1.4,146.2,43.7674233333333,-79.51067,990.4,6.49737467325252,7.25005620180368,16.4,27.0658273901972,25.6,93.9,348.8,1.4,11.1
2018-08-09 15:36:56.300,170.8,31.5387988729498,1.89992309532277,1.94632612363921,0.878176099794593,399.285993131137,409.038056997313,0.899619544343011,149.7,140.478187710848,23841.4493990982,1.4,156.3,43.7673866666667,-79.5106433333333,990.3,6.49597309457508,7.25589314859105,16.1,27.067836148778,25.6,84.4,342.5,1.6,10.5
2018-08-09 15:36:57.300,170.7,31.540702003358,1.89812610220521,1.94434102332088,1.2574228454012,399.71844454141,409.450722682475,1.28804280203127,161.6,140.548236785926,23769.1587694295,1.4,182,43.7673433333333,-79.510635,990.5,6.49659370138677,7.25756430059866,15.7,27.069478807973,25.6,75.3,343,1.9,10.3
2018-08-09 15:36:58.300,170.6,31.5502274908185,1.89581334265199,1.94175766869124,1.04956651244004,400.829508904925,410.543486661937,1.07500412806743,165.4,140.511877803734,23661.4079819246,1.4,185.3,43.767305,-79.51062,990.4,6.50262414737386,7.25726609680806,16.1,27.0710966635519,25.6,105.3,348.7,1.3,10.4
2018-08-09 15:36:59.300,170.8,31.5591069556687,1.89536773398317,1.94112563731061,0.982991253320002,402.703037387926,412.425051943054,1.00671988569494,165.9,140.506147279643,23572.8110514392,1.4,175.8,43.767265,-79.5106066666667,990.4,6.50288549312688,7.25246621140185,16.1,27.0729031667879,25.6,119.3,350.3,1.4,11.5
2018-08-09 15:37:00.300,170.8,31.5618128006102,1.89727058652253,1.94299948235146,1.16907592675555,403.581938192168,413.309101082302,1.19725278679184,166.4,140.52737669944,23534.9200624111,1.4,169.1,43.7672183333333,-79.5105933333333,990.4,6.49936294800073,7.24933573788264,16.8,27.0748576766248,25.6,136.3,351.3,1.8,11.6
2018-08-09 15:37:01.300,170.1,31.5687046692585,1.8988784460521,1.94478100950552,1.1673575986698,404.119451582664,413.888281981512,1.19557426293014,167.6,140.499599251951,23602.6344507179,1.4,170.8,43.7671766666667,-79.510585,990.4,6.49852820132013,7.2526164549702,17,27.0764991232484,25.5,139.6,353.8,1.6,12
2018-08-09 15:37:02.300,168.8,31.5749004464736,1.89527824885431,1.94083202365267,1.2251327291829,404.281912930205,413.999100441662,1.25457890068054,167.1,140.496869877068,23471.545105804,1.4,170.3,43.767135,-79.5105716666667,990.4,6.50611565335571,7.25334448838848,17,27.0785310143898,25.4,148.4,354.6,1.5,12
2018-08-09 15:37:03.300,169,31.5756768718092,1.89894330334188,1.94441240470628,1.26192114118604,404.547506830453,414.234032369635,1.29213701429272,164.5,140.533399357931,23384.289715684,1.4,166.1,43.76709,-79.5105483333333,990.3,6.50307631592687,7.25015052458144,17.4,27.0801743018393,25.4,136.9,352.2,1.4,11.7
2018-08-09 15:37:04.300,170.1,31.5798969716973,1.89946048201037,1.94495177085065,1.25815970857728,404.017029848965,413.692842755665,1.28829182175303,160.8,140.483810743621,23389.0666129856,1.4,154.2,43.767045,-79.510525,990.4,6.50194706198644,7.25358185195697,17.5,27.0835134146429,25.4,130.7,350,1.6,12.2
2018-08-09 15:37:05.300,170.8,31.5736062818581,1.89753334702007,1.94260908098923,1.24006114504922,404.338398778579,413.943440067971,1.26951824059311,157.6,140.554026603085,23203.7733153899,1.4,152.7,43.7670033333333,-79.510495,990.5,6.50437553881973,7.24868914546855,17.7,27.0847909530984,25.4,115.1,349.9,1.9,12.1
2018-08-09 15:37:06.300,170.7,31.5741693097506,1.90183643302935,1.94713117152018,1.2126482830267,403.924967983962,413.544946853588,1.24152831232824,157.4,140.516266316464,23262.1849988569,1.4,152.1,43.7669616666667,-79.5104733333333,990.4,6.50003424917138,7.24959594372193,17.9,27.0872153975348,25.4,133.4,355.9,1.6,12.5
2018-08-09 15:37:07.300,170.5,31.5784170465886,1.90229939243426,1.94755414742891,1.15374607389644,403.703964295494,413.307926024723,1.18119055751932,156.6,140.486538369725,23236.8489191841,1.4,155.4,43.7669183333333,-79.5104466666667,990.4,6.5050419882944,7.25630058314571,17.7,27.0888486040295,25.4,170.1,1.7,1.9,13.3
2018-08-09 15:37:08.300,171.1,31.5808245281978,1.9072503445227,1.95270547472258,0.94464072509324,403.974978987935,413.602850551632,0.967155515649933,154.7,140.539542366474,23278.1154558214,1.4,152.4,43.766875,-79.5104183333333,990.3,6.50002221329258,7.25430036300206,17.5,27.0900738725745,25.4,162.3,0.9,1.6,12.2
2018-08-09 15:37:09.300,171.7,31.5848457868426,1.91071262731583,1.95628930366332,1.06979693801129,404.656274645416,414.308809171959,1.09531541457194,152.7,140.510750560578,23297.8604997966,1.4,150.4,43.766835,-79.51039,990.4,6.50368918992405,7.24646245941146,17,27.0919280534927,25.4,160.5,2.3,1.2,12
2018-08-09 15:37:10.300,172.5,31.5846316537821,1.91446178141462,1.96011980783927,1.00433188258764,404.49093686906,414.137643538138,1.02828284885556,153.5,140.509813769524,23293.5388189909,1.4,152.6,43.7667983333333,-79.510365,990.4,6.505012064355,7.25240141542151,16.2,27.0936572263161,25.4,158.4,358.9,0.9,9.9
2018-08-09 15:37:11.300,172.7,31.5909380042397,1.91246678238392,1.95809388383643,1.37031903690799,403.935010922659,413.572043759423,1.40300829436139,153.2,140.523806282432,23301.9592676049,1.4,153.5,43.7667683333333,-79.5103433333333,990.4,6.50404981152703,7.25419329903851,15.1,27.0951582281611,25.5,29.7,349.9,0.6,7.8
2018-08-09 15:37:12.300,172.9,31.6051885423438,1.91058731826189,1.95627160979313,1.20046243620025,403.613614612785,413.26454691831,1.22916658505228,152.8,140.490041582105,23352.7944383191,1.4,157,43.7667383333333,-79.5103216666667,990.5,6.50529957344104,7.25243342554173,14.2,27.0978758976127,25.6,36.3,345,0.8,7.4
2018-08-09 15:37:13.300,173,31.6054139823994,1.90692797438131,1.95247888299357,1.25027794289627,402.669179817998,412.287861733004,1.28014348646906,150.9,140.51630066792,23329.996476119,1.4,153.8,43.7667116666667,-79.5103016666667,990.4,6.50446991753294,7.25000492377581,13.5,27.0981798734863,25.6,53.5,359.1,0.6,8
2018-08-09 15:37:14.300,173.6,31.6054703061944,1.90789957268352,1.95337192784588,1.22689166648692,401.416831044261,410.984061293675,1.25613254074987,150,140.512566391966,23278.9119367572,1.4,154,43.7666866666667,-79.51028,990.3,6.5043463552737,7.2521537731747,12.5,27.1003890026742,25.6,56.6,345.6,0.5,6.6
2018-08-09 15:37:15.300,173.5,31.6099058655714,1.90370299211834,1.94886632874488,1.18394756005391,401.792164522456,411.32438539164,1.21203312918241,150.4,140.501940750409,23174.4058306133,1.4,149.6,43.7666633333333,-79.51026,990.4,6.50753582566309,7.25098641594086,11.8,27.1031646483878,25.6,24.3,345.8,0.8,6.4
2018-08-09 15:37:16.300,173.5,31.612002398368,1.90196373887064,1.94715321283643,0.983848415419335,402.452688866997,412.014717683558,1.00722602197358,150,140.53223211065,23207.9446908114,1.4,154.7,43.76664,-79.5102433333333,990.3,6.49988632244837,7.252996152072,11.4,27.1047508579659,25.7,61.2,340.6,1.4,7.4
2018-08-09 15:37:17.300,173.4,31.6177309848312,1.90077143851034,1.94577908798474,0.901063595168185,403.857222525856,413.419978861913,0.922397458022739,147.4,140.510626791122,23130.9033345869,1.4,147.4,43.766615,-79.5102233333333,990.4,6.50222861725223,7.25301268588235,11.4,27.1072070385076,25.7,67.3,339.7,1.1,6.7
2018-08-09 15:37:18.300,172.9,31.6182247786054,1.90159095943213,1.94643051000848,1.00351155216336,404.854815589072,414.401365284046,1.02717229130986,143.3,140.513270303625,23036.8717497992,1.4,141.3,43.766595,-79.5101983333333,990.3,6.49778198455179,7.25314852538663,11.6,27.1082854732918,25.7,45.3,340.6,1,6
2018-08-09 15:37:19.300,172.3,31.6205853499773,1.90048743550873,1.94519921870516,1.04455577159951,404.192383598733,413.701644746136,1.06912865794324,141.6,140.508348885584,22985.7919160462,1.4,142.7,43.7665733333333,-79.51017,990.4,6.49871027897282,7.25167924132983,12.4,27.1108257516331,25.8,44.4,341.6,1.2,6.7
2018-08-09 15:37:20.300,172,31.6206007508446,1.89960681717949,1.94439028350315,0.991135492209263,404.24911539429,413.779343310668,1.01450180860145,140,140.485924047662,23032.1672083622,1.4,140.5,43.7665466666667,-79.5101383333333,990.4,6.5031608426082,7.25300904281444,13.5,27.1121540527513,25.8,81.3,345,1.1,8.2
2018-08-09 15:37:21.300,171.6,31.6124595370592,1.90347429848433,1.9482803715536,1.13965969582499,404.7232526605,414.250034388118,1.16648254258199,137.9,140.534671618015,22997.6523316362,1.4,137.6,43.7665183333333,-79.5101033333333,990.4,6.5033386463227,7.26149081827465,15.1,27.1141081487429,25.8,70.2,341.6,1.4,9.2
2018-08-09 15:37:22.300,170.9,31.611825238776,1.906589875863,1.95130045166481,1.22005995065694,405.021266148467,414.51923638461,1.24867161450432,136.2,140.505565043723,22913.2076029089,1.4,133.8,43.7664816666667,-79.5100616666667,990.4,6.50879048987927,7.25602107868459,17,27.1162778813418,25.8,73.8,353.5,1.5,10.3
2018-08-09 15:37:23.300,170.3,31.614067137142,1.91374177968062,1.95862074907262,1.08232649910813,404.610937252573,414.099428422302,1.10770568054971,136,140.50008390632,22913.512674708,1.4,133.5,43.7664433333333,-79.5100133333333,990.4,6.50162452581566,7.25025750164596,18.7,27.1183527851397,25.7,123.7,357.4,1.5,13
2018-08-09 15:37:24.300,171.2,31.6170806933647,1.91774829012051,1.96278246934477,0.998761345724194,405.054543043063,414.566368525263,1.0222152605575,136.7,140.516397646766,22944.0434142956,1.4,135.1,43.7664116666667,-79.50996,990.4,6.50188572311682,7.25192964705638,19.8,27.1204272841114,25.6,118.8,356.7,1.9,14.3
2018-08-09 15:37:25.300,171.6,31.6179536141376,1.91828730299339,1.96330740810419,1.14261649770766,405.828941556693,415.35330885046,1.16943160129584,139.8,140.503894127511,22930.7525759622,1.4,135,43.7663666666667,-79.5099133333333,990.3,6.49942677980044,7.25235644123753,20.7,27.1212518173513,25.6,126.1,357.2,1.7,14.4
2018-08-09 15:37:26.300,171.1,31.6213259578015,1.91749975142094,1.96245984165098,1.19987107906923,405.469571618608,414.976674918909,1.22800451266144,140.7,140.522587161861,22909.9531538861,1.4,141.6,43.7663216666667,-79.5098633333333,990.5,6.49999965098358,7.2520325907507,21.4,27.1228527765379,25.6,129,357.1,1.9,14.6
2018-08-09 15:37:27.300,171.2,31.625636039208,1.91475319680158,1.95968929544378,1.16703912128246,405.488064772189,415.004082940417,1.1944271902308,140.3,140.52604952197,22929.9577959251,1.4,141.8,43.766275,-79.5098116666667,990.4,6.50192268342634,7.25102338594292,22,27.1245783391984,25.6,119.4,357.1,1.5,14.8
2018-08-09 15:37:28.300,171,31.6311908290453,1.91382812337771,1.95879053465396,1.2310156917316,405.199356304707,414.718763957659,1.25994281303338,140.4,140.526427737167,22953.9790800404,1.4,141.6,43.7662233333333,-79.5097683333333,990.4,6.50298202865809,7.25611280757935,22,27.1259732413153,25.6,140.2,359.8,1.9,15.7
2018-08-09 15:37:29.300,170.5,31.6351948673386,1.91586524674477,1.96107464816128,1.27517651365148,404.73255218197,414.283269054756,1.30526794219965,143,140.531362871153,23053.5009408881,1.4,145.9,43.7661766666667,-79.50972,990.4,6.50229500359575,7.25249660626541,22,27.128837194225,25.5,139.5,359.7,2,14.7
2018-08-09 15:37:30.300,170.6,31.6395915591302,1.91522402335378,1.96043145533825,1.00283037412459,404.669979899186,414.222017633245,1.02650081492035,145.8,140.509667159922,23060.1011143769,1.4,151.5,43.7661266666667,-79.5096783333333,990.4,6.50472507936317,7.249555424421,21.8,27.1311646897864,25.4,144.9,359.6,1.6,15.1
2018-08-09 15:37:31.300,171.8,31.6461049435165,1.9147441618866,1.96002699314678,1.0283882656285,404.916823943106,414.492990366473,1.05271957435493,145.3,140.51150738672,23103.4479260614,1.4,153.5,43.7660816666667,-79.50962,990.5,6.50823378842758,7.25315936787333,21.8,27.1324075967739,25.4,147.9,0.9,1.9,15.4
2018-08-09 15:37:32.300,172.4,31.65025503422,1.91282378297498,1.95822974469867,1.36347839460773,405.010832365922,414.624861968789,1.39584207018898,143.6,140.508214655686,23187.4613045888,1.4,147.5,43.7660433333333,-79.5095733333333,990.5,6.50585892023681,7.25469904393791,21.2,27.1345206345583,25.3,154.6,0.4,1.4,14.8
2018-08-09 15:37:33.300,172.3,31.6514133315148,1.91088550054401,1.95635301337851,1.24794081143893,404.45186422799,414.075339132441,1.27763505065567,141.6,140.508617121761,23240.8984735297,1.4,138.1,43.7660066666667,-79.50953,990.5,6.50385101174493,7.25626314362989,21.1,27.1360834489332,25.2,137.2,357.9,1.5,14
2018-08-09 15:37:34.300,172.7,31.6493110735046,1.91013757423759,1.95559329175395,1.14377346131695,404.00881354441,413.622987667682,1.17099165793236,138.9,140.526958418504,23243.7838515345,1.4,134.6,43.7659683333333,-79.5094833333333,990.5,6.5037666235404,7.25931625674551,21.1,27.1380675818599,25.2,133.5,358,0.9,12.9
2018-08-09 15:37:35.300,172.7,31.6486088260749,1.90463803530479,1.95006715631882,1.13266447166759,404.780657037891,414.435450479255,1.15968078471428,135.4,140.501862850772,23296.1563374546,1.4,132.6,43.765935,-79.5094266666667,990.5,6.50838127291321,7.25401715642108,20.7,27.1398472427339,25.3,98.9,354.8,0.7,12.2
2018-08-09 15:37:36.300,173,31.6464392534768,1.90342526176826,1.9489396369508,1.08865615999702,405.67188211363,415.372351236365,1.11468758606505,132.7,140.50305312693,23353.6140040968,1.4,129.3,43.7659066666667,-79.5093733333333,990.5,6.50608016766141,7.25419665246539,20.5,27.1417595443631,25.3,113.4,357.8,0.8,12.4
2018-08-09 15:37:37.300,172.7,31.6420883341411,1.90428135952858,1.95004730591407,1.06312664182071,405.739871829859,415.491157059922,1.08868272317761,130.1,140.543446454498,23469.2361080103,1.4,127.8,43.7658716666667,-79.5093166666667,990.5,6.49899447132517,7.25512136955924,20.5,27.143549921135,25.3,134,359.9,0.5,12
2018-08-09 15:37:38.300,171.8,31.644636805315,1.90052224267311,1.94655857825791,1.00888075589119,405.764177580053,415.593074593966,1.03331339678333,129,140.509118544818,23650.2845634644,1.4,128.6,43.7658416666667,-79.5092683333333,990.5,6.50133254924373,7.25145980613286,20.1,27.1451924078724,25.3,118.8,358.8,0.2,11.8
2018-08-09 15:37:39.300,171.6,31.6499764503233,1.89671051264605,1.94269592395196,0.7984567958298,405.328314469866,415.155414748982,0.817815423890014,128.6,140.512729973806,23670.8383714146,1.4,120.6,43.7658116666667,-79.509215,990.5,6.50256848941906,7.25056495406119,19.8,27.1471280420195,25.3,72.3,0.4,0.5,11.6
2018-08-09 15:37:40.300,171.7,31.6601993274817,1.89605953058005,1.94191906596634,0.846434897752851,404.902007662137,414.695318213749,0.866906789905658,129.2,140.51908397512,23615.6257612876,1.4,129.9,43.7657766666667,-79.5091666666667,990.5,6.4987730615886,7.25283907472182,19.8,27.1485191490151,25.4,109.6,356.9,1.1,12.5
2018-08-09 15:37:41.300,170.8,31.6702919713006,1.89525978720559,1.94108534802468,1.10000489854513,405.023498698721,414.81662334722,1.12660331837852,129,140.510946088371,23608.3283504535,1.4,129.1,43.765745,-79.509115,990.5,6.49985819891266,7.25203769718575,19.6,27.1509608511776,25.4,111.1,356,1,13
2018-08-09 15:37:42.300,170,31.6739049252779,1.89504866443695,1.94089696479461,1.31137351744468,404.594435325267,414.383027816325,1.34309987179936,129.3,140.538377436442,23622.0999899474,1.4,126.7,43.7657133333333,-79.5090666666667,990.4,6.50315011992266,7.25143830760766,19.6,27.1531888897052,25.4,121.4,356.9,1.3,12.9
2018-08-09 15:37:43.300,169.8,31.6742675449468,1.89608514555667,1.94193043981768,1.24009527841355,404.658888857551,414.443178391998,1.27007970268976,127.8,140.503333587258,23608.363293697,1.4,124.3,43.7656866666667,-79.5090133333333,990.5,6.50248092117776,7.25423267103474,19,27.1545814430345,25.4,104.7,356,1.6,13.7
2018-08-09 15:37:44.300,169.5,31.6724677255254,1.89667135868757,1.94246669968507,1.12562253147317,404.835647296679,414.61051153443,1.1528001775216,127.4,140.500423699872,23576.047537974,1.4,122.3,43.765655,-79.5089666666667,990.5,6.50183754545246,7.25294796570789,19.4,27.1566632826249,25.3,105.6,354.8,1.5,13
2018-08-09 15:37:45.300,169.2,31.6708761527159,1.89759035303573,1.94338280659435,1.06352828700168,404.695040571279,414.461067486278,1.08918961315352,126.3,140.514443863273,23563.0927740375,1.4,120.8,43.76563,-79.50891,990.5,6.50447457753769,7.25308201592842,19.2,27.1580927864829,25.3,118.6,359.8,1.4,13.9
2018-08-09 15:37:46.300,169,31.674300625986,1.90208274639798,1.947994197903,1.18996825756527,405.06847162975,414.845694096674,1.21868921401334,124.6,140.506915169012,23568.2993374159,1.4,122.3,43.7656083333333,-79.50885,990.5,6.5060607622893,7.25403961831874,18.8,27.1594799891673,25.3,114.3,356.5,2.1,14.5
2018-08-09 15:37:47.300,168.6,31.6794403873479,1.90734170196158,1.95364420434849,1.19025336386311,404.759882992897,414.585713800897,1.21915469612869,122.9,140.526245419321,23700.4217722583,1.4,117.9,43.7655833333333,-79.508795,990.5,6.50285245532012,7.25118234933479,18.8,27.1618777173212,25.2,117.5,359.4,2.2,15.2
2018-08-09 15:37:48.300,168.6,31.6868364218698,1.91145873208948,1.95816196847867,1.21910014074584,404.398247042985,414.278951998031,1.24888438692058,120.6,140.51610017614,23850.4449727784,1.4,108.6,43.7655616666667,-79.50874,990.5,6.50160171503891,7.25366702467144,18.5,27.1644727046662,25.1,122.2,359.6,2.5,15.1
2018-08-09 15:37:49.300,168.7,31.6880941068846,1.91276503808972,1.95980572972535,1.1100168037672,404.454137627108,414.400918187123,1.13730927814633,119.2,140.515107908311,24002.7781067869,1.4,113.5,43.7655416666667,-79.5086916666667,990.5,6.50217719911977,7.25297878375123,17.9,27.166098976759,25.1,116.9,0.6,2.5,14.9
2018-08-09 15:37:50.300,168.2,31.687884347362,1.91241281477988,1.95975513492088,1.09985253542832,404.373340011188,414.383757282156,1.12708090285856,118.7,140.534516172998,24157.3746267113,1.4,114.6,43.7655183333333,-79.508635,990.6,6.50280233520502,7.25615939955248,18.1,27.1680093851508,25.1,120.8,0.5,2.1,14.1
2018-08-09 15:37:51.300,168.5,31.6926734976405,1.91305584245939,1.96056370321703,1.12878670391948,404.455266518862,414.499337137862,1.15681613631443,119.7,140.486871319523,24231.9216477211,1.4,113.8,43.76549,-79.5085716666667,990.4,6.50074525418198,7.25443817698596,18.3,27.1705049566831,25.1,119,0.7,2.2,14.3
2018-08-09 15:37:52.300,167.8,31.6928671899112,1.9114121652351,1.95911240734587,1.02233575255754,404.435150580821,414.528115434427,1.0478443083677,119.5,140.500711623407,24348.1203657324,1.4,112.5,43.7654666666667,-79.5085216666667,990.6,6.50176414949952,7.25258034420854,17.5,27.1713967963271,25.1,121.4,0.4,2.1,14.3
2018-08-09 15:37:53.300,167.5,31.6945612383032,1.90980816581171,1.95767299764971,1.03896494987019,404.126617425528,414.255236880491,1.06500977171279,119.6,140.519800575752,24450.138958859,1.4,117.1,43.765445,-79.5084616666667,990.5,6.50382003401663,7.25492884052393,17.9,27.1726601319381,25.1,119.7,0.3,2.5,14.1
2018-08-09 15:37:54.300,167.3,31.7032421934335,1.90853518359443,1.9563914078155,1.0920703922981,404.133812368723,414.267303471616,1.11945719478934,120.2,140.50432388821,24461.314900458,1.4,119.2,43.76542,-79.5084016666667,990.6,6.50121537410423,7.252169282607,17.9,27.1750579635044,25.1,119.6,359.9,2,13.4
2018-08-09 15:37:55.300,166.5,31.7064871836974,1.90769528970461,1.95544012464377,1.06620221866451,404.077733819603,414.190732482923,1.09288590192097,120.9,140.538015355996,24416.2894217894,1.4,120.8,43.7653933333333,-79.5083516666667,990.5,6.49945767672005,7.25164716131766,17.7,27.1771455828471,25.1,118.8,359.1,2.1,13.7
2018-08-09 15:37:56.300,166.3,31.7066054465274,1.90594914467365,1.95368017864582,1.18964336818587,404.201171940283,414.323721364639,1.21943692240364,120.3,140.529289096313,24431.5171858796,1.4,121.9,43.7653766666667,-79.5082983333333,990.5,6.50062142381974,7.24985270328392,17.7,27.1786452931385,25,115.6,358.7,2,13.1
2018-08-09 15:37:57.300,166.6,31.7108513864558,1.90375385811383,1.95142065777699,1.13896509522291,404.556109014971,414.685485321164,1.16748689641984,122.6,140.524634286209,24426.7240233527,1.4,124.8,43.765355,-79.5082466666667,990.4,6.50389709119484,7.25206508369113,17.5,27.1805263192006,25,120.6,358.8,1.7,12.8
2018-08-09 15:37:58.300,166,31.7151266692481,1.90442643245772,1.95198913138637,1.08555145605022,404.274379175141,414.371027540783,1.11266029698764,124.7,140.54430107135,24366.0906177555,1.4,131.5,43.7653283333333,-79.5082016666667,990.5,6.50407865306808,7.25453001080461,17.5,27.1834580661032,25,121.5,358.3,1.1,12.1
2018-08-09 15:37:59.300,165.6,31.7215511209068,1.90548000680428,1.95310810249763,1.20212441742452,404.242372782885,414.346533646832,1.23217277952337,127.1,140.514442412248,24385.6560805882,1.2,134.7,43.7653066666667,-79.5081516666667,990.5,6.50344173463313,7.25488594915601,17.4,27.185647724165,25,123.1,0.6,1.7,13
2018-08-09 15:38:00.300,165.1,31.7279535936246,1.90290581117238,1.95054431209091,1.10309197890482,404.830670586556,414.965380341013,1.13070967233815,133.9,140.514613658826,24423.1036052687,1.2,138.3,43.7652766666667,-79.5081166666667,990.5,6.50521745602737,7.25264458826889,16.8,27.1873067968123,25,124.7,357.4,1.6,12.6
2018-08-09 15:38:01.300,165.3,31.7348679056821,1.90380105850974,1.95143636797303,1.01657909085689,405.409111320835,415.553008812095,1.04201542417645,144.8,140.526939361712,24410.533020796,1.4,161,43.76524,-79.5080916666667,990.6,6.5028517606389,7.25136846467056,16.2,27.1897859209267,24.9,122.5,353.7,1.6,12
2018-08-09 15:38:02.300,165.2,31.7456663633122,1.90515712539783,1.95273518113206,1.0692384915361,405.927668045485,416.06515411109,1.09594041164981,155.5,140.481279562999,24365.1375142263,0.8,178,43.7651983333333,-79.508075,990.6,6.50355925827602,7.25153844633089,16.2,27.1916389921128,24.9,124.4,354.3,1.9,12.5
2018-08-09 15:38:03.300,165.6,31.7536176863583,1.90445066896396,1.95196908656199,1.34788312847944,406.300469207084,416.43822327042,1.38152514460632,163.1,140.504532750586,24344.0351541669,0.8,188.6,43.76516,-79.5080566666667,990.6,6.50175026011102,7.25290922631774,16.1,27.1926216303886,24.9,137.4,354.6,2,12
2018-08-09 15:38:04.300,166.1,31.7589929675524,1.9054474721296,1.9530374690404,1.52981137315582,406.976842057164,417.141432480633,1.56802111888264,167.7,140.529628929149,24367.3372757499,0.8,176.1,43.76512,-79.5080466666667,990.6,6.49850325878286,7.25058232644051,16.2,27.194465551547,24.9,153.5,358.3,1.9,12.2
2018-08-09 15:38:05.300,166.3,31.764342585513,1.90538999582662,1.95294429400438,1.5231866651378,407.681801028057,417.856739442998,1.56120193618446,170.7,140.511901086732,24350.3680057022,0.8,175.9,43.765075,-79.5080366666667,990.7,6.50056246055122,7.25182462905665,16.6,27.1961495813396,24.9,165.5,357.4,1.7,11.8
2018-08-09 15:38:06.300,166.5,31.7657091258137,1.90353684588709,1.95098278623506,1.56651448286791,408.538577043436,418.721468567285,1.60556125169855,174.4,140.53687776009,24319.1063783289,1.1,182.2,43.7650333333333,-79.5080333333333,990.6,6.50438547589063,7.25363839962127,16.6,27.197162781986,24.9,167,357.5,1.1,11.3
2018-08-09 15:38:07.300,166.1,31.7688451834874,1.90236024726399,1.94968047423824,1.45510183105613,409.709983052522,419.90131012424,1.49129872096366,175.4,140.52506325627,24270.8522064734,0.8,178.9,43.7649933333333,-79.50803,990.6,6.505156483712,7.24878593280388,16.4,27.1986687958719,24.9,171.1,359.8,1.3,11.7
2018-08-09 15:38:08.300,166.1,31.7726197557202,1.90291765332026,1.95014817339926,1.34105827376747,410.01347388244,420.19008884145,1.37434522787437,176.8,140.510859003129,24219.0842157011,0.8,175.3,43.764955,-79.5080283333333,990.6,6.50399605021237,7.25212498710158,16.2,27.2006167972347,24.9,176.7,0.4,1.9,12.6
2018-08-09 15:38:09.300,166.4,31.7700197771773,1.90354081864701,1.95066768237948,1.41541323392578,409.675275029875,419.817809139657,1.45045184385104,176.4,140.517413642074,24159.3670876771,0.8,171.9,43.7649133333333,-79.508025,990.7,6.50296143356684,7.25246357265339,16.2,27.2032045434768,24.9,178,0.4,2,12.6
2018-08-09 15:38:10.300,166.5,31.7673263453648,1.90244937845904,1.94939915551184,1.51820253810991,409.512261854079,419.618429446757,1.55566953574218,172.3,140.500272028125,24084.1051025756,1.1,165,43.7648716666667,-79.5080133333333,990.5,6.50455707161039,7.2532621077048,16.4,27.2059205913929,24.9,177.6,0.3,2.1,13.2
2018-08-09 15:38:11.300,167.6,31.7644091247793,1.9025304703606,1.94943178707865,1.49349997150449,409.161132963598,419.247812102061,1.53031742989644,163.3,140.514660526552,24058.9242974673,1.2,158.5,43.7648316666667,-79.50799,990.6,6.50232336422919,7.25380268047259,16.1,27.2072982741885,24.9,172.3,0,2.2,12.9
2018-08-09 15:38:12.300,167.7,31.7600360927514,1.90204565703541,1.94882522512696,1.38276915774482,408.736337567313,418.789021301563,1.4167830803985,156.3,140.533769095003,24004.1056031239,0.8,141.3,43.764795,-79.5079583333333,990.6,6.49633904378145,7.25225069527499,15.7,27.2090553504048,24.9,168.2,1.9,2.3,13.1
2018-08-09 15:38:13.300,167.3,31.7567244596218,1.90314422254497,1.94988790471175,1.34465885008146,408.206599205108,418.232612828531,1.37768583016803,150.6,140.523767505719,23972.3677970969,1.1,138.2,43.7647616666667,-79.5079216666667,990.6,6.49777947609565,7.2557524094021,15.7,27.2115319780952,25,160.8,0.6,2.2,12.8
2018-08-09 15:38:14.300,167.1,31.7519506542002,1.90452540021138,1.95133763180145,1.43771501640762,407.981514071832,418.009452177484,1.47305220093985,146.5,140.527441363442,23989.7118449561,1.1,138.8,43.7647266666667,-79.5078866666667,990.5,6.50204765182221,7.25315936043409,16.2,27.2129299260961,25,160.5,3.5,2.2,13.1
2018-08-09 15:38:15.300,167.6,31.7503769935261,1.90616962639978,1.95312549782059,1.3932235700824,407.105343292324,417.133819520641,1.42753885921511,143.2,140.532799456387,24041.3813363968,0.9,137.7,43.7646916666667,-79.50785,990.6,6.50102322369165,7.25139806587594,16.8,27.213788496763,25,154.3,3.7,2.5,13.1
2018-08-09 15:38:16.300,167.8,31.7554207651785,1.90608250256099,1.95306337597295,1.19993850732323,406.348997793596,416.364616194887,1.22951753941238,139.9,140.499028608535,24054.8382846376,0.8,134.8,43.7646566666667,-79.5078083333333,990.6,6.50092303521492,7.25151884555172,16.8,27.2163707800338,25,149.7,1.2,1.7,12.5
2018-08-09 15:38:17.300,167.6,31.7565703843135,1.90467277809954,1.95161578456054,1.16505432885572,406.075538312516,416.083781723459,1.1937702195035,140.5,140.487066247087,24053.4185901203,0.8,139.9,43.76462,-79.5077683333333,990.6,6.50071719828315,7.25021294864666,16.8,27.2185862489328,25,145.8,3.7,1.4,12.6
2018-08-09 15:38:18.300,168.2,31.7558441693444,1.90565034167626,1.9526989803338,1.16901346035007,405.653183813523,415.668398395536,1.19787442656286,143.7,140.512404939121,24094.2144110348,0.8,144.9,43.7645783333333,-79.507735,990.7,6.50109554758043,7.24722516590542,16.8,27.2199390357108,25,154.7,3.8,1.5,12
2018-08-09 15:38:19.300,168.7,31.7618225531262,1.90542257552198,1.95242441278098,1.24293218245001,405.180513053575,415.175201053883,1.27358813484926,145,140.497709059438,24073.3629319356,0.8,145.1,43.7645433333333,-79.5077,990.6,6.50463909784425,7.25016621940891,16.8,27.2219950798892,25.1,145.2,0.1,2.2,13.4
2018-08-09 15:38:20.300,169.7,31.7684238755965,1.90254278795628,1.94973549671418,1.38207563338045,404.332051654201,414.361387709921,1.41636435039643,150.8,140.51349765236,24204.5380203947,0.8,162.1,43.7645033333333,-79.5076733333333,990.7,6.5064729101622,7.25375417789727,16.2,27.2235277569167,25.1,124.6,355,2.2,13.1
2018-08-09 15:38:21.300,169.6,31.7746687733579,1.90331282390585,1.95078759130332,1.1631670746987,403.92341276516,413.998459039571,1.19217844854345,153,140.527389912884,24336.0155911441,0.8,167.8,43.76447,-79.5076466666667,990.7,6.50714656445741,7.25074882532826,16.2,27.2253295719058,25,133.6,357.6,1.9,12.4
2018-08-09 15:38:22.300,169.4,31.7778970716992,1.90425842752907,1.95187962894622,1.07515899343979,403.62348267151,413.717145615246,1.10205039195265,155.2,140.498542037322,24397.5393559737,0.8,162.8,43.7644316666667,-79.5076283333333,990.6,6.5012944558015,7.2522627343204,16.4,27.2277644990881,25,145,357.3,2.1,12.9
2018-08-09 15:38:23.300,169.2,31.7779981484653,1.90300302146204,1.95077093542811,1.20100677802071,403.287340292812,413.410337911147,1.23115568575092,158,140.520171765347,24486.5877638931,0.8,161.4,43.7643883333333,-79.507615,990.6,6.50114362471322,7.25011351002426,16.2,27.2297224737076,25,149.9,357.3,2,13
2018-08-09 15:38:24.300,168.3,31.7835362702883,1.90111571512259,1.94893560220836,1.33738193882821,403.075130083101,413.213892308658,1.37102257281305,162.6,140.488495867959,24536.3527110394,0.9,166.2,43.7643466666667,-79.5076033333333,990.8,6.50643581358369,7.2494368524495,16.2,27.231271299605,25,152.3,356.6,2.4,12.6
2018-08-09 15:38:25.300,167.9,31.7882544515954,1.89993510044552,1.94761008726671,1.48745846876431,403.14162757134,413.257643032508,1.52477902049817,163.9,140.484233413004,24478.7450480445,0.8,169.7,43.7643066666667,-79.507595,990.6,6.50820364854304,7.25111758130043,16.2,27.2327949403371,25,158.9,358.3,2.2,13.1
2018-08-09 15:38:26.300,168.3,31.7921511516866,1.9020970022787,1.94995297370883,1.35917329674917,403.519332877525,413.671665074174,1.39335520056261,164.6,140.524581032181,24542.0365254747,0.8,166.9,43.7642633333333,-79.5075816666667,990.7,6.50200062450731,7.25168293833021,15.9,27.2353820679783,25,160.1,357.3,2.4,13.1
2018-08-09 15:38:27.300,167.7,31.8036958771747,1.90234889367839,1.95030809887246,1.22286586586182,404.086050757491,414.273366928885,1.25369519493008,167.2,140.5010383492,24590.8208043689,1.1,174.1,43.7642266666667,-79.5075716666667,990.7,6.50027609659812,7.24939620713128,15.7,27.2373919799644,25,156.4,356.7,2.3,12.9
2018-08-09 15:38:28.300,167.3,31.8098740209625,1.90058992271116,1.94834494327052,1.10612642046555,404.646620485717,414.813963235028,1.13392398835715,171.8,140.521514219192,24510.5368058559,1.1,179.3,43.7641833333333,-79.5075683333333,990.7,6.50505398042782,7.25024443452715,15.7,27.2381219701688,25,161.1,356,2,12.1
2018-08-09 15:38:29.300,168,31.8132141747345,1.90140684016982,1.94913751473988,1.10685421274769,404.802778883759,414.964366766455,1.13463982363937,178.8,140.540927221869,24487.8121339167,1.1,187.8,43.7641366666667,-79.5075716666667,990.7,6.50013445038234,7.25011071659241,16.2,27.2401968110403,25,163.6,356.6,2.3,12.7
2018-08-09 15:38:30.300,168.7,31.8211619021957,1.9017836394263,1.94944732232674,1.3364744446636,404.529397807608,414.667899284825,1.36996364267645,181.7,140.498512023587,24449.6287726498,1.1,189.1,43.7640933333333,-79.507575,990.7,6.50284853922873,7.248136663035,15.9,27.2436838715022,25,161,355.7,2,12.8
2018-08-09 15:38:31.300,168.1,31.8201435858474,1.90166968334552,1.94908838080554,1.20303912849616,404.558259840415,414.646053425309,1.23305125050406,184.8,140.527219445592,24328.6851775451,1.1,191.3,43.764055,-79.5075783333333,990.6,6.50520762494837,7.25035316873824,15.7,27.2460656515243,25,170.1,357.4,2.1,13.2
2018-08-09 15:38:32.300,167.4,31.8226325446968,1.90044038520505,1.94766752364986,1.16462258743699,404.585882049963,414.640092711208,1.19356225326757,189.1,140.528601111537,24248.0281844246,1.1,194.7,43.76402,-79.5075916666667,990.8,6.50436939272529,7.25329218929122,15.7,27.2475735091286,25,178.2,357,2.7,13.8
2018-08-09 15:38:33.300,166.6,31.8309823921857,1.90016856633631,1.94719298045598,1.15446517534921,405.069560522863,415.094050137448,1.18303901829548,193.2,140.495630049349,24149.9525372155,1.1,203.8,43.76398,-79.507605,990.7,6.50309799162281,7.25354907458705,15.5,27.2481337727477,25,172.9,356.2,1.9,12.6
2018-08-09 15:38:34.300,165.8,31.8319120901044,1.89965087396673,1.94643496334427,1.14578064571107,405.838329789973,415.833122790776,1.17399702411465,199.9,140.529393683148,24035.6274842172,1.1,214.1,43.7639433333333,-79.50763,990.7,6.50389647780475,7.25175412899484,15.5,27.2502277202707,25,180.4,355.4,2.4,13.4
2018-08-09 15:38:35.300,166.1,31.8330695638204,1.90134018727244,1.94806481752138,1.11465923245396,405.705168633649,415.675191639368,1.14205234971396,203,140.519137083538,23985.0462249323,1.1,219.2,43.76391,-79.5076516666667,990.8,6.49857525065913,7.25138701780558,15.3,27.2514544747926,24.9,189.2,356.3,2.7,13.6
2018-08-09 15:38:36.300,166.7,31.8367749929282,1.90075384672618,1.94730576374771,1.25889166930393,405.646096199674,415.580830939938,1.28971544138419,205.4,140.511493248728,23905.6748535661,1.1,220,43.763875,-79.5076766666667,990.8,6.49713921796551,7.25046129959873,15.1,27.25351765116,24.9,204,359.7,3.3,14.3
2018-08-09 15:38:37.300,166.7,31.8384776808683,1.89894227543821,1.94529027841245,1.26897363131822,405.068298520663,414.954912143861,1.29994727113033,209.6,140.538800062854,23825.8121041962,1.1,224.7,43.76384,-79.5077066666667,990.8,6.50170136333059,7.25241259335814,15.1,27.256310299109,24.9,205.9,359.2,3,13.9
2018-08-09 15:38:38.300,166.7,31.8415230276643,1.89653176090316,1.9427975493005,1.33984835551197,404.916547556234,414.794490705528,1.37253407370633,214.4,140.510517386984,23814.0752953025,1.1,230,43.7638116666667,-79.5077416666667,990.6,6.50497605676931,7.24972909031339,15.7,27.257245459354,24.9,193.6,354.4,2.7,13.2
2018-08-09 15:38:39.300,166.8,31.8462409623923,1.8977485742328,1.9439195630684,1.14626097317602,405.090279098987,414.945930256572,1.17415851820831,217.2,140.523289735567,23751.6394414123,1.1,224.8,43.7637833333333,-79.5077766666667,990.8,6.50023130863006,7.24974820943997,16.1,27.2585901860733,24.9,203.5,357.9,2,12.1
2018-08-09 15:38:40.300,166.8,31.8530976690758,1.89525077870686,1.94117277944385,1.20117823518809,404.876910002024,414.687093825807,1.23027678882691,218,140.529435220684,23656.7794931287,1.1,222.1,43.7637533333333,-79.5078133333333,990.7,6.50375963156447,7.25090053750009,16.1,27.261184683808,25,198,354.4,1.7,12
2018-08-09 15:38:41.300,167.2,31.8581265066282,1.8941872097189,1.93999478839946,1.24519258819927,404.448421558151,414.229396893066,1.27530550839525,219.8,140.503675704234,23612.3254457107,1.1,220.9,43.7637233333333,-79.5078483333333,990.7,6.5074316557322,7.25034961191932,16.2,27.26259163589,25,194,351.3,2,12.1
2018-08-09 15:38:42.300,167.2,31.8579688386086,1.89445472176629,1.94022992579688,1.10968641680615,403.785154401742,413.541699319954,1.13650019565902,222.3,140.527077179708,23592.6076766574,0.8,219.8,43.763695,-79.5078883333333,990.7,6.50618069183247,7.24916833461716,16.2,27.2638351371631,25.1,199.4,357.3,1.6,11.2
2018-08-09 15:38:43.300,166.6,31.854609921132,1.89271690818983,1.93847990818983,1.1493727936951,403.230943316433,412.980493872551,1.1771643110362,225.2,140.531239828107,23607.912844796,0.8,227.1,43.76367,-79.5079333333333,990.7,6.50837018650198,7.24742066167826,16.2,27.2653801865522,25.1,177.3,349.8,1.3,10.2
2018-08-09 15:38:44.300,166.1,31.8560923889207,1.89225840066249,1.93778914402056,1.30051804304193,402.516171909746,412.201434848636,1.33180438556628,226.4,140.502786895488,23496.4655564778,0.8,230.4,43.7636466666667,-79.5079766666667,990.7,6.50689228753845,7.25087985232453,16.2,27.2682057950886,25.1,147.5,352.7,1.2,9.9
2018-08-09 15:38:45.300,166.2,31.8559117249867,1.89583976433603,1.94138998839969,1.12199419580249,403.267159826244,412.95618624322,1.14894934004762,225.3,140.531649530446,23462.5728853997,0.8,231.3,43.7636166666667,-79.508015,990.7,6.50083182387026,7.24945006450688,15.9,27.2705226685293,25.1,218.8,357.9,1.1,10.8
2018-08-09 15:38:46.300,166.1,31.855054373149,1.89427278150591,1.93948440254338,1.08993758651354,404.22743622921,413.875210661568,1.11594610170551,226,140.531487320384,23310.8383787917,0.8,227.7,43.7635916666667,-79.508055,990.7,6.50371442481267,7.24625298332722,15.7,27.2717093813757,25.1,207.1,355.5,1.1,10.5
2018-08-09 15:38:47.300,165.5,31.8529577773733,1.89281567481627,1.93796346815753,0.960722809234221,404.164457012429,413.804649945399,0.983633935667492,227,140.491568797041,23296.4764610731,0.8,227.8,43.7635666666667,-79.5080933333333,990.7,6.50540525473973,7.25052144584365,15.5,27.2738504005273,25.1,232,0.4,1.3,11
2018-08-09 15:38:48.300,164.7,31.8480556896912,1.89442359207756,1.93977428034141,0.810139950337354,403.885482337114,413.554175455164,0.82953185619523,231,140.528270384602,23379.5651497177,0.8,238.1,43.7635483333333,-79.50814,990.7,6.50226109022512,7.24930962400194,15.5,27.2762225163992,25.1,223.1,357.7,1.4,11.4
2018-08-09 15:38:49.300,164,31.8469414288268,1.89481724759729,1.94022539652966,1.02660238855678,404.633594236336,414.330392723915,1.05120443268682,234,140.53127187719,23403.6330693926,0.8,239.4,43.7635283333333,-79.5081833333333,990.7,6.50367049039625,7.24634167570904,15.1,27.2776799395031,25.1,208.9,356,1.3,10.9
2018-08-09 15:38:50.300,163.9,31.8503983118785,1.89322450799353,1.93843286524012,1.10848739720656,404.98946569768,414.66015181685,1.13495753217303,234.7,140.493141351731,23321.9877325216,0.8,238.7,43.7635066666667,-79.5082266666667,990.8,6.50951067078701,7.25072490760193,15,27.2799846791952,25.1,220.8,359.8,1.4,11.2
2018-08-09 15:38:51.300,163.7,31.8513819503822,1.89290066702084,1.93808448812681,1.09091209846035,406.155348698058,415.850328814126,1.11695237054114,234.7,140.50836322393,23313.6381064249,0.8,234.2,43.763485,-79.5082683333333,990.7,6.50528944603035,7.25047010732862,14.8,27.2812703228838,25.1,236.8,359.7,1.3,10.4
2018-08-09 15:38:52.300,163.6,31.8521842377619,1.89435277139977,1.93950580673925,1.23513808020688,406.627773251466,416.31997124057,1.26457555306506,234.6,140.519788496228,23280.6533373867,0.8,236.4,43.7634633333333,-79.5083083333333,990.8,6.50393187948864,7.24425438460628,14.2,27.2831051456412,25.1,232.4,359,1.1,9.8
2018-08-09 15:38:53.300,163.6,31.8557867769113,1.89534348722655,1.94060352252202,1.31619092667135,405.603093863178,415.288748995022,1.34762179239949,234.2,140.490664198468,23322.7599012253,0.8,236.4,43.7634416666667,-79.5083483333333,990.7,6.50594366411487,7.25139963802808,14,27.2859671866369,25.1,236.8,359.9,0.9,9.4
2018-08-09 15:38:54.300,164.1,31.8532440240719,1.89502073055525,1.94038218824244,1.27054450271339,404.915164585722,414.607648178319,1.30095728160546,233.5,140.525634716339,23377.6399836678,0.8,235.2,43.7634166666667,-79.5083833333333,990.7,6.5090804404861,7.25107486690482,13.7,27.28769411056,25.1,239.6,1.7,1.1,9.6
2018-08-09 15:38:55.300,165.2,31.8561368886856,1.89533048871505,1.94085092106578,1.09629266375876,404.310445158745,414.020761043903,1.12261859403545,233.9,140.511507005978,23453.8099834395,0.8,235.3,43.7633966666667,-79.5084166666667,990.7,6.50944154814967,7.2494874902502,13.3,27.2892092627058,25.2,241,0.4,0.9,9.8
2018-08-09 15:38:56.300,166,31.8614558394537,1.89681191270441,1.94257906272051,0.976336052014781,403.916268432665,413.662114714206,0.999891633740563,232.6,140.510305601667,23559.8624641507,0.8,236.1,43.7633733333333,-79.5084483333333,990.8,6.50799323555608,7.24886947398621,12.4,27.2916613916388,25.2,252.1,6.8,1.5,10.2
2018-08-09 15:38:57.300,166.5,31.8640576521241,1.89974914130758,1.94571790651999,1.12057484193575,402.814605028219,412.561634215685,1.14769226519162,230.8,140.52794816584,23625.6280515292,0.8,233,43.7633533333333,-79.5084783333333,990.7,6.50405580920216,7.25314873518714,12,27.2935489942845,25.3,264.2,9.2,1.8,9.9
2018-08-09 15:38:58.300,167.2,31.8726723253655,1.90356153687468,1.94967337332709,0.846632263932995,402.85017668421,412.608740806504,0.867139655778166,228.1,140.489258556664,23650.8984219937,0.8,234.7,43.7633333333333,-79.5085,990.8,6.50262091547445,7.25453958568838,11.2,27.295524512535,25.3,248.6,4.5,1.6,9.6
2018-08-09 15:38:59.300,167.8,31.8780887726786,1.9044987601,1.95078664656071,0.992395883106786,403.618031271429,413.427755624286,1.01652209124893,226.1,140.507339133929,23727.8349132857,0.8,225,43.7633166666667,-79.5085216666667,990.8,6.50233380816071,7.252690918475,10.5,27.2964699693571,25.3,215.1,357.9,1.5,9
2018-08-09 15:39:00.300,168.5,31.8817495228064,1.90931454638782,1.95598892645342,1.16415893184066,404.331849866846,414.216027856512,1.19262158072274,223.6,140.530382832158,23862.2832078918,0.8,223.1,43.7632983333333,-79.5085433333333,990.7,6.50446706579552,7.24994789128488,10,27.2981706946239,25.3,245.8,5.2,1.1,8.4
2018-08-09 15:39:01.300,168.6,31.8881703350916,1.91073211732317,1.95747283240795,1.11571190096238,403.391823484927,413.259819016354,1.14300538144705,216.4,140.45553463838,23878.3633523805,0.8,219,43.76327,-79.5085633333333,990.8,6.50323844696523,7.25559805574414,10.3,27.2982197765456,25.3,259.8,14.8,1.5,7.9
2018-08-09 15:39:02.300,169.1,31.8870969022374,1.90776156196782,1.95442215979532,1.41709310750447,403.367897500387,413.233562465708,1.45175275035368,206.2,140.523334184024,23874.1341290412,0.8,198.1,43.7632366666667,-79.5085716666667,990.8,6.51252249156045,7.25226543384278,11.1,27.2989878366708,25.4,241.9,1.8,1.6,9.5
2018-08-09 15:39:03.300,169,31.8842235320923,1.90792452006025,1.95475011072769,1.12996930649638,402.536301626913,412.415523939002,1.15769255000371,203.1,140.519481592026,23954.4908178677,0.8,198.4,43.763205,-79.5085866666667,990.7,6.50954798502296,7.25483995975973,12.2,27.3001316699756,25.4,198.9,356.4,2.3,11
2018-08-09 15:39:04.300,169.4,31.8838973960854,1.90600174913802,1.95281394120603,1.20434861840769,402.349220856267,412.230927366053,1.23392747560417,200.6,140.49925826552,23971.3285558225,0.8,198.3,43.7631766666667,-79.508605,990.9,6.50737149497826,7.25004140568709,12.9,27.3011605446817,25.4,201.8,359.6,2.6,12.3
2018-08-09 15:39:05.300,170.2,31.8833961079436,1.90471251067005,1.95153565157973,1.17072683104732,401.279929240815,411.144457445043,1.1995057525975,196.7,140.533446943884,23992.8413868045,0.8,201.1,43.76314,-79.5086166666667,990.8,6.50579494770012,7.25230966723531,13.8,27.3039357693659,25.3,201.3,1,3.1,12.8
2018-08-09 15:39:06.300,169.7,31.8887703405896,1.90293721390495,1.94960938161055,1.25603474857658,400.769639111184,410.599063186186,1.28683912883017,194.2,140.499531379445,23939.2009931077,0.8,197.6,43.7631,-79.5086283333333,990.7,6.50441017459272,7.25230798429007,15.1,27.3061276907803,25.3,197.4,359.1,3,13.7
2018-08-09 15:39:07.300,168.9,31.8970257966899,1.90340369299258,1.94988904464121,1.26612950142097,401.281251784553,411.081542306571,1.29705222738389,189.7,140.4861,23840.3203573069,0.8,190.1,43.7630566666667,-79.5086366666667,990.8,6.5023965000035,7.24852272665534,16.1,27.3073971634599,25.3,188.7,356.8,2.8,13.4
2018-08-09 15:39:08.300,168.5,31.8947807041693,1.90161332254035,1.94795483522053,1.23490233958805,401.28699847445,411.066205606266,1.26499620976029,185.9,140.533979261091,23789.9725418265,0.8,184.3,43.7630133333333,-79.5086383333333,990.7,6.5010138462921,7.25138330477757,16.6,27.3098298120503,25.3,183.2,358.3,2.6,14.1
2018-08-09 15:39:09.300,168.5,31.8910592096622,1.90043329354464,1.94687721471472,1.29533433565439,401.351022339273,411.159620383814,1.32699234836564,184.7,140.493066048092,23855.9870588761,0.8,183.6,43.7629683333333,-79.5086383333333,990.7,6.50312851795664,7.25388887258937,17.4,27.3132510665483,25.3,178.9,357.9,2.4,14.1
2018-08-09 15:39:10.300,168.2,31.8864343464132,1.89954734532859,1.94574913106461,1.28931172968255,401.035693592103,410.790039432135,1.32067278409418,187,140.50358079774,23745.3785025235,0.8,195.1,43.7629233333333,-79.5086466666667,990.8,6.50171383897728,7.25203994207727,17.5,27.3148152893993,25.3,186.2,1,2.6,14.1
2018-08-09 15:39:11.300,167.9,31.8884549045882,1.8993950261257,1.94546819121718,1.04854985919766,401.451246666762,411.189157533906,1.07398669518595,190.5,140.534788892076,23682.305283367,0.8,197.6,43.7628816666667,-79.50866,990.7,6.50415043784729,7.25478531250129,17.7,27.3153112469902,25.3,188.3,1,3.3,16.5
2018-08-09 15:39:12.300,168.3,31.8929636364117,1.90062456795107,1.94667184915781,1.04314161898148,401.27487207257,410.996679033518,1.0684138960249,195.5,140.471910628173,23654.2603547053,0.8,205.9,43.76284,-79.5086766666667,990.8,6.50497836225677,7.25715403275456,17.9,27.3166129481522,25.3,176.9,352.7,3.3,15.7
2018-08-09 15:39:13.300,169,31.8955252416915,1.90022822729457,1.94602648855888,1.03071561139798,401.922635279329,411.609449452713,1.05555736351223,200.9,140.529137819264,23533.9511384497,0.8,210.3,43.7627966666667,-79.5086983333333,990.8,6.50045252346191,7.25238938073809,18.1,27.3182868974686,25.3,160.7,347.7,2.7,13.9
2018-08-09 15:39:14.300,169.6,31.901920633665,1.89785403062195,1.94356759094474,1.11732342182891,402.539217208583,412.235258157455,1.14423660230965,203.1,140.518406037697,23520.5639334909,0.8,212.7,43.7627533333333,-79.5087266666667,990.8,6.5057022240679,7.25684946071224,18.5,27.3213527137129,25.3,183.4,357.8,2.5,14.8
2018-08-09 15:39:15.300,170,31.9100926690445,1.89766439790921,1.9431475431013,1.35767285221903,402.835894474389,412.491125047694,1.39020855411858,205.4,140.473748991955,23407.1114975614,0.8,213.3,43.76271,-79.5087533333333,990.7,6.50592109549499,7.25907099303071,18.7,27.3255944868495,25.3,204.4,0.2,2.5,14.2
2018-08-09 15:39:16.300,170.1,31.9140966642661,1.89563379588277,1.94097956511815,1.15561956012773,402.744741939738,412.378866174524,1.1832642704264,206.9,140.528161331175,23362.2571419989,1.1,218.2,43.7626683333333,-79.5087833333333,990.8,6.50577698025447,7.25858068281116,18.8,27.3274485703998,25.3,211.5,0.6,2.2,14.4
2018-08-09 15:39:17.300,169.8,31.9148367997278,1.89791624151824,1.94354280105547,1.21015756738215,402.793376453986,412.476653517122,1.23925323560335,207,140.526903450738,23475.954789198,0.8,218.8,43.762625,-79.5088166666667,990.8,6.50247032321424,7.24888797279631,18.7,27.3296768921789,25.3,201.4,356.6,2,13.6
2018-08-09 15:39:18.300,170,31.9165033026662,1.89907713311092,1.94438656747547,1.30839517216352,402.267537492604,411.865052105966,1.3396080222786,205,140.504014054228,23302.5522201468,1.1,212.5,43.7625783333333,-79.508845,990.9,6.49973024485396,7.2545503984778,18.1,27.3323785032882,25.3,199.7,353.2,1.5,13.3
2018-08-09 15:39:19.300,169.9,31.912905564117,1.90026056969457,1.94540852887835,1.22710171574602,402.619680188146,412.185408066483,1.25625705402372,201.8,140.553692491274,23207.3482749995,0.8,202.6,43.7625333333333,-79.50887,990.8,6.5024775889451,7.25381113997175,17.9,27.3330316018481,25.3,175.6,351,2.1,13.4
2018-08-09 15:39:20.300,169.8,31.9122922863997,1.89672325562824,1.94185177525824,1.31954035629586,403.764743160669,413.371514993573,1.35093721131992,197.7,140.514871353108,23239.995297104,0.8,204.7,43.7624916666667,-79.5088866666667,990.8,6.51295417973824,7.24732057388338,17.5,27.3346905083964,25.3,167.9,351.4,2.5,13.2
2018-08-09 15:39:21.300,169.3,31.9171325821646,1.90032099116619,1.94546269246773,1.3661611046805,404.278152089586,413.881635285069,1.39861363887311,191.3,140.518472567805,23203.5974256461,1.1,191.5,43.762445,-79.5088933333333,990.9,6.50345995783482,7.25074069577614,17.4,27.3371280117977,25.3,187,355.2,1.2,11.8
2018-08-09 15:39:22.300,168.6,31.9214426434509,1.90223781461072,1.94748313796242,1.19655953154113,404.721824333027,414.348205780083,1.2250188870669,184.2,140.548314530848,23232.6809802179,1.1,181.7,43.7624016666667,-79.508895,990.9,6.5003635162272,7.25452490016954,17.2,27.3385456421471,25.3,173.9,351.1,2.5,13.9
2018-08-09 15:39:23.300,168.4,31.9223710586786,1.8994684636774,1.94481267541312,1.34303462783455,404.502562087966,414.159028633476,1.37509788785518,177.8,140.504179008163,23315.8442973303,0.8,177.4,43.76236,-79.5088916666667,990.8,6.50573850709549,7.25086441917675,17,27.3420255042573,25.3,141.4,352,2.1,12.6
2018-08-09 15:39:24.300,168,31.9249601727039,1.90147067365094,1.94661228640843,1.41888940371373,404.43974569358,414.041278183785,1.45257273663924,172.7,140.537317983319,23189.6068205056,0.8,167.2,43.7623166666667,-79.5088833333333,990.9,6.50585779426123,7.24890349777059,16.4,27.343039273538,25.3,171.8,356.7,1.1,10.7
2018-08-09 15:39:25.300,167.4,31.9255546623204,1.89953008153705,1.94441239812673,1.18757226123174,404.908154995836,414.475253112175,1.21563472455281,168.2,140.537832914742,23082.382920194,0.8,160.6,43.7622766666667,-79.5088716666667,990.9,6.51056289166352,7.25095265057258,16.4,27.3444151469079,25.3,104,353,0.5,9.3
2018-08-09 15:39:26.300,167.3,31.9259307246015,1.90251867894388,1.94754365142572,1.45385584420966,406.325621336849,415.941726793858,1.48826484529377,162.1,140.504138019083,23118.6771332528,0.8,159.9,43.7622416666667,-79.5088533333333,991,6.50271569991343,7.2488163636995,16.1,27.3465345631573,25.3,69.5,348.1,0.6,9.2
2018-08-09 15:39:27.300,167.4,31.922082179781,1.90136384659384,1.94641659449528,1.5746641337263,406.665174980387,416.301035500348,1.61197566555208,154.8,140.52352103992,23146.3517913239,1.1,152.2,43.7622033333333,-79.5088266666667,990.8,6.51010762473664,7.25019840564061,15.9,27.3480335310104,25.4,58.2,353.3,0.6,8.4
2018-08-09 15:39:28.300,167.4,31.9237195402953,1.89917412879856,1.94414965511204,1.20440554401629,406.373099446226,415.996718562568,1.23292802771558,147.9,140.525308045927,23133.9199329973,1.1,145.1,43.76217,-79.5087933333333,991,6.50701636405736,7.24594405915217,15.5,27.3505342105954,25.4,332.1,0.9,0.6,7.8
2018-08-09 15:39:29.300,167.3,31.9303982951126,1.90004435695096,1.94509467662349,1.18469744939668,406.223830577554,415.855405150508,1.21278721980546,144.6,140.516313002546,23161.0448431069,1.1,143.9,43.7621383333333,-79.5087583333333,991,6.49970902378121,7.2495172260767,15.3,27.3516099421953,25.4,253.6,6.4,0.2,8.7
2018-08-09 15:39:30.300,167.3,31.9275803146191,1.90055508556825,1.94534119027837,1.19033471417517,405.890156383,415.454810819232,1.21838438688985,143.3,140.544468786527,23022.1391970595,1.1,144.2,43.7621066666667,-79.5087216666667,990.9,6.5028934731301,7.24953469085874,15.3,27.3530711320178,25.4,239.8,7.6,0.7,8.4
2018-08-09 15:39:31.300,167.5,31.9280247927218,1.89895847949887,1.94358910662473,1.44218196042337,406.092359814892,415.636511120817,1.47607463791744,142.3,140.522939491784,22962.6250847581,1.1,144.6,43.7620783333333,-79.50869,991,6.50292456937103,7.24734664580247,15.3,27.3544625880753,25.5,321.2,1.7,0.7,8.3
2018-08-09 15:39:32.300,167.4,31.9322547143366,1.89912681978492,1.94375719344288,1.18574175755482,406.936043039886,416.499352261492,1.21360807006114,143.1,140.489585717053,22961.2281077417,1.1,149,43.76205,-79.5086566666667,991,6.5054992258411,7.24626904812192,15.3,27.3565190989246,25.5,174.6,6.6,0.7,9.6
2018-08-09 15:39:33.300,167.5,31.9315584761277,1.89799383604919,1.94247828533625,1.25629997322919,405.789725242105,415.300550008595,1.28574370364223,142.7,140.513737616755,22901.0274770174,1.1,149.7,43.7620183333333,-79.5086233333333,991,6.50900510608382,7.26058060453211,15.5,27.3583765509491,25.5,174.5,3.8,0.6,8.6
2018-08-09 15:39:34.300,168,31.9319238821257,1.90063551901249,1.94492739989478,1.38796800262718,406.657223283398,416.133746848428,1.42031152834824,141.8,140.505370282743,22772.7964834323,1.1,151.3,43.761985,-79.5085866666667,991.1,6.50572301390868,7.25081719841177,15.7,27.3604946583542,25.5,170.7,1.9,0.3,9
2018-08-09 15:39:35.300,168.3,31.9356394187509,1.89945335964787,1.94373573536395,1.51304516354838,407.097106923299,416.587871070288,1.54831954848625,137.2,140.5088176261,22782.1731318992,1.1,140.4,43.7619533333333,-79.5085433333333,991.1,6.50321968108142,7.24906627804945,16.1,27.3618601145732,25.5,138.2,0.4,0.3,9
2018-08-09 15:39:36.300,168.7,31.9319643319709,1.89812517433763,1.94228022795055,1.3976394136178,407.082577313769,416.55222561245,1.43015254331241,129,140.529450507307,22733.4986224774,1.1,123.1,43.76193,-79.508495,991.1,6.50700701990978,7.25007307211122,15.9,27.3649699617679,25.4,105.5,0.4,0.1,8.6
2018-08-09 15:39:37.300,168.6,31.9262723574159,1.89821205413085,1.94213034802529,0.957923693744126,406.661852455616,416.070644098604,0.980090380057359,120.3,140.516589978229,22613.4585968502,1.1,111.7,43.7619166666667,-79.5084516666667,991,6.50299977236374,7.25327712194517,15.1,27.3664662326114,25.4,291.7,2,0.5,7.2
2018-08-09 15:39:38.300,168.8,31.9182725492067,1.89865207001417,1.9425559924116,1.22991209935695,406.567002904918,415.968297794651,1.25835275099809,109.7,140.529251482094,22601.1094765243,1.1,101.2,43.7619133333333,-79.5084016666667,991.1,6.50660858596101,7.25555878225011,14.4,27.367168006284,25.4,304.4,0.4,1.1,6.5
2018-08-09 15:39:39.300,169.3,31.9133937972918,1.89995417474752,1.94397251473212,1.41873118257285,407.493739481,416.934664754311,1.45160069303885,102.6,140.532368147276,22643.6168663556,1.1,96.8,43.7619166666667,-79.5083566666667,991.1,6.50111034685025,7.24222869804813,13.3,27.3701066160047,25.5,299.7,358.1,0.8,6.8
2018-08-09 15:39:40.300,169.8,31.91404715247,1.89926397490735,1.94328060338265,1.46006648307596,406.701516947401,416.127123619977,1.49390384464819,98.2,140.473927970628,22650.7165576395,0.8,93.3,43.7619166666667,-79.508315,991.1,6.50280422709318,7.24810429812013,12,27.3731489435087,25.5,306.4,357.9,0.3,6.7
2018-08-09 15:39:41.300,170,31.9055810586106,1.89868245583681,1.94247164223063,1.42593566503095,407.160903888791,416.551281847864,1.45882156046819,92.3,140.509176895613,22543.1042051921,1.1,91.8,43.76192,-79.5082783333333,991.2,6.50225137497947,7.24538454675978,11.1,27.3735274492613,25.5,318.3,350.1,0.5,5.9
2018-08-09 15:39:42.300,170.5,31.9103740619266,1.8969796868885,1.94056972086575,1.12407540948831,406.81788553224,416.166093952569,1.1499066053503,93.5,140.506474667762,22462.7002526325,1.1,95.5,43.761925,-79.5082416666667,991.1,6.50804931007026,7.2486654179479,10.3,27.3754183899165,25.5,351.8,350,0.6,5.9
2018-08-09 15:39:43.300,170.1,31.9183743105964,1.89578423266945,1.93937013871344,1.16466600458172,407.794832135211,417.170513399525,1.19144308070417,97.4,140.524693324544,22474.3761348975,0.8,101.5,43.761925,-79.5082116666667,991.2,6.51638838505339,7.24844453625701,9.2,27.3777005412533,25.5,354,337.9,0.9,5.5
2018-08-09 15:39:44.300,170.6,31.9258324989224,1.89699039261588,1.94053085734884,1.21004619038214,407.277315668473,416.625447487955,1.23781999195143,98.8,140.523081027781,22437.6729509034,0.8,113,43.7619233333333,-79.5081816666667,991.1,6.50724212645475,7.25427395321888,8.3,27.3774709075859,25.5,330.5,334.6,1,3.9
2018-08-09 15:39:45.300,171,31.9305582724324,1.89838143475355,1.9419318710394,1.14313040698015,406.581976575583,415.909163075353,1.16935429348587,91.7,140.498316683051,22425.9676774988,1.1,96,43.7619283333333,-79.5081516666667,991,6.50707223543014,7.25334219701099,7.7,27.3801856481264,25.6,322.3,343,0.9,3.7
2018-08-09 15:39:46.300,170.9,31.928930025613,1.8970067634095,1.94055195197163,1.17902510564243,406.667831333529,416.002651633028,1.20608931282509,81.1,140.53623034829,22439.4168223354,1.1,73.9,43.7619333333333,-79.5081333333333,991.1,6.50494910802251,7.24889064725519,6.2,27.3813273158966,25.6,5.6,346.9,0.5,4.4
2018-08-09 15:39:47.300,170.9,31.9256444142629,1.89610178109217,1.93975236332801,1.02595811273561,407.948760731465,417.3401389691,1.04957564810786,66.6,140.509796771147,22503.0449855174,1.1,57.9,43.761945,-79.5081183333333,991.1,6.50838261802562,7.25503643922077,5.9,27.3836944329208,25.6,32.9,343.5,0.7,4.3
2018-08-09 15:39:48.300,172.3,31.918256754139,1.90242223456803,1.94608509256975,1.40742578872037,407.883016601395,417.244426217434,1.43972776865355,49,140.515789556896,22436.3125377343,1.1,47.5,43.7619633333333,-79.5080983333333,991.1,6.50154050020275,7.25143991726091,5.9,27.3855612847928,25.6,15.4,337.1,1.2,4.9
2018-08-09 15:39:49.300,173.5,31.9088393178548,1.89877420116686,1.94240176999679,1.1878014217142,407.450516023815,416.812301803067,1.21509312326469,37.1,140.550445390825,22460.4743926631,1.1,42.4,43.7619783333333,-79.5080916666667,991.2,6.50532741290763,7.25086918483056,5.5,27.3874304524457,25.6,6,339.6,1.1,4.8
2018-08-09 15:39:50.300,173.8,31.9004310687206,1.89937254887079,1.94294343932574,1.29454445948114,406.532262863114,415.857936191129,1.32424098264479,29.8,140.493709201375,22425.107704089,1.1,42,43.7619866666667,-79.5080883333333,991.1,6.50890521377816,7.24653662751962,4.4,27.3910628234187,25.6,333,333.8,0.7,3.4
2018-08-09 15:39:51.300,174.3,31.9004840941223,1.90290210448456,1.94670464442847,1.28666303282339,406.472357819294,415.828947603365,1.31627985610213,29.2,140.532525573752,22500.9293715756,1.2,42.7,43.7619883333333,-79.50808,991.1,6.5000954146383,7.24623449113965,3.5,27.3908196359058,25.6,320.7,329.3,0.4,2.8
2018-08-09 15:39:52.300,173.4,31.90706,1.901568,1.945256,1.456315,404.9937,414.2983,1.489773,24.9,140.5106,22458.73,1.1,39.6,43.76199,-79.508085,991.1,6.51001,7.256473,2.5,27.39313,25.6,312.4,296.5,0.5,1.7
2018-08-09 15:39:53.300,173.1,31.9118884226024,1.90253961527611,1.94621523238222,1.33442000732668,404.709637054355,414.000275378504,1.36505279533024,19.3,140.475217655119,22441.1922661635,1.1,36.6,43.7619916666667,-79.5080883333333,991.1,6.50720827009704,7.25326337497056,1.8,27.394653654729,25.6,266.6,285.6,0.7,1.3
2018-08-09 15:39:54.300,172.8,31.91684,1.903273,1.947177,1.182317,403.6828,412.9948,1.20959,15,140.5521,22547.41,1.1,33.7,43.7619916666667,-79.5080933333333,991.1,6.507983,7.251456,1.2,27.39741,25.7,278.5,290,0.4,1
2018-08-09 15:39:55.300,173,31.92413,1.902668,1.946784,0.9903801,403.2053,412.5543,1.013344,16.6,140.5031,22661.13,1.1,32.8,43.7619966666667,-79.508095,991.2,6.507254,7.246705,1.4,27.39823,25.7,271.9,290.4,0.5,1.3
2018-08-09 15:39:56.300,173.7,31.93298,1.902692,1.946803,1.446001,402.1624,411.4858,1.479524,14.6,140.5146,22657.95,0.8,32.9,43.7620083333333,-79.5080933333333,991.2,6.507976,7.25501,2,27.40045,25.7,317.4,314.2,0.5,1.8
2018-08-09 15:39:57.300,174.8,31.9406077337403,1.90567065888018,1.95002680788593,1.40287918430009,401.718604084865,411.068773970279,1.43553163657529,21.7,140.548643019865,22746.0796036623,1.1,37.5,43.762025,-79.5080866666667,991.1,6.50039523100923,7.24696873340006,2.7,27.4002823296272,25.7,331,333.3,0.4,1.8
2018-08-09 15:39:58.300,174.7,31.9481097234047,1.90319492746477,1.94761967146688,1.4155262492375,401.492967173808,410.864893648484,1.44856915383174,21.4,140.489621902381,22810.152159086,1.1,38.8,43.7620366666667,-79.5080783333333,991.2,6.50474503556114,7.24503252639383,3.1,27.4041781033022,25.7,21.1,343.8,0.2,1.8
2018-08-09 15:39:59.300,175.2,31.9569775051881,1.90602543466394,1.95026162260339,1.06073646976823,400.272237361779,409.561962464767,1.08535606895707,20.9,140.540865627033,22682.0996283479,0.8,38.3,43.76205,-79.508075,991.2,6.50229772388297,7.25026091095514,3.3,27.4041300021682,25.7,290.6,337.3,0,1.9
2018-08-09 15:40:00.300,175.7,31.9623954266854,1.90323676871696,1.94791632808568,1.26643859588468,400.113923823644,409.506751923923,1.29616811113626,24.3,140.541176516201,22936.8551985478,1.1,35.9,43.76206,-79.50807,991.2,6.50732184954187,7.25501380521324,3.3,27.4063827397114,25.7,331.2,338.3,0.2,1.6
2018-08-09 15:40:01.300,175.5,31.9694031129656,1.90466499822844,1.94944799398583,0.832134974710766,399.517354725144,408.910712508724,0.851699533631789,24.3,140.489570996315,22971.8137805975,0.8,33.1,43.7620666666667,-79.50806,991.2,6.50388836649721,7.25621884269675,3.1,27.4089733474754,25.7,287.6,337.6,0.2,1.8
2018-08-09 15:40:02.300,175.1,31.9698536942405,1.90135617048819,1.94592287494895,1.07102188064414,400.215522417699,409.596486705624,1.09612680985141,22.4,140.544397741145,22902.9127981882,0.8,31.9,43.7620733333333,-79.5080566666667,991.2,6.50623345510765,7.25124698951972,2.9,27.4097803848844,25.7,246.3,337.8,0.2,1.4
2018-08-09 15:40:03.300,174.5,31.971444871734,1.9054873335762,1.94998131119319,1.10301478621667,400.112765278388,409.455611538851,1.12877228596248,23.1,140.505538816971,22817.5578694629,0.8,31.3,43.76208,-79.508055,991.2,6.50641574523026,7.24514046570537,2.9,27.4118835250263,25.7,336.7,350,0.1,1.9
2018-08-09 15:40:04.300,174.4,31.9813228243582,1.90542382411288,1.95022063678588,1.33541426012863,400.383628471316,409.796908151425,1.36681011094002,21.2,140.467812900733,22970.4927376391,0.8,30.9,43.76209,-79.50805,991.2,6.50861185801139,7.24809506539702,3.3,27.4130540627517,25.7,258.5,341.3,0.1,1.6
2018-08-09 15:40:05.300,173.6,31.9784107237981,1.90293433072805,1.94772172552443,1.18044421308195,400.463368390064,409.888754763983,1.20822659603358,24.3,140.54754255524,22994.9368556059,0.8,32,43.7620933333333,-79.508045,991.1,6.5069861399814,7.24961980948101,3.3,27.4148348747943,25.7,246.9,343,0.2,1.7
2018-08-09 15:40:06.300,172.5,31.9878923501695,1.90573115432943,1.95079656324073,1.13728548394858,400.535251730307,410.006851144784,1.16417732838172,24.8,140.492373070882,23101.085667152,0.8,32.1,43.7620883333333,-79.5080333333333,991.2,6.50372070757404,7.24710282420181,2.9,27.4168905626697,25.7,183.3,0.4,0.1,1.8
2018-08-09 15:40:07.300,172.9,31.9950146227303,1.90434831560074,1.94918665553682,1.33123397174089,399.488948253784,408.895099833878,1.36257687018708,22.5,140.510730364205,23003.8179295125,0.8,31.9,43.7620933333333,-79.5080316666667,991,6.50901778364412,7.25219902225615,2.5,27.4187357991782,25.7,118.4,354,0.1,1.5
2018-08-09 15:40:08.300,173.5,31.9924347443583,1.9028601282735,1.94776337494045,0.915215652595186,399.384545018838,408.809060797415,0.936811624264565,18,140.542772835145,23053.4752452894,1.2,32.7,43.7621033333333,-79.5080316666667,991.2,6.50334976161694,7.24809738378527,2,27.419749499935,25.7,222.8,332.3,0.2,0.9
2018-08-09 15:40:09.300,174.4,31.9958632742026,1.9050346029117,1.94990934801883,1.27579759381351,398.644381084896,408.034802843114,1.30585051919213,16.3,140.478503157211,23013.7880454713,0.8,32.3,43.762105,-79.508025,991.1,6.50515124575157,7.25193095954834,1.2,27.4223619410437,25.7,152.4,28.3,0.3,1.1
2018-08-09 15:40:10.300,173.9,31.9970736609521,1.90334586410503,1.94803086617354,1.23181279076726,398.554185188207,407.91120943367,1.26073194493406,18,140.548919434607,22938.9435468697,0.8,33.5,43.7621016666667,-79.5080133333333,991.1,6.50319489638645,7.24941889619836,0.5,27.4234768270285,25.7,165.6,140.1,1,2.1
2018-08-09 15:40:11.300,172.3,32.0024788478992,1.90492371100519,1.94972970828725,1.21255834540702,398.381567966451,407.751920484765,1.24107905430432,13.8,140.506833181731,22980.6328522545,0.8,32.1,43.7621,-79.5080066666667,991.1,6.49983792866383,7.24756360206427,0.3,27.4254509562897,25.8,165.4,129.5,1.4,2.3
2018-08-09 15:40:12.300,171.8,32.015427052148,1.90437164574486,1.9490061370424,1.21175104349365,398.535252510911,407.876115970594,1.2401528612912,7.7,140.471209624292,22901.3848004928,1.2,32,43.7621,-79.5080033333333,991,6.50859280352107,7.24540383540291,0.1,27.4272365609506,25.8,166.1,110.7,1.1,1.6
2018-08-09 15:40:13.300,171.9,32.0146562213074,1.90165802560614,1.94623668314187,1.1894158154566,398.604771713958,407.948709067791,1.21729764168022,0.9,140.545593817675,22904.7001873097,1.2,31.8,43.7621016666667,-79.508005,991.1,6.508668648983,7.25027175319427,0.1,27.4287957183844,25.8,135.2,102.7,0.9,1.9
2018-08-09 15:40:14.300,172.2,32.0214909747759,1.90407827416827,1.94872013022491,1.09198643961848,398.369152942808,407.70919368988,1.117589662986,352.7,140.486629854771,22908.5443498788,1.2,32.1,43.7621033333333,-79.5080066666667,991.1,6.49899457496894,7.24732648358621,0,27.4309910510118,25.8,125.1,97.9,1,1.5
2018-08-09 15:40:15.300,172.5,32.0274134565706,1.90448745084192,1.94901897351468,0.952298536578991,397.800933137836,407.102547396459,0.974565962817309,350.2,140.520034129064,22848.2439347259,1.2,31.9,43.7621033333333,-79.5080083333333,991.1,6.50236567449372,7.25007825553958,0,27.4322044064285,25.8,179,196.4,0.5,0.8
2018-08-09 15:40:16.300,172.9,32.0329349503633,1.90140844472095,1.94591638484798,1.064925948125,398.384248839784,407.70956053074,1.08985304702085,339,140.535222284334,22872.3849809895,1.2,32,43.7621066666667,-79.50801,991.1,6.50574547651713,7.25336233884797,0,27.4345262411363,25.8,240.2,228.4,0.4,0.6
2018-08-09 15:40:17.300,172.9,32.0378178287379,1.90242009834623,1.94693686037518,0.963872402585198,398.743659290892,408.074365558048,0.986418701378019,347.5,140.489268054496,22865.2653125138,1.2,31.8,43.76211,-79.508015,991.1,6.50399745910727,7.24818268051755,0,27.4357069518294,25.8,319,269.8,0.5,0.9
2018-08-09 15:40:18.300,172.8,32.0393728900691,1.89876841254023,1.94290175783675,1.34014859072895,398.697801019643,407.964921042302,1.37129920198399,338.4,140.547837476367,22715.5305780138,0.8,31.6,43.762115,-79.5080166666667,991.1,6.50721959086218,7.24954779977701,0,27.4381681904054,25.8,317.8,300.1,0.5,0.8
2018-08-09 15:40:19.300,172.5,32.0431698482095,1.89755612880053,1.94164542655308,1.21890799325841,398.567810174649,407.828501789496,1.24723247584055,309.2,140.526220063175,22707.4181721707,1.2,31.7,43.7621166666667,-79.50802,991,6.50993137729554,7.25122407349651,0,27.4392212706258,25.9,301.5,0.4,0.1,0
2018-08-09 15:40:20.300,172.3,32.0471756545964,1.89925673058296,1.94326805214686,0.934160765434571,399.221178777468,408.472351075394,0.955808010063218,17.9,140.479963334081,22648.2990654708,1.2,31.5,43.7621183333333,-79.508025,991,6.50712157534755,7.24757350339965,0,27.4415230309417,25.9,65.5,45.1,0.3,0.4
2018-08-09 15:40:21.300,172.1,32.0437749265439,1.89937984556659,1.94337846367028,0.905895979619837,398.32293858325,407.550071612451,0.926869642140837,11.4,140.541043549227,22640.4320690038,0.8,30.4,43.76212,-79.508025,990.9,6.49992870424049,7.25449559710513,0,27.4429657324279,25.9,91.2,20.6,0.4,1.1
2018-08-09 15:40:22.300,172.1,32.0478994562971,1.90096950474283,1.94466206671357,1.31641549455056,399.284434215523,408.461722045798,1.34667321095467,325.1,140.490109588858,22467.9318045134,0.8,29.4,43.7621233333333,-79.5080283333333,991,6.50176230348001,7.24525314557564,0,27.4445832082048,25.9,56.3,31.9,0.9,1.9
2018-08-09 15:40:23.300,172.2,32.0524831865657,1.90021363622177,1.94383580078969,1.093005138208,400.008667488211,409.191644846046,1.11809728602647,285.7,140.47726048361,22441.6291398314,1.2,28.1,43.7621266666667,-79.50803,991,6.50280685956046,7.2506298292314,0,27.4466442977154,25.9,65.4,28.7,1,2
2018-08-09 15:40:24.300,172.2,32.0528313283326,1.89797096538908,1.94145785594128,1.15450183889608,399.245238633977,408.392894761249,1.18095321120211,243.4,140.533767633401,22399.2343219308,1.2,29.3,43.7621266666667,-79.50803,991,6.50453435920685,7.25506773432886,0,27.4479846585559,25.9,65.4,36.4,1,2.1
2018-08-09 15:40:25.300,172.6,32.0583882550905,1.89779776668519,1.94110390843612,1.2416491154401,399.377810126746,408.49119652029,1.26998463363502,242.6,140.480499049038,22310.0318862018,1.2,31.5,43.7621266666667,-79.5080283333333,991,6.50826020802733,7.25491137753129,0,27.4503216861061,25.9,45.3,6.8,1.1,2.2
2018-08-09 15:40:26.300,173.1,32.0508820844699,1.89958483219999,1.94281249540897,1.06782686402192,399.231572296288,408.316672494785,1.09212617813307,248.1,140.515424552102,22250.2547133339,1.2,33.1,43.7621266666667,-79.5080266666667,990.9,6.50458030289294,7.24787313524648,0,27.4518805102001,25.9,27.3,352.6,1.4,3.3
2018-08-09 15:40:27.300,173.5,32.0516116369634,1.89951281840377,1.94256711224335,1.11101809685365,399.187759713342,408.235659790829,1.13620364875943,271.8,140.523677863225,22163.6461402468,1.2,33.2,43.7621266666667,-79.5080233333333,991,6.50439955499833,7.25302843566429,0,27.4536428293298,25.9,18,339.2,1.9,3.8
2018-08-09 15:40:28.300,173.8,32.0609646959436,1.90013022940456,1.94300731027977,0.977938763037326,399.833279557326,408.855581579207,1.00000388136238,296.5,140.475643402841,22067.2736938738,0.8,33.2,43.7621283333333,-79.5080216666667,990.9,6.50723282943554,7.25033467023359,0,27.4553163378061,25.8,7.2,333.8,1.7,3.1
2018-08-09 15:40:29.300,174,32.0583428762826,1.90079484566176,1.94363740975599,1.25546756870376,400.218395919529,409.2391061555,1.2837638279544,302.4,140.544147449033,22042.5213711137,0.8,33.1,43.7621283333333,-79.50802,990.9,6.50742104751516,7.24855705228031,0,27.4572401147945,25.8,6.6,338.6,1.5,3
2018-08-09 15:40:30.300,174.2,32.0540036114243,1.90196419631813,1.94490756472494,1.20472713498237,399.652082380464,408.675529016748,1.23192647906897,299.4,140.502215755992,22079.7880286976,0.8,33.1,43.76213,-79.5080183333333,991,6.5065674853582,7.25794200884399,0,27.4585703027567,25.8,6.1,330.6,1.5,2.4
2018-08-09 15:40:31.300,174.6,32.0564499061636,1.902593728898,1.94551747776396,1.3441204455942,400.586832678113,409.624327443746,1.37444549562596,8.9,140.48791337276,22062.8999790998,1.2,33,43.76213,-79.5080183333333,990.9,6.50870675500363,7.25294059183494,0,27.4604413706305,25.8,19.9,0.4,1,2.7
2018-08-09 15:40:32.300,174.9,32.0606052849013,1.90211248643855,1.94495658857828,1.04616052267521,400.606475802542,409.62985608369,1.06972611965136,12.5,140.529952687202,22028.2769158543,1.2,31.4,43.7621316666667,-79.5080166666667,991,6.5043055476508,7.25135448133528,0,27.4620563013198,25.8,36.6,2.9,1.8,4
2018-08-09 15:40:33.300,175,32.0685302301835,1.90102625998823,1.94374449034183,1.06293020328828,400.635129647219,409.637752450694,1.08682310375905,24.5,140.481013355745,21977.2455727031,1.2,30.7,43.76213,-79.5080166666667,991,6.50798473262991,7.2468352891125,0.1,27.4640071656811,25.8,14.7,342.9,2.5,5.1
2018-08-09 15:40:34.300,174.8,32.0705858727691,1.90259784481697,1.94555421639088,1.32934004610215,400.225915722946,409.262011642422,1.35935424449802,32.2,140.519039932656,22079.0232417876,0.8,29.3,43.76213,-79.5080166666667,991,6.50764770811737,7.250824770701,0.7,27.465333662153,25.8,11.5,345.3,2.7,5.4
2018-08-09 15:40:35.300,174.6,32.0774915098658,1.90217697829775,1.94503678908124,1.2377468110059,401.136010732933,410.174508024423,1.26563527203992,27.1,140.522605109962,22035.6388808353,1.2,26.3,43.76213,-79.508015,991,6.50412156996182,7.24675234743718,1.8,27.4674442107924,25.8,4.1,340.3,2.5,5.9
2018-08-09 15:40:36.300,174.5,32.0858088763338,1.90005071866304,1.94277420229157,1.21533647149807,400.867185431214,409.880849865965,1.24266452931088,15.4,140.490360866134,21991.0188836918,1.2,19.9,43.7621283333333,-79.5080133333333,991,6.50430919682516,7.24947690124539,2.5,27.4690781920428,25.7,357.7,342.8,3.1,6.7
2018-08-09 15:40:37.300,174.4,32.0816941476279,1.89910589892952,1.94177561731334,1.08647801003824,401.288266816141,410.304536994847,1.11088624196087,0.1,140.546202778544,21974.6868524994,1.2,7.5,43.762135,-79.5080133333333,990.9,6.51084390265421,7.2521671537809,3.5,27.4708897041186,25.7,352,349.5,3.1,8.1
2018-08-09 15:40:38.300,174,32.0784742974424,1.90175032080834,1.94442197994948,1.32374687022419,401.570659488475,410.581278370698,1.35344752415535,0.5,140.514290574676,21945.9573508052,1.2,8.1,43.7621483333333,-79.5080116666667,990.9,6.50547869134828,7.24779492027155,4.4,27.4722505209978,25.6,356.3,347.7,3.5,8.4
2018-08-09 15:40:39.300,173.8,32.0819751349761,1.90015659081293,1.94291019579357,1.17145350670407,400.687150327576,409.702671690739,1.19781223568718,6.1,140.483071453987,22005.0158875832,1.2,14,43.762165,-79.50801,990.9,6.50548647237207,7.25286723980028,5.5,27.474259260795,25.6,358.9,345.2,3.5,9.1
2018-08-09 15:40:40.300,173.5,32.0852603503361,1.90031075604494,1.9430489284856,1.12025296081686,400.751461089338,409.764464559302,1.14544853650964,7.1,140.53884250308,21995.6054449977,1.2,20,43.7621866666667,-79.508005,990.9,6.50430678433593,7.25625748262235,6.4,27.4761255185465,25.6,350.4,332.4,3.6,9.7
2018-08-09 15:40:41.300,173.1,32.0925242430881,1.89764782534216,1.94043825236354,1.08427034342683,401.119774239008,410.164709179515,1.10871876796823,5.7,140.503683977942,22052.0647593709,1.2,22.3,43.7622066666667,-79.5080016666667,990.8,6.5075929015575,7.25564672252281,7.4,27.4781848608689,25.6,326.5,332,3.3,8.5
2018-08-09 15:40:42.300,172.9,32.0941184483353,1.89892278627395,1.94179483441807,0.869846979424952,401.333729205114,410.394670143551,0.889488892612422,6.7,140.501450290943,22078.6965834225,1.2,25.5,43.7622316666667,-79.5079966666667,990.9,6.50680491231995,7.25518713213122,8.1,27.4799403342457,25.6,337.1,349.8,2.5,9.1
2018-08-09 15:40:43.300,172.8,32.095076276892,1.89790540178271,1.94078371747057,1.18096601447635,400.58241659569,409.632505969387,1.20764148625232,5.2,140.524042544232,22093.2269829805,1.2,33,43.7622583333333,-79.5079933333333,990.8,6.50532160693575,7.25577169345109,8.8,27.4814353810293,25.6,323.4,342,2.3,8.2
2018-08-09 15:40:44.300,172.5,32.0989006643444,1.89785562419919,1.94048124783795,1.32065513561804,401.838395807864,410.86355727675,1.35032096807043,4,140.486760912752,21966.151149431,0.8,38.8,43.762285,-79.50799,990.8,6.50714932894746,7.24737511095116,9.6,27.4840399838764,25.6,350.6,359,1.6,8.5
2018-08-09 15:40:45.300,172.2,32.0951660307075,1.89724641756971,1.93973996076269,1.19823905736519,401.922292941769,410.924333131489,1.2250756379021,3.1,140.516917520903,21906.7161536901,0.8,37.1,43.7623133333333,-79.50799,990.8,6.50395744555877,7.25057431695472,10.3,27.4853850508043,25.6,7.8,352.7,2.1,8.4
2018-08-09 15:40:46.300,172.3,32.0992225141988,1.90021523384946,1.94304817616909,1.17720072833741,402.003698753264,411.065235994813,1.20373618476657,4.3,140.514820845901,22044.0766928078,0.8,31.4,43.7623416666667,-79.5079866666667,990.8,6.49987076833568,7.24847788399581,10.9,27.4881805517349,25.6,339.9,357.9,1.2,8.6
2018-08-09 15:40:47.300,172.3,32.1088962590164,1.89887287190762,1.94165268856932,1.20439500278646,402.492802546953,411.560618157982,1.23152896938854,5.4,140.484354651266,22032.7417895682,0.8,25.8,43.76237,-79.5079816666667,990.8,6.50018745619968,7.24742215119223,11.2,27.4899551928465,25.6,332.7,347.5,1.6,7.7
2018-08-09 15:40:48.300,172.4,32.1105189886375,1.89628800026393,1.93889398269545,1.27928485172756,401.942459044651,410.973333605439,1.30802603227284,12.4,140.541696486304,21974.3635087388,0.8,25.5,43.7624016666667,-79.5079716666667,990.8,6.50339562365213,7.24964840278752,11.8,27.4923861296553,25.6,299.1,339.6,1.2,7.1
2018-08-09 15:40:49.300,172.7,32.1192503532605,1.89590894833498,1.93838862786052,1.3379792774172,402.605313320977,411.626076023062,1.36795844797662,13.8,140.502231405936,21915.035424407,0.8,24.4,43.7624316666667,-79.5079616666667,990.8,6.50822743713008,7.25050319600463,11.8,27.4946413932362,25.6,309.8,336.6,2.1,9.7
2018-08-09 15:40:50.300,173,32.1267810980148,1.89790927418549,1.94039206374711,1.2145686703757,402.281832511143,411.286382008248,1.24175499597545,16.8,140.490252062032,21893.7051866012,0.8,23.7,43.7624583333333,-79.5079483333333,990.8,6.51164608706358,7.25216280319279,11.6,27.4970783532671,25.6,311.5,335.2,2.3,8
2018-08-09 15:40:51.300,173,32.1312569641044,1.8956556477765,1.93806670057111,1.18296007403162,403.024189061716,412.040924399552,1.20942573259421,21.2,140.516927909383,21883.1394243091,0.8,27.4,43.7624833333333,-79.5079333333333,990.8,6.51012472717405,7.25332252078912,11.4,27.4992459939884,25.6,285.9,333.3,1.5,6.7
2018-08-09 15:40:52.300,172.9,32.1398974689949,1.89989657936369,1.94247568858031,1.2268934207896,404.376924050355,413.439711652162,1.25438659420412,25,140.479114624715,21920.224835064,0.8,28.6,43.7625083333333,-79.507915,990.9,6.50076101517543,7.25758159715617,11.1,27.5011053123963,25.6,299.6,329.2,2.1,7.8
2018-08-09 15:40:53.300,173.1,32.1467411676004,1.89931936693584,1.94207346441129,1.17651165080864,406.370610480135,415.518197678584,1.20299788734365,30.4,140.519092058203,22014.8473043389,1.2,32.8,43.76253,-79.507895,990.8,6.49905890592555,7.25132468092637,10.5,27.5024927654274,25.7,283,308.5,2.2,5.4
2018-08-09 15:40:54.300,172.9,32.1551406776302,1.89785635368117,1.94066925027016,1.32168847377314,407.619457780758,416.814673810573,1.35150391845157,32.5,140.510731797778,22060.7863709162,1.2,36.1,43.7625516666667,-79.5078766666667,990.8,6.50092805494746,7.24793008114662,10,27.5042394157499,25.7,258.6,312.3,2.3,3.9
2018-08-09 15:40:55.300,172.5,32.1620112282691,1.89729377428226,1.94014190295132,1.27304560136885,408.211847448991,417.430868494908,1.30179476265049,41.1,140.492363095229,22085.1429040663,1.2,40.9,43.762565,-79.5078533333333,990.8,6.50727910862193,7.24805342420913,9.6,27.5050028070673,25.7,253.6,327.5,1.7,4.1
2018-08-09 15:40:56.300,171.9,32.1628030809242,1.89522606747687,1.93801420351528,1.16903462062208,407.911650662813,417.121105186642,1.19542616325348,50.4,140.537655478452,22078.5481775882,1.2,50.7,43.762575,-79.5078283333333,990.8,6.51296802625984,7.25013097027665,9.4,27.5056910132316,25.8,301.4,315.3,1.4,4.8
2018-08-09 15:40:57.300,171.7,32.1666846370685,1.89610869966612,1.93881615837863,1.1995436807997,407.127676544448,416.297678280904,1.22656116588766,55.6,140.502699925348,22027.5598636802,0.8,57.3,43.762585,-79.5078,990.8,6.50734998492768,7.24958004821912,9.2,27.508016334779,25.8,282.5,309.4,2,3.7
2018-08-09 15:40:58.300,171.8,32.1698301097206,1.89857238302575,1.94140691651078,0.999055605727691,406.301478216601,415.468141553726,1.021589667327,61.5,140.492852856783,22063.4354396842,1.2,62.3,43.7625916666667,-79.5077733333333,990.8,6.50134380790874,7.24991715462438,9,27.5101963274134,25.8,275.8,292.8,2.3,3.2
2018-08-09 15:40:59.300,172.1,32.1719331303085,1.89810079075182,1.94097481716595,0.848845531138497,405.441124768021,414.599092055583,0.868011383939338,64.3,140.524932889735,22088.6842883142,1.2,66,43.7626016666667,-79.5077466666667,990.9,6.5036544396024,7.24954142262607,8.1,27.5128024374151,25.8,264,269.8,2.5,1.3
2018-08-09 15:41:00.300,172.5,32.1811214303811,1.89611361401547,1.93891888170441,1.19910255263614,405.201907194309,414.349462037071,1.22617363008641,65.4,140.488597339171,22076.9234546783,1.2,72.1,43.7626116666667,-79.5077216666667,990.8,6.51272959114932,7.24653484560831,7.7,27.5141490178784,25.8,257.9,249,2.5,1.1
2018-08-09 15:41:01.300,173.2,32.1868828646516,1.89607028147423,1.93897538469737,1.18958335966109,405.102898046062,414.269836998979,1.21650490365366,68.5,140.521769017148,22128.0095948909,1.2,70.1,43.76262,-79.507695,990.8,6.50515199728992,7.24622257845169,7.4,27.5159005639032,25.9,257.1,206,2.4,1.3
2018-08-09 15:41:02.300,173.6,32.1910594184859,1.89661495277481,1.93937673528224,1.13023797862269,404.552576858553,413.673756964483,1.1557209778463,70.9,140.512226987599,22049.2589398527,1.2,80.9,43.7626283333333,-79.5076716666667,990.8,6.50622965117307,7.25114210074663,7,27.5180350888774,25.9,253.5,25.8,2.2,0.5
2018-08-09 15:41:03.300,173.6,32.1945471111046,1.89807744591487,1.94085741450688,1.16929357031328,403.815191199369,412.91655078447,1.19564722424439,69.1,140.499788681796,22041.6496116849,1.2,72.4,43.7626333333333,-79.5076516666667,990.8,6.49918640298693,7.25511591199369,6.8,27.5195024325934,25.9,255.4,245.2,2.1,0.6
2018-08-09 15:41:04.300,173.9,32.194177978379,1.89581281242631,1.9384189544435,1.22265514027821,403.472467575681,412.540015492071,1.25013180061289,67.1,140.540181316236,21979.7435498106,1.2,65,43.7626383333333,-79.50763,990.8,6.50549934922523,7.25488777558727,6.6,27.5202252272505,25.9,264.7,269.8,2.2,1.2
2018-08-09 15:41:05.300,174.2,32.1993344263259,1.89563216076129,1.93806450024269,1.2147092947897,403.225848575616,412.251880448784,1.24190145506562,70,140.505806398529,21894.3342714731,0.9,70.8,43.7626433333333,-79.5076083333333,990.6,6.5084956398809,7.25504817009539,5.9,27.5222315042844,26,264.1,226.5,1.9,0.8
2018-08-09 15:41:06.300,174.3,32.2072490715354,1.89713778425057,1.93953034741684,1.07138532407785,403.358338512307,412.371760468312,1.09532777652757,75.2,140.496473325459,21857.3738699992,1.2,80.3,43.762645,-79.5075883333333,990.6,6.50518079184336,7.25075532916378,6.1,27.5244984056245,26,240.3,135,2.1,0.4
2018-08-09 15:41:07.300,174.6,32.2084725071011,1.89588180896339,1.93817103628591,1.06377359664886,402.597823366262,411.5782646559,1.08749942431357,71.1,140.524071431757,21819.5085421171,1.2,68.4,43.76265,-79.5075683333333,990.7,6.50865665114441,7.24801458032728,6.1,27.526044107103,26,249.4,337.3,1.4,0.5
2018-08-09 15:41:08.300,175.1,32.2094314015971,1.89549024375452,1.93766822402962,1.25417804798244,402.547186004015,411.504657723557,1.28208672905609,64.6,140.48361158642,21767.5945127425,1.2,59.3,43.762655,-79.50755,990.8,6.51008367173257,7.25011555041148,5.9,27.5269167441759,26,262.8,291.2,1.9,1
2018-08-09 15:41:09.300,175.1,32.2064161188087,1.89666301760175,1.9388567414193,1.21352333447074,402.164202705401,411.110805263174,1.24051895850786,66.4,140.500534747013,21762.1117998668,1.2,58.6,43.76266,-79.5075366666667,990.7,6.50832061011948,7.2544089267896,5.5,27.5286903773397,26,269.9,259,1.6,1.3
2018-08-09 15:41:10.300,175,32.2064422427479,1.89688388451323,1.93918468023135,1.14617363103949,401.583488016048,410.538770240795,1.17173634395302,72.6,140.513070975596,21813.6108922307,1.2,71.3,43.7626616666667,-79.50752,990.6,6.50611848123176,7.25638555695399,5.7,27.5312320428188,26.1,253.7,0.4,1.7,0
2018-08-09 15:41:11.300,174.8,32.2138313526,1.89777972161694,1.93999263890368,1.15676759402266,402.072910515105,411.016327807602,1.18249804431361,76,140.487305256593,21759.198645481,1.2,82.6,43.7626633333333,-79.5075033333333,990.5,6.50636134529343,7.25487988035099,5.5,27.5333476687632,26.1,249.5,211.1,1.7,0.7
2018-08-09 15:41:12.300,174.7,32.2182851275845,1.89785472124666,1.94006890684593,1.19566927929656,401.884539460231,410.82365377336,1.22226536585728,73.3,140.519089042314,21758.9258825258,1.2,81.5,43.7626683333333,-79.5074833333333,990.7,6.50754453634279,7.25291459175653,5.5,27.5355184917886,26.1,273.7,253.5,1.7,1.2
2018-08-09 15:41:13.300,174.6,32.2216384776339,1.89709894376861,1.93927891363545,1.00345712484878,401.920147171028,410.856368742677,1.02576757026314,67.8,140.505924263609,21750.3223949446,1.2,68.6,43.7626716666667,-79.507465,990.7,6.50570712217538,7.25347162794005,5,27.5368784537121,26.1,274.5,255,1.9,1.4
2018-08-09 15:41:14.300,175.2,32.2200276077748,1.89719755297272,1.9392880995839,1.11490582541898,402.24150442583,411.165545541315,1.13963415383652,65.6,140.501496618933,21704.2512139256,1.2,69.3,43.762675,-79.5074483333333,990.5,6.50544519438197,7.25238575044734,4.8,27.5384748692707,26.1,273,243.4,2,1.9
2018-08-09 15:41:15.300,175.6,32.2150558768861,1.89691282441699,1.93890042999286,1.21006619968623,401.602091812986,410.491447399151,1.23684883532106,70.7,140.530890353224,21655.475375628,0.9,78,43.76268,-79.5074316666667,990.6,6.50092412595142,7.25036336366669,4.8,27.5402057243306,26.1,268.5,204,2.2,2
2018-08-09 15:41:16.300,175.7,32.2230872566503,1.89595218332822,1.93792604589463,1.10426581725004,401.621989026601,410.513239359541,1.1287144706137,73.3,140.498411297104,21658.9506029852,0.9,87.1,43.762685,-79.5074166666667,990.5,6.50288826994602,7.24799162131883,5,27.5424327738732,26.1,262.4,197.2,2.3,1.9
2018-08-09 15:41:17.300,175.5,32.230164218674,1.89456215824788,1.93635886447529,1.15487685935981,401.710467908206,410.572770377324,1.1803517460721,76.5,140.502921969906,21585.278664433,0.9,88.6,43.762685,-79.5074,990.5,6.51111782292696,7.25024827617452,5.1,27.5443846531638,26.1,256.3,163,2.5,1.5
2018-08-09 15:41:18.300,175.2,32.2325582290264,1.89800348886527,1.93979897052506,1.26616555824008,401.565035453696,410.40787910994,1.29404868244465,75.2,140.512189387218,21546.6057157525,1.2,83.8,43.7626833333333,-79.5073833333333,990.6,6.50751443236974,7.25294183697138,4.8,27.5466319843461,26.2,258.1,191.8,2,1.3
2018-08-09 15:41:19.300,174.7,32.2375121293359,1.89845908513282,1.94028976731836,1.20067883552885,401.152282482423,409.991333746094,1.22713608406985,72.3,140.489044008984,21559.2194607222,1.2,79.3,43.76269,-79.5073666666667,990.6,6.50689880374413,7.25749032651172,4.8,27.5483207571875,26.2,262.6,197.7,2.4,1.8
2018-08-09 15:41:20.300,174.4,32.2362949734642,1.89788531838153,1.93980881723655,1.20788141440962,400.932528346728,409.788941903126,1.2345623961982,69.1,140.517278673991,21612.1156572042,1.2,73.7,43.762695,-79.50735,990.5,6.5036574109233,7.25533599641784,4.6,27.5497402893394,26.2,261.6,216,2.1,1.3
2018-08-09 15:41:21.300,174.5,32.2366656501782,1.89770103146481,1.93965323941914,1.24330689064026,400.99375308173,409.858415964599,1.27079181425421,68.6,140.502904227748,21628.6281613088,1.2,76.3,43.7627016666667,-79.5073366666667,990.4,6.50098354733901,7.25162366284532,4.8,27.5519113917775,26.2,263.5,209.4,1.9,1.2
2018-08-09 15:41:22.300,175.2,32.2369347157627,1.89830989999995,1.94026103643406,1.22080453529282,400.818980736522,409.676612661588,1.24778269214084,68.4,140.500475051674,21621.1197829455,1.2,81.5,43.7627133333333,-79.5073216666667,990.4,6.50525897661504,7.25485317881076,5,27.5543420322996,26.2,255.3,197.2,1.9,1
2018-08-09 15:41:23.300,176.2,32.2338987660855,1.8977187361574,1.93974107125555,1.03302777137996,400.289021450029,409.152856923219,1.05590275402573,67.6,140.533898602843,21663.887776294,0.9,80.4,43.7627266666667,-79.507305,990.5,6.50568516383528,7.25635745106382,5.1,27.5560201132434,26.2,262.2,212,2,1
2018-08-09 15:41:24.300,176.5,32.2395870903628,1.89659189697446,1.93867252461081,1.06466942375622,400.584397484709,409.472537019525,1.08829166470342,68.8,140.500734369804,21706.2194103518,1.2,82.5,43.7627316666667,-79.5072883333333,990.3,6.50642240426727,7.2499894916084,5.1,27.5574891617157,26.2,254.6,225.5,1.6,0.4
2018-08-09 15:41:25.300,176.4,32.2475664035094,1.8962940305355,1.9382779920101,0.947900220362991,400.411019717831,409.276182434753,0.968892439877928,72.4,140.506372107644,21660.5071915499,0.9,83,43.7627333333333,-79.50727,990.4,6.50744237816573,7.2492027027029,5.1,27.5591672513042,26.2,256,269.8,1.5,0.2
2018-08-09 15:41:26.300,176.2,32.2533498854037,1.89574701080533,1.93771036829373,0.88051232040395,399.940318127217,408.793140469499,0.900008941316636,75.3,140.509503933543,21655.9952283982,0.9,86.3,43.7627333333333,-79.50725,990.5,6.50815776111272,7.25119442912085,5.1,27.5609267032792,26.2,258.1,269.8,1.2,0.4
2018-08-09 15:41:27.300,176.5,32.2597366475092,1.89640763158451,1.9385056432903,1.17656056015161,399.549780614307,408.419308296884,1.20268148757145,78.7,140.485773200639,21716.6770614376,0.9,88,43.762735,-79.50723,990.4,6.50484972296294,7.25340698644889,5.3,27.562453245716,26.2,261.5,311.7,1.4,0.5
2018-08-09 15:41:28.300,176.6,32.2631427325739,1.89647643475672,1.93876671152515,1.26449273245271,399.460215039712,408.367826566622,1.29268633866405,79.5,140.515135576258,21812.8304380464,1.2,88.1,43.762735,-79.5072083333333,990.3,6.50406767582806,7.25288016911685,5.1,27.5645120479638,26.2,256.8,0.4,1.2,0.9
2018-08-09 15:41:29.300,176.9,32.2719974803949,1.89707576736457,1.93961742761083,1.3055421384632,399.148900883212,408.099632929272,1.33482225636189,77.6,140.501157264468,21932.8945851477,0.9,83.3,43.7627383333333,-79.50719,990.4,6.50395842668461,7.25174159235301,5.3,27.567518835705,26.2,267.7,304.3,1.2,0.6
2018-08-09 15:41:30.300,177.2,32.2799439955404,1.89846497538885,1.94119056175375,1.27084947642546,398.996833877028,407.976345719941,1.29944369420782,73.9,140.489989585819,22009.9361101526,0.9,73.7,43.76274,-79.50717,990.4,6.50043103452244,7.25435969934232,5.3,27.5689716178717,26.2,273.1,290.8,1.5,1.2
2018-08-09 15:41:31.300,177.5,32.2817882718355,1.89843429880899,1.9412203658078,1.18030958173518,398.771102199135,407.758405846185,1.20690932256236,72.7,140.516283547408,22040.6372677621,1.2,70.4,43.7627416666667,-79.50715,990.3,6.4985966363978,7.25730247589392,5.3,27.5705306575328,26.3,282.5,269.8,1.7,1.4
2018-08-09 15:41:32.300,177.7,32.2868462382986,1.8975023566781,1.94030144620445,1.18409369090657,398.34479870845,407.329586543055,1.21079715061401,75.5,140.501354401454,22057.7227349072,1.2,74.7,43.7627383333333,-79.50713,990.3,6.50123638623108,7.25709128385922,5.7,27.5731978603513,26.3,272.1,229.4,1.9,1
2018-08-09 15:41:33.300,177.7,32.2906630709539,1.89771299814396,1.94068383160399,1.06070142299001,398.29357599786,407.312384409268,1.08471897905127,78.5,140.506391850212,22142.1751295749,1.2,81.6,43.76274,-79.5071116666667,990.3,6.50332759267847,7.25352449320293,6.1,27.5750567712827,26.3,255.5,55.9,1.4,0.6
2018-08-09 15:41:34.300,178.1,32.2954257521212,1.89470509286837,1.93761293972057,1.16595289073428,398.601589656585,407.628355107544,1.19235134019128,73.1,140.525251737469,22144.671784739,0.9,75.4,43.7627466666667,-79.5070916666667,990.3,6.50935725869547,7.24862371248779,6.2,27.5762738200858,26.3,264.4,303.9,1.3,0.7
2018-08-09 15:41:35.300,178.4,32.299257076826,1.89391274053715,1.9369070564595,1.26597354319208,398.279662734391,407.320948782751,1.2947092809848,67.5,140.507345543876,22197.2565951083,0.9,66.6,43.762755,-79.5070733333333,990.3,6.50883541270344,7.24833684266998,5.9,27.5777753325281,26.3,270.4,296.7,1.5,1.1
2018-08-09 15:41:36.300,178.3,32.2973181636306,1.89703881654432,1.94037420328077,1.22881966680642,397.897522367606,406.986975040782,1.25689021885765,70.6,140.514416474458,22333.6021818167,1.2,70.6,43.762755,-79.5070583333333,990.2,6.50211417306356,7.25165839181544,5.7,27.579041809936,26.3,254.1,49.6,1.5,0.4
2018-08-09 15:41:37.300,177.9,32.3002896317955,1.89579846648139,1.93917427360044,1.09642624697093,398.174322636584,407.284517559335,1.12151180074599,74.4,140.497127026488,22368.1043592179,1.2,75.4,43.7627566666667,-79.5070416666667,990.3,6.50521757693993,7.25464905451551,5.5,27.5800404396648,26.3,250.6,0.4,1.5,0.3
2018-08-09 15:41:38.300,177.6,32.3038714591054,1.8939729881551,1.93732669951032,1.02278631480527,397.564366132889,406.664706500998,1.04619858480165,76.9,140.49815036962,22378.0019643801,0.9,76.9,43.7627616666667,-79.507025,990.3,6.50869538275166,7.25874077052288,5.3,27.5818574920593,26.3,261.5,202.9,1.9,0.8
2018-08-09 15:41:39.300,177.8,32.3016602935473,1.8952305967722,1.93873494077023,1.21445269530755,397.34530158551,406.466229112541,1.24233706445999,78.8,140.523898822216,22439.5815594989,0.9,74.7,43.7627633333333,-79.5070083333333,990.3,6.50549758479573,7.25707705551198,5.1,27.583635503609,26.4,260.9,161.5,1.9,1
2018-08-09 15:41:40.300,178.3,32.3042752076413,1.89663283450635,1.94029450792682,1.26108111335074,397.652025434942,406.80612436774,1.2901112715747,74.3,140.497516758174,22502.4192831212,0.9,67,43.7627666666667,-79.5069933333333,990.2,6.50309211630968,7.25114050815843,5.3,27.5853999891736,26.4,254.7,188.8,2.3,1.9
2018-08-09 15:41:41.300,178.1,32.3040840441648,1.89570957090109,1.93938556521347,1.03161272576562,397.301255415422,406.454755289031,1.05537908366104,72,140.510709068585,22520.3021581337,0.9,58.8,43.7627683333333,-79.5069766666667,990.1,6.50437837001092,7.24909964926378,5.1,27.5872102780612,26.4,261.9,163.6,2.5,1.9
2018-08-09 15:41:42.300,177.9,32.3018152684677,1.89430280817217,1.93795484552637,1.1270454944212,397.190609493567,406.343461049992,1.15301654605802,70.8,140.519922023729,22524.9685408984,0.9,61.3,43.7627716666667,-79.5069616666667,990.2,6.50419249808109,7.25284607811483,5,27.5889993034841,26.4,225.7,128.5,1.7,1.6
2018-08-09 15:41:43.300,178.7,32.303673568679,1.89509668312572,1.93867522935673,1.24596949657307,397.697817794129,406.843110302489,1.27462744254627,73,140.505974451436,22478.8226272112,0.9,66.2,43.7627766666667,-79.5069416666667,990.2,6.50459988170389,7.25254810823867,5,27.5907785025144,26.4,238.1,150.4,2.2,2.2
2018-08-09 15:41:44.300,179.1,32.3071296879913,1.89532144373829,1.93895515414814,1.19364239584449,398.206898893341,407.374404105398,1.22112757469675,73.9,140.518414308155,22503.880388417,0.9,69,43.76278,-79.5069266666667,990.2,6.50558057760947,7.24641765514759,5.1,27.5924668684851,26.4,235.1,139.7,2,1.6
2018-08-09 15:41:45.300,179.6,32.3123808039034,1.89514257607414,1.93888334739599,1.27521901722912,397.998085005002,407.184043965361,1.30465151787253,68.5,140.496037696597,22559.6191954711,0.9,61.9,43.7627883333333,-79.5069083333333,990.1,6.50745359493854,7.251447775933,5.3,27.5940747590792,26.4,247.4,191.6,2,1
2018-08-09 15:41:46.300,179.5,32.3101526305171,1.89492542000582,1.93864392983785,1.24004487441205,397.563158652934,406.73543831867,1.26865442500594,65.4,140.502494064937,22550.8929201016,0.9,61.3,43.7627983333333,-79.5068933333333,990.2,6.5091086285333,7.25914616078863,5.5,27.5958548757555,26.4,260.4,314.7,1.4,0.5
2018-08-09 15:41:47.300,179.2,32.307072764127,1.89580480219135,1.93963869623619,1.12350951916325,397.401021469007,406.589589692605,1.14948321136167,64.5,140.522460004058,22599.1877660551,0.9,63.6,43.762805,-79.5068766666667,990.2,6.50694974795575,7.25649966718064,5.7,27.598060881607,26.4,246.7,17.1,1,1.4
2018-08-09 15:41:48.300,179,32.3106521611707,1.89585364026061,1.93971512356696,1.20866206615168,397.802024364769,407.0053103763,1.2366206759198,69.5,140.497208696641,22612.3032530338,0.9,69.6,43.7628066666667,-79.506855,990.1,6.50915470302458,7.25182811283294,5.9,27.6002813421,26.4,220,18.4,0.6,2.2
2018-08-09 15:41:49.300,179.1,32.3147896499175,1.89582204143883,1.93960930045883,1.13940750577844,398.08536117526,407.279740658468,1.16572592023524,71.6,140.497936240779,22575.2275824551,0.9,75.4,43.76281,-79.5068316666667,990.1,6.50920131403183,7.25277647329791,6.6,27.6017968712792,26.4,168.4,29.4,1.1,4.1
2018-08-09 15:41:50.300,179,32.3190297283761,1.89528046549761,1.93902588449283,0.949715707311965,398.22017213339,407.411486262776,0.971636287041703,75.5,140.509805765085,22560.3520617153,0.9,76.6,43.7628116666667,-79.5068116666667,990,6.50630987609578,7.25051152117721,6.6,27.6031820910753,26.4,145.5,18.7,0.8,3.6
2018-08-09 15:41:51.300,178.7,32.3248838168453,1.89576546702138,1.93941652673814,1.14642526495061,398.529762435639,407.706045026775,1.17281305330607,77.8,140.506000655238,22507.1721434782,0.9,82.8,43.762815,-79.5067883333333,990,6.5042331389347,7.25023906218679,6.8,27.6047276038759,26.4,193.9,54.9,1.3,3.3
2018-08-09 15:41:52.300,178.5,32.3320745060155,1.8961450001521,1.93981889965239,1.39607758390755,398.09209912225,407.261434261165,1.42823676878028,76.9,140.513498232259,22514.6072026281,0.9,81.5,43.7628216666667,-79.506765,990.1,6.50352881595827,7.25313367711359,7.2,27.6069601824502,26.4,210.4,47.7,1.6,2.9
2018-08-09 15:41:53.300,178.7,32.3398432875503,1.89598750787851,1.9397678296687,1.26725049413971,398.03507660866,407.226134090237,1.29651009242612,75.5,140.517891300701,22569.8790905282,0.9,77.2,43.7628283333333,-79.5067383333333,990.1,6.50434718939848,7.2546394778923,7.7,27.6090182038224,26.4,190.7,28.8,1,3.5
2018-08-09 15:41:54.300,179,32.3439344817215,1.89575610597234,1.93966357956563,1.05688723467145,400.318452006399,409.590190138109,1.08136303233882,72.3,140.528765351241,22636.5420340908,0.9,74.2,43.7628366666667,-79.5067116666667,990.1,6.50488846314844,7.25140318406509,7.9,27.6104677411553,26.4,210.6,22.8,1,3.1
2018-08-09 15:41:55.300,179.1,32.3451091462823,1.89629228041483,1.9400833204972,0.975545361105622,402.509589991724,411.804737952723,0.998076646785417,72,140.523681086163,22571.8481879163,0.9,75,43.7628466666667,-79.5066833333333,990,6.50474950824025,7.24670853894656,8.3,27.6120986534845,26.4,201,17.5,0.7,4.1
2018-08-09 15:41:56.300,179.1,32.3503327437492,1.89611313486809,1.9399384547352,0.962062330322195,402.803246216006,412.113331254758,0.984299645058447,71.3,140.499731262895,22591.0844227425,0.9,72.8,43.7628533333333,-79.506655,990.1,6.50683600517489,7.24884839895065,8.3,27.6144316167607,26.4,179.1,17.2,0.7,4.2
2018-08-09 15:41:57.300,179,32.3526064599935,1.8946052991972,1.93846371748082,1.29334897819119,402.622887380395,411.943314850253,1.32328109730723,68.4,140.503968569482,22625.4819424119,0.9,70.9,43.7628616666667,-79.5066283333333,990,6.50798727206209,7.25320194872175,8.5,27.6164575498415,26.4,178.9,13.1,0.5,4.4
2018-08-09 15:41:58.300,179,32.3497946668647,1.89492863754446,1.93880767535881,1.25733916611512,401.97311118083,411.281173282287,1.28644830652566,68.2,140.505119542364,22631.8671106834,0.9,70.9,43.76287,-79.5066016666667,990.1,6.50451236763107,7.25526834032915,8.5,27.6178968213167,26.4,227.5,4.7,0.7,2.9
2018-08-09 15:41:59.300,178.9,32.3453987560046,1.89629891781113,1.94030752166184,1.13303865702675,401.455360569928,410.772115697699,1.15933485473684,67.5,140.509940577606,22681.1877305794,0.9,69.2,43.7628783333333,-79.506575,990.1,6.50502137653764,7.25399444242167,8.3,27.6197161014488,26.4,207.3,6.6,0.7,4.1
2018-08-09 15:42:00.300,178.8,32.342962617176,1.89589474571891,1.93989918330656,1.16427177039262,400.471194954032,409.766256485715,1.19129515879404,67.6,140.520839164683,22683.8525338377,0.9,69.1,43.7628833333333,-79.5065483333333,989.9,6.50592629792219,7.2521531109135,8.3,27.6213883851399,26.4,206.4,4.5,0.3,4
2018-08-09 15:42:01.300,178.7,32.3468046606206,1.89501026210907,1.93902298578789,0.987939983221949,399.543781377225,408.823293849657,1.01088226108852,69.5,140.495688720097,22698.104371467,0.9,71.1,43.7628883333333,-79.50652,990,6.50565487829768,7.25348684260317,8.3,27.6232597835492,26.3,229.2,14.1,0.6,3.3
2018-08-09 15:42:02.300,179.2,32.355621373701,1.89587820363948,1.93994157170454,1.1785566321699,399.597330896184,408.884492922112,1.20594755713094,67.3,140.518698252673,22713.4785489976,0.9,71.5,43.7628983333333,-79.5064933333333,990.1,6.50562666696194,7.25378833094461,8.3,27.6251173516385,26.3,183.9,22.8,0.9,4.2
2018-08-09 15:42:03.300,180,32.3663276307263,1.89543703862216,1.93949032265414,1.36767974845672,400.372933962754,409.678214886009,1.39946661468347,66.2,140.523347527036,22713.6620160174,0.9,68.6,43.76291,-79.506465,989.9,6.50545971643895,7.25001424963972,8.1,27.6265262081976,26.3,188.1,20.6,0.9,3.7
2018-08-09 15:42:04.300,180.6,32.3742223468532,1.8945162379441,1.93863192664558,1.15789373576987,400.527071611454,409.853816674984,1.1848509960372,68.5,140.49922893044,22756.291898797,0.9,71.7,43.762915,-79.5064383333333,990,6.50782926914134,7.24946022454275,7.9,27.6276317220589,26.3,187.6,25,0.9,4.3
2018-08-09 15:42:05.300,180.7,32.3756272244931,1.89364630530286,1.93762140791399,1.09236295245836,400.037046683858,409.326937293122,1.11772695916028,67.3,140.527929615422,22695.530327842,0.9,68.4,43.7629216666667,-79.5064133333333,990,6.50700177586795,7.25184937056833,7.9,27.6290401607298,26.4,166.5,21.1,0.9,4.2
2018-08-09 15:42:06.300,181,32.3747527276929,1.8945220074505,1.9386383871903,1.34640406967861,400.349060673292,409.67170978618,1.37777227411658,66.2,140.521017021737,22756.2024347148,0.9,65,43.7629283333333,-79.5063866666667,990,6.50702453485252,7.25348931959273,7.9,27.6310653933899,26.4,178.8,25.1,0.8,4.1
2018-08-09 15:42:07.300,181.3,32.3759403113886,1.8937495267442,1.93757489264036,1.21572005790522,401.227595163629,410.512779638289,1.24388841032829,69.5,140.509491730274,22618.4673427939,0.9,66.9,43.762935,-79.5063566666667,989.9,6.50745623516785,7.24867589721587,8.8,27.6332281815422,26.4,151.9,17.9,0.8,5.3
2018-08-09 15:42:08.300,181.2,32.3825835490586,1.8932662927893,1.93690854157681,1.05574249481336,400.706447631575,409.943233412851,1.08007847701987,70.5,140.513490666452,22531.7657330843,0.9,70.8,43.76294,-79.5063266666667,989.9,6.50654324069396,7.24767612198416,9.2,27.6349923989076,26.4,161.3,10.4,0.6,5
2018-08-09 15:42:09.300,181.2,32.3902956878266,1.89389861551866,1.93769044048933,1.27572454120918,399.786301904539,409.030312099205,1.30522816482645,71.3,140.494614232667,22599.8626640528,0.9,71.6,43.76295,-79.5062966666667,989.9,6.50651722852,7.25204437867196,9.6,27.6366827101867,26.4,158,22,0.9,5.6
2018-08-09 15:42:10.300,181.3,32.3942868884119,1.89620902286019,1.94009040668773,1.18369254718482,399.181894198932,408.41963570835,1.21108630113994,67.4,140.520255838327,22618.3071406913,0.9,68.5,43.76296,-79.506265,989.9,6.50419961509074,7.2516263134201,9.8,27.6386159849075,26.4,166.9,29.1,1.3,5.2
2018-08-09 15:42:11.300,181.2,32.39420513504,1.89645265365822,1.94020168237095,1.31903499401413,399.017083938907,408.221955926399,1.34945452814334,67,140.522459892364,22548.6546389846,0.9,65.3,43.76297,-79.506235,990,6.5045867781032,7.24487354716241,9.8,27.6403443319854,26.4,189.4,20.6,0.9,5
2018-08-09 15:42:12.300,181.3,32.3957256066696,1.89583599823573,1.9395883946103,1.16784812487315,399.078905177983,408.288924019785,1.19479309020359,67.7,140.507048758432,22557.555422768,0.9,67.6,43.7629766666667,-79.5062016666667,990,6.50400777193073,7.24663215119504,9.8,27.6420516429238,26.4,155.3,22.6,1.1,5.9
2018-08-09 15:42:13.300,181.3,32.3979606224901,1.895510968755,1.93937859574296,1.15623701487251,398.388810433668,407.608711469813,1.18299866459169,68,140.53513628916,22619.4868120519,0.9,70.5,43.7629883333333,-79.5061716666667,990,6.5013364236946,7.25036112514068,9.6,27.643797565462,26.4,161.8,18.8,1,5.5
2018-08-09 15:42:14.300,181.5,32.4027803980049,1.89249322802997,1.93615207193764,1.13535971194732,398.606254038747,407.801861854437,1.16155619532057,68.9,140.514682353566,22549.2326271858,0.9,71.1,43.7629983333333,-79.5061416666667,989.9,6.50917051463346,7.2525158628932,9.8,27.6456795736896,26.4,146.2,23.3,1.2,6.7
2018-08-09 15:42:15.300,181.5,32.4087766623251,1.89382068085258,1.93763107820926,1.0639129797055,398.717685426384,407.941182645746,1.08852362738022,69.3,140.509909271824,22609.9547704009,0.9,68.1,43.76301,-79.5061083333333,989.9,6.50651577865953,7.25510741990267,9.8,27.647259549686,26.4,144.5,23.1,1.3,5.8
2018-08-09 15:42:16.300,181.7,32.4146206678734,1.89560245755565,1.93942639962031,1.05248631315328,398.458121886073,407.669968914252,1.07681923656473,68.1,140.51382488935,22596.2996673332,0.9,66.5,43.7630216666667,-79.506075,990,6.50510869870088,7.25350335283277,10.1,27.6493221601307,26.4,153.3,19.4,1,5.5
2018-08-09 15:42:17.300,181.7,32.4184805568698,1.89533234864199,1.93899274716431,0.987751993153439,398.664134414655,407.847704934617,1.01050741279337,68.9,140.490402401748,22517.0614807307,0.9,71.7,43.76303,-79.5060416666667,989.9,6.50771659883452,7.25307141277187,10.5,27.6509942966457,26.4,195,17.8,0.8,4.7
2018-08-09 15:42:18.300,181.9,32.4215739939665,1.89856988486307,1.94232236113944,1.09403831058953,398.958421341349,408.152234904538,1.11925212204056,70.6,140.522574384701,22525.5243779369,0.9,74.8,43.76304,-79.5060066666667,989.9,6.50047868382767,7.25188532508274,10.7,27.652738315807,26.4,199,21.8,1,5.1
2018-08-09 15:42:19.300,181.8,32.4260941317702,1.89696914102343,1.94053606756948,1.11825270822739,399.282468774499,408.452516366274,1.14393650800053,70.3,140.520981564082,22450.8043426638,0.9,73.8,43.76305,-79.5059733333333,989.9,6.50090372930641,7.24973769216946,10.9,27.6546431258072,26.3,187.5,23.5,1.1,5.2
2018-08-09 15:42:20.300,181.9,32.433110544979,1.8967518086019,1.94021363493152,1.10025413296131,399.642157157015,408.79936588978,1.12546448063038,69.4,140.488699540373,22400.337642807,0.9,73.6,43.7630616666667,-79.5059383333333,989.9,6.50459321044056,7.24768579776707,11.2,27.6564465462906,26.3,186.4,26,1.3,5.1
2018-08-09 15:42:21.300,182.2,32.4380285917643,1.89603403335829,1.93958939291499,1.048482037689,398.871106044858,408.033832253704,1.07256639184853,69.7,140.524655181296,22455.9391339965,0.9,72,43.763075,-79.5059,989.9,6.50629669303517,7.25131366931205,11.4,27.6583810130759,26.3,192.2,22.3,1.2,4.9
2018-08-09 15:42:22.300,182.3,32.4422586874116,1.89609322489648,1.9395202365671,1.14598551797446,398.707839327027,407.839769359091,1.17222767206829,72.1,140.519696489725,22390.9113199872,0.9,73,43.763085,-79.5058616666667,990,6.50545217341069,7.25620867391053,11.6,27.66058883112,26.3,209.4,25.4,1.5,4.4
2018-08-09 15:42:23.300,182.1,32.4452583889378,1.8963610521491,1.9396752363992,0.943997950544671,399.20204057682,408.320202569605,0.965561705297912,76.2,140.506230012024,22330.8642455798,0.9,74.7,43.76309,-79.5058216666667,989.9,6.50562156296911,7.25191918215011,11.6,27.662536071535,26.3,206.6,28.3,1.5,5.1
2018-08-09 15:42:24.300,181.8,32.4461275057775,1.89637316133331,1.93967427746664,1.42901562357169,399.58278862194,408.706749493044,1.46164541377228,79.3,140.535619631073,22323.973592888,0.9,77.5,43.7630933333333,-79.50578,989.8,6.50602716364432,7.25077110559851,12.2,27.6643478951095,26.3,187.4,25.4,1.4,6.2
2018-08-09 15:42:25.300,181.9,32.4497599760547,1.89741996624974,1.94067448714613,1.1914273330053,400.409984344822,409.537864374642,1.2185946403717,80.5,140.505980120172,22288.3419708041,0.9,77.9,43.7630983333333,-79.5057333333333,989.7,6.5038250645185,7.2489310630275,12.9,27.6663728089282,26.3,194.1,21.8,1.2,6.1
2018-08-09 15:42:26.300,181.6,32.4513140137354,1.89653556395075,1.93966275776981,1.35041264587725,399.426223481251,408.509006790233,1.38111438123374,81.6,140.521045254418,22233.9995699553,0.9,79.6,43.7631033333333,-79.5056866666667,989.9,6.50269628895547,7.25619406895206,13.7,27.6680180618094,26.3,207.6,21.1,1.3,6
2018-08-09 15:42:27.300,181.8,32.4518937286488,1.89709687112901,1.94004658228024,1.19721475642272,399.641081974726,408.688843174559,1.22432893903625,82.8,140.518949132065,22138.645678378,0.9,81.7,43.7631083333333,-79.5056366666667,989.8,6.50015791278989,7.2504833389807,14.4,27.6699372850993,26.3,207.9,16.5,1.2,6.5
2018-08-09 15:42:28.300,181.9,32.4565053390826,1.89558950128706,1.93839226340713,1.02524773910635,399.903158885722,408.933044912016,1.0483990352045,84.1,140.487864540589,22081.5406795616,0.9,82.9,43.7631166666667,-79.5055833333333,989.8,6.50526751874432,7.24895088078152,15.3,27.6713478069137,26.3,204.7,14.7,1.1,7.4
2018-08-09 15:42:29.300,181.9,32.4625040423528,1.89450040159738,1.93725058818603,1.14551069116991,400.063847335422,409.091395280068,1.17135934502052,85.2,140.529472872681,22067.3162739843,0.9,81.8,43.7631183333333,-79.505525,989.8,6.5055113520009,7.24906454197066,16.8,27.6730206137275,26.3,174.8,10.1,0.7,8.6
2018-08-09 15:42:30.300,181.4,32.468259316468,1.89658844581982,1.93937681190653,0.961443820635404,399.73302490921,408.751231078681,0.983134811916787,85.7,140.506850832311,22062.8448356999,0.9,80.6,43.76312,-79.5054633333333,989.7,6.50341290362068,7.25397315205538,18.3,27.6746937827519,26.3,170.9,9.6,0.7,10.6
2018-08-09 15:42:31.300,180.9,32.4689956915505,1.89887023962435,1.94155710365661,1.19466676805973,399.457816473569,408.437775683247,1.22151457356285,87,140.50621212539,21986.0868122477,0.9,81.3,43.76312,-79.5053916666667,989.8,6.50173919770656,7.25419448315505,20,27.6765760506868,26.3,140.4,7.3,0.9,11.5
2018-08-09 15:42:32.300,180.4,32.46905114643,1.89537943806346,1.93783972523362,1.18910452461198,399.92898990757,408.888249044745,1.21574508302087,86.9,140.538182293366,21911.2344599125,0.9,82.6,43.7631183333333,-79.505315,989.8,6.50600619872547,7.2510165822428,21.6,27.6783724971867,26.2,120.2,2.1,1.2,13.1
2018-08-09 15:42:33.300,180,32.4732220900682,1.89433411861935,1.93662917508309,1.67128870417667,399.588527202838,408.510135594993,1.70859339785933,85,140.501826237427,21839.3584235769,0.9,80.4,43.7631216666667,-79.505235,989.8,6.51072223719275,7.254697380401,22.4,27.6801991116067,26.1,91.5,2.7,1.9,16.6
2018-08-09 15:42:34.300,179.9,32.4757397125374,1.89608333707796,1.93866665924616,1.19854245908897,399.536733070763,408.509811633225,1.22543062578924,81.2,140.528945016784,21965.5173160328,0.9,80,43.76313,-79.5051616666667,989.8,6.50983217736366,7.25157828435717,21.2,27.6826205952463,26,104.2,6.3,2.2,15.6
2018-08-09 15:42:35.300,180.3,32.4757799307544,1.89600696670885,1.93852371063322,1.19852132291985,399.936523643377,408.904892083353,1.22539271375803,74.5,140.517668439977,21932.7004680755,1.2,73,43.7631483333333,-79.5050966666667,989.8,6.51043455516343,7.24967698748253,19.2,27.6846582908316,25.9,128.2,8.3,1.5,12.2
2018-08-09 15:42:36.300,180.7,32.4755310388304,1.89486497602068,1.93736580433908,1.27658351439282,399.122230147392,408.074183674616,1.30521667346629,69.1,140.489750630407,21937.1960883464,1.2,74.9,43.76317,-79.5050433333333,989.8,6.51427441305822,7.25256002162088,17.2,27.686517331761,25.8,153.2,9.6,0.9,10
2018-08-09 15:42:37.300,181.1,32.4751251746541,1.89464428411871,1.93729993409866,1.24632827968979,398.966408316626,407.948566592477,1.27438751232463,63.9,140.530923273846,22018.0162095129,1.2,71.4,43.76319,-79.505,989.7,6.50647282715709,7.25178232351444,15,27.688267692935,25.8,187.8,5.5,0.7,7.5
2018-08-09 15:42:38.300,181.5,32.4793970887036,1.89761256804433,1.94056711257536,1.28836340302955,398.842161995168,407.870235061189,1.31752813954119,58.5,140.516527131417,22134.7605061688,1.2,67.2,43.7632066666667,-79.5049633333333,989.8,6.50530991668184,7.25242314642655,13.1,27.6897886929678,25.8,221.3,8.2,1.3,5.5
2018-08-09 15:42:39.300,182.3,32.4872617187195,1.89537458555675,1.93828893804224,1.27379551307538,399.178000350239,408.216012191357,1.30263577138071,56.4,140.472154034428,22140.1172870048,0.9,65.4,43.7632233333333,-79.5049316666667,989.7,6.50622145316068,7.25161504196701,11.4,27.6916726729973,25.9,237.9,0.4,1.4,4
2018-08-09 15:42:40.300,183,32.4880434841085,1.89534466319248,1.93815636203215,1.40438523372625,399.185763443641,408.202483100586,1.43610493374668,52.8,140.531033613667,22088.7490145761,0.9,60.7,43.76324,-79.5049083333333,989.7,6.50142917016407,7.25460300370322,10.1,27.6935237733328,25.9,236.1,353.5,1.6,2.7
2018-08-09 15:42:41.300,184,32.4909462933382,1.89614556706754,1.93889833154748,1.42989519205718,399.563455827293,408.572462680623,1.46213598888328,50.1,140.504380117262,22050.0281330271,0.9,52.2,43.76326,-79.50488,989.8,6.50420772091315,7.25012359041827,9.6,27.6955331466691,26,237.9,350.2,1.6,2.2
2018-08-09 15:42:42.300,184.6,32.4947520899445,1.89730699227368,1.94014389296874,1.19071334477631,399.123649198383,408.13487523477,1.21759453970382,48.4,140.520351901079,22079.0528988346,0.9,51.4,43.7632783333333,-79.504855,989.7,6.50329237426297,7.25386691171592,9,27.6975872410067,26.1,235.5,352.1,1.5,2.2
2018-08-09 15:42:43.300,185.4,32.497802496941,1.89681364285495,1.93970054352946,0.899888808436355,399.40265777252,408.433092942715,0.92023389809789,47.2,140.538831545097,22109.9851303514,0.9,48.7,43.7632933333333,-79.5048283333333,989.6,6.50437893846264,7.25038266246308,8.7,27.699207906196,26.1,233.5,353.3,1.7,1.4
2018-08-09 15:42:44.300,185.9,32.5025042014886,1.89831943494289,1.94145615371218,1.18976255487422,399.966283201143,409.054991856073,1.21680743417475,43.4,140.493643963512,22218.6439858453,0.9,45.2,43.7633116666667,-79.5048083333333,989.7,6.50525615680706,7.25077806686337,8.5,27.70139455727,26.2,223.5,0.4,1.7,1.6
2018-08-09 15:42:45.300,185.6,32.5016888646663,1.89631671393466,1.93878480124644,1.39336436951794,400.254925701242,409.218682731501,1.42455950326168,41,140.53456721621,21904.4554467591,0.9,43.4,43.7633316666667,-79.5047883333333,989.6,6.50802796105875,7.24702901838229,8.5,27.7028825929957,26.2,232.8,338.8,1.6,1.5
2018-08-09 15:42:46.300,186.5,32.501184811935,1.89703469227901,1.93943978895442,1.27806235685149,400.743153037664,409.701069948205,1.30663027132019,41.3,140.51753739465,21864.4896959004,0.9,43.5,43.763345,-79.504765,989.6,6.50882723096382,7.24812238237447,8.5,27.7047930090404,26.3,229.5,343.5,1.7,1.4
2018-08-09 15:42:47.300,187.1,32.5082630236938,1.89653968463769,1.93890170471576,0.958309516004132,400.698730943362,409.648827675508,0.979716352395888,42.3,140.47919480283,21848.3225942421,0.9,47.2,43.76336,-79.504745,989.5,6.51163449451605,7.25100185986686,8.5,27.7068272795441,26.3,225.8,347.9,1.7,1.4
2018-08-09 15:42:48.300,187.2,32.5114281907169,1.8957775455465,1.93810111347079,1.1362879336607,400.957819376366,409.90917104757,1.16165568758502,42.8,140.534513430569,21837.4826771686,0.9,48,43.763375,-79.5047233333333,989.6,6.50825176761328,7.2560640220146,8.7,27.7085389757552,26.3,222.2,346.8,1.7,0.8
2018-08-09 15:42:49.300,186.4,32.5181290855296,1.89875298264832,1.9411699791152,1.25166136979591,401.371640133312,410.337911420864,1.27962332293032,41.4,140.503313530048,21851.0154577696,0.9,45.6,43.7633916666667,-79.5047033333333,989.5,6.50287840485952,7.24690815669951,8.5,27.7105756624768,26.4,222.8,0.4,2,1
2018-08-09 15:42:50.300,186.1,32.5249433510204,1.89836826997049,1.94048615249507,1.21950916135329,401.576104847063,410.485594216438,1.24656719769948,43,140.504720513093,21704.8451898134,0.9,45.9,43.7634083333333,-79.504685,989.6,6.50669764948429,7.2477260127877,8.3,27.7125315713794,26.4,216.1,0.4,1.9,1
2018-08-09 15:42:51.300,186.4,32.5237030565036,1.89805796603244,1.94027544905827,1.33024741650455,400.889689403041,409.806512422721,1.35983706190745,42.7,140.538529435348,21758.6611356495,0.9,47,43.7634266666667,-79.50467,989.6,6.50401153569332,7.25105593031027,8.3,27.7145284151676,26.4,220.2,29.4,2,0.7
2018-08-09 15:42:52.300,186.6,32.5244204971439,1.89890461064939,1.94104083282238,1.39699885055051,401.364524594931,410.270671053312,1.42799718931251,41.5,140.491486845415,21707.9835061746,0.9,47.5,43.763445,-79.5046516666667,989.5,6.50916290322954,7.24788347733132,8.1,27.7159706907205,26.4,222.7,51.3,2.1,0.4
2018-08-09 15:42:53.300,187.1,32.5268786481323,1.89702955695515,1.93903022808518,1.528763431939,401.705693849637,410.599544105902,1.5626096203077,42.8,140.533431861937,21660.7997673771,0.9,46.2,43.76346,-79.5046316666667,989.6,6.50809934674239,7.24800046751771,7.7,27.7181978780141,26.4,215.9,55.5,2.1,0.5
2018-08-09 15:42:54.300,187.5,32.5255699849646,1.89572094165537,1.93750514493382,1.27815793220501,401.002731949843,409.841308479236,1.30633471813784,43.6,140.516935275221,21565.9638220702,0.9,44.9,43.763475,-79.5046116666667,989.6,6.51102306892804,7.25085976396637,7.5,27.7197313602992,26.5,216.5,44.5,2,0.5
2018-08-09 15:42:55.300,188,32.5274398031303,1.90093076850983,1.94280020932665,1.42258952264536,400.84879283902,409.677770306005,1.45392294631237,43.1,140.467923427184,21551.1167599046,0.9,44.6,43.76349,-79.50459,989.6,6.50486819252898,7.25296014100324,7.7,27.7220898031303,26.5,219,52.9,1.9,0.5
2018-08-09 15:42:56.300,188.2,32.5239444492806,1.89784471991823,1.93972487588107,1.55910329179947,400.993301156942,409.842134415185,1.59350945710449,43,140.535044500451,21590.9124109743,0.9,46.6,43.7635066666667,-79.5045733333333,989.6,6.50595872032599,7.25311916054473,7.9,27.7231628440881,26.6,217.5,40.8,2,0.5
2018-08-09 15:42:57.300,188,32.5247846909112,1.8984435198942,1.94016263010376,1.41245616710234,401.61631753501,410.442074223514,1.44349855117442,43.9,140.498830250603,21503.2335275686,0.9,49.1,43.7635216666667,-79.504555,989.6,6.50527962300015,7.25181006840052,7.9,27.7255302140968,26.6,212.9,62.5,2,0.8
2018-08-09 15:42:58.300,188.2,32.53093759863,1.90104662020283,1.94283780504917,1.49005615077265,402.230882757252,411.073127849386,1.52281216879134,43.5,140.46489104439,21510.3425337722,0.9,49.7,43.76354,-79.5045383333333,989.5,6.50339021993314,7.25195192614309,8.1,27.7274533515345,26.6,217.6,32.1,2,0.8
2018-08-09 15:42:59.300,188.3,32.5303780543038,1.89752429491845,1.93922790249027,1.55038213164895,401.532536398604,410.357457912968,1.58445693134187,43.7,140.536499617503,21505.579944942,0.9,48.8,43.7635583333333,-79.5045183333333,989.5,6.50613752833304,7.2499151187787,8.1,27.7287839709356,26.6,218.2,31.1,1.9,0.7
2018-08-09 15:43:00.300,188.4,32.5381085029471,1.89761031282389,1.93941479806797,1.17453322806389,402.104410355583,410.962717796094,1.2004060214862,40.2,140.480202682917,21554.9702110274,0.9,44.4,43.763575,-79.5045,989.6,6.50741444893532,7.24524337453278,8.3,27.7314556859225,26.6,220.4,344.7,1.7,0.9
2018-08-09 15:43:01.300,188.8,32.5396104528554,1.89760943207168,1.93943894177573,1.37338854193204,402.151539580235,411.016191197576,1.40366246384426,41.1,140.538624201555,21567.6282415601,0.9,44.5,43.7635966666667,-79.5044783333333,989.5,6.50475543813204,7.24813056197021,8.7,27.7329973740519,26.6,223.8,0.4,1.9,0.9
2018-08-09 15:43:02.300,189,32.5435019493989,1.89758655644382,1.93951799371872,1.26296616688952,401.342601800787,410.211057102554,1.29087316895344,41.8,140.530945668977,21619.3863682776,0.9,47.7,43.7636166666667,-79.5044583333333,989.5,6.49980676961177,7.24841379249755,9,27.7347965505581,26.6,216.6,18.3,1.9,1.2
2018-08-09 15:43:03.300,188.4,32.5542675379732,1.90075121635031,1.9424864450702,1.20598295681607,401.60580622161,410.42415692017,1.23246464946504,42.4,140.468744942401,21485.80217125,0.9,48.9,43.7636333333333,-79.5044383333333,989.5,6.50269283097719,7.24885529231208,9.2,27.7369544545372,26.6,214.3,15.5,1.9,1.1
2018-08-09 15:43:04.300,187.4,32.5546658098612,1.89700230613404,1.93866704823828,1.54414672425303,401.528571436472,410.347616570899,1.57806230831609,40.4,140.540141634477,21491.5592658454,0.9,45.7,43.7636483333333,-79.5044183333333,989.6,6.50843252815697,7.25063734826753,9.8,27.7390245091721,26.6,216.9,16.3,1.9,1.1
2018-08-09 15:43:05.300,186.4,32.5594672951675,1.89794135035082,1.93965375683048,1.18853559040253,400.968926915625,409.781317723674,1.21465698857961,38.4,140.510017988256,21505.209930326,0.9,42.4,43.763665,-79.5043983333333,989.6,6.50655506309622,7.25781555435361,10.1,27.7406656959904,26.6,226.4,332.8,2.2,1.2
2018-08-09 15:43:06.300,185.3,32.5663909539537,1.89909565362178,1.94087904466217,1.53584144738806,402.113887243236,410.961037865195,1.5696336986934,38.9,140.47127037861,21527.9790433288,0.9,40.2,43.7636833333333,-79.504375,989.6,6.50813231713548,7.24780655535667,10.9,27.7429843513369,26.6,225.6,340.6,2.2,1.4
2018-08-09 15:43:07.300,184.9,32.5676556947898,1.89879606837915,1.94041384519526,1.41097754036903,401.97983358803,410.790353294619,1.44190451190781,40.5,140.531806588313,21447.6972282961,0.9,42.1,43.7637016666667,-79.5043466666667,989.5,6.5067082239202,7.25126966895895,11.6,27.744492676447,26.6,223.9,352.8,1.9,2.5
2018-08-09 15:43:08.300,184.8,32.567820414552,1.89899469441719,1.94051603375698,1.33133647428356,402.662151381827,411.466291018028,1.36044645803417,40.6,140.471764475201,21397.1091504251,0.9,42.4,43.7637233333333,-79.504315,989.6,6.50647709323154,7.24736792274073,12.4,27.7462936277562,26.6,225,355.8,2,2.6
2018-08-09 15:43:09.300,185,32.5625580524867,1.89737474035865,1.93909936738138,1.28053792143969,403.623030646944,412.499127299391,1.30869804269479,41.9,140.508149087854,21517.7253160473,0.9,42.9,43.7637466666667,-79.5042833333333,989.6,6.50943839673482,7.25317896205885,13.1,27.7483989896763,26.6,226.4,356.1,2,3.5
2018-08-09 15:43:10.300,184.7,32.5584949509585,1.89941229710567,1.94124254085072,1.34578133979699,410.929335838111,419.979182849156,1.37541912872907,42.1,140.526215125443,21548.2475303711,0.9,44.8,43.763775,-79.50425,989.5,6.50780037863511,7.25613862681967,14,27.7502719260419,26.6,218.6,3.6,1.4,4.7
2018-08-09 15:43:11.300,184.2,32.5683484561427,1.89912172162654,1.94101876427511,1.34170500836053,429.613475084516,439.09144221696,1.3713043150789,39.9,140.467895040491,21585.3206647669,0.9,43.6,43.7638083333333,-79.5042216666667,989.5,6.51022219565425,7.25769886032855,14.8,27.7521631639102,26.6,215.9,5,1.4,5.1
2018-08-09 15:43:12.300,183.6,32.5698829594578,1.89805613815166,1.9401099209996,1.67741646671798,436.246416465748,445.911929199331,1.71458362075758,40.9,140.537854396948,21675.9097513909,0.9,40.5,43.7638383333333,-79.504185,989.6,6.51178035613041,7.25615994116735,15.5,27.753901560288,26.6,232.8,349.4,1,5.9
2018-08-09 15:43:13.300,183.4,32.5715900719139,1.89813138129247,1.9402581965301,1.63692606747337,441.173980202221,450.965310219849,1.67325563387989,44.9,140.511298627099,21711.8300583424,0.9,43.7,43.7638683333333,-79.5041433333333,989.6,6.51239708534083,7.25345213673563,16.2,27.7559882112149,26.6,266.8,341.8,1.5,6.8
2018-08-09 15:43:14.300,183.1,32.5771663833531,1.90280456781885,1.94497747040901,1.47055078643121,445.675215803804,455.553068859838,1.50314430875541,51.9,140.479487254248,21683.0887361257,0.9,50.4,43.7638916666667,-79.5040966666667,989.5,6.5030705804249,7.25413800309835,16.8,27.7578151502384,26.6,262.4,348.1,1.3,6.7
2018-08-09 15:43:15.300,182.7,32.5740552033245,1.90146192425224,1.94348627696358,1.46277720045066,447.791750972564,457.688425008659,1.49510620255937,57.5,140.536447334143,21623.2170815196,0.9,54.9,43.76391,-79.5040416666667,989.5,6.50681821715463,7.25416288418681,17,27.7596543734881,26.5,256.9,354,1.4,6.3
2018-08-09 15:43:16.300,182.8,32.5846300819509,1.89964082618634,1.94197741383681,1.44142811289448,448.270823143879,458.261290941488,1.47355167582993,62.2,140.480708930746,21800.7820709314,0.9,64.4,43.7639266666667,-79.5039866666667,989.6,6.5108241876984,7.25666349970055,17,27.761550996686,26.4,238.3,2.3,1.3,6.5
2018-08-09 15:43:17.300,183.1,32.5903643425721,1.89732761183581,1.93988475614123,1.45650153856893,448.607816324035,458.67026689798,1.48917149893019,65.6,140.487128299662,21938.3149231421,0.9,69.8,43.76394,-79.50393,989.6,6.50353484489406,7.25217992969701,16.6,27.7639535447885,26.4,232.9,3.5,1.5,5.8
2018-08-09 15:43:18.300,183.1,32.5946770777045,1.89846218170903,1.94115407263573,1.75370454139637,445.3512712582,455.365977532309,1.79314169439164,69.3,140.528577002914,21992.6909242501,0.9,74,43.7639483333333,-79.50388,989.6,6.5045602828191,7.24997796307824,15.9,27.7654833059852,26.4,228,6.6,1.4,6.4
2018-08-09 15:43:19.300,183,32.6064184893063,1.8984914692206,1.94131422858659,1.34853658608463,440.905983062324,450.851223913013,1.37895335469246,71.1,140.470427936559,22058.6994763897,0.9,77.2,43.7639583333333,-79.50383,989.4,6.508208400002,7.25115767286727,15.1,27.7673789712031,26.4,224.5,10.5,1.4,5.9
2018-08-09 15:43:20.300,182.4,32.604765907858,1.899903200099,1.94274696177251,1.29875411083333,436.077800861177,445.911645411093,1.32804199440977,72.6,140.508045396571,22053.4164816373,0.9,77.3,43.7639666666667,-79.5037833333333,989.5,6.5082747953929,7.25457186810961,14.6,27.7696744099106,26.4,221,15,1.2,5.8
2018-08-09 15:43:21.300,182.3,32.6078107698128,1.90144768374781,1.94425132861607,1.59788141934736,431.090604060769,440.795142473631,1.6338514655861,73.5,140.518247433605,22015.7694129179,0.9,79.9,43.7639766666667,-79.5037383333333,989.5,6.50563908945076,7.25237398679497,14,27.7710781373929,26.4,230.8,17.6,1.8,4.9
2018-08-09 15:43:22.300,182.2,32.6185602016456,1.89846078409993,1.94160930119078,1.00942206127709,428.011909146702,437.739806129448,1.03236252117037,71.8,140.467409158672,22223.0610382269,0.9,75.3,43.7639866666667,-79.5036933333333,989.4,6.50727044459958,7.24910529878528,13.8,27.7734723538147,26.4,222,15,1.6,5
2018-08-09 15:43:23.300,182.1,32.6154820721587,1.89946021067369,1.94244886161995,1.62068996313907,423.826833618374,433.41891749315,1.65736935266617,69.9,140.5345112185,22131.1957142491,0.9,71.8,43.764,-79.5036516666667,989.6,6.50833732112978,7.25566008838515,13.5,27.7755178099383,26.4,239.9,4.7,1.1,5.4
2018-08-09 15:43:24.300,181.9,32.61774,1.896454,1.939222,1.571929,421.1258,430.6229,1.607379,70.4,140.5123,22054.26,0.9,73,43.7640133333333,-79.5036083333333,989.5,6.513059,7.251465,13.7,27.77706,26.4,233.1,6.9,1.2,5.2
2018-08-09 15:43:25.300,182.3,32.61991,1.896796,1.939427,1.296679,418.2344,427.6343,1.325822,72.4,140.4984,21981.04,0.9,74.4,43.7640216666667,-79.5035583333333,989.5,6.509891,7.250007,14,27.77929,26.4,224.7,14.6,1.2,5.8
2018-08-09 15:43:26.300,182.6,32.6183527599039,1.8987309752368,1.9417063030151,1.32762907416345,415.138204923388,424.534327670888,1.35767881631811,73.4,140.52631075467,22132.8240526728,0.9,75.7,43.7640316666667,-79.5035083333333,989.5,6.50422064511382,7.25708861708816,14.2,27.7812694556484,26.4,225.1,4.1,0.8,6.3
2018-08-09 15:43:27.300,183,32.62559,1.897189,1.940057,1.295029,413.059,422.3924,1.324292,74.1,140.4564,22096.5,0.9,73.9,43.7640383333333,-79.5034583333333,989.5,6.513376,7.25424,14.2,27.78316,26.4,224.3,6.4,0.8,5.9
2018-08-09 15:43:28.300,183.5,32.62068,1.897199,1.940276,1.682699,411.9463,421.2998,1.720905,74.2,140.5106,22201.38,0.9,72.8,43.7640483333333,-79.5034133333333,989.5,6.503924,7.248113,13.7,27.78491,26.4,237.4,10.3,1.1,5.1
2018-08-09 15:43:29.300,183.7,32.6221209276069,1.89377654446634,1.93679405881969,1.47131102635692,410.512777697246,419.837624298943,1.50473233784212,76.1,140.513680687733,22210.6813615495,0.9,77.5,43.764055,-79.5033733333333,989.5,6.50659159036635,7.24944543967727,12.7,27.7870145177504,26.4,219.2,17.8,1.5,4.6
2018-08-09 15:43:30.300,183.9,32.6220886628006,1.89795121037348,1.94110936817877,1.29246193597189,408.8721867375,418.169783009723,1.32185198594719,77.6,140.479518468944,22233.925220859,0.9,82.5,43.7640633333333,-79.503335,989.4,6.51006928782414,7.25367509693705,11.8,27.7893687507501,26.4,223.4,24.5,1.7,4.2
2018-08-09 15:43:31.300,184.2,32.6184251322007,1.89727727564983,1.94038668523545,1.79765987005404,407.771029666481,417.036262900026,1.83850515591722,80.9,140.535336459532,22216.840814465,0.9,88.3,43.7640683333333,-79.5032983333333,989.3,6.50317867963914,7.24321937374383,10.7,27.7906047606388,26.4,234.5,36.2,2.1,2.8
2018-08-09 15:43:32.300,184.6,32.6228749948621,1.89706338137825,1.94028236578787,1.37638001968466,405.105220118975,414.334358065733,1.40773787982081,83.4,140.502646653929,22274.7352332134,0.9,92.7,43.76407,-79.5032666666667,989.4,6.50798851213834,7.24931349316817,9.6,27.7929803985903,26.4,234,45.4,2.2,2.9
2018-08-09 15:43:33.300,185.2,32.6312957189171,1.89595274902129,1.93930747612639,1.6992719441715,403.792639170364,413.026377926524,1.73812721598286,85.1,140.510674632109,22356.0935165501,0.9,93,43.7640716666667,-79.5032316666667,989.4,6.51136113001154,7.25512634561679,9.2,27.7949035214443,26.5,228.4,51.3,2.1,2.9
2018-08-09 15:43:34.300,185.9,32.6381489419737,1.89609464715982,1.93973069427518,1.3044207488795,404.27321396073,413.577065307082,1.33443951139721,84.8,140.517591924669,22496.0370186937,0.9,91.4,43.7640783333333,-79.5032033333333,989.4,6.50991144035998,7.24968874807366,9,27.7965197787839,26.5,237.8,75.4,2.3,2.2
2018-08-09 15:43:35.300,186.7,32.6500566782493,1.89448000933622,1.93811188434937,1.28374728168466,403.550054452144,412.844382120525,1.31331398839944,85.7,140.464676957644,22512.9359548582,0.9,88.7,43.76408,-79.503175,989.4,6.5108543470571,7.24993013509556,8.7,27.7988164002669,26.5,234.5,70.8,2.3,2.6
2018-08-09 15:43:36.300,186.6,32.6505769732443,1.89430999226175,1.93783542156005,1.43683925057043,402.235649412845,411.477787277766,1.46985482417397,87.3,140.540370107758,22460.8712126317,0.9,88.8,43.7640816666667,-79.50315,989.4,6.51134121395204,7.25256709984726,8.8,27.8004765406567,26.6,233.9,61.6,2.2,2.4
2018-08-09 15:43:37.300,186.4,32.6599193001635,1.90056101587236,1.94403489114533,1.34658781128072,402.414284426351,411.619045503748,1.37739014668296,90.2,140.507496728961,22362.2726871727,0.9,92.4,43.76408,-79.50312,989.4,6.49997700494253,7.25461522877741,9,27.8024562625566,26.6,234.6,56,2.1,2.8
2018-08-09 15:43:38.300,186.8,32.6713982878563,1.89622652997803,1.93974048167776,1.49424129437705,401.923187780635,411.146486747545,1.52853139777013,90,140.48978830899,22433.069847218,0.9,92.4,43.7640766666667,-79.5030883333333,989.4,6.51331594950225,7.25790001952103,9.2,27.8043491373037,26.6,234.5,26.7,1.8,3.4
2018-08-09 15:43:39.300,187.3,32.6730638285633,1.89632623526911,1.93985935614455,1.65735259832309,400.996822898438,410.202195833347,1.69540186650572,87.3,140.527488538163,22441.2295754872,0.9,89.1,43.7640783333333,-79.5030533333333,989.3,6.50695221360792,7.25307648442819,9.6,27.8065213243545,26.6,225.1,21.2,0.9,3.6
2018-08-09 15:43:40.300,187.7,32.6735876750192,1.8985848528436,1.94194945821051,1.31891688758728,400.879293854069,410.035578790619,1.34904062058765,86.2,140.495453630221,22330.5803590884,0.9,86.3,43.76408,-79.5030166666667,989.2,6.51048692892612,7.24785186517816,10,27.8081940070794,26.6,242.3,26.7,1.5,2.8
2018-08-09 15:43:41.300,187.6,32.6705884551241,1.89650470660543,1.93961821110401,1.38626138951081,400.621885297357,409.729067983336,1.41777487535677,85.5,140.520471033574,22227.4504213324,0.9,81.5,43.76408,-79.5029816666667,989.3,6.50648160193088,7.25370398068882,10.1,27.8103898112794,26.6,233.3,29.7,1.5,3.2
2018-08-09 15:43:42.300,187.1,32.6737446052947,1.89953967966131,1.94278842637565,1.40647583030168,400.809745586979,409.93537661637,1.43849691618965,88.4,140.514757527139,22261.0411834319,0.9,88,43.7640816666667,-79.5029466666667,989.3,6.50386036236106,7.25025136068823,10.1,27.8121919058511,26.6,230.8,31.4,1.5,3.9
2018-08-09 15:43:43.300,186.9,32.6801069089118,1.89709394032343,1.94014648146224,1.57022546228078,400.678180354059,409.771149120305,1.60585904443525,90.8,140.510266711358,22190.3257162014,0.9,94.9,43.7640783333333,-79.50291,989.3,6.51118443160858,7.2521960000821,10.1,27.814125726325,26.6,228.5,38.7,1.8,3.7
2018-08-09 15:43:44.300,187,32.6834490530366,1.89823048785796,1.941391096043,1.47642434625472,399.924370208562,409.017641838428,1.50999459003068,90.6,140.538895956451,22231.8847527724,0.9,94.3,43.76408,-79.502875,989.3,6.50717232238209,7.253642054016,10,27.816105540058,26.6,233.8,39.7,1.9,3.3
2018-08-09 15:43:45.300,187.4,32.6875500547157,1.89416149167475,1.93709705306482,1.43026053903376,400.144449275962,409.214769374545,1.46268290410774,89,140.503863822787,22165.1196010713,0.9,92,43.7640816666667,-79.5028383333333,989.3,6.51276586434277,7.25348668279048,10.1,27.8178978862527,26.6,243.1,10.4,1.6,2.9
2018-08-09 15:43:46.300,187.9,32.6947883137361,1.89815293341146,1.94134190124556,1.66752065001039,400.277297635743,409.38488016388,1.70546243605536,88.1,140.499605172113,22246.9587334133,0.9,88.4,43.7640833333333,-79.5028016666667,989.3,6.50529778361389,7.2506634771226,10.1,27.8200843460279,26.6,253.2,32.4,1.8,2.5
2018-08-09 15:43:47.300,188.4,32.6938606831034,1.89671403242376,1.9397576429651,1.55063388096146,399.966471249198,409.043207389904,1.58582857706093,86.3,140.505783320185,22190.0457102974,0.9,88.3,43.7640833333333,-79.5027633333333,989.4,6.50622545722094,7.24996326328052,10.3,27.8217966203154,26.6,233.5,29.8,1.6,3.6
2018-08-09 15:43:48.300,188.8,32.6914034080492,1.89747106992219,1.9401680292383,1.41868844255328,399.716829526077,408.71127958659,1.4506224619943,86.4,140.499830621074,22006.7516482193,0.9,91.5,43.7640833333333,-79.5027266666667,989.3,6.50817236321967,7.25264137514169,10.3,27.8238478928057,26.6,229.3,26.3,1.5,4
2018-08-09 15:43:49.300,188.3,32.6893691362015,1.8963239460817,1.939363000386,1.76479674187961,399.388047189158,408.452479420849,1.8048502913701,89.9,140.521904445751,22192.136741742,0.9,93.3,43.7640816666667,-79.5026916666667,989.1,6.50673917257542,7.25419780141054,10.3,27.8255905176914,26.6,216.7,23.2,1.1,4.4
2018-08-09 15:43:50.300,188.5,32.6886770374918,1.89843565538261,1.94155451584304,1.45217724427392,398.496700993662,407.547704427999,1.48515543325203,91.2,140.515089951545,22208.4025724008,0.9,95.6,43.76408,-79.502655,989.3,6.50184886905735,7.25099069698318,10.7,27.8277679347073,26.6,204.3,27.3,1.2,5
2018-08-09 15:43:51.300,188.3,32.690958252292,1.89878987753041,1.94216231883016,1.24791659902747,399.209038392945,408.327685412555,1.27640633312554,91.5,140.493009893932,22331.7574362244,0.9,91.2,43.7640766666667,-79.5026166666667,989.2,6.50655980532912,7.2520805369059,10.9,27.8292698576303,26.6,214.3,29.6,1.3,4.9
2018-08-09 15:43:52.300,188.2,32.6910658435485,1.89707540094733,1.94004760956936,1.66384804278182,399.222228364999,408.265321776501,1.70153300768874,90.2,140.536454017881,22149.988314329,0.9,93,43.7640766666667,-79.5025766666667,989.2,6.51063250688725,7.24625937321061,11.2,27.8316620915499,26.6,203.6,10,0.8,5.9
2018-08-09 15:43:53.300,188.4,32.6937953672333,1.8962579122206,1.93931787486717,1.25770593326765,399.020816822982,408.081751127513,1.28626815458909,88.6,140.505290316099,22203.7231232398,0.9,86.4,43.7640783333333,-79.5025333333333,989.3,6.51239749992738,7.25040801881609,11.8,27.8335496498116,26.6,228.3,8.8,0.7,4.6
2018-08-09 15:43:54.300,188.8,32.6991857307182,1.90019227421999,1.94348622517622,1.5068127471932,398.690994425211,407.774722115586,1.54114318202252,90.7,140.496285188107,22276.3692548689,0.9,87,43.7640766666667,-79.5024916666667,989.2,6.5040507346688,7.2488951062784,12,27.8358276056746,26.7,253.7,9,0.9,4.9
2018-08-09 15:43:55.400,189,32.7002633436219,1.89763237939005,1.94097901787169,1.3811403847172,398.550334227687,407.654167897877,1.41268883390202,91.4,140.542876649653,22332.1893413779,0.9,91.6,43.7640766666667,-79.5024433333333,989.2,6.50463421239652,7.25435442441792,12.2,27.8373657020537,26.7,225.9,21.3,1.1,5.4
2018-08-09 15:43:56.300,189.1,32.7026176328543,1.89628584562119,1.93956412438451,1.38559272868377,397.88390603499,406.964659549056,1.41721520775943,93.4,140.498372415997,22313.2113323205,1.2,94,43.76407,-79.5024033333333,989.2,6.51280562140003,7.25112760109823,12.4,27.8394574654595,26.7,232.5,16.7,1.6,4.7
2018-08-09 15:43:57.400,188.9,32.7025051712872,1.89551367904754,1.93896406145464,1.43127310549462,398.425065210471,407.557995036595,1.46408221774562,91.5,140.519484247685,22408.9064825231,1.2,91.8,43.764065,-79.5023566666667,989.2,6.51406992063176,7.24779187673429,12.5,27.8412627812428,26.7,250.2,3.5,1,5
2018-08-09 15:43:58.300,188.9,32.7060582378702,1.89671674112086,1.94025568056975,1.58504784875921,402.018053200313,411.246281627052,1.62143271518368,91,140.514687098057,22439.7056773845,1.2,90.3,43.7640633333333,-79.50232,989.2,6.50634849179554,7.24790916847262,12.4,27.8435589539565,26.7,263.6,12.1,1.3,4.4
2018-08-09 15:43:59.300,189.3,32.7114888631412,1.89737958951176,1.94095550718291,1.27081410866919,406.912114357536,416.257431775146,1.3000019308017,91.6,140.4965797447,22450.8205315245,0.9,92.9,43.7640633333333,-79.50228,989.3,6.51144782333356,7.24630627941139,11.8,27.8452427611975,26.7,255.4,10.7,1.2,4.3
2018-08-09 15:44:00.300,189.7,32.7137836582917,1.89466218066209,1.93842753518114,1.33681391345067,407.193440506403,416.599268581668,1.36769300113024,93,140.530336062461,22577.6198888976,0.9,95.8,43.7640616666667,-79.5022416666667,989.2,6.51439954038725,7.24913960544503,11.1,27.8473760964866,26.7,252.1,20.4,1.4,3.7
2018-08-09 15:44:01.300,189.9,32.7188868548904,1.89749492258739,1.94134550645824,1.23056296525005,407.539274196696,416.957415809612,1.25900020885246,93.1,140.507426290435,22587.7469353421,0.9,96.5,43.7640583333333,-79.5022066666667,989.2,6.50907264352262,7.24841926451554,10.1,27.849171403245,26.7,242.5,35.7,1.7,3
2018-08-09 15:44:02.300,189.8,32.7241886711683,1.8978346282462,1.94170414801201,1.43489496639347,407.713857353821,417.13830049954,1.46806113794873,91.9,140.523224306357,22593.0955937349,0.9,94.3,43.76406,-79.5021716666667,989.1,6.507546954623,7.24880873929563,10.1,27.8513956265938,26.7,250.9,20.1,1.8,2.1
2018-08-09 15:44:03.300,189.9,32.7271063274401,1.89689697812178,1.94088760451339,1.37742089267252,407.098852587277,416.539695234622,1.40936200234319,93.7,140.536257671355,22664.8881920384,0.9,102,43.7640583333333,-79.50214,989.2,6.51132541574973,7.24990308787886,9.6,27.8533939189043,26.7,264.5,27.2,2.1,1.9
2018-08-09 15:44:04.300,190,32.7343138885902,1.89809663700636,1.94200634085145,1.47182706313302,406.583514591787,415.989367615166,1.50587641420427,92.3,140.498919875086,22610.6913970356,0.9,95.7,43.764055,-79.5021083333333,989.2,6.51041660174109,7.2459797140649,9.6,27.8552468185973,26.7,255.9,47,2.1,1.5
2018-08-09 15:44:05.400,189.8,32.7396363002248,1.89577089498336,1.93955118738872,1.39463742580166,405.62961108992,414.997116907832,1.42684511872586,91.3,140.52216962917,22572.3748134251,1.2,92.7,43.7640566666667,-79.5020766666667,989.2,6.51102717925996,7.24725803677367,8.7,27.857442180847,26.7,263.1,44.9,2.2,0.5
2018-08-09 15:44:06.300,189.9,32.7434229166758,1.89676600781933,1.94054988753975,1.42552513455582,404.372622046541,413.706938466765,1.45843481392661,90.4,140.50625369444,22562.6489671251,1.2,95.5,43.7640583333333,-79.5020516666667,989.1,6.51072231237284,7.25098452049774,8.5,27.8590697003386,26.7,265.3,27.3,2.4,1
2018-08-09 15:44:07.400,190.2,32.7460087470807,1.8992641997129,1.94290373848605,1.32990251937944,404.488734730641,413.78259275831,1.3604537623285,90.8,140.493292916289,22460.6660819188,1.2,93.7,43.76406,-79.5020183333333,989.1,6.50741553550354,7.24698826993865,8.5,27.8612492541763,26.7,258.6,52.5,2.1,1
2018-08-09 15:44:08.400,190.2,32.7503927925803,1.89513584473003,1.93849315689697,1.48599365788872,403.495786957968,412.727229756345,1.51999263049647,87.3,140.532510874892,22366.8835504206,1.2,91.4,43.7640633333333,-79.5019933333333,989.2,6.50995389160679,7.25030232508744,8.1,27.8631485950149,26.7,258.3,90.8,2.3,0.8
2018-08-09 15:44:09.400,189.7,32.7542564570733,1.89457901153441,1.93786802274414,1.23764046233274,403.662596681104,412.885849604055,1.26591184724991,82.5,140.49796501263,22338.631566502,1.2,85.2,43.76407,-79.5019716666667,989.2,6.50543466447277,7.25051470252094,7.7,27.8652512009333,26.8,263.5,0.4,2.4,0.2
2018-08-09 15:44:10.400,189.3,32.7574589939091,1.89794140365129,1.94114826888622,1.64741151950357,403.243685745119,412.42354256619,1.68491647158233,79.3,140.484738721723,22258.4193266401,1.2,83.3,43.7640783333333,-79.50195,989.1,6.50826335096344,7.25294460821866,7.2,27.8670005623952,26.8,268.8,300.4,2,0.8
2018-08-09 15:44:11.300,189.2,32.7533302305325,1.89631420629683,1.93936726142548,1.54129389617286,402.46438586318,411.601607031086,1.57628591919476,77.9,140.536131213636,22199.1402420435,1.2,83,43.7640816666667,-79.5019283333333,989.1,6.5095065914822,7.25193267358318,6.8,27.8688015981708,26.8,266.1,300.8,1.9,0.4
2018-08-09 15:44:12.300,189.5,32.7579450877503,1.89581595548521,1.9388729245471,1.34134329827022,402.437761403421,411.577713047303,1.37180620276182,76,140.496632887065,22207.0253630568,1.2,79.8,43.7640883333333,-79.501905,989,6.51416988434179,7.24559141165123,6.8,27.8711087430805,26.8,266,238.4,2,0.7
2018-08-09 15:44:13.300,189.8,32.7613013894915,1.89576999441495,1.93880442243249,1.24977805108002,401.754519183018,410.874381544738,1.27814305826517,70.5,140.524612680975,22196.2812451733,1.2,74.7,43.764095,-79.50188,989,6.50912420455417,7.25281903778752,7.2,27.8730068568351,26.8,269.7,293.1,2.2,1.2
2018-08-09 15:44:14.400,190.1,32.7611813235963,1.89666541556733,1.93943055522857,1.45311364726258,401.040174739825,410.082610377521,1.48587201498186,67.2,140.529047926028,22050.2636491558,1.2,66.8,43.7641033333333,-79.5018516666667,989.1,6.51313817119554,7.25218414183361,7.5,27.8748867717888,26.8,276.4,295.5,1.8,1.8
2018-08-09 15:44:15.300,190.5,32.7570689748663,1.89931801984485,1.94192137804383,1.50165080302074,401.124319047072,410.12196874008,1.53532899450425,63.2,140.491361809269,21938.9811161876,1.2,68.6,43.7641133333333,-79.5018283333333,989,6.50788650079357,7.24782573152832,7.5,27.8768199795339,26.8,267.7,294.1,2,1.4
2018-08-09 15:44:16.300,190.7,32.7550775114494,1.90029745523335,1.94309389214762,1.27396707043167,400.884402571895,409.912738956902,1.30266729798062,63.2,140.533347262744,22025.0292243266,1.2,68.5,43.7641216666667,-79.501805,989.1,6.50559432267731,7.25283744019003,7.4,27.8788350027298,26.8,265,316.4,1.7,2
2018-08-09 15:44:17.300,190.6,32.7560677493827,1.89985494603889,1.94275914687054,1.54131629114161,400.344349756988,409.385329138459,1.57612316463751,59.7,140.494044804436,22084.3143759725,1.2,64.8,43.76413,-79.5017833333333,989.1,6.50675812252755,7.2519759083989,7,27.8809144046433,26.8,269.4,336.1,1.1,2.3
2018-08-09 15:44:18.400,190.4,32.7592316026136,1.89966734202206,1.94236621713038,1.44641809990281,400.672545333614,409.678368878662,1.47892214313567,54.6,140.490151430361,21982.8145188412,1.2,59.2,43.76414,-79.5017633333333,989,6.51358446859411,7.24727317551348,6.8,27.8829370635144,26.8,273,302.3,1.5,1.9
2018-08-09 15:44:19.300,190.5,32.7558580595208,1.89847281954181,1.94118158037934,1.07775067456186,399.845505181246,408.840447306613,1.10200122727745,49.6,140.533799941186,22001.1590630455,1.2,53.6,43.7641516666667,-79.5017483333333,988.9,6.50565194649204,7.25661078494488,6.6,27.8848051546834,26.8,258.9,290.7,1.4,1.9
2018-08-09 15:44:20.400,190.7,32.7539403709148,1.89785370234923,1.94025827356121,0.994611631876818,400.079533461956,409.018553993977,1.01683279352658,47.6,140.500596845234,21854.8131667103,1.2,51.1,43.764165,-79.5017283333333,989,6.51185169747901,7.25106928385257,6.8,27.8868204798004,26.8,267.1,280.2,2.1,2.5
2018-08-09 15:44:21.300,190.3,32.7507724779564,1.89804380530001,1.94042432931152,1.20436483760213,399.75651686967,408.682453593369,1.23126950416379,43.4,140.52118217503,21840.8747491867,1.2,48.5,43.7641783333333,-79.5017133333333,989,6.50941678477066,7.25232179081763,6.8,27.8889394247175,26.8,266,303.9,1.8,2.7
2018-08-09 15:44:22.300,190.3,32.7483860930193,1.89772354765293,1.94031865905781,1.49434639249069,400.031939261747,409.010794170995,1.52788694399203,38.4,140.500004278362,21952.6990061061,1.2,43.6,43.7641933333333,-79.5017,988.9,6.51602220671074,7.25048317017479,7,27.8910184845547,26.8,272.9,309.1,1.6,2.8
2018-08-09 15:44:23.300,190.8,32.7473622136168,1.8961507053088,1.93882829856364,1.35735423041618,399.943307655465,408.944937249551,1.38790609512755,35.2,140.496260737149,22011.9474119351,1.2,40.9,43.76421,-79.5016883333333,989,6.51180472528836,7.24982349220087,7,27.8930840537204,26.8,282.4,319.5,1.5,3.7
2018-08-09 15:44:24.300,191.1,32.7480437650925,1.89641039251198,1.93933482020855,1.39131542733502,399.021848344846,408.053409469119,1.42280663081265,33.8,140.528475365433,22133.3266196825,1.2,40.4,43.7642266666667,-79.501675,988.9,6.50946431445934,7.2522313829813,7.2,27.8951344213985,26.8,303.9,327.6,1.1,5.1
2018-08-09 15:44:25.300,191,32.7519095952079,1.89878986833506,1.94178022325331,1.31941884557093,398.770776162075,407.79928383282,1.34928673161747,35,140.501109174087,22139.5403388773,1.2,41,43.7642366666667,-79.5016633333333,988.9,6.5105891060341,7.24989405723802,7,27.8970110378611,26.8,276.9,303.2,1.4,4.1
2018-08-09 15:44:26.400,191.2,32.7601521355554,1.9010857260117,1.94425076760516,1.2072783198136,398.528310934336,407.577171751818,1.23469909528843,38.7,140.517873540354,22201.5662698631,1.2,45.8,43.76425,-79.501645,988.9,6.50815317855982,7.24985241385998,7,27.8989834043847,26.8,266.1,287.4,2,3.3
2018-08-09 15:44:27.300,191.5,32.7673602378752,1.89782807753927,1.94102864274626,1.49042638117066,398.583606801871,407.656814539852,1.52435211468665,38.6,140.53027393315,22256.9408132406,1.2,46.9,43.7642616666667,-79.5016316666667,989,6.51146883133463,7.25102295302052,6.8,27.9009423664179,26.9,267.6,298.6,2,3
2018-08-09 15:44:28.400,191.6,32.7756556806621,1.89656021221573,1.93975590288181,1.22626203168846,397.661951740893,406.719165943244,1.25419098275373,33.7,140.502337935919,22268.8541640044,1.2,40,43.76428,-79.5016216666667,988.9,6.51145417106158,7.25615891855428,6.6,27.9030335601743,26.9,270.1,303.1,1.7,3.2
2018-08-09 15:44:29.300,191.5,32.7789075744833,1.89508465459129,1.93836512887703,1.38572876060867,397.454392578555,406.531429602818,1.41737396502912,30.4,140.530425703505,22328.1364700929,1.2,36.8,43.7642916666667,-79.5016116666667,988.9,6.51356420010785,7.25392324593015,6.6,27.9053615115904,26.9,273.1,301.9,1.6,3.4
2018-08-09 15:44:30.400,191.1,32.7795983731177,1.89705560295524,1.9407562971441,1.36288843770911,396.828254356792,405.969499505371,1.3942839386393,31.4,140.520726354426,22517.0296857488,1.2,35.1,43.764305,-79.5015983333333,988.9,6.5107684002375,7.2553026067325,6.8,27.9071144175654,26.9,277.2,303.2,1.9,4
2018-08-09 15:44:31.300,190.7,32.7840471071686,1.8980935580196,1.94201910712715,1.38018777595654,397.172316606949,406.36364598211,1.41212812328002,26.1,140.495988125482,22618.518830754,1.2,33,43.76432,-79.5015883333333,989,6.50638709472329,7.25262402412974,7.4,27.9091320535885,26.9,269.1,314.5,1.3,3.8
2018-08-09 15:44:32.400,190.7,32.7860599479812,1.89674874235198,1.94074084877383,1.30332606075686,397.39188534182,406.60888664229,1.33355283927447,21.3,140.529083756503,22667.9383939178,1.2,28,43.7643416666667,-79.5015833333333,988.8,6.51424825405621,7.25200287952089,7.9,27.9114689137973,26.9,277.9,320.3,1.5,4.5
2018-08-09 15:44:33.400,190.7,32.7862706180868,1.89786197561452,1.94188889687076,1.24645321044846,398.092886105192,407.327922958308,1.27536169935849,22.2,140.499865542438,22672.2936294382,1.2,26,43.7643633333333,-79.5015733333333,988.9,6.51376464347546,7.2463017732534,8.3,27.9135913780158,26.9,291.1,330.3,1.5,4.7
2018-08-09 15:44:34.400,190.8,32.7905851075273,1.89858813016649,1.94258689849046,1.54117948343741,398.257064770589,407.486476303589,1.57689610313754,19.3,140.511342770054,22649.7769019503,1.2,24.6,43.7643866666667,-79.5015633333333,988.8,6.51018160327486,7.24937997536796,8.5,27.9153880430109,26.9,294.3,333.4,1.1,5.2
2018-08-09 15:44:35.400,190.8,32.7966887759432,1.89665711359028,1.94066260104438,1.41806283052128,397.846143591609,407.076771626307,1.45097566823497,23.7,140.525714227557,22675.412737629,1.2,28.4,43.7644083333333,-79.5015483333333,988.7,6.50873461894918,7.25369029499495,8.8,27.9175426129131,26.8,288.7,328.6,1.3,5.2
2018-08-09 15:44:36.400,191,32.8036927329541,1.89743206374221,1.94126889052624,1.27072205943661,398.253857373646,407.454850309645,1.30007666497935,20.7,140.501478190352,22581.5193211581,1.2,29.8,43.7644333333333,-79.5015383333333,988.8,6.51003783190671,7.25068678196012,9,27.919604103038,26.8,254,324.3,1.7,4.6
2018-08-09 15:44:37.400,191,32.8095171302358,1.89814596150989,1.9418775778102,1.48681671117223,398.623915947778,407.807912405685,1.52107498632813,18.5,140.525688647866,22520.2670547601,1.2,25,43.7644566666667,-79.5015316666667,988.8,6.50735327822508,7.24528024815431,9,27.9216229651595,26.8,285.9,328.4,1.2,5.4
2018-08-09 15:44:38.300,190.9,32.8152184788234,1.89807329112067,1.94164439255976,1.31473521633582,398.5759693329,407.725411821864,1.34491552411918,12.2,140.495959614057,22440.1808989357,1.2,19.9,43.7644783333333,-79.5015266666667,988.8,6.50725322147272,7.24597124708137,8.7,27.9236712824206,26.8,277.9,328.1,1.6,5.5
2018-08-09 15:44:39.400,190.7,32.8189470853938,1.89959240491183,1.94319272994414,1.09798149836542,398.821849440864,407.975766504201,1.12318258872079,11,140.495127503647,22437.3402600591,1.2,19.3,43.7644983333333,-79.5015183333333,988.9,6.51067483693242,7.24792439327855,8.5,27.9255374340366,26.8,262,329.7,1.5,4.9
2018-08-09 15:44:40.400,190.9,32.8225039688255,1.89908840682796,1.94261084494594,1.16819782010562,398.773468545591,407.912322065718,1.19495225314978,8.9,140.528509138369,22404.0987175909,1.2,20.5,43.764515,-79.501515,988.7,6.50956156182426,7.247485262025,8.1,27.927707560486,26.8,265,306.6,2,5.4
2018-08-09 15:44:41.400,191.2,32.8291491954965,1.89986044931969,1.94331964363321,1.45302954371795,399.116235253896,408.246103222983,1.48625886826728,8.9,140.480735406164,22363.5958469983,1.2,19.6,43.7645333333333,-79.50151,988.6,6.50647137497191,7.24721242702025,7.9,27.9295884279362,26.8,271.9,312,2.2,5.3
2018-08-09 15:44:42.300,191.3,32.8342583812725,1.90048258513324,1.94403668496517,1.1396134959709,398.936891172153,408.079477556787,1.16573047161555,9.9,140.485489575991,22403.9726884032,1.2,20.3,43.76455,-79.5015066666667,988.7,6.50529937277314,7.2510788717215,7.4,27.9317096976711,26.8,266.3,312.8,1.9,4.7
2018-08-09 15:44:43.400,191.1,32.8382762639513,1.89909573866809,1.9426107738843,1.10569319646946,399.313102022285,408.462769525778,1.13102827021405,15.7,140.519214818659,22400.2721984126,1.2,24.2,43.7645683333333,-79.5014983333333,988.8,6.50917110809078,7.24912983036597,7.7,27.9335964051614,26.8,258.8,310.2,1.9,4.3
2018-08-09 15:44:44.400,191.1,32.8467650755752,1.89855244318874,1.94202921223775,1.09582826600819,399.251572205681,408.394443701855,1.1209226396842,17,140.495383557799,22387.3793923583,1.2,27.9,43.764585,-79.5014916666667,988.7,6.51244448637364,7.24715283999335,7.4,27.9357986437006,26.8,261.6,306,1.7,4.1
2018-08-09 15:44:45.400,191.1,32.851407060157,1.89810648046139,1.94141946371548,1.25039954806408,399.217462890246,408.327216539213,1.27893041532772,21.4,140.535837709324,22310.0611019475,1.2,32.3,43.7645983333333,-79.5014833333333,988.8,6.51240783730057,7.25218560161665,6.2,27.9377781248686,26.8,255.5,297,1.9,3.4
2018-08-09 15:44:46.400,191.6,32.8600956311935,1.8997418413495,1.94307443557365,1.45475243943947,399.508525450871,408.621092388962,1.48793394833282,23.3,140.509330785126,22300.73813583,1.2,46.7,43.7646066666667,-79.5014766666667,988.6,6.50788327713493,7.25092374471437,4.8,27.9397917419412,26.8,248.1,269.8,1.9,2.4
2018-08-09 15:44:47.400,192.2,32.8714914936756,1.90077521796759,1.94409883757035,1.34140045511121,399.865698483164,408.979707955584,1.37197681126968,32.2,140.493487177412,22284.7557441479,1.2,58.4,43.7646133333333,-79.5014683333333,988.7,6.50519917300049,7.25190635366722,3.8,27.9416641549559,26.8,236.4,206.9,2,1.9
2018-08-09 15:44:48.300,192.3,32.8744172657701,1.89955870042099,1.94279772312652,1.25362271036304,399.633573722255,408.730324302363,1.28215891953682,25,140.531098211846,22256.2012616831,1.2,60.3,43.7646116666667,-79.5014616666667,988.7,6.50723671892413,7.25061696523448,2,27.9437057391767,26.8,230.4,198.8,1.5,1.6
2018-08-09 15:44:49.400,192.3,32.8812255869619,1.89951181290969,1.94268507087644,1.22030112157545,399.877597548187,408.966254882701,1.24803965005045,2.5,140.489241843148,22223.5310208101,1.2,62.5,43.7646166666667,-79.5014566666667,988.6,6.50945241087618,7.25107755879941,1.1,27.9459400344361,26.8,239.9,185.7,2,3.6
2018-08-09 15:44:50.400,192.4,32.8910173008972,1.90065447098175,1.94360926547482,1.22763763989176,400.048044935521,409.089085397592,1.25538008090052,3.9,140.490150688476,22100.4991001529,1.2,63.7,43.7646166666667,-79.5014566666667,988.5,6.51020857817945,7.25043293755871,0.7,27.9479460029541,26.8,251.2,192.9,2.2,4.4
2018-08-09 15:44:51.400,192.8,32.8985904630936,1.89847871256459,1.9413499652311,1.26188264508154,400.094417092612,409.129238333957,1.29037692944381,2.8,140.513091190103,22083.1132118233,1.2,60.5,43.7646133333333,-79.501455,988.5,6.50977266257755,7.25122078942539,0.5,27.9498988231399,26.9,254.1,200.3,1.7,3
2018-08-09 15:44:52.400,193.3,32.907590511083,1.90037102852373,1.9433080511083,1.180120914286,400.309517046277,409.35406549525,1.20678535099651,4,140.484184856618,22094.716027854,1.2,61.9,43.7646116666667,-79.5014516666667,988.5,6.5055420376787,7.25306942078411,0.3,27.952075581826,26.9,249.1,186.3,1.5,3.1
2018-08-09 15:44:53.300,194,32.9112586233858,1.89992161203179,1.94266036349261,1.11096806138302,400.176920645056,409.178973422196,1.13596273270071,7.1,140.515551431721,22000.2293039942,1.2,61.6,43.7646083333333,-79.5014466666667,988.6,6.50729540121454,7.25048989134716,0.3,27.9540279922644,27,252.6,201.7,1.4,2.8
2018-08-09 15:44:54.400,194.7,32.9158857814279,1.89957126055575,1.94211230320955,1.16152618883504,400.395642539123,409.362679126819,1.18753712979739,10.1,140.501179719152,21904.7492902202,1.2,60.5,43.7646083333333,-79.5014433333333,988.6,6.51204797793217,7.24781552703482,0.1,27.9560036396634,27,261.8,206.3,1.3,2.3
2018-08-09 15:44:55.400,195.5,32.9231185251928,1.90009063230748,1.94253696280558,1.3010142418631,400.821063033689,409.775136401624,1.33007899462032,18.6,140.49188864941,21851.0510586562,1.2,57.9,43.7646116666667,-79.50144,988.5,6.51551135596723,7.24841630084806,0.1,27.9582920742929,27,267.1,223.9,1.2,2.2
2018-08-09 15:44:56.400,196.1,32.9252789703002,1.89882015159546,1.94119662758959,1.29612924902505,400.766540112817,409.710686335205,1.32505666385094,22.2,140.528842042215,21830.3313092894,1.2,56.9,43.7646166666667,-79.5014366666667,988.5,6.51225435188893,7.25204316369744,0.1,27.9599189678453,27,270.4,219.7,1.4,2.8
2018-08-09 15:44:57.400,196.1,32.9321958572971,1.8991307834796,1.94164183570766,1.36147907665753,400.345107093974,409.306672390803,1.3919561025657,23.7,140.489030975537,21894.503465906,1.2,57.3,43.76462,-79.5014366666667,988.5,6.50926900702004,7.25262845225241,0.1,27.9622623132507,27,275.1,211.6,1.5,3.3
2018-08-09 15:44:58.400,195.7,32.9362437602871,1.89977513888585,1.94230797557075,1.2586096761847,400.525350102531,409.492536483939,1.28679226436649,17.3,140.494601133972,21898.2701928912,1.2,57.1,43.7646216666667,-79.5014383333333,988.6,6.51190887623377,7.24826201308954,0.1,27.9641224632263,27,273.7,218.5,2,4
2018-08-09 15:44:59.400,195,32.938235594929,1.8997902482282,1.94220736932159,1.07118529331018,400.717831232649,409.664818388042,1.0951018362556,1.8,140.505725899973,21839.7558710928,1.2,57.5,43.7646216666667,-79.50144,988.5,6.51219383372884,7.24652122197097,0,27.9662973364761,27,271.9,216.6,2.2,4.3
2018-08-09 15:45:00.400,194.1,32.941258644248,1.89927210144809,1.94170768986168,1.12034550716415,400.396490767297,409.342545693229,1.14538002825676,293.6,140.476190794081,21854.7324788112,1.2,57.5,43.7646216666667,-79.5014416666667,988.5,6.51245809156014,7.24616488866395,0,27.9681843212922,27,275,217.1,2.2,4.5
2018-08-09 15:45:01.300,193.5,32.941293800946,1.89926589828106,1.94188103520829,1.25995058320255,399.729230536009,408.698241160024,1.28822321372702,61.7,140.507219830139,21945.4037084892,1.2,56.7,43.7646233333333,-79.5014433333333,988.5,6.51175486046883,7.25095484341677,0.3,27.9699661011037,27,277.4,220.8,2.4,3.8
2018-08-09 15:45:02.400,193.4,32.9451529776761,1.89915386753585,1.94185039154937,1.40289738708991,399.383356237128,408.362247955725,1.43443748742783,61.7,140.495836669239,21987.6513207567,1.2,59.2,43.7646216666667,-79.501445,988.5,6.51204174552324,7.25501159391214,0.3,27.9723136766623,27,270.2,214.1,2.3,3.8
2018-08-09 15:45:03.400,193.6,32.9486574623085,1.89905346411767,1.94191878446503,1.30232633181467,399.403206971426,408.418499216026,1.3317118625108,58,140.493893957301,22073.7336617975,1.2,60,43.7646216666667,-79.5014466666667,988.5,6.51023202605263,7.25335467398394,0.3,27.9745327306717,27,269.2,205.7,1.7,3.3
2018-08-09 15:45:04.400,193.7,32.9488578730308,1.90066620070524,1.94372935607792,1.22543022862263,399.082109499201,408.124019115942,1.25319509323549,51,140.527352584061,22154.9021029859,1.2,59.8,43.76462,-79.5014483333333,988.5,6.50372505426783,7.25327333740856,0.1,27.9762850496119,27,257.4,198.8,2.1,3.7
2018-08-09 15:45:05.400,193.8,32.953161896407,1.90159247484441,1.94468447817708,1.21993633373122,399.060186649288,408.103252860893,1.24758098829819,40.2,140.494860578194,22158.8396603095,1.2,60.9,43.7646183333333,-79.5014483333333,988.5,6.50281956020891,7.25360709447874,0,27.978324478619,27,273.7,213.5,2.1,3.9
2018-08-09 15:45:06.400,193.8,32.9604095176284,1.899428063328,1.9423638193395,1.10295703711038,399.246940548251,408.27169934288,1.1278882302042,30,140.500813255172,22104.8659686786,1.2,60.8,43.7646133333333,-79.5014483333333,988.6,6.50729202155044,7.25067767211567,0,27.9807103467605,27.1,272.7,206,1.9,3.1
2018-08-09 15:45:07.400,193.7,32.9638504706935,1.89745581764257,1.94013559793424,1.16554156565094,399.314377983538,408.296244746402,1.1917559856307,14.6,140.518624870963,21998.4462512214,1.2,60.6,43.76461,-79.5014483333333,988.5,6.51227821758095,7.25155510962309,0,27.9826891588198,27.1,264.2,204.4,1.7,3.7
2018-08-09 15:45:08.400,193.5,32.9658465591197,1.89983187062838,1.94262024797789,1.11088797175392,399.251559991634,408.243534736977,1.13589775597191,296.1,140.505898057334,22026.0297083114,1.2,60.5,43.7646066666667,-79.5014483333333,988.5,6.51245205497248,7.25146308458542,0,27.9846203819697,27.1,267.6,211.9,2.1,4.5
2018-08-09 15:45:09.300,193.3,32.9677063961105,1.90031886292865,1.94310871554835,1.01843675155471,399.086492508271,408.072753361673,1.04136617305181,237.6,140.512910012271,22021.228258868,1.2,60.6,43.7646033333333,-79.5014483333333,988.5,6.51126077177386,7.25155678100584,0,27.9865831094117,27.1,273.3,225.6,2.3,3.9
2018-08-09 15:45:10.300,193.1,32.9702269553416,1.89877343094194,1.94135310630924,1.04930693569609,399.004253085604,407.951851685426,1.07283735453791,252.4,140.492661699842,21933.0055384479,1.2,60.7,43.7646016666667,-79.5014466666667,988.6,6.51249910959124,7.25390570717417,0,27.9889192595774,27.1,282.9,225.3,1.9,3.5
2018-08-09 15:45:11.400,193.2,32.9682266812534,1.89970828379895,1.94237384637308,1.11245766765263,399.052715957771,408.015076943007,1.1374440118377,226.9,140.485967937918,21965.6927213628,1.2,60.8,43.7646,-79.501445,988.6,6.51161027097035,7.25169870203659,0,27.9909257740652,27.1,284.2,220.7,1.7,3.1
2018-08-09 15:45:12.400,193.2,32.9637196376038,1.89927000024399,1.94192997179784,1.21066112395272,399.013607077486,407.976002479341,1.23785341893541,238.6,140.506100311739,21967.9863550979,1.2,61,43.7645983333333,-79.5014433333333,988.5,6.51259581962863,7.25208790638009,0,27.9926903623962,27.1,274.9,211.5,1.6,3.3
2018-08-09 15:45:13.400,193.3,32.9668254414662,1.89963290841287,1.94229195187475,1.15627006166291,398.855739718977,407.81268760443,1.18223408795795,220.4,140.498184252514,21963.4732431716,1.2,60.8,43.7645966666667,-79.5014433333333,988.5,6.51195865734507,7.25707608908742,0,27.9949298811251,27.1,269.9,210.2,1.8,3.8
2018-08-09 15:45:14.400,193.4,32.9731034402853,1.89971260623049,1.9423848925382,1.29156308214896,399.12086467902,408.086107641579,1.32057172227156,208.1,140.505177589513,21968.9952801256,1.2,61,43.764595,-79.5014433333333,988.6,6.51118146788889,7.25311351019095,0,27.9969758961468,27.2,270,206.4,2,3.5
2018-08-09 15:45:15.300,193.4,32.9768502944893,1.89874002640629,1.9414025699975,1.32446216299811,399.318731820424,408.291049077863,1.35421804134675,221.6,140.505208780851,21975.2028965617,1.2,60.7,43.7645933333333,-79.5014433333333,988.5,6.51053273459708,7.24938307429796,0,27.9988718519536,27.2,261.3,200.4,1.6,3.3
2018-08-09 15:45:16.400,193.3,32.9791207121338,1.89999315515781,1.94274646996571,1.17455057929486,399.467405092415,408.456355802951,1.20098044104074,219.2,140.508782048687,22007.0011516537,1.2,60.7,43.7645916666667,-79.5014433333333,988.6,6.50970878308085,7.25150763680109,0,28.0009674927348,27.2,258.1,199.9,2.3,4.8
2018-08-09 15:45:17.300,193.3,32.9807582633202,1.90105649670561,1.94383594443384,1.23158038454233,400.302399211592,409.310459104192,1.25929436671845,229.8,140.515597874853,22007.9019686189,1.2,60.8,43.76459,-79.501445,988.5,6.51127466462284,7.25039627417457,0,28.0027321262901,27.2,268.7,203.5,2.4,4
2018-08-09 15:45:18.400,193.3,32.9866749818544,1.90038834187099,1.94310900680094,1.16779269932426,400.132986115493,409.127932173578,1.19404561709524,213.5,140.495415179023,21985.6313956023,1.2,60.8,43.76459,-79.501445,988.5,6.51028497054875,7.25119519528118,0,28.0049563955536,27.2,258.6,197.1,1.8,3.3
2018-08-09 15:45:19.400,193.3,32.9943280393411,1.89950510760676,1.94231033551065,1.26054685130463,399.410719599118,408.41131739511,1.28896306838578,220.9,140.514440519568,22038.0457241177,1.2,60.8,43.76459,-79.5014466666667,988.6,6.51036593046438,7.25189460727058,0,28.0071011079803,27.2,264,198.7,1.7,3.3
2018-08-09 15:45:20.400,193.3,32.9989020227078,1.90049348069129,1.94333246807322,1.51830003103609,399.599981046665,408.607325847972,1.55251908724502,223.7,140.516811438555,22044.0336121294,1.2,60.9,43.7645883333333,-79.5014466666667,988.5,6.50690821382725,7.24901242442267,0,28.008986176653,27.2,258.3,185.5,1.2,2.3
2018-08-09 15:45:21.300,193.3,33.0011380142021,1.89988242065889,1.94269759417457,1.29615032117881,399.134290460942,408.129120156517,1.32534852096872,233.9,140.505959568676,22039.2525329721,1.2,61.1,43.76459,-79.5014483333333,988.5,6.508172988454,7.24762630400418,0,28.010975885331,27.2,248.4,184.4,1.4,2.8
2018-08-09 15:45:22.400,193.2,33.0033884844644,1.898541,1.94128165990609,1.21853719665584,398.267313010534,407.233333178001,1.2459589674807,231.1,140.515517780436,22016.838795533,1.2,60.8,43.7645883333333,-79.50145,988.5,6.51073789739512,7.24915165392514,0,28.0132677207454,27.2,240.2,171.6,1.5,2.8
2018-08-09 15:45:23.300,193.1,33.0072727386081,1.89938982546056,1.94216147149716,1.4494348038265,397.9666486175,406.928401703421,1.48207741967281,233.8,140.498341838174,22022.8398126013,1.2,61.2,43.7645883333333,-79.5014516666667,988.4,6.50986880927312,7.25196931904823,0.1,28.0154634806034,27.2,220.9,163.6,1.6,3.1
2018-08-09 15:45:24.400,192.9,33.0117793875512,1.89842603058938,1.94136035629758,1.36707228542631,398.00138881499,407.002586095211,1.39798520862124,212.7,140.513012142569,22115.8051369808,1.2,61.3,43.7645866666667,-79.5014516666667,988.4,6.51082077969138,7.25144448310972,0,28.0172697153876,27.2,222.9,160,1.6,3.1
2018-08-09 15:45:25.300,192.9,33.014013617786,1.89777259303285,1.94082887616687,1.24549498148928,398.31665895739,407.353594703481,1.27375225555856,179.5,140.518469916589,22184.5192465522,1.2,61.1,43.764585,-79.5014516666667,988.5,6.51278939645517,7.24771124371039,0,28.0194341919657,27.2,221.6,158.9,1.4,2.6
2018-08-09 15:45:26.400,192.9,33.0159411238619,1.89760384182804,1.94075323003285,1.27660438002899,397.956282089641,407.005420616573,1.30563407371252,223.1,140.504889642027,22233.4793343858,1.2,61.2,43.7645866666667,-79.5014516666667,988.5,6.51042138725007,7.24657915611322,0,28.0215686355843,27.2,226.7,163.2,1.4,2.8
2018-08-09 15:45:27.400,193,33.0193412136013,1.89699346821367,1.94013888787042,1.24895934839317,397.561582306351,406.603852249142,1.27736685957164,231.4,140.525689014588,22238.4513312355,1.2,61,43.7645866666667,-79.5014516666667,988.6,6.5110050307509,7.2482725281479,0,28.0235761154462,27.2,225.6,164.6,1.5,3.1
2018-08-09 15:45:28.400,192.9,33.0236041815967,1.89814509097,1.94126676498184,1.28694321904601,397.721031115341,406.756358432502,1.31617831335893,209.5,140.513822944389,22213.1092703602,1.2,61.2,43.7645866666667,-79.5014533333333,988.6,6.51406635205316,7.24872573205938,0,28.0256564743191,27.2,231,179.2,1.6,3.1
2018-08-09 15:45:29.400,192.9,33.0232386874078,1.89819315498923,1.94134277419699,1.34547163854938,397.657805399934,406.697312761665,1.37605593292536,94.1,140.509918404326,22226.606742326,1.2,60.8,43.7645883333333,-79.5014533333333,988.6,6.5171326711494,7.2499636372375,0,28.0278327363595,27.2,234.8,173.7,1.9,3.8
2018-08-09 15:45:30.300,192.9,33.019362910219,1.89801899430986,1.94136678217773,1.30603217536374,397.455516408761,406.532810932309,1.33585728002656,69.5,140.511679821828,22328.5696063265,1.2,60.6,43.7645883333333,-79.5014533333333,988.5,6.51773826875043,7.24773502585018,0.1,28.0301840863565,27.2,244.3,191.1,1.6,3.1
2018-08-09 15:45:31.400,193,33.0141606140136,1.89801859566474,1.94132185374611,1.20848409546813,397.62164242367,406.693383449682,1.23605999636482,60.9,140.489233758337,22306.1071896396,1.2,60.1,43.76459,-79.5014533333333,988.6,6.51392586232028,7.24731825188233,0.1,28.032249780495,27.3,256.9,199.7,1.5,3.1
2018-08-09 15:45:32.400,193,33.0092071234727,1.89851045525436,1.94178463034541,1.1046274317424,397.61678403577,406.679981484959,1.12980475436045,61.8,140.514556229441,22285.8188508877,1.2,60.9,43.76459,-79.501455,988.6,6.51053982135512,7.24821635065201,0.1,28.0340961331062,27.3,254.8,193.4,2.1,4.3
2018-08-09 15:45:33.400,193,33.0107651956781,1.90046755364033,1.94381065535326,1.3978602184875,398.021765967175,407.099191173484,1.42973690760712,60.4,140.516364791168,22297.8753094327,1.2,60,43.76459,-79.5014533333333,988.5,6.50562826381085,7.2422734697352,0,28.0362714591167,27.3,253.7,192.9,2,4
2018-08-09 15:45:34.400,193.1,33.0162305895975,1.89934090396411,1.94268448842479,1.33105918794232,398.180414294987,407.267007704522,1.36142940591143,14,140.47632577226,22311.1274119255,1.2,60.1,43.7645916666667,-79.5014516666667,988.5,6.50678811542411,7.24576088815844,0,28.0384253034799,27.3,239.7,179.2,2.2,4
2018-08-09 15:45:35.400,193.3,33.014075465843,1.89830629147498,1.9417981250692,1.27002073475656,397.913282558423,407.02979632201,1.29912380136584,239.9,140.510421211578,22397.6727366252,1.2,60.6,43.7645933333333,-79.50145,988.5,6.51109644200014,7.24793929165822,0,28.040434028264,27.3,243.8,183.3,1.9,3.2
2018-08-09 15:45:36.400,193.6,33.0149759654838,1.89781153459092,1.9412709865902,1.26349195481506,397.772788145999,406.881597189762,1.29242842863684,230.1,140.509369949084,22386.8924615387,1.2,60.7,43.764595,-79.50145,988.5,6.51291975241399,7.2450642657491,0,28.0426347116179,27.3,240,171.1,1.4,2.8
2018-08-09 15:45:37.400,193.8,33.0217039750583,1.90032148607375,1.94376501419356,1.22094091082366,397.663083701266,406.75405491203,1.24885313864787,222.8,140.514202858992,22350.0297808181,1.2,60.1,43.7645966666667,-79.5014483333333,988.5,6.50951571891459,7.24750949655146,0,28.0447388846099,27.3,233.4,175.5,1.3,2.5
2018-08-09 15:45:38.400,193.9,33.0305313023608,1.90022476529556,1.94344964817625,1.25205144275024,398.080349175397,407.135395458079,1.28053035964137,241.2,140.533080625257,22241.0335929672,1.2,59.4,43.7645966666667,-79.5014483333333,988.6,6.50916231926473,7.24812580449061,0,28.0468208196799,27.3,221.1,158,0.9,1.6
2018-08-09 15:45:39.400,194,33.0397429021082,1.89902550038584,1.94209899922831,1.35011356177567,398.963420080763,408.012630217469,1.38073626467594,212.1,140.496106019163,22178.8281220392,1.2,59.8,43.7645966666667,-79.5014483333333,988.5,6.51230908417023,7.24440356823807,0,28.0488273167242,27.3,211.4,158.1,0.9,1.8
2018-08-09 15:45:40.300,194,33.0431023696629,1.89832920195569,1.94147830337135,1.27301826411595,398.714758156731,407.777586402794,1.30195033639943,232.4,140.515173740411,22224.9661858031,1.2,59,43.7645966666667,-79.50145,988.4,6.51379800186484,7.2490872354661,0,28.0509682652796,27.3,230.1,174.2,1.5,3
2018-08-09 15:45:41.400,194,33.0460856326759,1.89917029152427,1.94224278668983,1.43813005773109,398.239118302057,407.271092351207,1.47073634069445,234.6,140.509987131877,22176.862338843,1.2,59,43.7645966666667,-79.50145,988.5,6.51151473403004,7.25199566938034,0,28.0528441761625,27.4,233.6,165.1,1.5,2.8
2018-08-09 15:45:42.400,194,33.0530522099063,1.8989674639952,1.94199311953454,1.37578914089661,398.169142959196,407.19052682216,1.4069583696189,218.2,140.472321588945,22155.2330407941,1.2,59.7,43.7645966666667,-79.5014516666667,988.4,6.51356346675989,7.24892033746651,0,28.0551047303187,27.4,224.6,165.6,1.4,2.5
2018-08-09 15:45:43.400,193.9,33.0529612761981,1.89999812857771,1.94332965432347,1.29682100892772,397.3252579451,406.386459834471,1.32639825963336,221.7,140.511369175753,22297.1946574409,1.2,59.8,43.7645983333333,-79.5014516666667,988.5,6.51170769835624,7.24806083827105,0,28.0570264636239,27.4,228,168.6,1.2,2.3
2018-08-09 15:45:44.400,193.9,33.0535369815467,1.89955715468332,1.94300681527664,1.0595597136608,396.430438780603,405.498170310618,1.08379663406183,206.5,140.50172811025,22362.0490329353,1.2,60.1,43.7645983333333,-79.5014516666667,988.5,6.51091884335452,7.24954283186186,0,28.0590802130345,27.4,233.4,169.4,1.1,2.1
2018-08-09 15:45:45.400,193.8,33.0557640790034,1.89813662965952,1.94155214305174,1.18954448885774,396.430615636083,405.498027501994,1.21675302895814,194.2,140.495126574858,22361.2419033295,1.2,60.3,43.7645983333333,-79.5014533333333,988.5,6.50984950696267,7.25108558252017,0,28.0613252491355,27.4,230.7,170.5,1,1.8
2018-08-09 15:45:46.400,193.7,33.0588310269914,1.89763061144475,1.94121650086143,1.30469688520125,396.571696543603,405.680324455652,1.33466313189912,223,140.519817699564,22452.7342264265,1.2,59.8,43.7645983333333,-79.5014533333333,988.5,6.50995411073911,7.2482996144231,0,28.0631533864139,27.4,239.1,179.2,0.9,1.7
2018-08-09 15:45:47.400,193.6,33.0634870733281,1.89787292091135,1.94162799655325,1.30901303495005,396.676041609977,405.82124056209,1.33919239564857,215.9,140.488673733526,22535.1004605531,1.2,59.7,43.7645983333333,-79.5014533333333,988.5,6.507893654384,7.24802004922482,0,28.0653637677536,27.4,247.6,189.9,0.8,1.4
2018-08-09 15:45:48.400,193.5,33.063360982232,1.89981140729318,1.94382874354984,1.25454724755384,397.055840550421,406.255344574067,1.2836112967706,224.7,140.516246864753,22644.4971976622,1.2,59.8,43.7645966666667,-79.5014533333333,988.5,6.50781377478828,7.24790045717638,0,28.0674202674829,27.4,250.3,191.3,0.9,1.5
2018-08-09 15:45:49.400,193.4,33.0668903264673,1.89772478245273,1.94167176927692,1.35477823762426,397.667166004464,406.876231724424,1.38614812042302,202.5,140.518765090449,22633.5125797254,1.2,59.8,43.764595,-79.5014533333333,988.5,6.50914271868672,7.24681728453403,0,28.0695167769531,27.4,247.3,188.1,0.7,1.4
2018-08-09 15:45:50.400,193.3,33.0764915001808,1.89774270397937,1.94149097777077,1.20843866034487,397.985555099739,407.160187163061,1.2363044529407,184.9,140.475929187525,22533.3278428468,1.2,59.9,43.764595,-79.5014533333333,988.5,6.51003957960512,7.24643271405255,0,28.0716786540234,27.4,252.5,189.8,0.8,1.8
2018-08-09 15:45:51.400,193.1,33.0764002850029,1.89964353423716,1.94325369554059,0.988515358801358,397.981807449347,407.118193305297,1.01121205072011,203.2,140.511382466461,22441.6736358184,1.2,60,43.7645933333333,-79.501455,988.4,6.51148585123124,7.25113845674909,0,28.0738170330521,27.4,254.7,199.4,0.9,1.5
2018-08-09 15:45:52.400,192.9,33.0740751748749,1.89965182369722,1.94317390245048,1.28843121377514,398.172239424277,407.2945832977,1.31794696243302,203.3,140.494180680456,22397.4644420603,1.2,59.7,43.7645916666667,-79.501455,988.4,6.51307184035241,7.24997754484805,0,28.0756926956939,27.4,263.6,202.3,0.6,1.3
2018-08-09 15:45:53.400,192.7,33.0724048308604,1.90079878857894,1.94429526419293,1.25357497058829,398.856583926748,407.983675382964,1.2822626564614,197.4,140.495049733571,22371.3472653878,1.2,60.2,43.7645916666667,-79.5014566666667,988.4,6.51140628793783,7.24963755717226,0,28.0779458028286,27.4,260,200.2,0.5,1
2018-08-09 15:45:54.400,192.6,33.0770425464426,1.90084938788278,1.94425393261895,1.29312857381726,399.173668915749,408.288423204511,1.32265392223028,204,140.51740046214,22324.4256479604,1.2,60.2,43.7645916666667,-79.5014566666667,988.4,6.51201735756439,7.24813265117056,0,28.079875276827,27.5,279,226.7,0.4,0.8
2018-08-09 15:45:55.400,192.6,33.0859201316361,1.90076878506576,1.94403313944619,1.305865138509,398.850547657876,407.928963018759,1.33558908081534,195.3,140.483693340914,22254.9760871739,1.2,60.1,43.7645916666667,-79.5014566666667,988.4,6.51282957721284,7.24901980694439,0,28.082008755333,27.5,292.6,224.3,0.4,0.7
2018-08-09 15:45:56.400,192.6,33.0829597300306,1.899582010064,1.94263274574255,1.03712722068277,398.854120158142,407.893512962187,1.06063938169827,194.3,140.517350239901,22161.0879662734,1.2,59.9,43.7645916666667,-79.5014566666667,988.5,6.51507334935723,7.24867747812919,0,28.0842962280136,27.5,285.6,229.1,0.3,0.6
2018-08-09 15:45:57.400,192.7,33.080608648645,1.89950918913353,1.94234193239548,1.23393860411208,399.16138240183,408.162293216147,1.26175282489292,200.3,140.519893245565,22052.2812262553,1.2,59.7,43.7645916666667,-79.501455,988.5,6.51342113545643,7.24928386473078,0,28.0861245944464,27.5,289.1,203.9,0.3,0.8
2018-08-09 15:45:58.400,192.7,33.0867881757802,1.90077150813458,1.94362334463847,1.24056216432624,400.458678802524,409.48676274783,1.26852859912159,227,140.48286058106,22047.2511266555,1.2,59.9,43.7645916666667,-79.501455,988.4,6.50831750617259,7.24224003869271,0,28.0883229636716,27.5,254.9,196.2,0.5,1.2
2018-08-09 15:45:59.400,192.8,33.0850354148368,1.90139917543907,1.94411345128219,1.34548369519004,400.133706929653,409.122503145471,1.37570349794939,233.6,140.514395686994,21970.8003409883,1.2,60.1,43.7645916666667,-79.501455,988.4,6.50899473727828,7.24528458446495,0,28.0902974094494,27.5,256.5,186.8,0.7,1.4
2018-08-09 15:46:00.300,192.8,33.0922496561265,1.90114962479051,1.94381464134387,1.26538951892413,399.915183870356,408.889891043479,1.29378630381401,221.1,140.48811008402,21948.8926357313,1.2,59.8,43.7645916666667,-79.5014533333333,988.6,6.51086242159007,7.24787625757651,0,28.0925933834444,27.5,239.3,186.9,0.8,1.7
2018-08-09 15:46:01.400,192.9,33.0973487695131,1.90037636897835,1.94293277169796,1.27431981258997,400.342770572013,409.307876246023,1.30285520741814,226.8,140.487554994107,21903.1106564243,1.2,59.6,43.7645916666667,-79.5014533333333,988.4,6.51554395248832,7.24779768222283,0,28.0942843612546,27.5,255.1,185.7,0.9,2.1
2018-08-09 15:46:02.400,192.9,33.0966458113126,1.89860932675717,1.94096471008416,1.18489098334392,400.562988556075,409.49894797176,1.21132701665026,103.2,140.511130387064,21821.8133717368,1.2,60,43.7645933333333,-79.5014533333333,988.5,6.51517595310594,7.24848243450009,0,28.0966714849291,27.5,247.7,191.3,1,1.6
2018-08-09 15:46:03.400,193,33.0991734265493,1.89966354817785,1.94200586043044,1.22320923225108,400.673741014852,409.604562723545,1.25047428818068,63.1,140.48067807874,21803.6029126941,1.2,58.3,43.7645933333333,-79.5014533333333,988.6,6.51044674402719,7.24682710247831,0.7,28.0986410033349,27.5,255.3,195.3,0.6,1.2
2018-08-09 15:46:04.300,193,33.0971371681745,1.8999014776336,1.94231724914606,0.965428072638664,400.8507736038,409.799905057541,0.986978097611125,64.8,140.494685756235,21837.8546648818,1.2,54.7,43.7645933333333,-79.5014533333333,988.4,6.51031686972687,7.23833381688868,2.2,28.1008218522293,27.5,259.1,226.4,0.7,0.5
2018-08-09 15:46:05.400,193,33.0960708430117,1.90096909100091,1.9433374768457,1.16614883413691,400.76925963875,409.701529620895,1.19213416535705,59.3,140.512663820226,21801.9008154923,1.2,58.1,43.764595,-79.50145,988.6,6.50836051700059,7.23901162291346,3.7,28.1026699945397,27.5,258.3,221.5,0.6,0.5
2018-08-09 15:46:06.400,192.8,33.1034108023093,1.90046217745307,1.94291557542365,1.07739337381234,400.049524588817,408.9859733234,1.10145580777097,56,140.482454268199,21850.2027992159,1.2,48.5,43.764605,-79.5014316666667,988.5,6.5136219025399,7.24353658633564,5.7,28.1045736693994,27.5,297.5,339.5,0.5,1.9
2018-08-09 15:46:07.400,192.6,33.1058126595489,1.90123686048442,1.94386634968785,1.34272708562517,399.069134900987,408.016885956648,1.3728396729557,59,140.522759516944,21929.8809980687,1.2,50.5,43.764615,-79.5014066666667,988.5,6.51384322540823,7.24888769729599,7.4,28.1039396821019,27.5,304.2,5.4,0.2,3.7
2018-08-09 15:46:08.400,192.2,33.1116869312067,1.89989680162488,1.94269006175653,1.32208823293685,399.796179863393,408.801186353089,1.35186338960805,64.2,140.50021272272,22027.6710436585,1.2,62.4,43.764625,-79.5013783333333,988.5,6.51228098695427,7.24420733713905,8.5,28.1056073165426,27.5,93.4,0.4,0.2,4.6
2018-08-09 15:46:09.400,191.9,33.1140292993887,1.90197938951263,1.94495686894779,1.43438818221508,399.720763126737,408.752748993963,1.46680136983922,66.9,140.501016905371,22096.4615720033,1.2,67.8,43.7646366666667,-79.501345,988.5,6.50894801879937,7.24431323386261,9.2,28.1075970890619,27.5,351,342.8,0.5,5.1
2018-08-09 15:46:10.400,192,33.1160302081953,1.89969255476542,1.94251692304012,1.36433895354669,399.916344523458,408.931527551921,1.39509762593133,67.9,140.516950121633,22045.8058136602,1.2,66.8,43.7646483333333,-79.50131,988.5,6.50793803064479,7.23998650465939,9.6,28.1096018197329,27.5,318.1,345.4,0.4,4.9
2018-08-09 15:46:11.400,191.9,33.1207981025054,1.90117701756107,1.9439948409442,1.33276343444772,400.053066831318,409.06296596433,1.36277924049108,68.3,140.477331434706,22025.6000545062,1.2,64.8,43.7646566666667,-79.5012766666667,988.6,6.50607083380752,7.24827422729005,9.4,28.1121230220238,27.5,348.8,330.7,1.5,7.6
2018-08-09 15:46:12.400,191.9,33.1221261169281,1.90061703362759,1.94341365032344,1.4684411418686,401.904650262615,410.954384840751,1.50150601957999,69.3,140.516688149947,22021.3046131581,1.2,65.5,43.76467,-79.5012416666667,988.5,6.5102921823606,7.24293610688652,9.6,28.1142814490941,27.5,0.1,329.3,2,6.5
2018-08-09 15:46:13.400,192.1,33.1306311426455,1.90066457602144,1.9439094295814,1.5863113359741,404.654129143117,413.861164171221,1.6224087118728,72.4,140.510700579892,22246.2153848269,1.2,69.2,43.76468,-79.5012033333333,988.5,6.51158152309765,7.24067922348908,10.3,28.1164891340833,27.5,333.1,330.9,1.5,5.8
2018-08-09 15:46:14.400,192.2,33.1423940262037,1.90136146060753,1.94468929839614,1.6701049126422,408.389679290533,417.695973180439,1.70816177134626,71.7,140.489330773749,22280.09875154,1.2,79.9,43.7646866666667,-79.5011633333333,988.5,6.51221322372369,7.24176484965639,11.1,28.1185423377006,27.5,281.6,353.8,1.1,5.4
2018-08-09 15:46:15.400,192,33.1485723895817,1.90087245270718,1.94405621584846,1.46914377109595,411.783712369389,421.138631990542,1.50252373472655,70.8,140.524309670087,22213.4526497235,1.2,76.5,43.7646966666667,-79.501125,988.5,6.51007616541435,7.24628314710342,11.1,28.1209427610103,27.4,32.3,5.6,0.1,7.1
2018-08-09 15:46:16.300,192.2,33.1528472386317,1.90202457777976,1.94540383513549,1.7611035859779,412.437679782191,421.843980571258,1.80127864768893,69.6,140.489834342764,22298.1653280369,1.2,82.5,43.764705,-79.501095,988.5,6.50840402422633,7.24625586872385,10.1,28.1221831100496,27.4,128.5,2.9,0.3,4.7
2018-08-09 15:46:17.400,192.1,33.1571579074234,1.90194033403002,1.94514761812958,1.83921701913331,411.366274805035,420.711420112049,1.88099943379126,75.1,140.514918997087,22212.7422603193,1.2,74.3,43.7647116666667,-79.5010633333333,988.4,6.50744867379228,7.24236791985621,9.2,28.1243995006954,27.4,320.3,357.2,0.4,5.9
2018-08-09 15:46:18.400,192.2,33.1654466518775,1.90185183642218,1.94500011129538,1.71136298455799,410.533406715415,419.847480915564,1.75018950591788,83.7,140.517022176156,22184.3983135008,1.2,89.5,43.7647066666667,-79.5010383333333,988.4,6.50652969737565,7.24891774039691,7.7,28.126274510828,27.4,238.6,351.3,0.5,3.3
2018-08-09 15:46:19.400,192.7,33.1733681000691,1.90303281713155,1.9462121508607,1.58614250824784,410.253342964349,419.561891574486,1.62213214602011,96.6,140.499149338806,22186.3650661194,1.2,102.9,43.7647016666667,-79.5010133333333,988.5,6.50952972596697,7.24938568710551,6.6,28.1284556101902,27.4,309.8,314,1.1,2.2
2018-08-09 15:46:20.400,193.3,33.1792340044068,1.90261634245622,1.94582291128378,1.52073403462832,410.549211297692,419.872414505393,1.55526865422707,108.7,140.532870715528,22204.7794305926,1.2,114.7,43.764695,-79.5009916666667,988.5,6.51463824764003,7.24844340593761,6.6,28.1302193150876,27.4,297.3,331.5,1.2,1.3
2018-08-09 15:46:21.300,194.1,33.1867174494818,1.90199144445788,1.94506163536414,1.36031158215766,412.936206124512,422.287086213314,1.3911181594375,115.5,140.512255407216,22143.415042843,1.2,116.8,43.76469,-79.5009716666667,988.4,6.51572417672999,7.24414916641006,7.2,28.1325859283535,27.4,296,341.4,1.3,1.2
2018-08-09 15:46:22.400,194.5,33.1888095927002,1.90331856751802,1.94629692506504,1.26891571922138,415.096616123821,424.469789922058,1.29756951093261,118.1,140.495943543865,22082.107647957,1.2,113.1,43.7646783333333,-79.5009466666667,988.4,6.51220321746433,7.23913793801282,8.1,28.134719025845,27.5,300.2,0.4,1.2,2
2018-08-09 15:46:23.400,194.6,33.1870652346596,1.9002456940276,1.94327696865711,1.46547327690404,415.757748263886,425.172629568045,1.49866182364089,121.7,140.506036716908,22143.6100191771,1.2,114.7,43.7646666666667,-79.5009183333333,988.5,6.51326345706012,7.24719886522113,9,28.13680963915,27.5,277,11.2,0.9,3.8
2018-08-09 15:46:24.400,194.6,33.1809480428252,1.90304973115088,1.94605192913653,1.46236017183769,415.344908002729,424.730204209956,1.49540530322283,120.9,140.489756301599,22097.0474040248,1.2,120.7,43.7646516666667,-79.5008866666667,988.3,6.51033890227628,7.24325004128275,10,28.1390076490343,27.5,204.9,22,0.8,6.1
2018-08-09 15:46:25.400,194.5,33.1762232813541,1.90008454077427,1.94276676913463,1.4304715926696,415.254785809602,424.582868733067,1.46260593852065,111.2,140.518537696199,21969.9421430095,1.2,103.4,43.7646433333333,-79.5008483333333,988.3,6.51472904468504,7.23899495544268,10.9,28.1407145677181,27.5,200.5,21.8,1.3,6.3
2018-08-09 15:46:26.400,194.3,33.1703094913961,1.90283665109055,1.94565807970314,1.59816449059135,414.634466224526,423.965424497767,1.63413158163949,100.5,140.511036275361,22008.7099749902,1.2,90,43.7646383333333,-79.5008083333333,988.3,6.50953458331053,7.2450037137762,11.8,28.1432675944616,27.5,191.9,7.1,0.7,6.3
2018-08-09 15:46:27.400,193.8,33.1640026682435,1.90259828288112,1.9453285319412,1.60719443930502,415.142593408122,424.466209533819,1.64329069451367,90.1,140.496754834263,21965.4954559327,1.2,76.8,43.76464,-79.5007633333333,988.4,6.51112825897619,7.24479324598186,12.4,28.1450471062567,27.4,210.7,4.9,0.6,5.7
2018-08-09 15:46:28.400,193.4,33.1533171147042,1.90383792400625,1.94664455786191,1.5265298841024,414.927034114611,424.256272486668,1.56085228338059,83.4,140.533990210732,21989.8069292569,1.2,73.3,43.7646433333333,-79.5007216666667,988.3,6.51000954165179,7.2412600822229,12.5,28.1474883450406,27.4,255.7,359.7,0.5,6.5
2018-08-09 15:46:29.400,193,33.1469701125476,1.90569302689986,1.94858690137533,1.31816726610034,413.468448148044,422.774855988537,1.34783561786977,79.7,140.495770660004,22012.743185825,1.2,71.8,43.7646466666667,-79.5006783333333,988.3,6.50557836588639,7.24880351279024,12.9,28.1493980198414,27.3,36,352.1,0.3,7.1
2018-08-09 15:46:30.400,192.5,33.1461691889496,1.90396475003637,1.94689895959466,1.38921786655276,413.024767506217,422.338508760468,1.42054564480723,76.7,140.508846690802,22052.7120180339,1.2,74.4,43.7646533333333,-79.5006333333333,988.4,6.51126175122059,7.24568845796891,12.9,28.1517908856558,27.3,347.4,342.5,1.2,7.4
2018-08-09 15:46:31.400,192.3,33.1494331388148,1.90278179276169,1.94564211026715,1.65324674548518,412.950763340295,422.252521650229,1.69048523197309,76.4,140.503033480932,22028.9384025738,1.2,78,43.7646616666667,-79.5005883333333,988.4,6.50700347004842,7.24450899678405,13.1,28.1535189094487,27.3,5.7,341.8,1.4,7.6
2018-08-09 15:46:32.400,192.4,33.1522254853515,1.9012657239307,1.94411383335941,1.72895868386126,412.824050990238,422.127769503909,1.76792384771866,74.8,140.48069346045,22040.1056375972,1.2,77.1,43.76467,-79.5005466666667,988.4,6.51159841259263,7.24692261475091,12.9,28.1553953683105,27.3,329.7,337.3,1.1,6.9
2018-08-09 15:46:33.400,192,33.1506505617747,1.90339978285286,1.94649832687664,1.18850190667351,412.335797984316,421.672210787374,1.21540526063975,74.8,140.529954756142,22141.4481206616,1.2,78.7,43.76468,-79.500505,988.3,6.50460673293254,7.24840502528228,12.7,28.1577911689885,27.3,332.8,342.3,1.2,7.2
2018-08-09 15:46:34.300,191.8,33.1514086649238,1.90156608616055,1.94475687815642,1.47317064655466,412.470976659894,421.839449607867,1.50663396068795,74.3,140.503240227536,22208.7044585927,1.2,79.2,43.76469,-79.5004666666667,988.3,6.50877680460895,7.24406033533427,12.4,28.1597488898787,27.2,336.6,333.7,1.5,7.2
2018-08-09 15:46:35.300,192.1,33.1611210864413,1.90174790415377,1.94500873311014,1.40440650679452,411.59175591265,420.954667944053,1.43635352699035,72.8,140.464328484772,22242.1066150972,1.2,74.8,43.764705,-79.500425,988.3,6.50723138181294,7.24756452615981,12.2,28.1622212188603,27.2,327.2,331,1.5,6.2
2018-08-09 15:46:36.400,192.3,33.1644289839912,1.90410291445234,1.94743679494438,1.53532000317271,411.739761838985,421.110197525104,1.57026172359022,72.4,140.534292984319,22251.7659796655,1.2,75.6,43.7647133333333,-79.5003833333333,988.3,6.50863928171636,7.24884301728912,12.2,28.1639044430712,27.2,319.6,323.5,2,6.2
2018-08-09 15:46:37.400,192,33.1686418849216,1.90067519109101,1.94379970778499,1.3287837888775,410.777373145615,420.097492714568,1.3589341255027,72.9,140.494828728322,22185.4601528748,1.2,76.8,43.7647183333333,-79.500345,988.3,6.51063570637247,7.24992058105754,12,28.1662548330602,27.2,308.5,322.8,2.2,5.6
2018-08-09 15:46:38.400,191.9,33.1696627828922,1.90468349881876,1.94799952878546,1.47891860157754,411.839320349916,421.205452018279,1.51255365447867,73.5,140.521416044874,22236.3691383021,1.2,75.8,43.764725,-79.500305,988.3,6.50434503934768,7.24182847106716,12,28.1681851350044,27.2,314.2,332.1,1.6,5.6
2018-08-09 15:46:39.400,191.5,33.1721014024569,1.90390158619681,1.94706996908027,1.60675849449288,410.765861113574,420.079380814558,1.6431886120459,73.5,140.509928742524,22170.691759331,1.2,77.4,43.764735,-79.5002666666667,988.3,6.51102396473282,7.246539365056,12,28.1708066400518,27.2,284.7,339,1.6,4.4
2018-08-09 15:46:40.400,191.2,33.1739714343776,1.90256168205816,1.94575425603343,1.35097274003799,410.198435140017,419.51080778388,1.3816417153532,73.8,140.475871312449,22198.1652336276,1.2,76.2,43.764745,-79.50023,988.3,6.51211645280251,7.24113201119334,11.6,28.1725727348662,27.2,313.7,338.7,1.2,5.6
2018-08-09 15:46:41.400,191.5,33.1716212948884,1.90218788719516,1.94569834648095,1.32132553651819,409.409598144983,418.774526871012,1.35154978742942,72.4,140.533077615641,22362.7137794478,1.2,76.9,43.76476,-79.5001933333333,988.3,6.5074359991233,7.24524841641085,11.1,28.1748626262259,27.2,296.4,332.4,1.3,5.3
2018-08-09 15:46:42.400,192,33.1739552579271,1.90225148165008,1.94580878395816,1.332746818952,408.423947567491,417.775983574465,1.36326440452537,72.7,140.503288182441,22385.3889734325,1.2,79.7,43.764775,-79.5001566666667,988.3,6.50555686290081,7.24810812070869,11.1,28.177007805534,27.3,270,350.5,1.4,3.6
2018-08-09 15:46:43.400,192.3,33.1835807461487,1.90648699260985,1.9500516161868,1.68374556295096,408.029298132007,417.352992415173,1.72221868098788,73.3,140.463646749771,22340.111022596,1.2,77.1,43.764785,-79.5001216666667,988.3,6.50462007944365,7.24676058286841,10.9,28.1792982139876,27.3,314.7,312.6,1.5,4.6
2018-08-09 15:46:44.400,193.1,33.183260602837,1.90217418033513,1.94552072681315,1.45301008375602,406.181862642208,415.437765713206,1.48612136913157,73.3,140.536137853741,22279.9555608406,1.2,78,43.7647933333333,-79.5000833333333,988.2,6.51019417386156,7.24588542133176,10.5,28.1813203594297,27.3,308.9,314.8,2.3,4.7
2018-08-09 15:46:45.300,193.9,33.1831144037386,1.90071852929633,1.94393220438354,1.41650322798582,406.615104756168,415.859594801583,1.44870846825434,72.9,140.48336965576,22229.8860631847,1.2,76.4,43.7648016666667,-79.50005,988.2,6.50963370489036,7.23740399965731,10.5,28.1835697094716,27.3,318.2,318.6,2.1,4.7
2018-08-09 15:46:46.400,194.4,33.1821344423529,1.90501355850678,1.94852911045248,1.49426883767402,406.064481427151,415.34000563982,1.52840264314912,73.7,140.526583220814,22332.350931312,1.2,77.4,43.7648083333333,-79.5000133333333,988.2,6.51290716101357,7.24245408468777,10.3,28.1861676548416,27.3,306.5,316.5,1.5,3.5
2018-08-09 15:46:47.400,194.1,33.1872338218485,1.90541446072991,1.94888954450121,1.40350644764735,406.656685846634,415.935316736659,1.43553054194934,74.1,140.539634031142,22307.8965977169,1.2,76.8,43.764815,-79.49998,988.2,6.50715820958714,7.24360004186365,10.1,28.1884480104134,27.3,292.2,302.4,2.4,3.8
2018-08-09 15:46:48.300,194.1,33.1988781572149,1.90198094624467,1.9454777495401,1.68641548870657,406.051521593868,415.337686118619,1.72498360077907,74.8,140.469064473678,22358.0785351038,1.2,78.9,43.7648216666667,-79.49995,988.2,6.51489617507052,7.24491451838372,10.1,28.190912296589,27.4,286.9,304.4,2.2,3.1
2018-08-09 15:46:49.400,194.2,33.202970895065,1.90457704748215,1.94822884266047,1.52806311914345,404.694641324316,413.970098860159,1.56308502326606,73.8,140.538647674176,22406.034443104,1.2,75.4,43.7648266666667,-79.49991,988.2,6.50314978517583,7.24948493155824,10.3,28.1962656655262,27.4,287.9,300.6,2.4,3
2018-08-09 15:46:50.300,194.4,33.209133472839,1.9038135721683,1.94752784656396,1.28142812115118,404.38379133859,413.669043022158,1.31085087714879,73.7,140.50759194522,22446.2484297913,1.2,77.8,43.76483,-79.4998783333333,988.2,6.51101881469992,7.2488372206563,10.3,28.1985848105027,27.4,287.4,325,2.3,3.1
2018-08-09 15:46:51.400,194.3,33.2204653438447,1.9022013150604,1.94584962589833,1.55166650777659,404.616648856923,413.901200151595,1.58727152216874,76.7,140.463784428951,22431.673150604,1.2,79.3,43.7648316666667,-79.4998383333333,988.2,6.51284759683193,7.23774311215977,10.3,28.2039697961176,27.4,283,310.9,1.6,2.9
2018-08-09 15:46:52.400,194.6,33.2235663742944,1.90251907602731,1.94615342446775,1.4964665134498,404.120126944274,413.388649604934,1.5307886528102,81.9,140.539165887708,22420.7713351821,1.2,87.7,43.7648333333333,-79.4997983333333,988.3,6.51131267785926,7.24187319302881,10.5,28.2069606725417,27.4,285.9,324.1,2,3
2018-08-09 15:46:53.400,194.9,33.2337459415981,1.90574778024607,1.9492926414143,1.80007555430501,402.773781166103,411.976961733002,1.84120536874977,88.9,140.47562099645,22339.0329929874,1.2,94.1,43.764835,-79.4997633333333,988.2,6.50602503143431,7.24591032148433,10.5,28.2100826580808,27.4,278.4,342.3,1.8,2.1
2018-08-09 15:46:54.400,195.1,33.2427664825183,1.9036885005052,1.94734864870868,1.35973381833236,402.630674027044,411.864894261134,1.39091823069381,95.1,140.505167592244,22420.4795414905,1.2,100.8,43.7648316666667,-79.499725,988.2,6.50590832667856,7.24839505878586,10.7,28.2090566236391,27.5,271.8,356.5,1.8,2.3
2018-08-09 15:46:55.400,195.2,33.2494389499694,1.90402260068374,1.94770038270216,1.60502230695387,402.406789262226,411.638053099688,1.6418419365016,101.4,140.534551580758,22425.4448115456,1.2,107.4,43.7648233333333,-79.4996883333333,988.2,6.50767114506862,7.23925576739385,10.9,28.2079961929171,27.5,258.8,34.1,1.8,3
2018-08-09 15:46:56.400,195.5,33.2632022897491,1.90367858392286,1.94729358777416,1.56707521190991,401.994317190867,411.204452853646,1.60297832058625,104.1,140.465999530878,22397.8896554994,1.2,108.9,43.7648116666667,-79.49965,988.2,6.50402258413451,7.23965334178253,11.2,28.2096041194586,27.5,251,43.2,2.2,2.9
2018-08-09 15:46:57.400,195.5,33.26558,1.901965,1.945227,1.46003,401.7847,410.9237,1.49324,104.3,140.5443,22240.18,1.2,105.8,43.764805,-79.49961,988.2,6.513989,7.239607,11.6,28.21001,27.5,256.7,24.4,2,3.1
2018-08-09 15:46:58.400,195.4,33.2713394633923,1.90188722263111,1.94523487618925,1.32748850270316,402.233347430404,411.400997068817,1.3577439472091,104.7,140.522246670088,22284.1291360396,1.2,104,43.764795,-79.4995683333333,988.1,6.51040139579462,7.2432261089624,12,28.2122153329912,27.5,269.8,6.9,1.4,3.8
2018-08-09 15:46:59.400,195,33.28321,1.905493,1.948962,1.22907,401.1133,410.2637,1.257108,105.5,140.4663,22303.66,1.2,104.9,43.7647816666667,-79.4995283333333,988.1,6.505677,7.242152,12.2,28.21423,27.5,278.9,9.7,1.7,2.9
2018-08-09 15:47:00.400,194.6,33.2849541599431,1.90419966485351,1.94760008280702,1.58099332533509,401.184742334325,410.328551267266,1.61702740641441,106.8,140.539754814497,22283.986053503,1.2,107.1,43.7647716666667,-79.49949,988,6.51052555899905,7.24468353401727,12.4,28.2158847402619,27.5,279.4,0.4,1.5,3.3
2018-08-09 15:47:01.400,194.1,33.28899,1.904556,1.947794,1.507103,401.9674,411.0929,1.541318,104.7,140.4803,22198.19,1.2,104.6,43.7647616666667,-79.4994466666667,988,6.512322,7.244151,12.4,28.21807,27.5,291.3,351,2,3
2018-08-09 15:47:02.400,194,33.2937579658056,1.90366007859889,1.94669982863069,1.68937277616838,401.646970072091,410.727815383598,1.72756707188578,99.3,140.469835956325,22109.1007918039,1.2,96.7,43.7647616666667,-79.4994016666667,988.2,6.50717781278734,7.24354957889873,12.4,28.2199828130963,27.5,295.2,345.8,2.1,2.8
2018-08-09 15:47:03.400,194.3,33.28355,1.905303,1.948453,1.509245,400.8135,409.8909,1.543426,91.5,140.5351,22145.69,1.2,84.3,43.764765,-79.4993566666667,988.1,6.508174,7.246232,12.2,28.22205,27.5,294.9,341.8,1.6,4.1
2018-08-09 15:47:04.400,194.5,33.2860199666782,1.90421978613844,1.94747061891641,1.86739507721473,401.705151111867,410.828919533188,1.90980942495104,87.1,140.464064757021,22208.3353030895,1.2,80,43.7647683333333,-79.4993133333333,988.1,6.50708658294859,7.24514963955913,12,28.2243097401777,27.5,299,340.3,1.5,4.2
2018-08-09 15:47:05.400,194.5,33.2818933219977,1.90255204130177,1.94573308855251,1.31033758070351,406.922658465856,416.158217673739,1.34007775610375,82.3,140.541428511952,22192.3773187498,1.2,78.9,43.7647733333333,-79.499275,988.1,6.50876497552224,7.23955008939601,11.8,28.2262091722597,27.5,274.4,4.2,0.8,5.1
2018-08-09 15:47:06.400,194.4,33.2877803555418,1.90282370680166,1.94606990160765,1.61999956039629,410.505441876626,419.834962110046,1.65681808599531,78.9,140.52561838615,22221.9799043129,1.2,77.4,43.76478,-79.4992383333333,988.1,6.51191384682334,7.24797087219044,11.4,28.2284042720668,27.5,283.7,343.8,1,4.1
2018-08-09 15:47:07.400,194.5,33.2977098296927,1.90608025998897,1.9494044937649,1.48145566008473,414.702471808092,424.128344844457,1.51512823270506,75.4,140.459245821451,22224.0079606751,1.2,75.7,43.7647866666667,-79.4992016666667,988,6.5057000714108,7.24887969645722,11.2,28.2305809110934,27.5,289.6,343.6,1.4,3.9
2018-08-09 15:47:08.400,194.6,33.2907683797218,1.90723676984608,1.95075761050445,1.3448444700855,416.2086909469,425.706100605693,1.37553211756803,72.1,140.541079545057,22309.785567804,1.2,73.3,43.7647983333333,-79.499165,988.1,6.5053929249017,7.24726344756136,11.1,28.2326082374126,27.5,286,336.9,1.4,4
2018-08-09 15:47:09.400,194.9,33.2884807581155,1.90643185731568,1.94986455843807,1.37896217285752,415.747519490543,425.2192621547,1.41037781120679,71.4,140.503583923652,22274.856909067,1.2,74.4,43.7648083333333,-79.4991316666667,988.1,6.50675451441625,7.24246005578336,10.9,28.2349345419719,27.5,305,332.3,1.3,5.3
2018-08-09 15:47:10.400,195.3,33.2846766442366,1.90623079557793,1.94960035259421,1.57351999142678,416.589893837081,426.068091350652,1.60932046192486,70.6,140.464573535287,22245.663003194,1.2,74,43.7648183333333,-79.4990983333333,988.1,6.50869450045486,7.2405554997528,10.7,28.2371916253992,27.5,318.4,326.2,1.6,5.8
2018-08-09 15:47:11.400,195.4,33.2814575065037,1.90645651151563,1.94986461156766,1.56103982798582,417.390555636929,426.894366079038,1.5965833714162,71.5,140.528395593457,22262.5223751258,1.2,73.1,43.7648233333333,-79.4990616666667,988.1,6.50723071295107,7.24321178959694,10.9,28.2389953136382,27.5,338,323.2,2.1,7
2018-08-09 15:47:12.400,195,33.2946283560146,1.90613138683707,1.94964562845441,1.46333512592324,415.858644686687,425.352068503288,1.49674123997048,71.4,140.467245986145,22319.0124279642,1.2,74.3,43.76483,-79.4990266666667,988.1,6.50680697227882,7.24082467089583,10.7,28.2414085744553,27.5,328.4,309.6,2.1,5.8
2018-08-09 15:47:13.400,194.7,33.2956729984802,1.9042222206856,1.94777540742046,1.6427173783521,413.975268163461,423.443618930353,1.68028660779749,71.7,140.505334720189,22360.3777326322,1.2,75.2,43.7648383333333,-79.4989916666667,988,6.51359305250766,7.2493207978993,10.7,28.2433316526186,27.5,310.5,302,2.8,5
2018-08-09 15:47:14.400,194.8,33.2985166495646,1.90732372364013,1.95116665123118,1.35646780812976,411.866376501849,421.333698369465,1.38764535215358,71.6,140.517922163281,22469.8604897303,1.2,74.2,43.764845,-79.49896,988.1,6.50951506906096,7.24401325488064,10.5,28.2454353380582,27.5,298.8,303.4,2.6,4.4
2018-08-09 15:47:15.400,194.6,33.3043238936836,1.90538376696306,1.94905347851538,1.81027800764622,409.983710398513,419.380107832933,1.85176658777635,71.7,140.460341687076,22405.4520980399,1.2,73.9,43.7648533333333,-79.4989266666667,988.1,6.50877266534831,7.24356392516732,10.7,28.2475996158833,27.5,300.3,304.6,2.4,4.2
2018-08-09 15:47:16.400,193.8,33.3025311712928,1.90298092179908,1.94672351514909,1.51334484084603,408.572107744647,417.963749440765,1.54813078083202,71.9,140.538356195317,22470.0447080698,1.2,73.1,43.7648616666667,-79.498895,988.1,6.50950310160296,7.24536987887332,10.9,28.2498276973884,27.5,296.2,306.2,2.4,4.2
2018-08-09 15:47:17.400,193.2,33.3064497610374,1.90534825517602,1.94925606473453,1.39285867524528,407.869285380176,417.268407121267,1.42495578255302,70.5,140.502247493147,22525.3839006276,1.2,73.1,43.7648716666667,-79.4988616666667,988.1,6.50569740405064,7.24421510031381,10.7,28.2522967232723,27.5,291.9,300.6,2.4,3.9
2018-08-09 15:47:18.400,193.3,33.3071732877474,1.904454510477,1.94830264458697,1.56043212167559,406.43362249611,415.791313943763,1.59635934492921,70.3,140.475906822751,22505.8571615372,1.2,72.9,43.7648783333333,-79.4988266666667,988,6.50712460701242,7.24566247839749,10.5,28.2544824925435,27.5,286.4,280,3,3.3
2018-08-09 15:47:19.400,193.3,33.2995890772779,1.90399116236869,1.94784442125317,1.40533453075156,406.325362037985,415.68392845439,1.43770350885946,70.2,140.525332865453,22513.7593053497,1.2,73,43.7648866666667,-79.4987933333333,988.1,6.50901612162936,7.23631842782453,10.3,28.2569081610844,27.5,275.2,293.2,2.7,2.5
2018-08-09 15:47:20.400,193.5,33.2998510123853,1.90339614911176,1.94718073033361,1.16194488562574,404.984331598831,414.300364087572,1.18867211487929,71.2,140.459915831526,22486.0695799832,1.2,74,43.7648933333333,-79.4987616666667,988,6.51060884077565,7.24243317952461,10.3,28.2590377036697,27.5,265.8,328.6,2.5,1.7
2018-08-09 15:47:21.400,193.6,33.2979410862522,1.90418534063096,1.94786923238642,1.37580520112851,404.167226980028,413.439155930891,1.4073685949755,70.2,140.507418088342,22426.4628284258,1.2,74.4,43.764905,-79.4987316666667,988.1,6.51003140213521,7.24448383777809,10.3,28.2610566289024,27.5,260.3,336,2.2,1.7
2018-08-09 15:47:22.400,193.8,33.3004577343544,1.90634382683628,1.95015075280676,1.64699740639021,404.470616596305,413.765220541219,1.68484513815084,69.4,140.513401091583,22463.4898910885,1.2,70.8,43.764915,-79.4987,988,6.50462407112457,7.24031922287409,10.1,28.2631747744828,27.6,269.7,336.4,1.9,2.6
2018-08-09 15:47:23.400,194.4,33.3086060756287,1.90359040282597,1.94721496683062,1.58648456988086,403.946363900212,413.203592703666,1.62284164754372,69,140.469511960004,22403.6209280577,1.2,69.6,43.764925,-79.49867,988,6.50739914812444,7.24213086352691,10.1,28.2655455298455,27.6,276.6,341.6,1.3,3.7
2018-08-09 15:47:24.400,194.2,33.3065882160337,1.9066838656164,1.95041662491895,1.55781463189964,403.918976248707,413.183455155778,1.59354620748884,69.8,140.532869104809,22422.2739804407,1.2,71.8,43.7649316666667,-79.4986366666667,987.9,6.50303549117915,7.24351686901782,10.1,28.2676733127802,27.6,281.1,337.5,1.4,3.1
2018-08-09 15:47:25.400,193.7,33.3099456578041,1.90452766138463,1.94818361996444,1.50509478699088,402.999261236866,412.236929977921,1.53959317253643,70.5,140.499078197187,22408.755431958,1.2,72,43.7649383333333,-79.4986033333333,987.9,6.50913360069412,7.24061187215891,10.1,28.2699857228689,27.6,268.1,346.7,1.2,3.5
2018-08-09 15:47:26.400,193.1,33.316144996686,1.90522398076424,1.94865210662517,1.57145898567765,402.791745579378,411.973234182012,1.60727856651105,71.1,140.486341324458,22286.474118181,1.2,73.2,43.7649466666667,-79.4985716666667,987.9,6.50996510351287,7.24440361318118,10.1,28.2720029804617,27.6,287.7,331.2,1.2,3.8
2018-08-09 15:47:27.400,192.7,33.3196509335249,1.90279104697279,1.94624208827983,1.38950093908213,402.849078473596,412.048410079755,1.42123348549314,71.2,140.524310244424,22325.818553904,1.2,73,43.764955,-79.4985366666667,988,6.50857578657789,7.24156787822107,10.3,28.2740878295666,27.6,297.6,338.2,1.2,5.1
2018-08-09 15:47:28.400,192.9,33.3251973897547,1.90326027504831,1.9468770367717,1.65607166062781,402.62580185082,411.852660056029,1.69402286145713,71.5,140.502002082023,22403.3487584731,1.2,73.2,43.764965,-79.4985016666667,988,6.51535453718529,7.23815407614667,10.5,28.2763376644652,27.6,314.3,335.3,1.1,5.3
2018-08-09 15:47:29.400,193.2,33.3224348838024,1.90623439525147,1.95007799990933,1.60829953657141,402.338507006704,411.592313986028,1.64529065289704,70.9,140.51735348824,22482.8844231011,1.2,72,43.7649766666667,-79.4984683333333,988,6.5072975815019,7.24316079076784,10.5,28.2781832558979,27.6,343.1,341.3,1.1,6.4
2018-08-09 15:47:30.400,193.9,33.3256079282776,1.90421980675786,1.94824795024378,1.61792718159834,403.086012628411,412.405888888706,1.65533254178512,70.7,140.50786320287,22598.9372888994,1.2,73.2,43.7649866666667,-79.4984283333333,987.9,6.50921121906549,7.24355866959892,10.7,28.2802314195829,27.6,342,339.4,1,5.7
2018-08-09 15:47:31.400,194.2,33.3353120966113,1.90468348120022,1.94898361436285,1.42273308248757,403.695603818373,413.084923417974,1.45582514713895,70.8,140.471778426245,22729.7995493184,1.2,72.2,43.7649966666667,-79.49839,988,6.50685684795842,7.23716223319703,11.1,28.2824490015123,27.5,330.3,338,1,6.1
2018-08-09 15:47:32.400,194.5,33.3391615885278,1.9063514553205,1.95061494014913,1.25529088420922,402.614864820627,411.963108680687,1.28444065919422,71.6,140.504029610904,22692.058221649,1.2,72.8,43.7650066666667,-79.49835,987.9,6.50513164123965,7.23787162226422,11.2,28.2848425130883,27.4,334.6,335.2,1.3,6
2018-08-09 15:47:33.400,194.8,33.3428410570688,1.90352522990085,1.94783058641216,1.53731772175628,402.062814348483,411.420909887084,1.57309903445481,71.6,140.495971463019,22745.9851970048,1.2,72.4,43.7650183333333,-79.4983116666667,987.9,6.51034833762105,7.23610909203995,11.6,28.2867133159137,27.4,326.6,334,1.3,5.6
2018-08-09 15:47:34.400,194.9,33.3475732081639,1.90594349135887,1.95028543838326,1.58504839153889,402.259700561952,411.618420409588,1.62191711589156,71.7,140.503156069976,22736.4409492401,1.2,70.8,43.7650266666667,-79.4982716666667,988,6.50894156152258,7.23900433544189,12,28.289273169602,27.4,329.5,334.4,1.3,6.5
2018-08-09 15:47:35.400,195.1,33.3504634149666,1.90668752523819,1.95141669814958,1.3981470044141,401.732094232331,411.156426653031,1.43094650151766,71.6,140.520834798584,22921.6000721515,1.2,71.5,43.76504,-79.49823,987.8,6.50494527155272,7.24409100010386,12.5,28.2912575504096,27.4,332.9,333.7,1.5,6.4
2018-08-09 15:47:36.400,195.1,33.351778578747,1.90465679837014,1.94923898586867,1.45231849407692,402.060090912744,411.471118762463,1.48631229845267,71.8,140.501355237585,22871.7232193176,1.2,70.8,43.7650516666667,-79.4981833333333,987.9,6.50952369662125,7.23640123950786,13.3,28.2933669175054,27.4,326.4,334.8,1.5,6
2018-08-09 15:47:37.400,195,33.3512349659506,1.90406425461485,1.94824765325287,1.4628986392908,402.077358790131,411.407471814562,1.49684568805517,71.4,140.521998528503,22678.6260144152,1.2,71.7,43.765065,-79.498135,987.8,6.50816736474771,7.23842368350884,14,28.2953176725873,27.4,289.4,338.4,1.8,4.3
2018-08-09 15:47:38.400,194.8,33.3534044480966,1.90658127280106,1.95082339817592,1.43402871488141,401.825055409985,411.149424720563,1.46730739055491,70.4,140.501480648529,22678.6570049753,1.2,71.2,43.7650783333333,-79.49809,987.9,6.50745913465947,7.2372054616967,14,28.2978662823738,27.4,270.9,342.1,1.7,5.3
2018-08-09 15:47:39.400,194.9,33.3566919657401,1.90223319494041,1.9464570233766,1.44853594710254,401.70275515939,411.041730612862,1.48222089936408,70.4,140.486318869378,22720.180595579,1.2,71.1,43.76509,-79.4980433333333,987.8,6.51049504014599,7.23652598210149,14,28.2998687120103,27.4,293.8,337.9,1.5,5.5
2018-08-09 15:47:40.400,195.2,33.3566185951709,1.90456753944579,1.948664586512,1.18852455074552,401.752113007654,411.053995193715,1.2160447598892,70.7,140.531874801421,22629.3476969656,1.2,73.1,43.7650983333333,-79.4979966666667,987.8,6.50904366906996,7.23983560327208,13.7,28.3020315930237,27.4,275.9,335.8,2.1,3.8
2018-08-09 15:47:41.400,195.5,33.3615988153463,1.90659922422219,1.95073191601787,1.58974012837356,403.6390105423,412.982161915249,1.62653271986583,70.3,140.498964871737,22623.7543215276,1.2,75.4,43.7651133333333,-79.4979516666667,987.9,6.5094862310109,7.23570786685281,13.3,28.3041322258273,27.4,266.7,326.8,2.4,2.7
2018-08-09 15:47:42.400,196,33.368649138386,1.91014151332587,1.95420798815362,1.67913169510799,404.749219980788,414.086693816179,1.71784989845136,66.7,140.512017216258,22549.5087537268,1.2,74,43.7651333333333,-79.49791,987.8,6.5072521529562,7.23996368048919,12.9,28.3065220545853,27.4,264.6,328.4,2.7,2.6
2018-08-09 15:47:43.400,196.8,33.3692697646859,1.91174353436301,1.95615522704441,1.338339652833,406.258578644529,415.696334184414,1.36943732382839,60.5,140.516550951742,22703.5130367832,1.2,66.7,43.7651533333333,-79.49787,987.9,6.50211889133611,7.23532554322334,12.9,28.308677328849,27.4,262,331.2,2.4,3.3
2018-08-09 15:47:44.400,197.9,33.36705601892,1.91362634134805,1.9581191341151,1.75729461854553,406.18224760544,415.626166968861,1.79816968624359,48.6,140.4977199054,22722.0572901064,1.2,53.3,43.7651833333333,-79.4978416666667,987.8,6.50182410770595,7.23549372861648,12.4,28.3107267432006,27.4,274.5,334.4,2.1,4.1
2018-08-09 15:47:45.400,198.5,33.3611496320243,1.91111959316363,1.95533984744918,1.17052880368152,406.068185063077,415.463903277383,1.19761332554481,38.9,140.518512356907,22615.0006147929,1.2,44.2,43.7652133333333,-79.49782,987.9,6.50052895846565,7.23138053453173,12,28.3129215321923,27.4,258.5,334.6,1.7,4
2018-08-09 15:47:46.400,199,33.3551933377441,1.90887863783524,1.9530208953769,1.40476468959015,405.722196513764,415.104392035875,1.43723633799594,29.7,140.507179242203,22602.1059626391,1.2,39.4,43.7652433333333,-79.4978033333333,987.9,6.50887903970215,7.23025832364175,11.6,28.3152367398479,27.5,256.5,337.6,1.3,5.8
2018-08-09 15:47:47.400,199.9,33.3480207431585,1.90758285558256,1.95145968020415,1.67669178957234,405.471601768825,414.798061892288,1.71526046027864,22.1,140.507825165314,22484.3614049969,1.2,31.1,43.7652733333333,-79.4977916666667,987.8,6.50431157022603,7.24147411771836,11.4,28.3172385288776,27.5,289.7,332.5,1.5,6
2018-08-09 15:47:48.400,200.6,33.3409816416689,1.90648823215553,1.95032689605982,1.28536376108985,404.776582853537,414.084155821146,1.31492070716552,20.3,140.531382135965,22477.5569892149,1.2,29.8,43.7653016666667,-79.4977766666667,987.8,6.5040592435388,7.24056926565217,11.1,28.3193313825512,27.5,280.4,333.1,1.5,5.6
2018-08-09 15:47:49.400,201,33.3414290905997,1.90469062635684,1.94852615313448,1.3929307796128,403.953798962176,413.250702451872,1.42498758972491,19.7,140.499664135157,22497.0200020419,1.2,29.6,43.7653233333333,-79.4977666666667,987.7,6.50903747564207,7.23549576540016,10.9,28.3217213198837,27.5,254,331.1,1.4,5.3
2018-08-09 15:47:50.400,201.1,33.3458008070891,1.90490327401608,1.94873665740495,1.54063566546671,403.085897544034,412.361290901512,1.57608339887681,30.1,140.495710565455,22493.3977617498,1.2,32.8,43.7653416666667,-79.4977483333333,987.7,6.50991711465552,7.24011763764555,10.9,28.3237879847411,27.4,264.4,328,1.7,4.4
2018-08-09 15:47:51.400,201.1,33.3520862321345,1.90504105988383,1.94897264840734,1.38792286642414,402.702795901158,411.989365400311,1.41993034138822,41.5,140.497231940406,22540.806222142,1.2,42.9,43.7653533333333,-79.4977183333333,987.6,6.50942602768877,7.24174897470942,10.9,28.3259714865553,27.4,226.2,357.3,0.7,4.9
2018-08-09 15:47:52.400,201.2,33.3588811185592,1.9072298545199,1.95130391266318,1.67059643057787,402.503808600336,411.805241516892,1.70919668136117,47.6,140.49566323853,22586.9901562182,1.2,53.4,43.7653666666667,-79.49769,987.8,6.50565000324772,7.24296279986812,10.5,28.3281015069937,27.5,228.7,355.3,0.9,3.9
2018-08-09 15:47:53.400,201,33.3661125227816,1.90733596441292,1.95162133776116,1.46887396896105,401.873181614368,411.204170933619,1.50297979309951,50.1,140.524063073009,22691.797874335,1.2,56.8,43.76538,-79.4976633333333,987.7,6.50422364499267,7.23973857990131,10.1,28.3305329094133,27.5,226,351.7,0.6,4.5
2018-08-09 15:47:54.400,200.8,33.370560962606,1.90614426037136,1.95033107998282,1.31373526001958,401.319708782873,410.622653737687,1.34418708377616,50.8,140.50086926457,22655.6716355906,1.2,56,43.7653933333333,-79.4976383333333,987.6,6.50466940880972,7.24025504830849,10,28.3326828206612,27.5,245.3,356.2,0.8,4.3
2018-08-09 15:47:55.400,200.6,33.3731186143211,1.90470988541785,1.94875380637728,1.34614714660476,403.022152043272,412.341516373419,1.37727454389629,52.7,140.515716557314,22600.9188541785,1.2,57,43.7654066666667,-79.4976116666667,987.7,6.50890945217609,7.24560487693827,10,28.3349967082889,27.5,247,0.4,0.5,4.5
2018-08-09 15:47:56.400,200.5,33.3746832865765,1.90562326772935,1.94968371471659,1.24891894542811,406.662431512043,416.065042047298,1.277795521703,54.6,140.525324514022,22598.9060575598,1.2,60.1,43.7654216666667,-79.4975833333333,987.6,6.51019609792149,7.24454652013854,10,28.3372023741319,27.5,273.8,357.9,0.2,5.2
2018-08-09 15:47:57.400,200.8,33.3817219961095,1.90644078418555,1.95057451162652,1.28350857319667,411.819641619644,421.353375309185,1.31322382722391,56.9,140.494337092922,22626.1082980105,1.2,61.5,43.765435,-79.4975533333333,987.6,6.50868347102078,7.24135802899416,10.1,28.3392565682119,27.5,301.3,352.2,0.3,5
2018-08-09 15:47:58.400,201.1,33.3879014169461,1.9068498886549,1.95126248652948,1.34829228555608,416.629330527849,426.333034240638,1.37969572480938,55.5,140.519607500238,22760.8824009568,1.2,59.9,43.7654516666667,-79.4975233333333,987.6,6.50635331653449,7.24036038594537,10.3,28.3414745171853,27.4,315.7,350.8,0.4,5.5
2018-08-09 15:47:59.400,201.2,33.3935813048755,1.90736548996477,1.95182007277463,1.42446984229926,424.528032063179,434.422634948234,1.45767141820289,55.3,140.492263927355,22775.9794193339,1.2,60.5,43.7654683333333,-79.4974916666667,987.7,6.50989353358246,7.23909514303898,10.5,28.3437046361268,27.4,314.7,350.6,0.5,5.5
2018-08-09 15:48:00.400,201.3,33.3976389754011,1.90725267498596,1.95188416656535,1.47664825546656,430.676315646288,440.754560668896,1.51120361398935,56,140.487498465822,22865.7487647266,1.2,59.4,43.7654866666667,-79.4974583333333,987.6,6.50506693068992,7.23747870134487,11.2,28.3459536390109,27.4,306.8,351.2,0.4,5.9
2018-08-09 15:48:01.400,201,33.4007009109528,1.90784556113387,1.95260904947891,1.45656649802591,433.226984791528,443.391808896204,1.49074110551292,58.9,140.529426194568,22925.2081262453,1.2,60.2,43.7655,-79.49742,987.7,6.50464897614569,7.23719670651893,12,28.3480500937729,27.4,325.5,349.4,0.6,6.3
2018-08-09 15:48:02.400,200.2,33.4059578964415,1.90652039636781,1.95127471678643,1.45130117627297,432.365350901345,442.514900275684,1.48536648570414,59.2,140.495369312509,22936.1532128845,1.2,57.7,43.7655166666667,-79.4973816666667,987.6,6.51100569398162,7.24403523109969,13.3,28.3503496656897,27.3,324.6,352,0.5,6.7
2018-08-09 15:48:03.400,199.2,33.4088326942918,1.90665121767439,1.95133439591446,1.57521516776597,431.920047561571,442.042389012358,1.61213104536247,59,140.513037099177,22898.9756582193,1.2,54.1,43.7655333333333,-79.4973383333333,987.6,6.51143052332628,7.24416196271927,14.8,28.3526835026356,27.3,325.7,352.3,0.4,7.2
2018-08-09 15:48:04.400,198.8,33.4103531281355,1.90823554178718,1.95297027421355,1.47170145472824,431.504616853575,441.62046496489,1.50620298881306,58.7,140.523124606032,22906.1463751992,1.2,52.7,43.765555,-79.4972883333333,987.7,6.51221721569379,7.24633688301951,16.4,28.3550431414153,27.2,287.9,346.1,0.8,6.8
2018-08-09 15:48:05.400,198.3,33.4168213124673,1.90716779005716,1.95182275202345,1.62278673163853,430.484732803177,440.564325302622,1.66078767954095,60.9,140.496685914456,22878.6824933566,1.2,55.7,43.7655733333333,-79.4972316666667,987.6,6.51237504116737,7.24627840571795,17.7,28.3576306428305,27.2,280,354.9,0.9,8
2018-08-09 15:48:06.400,198.4,33.4240911953254,1.90799299565228,1.95267153610922,1.42876248620097,428.6732553063,438.711132248904,1.46221186974688,63.9,140.518311047242,22880.8008243079,1.2,61.6,43.7655983333333,-79.49717,987.6,6.5094250082286,7.24336227593275,18.3,28.3602491473841,27.2,269.5,357.8,0.3,8.9
2018-08-09 15:48:07.400,198.7,33.4299268304575,1.90894250382708,1.95391114130992,1.35292005741522,426.043461563888,436.079742670821,1.38478966670132,68.2,140.479927446018,23014.7626893555,1.2,68.4,43.7656183333333,-79.49711,987.7,6.5072671469421,7.24899298793976,18.1,28.3617060982745,27.1,246.8,359,0.9,7.9
2018-08-09 15:48:08.400,199.1,33.4331266433736,1.90874996950068,1.95357623140198,1.42401387744396,425.025436407545,435.006922727729,1.45745549043953,72.1,140.470282331245,22945.5772722871,1.2,74.2,43.7656316666667,-79.4970483333333,987.7,6.50688560033002,7.24067406327945,17.7,28.3637871965837,27.1,236.8,3.9,1.2,7.8
2018-08-09 15:48:09.400,199.3,33.4373785139945,1.90822845689283,1.95292466189892,1.45429945974092,423.505084741259,433.424877602358,1.48836301094893,72.4,140.518911863362,22886.984320523,1.2,75.5,43.7656466666667,-79.4969916666667,987.6,6.50574684540289,7.24512922489425,17.4,28.3659151753872,27.1,218.2,7.9,1.1,7.9
2018-08-09 15:48:10.400,199.2,33.4446043799526,1.90861795444555,1.95322237145513,1.5110324044105,421.631609399442,431.485171436986,1.54634060437803,71.7,140.489469930186,22836.2880969561,1.2,73.7,43.7656616666667,-79.496935,987.8,6.50772116813069,7.24911500507679,17.2,28.3678857314253,27.1,241.5,3.2,1,7
2018-08-09 15:48:11.400,199.5,33.4515141761241,1.90686193204557,1.95130208865022,1.62217642281596,420.361828336656,430.158495322804,1.65998184408193,71.2,140.511146840006,22774.5035162238,1.2,75.4,43.76568,-79.49688,987.7,6.50663667457835,7.24161042012731,17,28.3700352680773,27.1,225.7,7.3,1.2,7.7
2018-08-09 15:48:12.400,200,33.4584552054113,1.9089527743243,1.95338818805998,1.50226012676628,418.335219661614,428.073116464346,1.53723952119454,72.3,140.508782704919,22748.0444633232,1.2,78.2,43.765695,-79.496825,987.7,6.50355732117155,7.24101662903527,16.6,28.3721180165305,27.1,240,1.3,0.8,7.5
2018-08-09 15:48:13.400,200.2,33.4656722614762,1.90711252229021,1.95129223131447,1.34520069661384,416.818863218357,426.474899681956,1.37636398993058,71.7,140.492897242173,22641.3527072803,1.2,74.2,43.76571,-79.4967733333333,987.7,6.50913667279116,7.2383184931633,16.2,28.3745515765422,27.1,230.5,8.6,1,6.2
2018-08-09 15:48:14.400,200.3,33.4682862096899,1.90774489359209,1.95194204916188,1.45764913446759,416.127714782697,425.768346245042,1.4914196081152,72.3,140.527909704313,22642.8667188757,1.2,72.2,43.76572,-79.4967216666667,987.7,6.51063183378481,7.23565269855371,16.1,28.3764111945033,27.1,237.5,4.9,0.7,7.6
2018-08-09 15:48:15.400,200,33.476989577228,1.90788545179085,1.95196883459578,1.57628335399566,415.081400636332,424.672211073138,1.61270438955211,72,140.488879992851,22584.1254676181,1.2,73.9,43.76573,-79.49667,987.7,6.50951608420578,7.24479396656173,15.7,28.3786665699667,27.1,227.6,2.5,0.4,7.4
2018-08-09 15:48:16.400,199.8,33.4817902133508,1.90699062973392,1.95091203028476,1.57971687816822,414.799249387321,424.352715319914,1.6160997860827,72.2,140.485649607768,22513.1888383644,1.2,73.1,43.76574,-79.49662,987.7,6.50958308657716,7.24664881391057,15.3,28.3810249635253,27.1,251.1,0.4,1.3,5.5
2018-08-09 15:48:17.400,199.7,33.4829830389834,1.9091694288454,1.95323549978824,1.55877045716888,414.742838891509,424.315592943074,1.5947494358213,71.9,140.514909473162,22560.5420495748,1.2,73.1,43.76575,-79.49657,987.7,6.50871681170742,7.24962435411684,15.1,28.3830479322455,27.1,237.7,4.8,0.8,6.6
2018-08-09 15:48:18.400,199.6,33.4876299100421,1.90938429491007,1.95333065851236,1.60983288268813,414.989289354984,424.540679899473,1.64688510085851,73.1,140.486290019735,22498.2197226299,1.2,75,43.7657583333333,-79.496525,987.7,6.50918632629599,7.24023155326348,14.8,28.3851944653784,27.1,246.7,8.6,1.1,6
2018-08-09 15:48:19.400,199.4,33.4901498820989,1.90857015869311,1.95242850447156,1.6811129189033,415.013662948699,424.550614649446,1.71974807806984,73.8,140.514529136753,22463.6348129348,1.2,76.5,43.7657683333333,-79.49648,987.7,6.50791974773177,7.23923943698641,14.4,28.3874509188246,27.1,246.7,357.4,1.5,6.7
2018-08-09 15:48:20.400,199.1,33.4965600474059,1.90939926174951,1.95325431587812,1.53903146928232,414.843177418422,424.371331962322,1.57437337401456,73.7,140.509566838281,22452.353156501,1.2,74.1,43.76578,-79.4964366666667,987.7,6.50521607893222,7.24353384849867,14.2,28.3895779911065,27.1,269,354,0.3,7.6
2018-08-09 15:48:21.400,199,33.5067338255665,1.91101357197921,1.95503837670515,1.35742184323028,415.77074419445,425.348904524048,1.38869849959676,74.3,140.491525171135,22518.545169924,1.2,72.7,43.7657883333333,-79.49639,987.7,6.50033428008681,7.24197471880747,14,28.3917837739465,27.1,274,354.2,0.3,6.6
2018-08-09 15:48:22.400,199.1,33.5119421730951,1.90911081017358,1.95293454862585,1.35799156300017,417.967455537478,427.561840238537,1.38916208009233,73.6,140.527025940214,22439.8073512551,1.2,75.4,43.7657983333333,-79.4963416666667,987.7,6.50741998674067,7.23925141063173,14,28.3940193510124,27.1,259.2,356.3,0.9,5.8
2018-08-09 15:48:23.300,199,33.5221269163329,1.90987700892611,1.95363135303507,1.54594668959822,421.000273521999,430.645023052433,1.58136577854535,72.7,140.4919562791,22396.2649177171,1.2,72.3,43.7658083333333,-79.4963016666667,987.7,6.50627357575276,7.24080109574007,14,28.3961302025772,27.2,270.9,355.4,0.7,6.3
2018-08-09 15:48:24.400,199,33.5362565522104,1.91037367088926,1.95406661949492,1.5104960220107,424.086371308627,433.785726113936,1.54504375236601,72.7,140.492743973353,22359.8859783621,1.2,74,43.7658183333333,-79.49625,987.7,6.50896745011368,7.24528789329166,14,28.3983935791675,27.2,290.8,354.9,0.5,6.6
2018-08-09 15:48:25.400,199.1,33.5426321778826,1.91000586453574,1.95366622215126,1.58731833400185,425.877916926931,435.613038327223,1.62360230978698,71.7,140.510099659038,22348.1182986187,1.2,73.5,43.7658283333333,-79.4962066666667,987.6,6.51185008871115,7.24103136778801,14,28.4004851844999,27.2,187.6,3.7,0.4,6.9
2018-08-09 15:48:26.400,199.2,33.5457769520795,1.91207603984293,1.95573097176857,1.54162360909566,428.028937870818,437.801473591629,1.57681943335241,72.6,140.465322960173,22321.7158490263,1.2,73.2,43.765835,-79.49616,987.6,6.50727654104496,7.23624653937014,14,28.4029475379437,27.2,202.1,0.4,0.3,7.7
2018-08-09 15:48:27.400,198.5,33.5452160877974,1.91277649693515,1.9564754537439,1.38054327504826,429.563720478092,439.377500655383,1.41208355036913,72.7,140.488543054502,22335.6218846673,1.2,71.2,43.7658433333333,-79.4961133333333,987.8,6.50761215088601,7.24018630111206,13.8,28.404879186156,27.2,45.9,354.5,0.5,8.7
2018-08-09 15:48:28.400,197.5,33.545820857763,1.91206704820559,1.955694231073,1.40827373779392,429.998877496503,439.810170175008,1.44040314302589,76.1,140.504364603329,22307.9510338778,1.2,73.4,43.76584,-79.4960666666667,987.7,6.51129224442759,7.24389604695906,13.7,28.4070057327161,27.1,47.1,356.1,0.5,8.6
2018-08-09 15:48:29.400,197.5,33.5531238098196,1.91004487962572,1.9535464440981,1.48984409166196,429.698366981122,439.484956657221,1.52377667473695,75.9,140.494860417925,22268.2601651128,1.2,76.2,43.765855,-79.4960216666667,987.7,6.51330124576605,7.2435196401223,13.8,28.409251164053,27.1,16.8,347.4,0.7,7.9
2018-08-09 15:48:30.400,198.1,33.5586697071273,1.90981971957057,1.95325923458093,1.3513836093584,428.386161471083,438.129964706064,1.38212133764069,74.7,140.535015782431,22239.5109025531,1.2,78.8,43.7658716666667,-79.4959733333333,987.7,6.51177664093556,7.24520953444096,13.8,28.4113734487151,27.1,353.5,1.5,0.3,8.1
2018-08-09 15:48:31.400,198,33.5674195866172,1.91235500435091,1.95594614907671,1.43226604689436,427.877249836028,437.630484113142,1.46492382932104,73.6,140.494374754506,22286.4609483438,1.2,77.2,43.7658866666667,-79.4959283333333,987.7,6.50636156583189,7.24030429699832,13.8,28.4135947769578,27.1,262.1,355,1,6
2018-08-09 15:48:32.400,198,33.5705838285866,1.91231321922123,1.95597489347637,1.62521566872517,428.40626415448,438.187675848589,1.66231801841895,75.3,140.49005426531,22322.5200260544,1.2,79.8,43.7658966666667,-79.4958816666667,987.7,6.50728707874973,7.23775529179699,13.8,28.4158259745391,27.1,274.9,350.3,0.8,5.1
2018-08-09 15:48:33.400,198.1,33.5674631671293,1.91351951563906,1.957038860445,1.61480931666852,429.516538856073,439.285205857029,1.65153637753218,74.6,140.521216422624,22237.5888517997,1.2,78.1,43.76591,-79.4958333333333,987.7,6.50674577053285,7.23703027802705,13.7,28.4177928970287,27.1,298.8,338.1,1.5,6.4
2018-08-09 15:48:34.400,198.2,33.5692392981736,1.91424393011279,1.95768536874196,1.50463455327117,429.702745708163,439.454372031986,1.53877867591435,72.4,140.487822811409,22190.2421183631,1.2,75.9,43.765925,-79.4957866666667,987.6,6.50525036806084,7.23623475363041,13.7,28.4204124557358,27.1,311.6,352.7,1.2,7
2018-08-09 15:48:35.400,198.3,33.5665044209191,1.91163766384522,1.95480239483778,1.48105002959752,429.165636870718,438.85608306923,1.51449607973033,72.6,140.493349199105,22081.2298198882,1.2,73.5,43.7659366666667,-79.49574,987.7,6.51020121745993,7.23577067773471,13.8,28.4224774970474,27.1,264.1,0.4,0.2,6.4
2018-08-09 15:48:36.400,198.6,33.568286756245,1.91162377656082,1.95479960976376,1.42591872076584,428.425850180135,438.101979555113,1.45812610287477,72.6,140.493656398463,22086.7305257102,1.2,76,43.7659516666667,-79.495695,987.6,6.51212713218989,7.23348484234183,13.7,28.42459047578,27.1,281.3,357.2,1.2,5.2
2018-08-09 15:48:37.400,198.7,33.5750248780841,1.91388726008381,1.95727006441837,1.50155274431896,428.385474595722,438.095690188749,1.53558690973551,73.3,140.478952423316,22164.6863244212,1.2,77.2,43.76596,-79.49565,987.6,6.50664431260555,7.23572123600066,13.7,28.4270677363057,27.1,269.6,355.2,1.3,6.3
2018-08-09 15:48:38.400,199.1,33.5754558443514,1.9135483298737,1.95694915669001,1.50426177573231,429.24617389438,438.981763244554,1.5383754717391,73.4,140.509861993456,22177.642285824,1.2,73.9,43.7659666666667,-79.4956066666667,987.6,6.50607797373953,7.23557872676353,13.5,28.4288614090701,27.1,314.2,351.3,0.9,5.9
2018-08-09 15:48:39.400,199.3,33.5818666613006,1.91376783968522,1.95727973376288,1.48880560764316,429.484775237116,439.249478207236,1.52265468654863,72.6,140.494337681154,22230.4555054566,1.2,74.1,43.765975,-79.495565,987.7,6.50725781946634,7.23831166452023,13.5,28.4311090696013,27.1,316.8,349.2,0.7,7.7
2018-08-09 15:48:40.400,199.4,33.5872063350872,1.91298730636756,1.95646217295796,1.58937751712259,429.629310950961,439.393089088687,1.62549723872716,71.8,140.501182455582,22221.0093620062,1.2,72.8,43.7659866666667,-79.4955216666667,987.6,6.50750174451335,7.23839965283275,13.3,28.4335838576986,27.1,349.1,350.9,0.5,5.6
2018-08-09 15:48:41.400,199.4,33.5897772730011,1.91228429763413,1.9556178080467,1.56143389720459,429.957636103773,439.700738529889,1.59682029121028,72.2,140.522908975462,22158.4719722408,1.2,73.4,43.7659983333333,-79.4954766666667,987.6,6.50789525161964,7.23961453476598,13.3,28.4357713442295,27.1,268.5,348.5,1.3,5.4
2018-08-09 15:48:42.400,199.5,33.5979055606741,1.91283862995701,1.95616983874621,1.46308118683082,431.398534065602,441.170929164262,1.49622126145941,73.9,140.48946289013,22150.9862316209,1.2,76,43.7660066666667,-79.4954316666667,987.7,6.50660064543744,7.24235098684212,13.1,28.4377476686245,27.1,299.9,354.6,0.6,6.9
2018-08-09 15:48:43.400,199.8,33.6011829623814,1.9121208032913,1.95546198557962,1.40584233032367,432.575541018796,442.380459811881,1.43770780030781,74.6,140.49449146554,22164.0310030937,1.2,77.7,43.766015,-79.4953866666667,987.7,6.50658812476381,7.24047929075263,12.9,28.4399568095619,27.1,336,340.5,1.3,7.3
2018-08-09 15:48:44.400,200.2,33.6022138119154,1.91241825905755,1.95574525420929,1.45242160028162,432.474912145147,442.272870992765,1.48532938771095,73,140.48943105857,22153.664316512,1.2,75,43.7660233333333,-79.4953433333333,987.7,6.50715063981135,7.24069815134598,13.1,28.4422188451708,27.1,334.2,348.1,0.9,6.2
2018-08-09 15:48:45.400,200.3,33.5991614866719,1.91281648543724,1.9562127220436,1.41965525821622,432.622343755491,442.437318309036,1.45186434958954,71,140.482901999914,22183.9923637978,1.2,70.6,43.766035,-79.4952983333333,987.6,6.50852034955717,7.24033807976997,13.1,28.4444982220729,27.1,245.6,10.5,1.1,4.4
2018-08-09 15:48:46.400,200.3,33.5916075762143,1.91404490002456,1.95742798032598,1.3254629041363,432.751734399215,442.560398329103,1.35550530367763,71,140.510491953477,22163.5539249734,1.2,70.7,43.766045,-79.495255,987.7,6.5087930534196,7.23660391201576,13.3,28.4465192133672,27.2,175.2,7.6,0.6,8
2018-08-09 15:48:47.400,200.2,33.5916632004987,1.9148881250611,1.95833732588001,1.39366164085616,432.806507016357,442.627125263277,1.42528697460508,73.3,140.485895873423,22187.0964095903,1.2,72.7,43.7660516666667,-79.4952133333333,987.6,6.50720916255252,7.23565878578522,13.3,28.4488509316393,27.2,139.9,19.2,1.1,8.6
2018-08-09 15:48:48.400,199.9,33.596494419024,1.91219783259516,1.95556038324624,1.52709971250203,435.834989881618,445.718265919479,1.56172715413501,73.5,140.497120485299,22174.1224557361,1.2,75.2,43.7660616666667,-79.495165,987.6,6.51086742550061,7.23871371355856,13.7,28.4509660491765,27.1,155.7,21.5,1.4,7.6
2018-08-09 15:48:49.400,199.6,33.6033494631751,1.91236270727315,1.95561112736786,1.54908290313053,440.585518405466,450.549441634898,1.58411657357864,74.6,140.508369062765,22115.179801385,1.2,76.1,43.7660683333333,-79.4951166666667,987.5,6.51297261909803,7.23892041917586,13.7,28.4529743599802,27.1,135,14.1,0.9,8
2018-08-09 15:48:50.400,199.5,33.6106136881707,1.91335893483878,1.95658781745346,1.55101026857189,442.109728668048,452.09842322478,1.58605268181853,73.1,140.494945139709,22094.0528458064,1.2,75.1,43.7660816666667,-79.4950733333333,987.6,6.50979662080096,7.2385120946184,13.8,28.4553738289074,27.1,161.8,12.5,0.7,7.7
2018-08-09 15:48:51.400,199.3,33.6118544469397,1.91238347144574,1.95554320048066,1.40191674257721,439.932300686814,449.861038348102,1.43355970438,73.7,140.50955038578,22070.5271825275,1.2,75.5,43.7660916666667,-79.49503,987.6,6.50610780299946,7.23823290687444,13.8,28.4576117012391,27.1,166.7,13.9,0.9,7.5
2018-08-09 15:48:52.400,199.3,33.6124216302075,1.91183166910804,1.95495847624562,1.3022393746313,435.936246002723,445.770016096849,1.33161588421956,74.2,140.51195901513,22060.1938498589,1.2,77.4,43.7661,-79.494985,987.6,6.50581505785172,7.2386458872185,13.8,28.4599343397255,27.1,180.1,12.6,0.9,7.1
2018-08-09 15:48:53.400,199.3,33.6131402030361,1.91206733450014,1.955162771664,1.48938982301691,431.932539153019,441.667751182429,1.52295637748315,74.8,140.514406743467,22041.8799993661,1.2,78.4,43.7661116666667,-79.4949383333333,987.6,6.50815145629011,7.239865730293,13.8,28.4619562069184,27.1,140.2,11.1,0.5,8.2
2018-08-09 15:48:54.400,199.3,33.6161134240124,1.91232698619409,1.95530875770895,1.39053134281792,428.412240585622,438.041547790569,1.42179236229638,74.4,140.512895723555,21982.4418947519,1.2,75.8,43.7661233333333,-79.4948916666667,987.6,6.50935618298645,7.23918248756122,13.8,28.4641672842393,27.1,162.1,14.6,0.9,7.9
2018-08-09 15:48:55.400,199.3,33.6244570277261,1.91314105233249,1.9561450299516,1.35721220956745,424.575878559282,434.119614750555,1.38772442749805,74.8,140.486793033376,21984.2380248983,1.2,74.3,43.7661316666667,-79.494845,987.6,6.51041439418916,7.23770802985223,13.8,28.4664912189936,27.1,171.3,16.5,0.9,7.6
2018-08-09 15:48:56.400,199.1,33.6266764220687,1.91287296047548,1.95582700320719,1.56401719902076,421.624414581839,431.092126131387,1.59913421032745,74.3,140.485550131209,21962.0029503961,1.2,74.1,43.76614,-79.4948,987.6,6.51152224453316,7.23642427835542,13.8,28.468701080442,27.1,168.4,12.8,0.9,7.2
2018-08-09 15:48:57.400,198.8,33.6238684434419,1.91237977394632,1.95532313452926,1.73054504607749,419.546551591731,428.967640086737,1.76940878561254,74.9,140.489799079744,21962.2092845604,1.2,75.1,43.7661483333333,-79.4947533333333,987.6,6.51223649758306,7.23271705066798,13.7,28.4704810151466,27.1,168.7,13.2,0.6,6.8
2018-08-09 15:48:58.400,198.8,33.6267857793838,1.91241132622697,1.95547129629542,1.73959900412029,416.968350507657,426.356805441438,1.77876614293942,74.8,140.498327249342,22020.259317035,1.2,76,43.7661583333333,-79.4947083333333,987.5,6.50948128696685,7.23150358104791,13.7,28.472609940495,27.1,192.7,20.9,1.3,6.6
2018-08-09 15:48:59.400,198.6,33.6324281491331,1.91144938358562,1.95447762661158,1.55937181693379,414.610409982137,423.943631334186,1.5944767547114,72.5,140.510519635196,22015.1963949338,1.2,76.5,43.76617,-79.4946666666667,987.6,6.50843110568496,7.23069630526278,13.3,28.4750951394808,27.1,209.9,10.6,1.1,6.2
2018-08-09 15:49:00.400,198.4,33.6375214212679,1.91213869276284,1.95509930127353,1.34811578926058,412.57012527996,421.839404428998,1.37840630416157,72.2,140.501921787256,21973.4814128281,1.2,76,43.76618,-79.4946266666667,987.6,6.50624106724119,7.23169819744071,13.1,28.4773176765923,27.1,203.4,14,1,6.3
2018-08-09 15:49:01.400,198.2,33.6408958792428,1.91131227805373,1.95419105461301,1.46947384325665,410.485014589129,419.693862766478,1.50243802443917,72.8,140.517759980074,21941.8570621051,1.2,77.7,43.7661883333333,-79.494585,987.6,6.50935904434428,7.23551190117577,12.9,28.4795765588841,27.1,168.3,10.1,0.8,7.1
2018-08-09 15:49:02.400,198,33.6444675889327,1.91162494175769,1.95461400215449,1.46861332314614,408.642002766047,417.831672973751,1.50163173134587,72.4,140.515046431063,21993.7417810571,1.2,79,43.766195,-79.494545,987.6,6.5129989104782,7.23530654188953,12.5,28.4817801694954,27.1,149.9,10.2,0.7,7.5
2018-08-09 15:49:03.400,198.1,33.6511416453205,1.90968758757536,1.9528240930952,1.42480099000263,407.778533295797,416.989650504625,1.45698844746994,70.7,140.491832723293,22089.5395259997,1.2,75.6,43.7662066666667,-79.494505,987.6,6.51213761408531,7.2341079617453,12.2,28.4840879449806,27.1,169.6,18.2,0.8,6.6
2018-08-09 15:49:04.400,198.2,33.6591142496361,1.90879533694343,1.95200876281528,1.38800936022771,406.525734983472,415.729115751464,1.4194312537012,71.1,140.519177948572,22137.9508721933,1.2,76.8,43.7662166666667,-79.49447,987.6,6.51230460859204,7.23635596817285,11.2,28.4861344820649,27.1,173.5,23.2,1.2,6.3
2018-08-09 15:49:05.400,197.8,33.6648681748612,1.91140118499082,1.95473352074747,1.50499655294004,405.513386922163,414.706539476209,1.53911876635601,70.2,140.514113603457,22167.827722855,1.2,78.3,43.7662233333333,-79.4944383333333,987.5,6.50968502458906,7.23273162340301,9.8,28.4881673106239,27.1,197,32.6,1.5,4.3
2018-08-09 15:49:06.400,198,33.6671447332068,1.91195711246365,1.95530982330805,1.54663170743863,404.572193367833,413.745603810275,1.58170204083846,68.9,140.503762765022,22171.5496733401,1.2,77.6,43.7662316666667,-79.49441,987.7,6.50851724208093,7.23259754952233,8.7,28.490317796869,27.1,212.6,26.8,1.4,3.3
2018-08-09 15:49:07.400,198.7,33.6674672666099,1.91254421022522,1.95586790801056,1.33275843497011,404.020280962701,413.172324753145,1.36294982533239,69.2,140.51007045144,22150.5641047241,1.2,81.2,43.766235,-79.4943883333333,987.6,6.51016142385348,7.23629647010611,6.4,28.492631906309,27.1,224.6,40.8,1.3,2.4
2018-08-09 15:49:08.400,198.8,33.6680692566413,1.91246123495022,1.95578382420686,1.43231754833304,403.644479113913,412.788199027148,1.46476519723279,61.9,140.495595279555,22151.0886597103,1.2,84.6,43.7662366666667,-79.494385,987.7,6.50751260827762,7.23354968912583,3.5,28.4948885132827,27.1,210.2,95.4,2,2.8
2018-08-09 15:49:09.400,198.9,33.6665048343498,1.91073719123214,1.954002582234,1.57181513841322,402.969322353462,412.093879548858,1.60740658357812,46,140.511172001244,22142.0025322343,1.2,85.1,43.7662366666667,-79.4943833333333,987.6,6.50659450762909,7.23515322431852,1.6,28.4971972527069,27.2,217.5,125.4,2.4,3.2
2018-08-09 15:49:10.400,198.9,33.6596367514973,1.91049676164153,1.9538550892612,1.53851326194994,402.505577825794,411.640397946012,1.57342844857071,35.2,140.514526720656,22191.2694978357,1.2,78.5,43.7662366666667,-79.4943816666667,987.7,6.50851251748196,7.23539573211149,1.1,28.4993810922404,27.2,213.3,132,2.3,3.9
2018-08-09 15:49:11.400,199.6,33.6554800747605,1.91159482479671,1.95488520490173,1.51280709683812,402.216855914921,411.325651065776,1.54706663048036,20,140.50068639069,22144.7694602918,1.2,75.9,43.7662433333333,-79.4943866666667,987.6,6.5085969739367,7.23145736172354,0.7,28.50157871764,27.2,215.3,138.6,2.4,4.1
2018-08-09 15:49:12.400,200,33.6537978963236,1.91027747438277,1.95331762437278,1.51116354269606,402.272551265767,411.336118555306,1.54521168173566,13.6,140.521717631095,22034.4945720502,1.2,74.1,43.76625,-79.49439,987.6,6.51095566093938,7.23265578822493,0.7,28.5037968706043,27.3,208.5,133.4,2,4
2018-08-09 15:49:13.400,200.6,33.653027624746,1.91020238565769,1.95331013538417,1.51563669388891,401.960547555367,411.031641896861,1.54984054356851,12.3,140.510736919251,22069.2666339128,1.2,73.2,43.76625,-79.49439,987.6,6.5139767231362,7.23504799906224,0.5,28.5057833732222,27.3,204,131.4,2.6,4.7
2018-08-09 15:49:14.400,200.8,33.6556193431075,1.90996032650414,1.95299946259197,1.56035183569214,401.634115992635,410.684602772273,1.59551031415964,10.1,140.503287629263,22037.4520765385,1.2,72.6,43.7662483333333,-79.49439,987.6,6.51238310025799,7.23256602136315,0.3,28.5081718551241,27.3,209.1,137.8,2.4,4
2018-08-09 15:49:15.400,200.9,33.6599672487546,1.91006087140145,1.95300397550537,1.589252279867,401.21669773301,410.237064353579,1.62498216667625,9.3,140.504597135658,21988.0770917082,1.2,72.5,43.7662466666667,-79.4943916666667,987.7,6.50895387381985,7.23398019423358,0.3,28.5103225117296,27.3,198,119.6,2.8,5.3
2018-08-09 15:49:16.400,200.9,33.665225358107,1.90967842372125,1.95263203604562,1.88341219044035,401.249906420472,410.274948540154,1.92577604715779,8.7,140.487928863842,21997.5538904537,1.2,72.4,43.76625,-79.4943933333333,987.7,6.51147170752585,7.23443549718222,0.3,28.5125981666078,27.3,204,127.6,1.9,3.4
2018-08-09 15:49:17.400,200.9,33.6685621574939,1.90924412007755,1.9522075896512,1.75910970875325,401.831453235288,410.873774810227,1.7986938347327,4.1,140.513111682183,22007.5419687353,1.2,72.3,43.7662533333333,-79.494395,987.7,6.51117399415927,7.23236174683423,0.1,28.5147779140831,27.3,191.7,119.6,2,4.1
2018-08-09 15:49:18.400,200.7,33.6692817149256,1.91144410254218,1.95428047293224,1.39787033009639,401.392286110976,410.387745694093,1.42920715448416,4.8,140.51186840753,21919.2910051909,1.2,72,43.7662533333333,-79.4943983333333,987.6,6.50987983057463,7.23188197276732,0.1,28.516880582552,27.3,195.6,125.2,2.6,4.7
2018-08-09 15:49:19.400,200.3,33.6717469506415,1.91239300865497,1.95529945129279,1.47101632506989,401.00622488593,410.00321213878,1.50402820337519,6.3,140.475267056561,21943.6806663441,1.2,72.1,43.7662533333333,-79.4944,987.5,6.50893671132375,7.23372434632829,0.1,28.5189823967917,27.3,215.3,146.9,2.1,3.8
2018-08-09 15:49:20.400,199.8,33.6717527363469,1.9108226720636,1.95366755759248,1.45033321002511,401.098687486423,410.09223317241,1.48285679925461,357.9,140.510918872058,21930.4891410742,1.2,72.1,43.7662516666667,-79.4944033333333,987.6,6.50882154588783,7.22917184775952,0.1,28.5211359779876,27.3,207.4,133.2,2.3,5.1
2018-08-09 15:49:21.400,199.4,33.672915342537,1.9116109653511,1.95431940177453,1.51363292769005,401.319402222149,410.285548369427,1.54744708146926,357.1,140.505443333347,21853.4788941674,1.2,72.1,43.7662466666667,-79.494405,987.7,6.50829609769922,7.22808239999918,0,28.5232315588423,27.3,200.8,127.7,2.8,5.5
2018-08-09 15:49:22.400,198.9,33.6793752017622,1.90874417310594,1.95126859357248,1.56145648285823,401.126423664806,410.062982093273,1.59624412650014,339.5,140.509639387291,21793.2539564346,1.2,72.1,43.7662433333333,-79.4944066666667,987.7,6.51377079838683,7.22909384504641,0,28.5257517339207,27.3,200.9,127.6,2.7,5.1
2018-08-09 15:49:23.400,198.6,33.6883017664418,1.91001777367028,1.95264899104556,1.42140092044744,401.085267993398,410.037356665101,1.45312200424038,10.2,140.528404703036,21832.4932767864,1.2,72.2,43.7662416666667,-79.4944083333333,987.7,6.50939841654572,7.2245119453129,0,28.5278269285694,27.3,203.6,130.7,2.6,5.2
2018-08-09 15:49:24.400,198.5,33.6919878884504,1.91109869919753,1.95375917305144,1.63968602523233,400.551552807926,409.492916079596,1.6762837628447,352.4,140.493087748615,21835.0816531152,1.2,72.2,43.7662416666667,-79.4944083333333,987.6,6.50838814967961,7.22597232747831,0,28.5298640662491,27.3,201.1,125.2,2.4,4.7
2018-08-09 15:49:25.400,198.5,33.6916688046655,1.91147664077112,1.95408952038881,1.54444472177436,400.37632677402,409.3020302984,1.57887650961803,331.1,140.515893907016,21807.0570380685,1.2,72.2,43.7662416666667,-79.4944083333333,987.8,6.50941502568604,7.22871746455211,0,28.5321501380205,27.3,189.2,113.5,2.5,5.1
2018-08-09 15:49:26.400,198.6,33.6927061063559,1.9110037847462,1.95368336578411,1.59005408224736,399.770533131065,408.698920991124,1.62556965820144,198,140.503894824483,21845.9472678807,1.2,72.1,43.7662416666667,-79.4944083333333,987.6,6.51068209448425,7.23118661917242,0,28.5343848702044,27.3,188.5,117.5,3.1,6.3
2018-08-09 15:49:27.400,198.8,33.6972534567238,1.91123704542519,1.95401755251791,1.60832591962479,399.74213092507,408.689774270613,1.64432535001288,223.3,140.469732574924,21893.6256415209,1.2,72.1,43.7662433333333,-79.49441,987.7,6.51056485822492,7.22975245003335,0,28.5366998019595,27.3,192.2,119.7,3.3,6.2
2018-08-09 15:49:28.400,199.1,33.6968567794673,1.91095639296137,1.95392262401091,1.64421501664766,399.383738296638,408.363409902214,1.68118576529376,192.5,140.512408715109,21989.4641836569,1.2,72.2,43.7662466666667,-79.4944116666667,987.7,6.50611214421155,7.23317229935356,0,28.5387613077882,27.3,194.2,122,3.4,6.4
2018-08-09 15:49:29.400,199,33.7023535141661,1.91109289091439,1.95397742600482,1.48403180633773,399.023422817199,407.977394897148,1.5173395999393,190.6,140.496322902118,21947.190060039,1.2,72.1,43.7662483333333,-79.4944133333333,987.5,6.50965218639689,7.23031036878281,0.1,28.5408500762866,27.3,192.7,120.4,3.3,6.1
2018-08-09 15:49:30.400,198.8,33.7064922776065,1.91103065689298,1.95392755922962,1.51215346717624,398.557915242965,407.504200446857,1.54609766444087,190.9,140.49498046733,21953.894096417,1.2,72.2,43.7662483333333,-79.4944166666667,987.7,6.50883880593862,7.23164878270246,0.1,28.5430144077038,27.3,191.1,120.6,3,6.5
2018-08-09 15:49:31.400,198.6,33.704167831902,1.91014539483333,1.95331438758618,1.3989487525893,398.221066813428,407.220863813653,1.43055630341091,184.5,140.520889622782,22100.4789947657,1.2,72.2,43.76625,-79.4944183333333,987.6,6.50950469646285,7.23193862263309,0.1,28.5452952913549,27.3,194.8,123.4,3.5,7
2018-08-09 15:49:32.400,198.5,33.7056298894855,1.91074596131993,1.95394096433397,1.44716595975846,398.312852098103,407.317270410022,1.47987914941924,192.3,140.485742978979,22106.4819641436,1.2,72.5,43.76625,-79.4944183333333,987.7,6.50833696532744,7.23058733081791,0.1,28.5474805249997,27.3,191.5,117.8,3.4,6.4
2018-08-09 15:49:33.400,198.4,33.7013713094954,1.90836756891264,1.95147271119955,1.45546856949632,398.5126271157,407.51391881563,1.48834365637109,209,140.517895205116,22088.2482948715,1.2,72.5,43.76625,-79.4944183333333,987.7,6.51169961473221,7.23249231754625,0,28.5497560871098,27.3,189.4,116.6,3,5.8
2018-08-09 15:49:34.400,198.3,33.7000796227372,1.91145835061978,1.95464370534824,1.36149957708378,397.937607698157,406.928060511275,1.39225959104103,159.3,140.510272072411,22093.4469753561,1.2,72.8,43.76625,-79.4944183333333,987.6,6.50842780228451,7.23443198077301,0.1,28.5519708272146,27.3,193.5,128.4,3,5.5
2018-08-09 15:49:35.400,198.1,33.705153755262,1.90979715375788,1.95290782073435,1.51508189458473,397.933218205388,406.915893576173,1.5492810718588,175,140.473211665977,22075.1300544368,1.2,71.5,43.7662483333333,-79.4944166666667,987.6,6.51077900301466,7.23248747009117,0,28.554285647498,27.3,196,119.7,2.4,4.6
2018-08-09 15:49:36.400,198.1,33.7009628234768,1.90845036185832,1.95168146667259,1.44009734250126,398.415917643438,407.440938510539,1.47271371352681,83.1,140.514267598195,22150.5041090586,1.2,71.7,43.7662483333333,-79.494415,987.6,6.51406185775346,7.23040722335305,0.1,28.5563355192837,27.3,191.1,118.7,2.9,5.8
2018-08-09 15:49:37.400,198.1,33.6953744887538,1.91073600738787,1.95423250254284,1.53726491479229,398.03087335253,407.091787354808,1.57226398645854,71.5,140.486820601136,22257.6033002955,1.2,67.6,43.7662483333333,-79.494415,987.6,6.50984674242603,7.23607050881251,1.2,28.5589225215941,27.3,184.6,115,3.1,6.1
2018-08-09 15:49:38.400,198.1,33.6941758434199,1.91217842675918,1.9555456541898,1.66363385318773,397.676588651744,406.695825564904,1.70136152680458,70.9,140.493639977619,22176.6581151288,1.2,64.4,43.7662466666667,-79.4944133333333,987.6,6.50584113638315,7.23491067153981,2,28.5610029727843,27.3,183.4,111.1,2.3,4.3
2018-08-09 15:49:39.400,198.3,33.6966392852886,1.91154263340841,1.95498290310517,1.44761153554419,397.635032833686,406.671329416047,1.48050098103568,67.3,140.517826969676,22220.2042284126,1.2,60.2,43.7662466666667,-79.4944116666667,987.5,6.50623276951796,7.23324774313429,2.7,28.5630355114538,27.3,184,84.5,1.9,2.2
2018-08-09 15:49:40.400,198.3,33.7008445070373,1.91005191958175,1.95367366973875,1.30302816249435,397.823224644468,406.908731853292,1.33278543884164,67.2,140.479718366514,22328.1205195656,1.2,55.9,43.76625,-79.4943933333333,987.6,6.50751227590417,7.22792950522659,4.4,28.5657084821397,27.3,181.9,49.2,0.5,1.4
2018-08-09 15:49:41.400,198.4,33.6954080919455,1.90917566361554,1.95281596835351,1.4489108210073,398.011653284321,407.10948590277,1.48203023444484,73.2,140.522507115957,22347.3425613156,1.2,68.1,43.7662533333333,-79.4943683333333,987.5,6.51272247900385,7.22977786602785,6.1,28.5673498420678,27.3,153.4,41.9,0.6,2.9
2018-08-09 15:49:42.400,198.5,33.694736574497,1.9087392592295,1.95243527383281,1.60210161460095,398.068423862098,407.181268665632,1.6387792447679,65.1,140.51913604155,22380.2055047619,1.2,59.1,43.7662666666667,-79.4943383333333,987.6,6.51456601838378,7.23268241919686,7.7,28.5698794640439,27.3,162.8,24.6,1.3,4.4
2018-08-09 15:49:43.400,198.8,33.699896020191,1.90623734234793,1.95000957575316,1.51711815627187,398.991883330631,408.153881135441,1.55195324437298,55.5,140.49169819024,22447.396556613,1.2,49.9,43.7662833333333,-79.4943116666667,987.6,6.51224306258838,7.22640963180687,8.1,28.5723792182815,27.3,173.2,4.3,0.2,4.6
2018-08-09 15:49:44.400,198.8,33.7042508951388,1.90688877254282,1.95077622638469,1.46743059460818,398.37928843546,407.548223867703,1.50120409994483,50.8,140.525081536748,22497.7528387869,1.2,45.7,43.7663033333333,-79.494285,987.6,6.51037575146951,7.22865290247342,9,28.5744346744903,27.3,107.7,3.7,0.3,5.1
2018-08-09 15:49:45.400,198.7,33.7136372485417,1.90755569034669,1.95153502783627,1.5320600347344,397.448554822618,406.611951169359,1.5673832411834,51.2,140.484324528445,22535.9763846677,1.2,47.2,43.7663216666667,-79.4942516666667,987.7,6.5119706477388,7.23145255408428,10,28.5764284372396,27.3,71.9,3.9,0.3,5.4
2018-08-09 15:49:46.400,199.8,33.7241845701819,1.90762825467212,1.95167628355431,1.43667208948403,397.582507425011,406.762992661199,1.46984510205122,52.1,140.467799490314,22569.6144750742,1.2,51,43.7663466666667,-79.49421,987.6,6.51358108698805,7.23133720183386,11.1,28.5791888124407,27.3,319.9,354.6,0.1,5
2018-08-09 15:49:47.400,200.8,33.7285761035882,1.90733146688134,1.9514597702724,1.23848162875745,397.314743206875,406.507110350436,1.26713373583852,49.1,140.496758518549,22613.0526639673,1.2,47.3,43.7663683333333,-79.4941716666667,987.6,6.51366197853974,7.23355208900868,11.6,28.5806625132422,27.3,201.2,3.5,0.4,4.9
2018-08-09 15:49:48.400,201.3,33.7368395795185,1.91048726591526,1.95466917608896,1.68125990768192,397.003425183816,406.184433868677,1.72013786983129,48.9,140.478661980596,22603.0030872965,1.2,47.9,43.7663916666667,-79.494135,987.5,6.50746202499336,7.22714267186891,12.5,28.5830122152045,27.3,239.1,2.7,1.8,3.5
2018-08-09 15:49:49.400,201.9,33.7406717625169,1.91036546408336,1.95473606488939,1.60687783223825,396.538827096691,405.748960049712,1.64419463307661,50.5,140.487296912102,22699.0878058928,1.2,52.1,43.7664133333333,-79.4940933333333,987.6,6.50835405326236,7.23503649461823,12.7,28.5853029902336,27.3,157.7,32.2,1.8,7.5
2018-08-09 15:49:50.400,202.2,33.7450126058495,1.90968515443561,1.95393364244395,1.46276630098693,398.103945480344,407.328314732907,1.49666149241558,54.4,140.514905183762,22646.1326326025,1.2,54.4,43.7664316666667,-79.4940483333333,987.7,6.51097201907461,7.22888163242916,13.1,28.5870488399375,27.3,149.3,39.8,2.1,7.6
2018-08-09 15:49:51.400,202,33.7527368126213,1.9103271058205,1.95469648484489,1.61015003764217,399.193318953817,408.465131443753,1.64755174829806,55.5,140.468496827611,22699.2685546524,1.2,56.7,43.7664466666667,-79.494005,987.6,6.50921131779543,7.22058405604553,13.1,28.5892754418896,27.3,168.4,45.2,2.5,7.2
2018-08-09 15:49:52.400,201.2,33.7501047475615,1.90898005956624,1.9531179057352,1.44302706915196,399.553090352543,408.791218083161,1.47639832770688,55,140.517609410664,22598.6261626865,1.2,57,43.766465,-79.4939666666667,987.6,6.51353737338757,7.22861137536231,13.1,28.59163768997,27.3,181.8,47.7,2.9,5.7
2018-08-09 15:49:53.400,200.7,33.7491751511525,1.90966446166927,1.95394276297206,1.38290046681761,399.532014093631,408.795724824625,1.41496490165225,54.5,140.504661321117,22660.91822488,1.2,55.7,43.7664833333333,-79.4939283333333,987.6,6.51336848627633,7.23441341103501,13.3,28.5943942642806,27.2,163.1,32.3,2.1,7.7
2018-08-09 15:49:54.400,200.5,33.7537098445934,1.9092452267611,1.95376164314159,1.35310346865764,399.926641873269,409.251329547509,1.38465218501501,55.5,140.481076981905,22784.7881928417,1.2,57.5,43.7665033333333,-79.4938883333333,987.6,6.51018923440869,7.2348881316845,13.3,28.5966204503478,27.2,153.5,26.3,2.1,7.3
2018-08-09 15:49:55.400,200.2,33.7587637248265,1.90710541953436,1.95150965621449,1.50427393814302,400.023686762082,409.337548510505,1.53929695323865,56,140.519119024732,22753.5181962139,1.2,59.6,43.76652,-79.4938516666667,987.7,6.51371190791771,7.23260050664603,13.3,28.5985229369243,27.1,150.9,18.8,1.3,7.5
2018-08-09 15:49:56.400,200.2,33.769080231374,1.9086351489295,1.95324281275493,1.60741840931809,398.683513800187,408.001245879264,1.64498738800881,53.7,140.465261673938,22837.584597797,1.2,57,43.7665383333333,-79.493815,987.7,6.5136750341771,7.23537237481917,13.3,28.6007677930681,27.1,147.5,23.9,1.3,8.1
2018-08-09 15:49:57.400,200.1,33.7714338615296,1.91147712218439,1.95607593842616,1.47441715960085,399.488336719819,408.809197483306,1.50882012834565,50.3,140.491892545398,22799.9196063279,1.2,53.7,43.7665616666667,-79.4937816666667,987.7,6.51267319347856,7.22775479406188,13.3,28.6028996893916,27.1,149.7,32.5,2.4,7.4
2018-08-09 15:49:58.400,200,33.768922378182,1.90969883163424,1.95445206075311,1.76872775321759,399.429915196296,408.790527174381,1.81018584300476,46.4,140.507677755244,22898.1713910156,1.2,49.4,43.7665866666667,-79.49375,987.8,6.51195011035203,7.23006963211852,13.5,28.604766538578,27.1,169.3,25.2,1.2,6.9
2018-08-09 15:49:59.400,199.9,33.7726415187686,1.90696523697903,1.9517024511312,1.70185629404344,398.773352466595,408.128576240507,1.74178138333704,44.1,140.463887413452,22922.0997156418,1.2,50.1,43.766615,-79.49372,987.8,6.51419566018766,7.23140190928887,13.8,28.6072281913253,27.1,167.9,41.6,2.5,5.9
2018-08-09 15:50:00.400,199.7,33.7725566900792,1.90744630992081,1.9522822367921,1.69112838704983,398.387942409698,407.752172995836,1.73087869041419,42.7,140.518193795447,22965.5756115454,1.2,48.3,43.76664,-79.4936883333333,987.7,6.51556730992081,7.23142767127129,14,28.609072807307,27.1,145,18.3,1.6,7.7
2018-08-09 15:50:01.400,199.2,33.7767433088597,1.90822102997901,1.95325940673945,1.6188321673532,398.049846047226,407.444579222201,1.65703777650921,41.5,140.499942393058,23057.7156415537,1.2,45.5,43.766665,-79.493655,987.7,6.5149141157659,7.22960308794632,14.2,28.6114717658769,27.1,152.2,11.5,0.9,7.5
2018-08-09 15:50:02.400,199.1,33.7856539978306,1.90756424603873,1.95243750693343,1.73910966233509,397.867690929682,407.227035010227,1.78001775301437,42.9,140.489843516218,22983.1541427594,1.2,44.1,43.7666916666667,-79.49362,987.7,6.51277628501119,7.23306224751044,14.8,28.6135773705537,27.1,183.5,7.5,0.6,7.1
2018-08-09 15:50:03.400,199.1,33.7901558447591,1.90779057873202,1.95294421764518,1.53867397341541,398.593433106986,408.027189826219,1.57508468203381,43.4,140.519383089247,23120.3931823266,1.2,42.3,43.7667216666667,-79.4935833333333,987.7,6.51726646333513,7.22950624429716,15.3,28.6155835813704,27.1,181.1,5.1,0.6,7
2018-08-09 15:50:04.400,199.1,33.7935388496951,1.90950419777164,1.9546847801555,1.4077194592425,398.525621324371,407.955171473626,1.44102806672629,42.8,140.494440622242,23114.1430367891,1.2,42.1,43.76675,-79.493545,987.7,6.51197301959241,7.23324064422939,15.5,28.6182690414126,27.1,208.6,3.4,1.2,6.2
2018-08-09 15:50:05.400,199,33.7952482953269,1.90893895889425,1.95418916840358,1.58121632197954,400.436833249613,409.929012930286,1.61869942662038,42.8,140.520363278031,23155.5869979657,1.2,42.1,43.7667816666667,-79.4935083333333,987.8,6.51186254464935,7.22883498349012,15.9,28.6200859515573,27.1,186.4,3.7,0.5,8.2
2018-08-09 15:50:06.400,199,33.7932824002517,1.90824088966394,1.95330616360679,1.65910617428047,401.138956213571,410.612405337044,1.69828776617475,43.3,140.509063137923,23071.5226890516,1.2,43.4,43.766815,-79.49347,987.8,6.51656769931432,7.22408480908645,16.1,28.6225424413443,27.1,152.6,5.5,0.3,8.7
2018-08-09 15:50:07.400,199,33.7916991024877,1.90991053246267,1.95518241465034,1.66109249421921,401.480561616918,410.997166931158,1.70046610594425,44.9,140.470574356791,23154.943375845,1.2,44.4,43.7668433333333,-79.4934283333333,987.7,6.51244701619302,7.22196904386249,16.4,28.6247656350355,27,130.9,5.4,0.5,8.8
2018-08-09 15:50:08.400,199.1,33.7867336495757,1.91186354083638,1.95718588625941,1.56429530306807,401.732941249457,411.256306707154,1.60137780036743,45.9,140.49645445697,23156.7447669817,1.2,47,43.7668733333333,-79.493385,987.9,6.51089098393211,7.22623633288975,16.6,28.6267294499637,27,137.4,4.4,0.4,9
2018-08-09 15:50:09.400,199.2,33.7843682133648,1.90929095510863,1.9543563506135,1.61516441649923,403.268888199384,412.787299227252,1.6532862868622,47.5,140.490128900207,23059.0372873583,1.2,50.3,43.7669016666667,-79.4933416666667,987.8,6.51363771027946,7.22348189823103,16.6,28.6293296571777,26.9,137.9,3.1,0.3,9.6
2018-08-09 15:50:10.400,199.5,33.7853264931717,1.9081269259137,1.9530598904165,1.30609550594177,403.025693597847,412.516247501485,1.3368534226716,49.2,140.504645717444,23006.4096439733,1.2,51.4,43.76693,-79.4932966666667,987.8,6.51816052827432,7.22783911916192,16.6,28.6315074823041,26.9,90.6,4,0.6,9.9
2018-08-09 15:50:11.400,199.7,33.7869908971372,1.90938095067755,1.95445213566244,1.65476124509136,402.869041651351,412.378850344849,1.69382519189986,51.3,140.519637622192,23060.8611636085,1.2,51.6,43.7669516666667,-79.4932516666667,987.8,6.51569910906514,7.22816034421669,16.6,28.6335494576493,26.9,68.7,2.8,0.6,9.7
2018-08-09 15:50:12.400,199.8,33.7898777644811,1.90874998530992,1.95347357955333,1.12182091056969,402.823525651499,412.262155977547,1.14811990806163,52.6,140.496387923086,22894.7188388869,1.2,54.3,43.766975,-79.4932016666667,987.8,6.5138238657351,7.22934361043831,16.8,28.6358724543175,26.9,90.6,8.5,0.8,10.4
2018-08-09 15:50:13.400,199.7,33.7916891301204,1.9083729470708,1.95322448806627,1.51718652879186,402.693213912808,412.157505753167,1.55284795196296,53.3,140.517816108884,22962.8354862303,1.2,52.6,43.7670016666667,-79.493155,987.7,6.51405955697287,7.22970351462951,16.8,28.6377468610692,26.9,105.9,8.8,1.1,9.8
2018-08-09 15:50:14.400,199.4,33.7952045481099,1.90955380167331,1.95430798340297,1.66350723195234,402.430009111387,411.861848792579,1.70249472905978,54.1,140.505469006781,22900.4494502363,1.2,48.5,43.7670233333333,-79.4931083333333,987.7,6.5155529044142,7.23063537671661,16.6,28.6398756015578,26.9,122.7,9.7,1,9.7
2018-08-09 15:50:15.400,198.9,33.8047183899409,1.90864570841255,1.95339323614061,1.70420285138811,402.834976205566,412.279375132146,1.74415777088399,54.1,140.468338282808,22907.7564400044,1.2,56.1,43.7670433333333,-79.4930616666667,987.7,6.51370988372995,7.23059949195052,16.6,28.642632754908,26.9,169.7,9,0.7,8.6
2018-08-09 15:50:16.400,198.5,33.8057900908677,1.90992405321405,1.95468111855367,1.75854054658322,403.79529549326,413.257866371549,1.79974954527666,54.9,140.497028688655,22897.3901039334,1.2,56,43.767065,-79.4930133333333,987.8,6.51173227781458,7.23244367501934,16.6,28.6437655993012,26.9,140.4,9.6,0.4,9.5
2018-08-09 15:50:17.400,198.2,33.8141737440259,1.91116625898667,1.95590125859012,1.55798445011155,403.842659175182,413.295366975323,1.5944523262498,57,140.502968045999,22871.7359783913,1.2,54.2,43.7670833333333,-79.492965,987.7,6.51258837797151,7.22756571260105,16.4,28.6464544447305,26.9,110.1,13.7,1.2,10.2
2018-08-09 15:50:18.400,197.7,33.8273369755519,1.91102412411218,1.95566440870709,1.53977682168818,404.002390867589,413.439668471242,1.57574502711022,60.1,140.490931597912,22826.2397938396,1.2,67.2,43.7671,-79.4929166666667,987.8,6.51628366256772,7.22191514344914,16.6,28.6484219257927,26.9,164.2,13.5,1.4,8.3
2018-08-09 15:50:19.400,197.2,33.8334167020928,1.90803654034415,1.95261061329555,1.81159154612094,402.593413339155,411.998551273885,1.85391326695444,65,140.522644997161,22828.0757247959,1.2,73.3,43.767115,-79.4928666666667,987.8,6.51704798239091,7.23217646323853,16.4,28.6520157688187,26.9,174.3,11.8,1.2,8.6
2018-08-09 15:50:20.400,196.9,33.8391000573429,1.90791811058009,1.95227244633474,1.74079097518732,402.98117622077,412.349554917142,1.78126060913645,69.6,140.487810322102,22719.5355519877,1.2,74.4,43.7671283333333,-79.4928166666667,987.8,6.52097189219001,7.22701659380912,16.2,28.6543722765929,26.9,237.9,22,1.2,7.5
2018-08-09 15:50:21.400,196.5,33.8418019496106,1.90828775721119,1.95275331946132,1.52565038581537,402.2624761246,411.635697565652,1.56119839062764,73.3,140.506102104126,22770.758890116,1.2,74,43.767135,-79.492765,987.8,6.51639123117973,7.22509026049098,16.1,28.6565339885095,26.9,191.8,45.9,3.1,6.7
2018-08-09 15:50:22.400,196.2,33.844684764977,1.90828056040411,1.95270501922271,1.60923775609408,401.814617833772,411.168691904217,1.64669987283223,75.2,140.513406833167,22749.9194092999,1.2,73.7,43.7671416666667,-79.492715,987.7,6.51227419419284,7.22424774042408,15.9,28.6589755703652,26.9,176.2,52,4.4,11.9
2018-08-09 15:50:23.400,196.1,33.8551145133884,1.9114189203404,1.95599093146446,1.60355221909124,401.466563152222,410.828195034902,1.64094520574238,75.7,140.461383620485,22787.2897373588,1.2,73.3,43.7671516666667,-79.492665,987.8,6.50817258480118,7.22808128700066,15.3,28.6611432772605,26.9,177.8,36.2,3.8,9.4
2018-08-09 15:50:24.400,196.3,33.853844273524,1.90881059205679,1.95323090575902,1.38409428002218,401.93121116545,411.284600714494,1.41630422303776,76.4,140.523542700532,22741.9350195228,1.2,79.7,43.76716,-79.4926166666667,987.8,6.51697708267087,7.22255992508145,14.6,28.6635455445316,26.9,182.4,25.3,2,7.6
2018-08-09 15:50:25.400,196.6,33.8583237158955,1.90801851964252,1.95241608107405,1.44029710281292,401.845862541008,411.196443636674,1.47381259946727,77.3,140.500607837592,22740.0790452858,1.2,80.6,43.7671683333333,-79.4925733333333,987.8,6.51726337428769,7.2293812733339,13.5,28.6653154163789,26.9,200.6,0.4,1,6.5
2018-08-09 15:50:26.400,196.7,33.8620052606801,1.90907401236628,1.95346616954343,1.705964810324,401.490623635305,410.8264983103,1.74563364137253,78.8,140.473358187242,22724.602023819,1.2,82.2,43.7671733333333,-79.49253,987.8,6.51646005997157,7.22852995619829,12.9,28.6679270104645,26.9,214.8,14.9,0.4,8
2018-08-09 15:50:27.400,196.4,33.8603372721793,1.91136744486411,1.9557584759903,1.48879180957298,401.424555516801,410.747553931962,1.52336875853993,78.7,140.499822241599,22697.5625461913,1.2,83,43.7671783333333,-79.49249,987.9,6.51316405087243,7.22541107464502,12.2,28.6697055291773,26.9,129.3,16.6,2.7,11.1
2018-08-09 15:50:28.400,196.3,33.8633697307762,1.9141674864783,1.95852071234029,1.6634709029304,400.714389627049,409.999409202561,1.70201465532701,78.6,140.495663448264,22646.2379402044,1.2,80.9,43.767185,-79.4924533333333,987.7,6.50823262744269,7.22596675172562,11.4,28.6721523620744,26.8,141.1,21.3,1.9,8.8
2018-08-09 15:50:29.400,196.4,33.8682830170959,1.91201090961234,1.9564229492939,1.44720652455789,401.034905719112,410.350201945506,1.4808224904221,79.4,140.495401574293,22700.7026532646,1.2,82.2,43.7671883333333,-79.4924166666667,987.8,6.51043231143711,7.22540236704048,10.3,28.6739032370272,26.8,178.9,0.4,0.6,4.6
2018-08-09 15:50:30.400,196.3,33.8685863713411,1.91152127309467,1.9557876238346,1.62726968429085,401.612332114287,410.912679809702,1.66495318517146,81,140.517249755528,22633.4917530396,1.2,84.9,43.76719,-79.4923866666667,987.8,6.51674245459362,7.2257020460917,9.4,28.676528349306,26.8,271,343.4,1.5,2.5
2018-08-09 15:50:31.400,196.2,33.87173,1.91103,1.955159,1.6719,401.6586,410.9336,1.710507,82.2,140.496,22570.38,1.2,87.5,43.7671933333333,-79.49236,987.8,6.516451,7.23057,8.5,28.67849,26.9,270.6,29.3,1.8,2.8
2018-08-09 15:50:32.400,196.4,33.8738367622494,1.91136570370422,1.95563449820862,1.56651167964614,402.12543488722,411.439124493015,1.60279434989345,82.7,140.522482198368,22636.762700222,1.2,87.6,43.7671966666667,-79.4923333333333,987.8,6.5188767299918,7.23020870011892,7.9,28.6807838112341,27,186.4,42.5,2.1,4.8
2018-08-09 15:50:33.400,196.6,33.8787126829344,1.91331004174407,1.95761057029855,1.44727712320448,402.022166349222,411.330659066841,1.4807868104895,81.5,140.507545151671,22630.1128901327,1.2,83.2,43.767195,-79.4923083333333,987.9,6.51482529520477,7.22783087279025,7.4,28.6833594556851,27,201,28.6,1.2,4.3
2018-08-09 15:50:34.400,196.6,33.8861625235485,1.91398769532328,1.95828771100772,1.66013926700427,402.025026283135,411.329981178673,1.69856326448274,80.9,140.46763208291,22621.6725335134,1.2,81,43.7671983333333,-79.49229,987.8,6.51549036214593,7.2271443360456,6.4,28.6858903183682,27,182.5,57.3,2,6
2018-08-09 15:50:35.400,196.6,33.881,1.915338,1.959578,1.688277,402.8665,412.172,1.727273,79.9,140.5036,22576.54,1.2,81.6,43.7671983333333,-79.4922733333333,987.9,6.510037,7.22851,5.1,28.6879,27,156.3,45.7,2.8,7
2018-08-09 15:50:36.400,196.3,33.88414,1.910377,1.954135,1.423148,405.7362,415.0298,1.455746,79.4,140.4907,22392.69,1.2,83.3,43.7672,-79.4922666666667,987.8,6.520573,7.230806,3.1,28.69045,27,174.8,78.9,2.8,7.2
2018-08-09 15:50:37.400,195.7,33.88997,1.911938,1.955975,1.415052,405.7772,415.1231,1.447643,78.9,140.496,22513.64,1.2,84.9,43.7672016666667,-79.4922666666667,987.9,6.512651,7.224661,1.2,28.6922,27,200.9,117.7,3.7,5.7
2018-08-09 15:50:38.400,194.9,33.8884832333722,1.91236506434465,1.95615003953564,1.57762883811905,405.280576185414,414.559852671236,1.61375035856445,82,140.515176090465,22383.6096033496,1.2,80.9,43.7672033333333,-79.4922666666667,987.8,6.51304777998179,7.23061044138286,0.5,28.6942991902974,27,211,122.8,3,5
2018-08-09 15:50:39.400,194.2,33.8905648308894,1.91594059044773,1.95984719386008,1.51785578453223,404.857442980707,414.135203820778,1.55263880996775,90.5,140.476786331373,22402.6692088508,1.2,77,43.7672016666667,-79.4922666666667,987.9,6.50718372342158,7.22877780824939,0.3,28.6967891349871,27.1,200.9,127.7,2.6,4.6
2018-08-09 15:50:40.400,194.1,33.8902800142797,1.91153273324422,1.95529278211994,1.71630113419733,405.184948834114,414.460834023184,1.75559128680714,98.7,140.525787204467,22380.5678459679,1.2,74.9,43.7672,-79.492265,987.9,6.51827810801798,7.22234674768633,0.1,28.6986596979612,27.1,225.6,168.1,2.1,3.8
2018-08-09 15:50:41.400,194.5,33.8929751158014,1.91260267866239,1.95660946862716,1.48613103673254,404.647491594418,413.957998591303,1.52032493887376,102.1,140.50021264941,22491.378768468,1.2,73.3,43.7672,-79.492265,987.9,6.51351525023735,7.22191542593153,0.1,28.7012140176852,27.2,222.2,121.5,1.7,3.6
2018-08-09 15:50:42.400,194.8,33.8973097489655,1.91316374994431,1.95705849438058,1.48692212297926,404.153100018901,413.42582316618,1.52103746835244,140.3,140.503568789783,22428.9764680354,1.2,73,43.7671983333333,-79.4922616666667,987.9,6.51039435154945,7.22493281161278,0,28.7029721820894,27.2,180.7,113.2,1.7,4.7
2018-08-09 15:50:43.400,194.8,33.902855663827,1.91248526623244,1.95619047477358,1.47962220684381,403.913623749502,413.144098331887,1.51343578165184,78,140.534305924073,22341.998031526,1.2,73.5,43.7671983333333,-79.4922616666667,987.9,6.5172517942186,7.22754307456543,0.7,28.7047257998842,27.2,198,128.1,4,6.9
2018-08-09 15:50:44.400,194.6,33.9096322712146,1.91203772115302,1.95580753317581,1.63363977329121,403.38257338431,412.616648575192,1.67103614300797,78.4,140.490371254976,22379.2716743707,1.2,69.1,43.7671983333333,-79.4922633333333,987.9,6.51602736229631,7.22760026390009,2.2,28.7077597591145,27.2,206,124.7,2.8,4.3
2018-08-09 15:50:45.400,194.6,33.9180053633523,1.91272795394406,1.95649229730289,1.58055479193315,403.691463289424,412.928137739555,1.61671901103718,79.3,140.497758002185,22368.8229742176,1.2,69,43.7671983333333,-79.4922583333333,987.8,6.51396919079109,7.2299348070236,3.5,28.7097049580769,27.3,174,79.7,1.7,4
2018-08-09 15:50:46.400,194.7,33.9222860667966,1.91368298936724,1.95741516182818,1.65398277607373,405.146929639077,414.405501650016,1.69178044429471,78.8,140.494520122654,22341.9855501585,1.2,69.8,43.7672016666667,-79.4922333333333,987.9,6.51704989363164,7.22924959397551,5.3,28.7122992583598,27.3,147.8,43.3,2.1,5
2018-08-09 15:50:47.400,195.1,33.9213646346625,1.91375549684065,1.95749296160932,2.03368556923137,405.14235318126,414.401655456417,2.08016860670643,84.2,140.488527433124,22343.876550943,1.2,72.5,43.7672033333333,-79.4922033333333,987.9,6.51224963867151,7.22509457643032,7,28.7140562644105,27.3,111,22,2.9,10.1
2018-08-09 15:50:48.400,195.4,33.9247439325288,1.91193850420059,1.95540907477688,1.59125046669621,404.188754475957,413.378649438238,1.62742979943216,92.6,140.513971975493,22231.223895078,1.2,84.3,43.7672016666667,-79.4921716666667,987.9,6.51477177034648,7.22880506583981,7.9,28.7163754639096,27.3,155.5,52.5,4.6,10.2
2018-08-09 15:50:49.400,195.6,33.9347006394307,1.91339763924634,1.95698211361675,1.63703866577388,404.471957294841,413.685365333138,1.67433005101777,93.7,140.509653132505,22271.3558781754,1.2,87,43.7672,-79.4921333333333,987.8,6.51641198925556,7.22316176525447,9.4,28.7183219082875,27.2,173.8,49.2,3.9,8.4
2018-08-09 15:50:50.400,196.3,33.9442295485534,1.91325224882132,1.95695646347197,1.85392908191278,403.781575286532,413.005089062112,1.89628140831346,92.4,140.494419323925,22332.7401395861,1.2,88.4,43.7672,-79.49209,987.8,6.51704340957654,7.2250918661323,10.3,28.721293547283,27.1,184.4,47.5,3,7.9
2018-08-09 15:50:51.400,197,33.949379682431,1.90941568200144,1.95274733279937,1.65956673132397,404.08265878448,413.252768313005,1.69722771513243,95.8,140.531425401148,22190.1573098383,1.2,89.7,43.7671966666667,-79.4920466666667,987.9,6.51613111131661,7.21436896761691,10.9,28.7228492060776,27,184.3,48.4,3,8
2018-08-09 15:50:52.400,197.5,33.950348923994,1.91371267831101,1.95702963680744,1.76578183385246,403.63324202418,412.769459778111,1.80574905871101,94,140.495293390297,22134.0044727887,1.2,95.3,43.767195,-79.4920016666667,987.9,6.51496417197527,7.2196635955555,11.6,28.7252229077661,26.9,194.4,46.2,3.4,7.5
2018-08-09 15:50:53.400,198.1,33.9508748447737,1.91309879553588,1.95657583530581,1.62873882188854,403.467405117397,412.636657409102,1.66575537305307,96.4,140.487046407404,22220.9898346897,1.2,97.9,43.767195,-79.49196,987.8,6.51956951049518,7.22134902349463,12,28.7270807850313,26.9,196,44.2,2.7,7.8
2018-08-09 15:50:54.400,198.6,33.9482226275956,1.91292159037922,1.95621912001657,1.51272715181284,402.788842467728,411.905693367271,1.54696652236534,94.3,140.500068033352,22133.4187084635,1.2,97.9,43.7671966666667,-79.491915,987.9,6.51935021627506,7.22547712853634,12.9,28.7295440341805,26.8,193.2,37.6,2.7,8.6
2018-08-09 15:50:55.400,198.6,33.9448127193329,1.91316236447641,1.95641555251112,1.83113092138855,402.671958635935,411.775660852533,1.87253515938435,91,140.484381389374,22108.448897215,1.2,90.3,43.7671983333333,-79.4918683333333,987.8,6.51386097231646,7.22730018697006,13.7,28.7314684089199,26.8,206.5,46.3,2.8,6.9
2018-08-09 15:50:56.400,198.8,33.9428814771622,1.91198099375592,1.95494128918837,1.52275925322525,402.858463217539,411.910150146595,1.55697614637361,88.3,140.515226089245,21974.9585469669,1.2,85.5,43.7672033333333,-79.4918133333333,987.9,6.52487441567894,7.22280367853095,14.6,28.7336857024618,26.9,213.9,38.4,2.6,6.8
2018-08-09 15:50:57.400,198.7,33.9440660315381,1.91490464020393,1.9580708672174,1.77477918691166,402.552813885368,411.627282331309,1.81478681248082,86.5,140.5061056989,22045.3468957179,1.2,84,43.7672083333333,-79.49176,987.9,6.51881949978404,7.2225919186944,14.8,28.7355391508364,26.9,200.2,28.4,2,6.4
2018-08-09 15:50:58.400,199.1,33.9449134711871,1.91652933576481,1.95963522281565,1.77096862690044,402.226475412765,411.273035738159,1.81080021154413,87.9,140.461169474485,21996.5428945481,1.2,95.2,43.7672066666667,-79.4917066666667,988,6.51184210101168,7.22262376508834,14.8,28.7360825199962,26.9,213.5,38.6,2.3,6.5
2018-08-09 15:50:59.400,198.7,33.944938109271,1.91495881767176,1.9580619539956,1.72694291647493,402.779478590916,411.845509410512,1.76581688026112,85.3,140.534227379441,22013.1013713779,1.2,91.4,43.76721,-79.4916583333333,987.9,6.51603167143442,7.2196103104894,14.8,28.739383573692,26.9,232.2,41.4,3,3.5
2018-08-09 15:51:00.400,198.2,33.9500596868014,1.91603485562984,1.95906286817913,1.38440126442138,402.118244793807,411.14870044232,1.41549018341127,82.5,140.514521963921,21963.9432831966,1.2,83,43.7672166666667,-79.491605,987.8,6.51544536843257,7.21864558129024,15.3,28.740637405947,27,236.2,27.8,2.5,5
2018-08-09 15:51:01.400,198.3,33.9600856834342,1.91535297675068,1.95830847969237,1.77358410446261,402.517950674553,411.545147843944,1.81336154027829,77.6,140.486961907221,21935.0069569829,1.2,75.5,43.76723,-79.4915533333333,987.8,6.51951635040005,7.21540185374205,15.7,28.7423630271953,27,222.9,23,2.2,5.7
2018-08-09 15:51:02.400,198.2,33.9630507450326,1.91304321772982,1.95585296286719,1.62889214499479,402.805376490602,411.819381188291,1.66534414499479,74.9,140.55360687233,21888.3768071583,1.2,66,43.7672433333333,-79.4915,987.9,6.52129005663571,7.22437841276268,15.9,28.7445518766992,27.1,236.2,9.2,1.3,5.6
2018-08-09 15:51:03.400,198.3,33.9717714398024,1.91327737080942,1.95610510449026,1.62613275523661,403.858616332517,412.898760600561,1.66253283615106,73.4,140.441484283099,21894.2535355164,1.2,57.4,43.7672583333333,-79.4914433333333,987.9,6.51779798298041,7.22248566098075,16.4,28.7473042183003,27.1,247.1,5.1,1.9,5.2
2018-08-09 15:51:04.400,198.5,33.9838900593605,1.91394186996001,1.95674034392266,1.59849187016232,402.877161111243,411.886066021908,1.63423781773552,73.8,140.523832076532,21872.2511141023,1.2,66.9,43.7672683333333,-79.4913883333333,987.9,6.51912774870672,7.22328592697308,16.2,28.7493657229335,27.1,201.2,23.2,1.3,8.3
2018-08-09 15:51:05.400,198.3,33.9929326378829,1.91397790405953,1.95667535944073,1.55257925188652,403.598054787719,412.601670050102,1.58721901797606,73.8,140.491956194906,21821.4340531061,1.2,71.7,43.7672783333333,-79.4913366666667,987.9,6.51942613002493,7.22008590300935,15.9,28.7517407631192,27.1,170.8,17.8,2.2,8.3
2018-08-09 15:51:06.400,198.4,34.0002910684801,1.9140885113319,1.95694149861271,1.77687079762173,403.907918987227,412.950628224416,1.81665379157763,73,140.442419412542,21897.8101826835,1.2,75,43.7672883333333,-79.4912866666667,987.8,6.51500694546707,7.2244294706441,15.1,28.7543747338466,27,195.2,26,1.5,7.4
2018-08-09 15:51:07.400,198,34.0041703806769,1.91648190080989,1.95925867294416,1.66914470078195,403.323601541571,412.325916141679,1.70640240138241,72.6,140.486950437164,21832.9831113338,1.2,71.2,43.7672966666667,-79.4912416666667,987.8,6.50755271402586,7.22390210325128,14.4,28.7558481735768,26.9,185.9,35.5,2.4,7.3
2018-08-09 15:51:08.400,197.6,34.0163727505188,1.91656543524718,1.95956360395361,1.72281983018718,403.52703202043,412.580082937394,1.76147094146532,73.3,140.474948043686,21942.4688698853,1.2,76.3,43.767305,-79.4911966666667,987.9,6.51337061717389,7.21952791816902,13.8,28.7582320353988,26.9,193.3,38.4,2.6,6.7
2018-08-09 15:51:09.400,197,34.0203213381405,1.91526554259781,1.95818236386227,1.65518897987601,403.849466270523,412.898784144077,1.69227773979196,73.4,140.491602107438,21916.5906324931,1.2,78.3,43.7673083333333,-79.4911533333333,987.8,6.52044172957302,7.21759006219428,13.7,28.7606222180854,26.8,202,46,2.8,5.7
2018-08-09 15:51:10.400,196.5,34.0238095980289,1.91624332965176,1.95920058275951,1.63163963675536,403.704163526618,412.75414290441,1.66822084353907,73.7,140.507058206637,21925.9305085734,1.2,76.1,43.7673183333333,-79.4911083333333,987.8,6.52011312046989,7.22201814021684,13.5,28.7631582583443,26.8,215.4,43,2.7,3.6
2018-08-09 15:51:11.400,196.2,34.0271793808398,1.9165153179849,1.95956490620123,1.92819725006454,403.341577704684,412.401544942416,1.97151096866824,73.3,140.47362260356,21968.8990587886,1.2,76.6,43.7673283333333,-79.491065,988,6.51408711095899,7.221263288274,13.5,28.7651202885681,26.8,228.8,47,2.8,3.4
2018-08-09 15:51:12.400,196.5,34.0299913373058,1.91489275045209,1.95785269967151,1.72748620850662,403.880161376235,412.941092949779,1.76624575361854,72.2,140.52757774445,21942.3405156224,1.2,76.3,43.76734,-79.4910183333333,988,6.51827011565293,7.22335886778934,12.9,28.7673683693511,26.9,224.9,37.3,2.5,4.4
2018-08-09 15:51:13.400,197.2,34.0377380254491,1.91571312369385,1.95880800350691,1.94582233526007,403.228165898306,412.298986435942,1.98959651544663,71.2,140.495829446159,22000.5111505959,1.2,74.1,43.76735,-79.4909733333333,988,6.51674064800861,7.22025559548328,12.5,28.7694754269193,26.9,205.3,21.6,1.7,6
2018-08-09 15:51:14.400,197.2,34.045269482774,1.91499909241774,1.95800305415938,1.65124643030271,403.267364149905,412.323222350286,1.68832704492658,71.6,140.472990824042,21963.0070455154,1.2,74.9,43.7673566666667,-79.4909333333333,988,6.51863604821865,7.21819968731688,12.2,28.7717266985042,27,175.5,45.6,1.9,6
2018-08-09 15:51:15.400,197,34.048672576158,1.91742260272635,1.96050161116743,1.60440585465214,403.440752453778,412.504926053688,1.64045262544355,72.3,140.519868957317,21973.4112769847,1.2,74,43.767365,-79.4908966666667,987.9,6.51577181337685,7.2276365874694,11.4,28.7740991445263,27,189.5,53.2,2.8,6.6
2018-08-09 15:51:16.400,196.9,34.0553002929948,1.91984960812787,1.96297716552514,1.67903870884475,403.804865461213,412.875989732017,1.7167541418678,71.2,140.475010154396,21970.4935868734,1.2,72.9,43.7673733333333,-79.49086,987.9,6.51222418345087,7.22240892242219,10.9,28.7764237202069,27,192.3,56.6,2.9,5.6
2018-08-09 15:51:17.400,197.2,34.0584107161789,1.91667250918173,1.95961614130889,1.7754716468205,403.591572316288,412.63429569217,1.81525234668275,71.9,140.462028981265,21914.6542811126,1.2,77.5,43.7673833333333,-79.490825,988,6.51402371867648,7.22178342576263,10.9,28.7784259916308,27,201.2,37.3,2.6,4.9
2018-08-09 15:51:18.400,198.1,34.0533385035257,1.91671052007576,1.95969273129845,1.61496038544865,403.448587499039,412.496015393289,1.65118033339662,72.7,140.518737589017,21933.2170135286,1.2,77.9,43.767395,-79.4907883333333,988,6.51523024070962,7.22399810338634,11.1,28.7805298224902,27,182.8,34.1,1.5,5.4
2018-08-09 15:51:19.400,198.7,34.0584178549144,1.91632236572961,1.95938098331302,1.7864026741245,404.650119417437,413.742340488194,1.82654686862292,74.5,140.480642968175,21975.5763292461,1.2,76.8,43.7674033333333,-79.49075,987.9,6.5160087886278,7.21990672368697,11.4,28.7826410593327,27,185.3,45.7,2.4,6
2018-08-09 15:51:20.400,199,34.0635550839274,1.91784539291178,1.96078653538438,1.6056979506861,404.264950173982,413.316562705292,1.64165004631575,75.9,140.507832909635,21900.0315581822,1.2,78.7,43.7674083333333,-79.4907083333333,987.9,6.51394508897673,7.22045906568557,11.4,28.7842959938683,27,194,46.3,2.3,6
2018-08-09 15:51:21.400,198.6,34.0687119337488,1.91781478374681,1.96079905395444,1.64398889069721,403.740529718485,412.789604185999,1.68083595291547,76.5,140.519913673327,21921.8051753695,1.2,79.7,43.7674133333333,-79.4906733333333,987.9,6.51060962131176,7.21847902593491,11.4,28.7869375230124,27,191.4,44.4,2.1,5.5
2018-08-09 15:51:22.400,198,34.0743817903412,1.91633660070658,1.95928096937562,1.72193656770885,403.747969611418,412.795888339339,1.76052471140693,75.7,140.494106360447,21918.722873977,1.2,75.5,43.7674216666667,-79.4906333333333,987.9,6.51642967373335,7.22206476796194,11.8,28.7896223910491,27,207.3,32.9,2.1,4.6
2018-08-09 15:51:23.400,198.1,34.0734856229695,1.91583302009872,1.95878774559934,1.57647990977386,404.189583112494,413.251927985936,1.61182945560589,74.4,140.54018877223,21929.3732436978,1.2,72.2,43.7674316666667,-79.4905933333333,987.9,6.51552426089835,7.22039357000591,11.8,28.7919581473358,27,219.3,46.4,2.2,4.9
2018-08-09 15:51:24.400,198.4,34.0734116931568,1.91496353355143,1.95788469346352,1.26794900617695,404.635887601593,413.7052179946,1.29637175616401,74,140.487710021977,21922.1677538673,1.2,73,43.76744,-79.4905516666667,987.8,6.51850743154256,7.21840492446457,12,28.7933349854346,27,200.2,28.6,1.7,5.2
2018-08-09 15:51:25.400,198.5,34.0727013579823,1.91433434365072,1.95739511207121,1.51441685654029,404.223668794998,413.316262110952,1.54848215730223,74.4,140.479964049595,21999.0393001007,1.2,76.5,43.76745,-79.4905166666667,987.8,6.52293237079213,7.21915475907805,11.8,28.7954347315,27.1,178.8,17.7,0.6,6.1
2018-08-09 15:51:26.400,198.7,34.0709389149213,1.91595841603128,1.95906938370091,1.75221986663037,403.903722512545,412.991998608723,1.79164254822718,74.2,140.546019923511,22005.7614587155,1.2,74.2,43.767455,-79.4904816666667,988,6.51540080562204,7.21787248308806,11.2,28.7982390401988,27.2,180.6,37,1.6,5.5
2018-08-09 15:51:27.400,198.7,34.0725016160886,1.91731834216244,1.96047526319247,1.4219591315465,403.524233455157,412.607122763523,1.45396554280412,72.7,140.496005589274,22013.4042013697,1.2,73.6,43.7674616666667,-79.490445,987.9,6.51497673687579,7.22449176855934,10.9,28.8007790582249,27.2,182.8,44.5,2.1,6.9
2018-08-09 15:51:28.400,199.3,34.0704028984356,1.91531419882592,1.95835631129476,1.42779282504937,403.911310706133,412.988216040526,1.45987722437394,70.5,140.506078923864,21978.6879083781,1.2,73.4,43.7674716666667,-79.4904083333333,987.8,6.51693722522174,7.22338182886914,10.5,28.80269755852,27.2,178.6,44.7,2.4,6.2
2018-08-09 15:51:29.400,199.5,34.0675029982172,1.91646652005831,1.95970490672319,1.4249339000938,403.923534424397,413.036674538271,1.45708649930022,70,140.526938614343,22063.7366301407,1.2,75.3,43.7674816666667,-79.4903766666667,987.9,6.51635631881973,7.21993201104224,10.3,28.8037870561126,27.1,183.1,45.7,2.1,5.5
2018-08-09 15:51:30.400,199.3,34.0703775041217,1.91777308382224,1.96109596015058,1.65908638829388,403.841704081088,412.964602706958,1.69656628665433,71.4,140.496674729761,22091.27834143,1.2,69.7,43.76749,-79.4903416666667,987.9,6.51056944425451,7.21566706733201,10.3,28.8063060841879,27.1,192.2,45.2,2.2,4.8
2018-08-09 15:51:31.400,199.2,34.0736284477531,1.91670702108751,1.95996491586957,1.60414948020874,404.046608069415,413.165536874238,1.64035355406508,73,140.472340077817,22070.9766873279,1.2,71.8,43.7674966666667,-79.4903066666667,987.9,6.51683194339038,7.21912540738105,10.5,28.809253462912,27.1,166.6,43.8,2.2,6.4
2018-08-09 15:51:32.400,198.8,34.0733946405237,1.91648184750196,1.95972864548201,1.64429447660573,403.682295850174,412.791647078146,1.68139854611952,74.9,140.496536215087,22067.7639097251,1.2,73.8,43.7675016666667,-79.4902716666667,987.9,6.51526629311327,7.22251650634445,10.5,28.811370910079,27.1,170.3,37.9,2.3,7.5
2018-08-09 15:51:33.400,198.5,34.0745120869735,1.91328839046958,1.95648559068273,1.65944591157401,404.140357838413,413.264902334899,1.69690140125988,76.3,140.491584941593,22079.0529166006,1.2,74.5,43.7675066666667,-79.4902366666667,987.9,6.52216165618654,7.2186555495239,10.3,28.8133614888723,27.1,158.4,40.8,2.3,7
2018-08-09 15:51:34.400,198.5,34.0790786467545,1.91602117204951,1.95945673326387,1.37543268902225,404.309353263025,413.474814526442,1.40661260055037,78.3,140.486729089235,22166.8768249824,1.2,78.3,43.7675116666667,-79.4902016666667,987.9,6.5187197897536,7.21942942768881,10,28.8154958080343,27,168.6,46.9,2.4,8.1
2018-08-09 15:51:35.400,198.5,34.0829891081438,1.91525759145653,1.95871203396778,1.40453301916166,403.904756074684,413.068696865818,1.43639692330112,83.6,140.517870921875,22184.9441697552,1.2,86.7,43.76751,-79.4901683333333,987.9,6.51909589746454,7.21933265804988,9.8,28.8174227251361,26.9,169.6,47.6,3.1,8.4
2018-08-09 15:51:36.400,198.5,34.0927805940375,1.91651265168595,1.96012037584783,1.35651046666555,404.453487288604,413.656254002705,1.38737524738518,91.2,140.493867379288,22247.3223804456,1.2,96.2,43.767505,-79.4901366666667,987.9,6.51763113310472,7.2152538826155,9.4,28.8201717367709,26.9,160.8,39.4,3.1,9
2018-08-09 15:51:37.400,198.5,34.100547833126,1.91548661944123,1.95903447407908,1.43516725639333,404.105625094349,413.292678173527,1.46779461683616,98.5,140.493519991566,22229.0396903742,1.2,104.4,43.7674983333333,-79.4901033333333,987.9,6.52075124425508,7.21677560953938,9.4,28.8222074337164,26.8,159.1,36.8,3,9.2
2018-08-09 15:51:38.400,198.8,34.1072240079296,1.91572674449515,1.9593283656218,1.51184829663664,403.644830314919,412.831704758447,1.54625742440902,107.3,140.502313221618,22253.3523695129,1.2,111.4,43.7674883333333,-79.4900716666667,987.8,6.5164433919852,7.22266430883041,9.6,28.8243318059898,26.8,165.6,27.2,2.3,8.6
2018-08-09 15:51:39.400,198.7,34.1141320861719,1.91649011773429,1.96021192984475,1.40262087366137,404.017139730451,413.234168720163,1.43462398240949,117.7,140.470109979705,22304.5583276607,1.2,125.3,43.7674733333333,-79.4900433333333,987.8,6.51471522793208,7.21898270358025,10,28.8263226369762,26.8,149.8,14.8,1.6,8
2018-08-09 15:51:40.400,198.2,34.1142894969394,1.9174551972903,1.96113052128745,1.30620758419607,403.336376235252,412.523467288914,1.33596347158452,131.4,140.503030713732,22270.4922581522,1.2,137.3,43.7674516666667,-79.4900183333333,987.9,6.51233876406873,7.22047198475015,10.1,28.8283526798001,26.9,155.6,20.5,1.9,8.6
2018-08-09 15:51:41.400,197.6,34.1183227587276,1.91614564284043,1.95982577612576,1.51525409230707,403.422220034599,412.618482847427,1.5497965246234,142.1,140.498909549296,22287.6512427525,1.2,150.1,43.767425,-79.4899983333333,987.9,6.52000227997879,7.22242354158742,10.7,28.8306045164052,27,172.1,11.8,2.1,9.5
2018-08-09 15:51:42.400,196.8,34.1271432119756,1.91680734108661,1.96039827930494,1.4865575363532,403.961134206964,413.147713895012,1.52035939191778,151.7,140.487302748888,22235.7721731243,1.2,161.7,43.7673983333333,-79.489985,987.9,6.52060048815926,7.22001251956532,11.1,28.832834540773,27,146.7,4.7,2.3,10.4
2018-08-09 15:51:43.400,196.5,34.1298261078493,1.9170620111184,1.9606332694572,1.55769401898899,403.868877097047,413.048042797538,1.5930900706852,159.8,140.528959013647,22223.0173039266,1.2,167,43.76737,-79.4899766666667,987.9,6.51515408283089,7.22077733576458,11.6,28.8351281337369,27,172.4,9,2.2,10.5
2018-08-09 15:51:44.400,196.4,34.1364186075896,1.91745597692005,1.9612738265582,1.47132771459028,404.52522210731,413.769550905066,1.50495585131635,164.2,140.497543437869,22341.5790435257,1.2,172.9,43.7673416666667,-79.4899683333333,987.9,6.51627564196993,7.21769468965255,12,28.8371980429092,27,158.1,1.7,1.4,9.1
2018-08-09 15:51:45.400,196.4,34.1445391569441,1.91767250390688,1.96160602284586,1.50397968998899,404.402157633118,413.66693132525,1.53843674780268,166,140.485341679824,22396.7147163499,1.2,170.9,43.7673116666667,-79.48996,987.9,6.51617282522073,7.2221946130921,12.2,28.8394282918116,27,191.4,11.5,1.9,10.4
2018-08-09 15:51:46.400,196.5,34.149458255602,1.91699250174291,1.96096126541652,1.41054818605061,404.059835646233,413.327408073979,1.44290955914763,164,140.515447453119,22421.8937808929,1.2,162.3,43.767285,-79.4899466666667,987.9,6.51571835908466,7.22321280317071,12.2,28.8415255579438,27,181.7,7.7,2,10.3
2018-08-09 15:51:47.400,197,34.1541130013168,1.91612047984397,1.96023848255551,1.69868708995679,405.078685861046,414.405411029544,1.73779990019839,164.3,140.486428474032,22506.2405818146,1.2,159.5,43.767255,-79.4899333333333,987.9,6.51877652338437,7.21860944048765,12.2,28.8440254639358,27,188.7,10.7,1.8,8.6
2018-08-09 15:51:48.400,197,34.1540586518798,1.9163508271309,1.96053286940038,1.51943515888432,405.227201714046,414.569770861686,1.55447099545795,164.2,140.507435500549,22535.4467856335,1.2,163.2,43.7672283333333,-79.4899216666667,987.9,6.51774936385155,7.21961137381591,11.8,28.8460869905873,27,200,10.6,1.2,8.6
2018-08-09 15:51:49.400,196.8,34.1520214268312,1.91752900106568,1.96171964565223,1.20438838918764,405.034789310175,414.369099817254,1.23214789306997,165.1,140.51544084057,22526.4950510098,1.2,163.7,43.767205,-79.489915,987.9,6.51674311862378,7.22032219811217,11.2,28.8481056555503,27,215,14.9,1.4,8.4
2018-08-09 15:51:50.400,196.9,34.1497092689346,1.91947946740401,1.96383256255302,1.45206210066526,405.290659183141,414.655599446991,1.48561375487772,164.1,140.495107097887,22584.9333336545,1.2,164.7,43.7671833333333,-79.4899066666667,987.9,6.51133319114631,7.21653217770166,10.3,28.850439388937,27,223.4,24.3,1.4,7.3
2018-08-09 15:51:51.400,196.8,34.1482193329423,1.91867216417498,1.96303542719134,1.46454846591123,405.434934256974,414.809250436553,1.49840769858466,164.6,140.512590728917,22599.0971464141,1.2,160.5,43.7671633333333,-79.4899033333333,987.9,6.51075560662631,7.21703965647858,9,28.8526691484723,27,256.5,26.3,1.7,5.2
2018-08-09 15:51:52.400,196.9,34.1525148087692,1.91802975106583,1.96237190728663,1.55453167337282,405.116376193454,414.481981906245,1.5904721882635,163.5,140.491729516246,22595.9232272542,1.2,164.6,43.7671466666667,-79.4898983333333,987.9,6.51541623374031,7.21827987404325,7.9,28.8547850504916,27,257.3,33.3,1.3,6
2018-08-09 15:51:53.400,197.1,34.1557214627462,1.91776067641211,1.96236725652757,1.53820718298795,404.792194084634,414.207426217245,1.57398664486995,162.9,140.493467953813,22730.8397547046,1.2,159.5,43.767135,-79.4898916666667,987.9,6.51236430724126,7.21872795873823,6.6,28.8567983976906,27,269.8,32.7,1.6,4.4
2018-08-09 15:51:54.400,197.5,34.1548282110134,1.91676030854702,1.96127513266792,1.53447016042322,404.592817282991,413.98898602667,1.57010674526914,161.9,140.519263015409,22696.7265428092,1.2,162.4,43.7671266666667,-79.489885,987.9,6.51529694970862,7.22163275081785,5.5,28.8592219396681,27,239.8,21.8,0.7,3.9
2018-08-09 15:51:55.400,197.9,34.1576753818777,1.91698860761249,1.96145311021905,1.61497925159225,404.52184856723,413.904787486009,1.65244172391428,159.2,140.502286545306,22669.2555628334,1.2,149.7,43.7671166666667,-79.48988,987.9,6.51639360449632,7.21930933330548,4,28.8612761602533,27.1,245.8,53.7,0.4,2.8
2018-08-09 15:51:56.400,197.7,34.1557302729977,1.91781157246276,1.96225204019526,1.52924785139002,404.388606704166,413.759420255942,1.56468515966078,161.8,140.51018647461,22647.9202335868,1.2,142.8,43.7671183333333,-79.48988,987.9,6.51615012084962,7.22116795507208,2,28.8633174777999,27.2,317.2,135.8,0.8,0.8
2018-08-09 15:51:57.400,196.8,34.1471670692828,1.91738547330669,1.96178668940587,1.40471344318388,404.600649672872,413.970085056159,1.4372537135836,166.4,140.51796475601,22633.0960572691,1.2,142,43.767115,-79.4898816666667,987.9,6.51968157909666,7.21811600058616,1.1,28.8655658786416,27.2,332.3,179.2,1,0.3
2018-08-09 15:51:58.400,195.1,34.1463476085712,1.91717091060435,1.9614977125421,1.25124427484819,405.081611950926,414.447492757182,1.28017960596977,176.4,140.489138944491,22598.411878409,1.2,142.5,43.7671066666667,-79.489885,987.9,6.52249728434223,7.21351014219329,0.9,28.8677170496598,27.3,12,247.4,0.4,0.5
2018-08-09 15:51:59.400,194.7,34.1548992767232,1.91812683679143,1.96253874073234,1.38940851694844,408.638376605061,418.099823715891,1.4215793747748,162.7,140.482562895971,22629.9162473602,1.2,140.9,43.7671083333333,-79.4898883333333,987.8,6.52087874466968,7.21689656163125,1.1,28.8698484080035,27.3,1.1,332.8,0.4,0.6
2018-08-09 15:52:00.400,194.9,34.1625764302737,1.91833561848247,1.96267829652154,1.39913340249222,413.031315441881,422.578675458436,1.43147442865924,156.3,140.496565879431,22593.0791427636,1.2,137.1,43.7671116666667,-79.48989,987.8,6.51714434054477,7.21484397369951,1.1,28.8720834995027,27.3,93.6,0.4,0.2,0.6
2018-08-09 15:52:01.400,195.2,34.1709597398192,1.91988901938148,1.96429430539502,1.50612285081091,414.840682030655,424.435758440586,1.54095976210658,149.5,140.489789855079,22606.602035936,1.2,133.8,43.7671133333333,-79.48989,987.8,6.51299040090744,7.21694826959815,1.1,28.8742512572009,27.4,268.3,53.7,0.2,0.8
2018-08-09 15:52:02.400,195.4,34.178042047375,1.91858112657786,1.96297190432123,1.46824384697896,417.265124229285,426.919484287301,1.50221759378289,136.8,140.499690768641,22614.1649728263,1.2,126,43.7671133333333,-79.4898866666667,987.8,6.51672736737996,7.22030977867216,1.2,28.8764880029008,27.4,248.4,45.8,0.2,0.5
2018-08-09 15:52:03.400,195.4,34.1759823501938,1.91853905236309,1.96293130229743,1.43511457583002,420.079339140902,429.799294115952,1.46832471873338,125.9,140.510046516446,22615.136040108,1.2,114.5,43.7671116666667,-79.489885,987.8,6.51773445614489,7.21692206602167,1.2,28.8784908674587,27.4,275.3,90.8,0.2,0.4
2018-08-09 15:52:04.400,195.5,34.1717454284165,1.91963331582502,1.96416376489484,1.55427902575907,421.9327382583,431.720458630373,1.59033352190322,111.3,140.491712429225,22671.5455481361,1.2,98.9,43.76711,-79.4898833333333,987.8,6.51289596586732,7.21396753896286,1.4,28.8806640501489,27.4,266.2,0.4,0.3,0
2018-08-09 15:52:05.400,195.6,34.1661371904758,1.91825940985259,1.96271619026473,1.52710752958053,422.061609647463,431.843152961859,1.56249823175264,94.7,140.501233279868,22650.6893323263,1.2,78.9,43.7671083333333,-79.48988,987.9,6.5153554939851,7.22262527331667,1.8,28.8828756002229,27.5,128.8,19.8,0.1,1
2018-08-09 15:52:06.400,195.8,34.1596893605892,1.91966945515231,1.96399202366528,1.47941091314141,422.791365006824,432.553007833191,1.51357010070493,79.6,140.512029500378,22567.5183669343,1.2,59.5,43.7671066666667,-79.489875,987.9,6.51858603489807,7.22121595812885,1.8,28.8850155991187,27.5,334.3,0.4,0.1,1
2018-08-09 15:52:07.400,196.1,34.1547985720445,1.91889503137151,1.96322286049854,1.3499747188062,423.510369857554,433.293727243805,1.3811568009486,68.2,140.500719268076,22579.0670907156,1.2,47,43.7671066666667,-79.4898733333333,987.9,6.51940812291837,7.21752186660892,1.6,28.8872703271168,27.5,353.4,349.1,0.3,1.7
2018-08-09 15:52:08.400,196.3,34.1484057233894,1.9212108358958,1.96583322232956,1.31259620529148,422.884433144164,432.706338832538,1.34308469140595,62.6,140.503637077732,22698.9105669596,1.2,49.7,43.7671083333333,-79.48987,987.9,6.51428305096726,7.21413025476936,1.1,28.889404091336,27.5,351.2,333.6,0.5,1.1
2018-08-09 15:52:09.400,196.9,34.147177111703,1.92370723081607,1.96843133635005,1.23067530379197,421.699181753336,431.503356100226,1.25929788392312,59.8,140.490413433482,22720.7988830217,1.2,46.9,43.76711,-79.4898666666667,988,6.5097323754369,7.21221200020469,0.7,28.8915714832328,27.5,297.1,269.8,0.3,0.3
2018-08-09 15:52:10.400,197.1,34.1470632841287,1.92313989567818,1.96771640741814,1.1562955416494,420.725490596414,430.477566183412,1.18309985090471,59,140.473873254311,22654.0498256292,1.2,49.7,43.7671116666667,-79.4898666666667,987.9,6.51209063315586,7.215457311588,0.3,28.8938164562146,27.5,253.4,145.9,0.5,0.5
2018-08-09 15:52:11.400,197,34.1429188656903,1.92038932129481,1.96484088211698,1.3121183528093,420.437233029044,430.169204997089,1.34248757618454,54.8,140.503919446617,22623.5514114161,1.2,49.4,43.7671133333333,-79.4898666666667,987.9,6.51768965539658,7.21974632198555,0.1,28.89600215528,27.5,181.7,155.6,0.4,0.9
2018-08-09 15:52:12.400,196.9,34.1460629709417,1.91954447804149,1.96398840747777,1.51147560361135,420.762564609658,430.504602391528,1.54648431782115,60,140.486099313249,22629.2619723015,1.2,48.5,43.767115,-79.4898633333333,987.9,6.51850613972281,7.21876604719085,0.3,28.8982190417474,27.5,228.2,188.4,1.5,2.6
2018-08-09 15:52:13.400,196.9,34.1501410250392,1.91989812682321,1.96448789857595,1.57617531005479,421.112353570149,430.892666180478,1.61278400584017,67.1,140.490874989563,22697.7835302578,1.2,45.4,43.767115,-79.4898616666667,987.9,6.51499339344286,7.21929534042727,0.1,28.9003235152842,27.5,246.4,179.2,1,2.2
2018-08-09 15:52:14.400,196.9,34.1505438575186,1.92109528936682,1.96564994927794,1.47092569500269,421.254871218519,431.024806358149,1.50503939483239,70,140.517884317776,22666.6498226288,1.2,48.2,43.7671133333333,-79.4898583333333,987.9,6.5126343165368,7.22020346284777,0.1,28.9024410454816,27.5,239.9,196.9,1.2,1.9
2018-08-09 15:52:15.400,197,34.156265601246,1.92248957827867,1.96713516561677,1.55094294186079,420.749895091614,430.520960174069,1.58696263801772,68.7,140.480094939485,22695.8595894999,1.2,47.5,43.7671133333333,-79.4898566666667,987.9,6.51135334443358,7.2148735380069,0,28.9047149355935,27.5,228.2,168.9,0.8,1.7
2018-08-09 15:52:16.400,197.1,34.1593358602572,1.92121301202146,1.96595479789672,1.52640808346333,419.729376634446,429.504203531518,1.56195461088787,68.6,140.491800300498,22758.3848008893,1.2,46.8,43.7671133333333,-79.489855,987.9,6.51285095567298,7.21699673252971,0,28.9067073703975,27.5,161.5,105,0.6,1
2018-08-09 15:52:17.400,197.3,34.1582462736668,1.92104852088299,1.96578044103725,1.45363166006606,418.450215645645,428.193968499285,1.487479774101,63.1,140.50203650395,22755.3695451372,1.2,46.5,43.7671133333333,-79.4898533333333,987.9,6.51342046378465,7.21908591262004,0,28.9089128896513,27.5,211.1,193.2,0.6,2.5
2018-08-09 15:52:18.400,197.4,34.1653651303411,1.9231543802867,1.96792717454188,1.51329413957688,417.0039798911,426.712264009537,1.548526610056,36.2,140.46712850641,22751.3327224331,1.2,46.5,43.767115,-79.4898516666667,987.8,6.51336533464919,7.21916922200226,0.3,28.9110479425518,27.5,237.4,197,2.3,5
2018-08-09 15:52:19.400,197.5,34.1714865790969,1.92507207030477,1.96994491285782,1.44767954360765,415.924270681397,425.619372365138,1.48142418378662,43,140.495793450133,22778.6832913351,1.2,52.3,43.767115,-79.48985,987.9,6.51028416264254,7.21729415156889,0.7,28.9132741054411,27.5,247.1,188.8,2.7,5
2018-08-09 15:52:20.400,197.6,34.1733112241812,1.9254704597247,1.97038495434507,1.34314751286353,415.043574005957,424.725143968174,1.37447889524027,52.2,140.502179121988,22794.8070921188,1.2,54.8,43.767115,-79.4898483333333,987.9,6.50905139575386,7.21012759437767,1.6,28.9154978511155,27.5,243.8,153,1.7,2.6
2018-08-09 15:52:21.400,197.7,34.1802947055585,1.92520199825596,1.97008334397995,1.39420971904944,414.16780406567,423.82313844784,1.42671121488882,61.3,140.499196671173,22781.4597931226,1.2,58.7,43.767115,-79.489845,987.9,6.51036896837664,7.21063418419824,1.8,28.9177054878346,27.5,197.4,127.5,2.3,4.2
2018-08-09 15:52:22.400,197.7,34.191215780764,1.92516417407662,1.97017989804037,1.4637300598628,412.507661691925,422.153063451238,1.49795817864399,71.1,140.518703977744,22848.3290499906,1.2,71.3,43.767115,-79.4898433333333,987.8,6.51164083662975,7.21067703083468,1.6,28.920524568894,27.5,211.9,132,2.8,5.1
2018-08-09 15:52:23.400,197.7,34.2024040791389,1.92837711705207,1.97362379102982,1.22791297857248,411.527790387914,421.183723542449,1.25672770998933,82,140.497732065829,22925.6179803243,1.2,83.6,43.767115,-79.4898366666667,987.8,6.51131303377522,7.20211834438936,2.5,28.922890826874,27.5,219.9,123.1,2.3,4
2018-08-09 15:52:24.400,197.6,34.2118217646262,1.93226093919477,1.97754787883411,1.19207888027891,411.631191176869,421.278777057926,1.22001510666891,89.8,140.495830249908,22900.5754508208,1.2,89.5,43.7671133333333,-79.4898166666667,987.9,6.51169751353909,7.20026933305623,4.2,28.9250077902549,27.5,220.5,114.9,2.5,3.9
2018-08-09 15:52:25.400,197.4,34.2184201869668,1.93313528770361,1.97842976826994,1.34605073886124,410.443581419613,420.060558820697,1.37758874235218,96.1,140.502146881303,22894.2489367731,1.2,94.7,43.76711,-79.4897933333333,987.9,6.51417815438338,7.20430402602806,5.1,28.9272295752522,27.5,224.3,103.6,2.6,3.3
2018-08-09 15:52:26.400,197.1,34.2203511996996,1.93254731826274,1.97774837079057,1.30508788202601,409.447851402416,419.024590019794,1.3356114826269,99.3,140.483802673284,22854.9447968894,1.2,100.2,43.7671066666667,-79.4897666666667,987.9,6.51755086164654,7.20167753625036,5.9,28.9293857761944,27.5,224.4,74.4,1.9,3.2
2018-08-09 15:52:27.400,196.9,34.2197206128808,1.93266553320775,1.97782263984929,1.24842681385533,408.983460762595,418.539421214997,1.27759490667271,100.6,140.50103854478,22831.7907845498,1.2,102.9,43.7671016666667,-79.4897416666667,987.8,6.51392619298594,7.2007321634821,6.1,28.9315859783856,27.5,226,87.2,2.5,3.8
2018-08-09 15:52:28.400,196.8,34.22069654379,1.93171684481766,1.97670297268621,1.10080803392245,408.690672073847,418.20833170643,1.12644955770455,101.5,140.507836684148,22758.2360778488,1.2,103.1,43.7671,-79.489715,987.9,6.51238271904083,7.19742381483615,6.1,28.9338343941553,27.5,233.8,97.3,3,4.5
2018-08-09 15:52:29.400,197,34.2281556222071,1.93023165273157,1.97498622626834,1.15740068274574,408.314570587931,417.781822899864,1.18423485095894,102.6,140.488106566645,22660.7000812053,1.2,103.8,43.7670966666667,-79.4896883333333,987.8,6.51871087677003,7.19628823362505,6.2,28.9360845991098,27.5,231.1,94.2,3.1,4.5
2018-08-09 15:52:30.400,197.6,34.2358164473336,1.93044880187252,1.97533615959323,1.30404499038818,407.654707543349,417.133566881726,1.33436928294531,102,140.51631311462,22723.8552885967,1.2,103.1,43.767095,-79.489665,987.8,6.51637475897204,7.19865177078872,6.1,28.9381527856045,27.5,227.3,75.4,2.4,3.4
2018-08-09 15:52:31.400,197.9,34.241214605811,1.93052600488356,1.97546321411496,1.25055341015517,407.85823769216,417.351987630342,1.27966545664179,102.6,140.503622719966,22747.6972314016,1.2,103.4,43.767095,-79.48964,987.9,6.51173941234288,7.19220210072102,5.9,28.9402027381002,27.5,227.3,66.7,2,3.6
2018-08-09 15:52:32.400,198,34.244737677534,1.93111932135647,1.97588044293732,1.20349615298691,408.314893671619,417.779255318545,1.23139045223889,100.9,140.500654572997,22653.9784127272,1.2,102.9,43.7670933333333,-79.4896183333333,987.9,6.51152666206208,7.18827037924823,5.7,28.9425528046379,27.5,224.8,78.6,2.2,3.7
2018-08-09 15:52:33.400,198.2,34.2416490397216,1.92928767276464,1.97389035507305,1.30665459706565,407.660837688739,417.085477479549,1.33686265813357,96.1,140.50909962354,22596.4239949534,1.2,89.5,43.7670983333333,-79.4896016666667,987.8,6.51518605856498,7.19381202812258,5.1,28.9447659908022,27.5,225.6,66.5,1.7,1.8
2018-08-09 15:52:34.400,198.4,34.237445613451,1.92785626180208,1.97241693640214,1.35410930395213,407.205603232918,416.617736583391,1.3854081506874,87,140.477375543587,22591.8263325985,1.2,73.2,43.7671,-79.4895883333333,987.9,6.51563285390168,7.19799347137614,3.8,28.9467791629121,27.5,239.4,78.1,1,1.6
2018-08-09 15:52:35.400,198.1,34.2293706419415,1.92881210289817,1.97333173789342,1.22141302583627,406.988535086553,416.382369221851,1.24960800473846,74.5,140.501323016372,22560.5844137644,1.2,57.7,43.7671,-79.48958,987.9,6.51246017569185,7.19629091706457,2.7,28.948940147438,27.5,230.2,123.8,1.2,1.9
2018-08-09 15:52:36.400,198.2,34.2218641087581,1.92689977322728,1.9712356140186,1.49575833865945,407.172440279635,416.541047577016,1.53016163929019,61.9,140.505081404675,22491.444982991,1.2,47.4,43.7671,-79.4895766666667,987.8,6.51565180130101,7.19141392799214,1.6,28.9512828396789,27.5,218.9,167.4,2.1,3.4
2018-08-09 15:52:37.400,199.3,34.220305951083,1.92693333782854,1.97124650437568,1.62701212204087,407.571756605934,416.944629715963,1.66442551359075,50.3,140.465032771478,22479.8206742264,1.2,41.2,43.7671033333333,-79.48958,987.9,6.51784546363488,7.19734945158716,0.7,28.9534434607663,27.5,228.2,186.1,2.5,5
2018-08-09 15:52:38.400,200.1,34.2137998464307,1.92836150038509,1.97263065264779,1.51817989548788,408.263256416982,417.635784551974,1.55303252787753,42,140.496474628326,22441.9159717161,1.2,39.2,43.7671016666667,-79.489585,987.9,6.51412410234105,7.19726574696047,0.3,28.9553917406119,27.6,233.6,199.8,2.4,3.7
2018-08-09 15:52:39.400,200.4,34.2109660676007,1.92891723012827,1.97310062643647,1.55388917892316,408.794341106551,418.15824313753,1.58948257581543,35.6,140.486991140686,22393.1532067086,1.2,38.4,43.7671,-79.4895866666667,987.8,6.51022052255127,7.19728366003956,0.1,28.9577009414562,27.6,232.1,195.1,2.4,5
2018-08-09 15:52:40.400,200.5,34.2152647518578,1.92959178435336,1.97391324009692,1.58472423593036,408.920606359831,418.313332076521,1.62112520258115,26.8,140.48128203384,22453.7794739717,1.2,39,43.7670983333333,-79.4895866666667,987.8,6.51102216265449,7.19441609016936,0.1,28.9599796454213,27.6,246.9,208.2,2.9,5.4
2018-08-09 15:52:41.400,200.3,34.217404248791,1.93068085743247,1.9750090868801,1.74401670033835,409.238045123593,418.634206037299,1.78405320927407,17.8,140.509877055237,22444.8447604617,1.2,39.6,43.767095,-79.4895883333333,987.8,6.50797149322693,7.19197242538966,0,28.9619317442105,27.7,244.5,198.9,2.5,4.3
2018-08-09 15:52:42.400,199.9,34.2192447787016,1.93217083171902,1.97646477811637,1.81744239700428,409.641061077037,419.031851454254,1.85910638672632,37.7,140.476293028088,22410.7795118656,1.2,39.7,43.767095,-79.4895883333333,987.8,6.50835168235946,7.19439768901178,0.1,28.9643428833374,27.7,226.1,179.2,2.1,4
2018-08-09 15:52:43.400,199.9,34.2164946199874,1.93506819481112,1.97939329533851,1.77314938346652,411.420340897505,420.844311483466,1.81376565651129,42.1,140.498456592377,22393.1660568711,1.2,36.7,43.7670966666667,-79.489585,987.9,6.5108583220629,7.19397557029118,0.5,28.9668031740388,27.7,205.2,175.5,2.1,4.7
2018-08-09 15:52:44.400,200.1,34.2123142918812,1.93754779983997,1.98188885692116,1.98094670887911,414.461887400337,423.946807461616,2.02627993710704,39.1,140.509594793897,22373.0366253303,1.2,31.4,43.7670966666667,-79.4895833333333,987.9,6.51388422802576,7.19378197324195,1.4,28.9687867613843,27.7,189,150,2.4,5.1
2018-08-09 15:52:45.400,200.1,34.2140616466845,1.93988871160974,1.98423990963544,1.59770359676868,415.745107343954,425.250181558862,1.63423816515607,20.1,140.474908824674,22351.7854504832,1.2,20.2,43.7671,-79.4895816666667,987.9,6.51601762862724,7.19431881303863,2.4,28.9710234729053,27.7,176.3,166.9,2.6,3.4
2018-08-09 15:52:46.400,200.1,34.2108686108751,1.93908521520048,1.98349459994217,1.47179302690335,415.540446048357,425.057200573953,1.50550827110138,9.1,140.497511293466,22389.3770659835,1.2,12.1,43.7671116666667,-79.48958,987.9,6.51611359639066,7.19558962264333,3.7,28.973412887615,27.7,228.1,241.5,2.3,4
2018-08-09 15:52:47.400,200.1,34.2137994121942,1.9399743840082,1.98444898517856,1.54008997251262,418.062276226856,427.646457312979,1.57539807442178,6.2,140.477614927,22411.5231650015,1.2,10.4,43.7671316666667,-79.4895783333333,987.9,6.51211541636414,7.1965572505113,5.1,28.9756298299149,27.7,241,262.9,2.5,3.9
2018-08-09 15:52:48.400,200,34.2158342488215,1.9416773036334,1.98621697481444,1.45245829237994,422.269445256746,431.955843257247,1.48577589584534,5.5,140.477985002006,22424.3503785103,1.2,11.9,43.767155,-79.489575,987.8,6.51260812594531,7.19569301986711,6.2,28.9778924794383,27.7,244.5,251,2.9,4.8
2018-08-09 15:52:49.400,200,34.2146149553857,1.94148820748271,1.98602776816863,1.2887141699246,426.421903082361,436.204462053488,1.31827960531891,8.6,140.498568786282,22426.5120097979,1.2,13.8,43.7671783333333,-79.48957,987.8,6.51698573145292,7.1908929880184,7.2,28.9800230165542,27.7,219.6,250.8,2.7,2.8
2018-08-09 15:52:50.400,199.9,34.2222255009811,1.9423362785524,1.98687676876456,1.14277591611338,429.298503227043,439.143015339721,1.16898158134774,10.8,140.479446009983,22417.5417366731,1.2,15.4,43.767205,-79.4895616666667,987.9,6.51651306510952,7.19414381085794,8.3,28.9824717550367,27.8,222.8,287.5,2.3,2.6
2018-08-09 15:52:51.400,199.6,34.2268012747374,1.94346406262739,1.98804605354686,1.09876595363691,430.070844598497,439.936491338867,1.12397099287048,10.3,140.501958451431,22425.2185959794,1.2,17.3,43.767235,-79.489555,987.8,6.5151123502931,7.19832861664243,9.2,28.9844675122163,27.8,230.8,300.1,2.2,3.4
2018-08-09 15:52:52.400,199.5,34.2277848252955,1.94266058051254,1.98728008363101,1.38876660324523,429.439108786302,439.302630682894,1.42066829701904,10.6,140.496569807562,22452.7543504495,1.2,16.9,43.7672666666667,-79.4895483333333,987.8,6.5134181606888,7.19533221253229,10.3,28.9865244229073,27.8,251.5,311.3,1.7,4.3
2018-08-09 15:52:53.400,199.3,34.2297430573324,1.93946188242894,1.98401178522552,1.50578056822901,429.621980617721,439.490537402586,1.54036941881716,11.8,140.497725311641,22454.5524037061,1.2,16.2,43.7672983333333,-79.4895383333333,987.9,6.51734313987621,7.19363371573139,11.1,28.9885987455064,27.8,240.3,301.5,2.6,4.8
2018-08-09 15:52:54.400,199.4,34.2338400280246,1.9396136533986,1.98416323944334,1.38227867320403,430.050435363133,439.927794737094,1.41402657996312,11.3,140.506788894694,22452.3512487532,1.2,17.9,43.7673316666667,-79.4895316666667,987.9,6.51557294257341,7.19572666441841,11.6,28.9907564323375,27.8,233.6,307.4,2.4,4.1
2018-08-09 15:52:55.400,199.5,34.2385664296898,1.94228755763124,1.98683865071759,1.33991893493433,431.218277894696,441.109263613455,1.37065254576137,17.1,140.477107291936,22423.0864959534,1.2,20.7,43.76736,-79.4895166666667,987.9,6.51177503334195,7.19485168538986,12,28.9930856185757,27.8,234.2,306.5,2.6,4.2
2018-08-09 15:52:56.400,199.7,34.2387088022472,1.94276354478669,1.98740256022376,1.37082919019014,431.713856821839,441.633292348692,1.40232717700981,26,140.506112236813,22460.7711427743,1.2,26,43.7673883333333,-79.4894933333333,987.9,6.51470591280337,7.1982838809209,12.5,28.9951610287374,27.7,232.5,322.5,2.4,3.5
2018-08-09 15:52:57.400,199.6,34.2448228103293,1.93984523940686,1.98446927548761,1.47193666577666,432.167030238459,442.10848582436,1.50579622825644,36.5,140.500975430314,22486.3940764633,1.2,34.9,43.7674133333333,-79.48946,988,6.51850573560123,7.19639151762557,13.5,28.9971881305862,27.7,215.8,354.4,2.2,2.8
2018-08-09 15:52:58.400,199.6,34.2560507473849,1.93799006525955,1.98257723556881,1.57088855386669,431.889371209239,441.825901333005,1.60703030138649,45.7,140.496002628801,22489.6683453254,1.2,43.2,43.76744,-79.48942,987.9,6.51906711319842,7.19124256588978,14.4,28.999310743292,27.7,219.6,0.4,2.2,3.3
2018-08-09 15:52:59.400,199.7,34.2675998664921,1.9368612290216,1.98151138242498,1.42526952362572,430.444488647329,440.36758360465,1.45812311771606,53.5,140.499520595316,22533.574362883,1.2,48.8,43.7674583333333,-79.48937,987.9,6.51623132832112,7.18883759323697,15.5,29.0013814854455,27.7,210.1,20.5,1.9,5.1
2018-08-09 15:53:00.400,199.9,34.277239226905,1.93652420828641,1.98085779603125,1.57605989278022,428.252179682447,438.056464795842,1.61212076715964,59.9,140.473362886766,22380.9585357256,1.2,56.2,43.767475,-79.489315,987.9,6.51164253880348,7.19627668419224,16.2,29.0035679335897,27.7,194.5,18.4,1.6,6.1
2018-08-09 15:53:01.400,199.8,34.2844794240948,1.93620923110645,1.980728863899,1.41451153237799,427.145946440481,436.967360786707,1.44701221158344,64.8,140.509581082804,22476.3230573487,1.2,59.8,43.76749,-79.4892583333333,988,6.51005630509736,7.19386093332919,16.8,29.0059756290173,27.7,206.9,28.1,2.4,5.8
2018-08-09 15:53:02.400,199.7,34.2884303492355,1.93805360380532,1.98288944572098,1.27527552540633,426.862676385731,436.73796590127,1.30477775504658,67.6,140.505902831019,22611.4291796938,1.2,63.7,43.767505,-79.4891983333333,987.9,6.50592382567806,7.18727998038176,17.7,29.0080775705906,27.7,206.9,30.7,2.3,6.2
2018-08-09 15:53:03.400,199.8,34.2960055767421,1.93635601918937,1.98103387567633,1.37113316583639,425.766748976073,435.590552276438,1.40276454236217,69,140.494861698169,22552.7231738022,1.2,67.8,43.7675216666667,-79.489135,987.9,6.50689748265118,7.19593474304471,18.3,29.0105128380004,27.7,216.5,24.5,2.6,5.8
2018-08-09 15:53:04.400,199.5,34.3029141411847,1.93445213837501,1.97925475404096,1.26489644588497,424.815440028531,434.654190889741,1.2941812699343,70.6,140.524504234464,22635.8545800243,1.2,66.7,43.7675333333333,-79.4890683333333,987.9,6.50584611786476,7.19792471561754,18.8,29.0123835370186,27.6,221.4,21.1,2.6,5.8
2018-08-09 15:53:05.400,199.4,34.3061948978398,1.92958210670454,1.97417143862054,1.8539163023241,423.618473041027,433.407418186335,1.89672249145914,71.1,140.49181368375,22585.9742936502,1.2,71.3,43.76755,-79.4890033333333,987.9,6.51545239024721,7.19911476942984,19,29.0144717830002,27.6,225,23.8,2.3,6.2
2018-08-09 15:53:06.400,199.3,34.3065945533585,1.93249614698636,1.9772493272751,1.68513748607523,421.811895966853,431.580044055364,1.72414297666,71.1,140.508498731949,22633.6843584344,1.2,71.1,43.767565,-79.4889366666667,987.9,6.51570741290061,7.20521097630213,19,29.0168515473947,27.6,231.3,7.2,3.1,6
2018-08-09 15:53:07.400,199.6,34.3088901676314,1.93124464215461,1.97609173828878,1.34314825756024,421.458088538814,431.245116694792,1.37433763423472,70.1,140.506362401674,22694.8212555172,1.2,69.3,43.7675816666667,-79.4888716666667,988,6.51425888094346,7.19743290114729,19,29.0189849572329,27.6,246.8,3.6,2.2,6.5
2018-08-09 15:53:08.400,199.8,34.3104967223031,1.93010666517306,1.97499257018034,1.52850183599315,420.66385644677,430.446719625889,1.56405021820419,71.1,140.468101176208,22727.2419205771,1.2,70.1,43.767595,-79.48881,987.9,6.51332929769244,7.19374182082445,18.7,29.0213978391396,27.6,249.8,3.2,3,5.2
2018-08-09 15:53:09.400,199.7,34.3110603523755,1.92854178216948,1.97361086768273,1.55722762460828,419.574935732275,429.380213041376,1.59361614463121,72,140.512470862191,22835.9921501834,1.2,70.8,43.767605,-79.48875,988,6.51422866519697,7.1936395543694,17.9,29.0233379587101,27.6,231.2,20.8,2.7,5.1
2018-08-09 15:53:10.400,199.6,34.3131111276772,1.92893108834363,1.97413866615925,1.54663823989359,418.422553353415,428.228990348305,1.58288616968495,72.3,140.492438577177,22900.0395299766,1.2,73.4,43.7676166666667,-79.488695,987.9,6.5126335390909,7.19357910447094,17,29.0257396543326,27.6,235.9,17.3,3.1,3.6
2018-08-09 15:53:11.400,199.6,34.316161755614,1.93024209805574,1.97532365365566,1.67153476436979,416.770863972622,426.50485364927,1.71056966121347,71.7,140.457578038885,22822.4762665931,1.2,73.5,43.7676333333334,-79.4886433333333,987.9,6.51091071300049,7.19292072574529,16.4,29.0278493954108,27.6,250.6,347.6,3.3,2.9
2018-08-09 15:53:12.400,199.6,34.3122493571345,1.92789782172512,1.97307137237083,1.55423695606244,416.191116102545,425.943098086272,1.59064817205222,71.1,140.507554578412,22895.0324333826,1.2,71.9,43.7676466666667,-79.4885933333333,988,6.50948389362982,7.19389406936532,16.1,29.0303974941945,27.6,268,340.6,2.7,4.1
2018-08-09 15:53:13.400,199.6,34.3167990841644,1.92850128717334,1.97370131603107,1.59811246660055,415.31685798985,425.05105232521,1.63556826606463,71,140.471282164365,22901.2424622791,1.2,69.6,43.7676566666667,-79.48854,987.8,6.50862190768232,7.1955577630587,16.2,29.0323198530387,27.6,267.3,333.1,2.6,4.5
2018-08-09 15:53:14.400,199.3,34.3201215959426,1.92579842741584,1.97104087328054,1.49225570864586,415.028905175621,424.779112018774,1.52730977876436,71,140.51574038628,22953.613248984,1.2,69.9,43.7676666666667,-79.488485,987.8,6.51439315165676,7.1934137414136,16.6,29.0346948008046,27.6,267.3,346.9,2.2,5.1
2018-08-09 15:53:15.400,199.3,34.3228435607311,1.92766675045757,1.97298370204898,1.36218797313786,413.479392477734,423.199719736084,1.39421148225251,71.6,140.520530409541,22968.6737947544,1.2,67.1,43.76768,-79.488425,988,6.51148536522148,7.19465073909518,17.7,29.0368553021302,27.6,260.7,0.4,1.6,6.7
2018-08-09 15:53:16.400,199.2,34.3252043679461,1.92507264758839,1.97033235799094,1.45069152254676,412.642218891025,422.343635264551,1.48479832778928,70.8,140.461080588466,22970.5523838421,1.2,67.7,43.7677,-79.4883616666667,988,6.51497507555899,7.19441233176557,18.8,29.0391458079386,27.6,203.6,6.8,0.7,9.5
2018-08-09 15:53:17.400,198.5,34.325844569474,1.92697016820109,1.97247534678103,1.35411359160409,411.466047510858,421.182747628816,1.38608566968753,71.5,140.503794385488,23070.0675206737,1.2,67.9,43.7677166666667,-79.488295,987.9,6.51186029818191,7.19187569190775,19.8,29.0412515616896,27.5,135.7,8.2,0.9,12.2
2018-08-09 15:53:18.400,197.7,34.3251782215784,1.92598611980476,1.97152493431758,1.25774912960672,411.155822196006,420.877422960509,1.28748826307653,72.2,140.502663090508,23098.4438225106,1.2,69.2,43.7677316666667,-79.4882283333333,987.9,6.513876551841,7.18870323823898,20.1,29.0434487003464,27.4,153.1,19.4,2.2,12
2018-08-09 15:53:19.400,197.2,34.3301439016202,1.92303113842377,1.96872409005032,1.36145638995829,410.661739778118,420.419349206402,1.39381039372217,71.6,140.48532978746,23209.2996409715,1.2,70.3,43.7677516666667,-79.4881633333333,987.9,6.51702678443572,7.1920102573767,20.1,29.0456564870298,27.4,147.4,12,1.4,12.3
2018-08-09 15:53:20.400,196.9,34.3338200906902,1.92554384743465,1.97151059878354,1.47113646861139,410.75365167033,420.559082344195,1.50625709069862,71.3,140.505349362877,23315.3139674058,1.2,70.3,43.76777,-79.4880966666667,987.9,6.51275986649008,7.19021802318872,20.1,29.0479885145221,27.3,165.5,24.5,2.7,11.5
2018-08-09 15:53:21.400,196.8,34.3430460983744,1.92465418950579,1.97061389409613,1.4098572621083,410.558385542627,420.362347663664,1.44352449927036,71.8,140.464222873528,23322.7351586613,1.2,73.2,43.767785,-79.4880316666667,987.9,6.51413669250981,7.18810914598893,19.6,29.0503475996578,27.3,174.7,8.7,1.2,10.8
2018-08-09 15:53:22.400,196.6,34.3444517387385,1.92241982387936,1.96847318344856,1.34162518025356,409.893321217269,419.712632260239,1.37376382711758,72.4,140.488546835304,23395.3225498518,1.2,75.6,43.7678016666667,-79.4879716666667,987.8,6.51569878617476,7.19500749230319,19,29.0525399670828,27.3,169.8,5.6,0.6,10.3
2018-08-09 15:53:23.400,196.7,34.3409240347094,1.92203534258118,1.96811903391068,1.74055779300475,409.279016651269,419.092096343084,1.78228958135951,71.9,140.497499152233,23415.126932578,1.2,74.6,43.7678166666667,-79.48791,987.8,6.51931806702262,7.19128409754463,18.7,29.0546699383286,27.3,186.9,11,0.9,9.8
2018-08-09 15:53:24.400,196.8,34.3459751618567,1.92441354621641,1.97074232039041,1.64917238473302,408.05121961922,417.874659329989,1.68886870269914,70,140.473356583979,23508.1273555424,1.2,75.2,43.767835,-79.4878533333333,987.9,6.516659773547,7.19064311067691,18.3,29.0571743719045,27.3,168.7,12.6,1.2,10.4
2018-08-09 15:53:25.400,197,34.3430175085685,1.92482929712675,1.97120004410776,1.43035073365579,407.359287014318,417.172826768955,1.46480931067619,69.3,140.506893587239,23523.9957804542,1.2,74.7,43.7678516666667,-79.4877966666667,988,6.51337416791057,7.19342985624139,18.1,29.0592013257952,27.3,190.2,18.2,1.5,8.2
2018-08-09 15:53:26.400,196.8,34.3408475609014,1.92246173214162,1.9691052605503,1.68427826960872,407.432284867805,417.317659663605,1.72515552188344,70.5,140.49831110733,23687.8005396905,1.2,74.9,43.767865,-79.48774,987.9,6.510645033245,7.18848540784204,17.9,29.0615949150963,27.3,196.4,16.8,1.7,8.6
2018-08-09 15:53:27.400,196.4,34.3394762701566,1.92228603185935,1.96867901449931,1.40877251750472,406.592363001098,416.405140956281,1.44278618958326,71.2,140.509340055259,23565.4061392246,1.2,73.6,43.7678783333333,-79.4876833333333,987.8,6.51144870513587,7.18594605390175,18.1,29.0635694772424,27.3,189.6,15.7,1.4,8.8
2018-08-09 15:53:28.400,196.2,34.3378591772121,1.92295990761915,1.96935568007625,1.33689780386666,405.495676355284,415.279149151516,1.36915374172019,72,140.504476574633,23558.8571020295,1.2,74.8,43.7678916666667,-79.4876266666667,987.9,6.51614421310302,7.19139980583151,18.3,29.0656181443535,27.3,176,18.1,1.6,9.5
2018-08-09 15:53:29.400,196.1,34.3404296692227,1.92258848279041,1.96904626280963,1.66777491136741,404.946423507821,414.731613622552,1.70807760928251,71.4,140.474875497068,23594.1065669846,1.2,71.8,43.7679066666667,-79.4875666666667,987.8,6.51894543814938,7.19041029177278,18.3,29.0681993594697,27.3,174.1,15.7,1.4,9.7
2018-08-09 15:53:30.400,196.6,34.3388075603487,1.92229415894756,1.96883950334546,1.33665379277863,404.007961026207,413.790251652022,1.3690137450753,70.6,140.519757701456,23640.7149180512,1.2,70.7,43.7679233333333,-79.4875066666667,987.9,6.51616094285872,7.19424400302313,18.3,29.0703458108129,27.3,156.5,8.6,1.2,10.4
2018-08-09 15:53:31.400,196.9,34.3406650875965,1.92267869780873,1.96929029152761,1.40551209434281,404.013481982824,413.807971594358,1.43958671023991,70.8,140.499223293483,23669.0712825959,1.2,72.6,43.7679366666667,-79.4874466666667,987.9,6.51412444835037,7.19244219566937,18.1,29.072457197516,27.3,157,8.5,0.7,10.1
2018-08-09 15:53:32.400,197.2,34.3437581649115,1.92199681152891,1.96867758733737,1.22354023758656,403.518855200087,413.319414762719,1.25325441842525,72.1,140.489628674266,23711.827621733,1.2,75.1,43.76795,-79.4873866666667,988,6.51485338359561,7.19075495462766,17.9,29.074635480176,27.2,146.2,16.6,1.3,10.9
2018-08-09 15:53:33.400,197.1,34.3491272522616,1.92223949112618,1.96885687279981,1.23925593137589,403.817607665618,413.610978911848,1.26930908925803,73.1,140.505057507539,23677.7086990611,1.2,75.7,43.7679583333333,-79.4873283333333,987.9,6.51541048093945,7.18920066911391,17.5,29.0768977863952,27.2,151.8,14.2,1.4,10.2
2018-08-09 15:53:34.400,197.1,34.3523127505915,1.92231480567913,1.96902639462849,1.33270472422811,403.54077684573,413.346763942275,1.36509000543959,73.4,140.485092872694,23723.3492728329,1.2,74.5,43.76797,-79.4872683333333,987.8,6.51042511211566,7.18647822198305,17.5,29.0792818736393,27.2,142.5,12.3,0.9,9.3
2018-08-09 15:53:35.400,197.6,34.3546188582566,1.92366427071323,1.97015917508675,1.59173977034838,403.017636799882,412.75857326422,1.63020567068112,71.8,140.516498065825,23599.5827154126,1.2,73.4,43.7679866666667,-79.48721,987.8,6.51554976403803,7.18945952605415,17.4,29.0813730423645,27.2,198.6,11,1.1,8.4
2018-08-09 15:53:36.400,198.2,34.3552383498778,1.92293788238308,1.96954274334089,1.33674067919704,403.340232607774,413.115647274008,1.36913380393851,70.9,140.495310772437,23662.7476596231,1.2,72,43.7680016666667,-79.4871516666667,987.9,6.51534465550409,7.18794622848499,17,29.0838252558561,27.2,216,6.4,0.7,7.8
2018-08-09 15:53:37.400,198.3,34.3599932378728,1.92075240291148,1.96702948773787,1.86006221757745,402.88670496919,412.593493737099,1.90486032543497,71.3,140.443636554529,23526.3089083209,1.2,68.7,43.7680166666667,-79.4870966666667,987.8,6.52001559845449,7.19239559782709,17,29.085514572731,27.2,238,1.7,0.6,8.3
2018-08-09 15:53:38.400,197.7,34.3620738649268,1.92195731473596,1.96827787871181,1.65852104450718,401.016391087591,410.681138000896,1.69849098421674,72,140.531083392799,23533.535309365,1.2,62.5,43.76803,-79.4870416666667,987.9,6.5182943678905,7.19383493272717,17,29.0874098304991,27.2,215.7,8.6,0.6,8.8
2018-08-09 15:53:39.400,197.4,34.3707859723553,1.92251218183893,1.96883686485576,2.07918384274023,401.681412146585,411.36044531245,2.12928326478291,72.8,140.484152621397,23529.2575679092,1.2,69.7,43.7680416666667,-79.4869833333333,987.9,6.515620603678,7.18903259175506,17,29.0896017383412,27.2,159,14.2,1,10.3
2018-08-09 15:53:40.400,197.7,34.3757983712917,1.92069695022409,1.966960276687,2.02899647248713,402.051530830384,411.735746478507,2.07786862507365,72.1,140.518813659118,23520.5457744725,1.2,72.1,43.768055,-79.486925,987.9,6.51616728682706,7.18799170053799,17,29.092068845971,27.2,157,8.8,0.6,8.8
2018-08-09 15:53:41.400,198,34.3805458453372,1.92216794519783,1.96838170468641,2.03886691309189,402.003077369691,411.668213030359,2.08788580531754,71.7,140.495863507241,23477.9256688121,1.2,72.5,43.7680683333333,-79.4868683333333,987.8,6.5160281942362,7.18895954333151,16.8,29.0945043921226,27.2,189,16.5,1.2,8.1
2018-08-09 15:53:42.400,198.2,34.3886002515841,1.92345498919686,1.9696987760055,1.92648573356283,401.935958554987,411.599384018624,1.9728025713264,71.3,140.450291162651,23477.6682777082,1.2,75.2,43.7680816666667,-79.486815,987.9,6.5115340622409,7.18814017819548,16.8,29.0963656926326,27.2,178.4,27.5,2.3,9
2018-08-09 15:53:43.400,198.5,34.388876003712,1.9224102280818,1.9683640814744,2.19664382873826,401.703804463046,411.30627767178,2.24914743010241,70.5,140.524527796101,23346.2240601651,1.2,75,43.7680933333333,-79.48676,987.9,6.5121900450363,7.1884975529351,16.6,29.0988606400208,27.2,191.6,23.7,2,7.5
2018-08-09 15:53:44.400,198.5,34.3936669050904,1.92274204390476,1.9687620815625,1.71096385078189,401.695197006949,411.309579575503,1.75191080446882,70.7,140.481964479792,23375.1844792888,1.2,75.2,43.7681083333333,-79.4867083333333,987.8,6.5132545734213,7.19099762093877,16.6,29.1007972339998,27.2,218.8,10,1,7.2
2018-08-09 15:53:45.400,198.4,34.3957016773186,1.9217035604908,1.96751727258896,2.05958585409871,402.159470048235,411.746938753429,2.10867964074916,70.7,140.488431041751,23284.9639240405,1.2,76.3,43.7681233333333,-79.4866583333333,987.7,6.51534147720813,7.19180068718156,16.4,29.1031663082758,27.2,209.9,13.2,1.3,7.3
2018-08-09 15:53:46.400,198.5,34.3988820620837,1.92207537117506,1.96782926628737,1.81102256929073,401.839946287555,411.405443029099,1.85413314066021,70.9,140.521951832636,23250.7096489001,1.2,77.1,43.7681366666667,-79.486605,987.8,6.51845828917325,7.19372636963233,16.4,29.1054552698348,27.2,172.8,9.9,0.9,8.7
2018-08-09 15:53:47.400,198,34.4080398795325,1.92528597672889,1.97110659737374,1.92401962739746,402.398317701852,411.975167458861,1.96980980804222,71.1,140.467400718693,23246.0911547664,1.2,75,43.76815,-79.4865533333333,987.9,6.51547451557019,7.18908945437397,16.2,29.1078250263551,27.2,200.6,11.2,1,7.1
2018-08-09 15:53:48.400,197.4,34.41034360199,1.9214998165727,1.96730875618498,1.79369368129717,402.092960161299,411.679095968469,1.83645477983927,71.5,140.524439955389,23285.5045771108,1.2,73.6,43.7681633333333,-79.4865016666667,987.8,6.51876132736284,7.18545855848371,16.2,29.1100713141189,27.2,211.9,3.7,1,7
2018-08-09 15:53:49.400,197.2,34.4069203617662,1.92271650901982,1.96841401626761,2.07615259589337,402.441892173481,412.006845305881,2.1254939012274,70.6,140.519481494968,23215.4906501586,1.2,73.3,43.7681783333333,-79.48645,987.9,6.5156355276553,7.19175182228708,16.1,29.1121232686316,27.2,240.2,6.6,1.2,6.2
2018-08-09 15:53:50.400,197.5,34.4116824753947,1.92569665711631,1.971453220261,1.64669116616158,402.892395888115,412.465485066689,1.68581728911586,69.4,140.445612165236,23209.4732360176,1.2,70.7,43.7681933333333,-79.4863966666667,987.9,6.51500683987888,7.18622263154201,15.9,29.1144134839593,27.2,249.6,0.4,1.2,6.2
2018-08-09 15:53:51.400,198,34.4093536513095,1.92232817999357,1.96782245836213,1.95657247700729,403.19459680815,412.736750673721,2.00287289974344,69.9,140.520173710952,23119.1751617201,1.2,70.7,43.7682066666667,-79.4863466666667,987.8,6.5190664312876,7.18761717226261,15.7,29.1167397038499,27.2,220,12.7,1.1,6.8
2018-08-09 15:53:52.400,198,34.4200655813315,1.92524557304037,1.97072287258733,1.83786594970828,402.701039610233,412.213522547237,1.88128015290521,72.1,140.473523244723,23076.6414826914,1.2,75.7,43.7682133333333,-79.4862966666667,987.8,6.51842812618175,7.19683203424207,15.3,29.1190012221557,27.2,197.5,17,1.3,7.3
2018-08-09 15:53:53.400,197.9,34.4313970440275,1.92309669149849,1.96832828873629,1.90346917932343,402.892515277532,412.36851262907,1.94823871696168,73.5,140.464881288327,22979.5110106917,1.2,78.3,43.7682233333333,-79.4862466666667,987.9,6.52011331831334,7.18942236763975,15.1,29.1211312229153,27.3,182.5,28.4,1.7,8.6
2018-08-09 15:53:54.400,198.1,34.4367184184766,1.92334721483581,1.96859533738657,1.9216507674997,403.938957024667,413.44187886688,1.96685831097429,72.4,140.513087736204,22984.9079548713,1.2,78.1,43.7682366666667,-79.4862,987.9,6.51737575892082,7.18622915491483,14.8,29.1233893247036,27.3,187.9,49,2.7,6.3
2018-08-09 15:53:55.400,198.3,34.4442992561741,1.92435171467098,1.96974887456341,1.91079984539298,404.548086218435,414.091781113036,1.95587774857816,71.6,140.454094661237,23047.2990471519,1.2,73,43.7682483333333,-79.4861533333333,987.8,6.51676188030476,7.18328359281983,14.6,29.1255350139091,27.3,210.6,49.2,2.6,5.8
2018-08-09 15:53:56.400,198.3,34.4417996878466,1.92349459650191,1.96883879057267,2.37825070169893,403.932624438798,413.454926949417,2.43431536372749,70.6,140.494051630854,23031.163370296,1.2,69.2,43.76826,-79.4861083333333,987.8,6.52163473728457,7.18529045791568,14.8,29.1279760087452,27.3,188.3,24.4,2.2,7.1
2018-08-09 15:53:57.400,198.1,34.4425471863409,1.92466715566795,1.97001372032576,1.76008202987755,404.29526475668,413.820841359623,1.80155161608698,71.6,140.509097726532,23018.5187885698,1.2,70,43.7682716666667,-79.48606,987.8,6.52064437939706,7.18247258809544,15,29.1295836028004,27.3,206.8,31.1,2.1,6.3
2018-08-09 15:53:58.400,198,34.4510159075261,1.92413050513186,1.96956934224864,2.03687424374068,403.409357801427,412.936007492177,2.08497596361005,71.1,140.467261338636,23070.3795483296,1.2,71.2,43.768285,-79.48601,987.9,6.52203389077605,7.18606100117035,15.5,29.1325944227878,27.4,199.5,37.6,2.7,6.5
2018-08-09 15:53:59.400,198,34.4503034880175,1.92622763388111,1.97173550685935,2.02622424481069,403.162529452098,412.687514734509,2.0740952479015,71.7,140.52793981286,23080.3020861213,1.2,72.6,43.7682983333333,-79.4859583333333,987.8,6.51885312630171,7.18740479828953,15.9,29.1345237700061,27.3,207.2,31.8,2.2,6
2018-08-09 15:54:00.400,197.9,34.4585741022792,1.92714836085128,1.97267555282142,2.06138181975434,403.191494000159,412.716584493926,2.11008066145371,72.2,140.49795408465,23078.9436548558,1.2,73.6,43.7683116666667,-79.4859083333333,987.9,6.51702222707534,7.1827509465639,16.2,29.1367435301835,27.3,207.5,36.7,2.4,6.1
2018-08-09 15:54:01.400,197.4,34.4623811566419,1.92774999419876,1.97318110400899,2.08445239179346,402.736853425811,412.228138749582,2.13357710804304,72.4,140.464810688325,23024.3011341414,1.2,76,43.7683216666667,-79.485855,987.8,6.5139257150982,7.18967715392579,16.6,29.1389815841749,27.3,204.5,26.7,2.5,6.2
2018-08-09 15:54:02.400,196.8,34.4635553088427,1.92774475689798,1.97313401839461,2.05659340764266,402.878413014837,412.364351779466,2.10501665071808,71.8,140.522101447571,23003.8974106277,1.2,74,43.7683333333333,-79.4858,987.8,6.51057302879181,7.189452791048,16.6,29.1413355716988,27.3,209.5,27.6,2.3,6
2018-08-09 15:54:03.400,196.3,34.4661686930764,1.92878531957053,1.97431603350033,2.20760217083387,402.81972163689,412.328749559257,2.25971470147663,71.2,140.4528398819,23061.6452337778,1.2,72.9,43.7683483333333,-79.4857483333333,987.8,6.51729561548238,7.18971653822161,16.8,29.1436638958568,27.3,189.4,33.3,2.4,8
2018-08-09 15:54:04.400,196.3,34.4618001897888,1.92697704729208,1.97227577612461,1.88757256563979,402.604410785052,412.068728350304,1.93194569816144,71.3,140.496191835166,22967.6903338492,1.2,72.6,43.7683633333333,-79.4856916666667,987.9,6.51698862729479,7.18920127236797,16.8,29.1457178819047,27.3,192.3,30.7,2.2,7.4
2018-08-09 15:54:05.400,196.4,34.4622912732162,1.92889965528852,1.97447726127632,1.56449743214412,402.482541810692,411.992717640736,1.60146465068164,72.3,140.510685657941,23083.5353366732,1.2,73.6,43.768375,-79.48563,987.8,6.51365571767677,7.18424690286869,17.2,29.1481132556471,27.3,212.6,35.8,2.8,5.7
2018-08-09 15:54:06.400,196.7,34.46967,1.928821,1.974341,2.031794,402.3227,411.8175,2.079744,72.2,140.4462,23055.82,1.2,73.3,43.7683883333333,-79.48557,987.9,6.517804,7.190032,17.5,29.15053,27.3,213.8,23.1,2.4,5.9
2018-08-09 15:54:07.400,197.1,34.4676323427813,1.9285689998802,1.97415692178749,1.95059778952561,402.482168825809,411.995967272341,1.99670602302506,71.7,140.528493789121,23092.0548609755,1.2,72,43.7684033333333,-79.4855083333333,987.9,6.51834048463004,7.18588581052897,17.7,29.1527645323123,27.3,220.1,16.8,2.2,6
2018-08-09 15:54:08.400,197.3,34.47282,1.929074,1.974575,1.696104,401.8355,411.3136,1.73611,71.7,140.4968,23043.44,1.2,72,43.768415,-79.4854466666667,987.8,6.519862,7.190619,17.9,29.15481,27.3,221.3,17.8,2.3,5.5
2018-08-09 15:54:09.400,197.5,34.47574,1.928287,1.973537,1.803089,401.7406,411.1679,1.845401,70.4,140.4727,22928.12,1.2,69.2,43.7684316666667,-79.4853866666667,987.9,6.525807,7.18748,17.9,29.15748,27.3,226.6,27.6,2.9,4.6
2018-08-09 15:54:10.400,197.8,34.47132,1.927232,1.972453,1.779102,401.4559,410.8758,1.820847,70.3,140.5192,22926.27,1.2,70.2,43.76845,-79.4853266666667,987.9,6.523763,7.190876,18.3,29.15944,27.3,228.1,27.5,3.2,5.4
2018-08-09 15:54:11.400,198,34.4796193940732,1.93271469987026,1.9780830419898,1.90666299186691,401.433335447544,410.85648569365,1.95141938571932,70.9,140.449795712696,22935.2930657909,1.2,70.9,43.768465,-79.4852633333333,988,6.51298364618699,7.1924148046424,18.5,29.1619706846807,27.3,203.1,14.2,2,8
2018-08-09 15:54:12.400,198.3,34.480298055757,1.92824283962081,1.97356421262406,1.88533218340046,401.273752948446,410.705353569397,1.92964497069065,71.6,140.511601567385,22964.4203635664,1.2,70.4,43.7684816666667,-79.4851966666667,987.9,6.51748975945458,7.18432409065962,18.8,29.1638876172323,27.3,244.4,357.7,1.5,6.2
2018-08-09 15:54:13.400,198.6,34.4854307577987,1.93198452677567,1.97758440400698,1.75217002212556,401.508000638885,410.984585580708,1.79352577479667,72.5,140.509920851119,23058.1276620751,1.2,71.6,43.768495,-79.4851316666667,987.9,6.51140807693151,7.18602073753532,18.8,29.1663219163871,27.3,243.7,12.7,2.4,5.2
2018-08-09 15:54:14.400,199,34.4926518387381,1.9333935937973,1.97911304240348,2.25001544756566,402.042888926601,411.549933787219,2.30322064859874,71.9,140.455504208683,23100.6055525319,1.2,72.2,43.76851,-79.4850666666667,987.9,6.51228275424782,7.1821164837957,19,29.1685826110061,27.4,241,17.9,3.2,4
2018-08-09 15:54:15.400,198.8,34.4973135253451,1.93142472713591,1.97711237044314,2.05266127342331,401.773257037168,411.276978318323,2.10121492277657,71.4,140.499338291793,23107.8608268069,1.2,69.6,43.7685233333333,-79.485005,987.8,6.51829994096786,7.1902225622082,19.2,29.1707008541034,27.4,245.4,4.5,2.8,5.3
2018-08-09 15:54:16.400,198.8,34.5029418560817,1.93303550372715,1.97880315503616,1.75695756281001,401.629866097472,411.138934007406,1.79855573423346,71.1,140.493662044744,23128.7699298003,1.2,70,43.7685433333333,-79.48494,987.9,6.51571207913271,7.18677474535474,19.4,29.1732790346655,27.4,236.7,5.4,1.6,7.1
2018-08-09 15:54:17.400,198.9,34.5096894060645,1.92934104779851,1.97504551939471,1.96042003342251,403.493816175434,413.052279442359,2.00686116221281,70.3,140.476474693788,23141.1379411078,1.2,70.4,43.7685616666667,-79.484875,988,6.52209826173055,7.18490341708963,19.6,29.1752007553492,27.4,227.6,11.8,2,7.2
2018-08-09 15:54:18.400,198.8,34.509629625989,1.93203636408459,1.97791056857295,1.93239327744658,403.871843638598,413.461366581125,1.9782764270282,70,140.521534912529,23193.2782043432,1.2,71.6,43.7685783333333,-79.48481,987.9,6.51672968080754,7.18978299500693,19.8,29.1777528678443,27.4,215.4,18,1.9,8.3
2018-08-09 15:54:19.400,199,34.5168196489203,1.93125160298363,1.97706477023804,1.70265356072483,403.587944065906,413.161867525836,1.74304344876819,70.6,140.49631113937,23172.3952768104,1.2,72.1,43.768595,-79.4847433333333,988,6.51799991223009,7.18886422352125,19.8,29.1797326076642,27.4,221.4,10.3,2.2,7.3
2018-08-09 15:54:20.400,199.5,34.5161226144658,1.92955409157266,1.97527278251832,2.10415098150156,404.066875985536,413.640950681851,2.15400738035453,71,140.501213072329,23145.7643889062,1.2,71.3,43.7686116666667,-79.4846766666667,987.9,6.51782765548529,7.18559476210339,19.8,29.1821588796501,27.4,256,0.4,1.6,7.4
2018-08-09 15:54:21.400,199.3,34.518316819645,1.93096888538107,1.976749109532,2.23330904048585,403.709855297655,413.281302643755,2.28625742824965,71.9,140.507858075765,23159.7321596357,1.1,73.4,43.7686266666667,-79.4846133333333,987.8,6.51845535669857,7.18980333035287,19.6,29.1843549804981,27.4,237.4,7.7,1.3,9
2018-08-09 15:54:22.400,199,34.5257376762531,1.92975493284608,1.97566473729164,1.9605563747319,404.209044456647,413.825388468154,2.00719871856262,71.8,140.459277264625,23237.788275598,1.1,73.7,43.7686433333333,-79.48455,988,6.52131098755163,7.18985495815879,19.6,29.1867916542876,27.3,195,10.7,1.1,10.3
2018-08-09 15:54:23.400,198.9,34.5301210401464,1.92834064720218,1.97434294096204,1.78737686920572,403.299666854089,412.920651683064,1.83001666048497,71.6,140.495896701017,23299.8381188952,1.1,73.7,43.7686583333333,-79.4844866666667,988,6.52209103122418,7.19013623968312,19.2,29.1889579925817,27.3,187.7,9,1.2,9.4
2018-08-09 15:54:24.400,199.1,34.5349125844348,1.93088311419347,1.97711424461905,1.86904296423975,405.252926028245,414.955821059399,1.91379368574094,71.4,140.503644096519,23382.9364437558,1.1,72.6,43.7686766666667,-79.484425,988,6.51702000644262,7.18861669521495,19.2,29.191306981519,27.2,215.9,9.6,1.3,8.3
2018-08-09 15:54:25.400,199.3,34.5430602001828,1.92938769152855,1.97550948250509,1.72483371689573,406.256336757815,415.967834383398,1.76606434836943,71.4,140.469342959729,23346.7378027361,1.1,72.5,43.7686916666667,-79.4843633333333,987.9,6.52040718256956,7.1826820366834,19,29.1936667797989,27.2,219.5,9.8,1.6,8
2018-08-09 15:54:26.400,199.5,34.5414432068416,1.92768379048726,1.97399507455947,1.66210467019988,406.856892569065,416.63140798848,1.7020361255702,71.3,140.527917156522,23460.7599783757,1.1,73.1,43.7687066666667,-79.4843,988,6.52145157536507,7.18569149947002,19,29.1956948931109,27.2,231.3,4.7,1.1,8.2
2018-08-09 15:54:27.400,199.4,34.5416679767434,1.92788910177303,1.97400699608093,1.67360664973821,406.135859898291,415.851297388883,1.713641796777,70.9,140.494869696579,23362.6164744211,1.1,72,43.7687216666667,-79.48424,988,6.52312326347763,7.18818649944075,19,29.1981160939079,27.2,229.7,8.8,1.1,7.9
2018-08-09 15:54:28.400,199.4,34.5423382920757,1.9264620780018,1.97253999864745,1.91810960670584,405.894060881683,415.602346692579,1.9639879493757,70.6,140.482809143808,23359.4565232868,1.1,69.9,43.7687366666667,-79.4841766666667,988,6.5230233541665,7.19473759538054,19,29.1999569534263,27.2,232.8,4,1.7,6.9
2018-08-09 15:54:29.400,199.4,34.5395870225423,1.92664677039666,1.97271732127827,2.0844347516404,405.596168667137,415.294999081259,2.13427928252413,70.6,140.507344067364,23354.1109406113,1.1,69.1,43.7687516666667,-79.4841133333333,987.9,6.52622761042109,7.19084039295533,19.4,29.2028086141828,27.1,243.7,4.7,1.4,7.4
2018-08-09 15:54:30.400,199.5,34.5433973848498,1.92693503888922,1.97293814764394,1.84057089255559,405.732801562722,415.419123313666,1.88451295684078,70,140.450160433429,23317.0122794083,1.1,71.5,43.76877,-79.4840516666667,988,6.52271759343895,7.18745208483008,19.4,29.2048437026974,27.1,249.9,2.3,1.8,7.1
2018-08-09 15:54:31.400,199.2,34.5400272616355,1.92513684564491,1.97102905102225,1.73359688298196,405.308614029053,414.970486636534,1.7749228785447,70,140.516230161057,23283.2486228307,1.1,70.8,43.7687866666667,-79.48399,987.9,6.52384897728435,7.19120723918612,19.4,29.2071091756508,27.1,252.6,359.5,2.1,6.4
2018-08-09 15:54:32.400,198.8,34.5394946810339,1.92773728349798,1.9736729652694,1.86846383312125,404.972619852267,414.62264286267,1.91298738145386,70.1,140.49520082641,23274.1197751245,1.1,70.8,43.7688,-79.4839266666667,988,6.52048365493615,7.18707958037491,19.2,29.2092260980629,27.1,250.7,357.1,2.3,6.3
2018-08-09 15:54:33.400,198.8,34.5427266598476,1.92689048032594,1.97259392733567,1.82711792140726,404.330288612877,413.920466744599,1.87045559772598,70.2,140.474344087253,23169.059736569,1.1,71.1,43.768815,-79.4838666666667,988,6.52113496858339,7.19106046823849,19,29.2117766306228,27.1,254.5,358.8,1.9,7.3
2018-08-09 15:54:34.400,198.3,34.5429421937684,1.92514986140647,1.9707198439831,1.58818307557088,404.354225976849,413.925612513285,1.62577687019336,70.3,140.492880543813,23123.5367872309,1.1,72.9,43.7688283333333,-79.4838083333333,987.9,6.52256606097942,7.19516843821985,18.8,29.2140446647334,27.1,249.4,6.2,1.7,7.7
2018-08-09 15:54:35.400,197.8,34.5422172473378,1.92629511738312,1.97187994009642,1.7869762295521,404.438915642055,414.009839402161,1.82926703823124,70.1,140.488292864656,23117.6979009708,1.1,70.5,43.768845,-79.48375,987.9,6.52066549476597,7.1910730016228,18.7,29.2161039061576,27.1,235.9,7.5,1.1,8.8
2018-08-09 15:54:36.400,197.6,34.5446980735727,1.92438256772072,1.96972168025162,1.62552371637488,404.741811168188,414.277529668776,1.66381810440462,69.9,140.502999618158,23017.8045042377,1.1,71,43.76886,-79.4836933333333,988,6.52058466085934,7.19108341271336,18.5,29.2183125046792,27.1,212.8,7.7,1.1,9.4
2018-08-09 15:54:37.400,197.3,34.5485185563949,1.92467105780076,1.96987264985226,1.9034901607595,405.244265230478,414.761696498051,1.94819741381905,70.2,140.506500471813,22946.8249704691,1.1,71.1,43.7688783333333,-79.4836366666667,988,6.5249740544381,7.18918893058838,18.3,29.2202861909096,27.1,201.7,12.3,1.2,9.3
2018-08-09 15:54:38.400,197.2,34.5535900314777,1.92819316945692,1.97331447945404,1.67187869788783,406.244117254085,415.750494514348,1.71100181674565,71,140.486878280356,22865.7264191131,1.1,73.4,43.7688916666667,-79.48358,988,6.51926794187835,7.19225097295054,18.1,29.2231407000865,27.1,190.8,12.1,1.2,9.2
2018-08-09 15:54:39.400,197.3,34.5535567263474,1.92565924045188,1.97074394633595,1.68519012645774,406.883598743782,416.409910764917,1.72464559719307,70.3,140.524262914887,22877.2366499625,1.1,72.8,43.7689083333333,-79.4835216666667,987.9,6.52468552412694,7.19434055486578,17.9,29.2248788491666,27.1,192.9,10.1,1,9.7
2018-08-09 15:54:40.400,197.7,34.5533248759579,1.92712586779707,1.97227614413565,1.87112368859674,407.76183732235,417.315146067872,1.91496130179465,69.2,140.495677288391,22892.398064876,1.1,70.8,43.768925,-79.4834633333333,987.9,6.51955490815583,7.18955017725917,17.5,29.2273266698099,27.1,161.3,10.6,0.8,9.3
2018-08-09 15:54:41.400,197.6,34.5505440005502,1.92687501129884,1.97207815026137,1.68088687945835,408.068971664127,417.641973955783,1.72031869754524,68.8,140.476830925792,22921.5788170926,1.1,69.5,43.76894,-79.4834083333333,987.9,6.52331078730429,7.18685602675578,17.4,29.2296325587764,27.1,178.2,18.7,1.3,8.7
2018-08-09 15:54:42.400,197.4,34.5491608122537,1.92605163802102,1.97135992166487,1.6436485857993,406.602404427925,416.167162125883,1.68231409333542,69.9,140.496652362952,22983.1456355544,1.1,70.4,43.7689566666667,-79.4833516666667,987.9,6.52080171164456,7.19039385275292,17.2,29.2319053132091,27.1,144.9,19.5,1.6,11.8
2018-08-09 15:54:43.400,197.4,34.5529254327572,1.92612397156618,1.97159139688143,1.75047695064191,406.05501203081,415.640126192317,1.79179894727542,70.9,140.484148680196,23061.1672319295,1.1,71.5,43.7689716666667,-79.483295,987.9,6.52425243588996,7.18610963201983,17,29.2340934745834,27.1,159.3,31.9,2.7,9.4
2018-08-09 15:54:44.400,197.5,34.5569712234101,1.92172597323586,1.9671569090431,1.9112140058363,404.915635537228,414.488027179677,1.95638456186519,70.6,140.503417028943,23094.5060885596,1.1,73.1,43.7689866666667,-79.48324,988,6.5261752085903,7.18600518118621,16.8,29.2364310452746,27.1,194.2,29.4,2.7,8
2018-08-09 15:54:45.400,197.7,34.5599562136443,1.92309906334859,1.96878153775071,1.40733722326348,403.527248618571,413.112913333264,1.44077211426778,70,140.500441730932,23203.5715252143,1.1,71.6,43.7690016666667,-79.4831866666667,987.8,6.52382480477476,7.18956619483515,16.6,29.2386162541537,27,209.6,19.6,2.3,6.9
2018-08-09 15:54:46.400,198,34.5639702039604,1.92216751128559,1.96799140869691,1.65841734504572,403.308780779694,412.923431394162,1.69795331105232,69.5,140.470194953455,23284.4696705592,1.1,70.6,43.7690166666667,-79.4831333333333,987.9,6.52167146065256,7.18801222269871,16.4,29.2411532589583,27.1,188.5,15.8,1.6,8
2018-08-09 15:54:47.400,197.8,34.5661405577757,1.92146527187103,1.96730707001741,1.63529067501604,402.591168726657,412.196162685494,1.67430514104858,70.1,140.520246875294,23301.8447802106,1.1,71.8,43.7690283333333,-79.4830816666667,987.9,6.52392365041944,7.18860106198764,16.1,29.2431906376991,27.1,182.8,22.1,1.4,8.7
2018-08-09 15:54:48.400,197.5,34.5675507389325,1.92329848188482,1.96914909303898,1.59975820924358,403.011968623144,412.619598262302,1.63789602421811,70.9,140.490412964939,23284.4222388703,1.1,71.8,43.76904,-79.4830266666667,987.9,6.51809777599603,7.18735309005695,15.9,29.2455353696855,27.1,175,22.1,1.8,8.9
2018-08-09 15:54:49.400,197.4,34.573541775853,1.92187586674082,1.9675715388434,1.5196400564889,402.698089267843,412.272812822645,1.55577491021228,71.4,140.494494529883,23224.2260823593,1.1,72.6,43.7690516666667,-79.4829733333333,987.9,6.52398224561348,7.19300569185544,15.7,29.2479769418825,27.1,161,24.4,2.1,9.7
2018-08-09 15:54:50.400,197.4,34.5771687428113,1.92202491391027,1.96764950598054,1.33443670052602,402.613750653051,412.170960877331,1.36611553044255,71.5,140.52204355783,23187.4102033208,1.1,72.5,43.7690633333333,-79.4829233333333,987.9,6.52425020139356,7.18786391493879,15.3,29.2501133124599,27.1,161.1,18.8,1.6,9.5
2018-08-09 15:54:51.400,197.6,34.5812622627581,1.92536291254053,1.97110722728317,1.63465455176257,402.372600964491,411.932610830167,1.67349089982762,71.1,140.485723485825,23207.5821227078,1.1,72,43.7690766666667,-79.4828733333333,987.9,6.5166739700579,7.19317053227066,15.1,29.2522917104872,27.1,164.4,23.1,1.2,8.1
2018-08-09 15:54:52.400,198,34.5823956924427,1.9220317986951,1.96757034281283,1.73710729708806,402.399103574128,411.933214773987,1.7782738855692,70.8,140.512938814769,23144.7562325097,1.1,70.3,43.76909,-79.4828233333333,987.8,6.52171426246528,7.18460330643673,15.3,29.2544824610434,27.1,192.8,29.1,1.9,6.8
2018-08-09 15:54:53.400,198.3,34.5823643945346,1.92221328553124,1.9675022965397,1.48487342360059,402.641890308629,412.128434524281,1.51985713487378,71.8,140.489704565568,23018.2870812956,1.1,71.4,43.7691016666667,-79.4827716666667,987.7,6.5226933684891,7.18627440117011,15.1,29.2568574066243,27.1,211.2,10.9,1.4,6.3
2018-08-09 15:54:54.400,198.2,34.5856133980529,1.92416771756744,1.96941551413907,1.57809465902217,402.661603839431,412.130383161336,1.61520420106038,71.8,140.469608235675,22975.1933493671,1.1,70.8,43.7691116666667,-79.4827216666667,987.9,6.51957384205008,7.18557028217045,15.1,29.2591355626495,27.1,233,6.5,1.5,5
2018-08-09 15:54:55.400,197.7,34.5915546492416,1.92335057214401,1.96855161882651,1.51457216652016,402.812353664792,412.278914326462,1.55016480779245,71.3,140.521995825259,22961.4862357871,1.1,71.7,43.76912,-79.482675,987.9,6.52093912100173,7.18995124726736,15,29.2616401524402,27.1,246.6,3.9,1.6,4.7
2018-08-09 15:54:56.400,197.5,34.596153082345,1.92317619622509,1.9682533134656,1.67815206585252,403.049175304892,412.496172156711,1.71748218967669,69.8,140.489577486103,22901.9551240713,1.1,69.9,43.7691333333333,-79.48263,987.9,6.52168974669768,7.18809566005127,14.6,29.2637691512903,27.1,245.3,15.8,2.1,3.9
2018-08-09 15:54:57.400,197.5,34.6018357020573,1.9246996641253,1.969655999115,1.6730443650258,403.043027005052,412.457177885707,1.71211983596919,69.6,140.50136826234,22824.5235149655,1.1,70.9,43.7691466666667,-79.4825833333333,987.9,6.51859795577141,7.18609363817356,14.2,29.266128259619,27.2,230.5,8.6,1.9,5.1
2018-08-09 15:54:58.400,197.7,34.6043346029676,1.92494074828319,1.96988384003426,1.2981357088909,403.285307369202,412.701136572634,1.32843623997137,69.9,140.519168128386,22815.1520633698,1.1,71.9,43.7691566666667,-79.4825383333333,987.9,6.52066203516624,7.1880152121766,13.8,29.2681996695157,27.3,218.2,23.9,1.3,5.8
2018-08-09 15:54:59.400,197.9,34.6068580527434,1.92282053853033,1.96750507897497,1.5010175872782,402.89606913988,412.25904864793,1.53590230293246,71.1,140.485732592269,22711.4381205993,1.1,73.2,43.7691683333333,-79.4824916666667,988,6.52301861851706,7.18868802282333,13.8,29.2702560094623,27.3,197.1,33.9,2.1,5.6
2018-08-09 15:55:00.400,197.8,34.6076700702338,1.92511019626001,1.96978276296032,1.38806272519653,404.031704012115,413.407348534597,1.4202733142251,71.5,140.51764094494,22678.9932531491,1.1,74,43.7691766666667,-79.4824483333333,987.8,6.52074150464553,7.18898326704982,13.5,29.2729144087909,27.3,203.5,27.1,1.9,6.3
2018-08-09 15:55:01.400,197.6,34.6122180059297,1.92557859437853,1.97024982634574,1.61320509099584,404.109903033377,413.484808594938,1.65063149405932,70.7,140.489230612137,22672.9738223444,1.1,75.3,43.7691866666667,-79.4824066666667,987.7,6.52306095382502,7.19211605804545,13.3,29.2749996993374,27.3,194.9,31.2,2,6.1
2018-08-09 15:55:02.400,197.4,34.6149127411344,1.92409656929527,1.96858108424258,1.56077702732199,404.420110648228,413.770098715669,1.59685464789758,68.9,140.479097772933,22597.1463395556,1.1,72.2,43.7691983333333,-79.4823683333333,987.7,6.52290212267959,7.18701317901935,12.9,29.2774288478696,27.3,196.2,52,2.5,5.7
2018-08-09 15:55:03.400,197.5,34.6147242312616,1.92229934313941,1.96661637451991,1.64445848006492,404.534623561289,413.860833691749,1.68236123379896,69.3,140.518964006158,22534.7158087824,1.1,71.8,43.7692083333333,-79.4823266666667,987.8,6.52925164270585,7.18284005030934,12.7,29.2793840811793,27.3,198,55.9,2.9,6.1
2018-08-09 15:55:04.400,197.5,34.6134942055292,1.92361773952648,1.96813258792389,1.41268721574751,403.916336967948,413.263357944708,1.44537987793982,69.7,140.478071858575,22617.6674885349,1.1,74.7,43.76922,-79.4822866666667,987.9,6.52548163812724,7.1874297093425,12.5,29.2819389825312,27.3,195.6,38.6,2.7,5.7
2018-08-09 15:55:05.400,197.4,34.6131269732455,1.92452471387405,1.96916573716187,1.62016445818445,403.601297998,412.963157486464,1.65773998255051,71.2,140.486231490818,22670.0678230244,1.1,68.9,43.7692266666667,-79.4822466666667,987.7,6.52039824295069,7.18983240989223,12.4,29.2840964610459,27.3,197.1,36.7,2.5,7.1
2018-08-09 15:55:06.400,197.3,34.616043289785,1.92285614182581,1.96768711043886,1.5441800144731,402.774662343967,412.165305910057,1.58018294067916,73,140.498916632592,22783.6091155694,1.1,73.4,43.769235,-79.482205,987.9,6.51926340827976,7.19136328761858,12.7,29.2864215192616,27.3,176.2,26.1,1.7,7.5
2018-08-09 15:55:07.400,197.2,34.6215235310552,1.92233756776275,1.96720434811952,1.67517250654792,402.882673733073,412.285801555984,1.71426954776848,72.3,140.481545897275,22807.3632013784,1.1,73.8,43.7692416666667,-79.4821633333333,987.8,6.52139188248416,7.18624627332945,12.5,29.2886470195574,27.3,185.2,37.9,1.5,4.9
2018-08-09 15:55:08.400,196.9,34.6236581273231,1.9223421941807,1.96729882626943,1.6369464914106,402.912014442251,412.334728743921,1.6752295387621,73.1,140.529273665055,22852.0359946862,1.1,75.6,43.76925,-79.482125,987.8,6.51877886033403,7.18929092632493,12.4,29.2909785532727,27.3,225.2,78.4,3.3,3.5
2018-08-09 15:55:09.400,196.7,34.632111809549,1.92254042305835,1.96758619673682,1.76533691631691,402.659844228381,412.094186983438,1.80669824798978,74.2,140.493988675771,22893.7036679848,1.1,80.8,43.769255,-79.4820866666667,987.9,6.52089524135847,7.18503032343338,11.4,29.2931427666955,27.3,227.3,83,3.4,3
2018-08-09 15:55:10.400,197.1,34.6416490514076,1.92353668534027,1.96871282394144,1.72953541576324,401.588372376835,411.020069300589,1.77015551799786,80.7,140.466878352198,22947.070558007,1.1,87.4,43.7692533333333,-79.4820483333333,987.8,6.52211157007618,7.18886960426108,10.9,29.295529886217,27.3,227,101.1,3.4,3.5
2018-08-09 15:55:11.400,197.5,34.6461874355042,1.9205399859263,1.96566213682574,1.73354776085175,401.120482563063,410.544539638933,1.77427980620233,86,140.514816184493,22955.1823848274,1.1,96.6,43.76925,-79.482015,987.7,6.52653240422986,7.18786743784806,10.1,29.297808842848,27.4,241,46.4,2.7,2.9
2018-08-09 15:55:12.400,197.6,34.6537157831869,1.92113933702992,1.96649980501491,1.77341656607505,400.263976510032,409.71473881558,1.81528917164731,89.8,140.489603147245,23066.8366103857,1.1,96.1,43.7692466666667,-79.481985,987.8,6.52739345026748,7.19068481985055,9.4,29.2998829579152,27.4,221,44,1.3,4.3
2018-08-09 15:55:13.400,197.4,34.6603731733501,1.92221447306198,1.96767845859987,1.74052179297733,400.928904487418,410.411691177963,1.78169095856783,94.1,140.487610857358,23105.5315805639,1.1,95.5,43.7692383333333,-79.4819533333333,987.7,6.51910230708081,7.18920779711962,9,29.3021591427427,27.4,196.7,46.3,1.9,5.7
2018-08-09 15:55:14.400,197.6,34.6661130871121,1.92156641851498,1.96714206723969,1.78038825594489,401.459135342986,410.981012636793,1.82261498781129,99.5,140.495588042429,23168.6637942978,1.1,107.2,43.7692333333333,-79.4819216666667,987.8,6.52445313431639,7.19123097830666,8.7,29.3045854074187,27.4,166.8,32.3,2.2,7.9
2018-08-09 15:55:15.400,198.4,34.6701382498405,1.92305054848613,1.96863823577752,1.68952771654591,401.132351590981,410.641627439136,1.72957909686962,103.2,140.461362190148,23157.0896309193,1.1,107.8,43.76923,-79.481895,987.9,6.52218546710466,7.18541845192909,8.1,29.3068892763793,27.4,171,44.8,3,9.1
2018-08-09 15:55:16.400,199.5,34.6695206514559,1.9222161193285,1.96775083099913,1.74193762990689,401.201678783221,410.705760902295,1.78320309347912,108.5,140.497334120116,23140.7248402962,1.1,119,43.7692283333333,-79.4818666666667,987.8,6.51995459124115,7.18374705953407,7.9,29.3092273149754,27.4,180.6,54.1,3.9,9.8
2018-08-09 15:55:17.400,200.5,34.6737264901032,1.9215480552875,1.9671895584449,1.82133994849461,401.560187985877,411.098302632437,1.86460218430029,113.2,140.486346526864,23201.5036748337,1.1,123.8,43.76922,-79.4818383333333,987.6,6.52316620761537,7.18782761682368,7.2,29.311431513949,27.3,191.7,55.4,4.4,10.6
2018-08-09 15:55:18.400,201.7,34.6804700943469,1.92065525728953,1.96623872808379,1.88707961322392,401.419373454767,410.946447651774,1.93186726911438,118,140.481449909831,23183.1486813251,1.1,127.6,43.76921,-79.48181,987.7,6.52379476073499,7.18797458931616,7,29.3138661708873,27.3,187.5,58.9,4.8,11.3
2018-08-09 15:55:19.400,202,34.6841517619228,1.91986189173138,1.96525706445678,1.73950541995222,401.639803398678,411.136665643902,1.78063994953054,118.6,140.511223544873,23099.0422462886,1.1,129.9,43.7691966666667,-79.481785,987.7,6.524737361471,7.18637738553291,6.8,29.3160250273159,27.3,199.1,57.9,4.1,10.1
2018-08-09 15:55:20.400,203.2,34.688792046984,1.92066891203018,1.9660989567988,1.54966541160801,401.754997318501,411.257822764722,1.58632300683008,116.7,140.490873055219,23106.7062452397,1.1,115.6,43.7691883333333,-79.4817533333333,987.7,6.5285897579317,7.18735865414018,6.6,29.3182728248964,27.3,220.3,76.6,3.8,7.4
2018-08-09 15:55:21.400,204.9,34.6930655564773,1.9224366589762,1.9680322346153,1.61398856322458,401.963383635242,411.497062666473,1.65226832059301,120.5,140.497923564198,23168.2123231967,1.1,123,43.76918,-79.481725,987.6,6.52512746356339,7.18772614546314,6.6,29.3204675785713,27.3,209.2,63.4,3.8,8.7
2018-08-09 15:55:22.400,205.1,34.7024973939036,1.92233606678262,1.96777197071983,1.59775194070141,402.708032624708,412.226408730312,1.63551685749313,120.6,140.489150036227,23090.0975884981,1.1,123.8,43.76917,-79.4817066666667,987.6,6.52186964157461,7.18232295148015,7,29.3228157224925,27.3,209,66.2,4,8.3
2018-08-09 15:55:23.400,204.4,34.7092792535547,1.9208314404229,1.96616121148164,1.56798112887902,402.186644750951,411.677814177758,1.60498366176376,121.3,140.466466120449,23054.8290704608,1.1,121.6,43.76916,-79.4816916666667,987.7,6.52698402110371,7.18203708030038,7,29.3250705331752,27.3,219.8,78.3,4.3,9.1
2018-08-09 15:55:24.400,203.4,34.706637675184,1.92136591430542,1.96676119892722,1.5193605146141,402.549328301962,412.0601300953,1.55525923162337,120.6,140.496332846218,23081.121248235,1.1,117.8,43.7691516666667,-79.4816766666667,987.5,6.52645253710964,7.18170263463462,7.2,29.3275066655793,27.3,229.5,70.2,3.4,6.5
2018-08-09 15:55:25.400,202.4,34.7099677469454,1.92207901956116,1.96749681654619,1.47615197170621,402.737692816305,412.254102149187,1.51103479033816,118.9,140.487109204636,23083.9623924822,1.1,115.9,43.7691383333333,-79.4816566666667,987.5,6.5270311250898,7.18323750624561,7.7,29.3297721728653,27.3,222.9,60.4,3.1,6.8
2018-08-09 15:55:26.400,201.6,34.715651002201,1.92220796968309,1.96764456275791,1.65318063402337,402.272071119184,411.78101870384,1.69224729274367,108.4,140.49024914494,23092.1313183974,1.1,103.8,43.769135,-79.48163,987.6,6.5223263341183,7.18831447069055,8.3,29.3321059780732,27.3,226.4,60.2,2.6,4.1
2018-08-09 15:55:27.400,200.8,34.7151400369161,1.92004535220516,1.96522807198377,1.6508095734383,402.145401999758,411.608799723532,1.68965910310151,98,140.503607289996,22991.2372869598,1.1,89.3,43.7691366666667,-79.4816,987.6,6.52718993693897,7.1857476917906,8.5,29.3340834020339,27.3,268.7,63.3,1.9,0.8
2018-08-09 15:55:28.400,200.2,34.7154043559521,1.92254450230165,1.96770639248021,1.55638728861649,402.318846059531,411.769550462306,1.59293675917309,88.6,140.487743373018,22951.5242692402,1.1,82.1,43.76914,-79.4815716666667,987.5,6.52245061323343,7.18484974245987,8.7,29.3364643373018,27.4,272.2,90.8,2.3,0.9
2018-08-09 15:55:29.400,199.9,34.7123648538647,1.92259944698927,1.96765168186431,1.97165610735613,402.340905337546,411.768962492665,2.01785766663292,82.3,140.505734789202,22896.5151718853,1.1,74.5,43.7691466666667,-79.4815416666667,987.6,6.519006447247,7.18199620986831,8.7,29.3388685689762,27.5,253.9,76,2.3,1.4
2018-08-09 15:55:30.400,199.9,34.7101224933987,1.92203544366974,1.96710263487777,1.8447910518051,402.255222459907,411.687184530486,1.88803779936338,78.4,140.500865721868,22910.513370056,1.1,76.7,43.769155,-79.4815133333333,987.6,6.52191365097498,7.182262561618,8.5,29.3409672904119,27.5,234,57.9,2.4,3.7
2018-08-09 15:55:31.400,199.7,34.7057640058225,1.92189357958015,1.96702545075164,1.54768165591173,401.932519794669,411.371220883591,1.58402556996593,76,140.504122275227,22944.4721263596,1.1,79.4,43.7691616666667,-79.481485,987.6,6.52108571288285,7.1832450967534,8.3,29.3432742469653,27.5,196.4,63.4,1.6,3.9
2018-08-09 15:55:32.400,199.9,34.7013934170801,1.92126477988347,1.96628319284834,1.44881471608513,401.327471822194,410.731173700002,1.4827725275914,74.1,140.509626196103,22895.0413460936,1.1,72.9,43.76917,-79.4814566666667,987.6,6.52528023256898,7.18504296757767,8.7,29.345373019211,27.5,224.3,79.8,2.5,2.3
2018-08-09 15:55:33.400,200.3,34.7040988457661,1.92149872400044,1.96641651995313,1.38252739221355,401.00711191709,410.381111692239,1.41484699025959,70.3,140.477260314791,22842.3007962989,1.1,76,43.7691816666667,-79.4814266666667,987.6,6.53009627395267,7.18038011430863,9.2,29.3476135937696,27.5,223.6,73.8,2.2,2.5
2018-08-09 15:55:34.400,200.4,34.7121524995619,1.92160500145876,1.96662835666524,1.69803998273921,401.192392716819,410.592446010627,1.73782590931256,66.9,140.483675887782,22893.9271700574,1.1,68.7,43.7691933333333,-79.4813966666667,987.6,6.52596556124936,7.18000497168872,9.6,29.3501571701811,27.5,231.7,54.9,2.4,3.1
2018-08-09 15:55:35.400,200.4,34.7199193859556,1.92075029403484,1.96584156130483,1.64277398659987,401.582129206948,411.009755658398,1.68134250263485,66.1,140.486487758286,22937.6842569447,1.1,67,43.7692033333333,-79.481365,987.5,6.52640354242143,7.18252111139514,9.8,29.3524304447971,27.5,211.3,40.5,1.8,4
2018-08-09 15:55:36.400,200.4,34.7245186894839,1.91993528373825,1.96496000212804,1.66302464231247,401.601268398652,411.019354903352,1.70202754069871,61.9,140.490201986168,22913.9134846604,1.1,64.8,43.7692166666667,-79.481335,987.5,6.53032929579713,7.18103212307147,9.8,29.3547944174499,27.5,174.4,28.1,1.5,5.7
2018-08-09 15:55:37.400,200.3,34.7260291092968,1.92024264639624,1.96532643991744,1.7444647889042,401.454389078234,410.87981121062,1.78542126678169,56.5,140.505734143623,22939.6288526904,1.1,61.8,43.7692316666667,-79.48131,987.5,6.52747831468741,7.17906878543589,9.4,29.3572053980334,27.5,188.8,43.6,2,3.4
2018-08-09 15:55:38.400,200.3,34.7249000989739,1.92134826425403,1.96652037695061,1.63268892501106,401.31680440221,410.752058315622,1.67107353792017,48.3,140.496063725788,22970.6112556915,1.1,57.1,43.7692466666667,-79.48129,987.5,6.52473220013354,7.17812497601557,8.8,29.3593923522982,27.6,216.2,32.4,1.4,2.4
2018-08-09 15:55:39.400,200.3,34.7189510218015,1.92058100149035,1.96581077527861,1.71239741294577,401.196262715174,410.644469694813,1.75272442727888,40.3,140.50910597553,23008.2190635394,1.1,48.7,43.7692616666667,-79.4812716666667,987.6,6.5253341438515,7.17857679690108,8.5,29.361564953562,27.6,210.2,65.3,2.4,1.2
2018-08-09 15:55:40.400,200.6,34.7115389344376,1.91982634165008,1.96508376326844,1.84591659959071,401.066082134851,410.520663261835,1.8894318930531,40.9,140.506138993996,23030.786951097,1.1,45.2,43.76928,-79.4812516666667,987.6,6.52375364260387,7.17947254756868,8.8,29.3637077747895,27.6,200.2,106.8,2.3,2.5
2018-08-09 15:55:41.400,200.8,34.7088103823449,1.92185802122989,1.96729088529651,1.84091138058302,401.119997576682,410.602515171598,1.88443060754598,48.8,140.492228031733,23094.0654133155,1.1,50,43.7692966666667,-79.4812266666667,987.5,6.52377000845058,7.17658773200615,9.6,29.3659587073592,27.6,187.8,94.2,3.1,3.6
2018-08-09 15:55:42.400,201,34.7096133885425,1.92049501617429,1.9659963098637,1.75357153796146,400.914615580373,410.413302972144,1.79511802182891,55.2,140.519429657552,23144.0467193628,1.1,55.5,43.76931,-79.4811933333333,987.5,6.52534614566062,7.17851152731153,10.7,29.3683495345685,27.7,182.9,78.6,3.1,4.7
2018-08-09 15:55:43.400,201.2,34.7143703651526,1.91928545182373,1.96480519952905,1.74956438082246,401.082661072686,410.595228821108,1.79106179838956,60.8,140.496731193234,23167.6108446788,1.1,59.3,43.7693216666667,-79.4811566666667,987.6,6.52705907162581,7.18145055825697,11.4,29.3706595500837,27.7,184.4,36.2,2.4,4.7
2018-08-09 15:55:44.400,201.3,34.7199966525601,1.91978189505769,1.96534436900265,1.83133382452615,401.328907192646,410.853628676516,1.87479759606798,63.3,140.49252091625,23182.784403077,1.1,66.2,43.769335,-79.4811183333333,987.4,6.52692300139387,7.18024864962127,11.6,29.3730334119267,27.7,144.2,39.2,1.7,6.8
2018-08-09 15:55:45.400,201.4,34.7234195609288,1.91915188115063,1.96464248038257,1.69606730895531,401.204418631736,410.714225409818,1.7362714477383,65.6,140.51060688191,23154.4702678223,1.1,69.9,43.7693466666667,-79.48108,987.4,6.52892300113807,7.17947776469064,11.4,29.3753383516695,27.6,182.6,55.6,3,5.4
2018-08-09 15:55:46.400,201.5,34.7280030214517,1.91917947976855,1.96474687931458,1.65512659601193,401.202051554254,410.727845235986,1.69442990980474,67.1,140.472783685887,23192.5063000471,1.1,71.7,43.7693583333333,-79.4810433333333,987.6,6.52910442665623,7.18063064121535,11.4,29.377570841974,27.5,204,68.8,2.8,3.2
2018-08-09 15:55:47.400,201.3,34.7318655580024,1.91984679737841,1.96546274971817,1.73539391063082,401.642552255822,411.185538280203,1.7766280070786,68.9,140.490403138024,23208.5466034899,1.1,72.8,43.7693666666667,-79.4810066666667,987.5,6.5261747226373,7.17579814515727,11.4,29.3797826650936,27.5,219.2,43.3,2.4,4
2018-08-09 15:55:48.400,201.4,34.7349745757317,1.92044691258443,1.96594404462528,1.66136219831726,401.983215177392,411.506487942494,1.70072312105899,70.2,140.495455925217,23142.5421476875,1.1,73.2,43.7693766666667,-79.48097,987.5,6.52695415669732,7.17275050266992,11.2,29.3820928361434,27.5,201,78,2.8,4.4
2018-08-09 15:55:49.400,201.5,34.7409619422609,1.92074568884384,1.96619880365115,1.67684987981238,401.623988434359,411.128242808623,1.71653131371913,71.6,140.492364963434,23117.5542199182,1.1,74.4,43.7693816666667,-79.4809316666667,987.5,6.52949321278319,7.18144342101951,11.4,29.3843919719795,27.5,211.3,88.2,3.5,5.1
2018-08-09 15:55:50.400,201.3,34.7449710955271,1.91985304337377,1.96529362064694,1.69391157212761,401.548872041693,411.05310717823,1.73400341068095,72.7,140.525157727317,23121.6573369878,1.1,73.6,43.7693883333333,-79.4808933333333,987.5,6.52932350581378,7.18043845920028,11.2,29.3867196955075,27.5,207.1,100.5,4.5,6.5
2018-08-09 15:55:51.400,201.3,34.7511713893386,1.91995927234455,1.96541592854058,1.53131176010261,401.872429665907,411.386998616504,1.56756729118171,73.2,140.489387590854,23128.0496617733,1.1,75.7,43.769395,-79.480855,987.6,6.52860220433936,7.17677395133493,11.1,29.3888697048611,27.5,225.7,107.7,4.7,4.5
2018-08-09 15:55:52.400,201.2,34.7569262678356,1.92123736360131,1.96657226122838,1.52299464614455,401.9034714528,411.387030405931,1.5589264372596,72.4,140.488040663806,23052.6161727108,1.1,73.6,43.7694,-79.48082,987.4,6.52656106085292,7.17711993089445,10.7,29.3912343442939,27.5,220.9,65.9,3,3.6
2018-08-09 15:55:53.400,201.1,34.7648224816839,1.92023119793734,1.96546507811374,1.70556796690866,401.766356147111,411.230607755155,1.74574910972628,73.5,140.512877576998,23014.3938584696,1.1,73.8,43.7694066666667,-79.4807833333333,987.5,6.52339924457105,7.1766683563039,10.9,29.393586410431,27.6,180.8,53.3,1.4,6.6
2018-08-09 15:55:54.400,201.2,34.7781208079758,1.92051199285988,1.9657229936966,1.79240265079127,401.926419486851,411.388302239609,1.83459925949308,71.9,140.472418689168,22999.7767667066,1.1,72.7,43.7694166666667,-79.4807483333333,987.4,6.5264971294098,7.17931571861595,10.7,29.3958307036674,27.6,202.9,83.5,3.8,3.4
2018-08-09 15:55:55.400,201.4,34.7825117960091,1.92095269113008,1.96600241239724,1.6926657162506,401.504931184356,410.920826730878,1.73236396486639,70.8,140.48640344724,22914.1601877307,1.1,73.6,43.7694266666667,-79.4807133333333,987.4,6.52664872994782,7.18261161355466,10.5,29.3979575143426,27.6,211.3,36.1,2,3.5
2018-08-09 15:55:56.400,201.9,34.7828416994817,1.92106134362965,1.96609037846533,1.48170943738888,401.08001798994,410.481017224804,1.51643641023323,69.4,140.486998112005,22902.4115088348,1.1,74.4,43.7694383333333,-79.480675,987.5,6.52511386504359,7.18400182937015,10.7,29.4001877649229,27.6,211.1,72.5,2.9,3.7
2018-08-09 15:55:57.400,202.2,34.7842581957243,1.92199751330039,1.96721833617477,1.49278025432718,400.973327028765,410.407475038336,1.52791183070169,68.9,140.473307057061,22987.202165472,1.1,70.2,43.7694483333333,-79.4806366666667,987.4,6.52678871040624,7.18336709718804,11.2,29.4026049209051,27.6,210.1,44.7,2.5,3.6
2018-08-09 15:55:58.400,202.4,34.7861198664981,1.92046697980225,1.96570158089153,1.70682124591621,401.160948673604,410.609943597225,1.7470216989247,69.4,140.503009678532,23012.1558019453,1.1,73.2,43.7694616666667,-79.480595,987.4,6.52890047654736,7.17792928614537,12,29.4047219198989,27.6,216.9,26.1,1.6,4.4
2018-08-09 15:55:59.400,203.4,34.7925134431323,1.92060886269294,1.9657794827676,1.66759127685446,400.959095445379,410.389235979561,1.70681160485769,69.2,140.473866203362,22978.5797713971,1.1,70.3,43.7694766666667,-79.4805516666667,987.3,6.52801836100104,7.17918195913022,12.5,29.4070735577244,27.6,212.4,11.5,1.6,4.9
2018-08-09 15:56:00.400,204,34.7935315357569,1.92114524650602,1.96624433806895,1.54671359148367,400.621293578522,410.025885242673,1.58302392152577,67.3,140.486558659941,22936.5445138616,1.1,67,43.7694883333333,-79.4805116666667,987.4,6.52768405856756,7.18027540180431,12.5,29.4094154099554,27.6,264.4,10.9,1.3,3.3
2018-08-09 15:56:01.400,204.5,34.7899313639061,1.91889387267197,1.96396298461718,1.67786366227093,400.916375931577,410.332721375335,1.71727863349501,63.5,140.515466682706,22948.0243135605,1.1,62.4,43.7695016666667,-79.480475,987.3,6.53078930280884,7.17653436849343,11.8,29.411673318416,27.6,232.4,0.4,1.9,3.4
2018-08-09 15:56:02.400,205.1,34.7922914933581,1.91874089726654,1.96391209087093,1.60848739198703,400.847204634388,410.28405798441,1.64635346296853,59.6,140.480542718133,23000.8972334963,1.1,60.7,43.769515,-79.480445,987.4,6.53081385811764,7.17837846872052,10.5,29.413871143134,27.6,266,302.2,2.6,2.7
2018-08-09 15:56:03.400,205.4,34.7942414900239,1.91918958500149,1.96442043531109,1.53757620341893,400.978314369485,410.428529728394,1.57381524997395,58.2,140.492685650165,23025.2943265732,1.1,64,43.7695283333333,-79.480415,987.4,6.52742810542873,7.17811792982346,10.1,29.4162215290109,27.6,245.1,319.5,2.6,0.3
2018-08-09 15:56:04.400,205.8,34.7996607427495,1.91902496900802,1.96422546450087,1.65726577825011,401.484596975209,410.941203121384,1.69629969734328,56.1,140.482367086378,23012.0100804837,1.1,66.4,43.7695433333333,-79.4803883333333,987.3,6.52849236794786,7.17490129270699,9.2,29.4186351352145,27.7,252.5,256.1,2.9,1.4
2018-08-09 15:56:05.400,206.4,34.8032436089993,1.91951629784156,1.96475867773527,1.61099790007943,403.217614336135,412.721424078769,1.64896621782873,53.3,140.476781625427,23027.0389066777,1.1,58.4,43.7695633333333,-79.480365,987.4,6.52848044683799,7.17192746945136,9.2,29.4209029189768,27.7,255.3,254.2,2.9,2.1
2018-08-09 15:56:06.400,206.6,34.8023059541893,1.91829321727577,1.9635373595411,1.7339263737027,404.99322933058,414.545213507979,1.77482029784122,50.1,140.499041290664,23042.130014612,1.1,55.4,43.7695766666667,-79.4803433333333,987.4,6.52879837115835,7.17512023360575,8.7,29.4228937404059,27.7,245.6,179.2,3.2,1.3
2018-08-09 15:56:07.400,206.6,34.8087501278903,1.91948765569797,1.96474542684311,1.64976246348942,405.397342152016,414.955851052503,1.68865995490019,47.7,140.477060582075,23034.9207061628,1.1,54.7,43.7695933333333,-79.4803233333333,987.4,6.52711984193437,7.17927720535066,8.5,29.4252655183021,27.7,219.2,117.5,3.5,2.7
2018-08-09 15:56:08.400,206.6,34.8137151325496,1.92079788539317,1.96623580058051,1.76649764926357,405.061227509248,414.64322910366,1.80830111711681,49.4,140.479569144743,23109.0502456157,1.1,54.4,43.769605,-79.4803016666667,987.4,6.524809111418,7.17840541659091,8.5,29.4277436057309,27.7,201.1,101.1,3.1,3.5
2018-08-09 15:56:09.400,206.6,34.8139602751815,1.92041625574382,1.96598641858127,1.81671948813226,404.445761072516,414.042979535869,1.85982651634648,51.2,140.492028326197,23179.2971066792,1.1,54.6,43.7696166666667,-79.4802766666667,987.3,6.52685515794656,7.18264726059579,8.7,29.4298393461177,27.7,200.6,130.4,4.1,4
2018-08-09 15:56:10.400,206.5,34.8150283378596,1.91902903877426,1.96467412402847,1.60876664082331,404.380622595612,413.998994632249,1.64702972967629,50.2,140.487034884748,23232.790315142,1.1,52,43.7696283333333,-79.4802533333333,987.3,6.52954759204354,7.18227512219578,8.7,29.4322101641939,27.8,214.7,142.8,4.7,4.1
2018-08-09 15:56:11.400,206.2,34.8153736977472,1.91821061277108,1.96377392328932,1.68464959397493,403.644822409805,413.232588188068,1.72465947824131,53.7,140.496802664301,23201.8370046295,1.1,53.4,43.7696383333333,-79.4802283333333,987.3,6.53159240836772,7.17979048186004,9.2,29.434444423527,27.8,212.3,132.5,4.5,4.4
2018-08-09 15:56:12.400,205.8,34.8195066311073,1.91593544070389,1.96136435431137,1.7868534981904,403.583677034007,413.153108043141,1.82922195073306,56.7,140.496070250301,23161.8890278103,1.1,55.7,43.76965,-79.4801966666667,987.3,6.53748623992705,7.17587510172946,10,29.4368425917755,27.8,208.8,133.9,5,6.4
2018-08-09 15:56:13.400,205.6,34.8226704804824,1.9163488144599,1.96188558323178,1.77285294934478,403.709127941896,413.302258732974,1.81497904343114,59.7,140.510712112567,23210.7871641818,1.1,58.5,43.7696666666667,-79.480165,987.4,6.53542733281018,7.17617714441712,11.1,29.4389030610816,27.8,212.5,118.2,5.5,6
2018-08-09 15:56:14.400,205.5,34.8267968833812,1.91822307898881,1.96399123117157,1.50896730258541,403.071991839599,412.689098447025,1.54495914287583,61.4,140.500139759374,23303.4867600733,1.1,59.1,43.769685,-79.480125,987.4,6.52782978527592,7.17499501662414,12.4,29.4410919189797,27.8,207.3,114.2,5.1,5.5
2018-08-09 15:56:15.400,205.2,34.8364202232662,1.91814923312161,1.96396507039545,1.61644517129607,402.733620962088,412.353037252494,1.65505127837506,64.3,140.481648839195,23328.099327355,1.1,64.4,43.7697016666667,-79.48008,987.4,6.52985620286086,7.17650425050275,13.3,29.4435586027646,27.8,194.8,68.4,4.2,5.9
2018-08-09 15:56:16.400,205,34.8436742418594,1.91827484298501,1.96404286049103,1.82043379454954,403.053561649029,412.669987719597,1.86386702859308,66,140.489494505811,23303.0088930484,1.1,65.4,43.7697166666667,-79.4800333333333,987.3,6.53034174359763,7.17394543225337,14,29.4458489254004,27.8,184.5,66.1,3.1,7.6
2018-08-09 15:56:17.400,204.8,34.8499824143557,1.91929264101072,1.96512722125919,1.5970423676148,402.662118192803,412.278086329152,1.63517697832042,69.8,140.481407955828,23324.0997948307,1.1,68.5,43.7697266666667,-79.479985,987.2,6.52713856512733,7.17642550138946,14.4,29.4480553184662,27.7,183.6,68,4.4,9
2018-08-09 15:56:18.400,204.5,34.8565654000191,1.91829059144886,1.96403822358409,1.67155613587597,402.672461720416,412.275462506765,1.71141252959154,69,140.499138543822,23292.677647321,1.1,70.4,43.7697383333333,-79.4799383333333,987.3,6.52843512651619,7.17657746289516,14.4,29.4501991776766,27.6,200.9,48.5,4,5.3
2018-08-09 15:56:19.400,204.5,34.8612488356314,1.91647548618332,1.96201804148234,1.73337023528246,402.327241950984,411.888071661064,1.77456396988677,68.9,140.504543431321,23212.0188532603,1.1,69.1,43.7697516666667,-79.4798916666667,987.4,6.53252193068218,7.17672598873078,14.2,29.4524533247342,27.6,212.5,79.5,3.5,5.3
2018-08-09 15:56:20.400,204.8,34.8633295319637,1.91693949379627,1.96239753712563,1.62975994548246,402.18387882676,411.721287492632,1.66840830442577,69.8,140.473490817938,23164.6002278076,1.1,71.8,43.7697633333333,-79.4798433333333,987.2,6.53391292723836,7.17297664889626,14.2,29.4544661003578,27.6,206.5,84.3,4.8,6.6
2018-08-09 15:56:21.400,204.6,34.8672418493832,1.91697887426901,1.9622596845074,1.46305372732848,402.0349620081,411.531577910894,1.49761839790235,69.4,140.496074597474,23076.0832970721,1.1,72.6,43.769775,-79.4797983333333,987.3,6.5328327572525,7.17486764305452,13.8,29.4569133455272,27.6,204.4,70,4.2,6.3
2018-08-09 15:56:22.400,204.7,34.8716832529052,1.91745784333695,1.96280236140195,1.54418169171184,401.246827738638,410.735614484944,1.58070623370802,70.1,140.496309639536,23102.025779939,1.1,71.7,43.76979,-79.4797516666667,987.3,6.53004377118373,7.17805883131683,14,29.4588384336944,27.6,188.1,52.7,3.9,8.9
2018-08-09 15:56:23.400,204.7,34.8810117974674,1.91792570645915,1.96328462977631,1.58101092228162,400.497532801719,409.969304867878,1.61840352009352,71.3,140.497151809333,23103.6019215157,1.1,75.2,43.7698,-79.4797033333333,987.3,6.52973321373497,7.1813897945706,14,29.4610859257775,27.5,167.9,45.2,2.6,6.9
2018-08-09 15:56:24.400,204.4,34.8891102633378,1.91759795103657,1.96287934156139,1.48419300940674,400.651806966283,410.112690913864,1.51924113301394,70.4,140.518653000683,23068.9058731257,1.1,75.7,43.769815,-79.4796616666667,987.2,6.53217509798898,7.17702221705222,13.8,29.4635247263897,27.4,196.9,55.4,3.3,7
2018-08-09 15:56:25.400,204,34.8959759456253,1.91753813954019,1.96272804853572,1.47321840796295,400.794698404572,410.240064291011,1.5079367752766,71.8,140.492121320478,23023.9541476037,1.1,75.9,43.7698233333333,-79.479615,987.3,6.53285220107085,7.17840535158735,14,29.4660508355191,27.4,189.4,52.1,3.6,7.9
2018-08-09 15:56:26.400,204,34.8984395842469,1.91854203185999,1.96372569616846,1.48381223522948,400.91271716316,410.354634500742,1.51875726220739,72.5,140.50505130529,23009.2097038134,1.1,75.9,43.7698316666667,-79.4795666666667,987.2,6.5316390167899,7.17809030644787,13.8,29.4684590270023,27.4,199.8,45.1,2.9,6.8
2018-08-09 15:56:27.400,204.3,34.9014468464809,1.91930008503803,1.96445953140184,1.48934416930807,400.789804039768,410.219955496972,1.52438673481402,75.4,140.494961515694,22988.1101342555,1.1,76.6,43.76984,-79.4795166666667,987.2,6.52684460723716,7.18061285099642,13.7,29.4707948542796,27.4,182.7,39.2,2.2,6.5
2018-08-09 15:56:28.400,204.2,34.906246106492,1.91871114512744,1.96395643519008,1.52479050755915,400.775254186359,410.225970976649,1.56074815630984,74.8,140.473463359553,23037.8837325585,1.1,76.5,43.769845,-79.479475,987.1,6.52876921321888,7.1835261907638,13.1,29.4730054960136,27.4,188.6,52.4,3.7,7
2018-08-09 15:56:29.400,203.5,34.9076742896119,1.91797109998765,1.96322239834655,1.56023242632957,400.794218468856,410.250308413879,1.59704370229992,76.4,140.509506504067,23049.6740484506,1.1,77.2,43.76985,-79.4794333333333,987.2,6.53181278582106,7.17706247955115,12.5,29.475396989128,27.4,201.4,47.3,2.9,4.6
2018-08-09 15:56:30.400,203.3,34.913236031956,1.91814474431075,1.96328190224587,1.67036371315799,400.313946376439,409.733932851171,1.70966759519438,77.2,140.491815083619,22990.6012073487,1.1,79.2,43.769855,-79.4793933333333,987.3,6.5304506195465,7.1762412269952,11.8,29.4774301681998,27.4,225.4,55.8,2.4,3.6
2018-08-09 15:56:31.400,203.7,34.9186959427364,1.91703282998233,1.96209841446723,1.57224459537169,400.264679465162,409.674047728356,1.60920493220966,80.1,140.490958212952,22967.9851366213,1.1,85.5,43.7698583333333,-79.479355,987.2,6.5346942645556,7.17886582296997,11.2,29.4796472749174,27.5,231.2,56.1,2.7,3.7
2018-08-09 15:56:32.400,204.2,34.9231851197662,1.91843649707299,1.96366844553444,1.71061151872697,400.085473904053,409.518396099108,1.7509500013427,84,140.514135402315,23034.212117238,1.1,86.3,43.7698566666667,-79.4793183333333,987.2,6.52807052323828,7.17936651078962,10.9,29.4822023225826,27.5,229.8,83.4,2.9,2.5
2018-08-09 15:56:33.400,204.2,34.9336459181775,1.92051734420847,1.96562880190956,1.82305060358279,400.552610127001,409.961261111948,1.8658720644715,87.7,140.471300825565,22950.1556204312,1.1,88.7,43.769855,-79.4792816666667,987.2,6.52985584390679,7.18120223165606,10.7,29.4844608628717,27.6,233,75,3.3,2.5
2018-08-09 15:56:34.400,204.2,34.9376019996836,1.9190125506419,1.96407371083805,1.64667379070963,400.761879734253,410.172419814926,1.6853359711424,93,140.50391225594,22942.9374073462,1.1,98,43.7698533333333,-79.479245,987.2,6.53420708753267,7.17537256890124,10.9,29.486670807308,27.6,236.2,47.4,2.3,3.7
2018-08-09 15:56:35.400,204.3,34.9411489542144,1.91771021398183,1.96292059071571,1.51741613773024,400.985737735337,410.439172575846,1.55318857865211,95.3,140.50350277257,23032.4937316454,1.1,100.3,43.7698516666667,-79.479205,987.2,6.53197364735688,7.17573353136883,11.2,29.4889920524523,27.7,206.4,44.9,2.1,6.1
2018-08-09 15:56:36.400,204.5,34.9445158733498,1.91976093877488,1.96502382180908,1.39273446863952,400.319895401023,409.758569576428,1.42557364181846,94.5,140.456270450377,23034.6703826525,1.1,93.6,43.7698483333333,-79.47916,987.2,6.53027290504557,7.18080507964905,12.2,29.4914241381652,27.7,215.7,63.5,3,5.6
2018-08-09 15:56:37.400,204.5,34.9417271080244,1.9191395220696,1.9644667482416,1.72459427498518,400.012377812106,409.460099055425,1.76533571752926,89.9,140.498220298743,23073.7171388685,1.1,83.2,43.7698483333333,-79.4791133333333,987.2,6.52822609256632,7.18193198231199,13.3,29.4933102249685,27.7,235.7,72.6,3.4,4.1
2018-08-09 15:56:38.400,204.6,34.9412005117885,1.91914885431562,1.96453022045676,1.5232345436362,400.44541770685,409.914616919167,1.55925376430239,85.1,140.476181103413,23100.4943699563,1.1,78.6,43.769855,-79.4790616666667,987.2,6.52825576376084,7.18002670870106,14.4,29.4957382676726,27.7,227.9,55.6,3.2,5.2
2018-08-09 15:56:39.400,204.6,34.9407531225622,1.91994942212691,1.96527547675265,1.41316797024682,400.561095226688,410.01752468373,1.44652945560509,81.9,140.465552277278,23063.5262141636,1.1,73.4,43.7698633333333,-79.479005,987.2,6.53014292250884,7.18436022659338,15.7,29.497956914997,27.6,222.2,44.1,3.4,4.8
2018-08-09 15:56:40.400,204.3,34.9397380573122,1.9191276476437,1.96445317842982,1.72337183840102,400.299180494261,409.753415324521,1.764077726968,80.3,140.499057325432,23072.9134888483,1.1,73.3,43.76987,-79.478945,987.2,6.52664324694502,7.1798260496544,16.8,29.5001948567196,27.6,237.9,24.1,2.2,5
2018-08-09 15:56:41.400,204.1,34.945942050643,1.91923781502006,1.96461694330602,1.7876948354624,400.736858519328,410.211994930574,1.82996355361976,78.7,140.461188691719,23098.1792500122,1.1,72.3,43.7698783333333,-79.4788833333333,987.2,6.52841266329372,7.18010924869059,17.5,29.5026250968627,27.6,243.5,16.1,2.4,5.1
2018-08-09 15:56:42.400,204.1,34.9425977980819,1.91869022646955,1.96398626193538,1.44149388494555,400.535702567049,409.991450779769,1.47552959174425,76.6,140.505045961604,23063.2945182002,1.1,74.9,43.7698866666667,-79.478825,987,6.5290142550981,7.18511667864784,17.7,29.50466069932,27.6,249,354,2.3,4.4
2018-08-09 15:56:43.400,204.3,34.937081553481,1.91912240791873,1.96438430612529,1.58434194662165,400.503317489658,409.949045034494,1.62170713860663,75.9,140.504789795824,23041.2760407888,1.1,75.3,43.7698983333333,-79.478765,987.1,6.53047913952458,7.18465475855782,17.7,29.5068382053252,27.6,276.1,342.1,3.1,4
2018-08-09 15:56:44.400,204.4,34.940801885946,1.91921760433465,1.96427763861092,1.609567499835,401.031941782447,410.4474552439,1.64735969448818,73.8,140.467580021549,22939.7034353976,1.1,74.3,43.7699133333333,-79.47871,987.2,6.53032454236179,7.17732188906342,17.5,29.5092365760817,27.6,264.7,0.4,3.4,3
2018-08-09 15:56:45.400,204.4,34.9415100708656,1.9199051036951,1.96487753830221,1.5950713553002,401.422079072295,410.825100170251,1.63243507246899,72.3,140.497032328636,22888.216689106,1.1,73.3,43.7699283333333,-79.4786533333333,987.1,6.53055999973045,7.17868842285298,17.4,29.5116018415845,27.7,233.8,16,2.8,4.7
2018-08-09 15:56:46.400,204.3,34.9483265540816,1.91991244546631,1.96482558320266,1.64101535161553,402.368781369536,411.781511118729,1.67940466959598,72.3,140.466086942778,22858.6456577558,1.1,72.8,43.76994,-79.4785933333333,987.1,6.53235322735647,7.17696381052173,17.4,29.5137963543404,27.7,228.3,25.1,2.8,4.5
2018-08-09 15:56:47.400,204.1,34.9480900214914,1.92052474458671,1.96546374424008,1.41442185969894,403.176971156391,412.611071020048,1.44751740303992,74.1,140.49504965452,22864.3223909832,1.1,75.9,43.76995,-79.4785333333333,987.1,6.53248400339703,7.18110320984229,17,29.5159049880988,27.7,234.6,34.4,2.9,4.9
2018-08-09 15:56:48.400,203.8,34.9517712638821,1.92086179887635,1.96577027365968,1.64060506232578,404.204460872761,413.654593904859,1.67895857006698,73.9,140.498692123601,22845.4329723233,1.1,78,43.76996,-79.47848,987.2,6.53203814898089,7.18008599011375,16.6,29.5180868103523,27.6,229.4,20.2,2.4,4.6
2018-08-09 15:56:49.400,204,34.957200394845,1.92024961454485,1.96510687997399,1.70143460617291,405.067926617007,414.530410259722,1.74118032467074,75.7,140.469908250717,22826.9830963121,1.1,81.7,43.7699683333333,-79.4784266666667,987.1,6.53060480061187,7.17276730810402,15.9,29.5207287682894,27.6,234.9,30.6,2.7,4.5
2018-08-09 15:56:50.400,204.2,34.9631330795874,1.91930526776983,1.96417539873732,1.60180981872185,404.680350128959,414.141125572555,1.63925668545573,79,140.487237515862,22844.2888632917,1.1,88.8,43.7699716666667,-79.4783783333333,987.1,6.53177669296698,7.17308711346291,14.8,29.52292080825,27.6,237.4,27.1,2.6,4.1
2018-08-09 15:56:51.400,204.8,34.9720975536246,1.91845077287355,1.96327235129035,1.69728188449639,404.672361864094,414.126792604174,1.73693523843742,80.8,140.48916223312,22829.8566867263,1.1,92.5,43.76998,-79.4783333333333,987.1,6.53146736132153,7.16814364343313,13.7,29.5251744793681,27.6,215.2,56.9,2.3,6.2
2018-08-09 15:56:52.400,205.1,34.978873978061,1.91977977972456,1.96445550194998,1.62901638220988,404.037511822545,413.439954978557,1.66692813888729,80.7,140.490301091196,22742.0049292684,1.1,89,43.769985,-79.4782916666667,987.1,6.52962087900789,7.16887641561493,12.7,29.52764455683,27.6,214.8,67.9,3.9,5.3
2018-08-09 15:56:53.400,205.1,34.9795397681359,1.91980586088153,1.96440544006288,1.75910965930153,403.927337641077,413.311124666265,1.7999751762922,78.3,140.501815293453,22703.9792255641,1.1,82.2,43.7699916666667,-79.47825,987.1,6.53568277005168,7.17216729006348,12.4,29.5297497434512,27.6,202,29.5,1.9,5.2
2018-08-09 15:56:54.400,205.3,34.9786921296438,1.91781079471811,1.96245294853633,1.4864612500115,403.415832720583,412.80645958383,1.52105860723969,73.9,140.497565555726,22748.3457720486,1.1,77.1,43.7699983333333,-79.4782066666667,987.1,6.53512017413264,7.16911864858239,12.5,29.5321193078274,27.6,198.4,45.1,1.9,4.8
2018-08-09 15:56:55.400,205.5,34.9758309477708,1.91929949117509,1.96402411061711,1.44273803153683,402.867365883207,412.255055111426,1.47635699561396,66.7,140.508237615822,22771.6456617867,1.1,66.1,43.770015,-79.4781666666667,987.1,6.53356025306667,7.17654101843001,12.9,29.5343462115021,27.6,219.4,55.2,2.9,3.2
2018-08-09 15:56:56.400,205.1,34.972666271093,1.91847383122137,1.96304097468099,1.68215574562866,402.910276266073,412.270040770249,1.72122831657601,64.4,140.49387882381,22703.020340072,1.1,57.7,43.7700316666667,-79.4781216666667,987.1,6.53346560284833,7.16899232329596,14,29.5367098786951,27.6,228.1,49.8,3.1,1.2
2018-08-09 15:56:57.400,205,34.974665468276,1.91908329641759,1.96369623008876,1.64667796772069,402.337618303869,411.690760585381,1.68495712502218,64.5,140.472702106626,22718.7673120627,1.1,57.2,43.770045,-79.4780716666667,987.3,6.53015189620961,7.17442708679753,15.3,29.5390765593478,27.7,247.3,3.9,2.9,3.1
2018-08-09 15:56:58.400,205.2,34.9774437092854,1.92032387010875,1.96497521249523,1.48275170797358,401.505517291224,410.841213921482,1.51722885459521,65.6,140.489371847036,22723.4167546964,1.1,58.8,43.7700616666667,-79.4780183333333,987.1,6.53102715993428,7.17983162478492,16.4,29.5424450534297,27.7,230.2,9.1,1.9,6.5
2018-08-09 15:56:59.400,205.5,34.9808138922627,1.92092200905563,1.96572991177813,1.53375608840195,401.281615307354,410.642077833627,1.56953443281522,66.1,140.478200718636,22794.6074327658,1.1,64,43.7700816666667,-79.4779633333333,987.1,6.53082443415556,7.17884476373098,17,29.5437548469265,27.7,207.8,12.3,1.4,7
2018-08-09 15:57:00.400,205.9,34.9917374253155,1.9183585226916,1.96303500098588,1.362670471397,401.374722481184,410.722246748119,1.39440821355217,68.4,140.502429241493,22758.7603435277,1.1,67.9,43.7700966666667,-79.4779083333333,987.2,6.53626968753847,7.17105885109716,17.2,29.5459592912117,27.7,192.5,20.9,1.9,9
2018-08-09 15:57:01.400,206.4,34.9967312835409,1.92149261829963,1.96633668525136,1.5822929282938,401.842370522913,411.220636622668,1.61922411550358,70.3,140.503346846641,22805.8064513238,1.1,71.1,43.7701116666667,-79.47785,987.1,6.53142234654355,7.17135890069841,17.2,29.5482318365214,27.6,164.6,19.6,1.4,8.7
2018-08-09 15:57:02.400,206.7,34.9979991099752,1.92142434286645,1.96644367912055,1.53813053746687,402.792301728092,412.229744440353,1.57416692832331,72.6,140.466690568335,22893.6221662378,1.1,74.3,43.7701283333333,-79.4777933333333,987.1,6.52866967976964,7.17318989152564,17.4,29.5502819711167,27.6,182.1,31.2,3.5,10.2
2018-08-09 15:57:03.400,206.6,34.9928781912521,1.91990071733995,1.96495320875917,1.5748730789108,403.299341131835,412.763042221393,1.6118292887473,73,140.514706074388,22927.7230236255,1.1,76.4,43.770145,-79.477735,987,6.53522741792984,7.17133253392422,17.4,29.5527877063376,27.5,168.9,33.3,2.8,11
2018-08-09 15:57:04.400,206.6,34.990702554159,1.918046255446,1.96307632374186,1.44763477908236,403.808367342365,413.288644465906,1.48162110618949,72.8,140.49376801843,22938.6183230004,1.1,75.1,43.7701583333333,-79.477675,987.2,6.53745808438076,7.16950682179383,17.4,29.5549808272822,27.4,186.6,50.4,3.8,9.3
2018-08-09 15:57:05.400,206.7,34.9939375043413,1.91772700425557,1.96280982300245,1.45237412634115,403.148401281877,412.625919407189,1.48651730093144,71.7,140.488778677419,22968.6195654998,1.1,75,43.7701733333333,-79.477615,987.1,6.53776401702229,7.17235605453995,17.5,29.5572470143915,27.3,194.5,26,2.7,6.4
2018-08-09 15:57:06.400,206.6,34.9999788058434,1.91840080698451,1.96366608177216,1.33955433278578,402.52995324115,412.027762589605,1.37115905020617,71.7,140.520902304444,23051.3301073705,1.1,74,43.7701866666667,-79.4775566666667,987.1,6.53546426225611,7.17553182806873,17.7,29.5594874351722,27.3,228.8,25.3,2.4,6.5
2018-08-09 15:57:07.400,206.6,35.0064475009432,1.91914976970745,1.96453684972254,1.55894822146792,401.838089455222,411.341340255373,1.59581806930484,72.1,140.484989832424,23103.0876022432,1.1,75.8,43.7702016666667,-79.4774966666667,987.1,6.53269266199676,7.18143438374939,17.9,29.5621190963954,27.4,213.6,48.3,3.4,6.6
2018-08-09 15:57:08.400,206.6,35.0079830530524,1.91951962033434,1.96493712741283,1.5174068377122,402.103740768952,411.61790957346,1.5533100396305,70.7,140.512735528348,23114.1274996374,1.1,73.4,43.77022,-79.47744,987.1,6.5304159204939,7.17394490284026,18.1,29.5643622343753,27.4,223.1,30.5,3,6.1
2018-08-09 15:57:09.400,206.5,35.01257065043,1.9182284129026,1.9637589781594,1.66566967541358,401.375109919807,410.901981395289,1.70520750959911,70.2,140.499603906344,23185.3996037198,1.1,73.3,43.7702383333333,-79.4773833333333,987.1,6.53395911943071,7.17572835228917,17.9,29.5666161545434,27.4,202,28.3,2.6,7.6
2018-08-09 15:57:10.400,206.2,35.0139761360009,1.91945047704667,1.9650946089357,1.57898115205725,401.728396332974,411.281499475234,1.61652882598648,68.6,140.460529882168,23227.6469237123,1.1,72.8,43.7702533333333,-79.47733,987.2,6.5334361020315,7.17197902841564,17.5,29.5688854250029,27.4,198.4,28.7,2.2,8
2018-08-09 15:57:11.400,206,35.0134545083852,1.91881683678587,1.96436563827658,1.47105016795454,402.129518859027,411.675251512756,1.50597071585478,66.9,140.518526016681,23187.6098542006,1.1,70.7,43.77027,-79.4772766666667,987.1,6.5341192443826,7.1691837965027,17.2,29.5712949720493,27.4,197.7,51.6,4,8.1
2018-08-09 15:57:12.400,205.8,35.0171678845174,1.91798080484999,1.96365570944057,1.66881217574126,401.279740913791,410.835852949213,1.70855571195793,65.1,140.489424059262,23260.0597656071,1.1,68,43.7702866666667,-79.4772266666667,987.1,6.53216345604743,7.16825319905656,16.8,29.5734311621605,27.4,203.3,63.5,4.1,5.8
2018-08-09 15:57:13.400,205.9,35.0196365434458,1.91953964329325,1.96537133422317,1.77943305109411,401.400375228745,410.984296970369,1.82191916923503,61.8,140.484472923019,23319.3377058089,1.1,64.6,43.77031,-79.4771766666667,987.1,6.52846100914519,7.17735205469063,16.8,29.5756666596805,27.4,215.1,66.6,4.3,4.3
2018-08-09 15:57:14.400,206.1,35.0181988628114,1.91832061293331,1.96393067342445,1.52709242800037,400.728389815338,410.256127665643,1.56340518251438,58.2,140.525721231493,23223.9213150013,1.1,60.8,43.7703383333333,-79.477125,987.3,6.53789232288773,7.17503837698612,16.8,29.5782464404569,27.4,214.4,60.2,4.1,4.3
2018-08-09 15:57:15.400,206.5,35.0229092533408,1.91826766886272,1.96377303756658,1.62561417386226,401.012274011775,410.525253382861,1.66417620727035,56.9,140.477937463788,23172.6850383142,1.1,59.5,43.7703633333333,-79.477075,987.2,6.53460564054761,7.17270248630969,17,29.5803609386973,27.5,213.6,83.7,4.7,4.7
2018-08-09 15:57:16.400,206.7,35.0213066958025,1.91777527307655,1.96328803386294,1.73820397566369,400.714463409162,410.224343310862,1.7794559772948,57.3,140.517132495746,23182.1690605729,1.1,59.4,43.77039,-79.477025,987.1,6.53205930311914,7.17781829435673,17.4,29.5825836865036,27.5,203.9,61.6,4.1,5.2
2018-08-09 15:57:17.400,206.6,35.0227624276739,1.92038109723286,1.96598010536362,1.71221704235787,400.190111666731,409.692485160859,1.75287353846062,62.3,140.495277952394,23194.0316112354,1.1,62.9,43.7704083333333,-79.47697,987.2,6.53210089728343,7.18087000386565,17.7,29.585169581276,27.5,208.8,27.2,3.2,6.1
2018-08-09 15:57:18.400,206.6,35.0308463969397,1.9185532910444,1.96395409954812,1.49571634054572,401.556950207148,411.059350517649,1.53111289164709,66.8,140.455841410526,23116.9808027979,1.1,69.7,43.770425,-79.4769116666667,987.1,6.53450158678359,7.17296083289339,18.1,29.5872962835071,27.5,209.8,36.1,3.2,7.8
2018-08-09 15:57:19.400,206.7,35.0328965370113,1.92191622583837,1.96720355288067,1.55078123528821,401.758546119925,411.225434629887,1.5873220405495,71.5,140.520444136749,23021.2039631572,1.1,76.4,43.7704383333333,-79.4768516666667,987.1,6.53314567532236,7.17059727106202,18.3,29.5894823050376,27.5,172.9,30.7,2.3,8.6
2018-08-09 15:57:20.400,206.9,35.04043384987,1.91923243537512,1.9644012341224,1.34618128280034,401.704029932398,411.158045122297,1.37786424842023,76.9,140.469069914502,22993.550023068,1.1,81.5,43.7704466666667,-79.4767883333333,987,6.53531645044718,7.16414051580892,18.5,29.5916813169614,27.5,198,39.4,3,7.5
2018-08-09 15:57:21.400,207.1,35.05006058754,1.92051650427591,1.96558861373007,1.50238278574209,401.017985857941,410.429188760784,1.537639619476,81.2,140.454205835563,22930.2248657471,1.1,87.1,43.7704516666667,-79.4767233333333,987.1,6.53373307227228,7.17399362462233,19,29.5944395630797,27.5,186.3,49.7,4.3,10.3
2018-08-09 15:57:22.400,207.1,35.0505131737963,1.92204219483049,1.96719337467117,1.57843369726417,401.609418469105,411.043590961316,1.61551255223496,83.2,140.519151172508,22951.8397680163,1.1,85.5,43.7704566666667,-79.476655,987.1,6.53260717065278,7.17588053710612,20,29.5962990742122,27.4,188.6,29.1,3.4,10.8
2018-08-09 15:57:23.400,206.8,35.0566063362488,1.91998119155599,1.96480389084566,1.68126777270411,401.697223211987,411.075039690565,1.72051621812037,83.6,140.454791468145,22812.9178547353,1.1,81,43.77046,-79.4765816666667,987.2,6.5385608280934,7.16779962360466,21.1,29.5985130865705,27.3,194.6,46.2,4.3,10.8
2018-08-09 15:57:24.400,205.9,35.0513978568327,1.91979684313285,1.96451066685382,1.44700740315568,401.162703243793,410.506197431459,1.48071024035188,83.1,140.525658639896,22760.9093111138,1.1,79.1,43.770465,-79.4765066666667,987.1,6.53590488992945,7.17417794388303,22.2,29.6008280341074,27.2,185.5,29.4,3,11
2018-08-09 15:57:25.400,205.3,35.0512230917809,1.92093702242587,1.96557219548789,1.68429237599807,400.534280944193,409.841025019926,1.72342673151589,81.4,140.510651918606,22708.2164616666,1.1,76.4,43.7704733333333,-79.4764266666667,987.1,6.53396272154655,7.17706649085899,23.5,29.6031095566486,27.2,198.1,23.3,3,11.9
2018-08-09 15:57:26.400,205,35.0554961544929,1.91947057795836,1.96419518673502,1.69286105753139,400.920907147513,410.262575721799,1.73230534125049,79.8,140.449747520298,22770.1187772667,1.1,74.2,43.770485,-79.47634,987.1,6.52959721637175,7.17189859775656,24.6,29.605277162809,27.2,210.4,13.2,1.3,10.9
2018-08-09 15:57:27.400,204.8,35.0497898851892,1.92016959694078,1.96504528125236,1.39503214594433,400.290265814684,409.645432332568,1.42763349350385,78.1,140.523395025703,22837.2703254113,1.1,73,43.7704983333333,-79.4762516666667,987.1,6.53572718751597,7.17706657208009,25.1,29.6077231058731,27.2,212.6,16.8,2,11
2018-08-09 15:57:28.400,204.8,35.0491942846482,1.92119039279808,1.9661193456884,1.49670624562747,400.235242871358,409.59524768183,1.53170913987106,75.7,140.486094692008,22851.7910665735,1.1,72.9,43.770515,-79.4761616666667,987.1,6.52989196825285,7.17557221365756,25.5,29.6094628763329,27.2,218.7,15.3,2.7,10.2
2018-08-09 15:57:29.400,204.8,35.0525218826204,1.91930763893533,1.96387058213423,1.42700371633017,400.119265250603,409.40934074429,1.46013624677681,73.7,140.471792868385,22691.215463817,1.1,72.3,43.7705366666667,-79.4760766666667,987,6.53924514530448,7.17759807517051,25.5,29.61202922626,27.2,197.3,22,2.4,12.4
2018-08-09 15:57:30.400,204.4,35.051094910996,1.9167802763508,1.96140755406528,1.55909560917486,400.243551213187,409.562052993266,1.59539583079747,73.4,140.507727261522,22752.4278893138,1.1,73,43.7705516666667,-79.4759916666667,987.2,6.53816788518213,7.18079057240804,25.5,29.6142648454341,27.2,196.7,23.7,3.4,11.5
2018-08-09 15:57:31.400,203.8,35.0559558171905,1.92039997731134,1.96499476861381,1.46127137214156,400.50192687811,409.802107380511,1.49520429191861,74.1,140.458331393218,22694.4106009309,1.1,73.5,43.770565,-79.475905,987.2,6.53290595762442,7.17822067766153,25.5,29.6168569658045,27.1,207,12.6,1.5,10
2018-08-09 15:57:32.400,203.2,35.0540944290589,1.92207414361129,1.96682911060676,1.44579922985887,400.55851218759,409.885532400929,1.47946431780405,74.4,140.490098893158,22755.0139742791,1.1,75.9,43.77058,-79.4758216666667,987.2,6.5317134024144,7.17495432050523,25.5,29.6188854940644,27.1,221.2,12.6,2.8,10.1
2018-08-09 15:57:33.400,203.3,35.0533991943177,1.92022739726544,1.96483833744228,1.67889644093361,401.452719726946,410.779279512525,1.71790074809185,73.4,140.507199689097,22704.6488163833,1.1,75.8,43.7706,-79.4757366666667,987.1,6.53188782573045,7.16762022669259,25.3,29.6213141667122,27.1,229.2,8.2,1.3,11.7
2018-08-09 15:57:34.400,203.2,35.0576016852269,1.91963825762306,1.96437787977015,1.71365486829864,400.094837671901,409.41959477433,1.7535939335712,72.4,140.441373064669,22775.5016838215,1.1,74.3,43.77062,-79.4756533333333,987.2,6.53454710913682,7.17522616596264,25.3,29.6262120166124,27.1,214.9,14.7,2.3,9.5
2018-08-09 15:57:35.400,203.1,35.0481614758631,1.92109764811977,1.96604936328862,1.58771372412899,400.468275849974,409.838751941687,1.62486421724479,72.8,140.519332771299,22863.7815432873,1.1,73.2,43.7706383333333,-79.4755683333333,987.2,6.53761486033777,7.17780133754804,25.3,29.6262518681504,27.1,227.6,13.7,3.3,7.5
2018-08-09 15:57:36.400,202.8,35.05258,1.918488,1.962984,1.439691,400.6292,409.9211,1.473082,73.3,140.4813,22667.34,1.1,74.1,43.7706566666667,-79.475485,987.3,6.537137,7.174306,25.3,29.62848,27.1,244.9,17.2,3,7.8
2018-08-09 15:57:37.400,202.1,35.0548147016668,1.91817002262627,1.9629544664978,1.75707278143933,400.629003109985,409.9827265746,1.79809622285901,73.5,140.495082301029,22814.8303100087,1.1,74.3,43.7706733333333,-79.4754016666667,987.3,6.53901237738998,7.17988783191663,25.3,29.6304981226506,27.1,225.9,28.6,4.1,7.5
2018-08-09 15:57:38.400,201.3,35.05841,1.919663,1.964291,1.280238,400.7602,410.0771,1.310001,73.2,140.5009,22719.94,1.1,73.8,43.7706933333333,-79.4753166666667,987.3,6.532194,7.175205,25.7,29.63288,27.1,224.1,21.7,3.8,7.9
2018-08-09 15:57:39.400,201.3,35.06882,1.922182,1.966973,1.626983,400.2559,409.5828,1.664896,72.7,140.4475,22771.76,1.1,72.7,43.7707166666667,-79.4752283333333,987.3,6.528968,7.179486,26.2,29.6363,27.2,238.9,9.2,3.1,8.5
2018-08-09 15:57:40.400,201.3,35.0667207070429,1.91795016871181,1.96250967214755,1.5900317881111,400.485217828298,409.789686851774,1.62697349028218,72.5,140.524190271308,22705.4471700012,1.1,70.1,43.77074,-79.4751433333333,987.3,6.53367778824228,7.17486354393377,27,29.637546745024,27.2,226.3,14.9,3,9.1
2018-08-09 15:57:41.400,200.8,35.072033123446,1.92020986979175,1.9648004359015,1.56741732875085,401.392086757463,410.713272086468,1.603815882999,71.5,140.491419822631,22695.0669188376,1.1,69.5,43.7707666666667,-79.4750533333333,987.4,6.5355873572096,7.17908757591263,27.5,29.6393126665611,27.2,232.2,13.3,3.5,8.1
2018-08-09 15:57:42.400,200.9,35.08026,1.920112,1.964689,1.619736,401.3479,410.6655,1.65734,71.8,140.4639,22689.03,1.1,71.4,43.77079,-79.47496,987.3,6.535067,7.173165,28.1,29.64221,27.2,242.5,2.7,2.8,10.3
2018-08-09 15:57:43.400,200.8,35.078768808561,1.91997979902729,1.96446961379328,1.7616932671612,400.410541640833,409.688959401076,1.80251581201118,71.8,140.514507160309,22647.3623214848,1.1,75.4,43.7708116666667,-79.47487,987.4,6.53584711680882,7.17703221528481,27.5,29.6440715354014,27.2,247.1,358.9,2.3,11.3
2018-08-09 15:57:44.400,200.3,35.0819748461636,1.91802918921694,1.9623268395418,1.36231723551581,401.320206726996,410.588829175638,1.3937815569037,69.2,140.484436780861,22573.9778425499,1.1,75.6,43.7708366666667,-79.4747866666667,987.3,6.53795187756791,7.17726270347844,26.6,29.6461213469185,27.1,251,358.5,2.5,9.8
2018-08-09 15:57:45.400,199.8,35.0872590557884,1.91960303384866,1.96407213151064,1.90471871065344,402.107718151197,411.422672146926,1.94884309672273,65.6,140.50099531881,22640.9576370257,1.1,70.1,43.770865,-79.4747066666667,987.5,6.53548255297192,7.17584858877499,25.9,29.6490317513311,27.1,257.3,348.1,2.7,7.9
2018-08-09 15:57:46.400,199.6,35.0850812038022,1.92077436928326,1.96518474479217,1.62945980327608,402.345582311408,411.648236594183,1.66713415275683,62.2,140.499900207522,22598.5952454648,1.1,66.1,43.7708966666667,-79.4746316666667,987.5,6.53295705739384,7.16715922297163,25,29.6510328362776,27.1,260,341.4,4,6.3
2018-08-09 15:57:47.400,199.7,35.0867408044536,1.92136227286452,1.96577150219041,1.50999528477944,403.161121180934,412.479506868454,1.54489564271275,60.8,140.481179356895,22591.2145365769,1.1,64.9,43.770925,-79.4745583333333,987.5,6.5316015541065,7.1762334805424,24.6,29.6537738533705,27.1,248.8,357.5,3.8,7.2
2018-08-09 15:57:48.400,199.8,35.0871073805773,1.92049896178473,1.96464755011148,1.74854979741607,403.340345886898,412.6123821382,1.78874424767304,61.9,140.52726743111,22471.3868852904,1.1,63.4,43.7709516666667,-79.474485,987.4,6.53555301927119,7.17927007090727,24.4,29.6552342904195,27.1,242.2,5.8,3,6.9
2018-08-09 15:57:49.400,200.1,35.0881600570085,1.92073896483703,1.96502922813037,1.4975696528603,404.728528286925,414.061029780225,1.53210303733329,66,140.485681318736,22538.8757345516,1.1,66.8,43.7709733333333,-79.4744066666667,987.6,6.53810562814038,7.16949658107176,24.4,29.6578782373125,27.2,230.8,4,3.1,6.7
2018-08-09 15:57:50.400,200.1,35.0944310147605,1.92078486851989,1.96521870063285,1.75153679032054,405.636718676144,415.020532670136,1.79205601770493,69.4,140.48372886461,22610.4718932913,1.1,71.8,43.77099,-79.474325,987.5,6.53749914508919,7.17108144788292,24.2,29.6601734753054,27.2,251.9,357,3,6.3
2018-08-09 15:57:51.400,199.7,35.1041379713914,1.92318169707791,1.96756472852808,1.60196391760068,405.915885660619,415.283509132316,1.63893291596315,73.9,140.491522709353,22557.2243853421,1.1,76.9,43.7710033333333,-79.4742433333333,987.5,6.53300738011298,7.17884302070992,24.2,29.6627975493495,27.2,243.3,10.2,3,8.4
2018-08-09 15:57:52.400,199.3,35.1135930525931,1.92079926874415,1.96507132570656,1.6735572972324,407.62742485298,417.022713926821,1.71213191284008,79,140.480445749361,22529.5224886468,1.1,80.6,43.77101,-79.47416,987.5,6.53731724606674,7.17099788801144,24.2,29.6648519979928,27.2,227,12.5,2,10.6
2018-08-09 15:57:53.400,199.1,35.1229896604821,1.92313569651102,1.96732899983249,1.50292742304119,410.180506056662,419.606462210803,1.53746507408214,82.8,140.510751694239,22463.7840219516,1.1,86.5,43.7710133333333,-79.4740766666667,987.6,6.53052757155209,7.17071913235645,24.4,29.6670132575499,27.2,234.4,5.6,1.6,9.7
2018-08-09 15:57:54.400,198.6,35.1292118851301,1.92343445362327,1.96775340249988,1.54788228274769,411.856170357935,421.345879167399,1.58354750600024,83.6,140.489677368938,22522.436095245,1.1,85.1,43.77102,-79.47399,987.5,6.5339391045502,7.17681633722435,25.3,29.6693135420692,27.2,269.8,359.2,2.6,8
2018-08-09 15:57:55.400,198.5,35.1327151666228,1.92355569650649,1.96795041100765,1.29255125138326,411.796771650728,421.300906307673,1.32238307044057,80.1,140.500441402383,22559.0386519364,1.1,77.3,43.771035,-79.4738966666667,987.5,6.53081539567774,7.17724211831978,26.2,29.6717731173679,27.2,257.2,2.5,1.5,10.6
2018-08-09 15:57:56.400,198.2,35.129502992774,1.92334793792443,1.96780214890798,1.68172912510192,411.123666341033,420.625847148723,1.72059483225485,78.5,140.522115263303,22590.6425077704,1.1,74.4,43.7710466666667,-79.4738066666667,987.6,6.53144960220516,7.17539794931718,27,29.6742088154523,27.1,251.9,0.7,1.7,11.1
2018-08-09 15:57:57.400,197.8,35.1218220762073,1.92324395627695,1.96798125006497,1.40332473221446,409.989384478348,419.526411540779,1.43596555121431,77.6,140.467877743931,22732.6775931791,1.1,75.4,43.7710633333333,-79.4737133333333,987.6,6.53251244033895,7.17539468109893,27.5,29.6760352262307,27.1,257.9,355,1.7,10
2018-08-09 15:57:58.400,197.8,35.1218543058263,1.92075536820448,1.96509818093098,1.52119484784191,409.711809492514,419.170434757354,1.55631313150486,76.1,140.515222463059,22565.1751839903,1.1,74,43.7710816666667,-79.4736183333333,987.6,6.53678801331222,7.17553620469773,27.7,29.678612024672,27.1,265.6,358.9,2.7,10.6
2018-08-09 15:57:59.400,197.9,35.1237264965634,1.92175461318289,1.96621568124269,1.56138876866627,410.114847808225,419.603092463368,1.5975112101676,74.5,140.518887725597,22612.2908621865,1.1,73.8,43.7711,-79.473525,987.7,6.53493462499864,7.17483562569887,27.5,29.6807094628281,27.1,244.3,2.5,2.3,10.2
2018-08-09 15:58:00.400,197.6,35.1301837550398,1.92452183205939,1.96927131717811,1.44354591915855,409.550390084743,419.073446693359,1.47711159683335,74,140.455907170456,22723.9451385,1.1,74.8,43.77112,-79.4734366666667,987.7,6.5296457061541,7.1771643667544,27.2,29.683037875462,27,262.5,356.8,2.8,9.5
2018-08-09 15:58:01.400,197.4,35.1320756327392,1.92099573894573,1.96558111780853,1.52569460768859,409.204671198484,418.701940656664,1.56110463676925,74.6,140.519583566997,22682.8233524181,1.1,77.3,43.7711366666667,-79.4733466666667,987.7,6.53877939980022,7.17528859945683,26.4,29.6854412892786,27,254.5,355.2,2.9,7.5
2018-08-09 15:58:02.400,197.2,35.134547176121,1.92321261712348,1.9679166356236,1.48485971242226,409.470371230048,418.988125200731,1.51937659417331,74.6,140.48925573656,22716.1810264757,1.1,80.3,43.7711516666667,-79.4732666666667,987.7,6.53333908677308,7.17672289693655,24.8,29.6875605749736,27,254.5,6.4,4.5,6.7
2018-08-09 15:58:03.400,197,35.1386278827186,1.92421818478342,1.96906415536004,1.79244996434275,408.982676172215,418.514409583781,1.83422485536175,74.9,140.453425174165,22775.0611066966,1.1,81,43.771165,-79.47319,987.8,6.53509757789465,7.17706761817149,23.1,29.6899347205065,27.1,242.9,6.8,3.1,8.3
2018-08-09 15:58:04.400,197.1,35.1301641916624,1.92559860141055,1.97028316296433,1.76958595732029,409.56457070692,419.068779575713,1.81064913672106,74.4,140.522663396465,22679.1761123798,1.1,82,43.77118,-79.47312,987.7,6.52614407736986,7.17011466155977,22,29.6923930791104,27.1,238.5,4.3,2.7,7.3
2018-08-09 15:58:05.400,197.2,35.1299740703797,1.92373579431957,1.96843216636773,1.58190222489447,409.767297172677,419.2878249316,1.61865600570975,72.5,140.472751373655,22706.3598842489,1.1,79.5,43.7711983333333,-79.473055,987.7,6.53272636067308,7.16509469587337,20.7,29.6944952790539,27.1,227.1,10.1,2.2,8.5
2018-08-09 15:58:06.400,197.1,35.1327924537161,1.9242952103377,1.96896779359118,1.58988454188395,409.501341178267,419.007905491771,1.62679236949325,72.1,140.498548149603,22688.2883597497,1.1,77.9,43.7712166666667,-79.4729916666667,987.8,6.53347789282835,7.17348006621565,20,29.6970976825482,27.1,217.3,25,2.3,7.8
2018-08-09 15:58:07.400,197.3,35.1372275737877,1.92295274067465,1.96754467526451,1.75074599067318,410.28134247202,419.795474242415,1.79134271944582,73.5,140.522007748376,22663.7317760524,1.1,79.6,43.77123,-79.4729283333333,987.8,6.53834129853041,7.17314205705809,19,29.6994294294191,27.1,211.8,29.8,3.3,8.2
2018-08-09 15:58:08.400,197.1,35.1469196743701,1.92371549475084,1.96852422863374,1.67035980478348,409.511788831329,419.050407333406,1.70926477024788,74.3,140.475450937084,22762.4830404628,1.1,80.6,43.7712416666667,-79.4728683333333,987.8,6.53262968341221,7.17367508120221,18.5,29.7015354609081,27.1,195.6,14.6,2,7.8
2018-08-09 15:58:09.400,196.9,35.1506041588512,1.92220105968536,1.96681618161184,1.84305467937091,409.058055052789,418.552337826339,1.88583266979123,73.9,140.523713728346,22683.7338198085,1.1,79.6,43.771255,-79.47281,987.8,6.5365606753274,7.17647637655207,17.9,29.7039801512464,27.1,222.8,18.1,2,6.8
2018-08-09 15:58:10.400,197.1,35.1564485351899,1.92443670862065,1.96895387398447,1.78346103945996,408.578891955413,418.030249774441,1.82471340303857,73.6,140.485141257656,22609.2148578845,1.1,78.8,43.7712666666667,-79.4727533333333,987.8,6.53525944459455,7.16798938645978,17,29.7059422957942,27.1,212.6,32.3,2.6,6.3
2018-08-09 15:58:11.400,197.1,35.1597350467644,1.92628782122304,1.97103282399893,1.59386330915174,407.643224312748,417.11218886963,1.63088691816083,73.4,140.466300585145,22701.3323412146,1.1,78.1,43.771275,-79.4727,987.8,6.53073847461466,7.1710174217464,16.1,29.7086582242165,27.2,216.6,37.2,2.7,5.5
2018-08-09 15:58:12.400,197,35.1595998473513,1.92284194332562,1.96746129327687,1.51942576843787,406.532610117438,415.966286197342,1.5546847927928,72.7,140.523868983459,22678.8767343192,1.1,78,43.7712883333333,-79.4726516666667,987.9,6.53636068561246,7.18139359792245,15.1,29.7106725186736,27.2,229.3,30.7,3,3.6
2018-08-09 15:58:13.400,197,35.1629286149529,1.92352002072304,1.96820405124457,1.77758727186035,405.607570081457,415.030075814346,1.81888178566814,72.1,140.48498756527,22703.2103181105,1.1,78.1,43.7713,-79.472605,987.8,6.53565588690416,7.17865804048346,14.4,29.7130744377446,27.3,235,32.9,2.9,3.4
2018-08-09 15:58:14.400,197.3,35.1663915644554,1.92601717166087,1.97082875329935,1.73239236869099,405.274585193836,414.703822936427,1.77269994567206,71.4,140.489619810582,22737.2488847578,1.1,75.3,43.7713133333333,-79.4725633333333,987.9,6.53418662340189,7.17400155860783,13.3,29.715186068933,27.3,233.6,42.5,2.8,2.8
2018-08-09 15:58:15.400,197.8,35.1756983490606,1.92497378941507,1.96968791945572,1.62458419968868,404.983497680375,414.390630498894,1.66231669470535,73,140.517072442126,22701.2076422237,1.1,82.5,43.7713216666667,-79.4725266666667,987.9,6.53523445801372,7.17947428148074,12,29.717653281852,27.3,239.4,90.8,3,1
2018-08-09 15:58:16.400,197.9,35.179691570931,1.9239445957003,1.96878947412575,1.39457840619733,404.231014660608,413.653242622255,1.42708418807975,73.4,140.472018618211,22778.0097491844,1.1,80.4,43.77133,-79.47249,987.9,6.53350033357486,7.17571716568249,11.4,29.7198583194547,27.4,245.2,141.1,4,1.9
2018-08-09 15:58:17.400,198.1,35.1821085296848,1.92358530282998,1.96838071930151,1.37316653106197,404.129123639268,413.540309161713,1.40514203229704,74.8,140.527021381147,22757.5904192134,1.1,79.5,43.771335,-79.472455,987.9,6.5383713565666,7.17702492187591,10.9,29.7221933183649,27.5,247.1,152.7,3.7,1.3
2018-08-09 15:58:18.400,198,35.190280385244,1.92455649301251,1.96948117235625,1.33117317219529,403.697026725655,413.120292252684,1.3622428891459,77.1,140.5080634563,22810.0732492274,1.1,79.8,43.7713366666667,-79.47242,988,6.53348427245776,7.17896126139017,10.1,29.7246754501872,27.5,245.5,129.6,3.3,1.6
2018-08-09 15:58:19.400,197.8,35.197596077449,1.92376316909156,1.96852724503082,1.51015041762321,404.026266590379,413.427489372159,1.54529184954522,80.4,140.463274368936,22739.8367276015,1.1,87.4,43.7713366666667,-79.47239,988,6.52967786229576,7.17461839481301,8.8,29.7269688300911,27.5,245.6,117,3.3,1.8
2018-08-09 15:58:20.400,197.4,35.1995186816823,1.92273673566859,1.96742268521269,1.337800732174,403.631615691956,413.01237858263,1.36889224226696,83.5,140.516963704075,22713.0344856909,1.1,93.5,43.771335,-79.472365,988,6.53457593489216,7.17380875550271,7.4,29.7292599934999,27.5,236.3,41.4,2.4,2.7
2018-08-09 15:58:21.400,197.3,35.2072646666402,1.92188167811991,1.96656159895298,1.39045783377071,403.816729480294,413.20467385529,1.42278370458988,86,140.464311875039,22719.8528801379,1.1,95.6,43.771335,-79.472345,988,6.53353673959084,7.17035633592345,6.2,29.7312635520756,27.6,250.6,49.1,1.1,1.7
2018-08-09 15:58:22.400,197.1,35.2133836683594,1.92293378597769,1.96764697718588,1.54121648703106,403.514819990262,412.897585191627,1.57705481449862,88,140.467480600956,22724.2107748526,1.1,97.6,43.771335,-79.47233,988,6.53268656451245,7.17540656402554,5.3,29.7338448737566,27.6,214.4,68.4,2,3.6
2018-08-09 15:58:23.400,196.8,35.2097882815022,1.92183511018195,1.96637899814027,1.53258717482872,403.522871610853,412.875658559234,1.56810688429899,89.6,140.507563011586,22652.7840549021,1.1,97.4,43.7713316666667,-79.472315,988,6.53598207202556,7.1787388815657,4.4,29.736257829616,27.6,215,94,2.5,3.5
2018-08-09 15:58:24.400,196.9,35.2113785544164,1.92261305017388,1.96707104511231,1.61416291174461,403.398700147279,412.726883845352,1.65148675391617,90.4,140.46397478051,22601.2921781288,1.1,97,43.7713316666667,-79.4723083333333,987.9,6.53166798914046,7.17347960727735,2.4,29.7386124028638,27.6,225.8,96.7,2.7,4.4
2018-08-09 15:58:25.400,197.2,35.2125902443862,1.92311900825001,1.96764824304759,1.37176537381857,402.857308575096,412.18518875157,1.40352794815065,98.7,140.497227135989,22630.5090561657,1.1,102.7,43.7713283333333,-79.472305,988,6.53358214694312,7.17664654195487,0.9,29.7406312181063,27.6,233.5,134.4,2.7,4.7
2018-08-09 15:58:26.400,196.3,35.2183158337139,1.92212016005759,1.96667998793582,1.41526071432197,402.442461466232,411.772129814254,1.44806997038742,117.7,140.497181786453,22657.5133769177,1.1,98.7,43.7713216666667,-79.4723066666667,988.1,6.53106706596676,7.17590162624913,0.5,29.7429153985464,27.6,241.8,145.8,4,8.1
2018-08-09 15:58:27.400,195.2,35.2305152794976,1.92226228574591,1.96682772188739,1.40242216997563,402.028731082131,411.349321930395,1.43493479235189,132.4,140.464234404229,22658.6549101646,1.2,96.7,43.7713216666667,-79.47231,988.1,6.53078125586409,7.17894316304396,0.3,29.745399814638,27.6,233.4,132.9,4.7,9.2
2018-08-09 15:58:28.400,194.3,35.2274858345416,1.92227898402672,1.96696573438919,1.35228170613954,401.967170832218,411.311597247388,1.38371821265475,143.7,140.519677213526,22718.4893758138,1.2,95.2,43.77132,-79.4723116666667,988.2,6.53573222641486,7.17782536141972,0.1,29.7475631349679,27.6,229.6,136.3,4.5,9.3
2018-08-09 15:58:29.400,193.7,35.2290107559718,1.92349165236111,1.96828010253174,1.5073425161087,401.171134871658,410.512376656548,1.54244328931844,146.7,140.482746992272,22755.0386317314,1.1,94.2,43.7713183333333,-79.4723133333333,988.2,6.53549657532744,7.17521487735867,0.1,29.7499059741431,27.6,231.4,133.1,4,7.6
2018-08-09 15:58:30.400,193.3,35.2331628559261,1.92258927435735,1.96756889997586,1.59366502655485,401.392499610561,410.783054433295,1.63094379503116,165.2,140.474420378021,22860.2633519624,1.1,93.3,43.7713116666667,-79.4723116666667,988.2,6.53379283175205,7.17884653658823,0.1,29.7522598503282,27.6,231.5,134.6,4.8,10.1
2018-08-09 15:58:31.400,192.9,35.2351176923822,1.92176695471036,1.96696095712261,1.45117414448479,401.483764054149,410.925331274622,1.48530091369072,172.8,140.503185016848,22976.4035619912,1.1,93.3,43.771305,-79.4723116666667,988.1,6.53210563095704,7.1713298844833,0.1,29.7543965076603,27.6,214.4,119.8,5.1,9.4
2018-08-09 15:58:32.400,192.6,35.241608137252,1.92287068868407,1.96811154652383,1.36849047545152,401.258227811036,410.698923214771,1.40068814822859,182.2,140.463153491905,22986.9246005304,1.1,93.1,43.7713,-79.47231,988.1,6.53326884935499,7.17202567765543,0,29.756865894562,27.6,212.6,120.6,4.7,9.4
2018-08-09 15:58:33.400,192.3,35.2432158437705,1.92470540715704,1.9700843070245,1.41857036466698,401.542801800038,411.009895442351,1.45201531117949,186.1,140.497701483598,23033.8436025517,1.1,93,43.771295,-79.4723083333333,988.1,6.52825429531165,7.17228664735773,0,29.7593396609509,27.6,213.8,121.6,4.7,10.4
2018-08-09 15:58:34.400,192.1,35.249990075048,1.92484265235317,1.97022248134406,1.51687284314512,401.512427698755,410.978420412344,1.55263488188804,164.5,140.493101512613,23032.8873602931,1.1,93.2,43.7712883333333,-79.4723083333333,988.1,6.52671548209687,7.1705199792243,0.1,29.761567255459,27.6,218.6,127.3,6,11.1
2018-08-09 15:58:35.400,191.8,35.2575762528066,1.92414629052554,1.96952271980262,1.63376063783473,401.548684261479,411.018325550216,1.67228917959452,152.5,140.469665446767,23039.5047620224,1.1,93.3,43.7712816666667,-79.4723083333333,988.1,6.53283495868862,7.17683659878795,0.1,29.7639074854058,27.6,221.9,132,5.5,8.9
2018-08-09 15:58:36.400,191.6,35.2586049375289,1.92330154282177,1.96863918758338,1.6349635063072,401.233123640626,410.691264936769,1.67350179461039,168.8,140.518358703857,23029.8124268636,1.1,93.1,43.7712766666667,-79.4723066666667,988.1,6.53390424596843,7.17447080603251,0,29.7658500753814,27.6,221.1,125.8,4.1,8.3
2018-08-09 15:58:37.400,191.5,35.2646801443723,1.92213329134956,1.96754819624016,1.51295591648494,401.385582993171,410.869247327146,1.54870272761744,172,140.48631413128,23081.8714038855,1.1,93.3,43.7712716666667,-79.472305,988.1,6.53488606623494,7.17191161273576,0,29.7682170865044,27.6,215.2,125,4.4,8.5
2018-08-09 15:58:38.400,191.6,35.2714438372839,1.92215069821004,1.96751893863401,1.43711178405479,401.596177145829,411.074983085409,1.47103965667979,167.4,140.478048142832,23058.6022557869,1.1,93.2,43.7712683333333,-79.472305,988.1,6.53350075140509,7.17484480146921,0,29.7706698620869,27.6,209,114.5,4.3,7.9
2018-08-09 15:58:39.400,191.6,35.2747901247272,1.92281732052358,1.96801299472758,1.3075539869801,401.752518302375,411.195818464603,1.33828684178007,174,140.497752768163,22965.3734729126,1.1,93.4,43.7712666666667,-79.472305,988.1,6.53254578736392,7.17356334384673,0,29.7729504116827,27.6,197.1,97.6,3.2,5.7
2018-08-09 15:58:40.400,191.3,35.2820451230498,1.92285218047306,1.9679514775014,1.47873583703203,401.84424258069,411.269179185968,1.51342116120397,179.6,140.461714993159,22916.8310149714,1.1,93.7,43.7712633333333,-79.4723066666667,988.1,6.53126184216629,7.17509692898526,0,29.775420526178,27.6,198.2,103.2,3.2,7.7
2018-08-09 15:58:41.400,191,35.2826144774168,1.92251082527141,1.9674234006468,1.39945953578934,402.428477796945,411.829666380839,1.43215269401833,182.8,140.494887984449,22827.9640545461,1.1,93.8,43.77126,-79.4723083333333,988.1,6.53267380084884,7.17436878348852,0,29.7774846640749,27.6,199.4,109.7,4.2,7.9
2018-08-09 15:58:42.400,190.8,35.2855859306303,1.92402447946651,1.96889186977018,1.42660960089823,402.164999244927,411.543174475394,1.45987697817667,159.5,140.489502546618,22787.9245857845,1.1,93.4,43.7712583333333,-79.47231,988,6.53216780864911,7.17637304957652,0,29.7799240906435,27.6,201,118.9,3.2,6
2018-08-09 15:58:43.400,190.7,35.2816876580678,1.92355905358858,1.96828173459974,1.56257425395904,402.904142143543,412.271526462413,1.59889699893651,108.1,140.464360504103,22721.5122297275,1.1,93.1,43.7712583333333,-79.4723116666667,988,6.53477716659029,7.17571710862588,0.3,29.7823286902949,27.6,227.3,125.4,2.7,6.5
2018-08-09 15:58:44.400,190.8,35.2726469824102,1.92283588029654,1.96724620977854,1.63449971811461,402.677539360752,411.977876236654,1.67225066770221,98.7,140.492002033241,22574.8676201386,1.1,91.1,43.77126,-79.4723116666667,988,6.5358782523817,7.17192727868394,0.9,29.7844230175898,27.6,216.4,127.8,3.2,5.5
2018-08-09 15:58:45.400,191,35.2732152313383,1.9228418688068,1.96728427474516,1.52799592868455,402.16536781054,411.460697477441,1.5633118537314,96,140.484159752153,22591.0615220169,1.1,92.1,43.7712633333333,-79.47231,988,6.53670028604021,7.17544379599089,1.8,29.7865729320912,27.6,219.5,126.5,2.3,3.7
2018-08-09 15:58:46.400,191.2,35.2785228200134,1.92425788206888,1.96880604530822,1.50303240779839,402.325472646298,411.639780661565,1.53782907965794,94,140.484086739886,22627.268678143,1.1,97.3,43.771265,-79.47231,988,6.53109572638523,7.17831532097428,1.6,29.7889282878953,27.7,258.2,150.1,1.6,2.7
2018-08-09 15:58:47.400,191.7,35.2839415204764,1.92445178541313,1.9690963515608,1.37664354220365,402.822574272417,412.167527454186,1.40856267255469,98,140.504812513051,22672.608630322,1.1,104,43.77127,-79.4723083333333,988,6.52926411900978,7.17339046947443,0.7,29.7911914727109,27.7,237.2,129.4,2.2,4.3
2018-08-09 15:58:48.400,192.3,35.2917482805744,1.92602772655313,1.9707469957175,1.1976672284286,402.880435157191,412.23463420085,1.22544508265021,103.5,140.491236685533,22691.3846537598,1.1,103.7,43.771275,-79.4723066666667,988,6.52632133766591,7.17008475046165,0.3,29.7935199424994,27.7,242.8,135.8,2.3,4.3
2018-08-09 15:58:49.400,192.8,35.2961461012327,1.92434618264952,1.96872758306727,1.52247371476332,402.629168896439,411.915058724471,1.55758527713814,109.7,140.503349577385,22543.1307757495,1.1,102.7,43.7712816666667,-79.472305,988,6.52885941508218,7.17156249110942,0.1,29.7956914825597,27.7,240,137.3,2.2,3.6
2018-08-09 15:58:50.400,193.3,35.3000375312902,1.92291703062988,1.96732001190596,1.44717350277028,402.325251704569,411.615553322562,1.48059093219876,118.8,140.483420514916,22570.3945700618,1.1,102.4,43.771285,-79.472305,988,6.53540933642052,7.17147602676369,0.1,29.7981024168104,27.7,237.6,117,1.3,2.3
2018-08-09 15:58:51.400,193.6,35.3057360634094,1.92275956202496,1.96715526902007,1.58963685401902,401.775755212526,411.052566497813,1.62634025233339,125.6,140.465936437026,22568.4458683494,1.1,102.3,43.7712883333333,-79.472305,988.1,6.53481744545884,7.17016901031228,0.1,29.8004315351521,27.7,219.6,111.1,1.4,2.7
2018-08-09 15:58:52.400,193.8,35.3081872339417,1.92268213767158,1.96714088214787,1.53488211870627,401.530358878671,410.814979224294,1.57036569501251,136.1,140.49154533905,22600.5008538013,1.1,101.2,43.77129,-79.472305,988,6.53596973481001,7.16966617243194,0,29.8026971933031,27.7,214.4,123.4,1.7,3.8
2018-08-09 15:58:53.400,194,35.3117182574456,1.92198967546848,1.9665887886837,1.32691906425607,401.694782192174,411.015929361794,1.35770935041857,196.3,140.482602467772,22678.3369782174,1.1,101.4,43.7712916666667,-79.472305,988.1,6.53467008359673,7.16672119428423,0,29.8050222784022,27.7,233,113.2,2.1,3.3
2018-08-09 15:58:54.400,194.2,35.3176834508205,1.92076375121881,1.96538582410372,1.38153271183428,401.237579999744,410.558862101821,1.41363010765447,203.8,140.491970997397,22704.0103827336,1.1,101.8,43.7712933333333,-79.472305,988.1,6.53548397209896,7.17409994645759,0,29.8071196778108,27.7,205,107.8,1.8,2.9
2018-08-09 15:58:55.400,194.4,35.3212600728305,1.92283275988177,1.967660818035,1.48163808597154,400.640984244031,409.981235292032,1.51617100257595,215.5,140.496613904469,22782.2427181361,1.1,101.7,43.7712933333333,-79.4723033333333,988,6.53201980358005,7.17399162812013,0,29.8095087574367,27.7,206.1,90.8,1.6,3.8
2018-08-09 15:58:56.400,194.6,35.3223432655367,1.92264988289673,1.96768972213659,1.47115071051919,400.26895995892,409.645629604529,1.50561530250663,210.4,140.485232100666,22889.7050426294,1.1,101.6,43.771295,-79.4723033333333,988.1,6.53118203646638,7.17527917647652,0,29.8117153014894,27.7,228.9,128.1,1.1,2.2
2018-08-09 15:58:57.400,194.8,35.3253429357579,1.92308889965703,1.96821630099666,1.58672759042207,400.25046191645,409.64284586351,1.62395623656311,214,140.507964957072,22928.1496777081,1.1,101.7,43.771295,-79.4723016666667,988,6.53129178337209,7.17605291261131,0,29.8140368450685,27.8,230.6,96.8,1.5,2.8
2018-08-09 15:58:58.400,195,35.3314644126271,1.92260725802875,1.96777518269867,1.42180759658953,400.409304107395,409.816072907414,1.45520882322974,215,140.493472038283,22953.692765584,1.1,101.8,43.771295,-79.4723016666667,988.1,6.53193161244071,7.172004310891,0,29.8164179578937,27.8,202.7,114.3,1.5,2.9
2018-08-09 15:58:59.400,195.1,35.3377313142432,1.92207843600544,1.96723409312705,1.5610680860486,400.520098630932,409.929535075187,1.59774863834169,224,140.501606095635,22953.7632211668,1.1,101.6,43.771295,-79.4723,988,6.53094788764909,7.17148035737152,0,29.8186190801802,27.8,192.4,110.7,1.4,3.2
2018-08-09 15:59:00.400,195.3,35.337030243514,1.92134384589881,1.96664252465335,1.61137863753538,400.966729832092,410.420143259405,1.6493687154859,228.3,140.510723567513,23033.5471562208,1.1,101.6,43.771295,-79.4723,988.1,6.52942485200294,7.1725738906052,0,29.8208716488259,27.8,228.7,105.9,1.9,2.9
2018-08-09 15:59:01.400,195.4,35.3333806655379,1.92130654776585,1.96660546836878,1.46779529720834,400.617668665703,410.063065178815,1.50240108422672,214.7,140.4894099777,23034.0294321289,1.1,101.8,43.7712933333333,-79.4722983333333,988.1,6.53128233047901,7.16994127550487,0,29.8232173389221,27.8,206.3,103.5,1.6,3
2018-08-09 15:59:02.400,195.4,35.3299148768691,1.92200797875363,1.96734780537905,1.448060106041,400.795497312853,410.250264564322,1.4822182472415,216.8,140.494768568767,23046.2324474511,1.1,101.7,43.7712933333333,-79.4722983333333,988.1,6.53255851368659,7.16874342665884,0,29.8256278346391,27.8,208.1,99.6,1.4,2.4
2018-08-09 15:59:03.400,195.4,35.3284409338042,1.92281310662834,1.96829787741252,1.43546713246581,400.843183933926,410.32532498497,1.46942417546304,197.1,140.48083040286,23108.8900527594,1.1,101.7,43.7712933333333,-79.4722983333333,988.1,6.52858893129841,7.17083083495754,0,29.8280287071531,27.8,215.6,120.7,1.7,4
2018-08-09 15:59:04.400,195.4,35.3268596804466,1.92258213507011,1.96814979258973,1.54933251708772,400.637222333148,410.13298124262,1.58605376418809,204.6,140.491001734494,23152.8905630602,1.1,101.8,43.7712933333333,-79.4722983333333,988.1,6.52866093500436,7.16860477713738,0,29.830380955101,27.8,225.6,125.3,2.6,5.8
2018-08-09 15:59:05.400,195.3,35.3279860592708,1.92318927015743,1.96875532563177,1.5619027385341,400.390246281892,409.87677495503,1.59890986197622,211.1,140.506217432089,23144.8372906434,1.1,102,43.7712933333333,-79.4722983333333,988.2,6.52680742769418,7.17169635027209,0,29.832619683139,27.8,216.3,118.5,2.1,4
2018-08-09 15:59:06.400,195.3,35.3307834881461,1.92261874743309,1.96813616727412,1.40742432034434,400.038272464855,409.509015388247,1.44074398747614,135.1,140.485408221736,23127.0522055608,1.1,102,43.7712933333333,-79.4722966666667,988.3,6.53197100371412,7.17571490843833,0,29.8348463008088,27.8,221.9,128.6,2.4,5.1
2018-08-09 15:59:07.400,195.2,35.3322673993248,1.92193952062928,1.96732613538685,1.47246640784191,400.259805319707,409.711903137395,1.50723636312374,97,140.508593642409,23070.1258017436,1.1,99.7,43.771295,-79.4722966666667,988.2,6.53242226599829,7.17055432611459,0.9,29.8371755554628,27.8,214.8,106.7,2.3,3.2
2018-08-09 15:59:08.400,195.3,35.3340741297856,1.92239984937836,1.96783805479346,1.38792522397509,400.428151675773,409.892670670258,1.42071705465041,89.7,140.501409862413,23090.3603504187,1.1,91.2,43.771295,-79.4722966666667,988.1,6.53040148474305,7.17100299849922,2.7,29.8396625977684,27.8,191.9,65.7,1.2,2.5
2018-08-09 15:59:09.400,195.2,35.334331402448,1.92229358049842,1.96792470272096,1.39762054474411,400.490747744281,409.9974114679,1.43079740831502,84.3,140.479390780475,23187.230327277,1.1,80.4,43.7712983333333,-79.47228,988.2,6.52935090991811,7.17222321802813,5.5,29.8419066065925,27.8,186.1,64.9,1.2,2.3
2018-08-09 15:59:10.400,195.2,35.333812390147,1.92139021324894,1.96705217993251,1.73409141297596,400.497800657606,410.015611275287,1.77530453744717,84.5,140.49898165259,23213.3422399266,1.1,85.1,43.7713016666667,-79.47225,988.1,6.52873353442566,7.17297734079425,7.4,29.8439510395836,27.8,200,51,1.8,3.4
2018-08-09 15:59:11.400,195,35.340135411779,1.92130850904791,1.9670068800885,1.6798657028893,400.15046633454,409.668015565282,1.71982376395781,85.9,140.473409230655,23232.4236560618,1.1,81.7,43.771305,-79.472215,988.2,6.53119001946857,7.17350714614805,8.7,29.8465082669733,27.8,178.3,29.2,0.8,4.3
2018-08-09 15:59:12.400,195,35.3435292716044,1.92061753937152,1.96613100347398,1.54564406077802,399.985333300037,409.463835277697,1.58226501843197,83.8,140.479440061757,23148.6727310341,1.1,84.1,43.7713133333333,-79.4721766666667,988.3,6.53651772212874,7.17252722648831,9.6,29.8488857474683,27.8,196.9,51.8,2.1,5.5
2018-08-09 15:59:13.400,195.2,35.3409140633896,1.92205370409524,1.96751996035687,1.73849017862666,399.873925726133,409.332889841526,1.77962090181949,81.7,140.503433839912,23108.3567595103,1.1,80.5,43.7713216666667,-79.472135,988.2,6.53441737154186,7.17096153636829,10.3,29.850987476879,27.8,198,46,2.3,5.4
2018-08-09 15:59:14.400,195,35.3405017738797,1.92339860152072,1.96885304245152,1.88668088952034,399.98786615411,409.440581818433,1.93126678632692,76.2,140.465377866818,23086.9173498654,1.1,78.7,43.7713333333333,-79.4720983333333,988.1,6.53022911556378,7.16747387235565,10.3,29.8534309344696,27.8,198.6,69.3,2.7,5.3
2018-08-09 15:59:15.400,195.2,35.3403211775539,1.92199877839093,1.96731809960402,1.80659478445381,400.463035217142,409.905744516906,1.84918721854166,71.9,140.48185523003,23036.2328008096,1.1,75.1,43.771345,-79.4720666666667,988.1,6.53048011063398,7.16927348451747,9.2,29.8557666569009,27.8,207,95.1,3.9,6
2018-08-09 15:59:16.400,195.8,35.3400534771353,1.92120162702331,1.96654661183781,1.55213096349541,401.403891886067,410.877830191503,1.58877002233948,67.5,140.489738553928,23057.8442281305,1.1,75.3,43.7713566666667,-79.4720383333333,988.1,6.53026705221727,7.16924932055243,8.8,29.8579585842967,27.8,215.2,114,4.2,5.2
2018-08-09 15:59:17.400,195.9,35.3453193214586,1.92043395232099,1.96559654179205,1.444096613184,401.723964121022,411.171174774892,1.47805514844875,62.4,140.489981609218,22976.1923606341,1.1,68.2,43.7713666666667,-79.4720083333333,988.2,6.53242557995608,7.16472311709475,8.7,29.8602549265555,27.8,209.3,59.9,2.8,2.7
2018-08-09 15:59:18.400,195.8,35.3489617791645,1.92148468471307,1.96673491364065,1.38725900015942,401.158577448815,410.605670429729,1.41991921922859,54.4,140.523484375316,23007.6361630424,1.1,57.5,43.7713816666667,-79.4719816666667,988.1,6.52922110180426,7.16561810047393,8.7,29.8622551529322,27.8,214.2,111.1,2.9,2.9
2018-08-09 15:59:19.400,195.9,35.3501526954085,1.9219971740637,1.96732461622607,1.34749260378513,401.350029780369,410.815232954428,1.37926655354403,44.5,140.485793236002,23040.1967351034,1.1,46.1,43.7714,-79.47196,988.1,6.52974862513961,7.16792566774163,8.7,29.8647007493853,27.8,209.3,123.3,3.5,3.3
2018-08-09 15:59:20.400,196.5,35.3452759828291,1.92156972074648,1.96677642237236,1.43884150807051,401.349157567022,410.791247197881,1.47269112107754,29.2,140.486123787637,22985.2321331396,1.1,36.7,43.7714266666667,-79.4719483333333,988.1,6.53368255083369,7.16615725029463,8.7,29.8670886902529,27.8,208.4,143.8,3.4,1.5
2018-08-09 15:59:21.400,197.2,35.3367928134367,1.92150836367438,1.96680498349516,1.25911487101168,401.069369372744,410.524012540431,1.28878709720504,18.9,140.508609252882,23030.7053497019,1.1,26.9,43.7714533333333,-79.4719416666667,988.1,6.53513287878509,7.16835234065373,8.8,29.8691333471992,27.8,213.6,227.1,2.9,1.1
2018-08-09 15:59:22.400,197.4,35.3354549871444,1.92078639104532,1.96604969138261,1.15491702814563,401.220497482789,410.675329229215,1.18212654785759,17.6,140.469538300019,23022.580668767,1.1,27.8,43.7714766666667,-79.4719333333333,988.2,6.53722528280944,7.16908957243366,8.8,29.8714410863675,27.8,209.2,234.6,2.9,1.7
2018-08-09 15:59:23.400,197.8,35.3353320843792,1.9207144323338,1.96590476206712,1.33119465710246,401.124093763124,410.56177480934,1.36251659945489,23.6,140.488753229756,22987.1385939416,1.1,35.7,43.7715,-79.4719183333333,988.1,6.53478545191272,7.16695375085671,8.8,29.8738776307771,27.9,204.4,179.2,3.2,0.8
2018-08-09 15:59:24.400,198.3,35.3357293346641,1.92135259412988,1.96647639212931,1.57795574053263,401.764682740244,411.200355219971,1.61500195213236,32.1,140.498388491749,22946.6899209289,1.1,41.2,43.7715183333333,-79.4719,988,6.53253541344827,7.16533421778729,9.2,29.8761903854607,27.9,203.8,200.4,3.1,0.8
2018-08-09 15:59:25.400,198.5,35.3443629872073,1.92153549096129,1.96646559813655,1.55721364849605,401.907361447894,411.30496543586,1.59363127034498,41.5,140.480366940631,22848.0768235289,1.1,47.4,43.771535,-79.471875,988.2,6.53296713692583,7.16713522033033,9.4,29.8785117425862,27.9,208.5,119.4,2.8,1.7
2018-08-09 15:59:26.400,198.7,35.3530754501443,1.9201099866523,1.96499849339425,1.46810344042589,402.028889347853,411.427492902699,1.50242730673847,47.5,140.508152158786,22843.8034921935,1.1,54.9,43.77155,-79.47185,988.1,6.53532935453119,7.16891851022122,9.8,29.8807851464161,27.9,192.1,109.2,3.4,3.2
2018-08-09 15:59:27.400,198.7,35.3622902221426,1.92051338131287,1.96550253233569,1.39898514687467,402.111503387712,411.531037640852,1.43175311842573,53,140.490118777949,22889.1508693907,1.1,57.3,43.7715616666667,-79.4718183333333,988.1,6.53488117067807,7.16667318442435,10,29.882943793949,27.9,191.4,105,4.1,5.3
2018-08-09 15:59:28.400,198.1,35.3713083412216,1.92119510616505,1.96609461168464,1.28270925496701,401.551030293905,410.935497340473,1.3126831495919,60.8,140.49504458068,22836.9315390024,1.1,60,43.771565,-79.471785,988.1,6.53128339784889,7.1685303218643,10.1,29.8853064594994,27.9,199.5,108.8,4.7,5.9
2018-08-09 15:59:29.400,197.2,35.3810635935173,1.92314633305391,1.96800895955132,1.39878402934743,401.994148841386,411.371847918886,1.43141626956857,69.2,140.50915239806,22796.1007943236,1.1,69.6,43.77157,-79.4717483333333,988.1,6.53115274884139,7.16688864620083,10.7,29.8876476098836,27.9,198.6,94.6,4.8,6.5
2018-08-09 15:59:30.400,196.8,35.3919461909173,1.92373411417986,1.96870952465306,1.47303099103571,402.144013173356,411.5459029538,1.50747045641136,75.2,140.474340388383,22845.3532367079,1.1,73.9,43.7715716666667,-79.47171,988.1,6.53345295390133,7.16749039073201,11.2,29.8898609324423,27.8,199.7,79,4,5.9
2018-08-09 15:59:31.400,196.6,35.3987862439567,1.92231456075479,1.96716820898842,1.57225755492475,401.686433312233,411.059019111764,1.60893887873705,79,140.495811739346,22801.1345941181,1.1,75.6,43.771575,-79.47167,988.1,6.53282275568405,7.16934832334354,11.6,29.8920576675962,27.8,204.8,63.9,3.3,4.4
2018-08-09 15:59:32.400,196.3,35.4012646985005,1.92301135009375,1.96781746303589,1.53166872584419,401.579754141728,410.936532010403,1.56735373734722,81.1,140.505169882096,22769.4922693038,1.1,76.8,43.7715766666667,-79.4716283333333,988.1,6.52960530831364,7.17077487407044,12,29.8942398223895,27.8,222.2,57.5,2.6,3.6
2018-08-09 15:59:33.400,195.6,35.4038822818184,1.92278975159273,1.96766775159273,1.72036478748242,401.979439110413,411.361670879321,1.76052121713722,83.1,140.470519722879,22807.8343446152,1.1,80.7,43.771575,-79.4715816666667,988.1,6.52886899474792,7.1728505579393,12.7,29.8965170689458,27.8,222.9,58.2,2.9,4.8
2018-08-09 15:59:34.400,195.3,35.4052125871564,1.92177470694629,1.96649397067977,1.65947008334499,402.327032660501,411.688989593678,1.69810503006329,88.1,140.49728197339,22740.4457573956,1.1,87.4,43.7715716666667,-79.4715333333333,988.2,6.53189855337786,7.16967335390587,13.5,29.898901180677,27.8,198.5,46.3,3,7.9
2018-08-09 15:59:35.400,195.5,35.4087824009948,1.92201787361882,1.96665775188705,1.39134075987709,402.750697404493,412.104765022912,1.42365437671341,91.1,140.503098572371,22698.2254805237,1.1,93,43.7715716666667,-79.47148,988.2,6.53128864793287,7.16473360094662,14.4,29.9012456150857,27.7,192.7,40.6,2.9,8
2018-08-09 15:59:36.400,195.7,35.4151287505092,1.92356118085597,1.96828802037855,1.51252221286107,402.441834332559,411.799529637592,1.54769232628198,89.4,140.486498215013,22723.7778241591,1.1,87.7,43.771575,-79.471425,988,6.52917727544091,7.16483677547319,15.7,29.9035425276963,27.6,208.7,41.6,2.7,7
2018-08-09 15:59:37.400,195.6,35.4194913189574,1.92320233151312,1.96792943947548,1.50739744418337,402.286645604829,411.642465264246,1.54245460836031,85.1,140.514072588618,22728.0420501001,1.1,81.1,43.7715816666667,-79.4713666666667,988,6.52943914912233,7.16531969044574,16.8,29.9058403465063,27.5,215,32.9,3.1,7.6
2018-08-09 15:59:38.400,195.3,35.4211409188414,1.92177084012427,1.96638644275768,1.33370543982489,402.337179018276,411.677687373539,1.36467019299558,81.2,140.498022676535,22688.9452065791,1.1,74.3,43.7715916666667,-79.471305,988.1,6.53123496045138,7.16533112999817,17.7,29.9080622671784,27.5,219.9,27.6,2.3,6.8
2018-08-09 15:59:39.400,195,35.4184154404585,1.92128609419942,1.96576286014945,1.39086009326657,402.067548621412,411.375170960171,1.42305408288278,78.5,140.494570214989,22625.5674738314,1.1,72.4,43.7716016666667,-79.47124,988.1,6.53084126275689,7.16586086473894,18.7,29.9103119454136,27.5,223.1,23.5,2.1,6.4
2018-08-09 15:59:40.400,195.1,35.4182092415522,1.921469907455,1.96598981637578,1.53585028165082,402.016048619227,411.330730403384,1.57143820067577,76,140.505818541736,22645.1972400176,1.1,72.6,43.7716183333333,-79.471175,988.1,6.53324805206477,7.16815179161372,19.2,29.9126084977622,27.5,230.2,18.8,2.6,5.6
2018-08-09 15:59:41.400,195.1,35.4241699167526,1.92228146324915,1.96693952637158,1.5849756265944,402.475267000611,411.825569192518,1.62179790569253,74.5,140.477472664511,22704.4598551166,1.1,73.2,43.7716333333333,-79.47111,988.1,6.53454232282968,7.167915650402,19.6,29.9150622588132,27.5,236.8,14.3,2.6,6.1
2018-08-09 15:59:42.400,195,35.4287781272501,1.92330822704456,1.96785516541266,1.52020259324251,402.740861709123,412.069074114291,1.55541761230815,74.2,140.497645765806,22637.5109613175,1.1,73.2,43.7716483333333,-79.4710466666667,988.1,6.53307986918093,7.1664965952289,19.6,29.9170269423544,27.6,229.8,14,1.9,7
2018-08-09 15:59:43.400,194.8,35.4316798907212,1.92375356384643,1.96829677911302,1.33642328545431,403.006489446429,412.337852168783,1.36736205037144,75.3,140.50534444277,22630.451623308,1.1,75.7,43.77166,-79.4709816666667,988.1,6.52904364378329,7.16803600842482,19.6,29.9194469388016,27.6,236.2,10,2.3,7.3
2018-08-09 15:59:44.400,194.7,35.4405563407682,1.92274219148334,1.96724359767667,1.34860626080105,403.338579534317,412.673811175685,1.3798163084397,75.7,140.478757769861,22621.3616063829,1.1,75.8,43.771675,-79.4709166666667,988.2,6.53001667709579,7.1678254259215,19.4,29.9220483654875,27.6,225.4,11.5,1.9,7.7
2018-08-09 15:59:45.400,194.9,35.444538920175,1.92198721258898,1.96640542985052,1.40729276991772,403.048316740431,412.363187149218,1.43981739197898,75.6,140.502090941119,22588.9189240896,1.1,76.8,43.7716866666667,-79.4708516666667,988.2,6.53438790461645,7.1668517210901,19.4,29.9240908332315,27.6,229.9,13.8,2.2,6.7
2018-08-09 15:59:46.400,194.8,35.4457851070862,1.92221735734039,1.96658687759354,1.2164835181397,402.328189813636,411.614975997247,1.24456704339685,73.5,140.499767839365,22561.8690934013,1.1,73.9,43.7717016666667,-79.4707916666667,988.2,6.53569981833266,7.16507567074011,19.2,29.9263315514335,27.6,244.4,9.6,2,6.7
2018-08-09 15:59:47.400,194.4,35.4509666555938,1.92272670321525,1.96715875621607,1.2609479435286,403.246108061677,412.564608899576,1.2900913533801,72.4,140.480351994348,22586.7695798111,1.1,73.2,43.7717166666667,-79.47073,988.1,6.5316482983713,7.16321123736335,19.2,29.9287924100746,27.6,231.8,15.6,1.6,7.4
2018-08-09 15:59:48.400,194.2,35.4574363315064,1.92377181336387,1.96820772653601,1.33112857167633,403.46148750375,412.780781047146,1.3618758236183,72.1,140.486347445943,22576.7105921893,1.1,73.9,43.77173,-79.4706666666667,988.2,6.5304511453409,7.16471523489267,19.2,29.9310895621617,27.6,215.1,17.3,1.7,7.7
2018-08-09 15:59:49.400,194.2,35.4609093362297,1.92407448128817,1.96836652276471,1.24890205402741,403.479861889707,412.768002828286,1.27765373982622,73.4,140.484350206289,22502.0529933072,1.1,74.8,43.771745,-79.4706016666667,988.1,6.53197884241834,7.16543296810169,19.4,29.9333408162641,27.6,201.9,27.5,2.3,8.4
2018-08-09 15:59:50.400,194.3,35.4631214328971,1.92208718854088,1.96649966687416,1.36123153368446,404.205928833726,413.54582732227,1.39269666040447,73.6,140.486688749453,22584.9015020343,1.1,74.8,43.7717583333333,-79.470535,988.2,6.5337440593732,7.16562161145409,19.8,29.9357338369276,27.5,202.4,20.4,2.4,8.1
2018-08-09 15:59:51.400,194.4,35.4707988329658,1.92326649692492,1.96794668575861,1.47222909098804,404.425258050742,413.820740345554,1.50643216972893,73.3,140.500584134054,22704.2878675458,1.1,74.8,43.7717733333333,-79.4704666666667,988.1,6.53194000962026,7.16809608869073,20,29.9381233518792,27.5,214.4,17.7,2,8.4
2018-08-09 15:59:52.400,194.3,35.4758615283984,1.92453577092241,1.96926138827629,1.55723287962414,405.042034482309,414.455191879227,1.59342233413591,73.1,140.496220602752,22712.1583828516,1.1,73.6,43.7717883333333,-79.4704,988.1,6.53319243199109,7.1645658364977,20.1,29.9404466944854,27.5,221.9,19.1,2.1,7.3
2018-08-09 15:59:53.400,194.7,35.4776409536201,1.92375380884675,1.96847223743925,1.37010252214988,404.732089740809,414.14028973142,1.40194832612751,72.6,140.503533347194,22717.4309705212,1.1,74.4,43.7718066666667,-79.4703316666667,988.1,6.52973004223511,7.16712157705459,20.3,29.9425147631375,27.5,216.5,22.6,2.5,7.5
2018-08-09 15:59:54.400,194.9,35.4834133387001,1.9220285105708,1.9666566857449,1.41441684536269,404.00489229421,413.385721358849,1.44725444641619,72.7,140.504056402,22692.7056157373,1.1,74.5,43.7718233333333,-79.4702633333333,988.2,6.52878305033331,7.1701405977918,20.5,29.9449447054639,27.5,216.5,21.6,2.4,7.9
2018-08-09 15:59:55.400,195,35.49024921944,1.92270861087337,1.96751195359285,1.55081337706976,404.46455160483,413.889521077476,1.58695280163157,73.3,140.471013957812,22771.5849259434,1.1,75.1,43.7718383333333,-79.47019,988.2,6.53170252497914,7.16517281682219,20.9,29.9472142252068,27.5,228,20.4,2.5,7
2018-08-09 15:59:56.400,194.7,35.494068700169,1.92157196712197,1.96605764815711,1.53287228930195,403.924168579206,413.275352714846,1.56836405182499,76.3,140.477271941762,22626.7122894843,1.1,77.4,43.7718483333333,-79.4701183333333,988.2,6.5384248004808,7.16215576349991,21.2,29.9493910288559,27.5,216.5,24.4,2.4,8.2
2018-08-09 15:59:57.400,194.4,35.4985447211915,1.91961956430919,1.96401334727566,1.66808062887067,404.150133961582,413.496643424148,1.70666509466926,82.8,140.493319546182,22603.4316816133,1.1,84.8,43.7718516666667,-79.4700416666667,988.2,6.53904298779908,7.16388787697751,21.1,29.9518052533518,27.5,209.1,24.7,2.7,10
2018-08-09 15:59:58.400,194.3,35.5087198853596,1.92044627607588,1.96515736402926,1.30886608129817,404.062668088723,413.469840932172,1.33931376669603,92.2,140.472482879159,22751.8307526744,1.1,98.2,43.7718433333333,-79.4699683333333,988.3,6.53548969282098,7.16844004303689,20.5,29.9541265560984,27.5,188,34.3,2.7,12
2018-08-09 15:59:59.400,194.5,35.516153356039,1.92071351176313,1.9653309768404,1.17615796364475,403.711046261454,413.0891357139,1.20347380734418,98.6,140.500679444593,22702.3184369841,1.1,110.8,43.7718316666667,-79.4698983333333,988.3,6.53435379586063,7.17006007749539,20.3,29.9564332596281,27.4,201.5,44.6,4,10.9
2018-08-09 16:00:00.400,194.7,35.5182070179192,1.91896359314398,1.96337458790509,1.30257579890013,403.750848990755,413.094862397927,1.33271958975311,102.2,140.497802869597,22619.5451456068,1.1,109.3,43.771815,-79.46983,988.3,6.53619477346864,7.17051069708786,20.5,29.9584955944495,27.3,213.8,51.8,5.2,10.7
2018-08-09 16:00:01.400,194.9,35.5228274445428,1.9188704580536,1.96313444067551,1.43793794946691,403.37765898587,412.68265302767,1.47110433355804,102.4,140.48186604011,22547.5732883278,1.1,108.9,43.7718033333333,-79.46976,988.1,6.53951508598683,7.17149645379774,20.7,29.9608903085497,27.3,215.1,33.3,3.1,9.8
2018-08-09 16:00:02.400,195.2,35.5290002272045,1.922226668138,1.96655730987434,1.45935248219395,402.788700977787,412.077775014166,1.49300780979165,98.5,140.501009639537,22542.1463064259,1.1,96.9,43.7718,-79.4696883333333,988.3,6.53647742129468,7.1685146617584,20.9,29.9632862019855,27.3,219,30.2,2.8,10
2018-08-09 16:00:03.400,195.3,35.5354592349417,1.92374098547739,1.96813757173332,1.43725397964308,403.046890444052,412.348373263973,1.47042346139638,94.3,140.470458412268,22557.4289373785,1.1,90.5,43.7717983333333,-79.4696133333333,988.1,6.53170740483731,7.16975065007148,20.9,29.9657829153713,27.3,233.4,24.5,3.1,7.7
2018-08-09 16:00:04.400,195.3,35.5335438903443,1.91915879473757,1.96337035978157,1.79596257021012,403.551437866323,412.847859928999,1.83732900385082,90.7,140.480599201317,22517.8686339006,1.1,87.5,43.7718016666667,-79.4695433333333,988.3,6.53992145137849,7.16666374843107,20.9,29.967668534786,27.3,245.1,20.9,2.6,6.6
2018-08-09 16:00:05.400,195.2,35.5298984594972,1.92069968858776,1.96502245945245,1.61996033337379,403.349629719581,412.657403537945,1.6573342556798,88.1,140.499544854769,22555.6939249584,1.1,86.2,43.7718066666667,-79.4694716666667,988.2,6.53889041092724,7.16508092491497,21.1,29.9701764001784,27.3,250.6,22.4,2.4,7.1
2018-08-09 16:00:06.400,194.9,35.5334365554734,1.92283529938529,1.96721004178271,1.37425469358043,403.553188821664,412.866250198127,1.4059701883145,86.8,140.459699797807,22557.0471122791,1.1,83.5,43.7718116666667,-79.4693933333333,988.2,6.5329583396496,7.16810204321588,22,29.9723864417494,27.3,235,18.8,2.6,7.7
2018-08-09 16:00:07.400,194.3,35.5355470808972,1.92146777395476,1.96562458330315,1.2544187043056,402.807799369804,412.064622754912,1.28324935027625,85.3,140.475537404583,22464.4276834268,1.1,81.9,43.771815,-79.469315,988.2,6.53409803697687,7.16642291469795,22.9,29.974736514413,27.4,232.9,16.6,2,9.2
2018-08-09 16:00:08.400,193.8,35.5332548662577,1.92231894069264,1.96644759802456,1.49894782468569,403.107597941955,412.361257476344,1.53335884013208,81.8,140.495619351816,22440.6171680837,1.1,78.9,43.771825,-79.469235,988.3,6.53132779041725,7.16713541646545,23.3,29.9770958055448,27.4,241.3,7.3,2.1,9.6
2018-08-09 16:00:09.400,193.9,35.5378949693479,1.92130367339055,1.96550706687235,1.58900992965362,402.799779994527,412.066937094239,1.62556807324804,77.5,140.470069088079,22489.5849621396,1.1,76.6,43.77184,-79.4691566666667,988.2,6.53484015139345,7.1668513522808,22.7,29.9797186830601,27.4,251.5,1.7,1.6,8.8
2018-08-09 16:00:10.400,193.9,35.5345283544246,1.92148190534422,1.96563718772985,1.27998989681816,402.040108961064,411.278973210741,1.30940907484253,74.2,140.505661983757,22463.6637238109,1.1,73.8,43.7718583333333,-79.4690883333333,988.3,6.53447204194085,7.16657317588714,22,29.9816756489954,27.4,259.2,348.6,3,5.8
2018-08-09 16:00:11.400,193.6,35.5314137853658,1.92038820524283,1.96454265846942,1.26457929147108,401.978953660039,411.221454892586,1.29365598034116,72.4,140.501357723327,22475.7483969494,1.1,73.9,43.771875,-79.4690183333333,988.3,6.53463389120845,7.16891923564349,21.8,29.9840967657421,27.4,252.2,3.2,2.6,7.5
2018-08-09 16:00:12.400,193.2,35.5315982343726,1.91961430185995,1.96401522701718,1.4386454689176,402.232878531597,411.536631830415,1.47192807123769,72,140.465414563009,22607.2402678881,1.1,73.2,43.7718916666667,-79.468945,988.3,6.53331905277653,7.16709851081075,21.8,29.9865383890359,27.4,255.5,1.3,2.8,6.4
2018-08-09 16:00:13.400,192.5,35.5241986247173,1.92183443136439,1.96639195853047,1.33393113599058,401.697865497039,411.011163819739,1.36485742622533,72.4,140.499953925703,22659.419336283,1.1,73,43.7719033333333,-79.4688716666667,988.3,6.53032396501346,7.17063727721736,21.8,29.9884963917472,27.5,220.9,6.3,1.5,9.4
2018-08-09 16:00:14.400,191.8,35.5257220475992,1.92332605656702,1.96787559361524,1.19900682917458,401.982050307256,411.293050910318,1.22677921461361,71.8,140.464013786064,22638.3968958444,1.1,74.7,43.77192,-79.4688016666667,988.3,6.53156563092385,7.16665636023335,21.4,29.9912460137485,27.5,223.5,359.1,1.5,8.1
2018-08-09 16:00:15.400,191.5,35.5261163689993,1.92015066728068,1.96471786438296,1.52199530135523,402.681403018346,412.027771905822,1.55732854802739,70.4,140.477411418379,22683.745447927,1.1,73.4,43.7719416666667,-79.4687333333333,988.3,6.54023034825333,7.16178856577992,21.2,29.9932952492379,27.5,257.4,0.9,1.7,9.7
2018-08-09 16:00:16.400,191.7,35.5264381085717,1.92122593415837,1.96589305671648,1.48621172663857,402.753637345221,412.117272230671,1.52076335845031,68.8,140.502142316159,22720.7645671092,1.1,70.5,43.7719633333333,-79.468665,988.4,6.53791340188332,7.16404666999316,21.1,29.9956376646736,27.4,222.4,6.7,0.9,9.3
2018-08-09 16:00:17.400,191.6,35.5322184593299,1.92118330114979,1.96597406648189,1.48759058489826,403.716188179506,413.128515329011,1.52227336961576,69.5,140.462757088937,22782.9997072163,1.1,72.1,43.7719816666667,-79.4686,988.3,6.53449362332753,7.15930139877842,20.9,29.9982149914109,27.4,212.5,10.8,1.4,9.3
2018-08-09 16:00:18.400,191.6,35.5324333673379,1.92049507060644,1.96538437130834,1.62622137920287,403.783555610747,413.221617910363,1.66423466479602,71.4,140.504598834131,22840.2212994075,1.1,74.8,43.7719983333333,-79.4685333333333,988.4,6.53326915989056,7.16376891917725,20.5,30.0004648628914,27.4,220.7,9.7,1.2,9.4
2018-08-09 16:00:19.400,191.5,35.5345595068377,1.91934031335862,1.96439484346438,1.62014320431517,403.135635325705,412.598781106587,1.65817333256611,72.7,140.507041184739,22935.575818428,1.1,74.8,43.7720116666667,-79.4684716666667,988.3,6.53180796507756,7.1578273874923,19.8,30.0028312922552,27.4,182.5,21.8,1.6,9.7
2018-08-09 16:00:20.400,191.4,35.5432137830516,1.92131174882974,1.96674149410599,1.49550769631325,403.10390664571,412.635319826328,1.5308636343029,72.1,140.466481395916,23098.7828915551,1.1,75.1,43.7720233333333,-79.4684133333333,988.4,6.53316118248246,7.16202989685604,18.7,30.0051372371613,27.4,197.8,30.6,2.7,8.2
2018-08-09 16:00:21.400,191.5,35.5482675983418,1.9203786342104,1.96595808374936,1.38350809305907,402.83537665174,412.396448210829,1.41634389510638,72.7,140.507247703237,23184.2639209858,1.1,76.3,43.7720333333333,-79.4683566666667,988.3,6.53237410963547,7.16549927138137,17.5,30.0073484510616,27.4,207.7,33,2.8,7.2
2018-08-09 16:00:22.400,191.5,35.5556224095982,1.92077710766706,1.96644294419297,1.42747114494567,404.07107951122,413.677573185312,1.4614092339482,76.3,140.474296643137,23222.2546935224,1.1,81,43.77204,-79.4682983333333,988.5,6.53430133063981,7.16438318706741,16.6,30.0095074173056,27.4,204.3,27.5,2.7,7.1
2018-08-09 16:00:23.400,191.6,35.5639400091602,1.91955670667884,1.96496429829937,1.46890512525441,403.675758090702,413.224711840352,1.50365134828201,82.9,140.458437189852,23108.2946568926,1.1,92,43.7720416666667,-79.4682466666667,988.4,6.53569907057232,7.16386867533554,15.5,30.0121810852683,27.4,215.8,43,2.4,5.9
2018-08-09 16:00:24.400,191.6,35.570110588894,1.91901126692329,1.96443495954876,1.40148003200562,403.858049450773,413.41748742554,1.43465178021266,89.2,140.505176775025,23122.9446946858,1.1,100.6,43.7720416666667,-79.4681983333333,988.4,6.53756609273964,7.165895628789,14.4,30.0142816428216,27.4,218,36.7,3.1,7.1
2018-08-09 16:00:25.400,191.7,35.5804380557639,1.9163659104416,1.96185059498975,1.36280825812409,404.953410849899,414.564846350217,1.39515395530051,94,140.464736268134,23184.485837237,1.1,106,43.7720383333333,-79.4681533333333,988.5,6.53881274753732,7.16032360574981,13.5,30.0168715507395,27.4,198.9,39.1,2.4,6.9
2018-08-09 16:00:26.400,192.1,35.5876529819282,1.91992933544446,1.96534932499364,1.18499093982542,404.849415257003,414.426804419889,1.21302872899729,95.9,140.479448994595,23110.0724493554,1.1,105.2,43.7720366666667,-79.46811,988.5,6.53705840145832,7.16488262284209,12.9,30.0190138293731,27.4,218.1,40.5,2.3,5.8
2018-08-09 16:00:27.400,192.3,35.5881319661296,1.92167529202817,1.96718711152426,1.62767440320596,404.577804626165,414.159493225919,1.66623107937443,94.8,140.505205534905,23135.2854977349,1.1,97.8,43.7720333333333,-79.4680633333333,988.5,6.53656487195374,7.16397254275057,12.9,30.0211088599754,27.4,216.8,37.8,2.3,5.9
2018-08-09 16:00:28.400,191.9,35.5924480005925,1.9228019104215,1.96842452369516,1.50506698318273,404.713879884602,414.316577722642,1.54077630068399,92.6,140.463040063624,23177.224317713,1.1,88.1,43.7720266666667,-79.46802,988.5,6.53832725851824,7.16881262656286,12.9,30.0237879234955,27.4,210.8,44.8,2.4,6.7
2018-08-09 16:00:29.400,191.3,35.5855887589454,1.91899099861923,1.96443785836564,1.49838000294697,405.053172295034,414.645994486511,1.53386530133104,89.8,140.511182029939,23134.9894925432,1.1,83.1,43.772025,-79.467975,988.5,6.5360181006943,7.16536651234542,12.4,30.0261078627437,27.5,203,44.6,2.2,5.3
2018-08-09 16:00:30.400,191,35.5795658179104,1.92005601290241,1.96547171816505,1.37926820903999,405.633137882257,415.227653104795,1.41189263179241,86.7,140.479020446539,23106.5821785181,1.1,84.2,43.7720283333333,-79.467935,988.5,6.53744571816505,7.16102849359759,11.4,30.0282503116992,27.5,214.7,63.8,2.9,5.6
2018-08-09 16:00:31.400,190.9,35.5833340048039,1.92113601853409,1.96659907765969,1.33994158487205,404.974242873079,414.557686901266,1.37165023130349,82.9,140.449633700957,23117.3887822545,1.1,82.5,43.7720333333333,-79.467905,988.5,6.54034926688709,7.16161406860608,10,30.0305241308918,27.5,211,65.5,3.3,4.9
2018-08-09 16:00:32.400,190.7,35.5824226654755,1.92297239467589,1.96847921603953,1.52224807059058,404.930713416714,414.513307120177,1.55827164730196,81.7,140.507847414523,23117.6650231591,1.1,86.2,43.7720366666667,-79.4678783333333,988.6,6.53287564721598,7.16144075860373,8.3,30.0329248601738,27.5,220.1,66.6,3,4.2
2018-08-09 16:00:33.400,190.6,35.5840679750331,1.9233465296917,1.96907943868546,1.36777136719985,404.959032764328,414.587934767922,1.40028783578315,81.8,140.476522387743,23225.1866584079,1.1,88.9,43.7720366666667,-79.4678566666667,988.6,6.53740219677324,7.16270246079062,7,30.035389961377,27.6,202.7,67,2.1,3.2
2018-08-09 16:00:34.400,190.6,35.5852583622124,1.9210760306847,1.96685845855875,1.27271739031447,403.498547701081,413.114525685091,1.30304759266394,82.2,140.507935716974,23276.8180821887,1.1,91.9,43.7720366666667,-79.4678383333333,988.6,6.53604679083698,7.16480733828685,5.5,30.0374143039539,27.6,216.7,107.8,3.1,4.7
2018-08-09 16:00:35.400,190.4,35.5908688200384,1.92321258876694,1.96918490952553,1.32727239742766,402.53625218861,412.15839411205,1.35900003433724,80.2,140.522765160646,23345.7714759514,1.1,89.7,43.7720383333333,-79.4678283333333,988.7,6.53328890032098,7.16584247998598,3.3,30.0397413323802,27.7,219.2,113.6,4.6,6.8
2018-08-09 16:00:36.400,190.3,35.6005130134828,1.92270965834355,1.96885231055157,1.38134404053006,403.064829101502,412.738007911751,1.41449588890454,76.1,140.466019308702,23436.4592365145,1.1,89.9,43.7720383333333,-79.4678283333333,988.6,6.53037936275024,7.1633290798319,1.4,30.0421797965564,27.7,229.2,145.3,4.3,7.7
2018-08-09 16:00:37.400,190.1,35.603434085186,1.91999313592692,1.96591692229643,1.53091234483411,402.46503365706,412.091530556114,1.56752680243914,67.9,140.513317308802,23360.123614284,1.1,88.2,43.77204,-79.4678366666667,988.7,6.53760188898522,7.16343245145338,0.5,30.0443360988201,27.7,236.5,144.3,3.5,6.3
2018-08-09 16:00:38.400,190.1,35.6073425293555,1.92046946455775,1.96646065344184,1.61441484417865,402.859298767276,412.5069809192,1.65307681653891,49.9,140.495893832624,23387.9112394758,1.1,87.4,43.7720416666667,-79.4678383333333,988.7,6.53809634893585,7.16179240451536,0.1,30.046906473476,27.7,224.4,137.6,2.2,3.8
2018-08-09 16:00:39.400,190.5,35.6162591909638,1.92133269073022,1.9672378868391,1.52219395063936,402.501137174975,412.117885920607,1.55856377143553,5.6,140.456707373371,23335.0332413535,1.1,86,43.7720433333333,-79.4678383333333,988.7,6.53641207988144,7.16695534048533,0.1,30.049309764459,27.8,217.6,126.7,3.1,7.6
2018-08-09 16:00:40.400,191,35.6190327657897,1.92305106835133,1.96937699236695,1.54047800550963,403.040920606341,412.750132393942,1.5775888184387,305.2,140.517146370518,23523.118640159,1.1,85.8,43.772045,-79.46784,988.7,6.53257515525295,7.16207333314909,0.1,30.051483439209,27.8,211.5,127.5,3.5,6.1
2018-08-09 16:00:41.400,191.3,35.6208532091611,1.92419087648335,1.97038461352593,1.36066132227918,403.461411076216,413.147174977807,1.39332999341052,312.2,140.481049638653,23444.0110344913,1.1,84.8,43.7720466666667,-79.4678416666667,988.7,6.53513808699059,7.1612652035285,0.1,30.0539700441063,27.8,212.3,131,2.8,5.6
2018-08-09 16:00:42.400,191.7,35.6198146172764,1.92062582369513,1.96668963759971,1.83632246675103,402.577474939328,412.232714295914,1.88036409086318,318.5,140.490476088469,23421.9200812004,1.1,84.3,43.7720483333333,-79.467845,988.7,6.53828480034017,7.16876044565745,0,30.0561506653777,27.8,215.5,137.3,3,5.9
2018-08-09 16:00:43.400,192.2,35.6245731516815,1.91967329058361,1.96571785490024,1.6490576356505,401.711039268579,411.346363340897,1.68861150112691,320.7,140.520527790726,23423.9225301545,1.1,84.2,43.7720516666667,-79.467845,988.7,6.53831674288712,7.1722727294426,0,30.0584856423981,27.8,228.5,155,3.2,5.9
2018-08-09 16:00:44.400,192.4,35.6274494864482,1.92271652710458,1.96887379885923,1.49830443775234,402.426204148954,412.086964651811,1.53427314121133,322.2,140.477975059432,23443.5890359038,1.1,84,43.7720516666667,-79.467845,988.7,6.53577017694924,7.16887570732234,0,30.0605104951263,27.8,232.7,144.8,3.6,8.5
2018-08-09 16:00:45.400,192.4,35.6307811259018,1.92132762347649,1.96764355919119,1.41002073095034,402.622747919818,412.328466897617,1.44401069853498,306,140.508245022435,23538.8039703631,1.1,83.9,43.7720533333333,-79.4678466666667,988.7,6.53384169749548,7.16351779985199,0,30.0633000968825,27.9,232.1,147.7,4.9,9.7
2018-08-09 16:00:46.400,192.3,35.634147047265,1.92062010783821,1.96679748985535,1.70936934426665,403.692458888601,413.398468266118,1.75046488951847,315.4,140.522066662832,23478.6086794702,1.1,83.8,43.7720533333333,-79.4678466666667,988.7,6.53993298669178,7.16713824455734,0,30.065429200578,27.9,232.6,150.9,4.4,8.1
2018-08-09 16:00:47.400,192.2,35.6396093097978,1.92090547937572,1.96709141150142,1.55604853486694,404.291337341646,414.011971202401,1.59346221312015,296.2,140.462717661519,23479.2146049727,1.1,83.7,43.772055,-79.4678483333333,988.8,6.5386055761137,7.16340262080003,0,30.0677212379959,27.9,224.6,134.5,3.9,6.8
2018-08-09 16:00:48.400,192.1,35.643130873098,1.92019421539097,1.96641889256715,1.38723307392982,403.880269448272,413.6026916166,1.42062659497208,274,140.51821915965,23506.7401232198,1.1,83.4,43.772055,-79.4678483333333,988.8,6.53982334510952,7.16502265967401,0,30.0699628231508,27.9,220.1,137.6,2.9,6.5
2018-08-09 16:00:49.400,191.9,35.646223717089,1.92242277195515,1.96865798494853,1.44588941578,403.808863956845,413.520701868092,1.48066362171379,269.6,140.489887124276,23485.714947278,1.1,83.3,43.7720533333333,-79.4678483333333,988.7,6.53510362279709,7.16737712792462,0,30.0724999318473,27.9,206.7,124.5,4.9,8.7
2018-08-09 16:00:50.400,191.7,35.6519134629967,1.92184657566161,1.96804434456196,1.81069501358569,403.702197840282,413.406563082432,1.85422088152015,256.7,140.460049692329,23474.0691209171,1.1,83.6,43.7720516666667,-79.46785,988.7,6.54051629007628,7.15906389724976,0,30.0747460097492,27.9,221.1,129.5,4,7.6
2018-08-09 16:00:51.400,191.3,35.6535418432377,1.9192550194937,1.96536074112583,1.40775794053364,403.850119682762,413.551671312904,1.44157696805777,276.3,140.517727678831,23459.1245207001,1.1,83.5,43.7720516666667,-79.46785,988.7,6.53876286400834,7.16309978452032,0,30.0768513447841,27.9,199.6,123.8,3.5,6.9
2018-08-09 16:00:52.400,191,35.6536418922212,1.91965710876095,1.96588882249066,1.62458135455033,403.470170783664,413.186952934512,1.66370842313571,256.8,140.485453425601,23516.6867599125,1.1,83.1,43.77205,-79.4678516666667,988.7,6.54108606025521,7.1626468709964,0,30.0792257717842,27.9,214.8,127.5,3.5,7
2018-08-09 16:00:53.400,190.7,35.6571383846913,1.92330351067182,1.96929549359217,1.39758616585648,402.512853742808,412.138234676986,1.43101144407195,251.2,140.486181467011,23354.6140241769,1.1,83.2,43.77205,-79.4678516666667,988.7,6.53372150412764,7.17045011233632,0,30.0813483482821,27.9,204.2,118.9,3.4,7
2018-08-09 16:00:54.400,190.6,35.6604292780638,1.92115510779648,1.96723061674526,1.72938914475524,402.940885869905,412.604733535,1.7708681144332,254.5,140.525009768913,23421.3714366134,1.1,83.2,43.77205,-79.4678516666667,988.7,6.53957461051982,7.1655270374128,0,30.0839075242408,27.9,194.9,115.9,2.9,5.6
2018-08-09 16:00:55.400,190.4,35.6675096753109,1.92111032912471,1.96710462958539,1.87482756586847,402.541118759627,412.178553014876,1.9197131553752,249.9,140.473608177789,23381.6848484932,1.1,83.1,43.77205,-79.4678516666667,988.7,6.53961822168576,7.16718339307271,0,30.0859330607404,27.9,203.4,129,3,6.2
2018-08-09 16:00:56.400,190.2,35.6720299046868,1.92015875671441,1.96611982478144,1.36688979126467,402.809560597381,412.451224269066,1.39960778841122,99.9,140.508684286062,23376.6398852598,1.1,81.7,43.77205,-79.4678516666667,988.8,6.53973888720253,7.15972553135009,0,30.0886604667314,27.9,212.4,130.7,3.7,6.4
2018-08-09 16:00:57.400,190.1,35.6795263842241,1.92152485716822,1.96755294184904,1.59182023652284,402.542951937138,412.185528275861,1.62995074861672,78.7,140.490553466675,23393.7898460074,1.1,80.9,43.7720483333333,-79.46785,988.7,6.53452106570988,7.16290126599564,0.1,30.0907591033184,27.9,212.9,130.5,3.2,6.3
2018-08-09 16:00:58.400,190,35.6813773546526,1.92184210231699,1.96752176893921,1.92741235577966,401.909996396415,411.462888184103,1.9732206441511,82.9,140.463577950993,23216.8278347587,1.1,78.8,43.7720466666667,-79.46785,988.7,6.53249724759774,7.16611434868635,1.4,30.0930478750465,27.9,206.7,124.5,3.2,5.9
2018-08-09 16:00:59.400,189.9,35.6786301541929,1.91861312126918,1.96387828914468,1.65457918908134,401.845249524382,411.325781805128,1.69361896816991,77.4,140.517667319652,23048.6232388938,1.1,69.2,43.7720483333333,-79.467845,988.7,6.54232319176737,7.1667365466274,3.7,30.0955405233903,27.9,194.7,99.5,2.2,3.6
2018-08-09 16:01:00.400,189.7,35.6768324701315,1.91942734929266,1.96480404289583,1.8914074929821,402.638277525195,412.156862090738,1.93612343906646,75.1,140.491433725691,23094.6935934531,1.1,64.1,43.7720516666667,-79.46782,988.7,6.54385721148012,7.17065576528764,6.1,30.0975832306136,27.9,196.7,78.8,1.4,2.4
2018-08-09 16:01:01.400,189.5,35.6738352770796,1.92250170678246,1.96786215166653,1.7516040578561,402.915181365763,412.421637882087,1.79293195338082,77.7,140.481523051102,23050.2199021856,1.1,69.4,43.7720566666667,-79.4677883333333,988.7,6.5338885486457,7.1625650041998,7.9,30.0997572807703,27.9,207.9,26.9,1.3,3.4
2018-08-09 16:01:02.400,189.4,35.6712374795805,1.91854246443066,1.96345853346927,1.5352293283769,401.99761596922,411.408996127407,1.57117341006786,77.8,140.521283346472,22875.950872353,1.1,75.6,43.772065,-79.4677533333333,988.8,6.53719405638625,7.17191602568265,8.8,30.1022348985487,27.9,204,47.6,1.5,3.5
2018-08-09 16:01:03.400,189.9,35.6784215514615,1.92123832250731,1.96640684559098,1.45586855214467,401.966437243972,411.416698719401,1.49009642903177,77.8,140.486982883723,22970.1106627786,1.1,83.4,43.7720716666667,-79.4677166666667,988.8,6.53410772299598,7.16170116127512,9.2,30.1046281603124,27.9,216.5,46.2,1.9,3.2
2018-08-09 16:01:04.400,190.1,35.687747612983,1.91910526569572,1.9640023224139,1.39402608461283,402.668122353769,412.088501971599,1.4266401507333,78.6,140.492252107978,22859.9623930658,1.1,76.9,43.7720733333333,-79.467675,988.8,6.53836500333709,7.16421121838084,10.1,30.1062266606008,27.9,195.3,55.4,2,5.3
2018-08-09 16:01:05.400,190,35.6887046387377,1.92251446321428,1.96735076451401,1.24341785641975,402.729480275053,412.12197651735,1.27241723858088,78.4,140.521572254862,22790.4552661813,1.1,76,43.77208,-79.4676333333333,988.7,6.53610034460807,7.16549415825758,11.1,30.1093020593031,27.9,192,53.1,2.8,6.7
2018-08-09 16:01:06.400,190,35.6922451708838,1.91936456570985,1.96407170968071,1.2894456148713,402.239450769574,411.608765683631,1.31948107316463,78.6,140.46489800192,22762.5972834835,1.1,75.9,43.7720866666667,-79.467595,988.7,6.53805805153125,7.1637924145581,10.3,30.1114738862664,27.9,175.5,58.9,3.6,8.9
2018-08-09 16:01:07.400,189.9,35.6937084345394,1.9200365172188,1.96483203754487,2.0596155523704,402.729801146374,412.125665114799,2.10766803913136,78.4,140.553847086123,22798.5619083159,1.1,74.3,43.7720916666667,-79.4675616666667,988.7,6.5376948946509,7.17533153703902,9.6,30.1140006469697,27.8,190.1,71,3.7,7
2018-08-09 16:01:08.400,189.8,35.698981288041,1.92114285686315,1.9658633159489,1.48581474875432,403.712294904579,413.110048213077,1.52040257486988,72.5,140.499299179194,22748.671751488,1.1,59.8,43.7721,-79.4675316666667,988.7,6.54095891299379,7.15660654981847,9.2,30.1166462665738,27.8,198.1,78.1,3.9,5.4
2018-08-09 16:01:09.400,190,35.7076926686631,1.92226551715123,1.96700615325483,1.37504108388906,403.687108158841,413.082939802006,1.40704452747437,56.8,140.494055375539,22745.4753145322,1.1,51.7,43.7721133333333,-79.4675083333333,988.7,6.53243964452827,7.15922021596017,8.3,30.1188066164607,27.8,229.8,118.7,2.8,2
2018-08-09 16:01:10.400,190,35.7129,1.919944,1.964446,1.554651,404.1461,413.5138,1.590686,31.2,140.458,22653.84,1.1,30.7,43.7721383333333,-79.467495,988.8,6.53579,7.167215,8.5,30.12099,27.8,229.8,179.2,2.7,0.2
2018-08-09 16:01:11.400,190,35.7033798756423,1.9210200595577,1.96519323623449,1.66750631493008,404.687083281755,413.992759720789,1.70584996969935,17.4,140.515888656901,22477.693086858,1.1,21.8,43.7721666666667,-79.467485,988.7,6.53540309111969,7.15648000144813,10.1,30.1232248171967,27.9,236.8,282.2,2.5,2.7
2018-08-09 16:01:12.400,190,35.69624,1.921543,1.965826,1.993954,403.7613,413.0661,2.039905,10.2,140.4833,22526.12,1.1,19.1,43.7721983333333,-79.4674783333333,988.7,6.536138,7.161677,11.6,30.12534,27.9,227.1,303.5,2.7,3
2018-08-09 16:01:13.400,189.8,35.70052,1.921128,1.965729,1.670604,403.6316,413.0024,1.709389,3.1,140.4703,22689.29,1.1,14.3,43.772235,-79.4674766666667,988.8,6.538572,7.159987,12.9,30.12809,28,214,302.9,2.5,3.5
2018-08-09 16:01:14.400,190,35.6955678042137,1.92316401210458,1.96730129754885,2.20064844331131,402.964087327415,412.212411550911,2.25115232729624,0.9,140.517262174753,22435.9010080483,1.1,11.4,43.77228,-79.4674766666667,988.7,6.53491249468437,7.16845791303086,14.2,30.1302461250044,28,210.1,320,2.9,3
2018-08-09 16:01:15.400,189.9,35.6955747786492,1.92388279480541,1.96822571244767,2.21467713965818,404.055146401675,413.367992712495,2.26572206530011,359.6,140.462586401471,22529.2898475234,1.1,12,43.7723216666667,-79.4674783333333,988.8,6.53767347568217,7.15751849946221,15,30.1323807147557,28,215.1,330.5,2.2,5.2
2018-08-09 16:01:16.400,189.7,35.69271,1.925897,1.970108,1.914343,403.6083,412.8734,1.958288,1.3,140.4934,22440.59,1.1,12,43.772365,-79.4674783333333,988.8,6.532889,7.162048,16.1,30.13496,28,225.5,338.2,1.9,6.3
2018-08-09 16:01:17.400,189.2,35.6932894484161,1.92426276999206,1.96846942305303,2.24561697500171,403.225523937925,412.488816822598,2.29720667439066,3,140.516328130283,22457.2412354231,1.1,11.8,43.7724116666667,-79.4674733333333,988.7,6.53695044292068,7.16806655708859,17.2,30.1372467126268,28,230.3,338.6,1.7,7.3
2018-08-09 16:01:18.400,188.8,35.6999727713013,1.92557425007521,1.96992198138507,2.34041700731363,403.391987739213,412.682554654609,2.3943202452577,3.8,140.453607928816,22512.6866437409,1.1,13,43.7724616666667,-79.46747,988.8,6.53231441505572,7.16756445968542,18.7,30.1396440303521,27.9,242.9,334.3,2,8.5
2018-08-09 16:01:19.400,187.8,35.6951235329995,1.92128471684048,1.96548590467226,1.96248532708996,403.169809058386,412.445302420835,2.00763323793655,4.3,140.523749158541,22488.8678596447,1.1,13.4,43.7725166666667,-79.467465,988.7,6.54025893550695,7.16768534004754,20.5,30.1418308226347,27.9,248.3,340.5,1.9,9.9
2018-08-09 16:01:20.400,186.9,35.6979779254429,1.92154157011421,1.96556423736846,2.56541681278223,403.958058659055,413.212825560755,2.62419282604786,5,140.518534096592,22397.0115380884,1.1,13,43.7725766666667,-79.4674583333333,988.8,6.54011290699704,7.15760314701863,22.4,30.14382288731,27.8,257.3,342.2,1.3,12.2
2018-08-09 16:01:21.400,186.8,35.702938842277,1.92413821159344,1.96803740507575,2.08716834718922,403.380413879602,412.583663733787,2.13478866672608,3.6,140.458143275161,22306.4795784095,1.1,12.5,43.7726433333333,-79.46745,988.8,6.53783329145014,7.15583839039008,24.4,30.1464954949601,27.7,268.9,343,2.2,12.9
2018-08-09 16:01:22.400,186.1,35.7049206871702,1.92151922124909,1.96563345535907,2.15492865042985,402.703617173149,411.94895289232,2.20440075425045,358.6,140.524432370298,22442.9065424077,1.1,10.9,43.7727133333333,-79.467455,988.9,6.54163006759846,7.16299629866389,26.6,30.1489436178939,27.6,276.1,352,1.1,14.5
2018-08-09 16:01:23.400,185.2,35.7087888371908,1.92454100930168,1.96880464509525,1.89692994526744,404.045488514017,413.338382609041,1.94055819118552,352.7,140.48475836207,22482.5477168157,1.1,7.8,43.7727883333333,-79.46747,988.8,6.53911075512534,7.15960166127381,28.7,30.1509432689537,27.5,332.6,353.8,1.4,17.2
2018-08-09 16:01:24.400,184.8,35.7173850112216,1.92463872480237,1.96895405687931,1.62229935009929,403.91807790098,413.218393791262,1.65965394618622,351.6,140.446931319711,22506.9653658545,1.1,6,43.772875,-79.4674833333333,988.9,6.53040751748394,7.15981930245517,30.7,30.1533648035773,27.4,285.8,345.4,2.4,18.5
2018-08-09 16:01:25.400,184.6,35.7141007699967,1.92054025363264,1.96441718614662,1.6036103494614,404.830845320885,414.079726567394,1.64024687697631,351.7,140.524319319332,22335.9068719494,1.1,6.6,43.7729633333333,-79.4674983333333,989,6.53823096341665,7.16236915227915,32.4,30.1555797564618,27.3,279.6,346.4,3.1,19.4
2018-08-09 16:01:26.400,184.4,35.7188385745154,1.92265401882066,1.96686669176088,1.70200084230449,404.33878895158,413.636757883691,1.7411377691113,350.8,140.492994855706,22478.5075665822,1.1,4.8,43.7730516666667,-79.467515,988.9,6.5324528764117,7.16417387195067,33.1,30.1579620319248,27.3,273.3,349.8,2.5,19.3
2018-08-09 16:01:27.400,183.9,35.7194952536501,1.92209815706697,1.96618565684667,2.05696375276347,404.540061754211,413.819035552051,2.10414417814152,349.2,140.506394971058,22422.7957253995,1.2,4.8,43.7731366666667,-79.4675383333333,989,6.53212821299349,7.16282788928726,33.5,30.1603787075162,27.2,281.5,352.2,1.9,18.6
2018-08-09 16:01:28.400,183.4,35.7187300816262,1.92001028418896,1.96407898717085,1.61121963014629,404.628559020791,413.915750291849,1.64820106776383,347.8,140.522344927625,22437.1985391108,1.1,3,43.7732183333333,-79.467565,989,6.53635363035653,7.16263082841127,33.5,30.1624543078386,27.1,302.1,354.2,0.9,17.9
2018-08-09 16:01:29.400,183.2,35.7190476000568,1.92092343240888,1.96498782024662,1.59777536254054,404.625569885165,413.907390669365,1.63442936147077,346,140.489489859557,22424.7738953422,1.1,359.6,43.7733016666667,-79.4675933333333,989,6.5344403254866,7.16539067484143,33.3,30.165290276039,27,208.6,354.6,1.1,15.6
2018-08-09 16:01:30.400,183,35.7258171601257,1.92221093755232,1.96647244131113,2.04584389266159,406.233364393705,415.587366884776,2.09294544117623,341.4,140.479761047515,22507.9202054495,1.1,355.4,43.7733783333333,-79.4676316666667,989.1,6.53406377006248,7.16325929042034,32.5,30.1672530929111,27,185.8,358.1,1.6,14.7
2018-08-09 16:01:31.400,182.9,35.7293647704041,1.92261118875904,1.96721897967199,1.62109677041053,406.868581438637,416.308604083685,1.65870962315436,332.1,140.488463070965,22675.5622439387,1.1,353.8,43.77344,-79.4676866666667,989.1,6.54299789388377,7.15479435561736,31.1,30.16980885111,27,181.6,359.3,2.4,12.1
2018-08-09 16:01:32.400,183.3,35.7223668946256,1.92362014509827,1.96818280437638,1.51502962285488,407.412647499835,416.850666525417,1.55012397909226,326,140.494577766908,22641.3671849637,1.1,345,43.7734916666667,-79.4677466666667,989.2,6.53957113631917,7.15522704417929,29,30.1720955503404,27,158.4,352.1,3.3,9.6
2018-08-09 16:01:33.400,183.2,35.7189674598814,1.92089868821927,1.96555642089756,1.30454097396826,407.292628224431,416.761502557446,1.33486964176981,324.5,140.468007105881,22719.9708424923,1.1,338.1,43.7735383333333,-79.4678016666667,989.2,6.54031522571971,7.15580419463023,27.2,30.1745625044797,27.1,177.2,356.2,1.5,14.9
2018-08-09 16:01:34.400,182.7,35.7116502074546,1.91839406780787,1.96286151336519,1.25043915854157,406.432105479951,415.853042953189,1.2794218789233,328.2,140.51961729871,22654.3977981268,1.1,336.4,43.7735883333333,-79.4678466666667,989.2,6.54572754362452,7.16304970237773,25.5,30.1768083502562,27.1,238.9,354.4,0.5,12.2
2018-08-09 16:01:35.400,182.6,35.7161115604872,1.92217452230417,1.96663882405269,1.65115305966431,406.645110895229,416.051745563514,1.6893483691264,335.3,140.490821187985,22609.2855872569,1.2,336.7,43.773645,-79.46788,989.2,6.53214368455635,7.1655123929054,25,30.1792236040744,27.1,206.6,342.1,2,13.1
2018-08-09 16:01:36.400,182.4,35.7231949062409,1.92565781926412,1.97012653399694,1.69837399620698,408.219279597303,417.646231338165,1.73759428369073,342.5,140.464743079558,22571.628428128,1.1,340.4,43.7737016666667,-79.4679033333333,989.2,6.53769503205123,7.16191432360439,24.8,30.1815752499801,27.1,236.6,343.6,1.9,13.9
2018-08-09 16:01:37.400,182.7,35.7245704073397,1.92088769211968,1.96530446720343,1.7047207061387,408.355827614585,417.798293766938,1.74414179632833,349.4,140.518853588397,22600.7129253847,1.1,344,43.77376,-79.4679166666667,989.2,6.54376320798313,7.16583888229406,23.8,30.1834296799528,27.1,247.6,345.9,1.8,12.6
2018-08-09 16:01:38.400,182.9,35.7310489102249,1.92295897419061,1.96734702270823,1.39191152840702,408.869478843809,418.30751851109,1.42404006978875,355.4,140.473809724912,22562.599822947,1.1,347.6,43.773815,-79.46792,989.2,6.53728133205394,7.16445150971391,22.9,30.1865560332719,27.1,232.6,347.6,2.1,10.6
2018-08-09 16:01:39.400,182.8,35.7386251391804,1.92023305735921,1.96452518845362,1.6751171716896,408.69608103537,418.123107186771,1.71375865033684,2.7,140.494800708555,22546.1136171217,1.1,355.9,43.77387,-79.467915,989.3,6.53674851123054,7.17062767624613,22.4,30.1885925425977,27.2,219.9,342.4,1.6,11.2
2018-08-09 16:01:40.400,182.6,35.745468381244,1.92287045196486,1.96742179627154,1.85291346712338,409.001632025004,418.477827772473,1.89584468180203,8.6,140.516954801777,22644.5774279603,1.1,1.9,43.773925,-79.4679033333333,989.3,6.5318995912329,7.16306567757635,22,30.1907178188965,27.2,263.8,336.4,2.6,11.7
2018-08-09 16:01:41.400,182.4,35.7537273704285,1.92458702485193,1.96917332980301,1.84747798733322,409.377465883339,418.861554922098,1.89027860975791,15.6,140.474084087688,22642.5130804157,1.1,10.1,43.7739733333333,-79.4678816666667,989.2,6.53085654402207,7.16809857656764,21.6,30.1934969485577,27.2,260.5,336.2,2.3,11.1
2018-08-09 16:01:42.400,182.1,35.7596425035728,1.9237291407209,1.96823732446937,1.82570731219701,409.432039472716,418.904694763141,1.86794784902334,28.7,140.517858809718,22613.1003159476,1.1,14.6,43.7740166666667,-79.4678416666667,989.3,6.53091959054678,7.16925176870692,21.6,30.1957544331869,27.2,280.5,332.7,3,12.7
2018-08-09 16:01:43.400,181.9,35.7627174579791,1.92065849464599,1.96504421422545,1.75909738789019,409.897738367188,419.370276890129,1.799748671296,39.8,140.516809935752,22587.6515997145,1.1,21.6,43.774055,-79.4677883333333,989.3,6.53690316704523,7.16427635362451,22.4,30.198020431566,27.3,282.2,332.4,2.8,10.4
2018-08-09 16:01:44.400,181.9,35.769254845758,1.92125850376057,1.96582589672504,1.64483839575799,409.810481939219,419.316737243883,1.68299429416401,48.2,140.4770981002,22670.7850676569,1.1,31.8,43.77409,-79.4677233333333,989.3,6.53564982489224,7.16430857656068,22.9,30.200661551926,27.3,271.5,333.1,2.8,9.3
2018-08-09 16:01:45.400,181.8,35.7721996531491,1.92020319984449,1.96469737108626,1.53851090258615,409.257935534481,418.741077362917,1.57415860476877,54.6,140.505862662271,22646.7268910669,1.1,39.8,43.7741166666667,-79.467655,989.3,6.54189760193181,7.16391832100796,23.1,30.2029597714455,27.3,268.2,335.5,2.6,8.8
2018-08-09 16:01:46.400,181.5,35.7754251916066,1.91850002520204,1.96295934243156,1.76571865467865,409.24220832354,418.725884889025,1.80663038888971,58,140.479584668161,22649.0267423724,1.1,50.4,43.7741416666667,-79.467585,989.3,6.53997029045462,7.16360617604361,23.1,30.2048639482581,27.4,265.5,343.9,2.9,8.3
2018-08-09 16:01:47.400,181.2,35.7829641534556,1.92471024707336,1.96967620062201,1.5587570311536,408.734738726741,418.283679666135,1.59517307514749,60.5,140.480536106592,22828.8803797979,1.1,57.7,43.774165,-79.467515,989.4,6.53661970971026,7.16624882920786,22.9,30.2073223710925,27.4,268.6,343.1,2.8,8.7
2018-08-09 16:01:48.400,181.3,35.7861788865013,1.92313118835051,1.96796308128207,1.60871772875832,409.007536444332,418.542364496687,1.64622081059441,60.6,140.513539185713,22781.0215203164,1.1,58.1,43.7741883333333,-79.4674466666667,989.4,6.53782347974874,7.16054791223875,22,30.2096763598034,27.4,269.1,340.9,2.9,7.4
2018-08-09 16:01:49.400,181.4,35.7867193504187,1.92135821311953,1.96613324822041,2.06913315369798,409.857486275598,419.4087970413,2.11735197043569,59.9,140.498868880091,22773.2419797867,1.1,59.3,43.774215,-79.46738,989.4,6.54059694713362,7.16236070158737,21.8,30.2116034774458,27.4,250.2,354.1,2.5,8.2
2018-08-09 16:01:50.400,181.4,35.7900659574384,1.92281547385773,1.96754920581224,1.93163050227392,409.001811922708,418.517142246579,1.9765708034521,58.6,140.497067230164,22735.9501967168,1.1,56.1,43.7742416666667,-79.46731,989.5,6.5435210765578,7.16614596057797,22.4,30.2142799244528,27.4,280.7,350.7,1.3,10.3
2018-08-09 16:01:51.400,181.1,35.7898780769039,1.92341766666778,1.96816186609725,1.61986271864713,408.117611254315,417.611713248476,1.65754781264667,52.1,140.505914245058,22734.3934184344,1.1,49.3,43.7742816666667,-79.4672483333333,989.6,6.54198242454906,7.16226175921938,22.5,30.2162767663692,27.4,278.8,357.5,0.5,11.8
2018-08-09 16:01:52.400,181,35.7938807021218,1.92334938382991,1.96820815826699,1.74873918434072,408.161789572897,417.681493102811,1.78952528577749,43.6,140.490613343356,22791.7773639424,1.1,43.1,43.77433,-79.4671966666667,989.5,6.53391325001025,7.16657167424917,22.5,30.2188885803123,27.4,25.1,358.6,0.9,13.9
2018-08-09 16:01:53.400,180.9,35.7946980924553,1.92525873975222,1.97008163928691,1.6672418926591,408.865932348807,418.385073522187,1.70606220957339,37.6,140.463465911386,22751.9903548522,1.1,38.2,43.77438,-79.46715,989.5,6.53564160710047,7.15676258266132,23.1,30.2211037572321,27.3,340.6,349,1.1,12.9
2018-08-09 16:01:54.400,180.9,35.784819277415,1.93337848746686,1.97827834089398,1.37791096906832,408.736587753914,418.229112182728,1.40990567631563,32.2,140.489147308085,22696.9118539159,1.1,35.1,43.7744333333333,-79.4671066666667,989.6,6.5396986945991,7.16252210973248,23.5,30.2232937591901,27.2,289,340.2,1.6,13.5
2018-08-09 16:01:55.400,181.4,35.7780092669174,1.9471027339862,1.99220806538472,1.70225519039944,408.793827820997,418.263858025507,1.74168876190269,24,140.493914075186,22641.2362466169,1.1,30.3,43.7744933333333,-79.4670766666667,989.5,6.54362294404477,7.16174826418082,23.3,30.2254541936844,27.2,298.1,331.7,3.4,13.4
2018-08-09 16:01:56.400,181.9,35.7770328685274,1.96313219380712,2.00862603640244,1.46264550383548,408.291327282721,417.753245698197,1.49654198604325,13,140.481233948771,22649.6250914033,1.1,26,43.7745533333333,-79.4670666666667,989.5,6.53808785504934,7.16628354677292,22.5,30.2282815326121,27.2,293.4,330.4,3.6,15.6
2018-08-09 16:01:57.400,182.2,35.7677702061894,1.96607489465897,2.01166219343261,1.57394829603545,409.397040878979,418.889773404479,1.61044428875767,5.7,140.508050139256,22661.7383192557,1.1,14.4,43.77461,-79.467065,989.6,6.53348947998826,7.16525734441295,21.8,30.2302134030371,27.1,293.4,332.8,3.7,14.8
2018-08-09 16:01:58.400,182.5,35.7657054311722,1.96577839277657,2.01130921300538,1.4293153910153,410.556357116021,420.065562704901,1.46242487849482,1.6,140.489992362161,22637.4477902831,1.1,10.8,43.774665,-79.4670683333333,989.6,6.53680757168658,7.1612565335662,21.2,30.2324431584204,27.1,285.8,338.9,3,13.7
2018-08-09 16:01:59.400,182.8,35.7703380169123,1.96166762878994,2.0070146445221,1.26335854095414,409.617871887679,419.086924497005,1.29256785411224,0.1,140.456884949727,22594.4657969033,1.1,8.8,43.7747166666667,-79.46707,989.6,6.53612432431839,7.16481627293285,20.5,30.2347859915438,27.1,305.6,350.3,1.9,14.1
2018-08-09 16:02:00.400,182.8,35.7677831443366,1.95889439961158,2.00429933354901,1.46031533074126,408.726063115435,418.199724789652,1.49416608405295,357.7,140.495865402372,22653.5030144547,1.1,8,43.7747666666667,-79.467075,989.6,6.53837076340889,7.16950028681754,19.8,30.2372556556635,27.1,282.3,350.2,1.3,11.2
2018-08-09 16:02:01.400,182.8,35.7727876111585,1.95292343076065,1.99811247487864,1.30516624493246,408.941512062262,418.404005581571,1.33536672951632,355.9,140.44396935688,22615.7941757811,1.1,6.9,43.774815,-79.4670816666667,989.6,6.54108127924894,7.16121107468484,19.4,30.2395771220843,27.1,324.2,356.9,0.6,11.8
2018-08-09 16:02:02.400,183.1,35.7704446227096,1.94979726928586,1.99488471776057,1.51863923345263,407.706911431877,417.134781624254,1.55375775294917,355.4,140.484455084511,22601.6694102878,1.1,5.8,43.774865,-79.4670866666667,989.6,6.53849681533958,7.16966057963548,19.2,30.2417516675294,27.1,261.9,340.1,1.7,11.1
2018-08-09 16:02:03.400,183.2,35.7694026962307,1.94913942699541,1.99411677529992,1.52449808095928,408.169328076869,417.588066276545,1.5596782265523,359.2,140.503144949474,22555.0714553627,1.1,3.7,43.774915,-79.4670866666667,989.7,6.53599805560517,7.16943776464612,19.6,30.2440183143474,27.1,256.7,342.2,1.9,9.9
2018-08-09 16:02:04.400,182.4,35.7728610951805,1.94781818703588,1.99281691577627,1.63158000816477,408.295000495466,417.727557195348,1.66927515853945,1.8,140.478314594648,22580.6055417437,1.1,6.8,43.77496,-79.4670833333333,989.7,6.53704402704015,7.16572892463808,18.8,30.2464327125961,27.1,209.4,0.7,1.3,8.8
2018-08-09 16:02:05.400,181.7,35.7752758637368,1.94276950388381,1.98757672293891,1.52126839652252,408.23836345249,417.653711752221,1.55635449977808,1.8,140.521536737899,22543.4349505802,1.1,7.9,43.7750033333333,-79.46708,989.7,6.52919538291627,7.16598162512421,17.7,30.2487533603363,27.1,127.6,3.1,0.8,8.8
2018-08-09 16:02:06.400,181,35.7780935746617,1.93812513450563,1.98285504787593,1.56659188868952,407.967239746246,417.382621748878,1.60274658668951,0.4,140.483606305639,22558.1777455827,1.1,8.9,43.7750416666667,-79.4670833333333,989.6,6.53742766559778,7.16059751313723,16.2,30.2512934316166,27.1,182.7,358.3,1,7
2018-08-09 16:02:07.400,180.7,35.7796006082188,1.93784684138483,1.98259499738633,1.5283544553338,408.283266014715,417.711169066918,1.56364675354926,352.8,140.473631550542,22570.4740262183,1.1,4.8,43.7750766666667,-79.4670966666667,989.6,6.53914529138019,7.16335162939703,14.8,30.2537064752315,27.1,183.6,3.3,1.2,6.3
2018-08-09 16:02:08.400,180.7,35.7748280172837,1.93771633276963,1.98252648753268,1.54346343907221,407.604869300774,417.030822444708,1.57915509135224,343.1,140.517083719079,22602.6164716295,1.1,356.6,43.7751033333333,-79.4671116666667,989.7,6.53369960758005,7.16708148261605,13.5,30.2557230520516,27.1,159,4.3,0.7,6.6
2018-08-09 16:02:09.400,180.4,35.772352030495,1.9324519234392,1.9770206143014,1.59355164659839,407.997989713226,417.407629958042,1.6303043455133,335.1,140.499454268227,22543.1487694571,1.1,345.5,43.775125,-79.46713,989.8,6.53828411274588,7.1624601463519,11.6,30.2581834510904,27.2,144,3.5,0.5,5.7
2018-08-09 16:02:10.400,180.4,35.7717146332139,1.92936313895763,1.97390837391497,1.4361924799031,407.646895345912,417.05857016769,1.46934173872178,330.6,140.5049164315,22566.8777089733,1.1,334,43.775145,-79.4671466666667,989.8,6.53837209731095,7.15701033221296,10.3,30.2603437430281,27.2,153.9,354,1.3,3
2018-08-09 16:02:11.400,180.2,35.7705628129117,1.92847152406668,1.97309809235829,1.1694936111525,407.212411813785,416.635679938509,1.19656079310237,337.7,140.51184776021,22617.5750386435,1.1,339.8,43.775165,-79.467155,989.8,6.53827464343446,7.16082758568288,9.8,30.2627618164252,27.3,159,0.4,1.5,2.2
2018-08-09 16:02:12.400,180,35.7739065910669,1.92733026958668,1.97157966142201,1.20557972286156,407.069738314399,416.415674903253,1.2332429278662,356.3,140.48363053036,22443.8735152087,1.1,356.1,43.77519,-79.46715,989.9,6.53979927044411,7.16049139510222,10.1,30.2649871826428,27.4,144.1,7.4,1.2,4.1
2018-08-09 16:02:13.400,179.7,35.7803253823076,1.92949984913073,1.97365673874941,1.52458876752959,406.951189906404,416.264356782545,1.55948280773362,13.6,140.463637125334,22373.2520976504,1.1,10.5,43.7752166666667,-79.467135,989.9,6.53545645475621,7.16359992729576,11.1,30.2669380744078,27.4,124.6,3.4,0.3,5.2
2018-08-09 16:02:14.400,179.2,35.7818152069721,1.92808111046808,1.97245378451587,1.48160203146932,406.729679922139,416.090237759045,1.51570754836765,18.2,140.506988878788,22496.3583326693,1.1,18.1,43.77524,-79.4671216666667,990,6.5400509703375,7.16538783599165,11.4,30.269462058167,27.4,230.5,340.3,0.8,4.8
2018-08-09 16:02:15.400,178.9,35.7887906309529,1.93025608748045,1.9745585742516,1.27659976094745,407.106959627458,416.450743675989,1.30590210915586,18.5,140.496185273775,22436.7494714125,1.1,21.7,43.7752716666667,-79.4671083333333,990,6.5413173773308,7.16422340650983,12,30.2717152145593,27.4,206.6,0.4,0.5,5.3
2018-08-09 16:02:16.400,178.2,35.793322976431,1.93106704761153,1.97548998564234,1.41288116367665,406.746112274651,416.102974859897,1.44538300971271,17.3,140.471989897152,22487.0721503725,1.1,19.7,43.7753033333333,-79.4670966666667,990,6.54264389873473,7.16383361089492,13.3,30.2744138790531,27.5,126,9.7,0.4,6.6
2018-08-09 16:02:17.400,177.1,35.7919621320145,1.92989011036759,1.97428701700906,1.46651594478143,406.993791143524,416.356480177862,1.50025073779569,14,140.505717408604,22487.3089029142,1.1,17.8,43.7753383333333,-79.4670883333333,990,6.54408512208805,7.15935680508193,13.8,30.2760060904544,27.5,50.4,6.7,1.1,10.3
2018-08-09 16:02:18.400,176.6,35.7957433633918,1.93468389036259,1.97930180311884,1.38835917010926,405.942126460925,415.304011640726,1.42038500653023,12.4,140.467685843108,22542.2177949136,1.1,20.7,43.775375,-79.4670783333333,990.1,6.53707857490968,7.1613485790483,14.2,30.2782737388991,27.4,24.2,5.6,2.2,12
2018-08-09 16:02:19.400,176.7,35.7995013516183,1.93816268880372,1.98311476701426,1.66265247225928,406.145724370158,415.565592121733,1.70122181516222,11.5,140.494215333702,22667.5526049933,1.1,19.7,43.7754116666667,-79.46707,990,6.53598777048824,7.16183203910527,14.4,30.2806721783387,27.3,8.5,353.3,1.8,11.3
2018-08-09 16:02:20.400,177.2,35.8004405553735,1.94096807098909,1.98616261965716,1.77602637790406,406.796034903957,416.268184275337,1.81737721078109,10.4,140.501735370425,22754.8638697614,1.1,16.6,43.775455,-79.46706,990.1,6.5368578567474,7.16191334229802,14.8,30.2831759017531,27.2,351.2,356.9,2.1,12.1
2018-08-09 16:02:21.400,177.6,35.8064755133917,1.94682069187278,1.99221163373723,1.66843455064602,406.809968308527,416.295080400661,1.70733528779233,10,140.458026248095,22784.5401242651,1.1,17.6,43.7754933333333,-79.4670516666667,990.1,6.53656152881864,7.16167128689846,14.4,30.2857310849483,27.2,10.4,359.8,2,11.5
2018-08-09 16:02:22.400,178.3,35.817895570621,1.95249829868196,1.99789623126205,1.78389322528108,407.078318681741,416.543406177041,1.82539157556466,10.2,140.477835630878,22722.9262335415,1.2,17.1,43.7755266666667,-79.4670433333333,990.2,6.53545176572431,7.15951006666722,13.5,30.287568308851,27.1,17.5,1.5,1.1,9.3
2018-08-09 16:02:23.400,178.9,35.8233443647424,1.95080370255851,1.99599700149765,1.48979842074656,406.722938352596,416.145212439958,1.52431544492746,11.1,140.508523375976,22641.8912377491,1.2,19.3,43.7755533333333,-79.467035,990.2,6.53866597797207,7.15657994336966,12.4,30.2900578165366,27.1,100.8,5.1,0.1,6
2018-08-09 16:02:24.400,179.8,35.8311931351149,1.949605625383,1.99504829549141,1.56208088575151,406.090438944992,415.555944013741,1.59849144092081,11.2,140.485012859603,22777.8867968057,1.2,16.3,43.7755783333333,-79.4670266666667,990.1,6.53846366639483,7.16062685197056,11.1,30.2928373018247,27.1,155.8,10.9,0.8,5.2
2018-08-09 16:02:25.400,180.4,35.8421211412832,1.94665301752658,1.99211430962062,1.53397150907031,406.264482105669,415.752207047867,1.56979438071281,11.5,140.510772609978,22820.6352630924,1.1,19.4,43.7756,-79.4670216666667,990.2,6.54392988684928,7.16381509394058,10.1,30.2950900463186,27.1,157.1,16.6,1.1,4.6
2018-08-09 16:02:26.400,181,35.8535379830845,1.94540905775413,1.9909358017328,1.46971916847633,406.654295994225,416.170856055816,1.50411475470527,12.4,140.488265209601,22867.0303548409,1.1,13.2,43.7756233333333,-79.4670166666667,990.3,6.54006212532158,7.16157248887678,9.6,30.2976480196266,27.2,124.3,28.1,1.2,4.9
2018-08-09 16:02:27.400,181.2,35.8587348123568,1.94518852365247,1.99082038535417,1.46669596113461,406.298857376576,415.830037208074,1.50110000843954,12.8,140.475893114228,22920.8739151395,1.1,14.1,43.77564,-79.46701,990.3,6.54015109606701,7.15938471942934,8.7,30.2997891651764,27.3,149.4,20.9,1,4.4
2018-08-09 16:02:28.400,180.9,35.8589554140054,1.94275963959018,1.98846460946106,1.4901024087885,405.479511833405,415.018737992482,1.52516531916835,11.8,140.510333772918,22985.000937094,1.2,17,43.775655,-79.4670033333333,990.2,6.5376068964251,7.16079140272467,8.1,30.3021703842301,27.3,99.8,20.9,1,5.2
2018-08-09 16:02:29.400,179.6,35.8618484737159,1.94185770721844,1.98759099423556,1.68899242557636,404.646062182455,414.176058637186,1.7287740388145,11,140.482831419886,23009.4442618374,1.2,15.5,43.7756683333333,-79.4669983333333,990.2,6.53714883744301,7.16583431151453,7.5,30.3045185345149,27.3,53.5,10.5,0.8,6
2018-08-09 16:02:30.400,178.2,35.8655856362182,1.94183173088809,1.98753052413367,1.6145969856043,404.650128599862,414.173142986238,1.65259928343616,13.7,140.498503217649,22992.7508456164,1.1,15.9,43.7756833333333,-79.4669933333333,990.2,6.537219448742,7.16490952971641,7.4,30.3064676465891,27.3,33.3,0.4,0.5,4.6
2018-08-09 16:02:31.400,177.1,35.8666087432129,1.93685451506847,1.98255609743459,1.65603169388746,404.593552498101,414.140197509309,1.69510731286604,16.2,140.508167825652,23051.7007153174,1.1,20,43.7756983333333,-79.4669833333333,990.2,6.54186359003723,7.16344120826867,7.7,30.3088857927772,27.3,260.3,0.4,0.3,4
2018-08-09 16:02:32.400,176.3,35.8675974538843,1.93753746907537,1.98328305075095,1.54732187765134,403.988277396207,413.526516150466,1.58385663758353,13.3,140.488557842036,23065.5581570878,1.1,18.9,43.7757166666667,-79.4669766666667,990.2,6.53604968584274,7.16085911528423,8.1,30.3113041434581,27.3,41,6.8,0.8,5.6
2018-08-09 16:02:33.400,176.3,35.8714822332913,1.93641904944968,1.98214165844412,1.52750707295665,403.935759670993,413.473358315594,1.563581368461,12.5,140.509778368733,23067.0827158152,1.1,19.3,43.77574,-79.4669716666667,990.3,6.53495837311847,7.16653745151959,8.7,30.3136288072034,27.3,19.4,4.1,1.3,7.4
2018-08-09 16:02:34.400,176.3,35.8724867113527,1.93183617049517,1.97735094678341,1.39139481536757,404.478803081856,414.008509399168,1.42417615155294,18.9,140.480301367696,23018.0996512977,1.1,20,43.7757633333333,-79.4669633333333,990.2,6.54184095015724,7.16601153388353,9.2,30.3158627991083,27.3,8.5,357.6,1.5,7.7
2018-08-09 16:02:35.400,175.9,35.8722645307795,1.93392396879774,1.97945863167887,1.661462111612,406.090142567255,415.651693206775,1.70058014675468,22.7,140.484672695675,23003.7845439807,1.1,22.9,43.7757916666667,-79.4669533333333,990.1,6.53736991511955,7.16522234010011,9.8,30.3180985546892,27.3,16.3,358.4,1.2,7.1
2018-08-09 16:02:36.400,175.6,35.8780630368039,1.93440512599091,1.97997926975077,1.63667348459953,408.221093639508,417.838829499059,1.67522571080724,28,140.514548117788,23017.7147049585,1.1,26.2,43.7758133333333,-79.466935,990.1,6.53676228824599,7.16792573909477,10,30.3208810370321,27.3,286,342.5,0.7,6.2
2018-08-09 16:02:37.400,175.6,35.8875495942697,1.93435786370726,1.98017557274145,1.59323288865385,409.57575879966,419.277209461049,1.63098470843764,32.3,140.492483120379,23138.4105247203,1.1,31,43.7758383333333,-79.4669183333333,990.2,6.53425001838603,7.16651905873379,10.7,30.3237734812846,27.3,328.2,338.6,1.4,6.8
2018-08-09 16:02:38.400,175.4,35.8948471283379,1.9330707700504,1.97904264387119,1.86990446457764,410.222040356605,419.977938777925,1.91437483660849,35.6,140.504513561288,23229.5985784193,1.1,32.5,43.7758616666667,-79.466895,990.2,6.53819351365117,7.16719780774667,11.4,30.3259179176781,27.3,313.2,339,1,5.4
2018-08-09 16:02:39.400,175.3,35.9033351323016,1.93442968348408,1.98048034064035,1.72780722561883,410.611697501142,420.386587839248,1.76893529296929,38.2,140.515014659893,23252.1650982288,1.1,36.4,43.7758883333333,-79.4668666666667,990.2,6.54016244788148,7.16315905251746,12,30.3285108352271,27.3,269.6,342.4,1.1,5.6
2018-08-09 16:02:40.400,175.6,35.9126663655431,1.94953594745403,1.99597042576744,1.28254709713381,410.890408575094,420.677112023615,1.31309696545024,37.9,140.49289897611,23264.1567363485,1.1,37.8,43.7759133333333,-79.4668416666667,990.1,6.53739486518778,7.16259329244859,12,30.3310400682593,27.3,311.3,352.2,0.7,6.3
2018-08-09 16:02:41.400,175.8,35.9210784661952,1.97780957725856,2.02502004238691,1.25218834820813,411.305818303521,421.123652497839,1.28209663438961,30.9,140.479989578691,23313.2533053737,1.1,32.9,43.7759383333333,-79.46682,990.1,6.5345566617979,7.16732196802545,12,30.3337537846251,27.3,221.2,356.6,0.3,6.2
2018-08-09 16:02:42.400,175.8,35.9269360543649,1.99969755847107,2.0475977351402,1.55140372461357,412.226026823503,422.100546724955,1.58856625106511,24.9,140.483145284552,23393.8149807817,1.1,28.9,43.7759666666667,-79.4668033333333,990.2,6.53492850036968,7.16666565916924,12,30.3368302398785,27.3,269.2,353.4,0.3,6
2018-08-09 16:02:43.400,175.9,35.9296735641261,1.99985131211383,2.04770404584991,1.47672082640311,411.349075511404,421.192037655152,1.51205598857879,18.7,140.490453113377,23369.3632032213,1.1,24,43.7759983333333,-79.4667916666667,990.2,6.53541033643181,7.16919696654366,12.2,30.3385393200121,27.3,288,350.3,0.6,7.1
2018-08-09 16:02:44.400,175.9,35.9315155624777,1.99302963145447,2.04050151956831,1.43336786772334,410.018061037251,419.784256768995,1.46749143216529,19.9,140.509068294059,23264.7765625771,1.1,22.8,43.7760233333333,-79.4667766666667,990.1,6.53545661696537,7.16665299573432,11.8,30.3404795427052,27.2,290.1,350.7,0.5,6.7
2018-08-09 16:02:45.400,175.6,35.9331872545368,1.98790455398607,2.03496943187853,1.59955698056488,409.082873064432,418.768125977698,1.63742776824615,18.1,140.482592500397,23128.0041005624,1.1,19.6,43.77605,-79.4667633333333,990.1,6.53697742635116,7.16927146993619,11.8,30.3424727772605,27.2,251.8,349.1,0.4,5.7
2018-08-09 16:02:46.400,175.6,35.9319980492871,1.98141421996175,2.02829147401019,1.59251950456201,408.376988423879,418.038409735411,1.63019712172476,12,140.478659023031,23111.3384610874,1.1,23.4,43.77608,-79.4667566666667,990.1,6.5360321194618,7.16892888141542,11.4,30.3445039287011,27.2,269.6,330.1,1.3,5.6
2018-08-09 16:02:47.400,175.9,35.9297365606362,1.9737811866205,2.02036423575427,1.62146493390616,408.079881438633,417.710813322654,1.65973301771507,9.7,140.508194838759,23056.4975363406,1.1,18.6,43.7761083333333,-79.46675,990.2,6.53782755813169,7.16332185502559,11.1,30.3461702403759,27.2,235.4,304.1,2.3,5
2018-08-09 16:02:48.400,175.8,35.9347320506323,1.9703693927068,2.01679967966433,1.87233756163127,407.421285538042,417.021883426081,1.91644696886397,11.2,140.480828083183,23021.7008817124,1.1,13.8,43.7761333333333,-79.46674,990.1,6.53668111397681,7.16175931356216,10.7,30.3477021650842,27.2,234,303,2.7,3.7
2018-08-09 16:02:49.400,175.5,35.9437454818588,1.96475241273201,2.01079074004551,1.88819624759073,406.500411045144,416.025589422292,1.93246154099722,12,140.488631066915,22895.5925315961,1.1,16.4,43.7761566666667,-79.46673,990.1,6.53831085239759,7.16352752548251,10.7,30.350017463549,27.3,221.8,305,2.7,2.3
2018-08-09 16:02:50.400,175.4,35.9497881966931,1.96263545891814,2.00856687941904,1.69391311390362,406.264462668513,415.772119841097,1.73356679798815,8.2,140.494094603627,22867.4988764903,1.1,13.5,43.7761866666667,-79.4667233333333,990.2,6.53952438036584,7.16223629783904,11.1,30.3523125146895,27.4,211.6,319.1,2.3,2.3
2018-08-09 16:02:51.400,175.4,35.9531579671939,1.96200935305617,2.0079488073056,1.65878993176398,406.576743403987,416.096411039602,1.69765334683228,3.9,140.488364867117,22878.5695652302,1.1,9.5,43.7762166666667,-79.4667216666667,990.2,6.54121751744661,7.16349249764971,11.1,30.3546805142591,27.4,214.3,333.5,1.7,4.1
2018-08-09 16:02:52.400,175.5,35.9533383264617,1.9579959637251,2.00361158537594,1.49951864642063,406.011656403603,415.470471026418,1.53445319192182,1.4,140.499491884795,22766.6664293099,1.1,9.5,43.77624,-79.4667233333333,990.2,6.54304438483635,7.16804665117698,10.5,30.3567278900468,27.4,249.2,329.4,1.4,4.9
2018-08-09 16:02:53.400,175.7,35.9545402272726,1.9557056832548,2.00120756037283,1.77183856825138,405.360156899209,414.791238091194,1.81305832933866,359.4,140.47805661559,22737.0105536333,1.1,6.5,43.7762666666667,-79.466725,990.1,6.53773235324889,7.16808583950944,10.5,30.3592028212022,27.4,211.1,335.6,1.6,3.3
2018-08-09 16:02:54.400,176,35.9556684681783,1.95162840019893,1.99687565127623,1.75132838529826,405.464799933441,414.865273149083,1.79193851425866,356.9,140.479162791511,22658.99582396,1.2,2.1,43.776295,-79.4667283333333,990.2,6.53728599183872,7.16711657193569,10.9,30.3614184115065,27.4,210.2,330.8,1.2,4.5
2018-08-09 16:02:55.400,176.3,35.9543617749681,1.94662515955543,1.99167344621363,1.58230825181603,404.70157961885,414.067108738291,1.6189250635695,358,140.514851730623,22618.306144345,1.1,359.1,43.7763216666667,-79.46673,990.1,6.53771627226177,7.16808798856426,10.9,30.3634074381193,27.4,218.6,335.4,1.4,4.4
2018-08-09 16:02:56.400,176.4,35.958649061611,1.94622062479838,1.99115362070253,1.6493782908132,404.507942523722,413.847002521028,1.68745399304783,356.9,140.482996731017,22566.4336222115,1.1,2.3,43.7763516666667,-79.4667316666667,990.1,6.53747169796555,7.1653119140256,11.2,30.3658554695794,27.4,215.5,338.3,1.4,4
2018-08-09 16:02:57.400,176.6,35.960195531601,1.94811845421535,1.99292019699793,1.71877495944329,404.549169851333,413.8529435509,1.75830291741123,357.1,140.471805277918,22480.717805514,1.1,359.5,43.7763816666667,-79.4667333333333,990.2,6.53612010205696,7.16532552124306,11.4,30.3680649217877,27.4,204.7,344,1.4,3.9
2018-08-09 16:02:58.400,176.9,35.9597041647439,1.94696902774492,1.99178655409231,1.760135755249,404.009480120812,413.309428467183,1.80065476457238,354.5,140.495155202882,22501.1297006033,1.1,1.1,43.7764116666667,-79.4667383333333,990.2,6.53607540096053,7.16827666141409,11.2,30.3702553058698,27.4,188.4,0.4,1,5.2
2018-08-09 16:02:59.400,177.3,35.9628862151708,1.94744271808138,1.99238991249929,1.7166896749913,404.321520104855,413.653271087675,1.7563097721296,354,140.480412581116,22559.3152986579,1.1,359.8,43.77644,-79.466745,990.2,6.53618925949518,7.16684929499147,10.9,30.3726307032438,27.4,171.8,352.6,0.5,3.4
2018-08-09 16:03:00.400,177.9,35.9614817085895,1.94955871338046,1.99461576185231,1.75923742405004,404.783378683196,414.138550533202,1.79989836246031,352.9,140.486232771144,22589.3431009229,1.1,357,43.776465,-79.46675,990.2,6.53361422219003,7.16480612358484,10,30.3749867725358,27.4,219.1,324.3,1.6,4.4
2018-08-09 16:03:01.400,178.9,35.955642866425,1.9485618272072,1.99357189031901,1.7436662596551,404.904452532625,414.257283586274,1.78394928902197,351.9,140.506290780087,22577.3169536332,1.1,356.3,43.776485,-79.4667533333333,990.2,6.53842838557189,7.16482144005156,9.4,30.3772442836072,27.4,242.4,326.1,1.6,5.9
2018-08-09 16:03:02.400,179.2,35.9550237163849,1.9469063871849,1.99194150147043,1.51520176598518,405.548247793015,414.929283234126,1.55024946472497,352.9,140.477476050436,22608.5556595689,1.1,358.8,43.7765083333333,-79.46676,990.2,6.54386226701768,7.16681489684457,9.4,30.3795084768892,27.4,261.2,328.5,1.7,6.1
2018-08-09 16:03:03.400,179.2,35.9552289394712,1.94553450342888,1.99067970436585,1.59323999233406,407.192052776832,416.640828575452,1.63020997496952,354.5,140.491150168039,22678.2953717283,1.1,1.4,43.7765366666667,-79.4667616666667,990.2,6.54233626231466,7.16744391755808,9.6,30.3817766934853,27.4,261.9,333,1.2,5.2
2018-08-09 16:03:04.400,178.9,35.9579523757326,1.94335718111145,1.98856423554158,1.6474969230966,408.738635014418,418.246946860091,1.68581898174027,349.2,140.486198192412,22733.5988525394,1.1,358,43.7765616666667,-79.4667716666667,990.1,6.54182908611353,7.16673700919149,10,30.3841616730143,27.4,273.2,340.5,1.1,6.5
2018-08-09 16:03:05.400,178.7,35.9616014898533,1.94100562458307,1.98631213398865,1.66311137866681,410.219965285465,419.795257383903,1.70193303023518,349.5,140.472033182205,22809.3910377755,1.1,355.8,43.7765883333333,-79.4667816666667,990.1,6.54104236196783,7.16806543267866,10.3,30.3863853423284,27.4,286.8,350.5,1.4,6.6
2018-08-09 16:03:06.400,178.7,35.9624757387212,1.93950131610992,1.98479608424116,1.66825305421074,410.133749456437,419.7119858478,1.70721437243174,353.7,140.499322800224,22820.9536895234,1.1,357.4,43.7766166666667,-79.4667866666667,990.1,6.54006107393045,7.16541456157266,10.9,30.388817357936,27.4,348.5,0.4,0.8,7.3
2018-08-09 16:03:07.400,178.4,35.9686499851115,1.94031864602003,1.98564989917932,1.60121197039869,409.122793532536,418.681064013441,1.63862142845362,355.2,140.48192876433,22829.548160853,1.1,1.7,43.7766483333333,-79.4667916666667,990.1,6.53969404483619,7.16479322456091,11.6,30.3912847069208,27.4,356.5,355.8,0.6,6.4
2018-08-09 16:03:08.400,178.4,35.9730106860648,1.93873488807563,1.98425717570885,1.53951290105019,408.931650111604,418.533608785442,1.57565650356579,359.6,140.492173542328,22941.8964400554,1.1,8.2,43.7766783333333,-79.4667883333333,990.2,6.53804524638851,7.16490062696965,12.2,30.3934276474563,27.3,244.8,336.6,1,7.7
2018-08-09 16:03:09.400,178.3,35.9729993673111,1.93498286465834,1.98070609372622,1.50123978984924,409.003669872659,418.668442560592,1.53671482514783,358.9,140.509389746991,23084.5004332311,1.1,7.1,43.7767133333333,-79.4667883333333,990.1,6.53785257946743,7.16611724916263,12.7,30.3954073397552,27.3,293,332.8,2.3,10
2018-08-09 16:03:10.400,178.1,35.9785287365151,1.93472330808906,1.98058756538878,1.49513419550513,410.466739216389,420.197280235746,1.53057716188199,7.3,140.470392903873,23156.962077552,1.1,7.7,43.77675,-79.4667816666667,990.1,6.537494098211,7.16888079667388,13.3,30.3979207644692,27.3,285.6,329.7,2.7,8.5
2018-08-09 16:03:11.400,177.7,35.9850194766679,1.93414327685139,1.98002351489233,1.50297635560311,411.620979272032,421.385133276856,1.53862837042956,21.2,140.487098162137,23171.5642036004,1.1,14.5,43.7767783333333,-79.4667616666667,990.1,6.53606950140134,7.16872522171549,13.5,30.4001293453465,27.3,275,345.8,1.5,7.6
2018-08-09 16:03:12.400,177.4,35.9904563310739,1.93391561597114,1.97988143496442,1.35811601348639,412.54675398116,422.352224670221,1.39038678999291,27.3,140.485947340218,23216.2710329897,1.2,23.1,43.776805,-79.4667383333333,990,6.5343358605254,7.16652059323973,13.7,30.4024436058558,27.2,7.2,357.2,0.4,7.8
2018-08-09 16:03:13.400,177.3,35.9933748598094,1.93373213650652,1.97976300637462,1.48195043762795,413.536214232842,423.379980800894,1.51722217257466,27.8,140.462669549369,23250.488529381,1.2,25.9,43.7768333333333,-79.4667116666667,990.1,6.53753220600159,7.1630020435169,14,30.4051138802896,27.2,227,352.7,0.5,6.1
2018-08-09 16:03:14.400,177.5,35.9914542700592,1.93232170328688,1.97820346964739,1.7907347942778,412.862917588046,422.66611681806,1.83325238059881,29.7,140.49222721354,23193.6070002147,1.1,27.6,43.7768666666667,-79.4666816666667,990,6.54365150992382,7.16623920344481,15,30.4071920313907,27.2,269.9,337.7,1.2,6.9
2018-08-09 16:03:15.400,177.8,35.9949401987995,1.93272536251419,1.97851027885026,1.60859085093432,411.487300053094,421.235265791882,1.64669987925737,37.8,140.477814743684,23141.2119533013,1.1,31.4,43.7768966666667,-79.4666433333333,990.1,6.54550985258528,7.17133072905083,15.1,30.4096275297536,27.2,266.2,343.8,1.1,7.4
2018-08-09 16:03:16.400,177.8,35.998869177957,1.93242781139627,1.97829846040583,1.57132540999828,410.90067088122,420.654447944893,1.60863225043285,47.3,140.477971071988,23186.9624183717,1.1,41.4,43.77692,-79.4666,990.1,6.54139637347257,7.17008199427696,15.3,30.4119125859626,27.2,307,341.3,1.5,7.9
2018-08-09 16:03:17.400,177.9,36.0008579335239,1.93341705624145,1.97930957875407,1.4870444790784,410.767461004456,420.517698140408,1.52235098459077,54,140.485526649094,23186.2035561855,1.1,53.9,43.776935,-79.4665566666667,990,6.53683869025543,7.16772594009802,15,30.4140750895382,27.2,238.7,358,1,6.1
2018-08-09 16:03:18.400,177.8,36.0061796191456,1.93677448882778,1.98259543420014,1.32681157702184,410.858336854436,420.578570031751,1.35820144154275,57.5,140.471262312057,23111.673831947,1.1,72.7,43.7769483333333,-79.4665133333333,990.1,6.5352237761356,7.17113910829384,14.4,30.4159651937935,27.2,243,349,1.4,5.1
2018-08-09 16:03:19.400,177.6,36.0069878973159,1.93512791961571,1.98084519543574,1.5440420710543,411.987203715956,421.72038628824,1.58051957659114,58.3,140.498752653965,23079.8129464534,1.2,65,43.776965,-79.4664733333333,990.1,6.54000762243052,7.17022206863669,14,30.4181674036045,27.2,248.2,358.5,2,4.2
2018-08-09 16:03:20.400,177.9,36.0094833442384,1.93368990722856,1.97934506565897,1.40652396462305,413.370983970336,423.130860837747,1.43973552617527,59.6,140.504916647664,23066.0152110685,1.2,62.2,43.7769833333333,-79.4664316666667,990,6.54026387904122,7.16537682040462,13.7,30.4202961024371,27.2,269.8,352.2,0.9,7.3
2018-08-09 16:03:21.400,178.5,36.0170891304928,1.93461530583261,1.98028133108549,1.43075398351361,413.814401061833,423.582333553403,1.464527382388,60.3,140.476342535349,23060.4481483577,1.2,61.6,43.777,-79.46639,990.1,6.53797980141942,7.16586742492118,13.5,30.422785336823,27.2,7.7,350.4,0.7,8
2018-08-09 16:03:22.400,178.9,36.0194647243693,1.93378511658834,1.97925433339225,1.57708930202619,413.250647023077,422.967478980992,1.61417715801366,59.6,140.485582580159,22972.9175366674,1.2,60,43.7770166666667,-79.4663483333333,990.1,6.53593815681093,7.16649589352412,13.1,30.4249275688761,27.2,338.6,346.4,0.9,7.3
2018-08-09 16:03:23.400,179.2,36.0214914515084,1.93370889179514,1.97900460422619,1.60663241469533,413.637654926407,423.326843242076,1.64426625411987,58.1,140.47876915908,22888.1802991893,1.2,57.8,43.7770366666667,-79.4663083333333,990.1,6.53498742559306,7.16457804607449,13.3,30.4272971321184,27.2,342.1,348.8,0.8,7.7
2018-08-09 16:03:24.400,179.2,36.0211369147972,1.93429026573882,1.97934198747923,1.64181436193152,415.025623370359,424.69196291838,1.6800572245458,58.1,140.471850539052,22761.0354197687,1.2,57.9,43.777055,-79.4662666666667,990.1,6.53961656937395,7.16302939130662,13.8,30.4306844312941,27.2,348.5,346.6,0.9,7.9
2018-08-09 16:03:25.400,178.5,36.0199159593736,1.9335061645863,1.97853287255254,1.52108926100282,416.016907207593,425.70502531822,1.55650624576765,58.9,140.499740283898,22757.8895600927,1.2,56.7,43.777075,-79.4662183333333,990.1,6.53839269891051,7.16339445998539,14.6,30.4327029558248,27.2,347.2,351.6,0.8,8.2
2018-08-09 16:03:26.400,178.2,36.0255450575179,1.93390766820417,1.97911693662552,1.45172068686385,415.525719332962,425.239458174139,1.48565811959287,58.9,140.467537465535,22843.1133574575,1.2,54.2,43.7770966666667,-79.4661683333333,990.1,6.54021062651165,7.16490999655447,15.5,30.4343041751487,27.1,29.3,354.6,1,10.7
2018-08-09 16:03:27.400,177.3,36.0278044473049,1.9312330048126,1.97638759841353,1.68538124202957,414.586370895255,424.279807565425,1.72478479555458,61.6,140.492044797728,22846.7131229385,1.2,57.3,43.7771166666667,-79.4661133333333,990.1,6.5402156687403,7.1658883446254,16.6,30.436155222444,27,40.7,354.9,1.6,11.7
2018-08-09 16:03:28.400,175.9,36.026239970685,1.93071332607528,1.97583669575545,1.57360590329817,413.664948489476,423.332894602645,1.61038300163071,66.4,140.501841223878,22837.5653007381,1.2,62,43.7771266666667,-79.4660516666667,990.2,6.53740137483622,7.16449976608319,17.4,30.4384472224265,26.9,53.7,358.3,1.5,11.8
2018-08-09 16:03:29.400,175.4,36.0263610318827,1.93408948114178,1.9793627749972,1.3428402995932,412.363163911569,422.015829181844,1.37427274807372,69.8,140.477599476353,22872.7948669286,1.2,65.2,43.77714,-79.4659866666667,990.2,6.53728982920157,7.16804091346496,17.9,30.440697925463,26.8,77.4,1,1.1,11.5
2018-08-09 16:03:30.400,175,36.0282041366426,1.93297214643689,1.97821178310285,1.25500143304942,411.815047538134,421.453253104069,1.28437550838599,73.4,140.511169892949,22868.980340253,1.2,65.4,43.7771483333333,-79.465925,990.1,6.54068243584476,7.17047095372389,17.5,30.4424512306988,26.8,69.8,1.2,1.3,12.7
2018-08-09 16:03:31.400,173.1,36.0340679036927,1.93151927834398,1.97667836769099,1.07090589935574,412.080867693152,421.715416490314,1.09594429803846,73.6,140.488838832474,22845.9919588005,1.2,64.4,43.7771583333333,-79.4658683333333,990.1,6.54103841928001,7.16928621650453,17.7,30.4445729553002,26.8,84.3,3.3,1.6,12.1
2018-08-09 16:03:32.400,171.7,36.0383505488029,1.93063329929369,1.97584952565661,1.19924933728699,411.944059363775,421.591961569179,1.2273426887113,69.3,140.492333270262,22884.4942601456,1.2,65.1,43.7771816666667,-79.4658233333333,990.2,6.54149822010383,7.16833703377233,17,30.4471501666792,26.8,85.3,3.5,0.9,11
2018-08-09 16:03:33.400,171.3,36.0390296953093,1.93077411336389,1.97608819136629,1.39437248461569,410.657230691972,420.295110764766,1.42709750230631,63.2,140.497172699161,22931.1971362628,1.2,57.7,43.7772066666667,-79.46577,990.2,6.54126778485717,7.17153119324538,16.2,30.44946221209,26.8,103.5,4.6,0.7,10.3
2018-08-09 16:03:34.400,172.3,36.0379590002511,1.93284229588527,1.97840940664789,1.60812561654076,409.996809239836,419.662668582527,1.64604859280667,52.8,140.48329405419,23032.2891638034,1.2,47.1,43.77724,-79.4657316666667,990.3,6.5387851354745,7.16833661041266,14.6,30.4517488050674,26.8,105,1.9,0.5,8.8
2018-08-09 16:03:35.400,175,36.0345843408078,1.93410267419286,1.97970999177306,1.6397663138479,409.090875604741,418.737614102615,1.67843638433489,48.4,140.5052188311,23037.5335495201,1.2,42.3,43.7772616666667,-79.46569,990.1,6.53583581747649,7.16242208779728,12.9,30.4545857230353,26.8,245.2,359,0.4,6.6
2018-08-09 16:03:36.400,176.8,36.036600242825,1.93247974142028,1.97814373388078,1.35433424611723,407.76463861261,417.400013300633,1.38632484205028,45.5,140.499781639972,23084.431842254,1.2,46.7,43.7772783333333,-79.46566,990.2,6.53668612801611,7.16396675000045,11.1,30.4560459556989,26.8,205.1,4.3,0.6,5.3
2018-08-09 16:03:37.400,177.7,36.0431597104487,1.9290275409694,1.97491183425737,1.21261328373698,406.391083290039,416.057569876267,1.24145689603936,46.9,140.458039918448,23233.7002052314,1.2,52.1,43.7772966666667,-79.4656366666667,990.2,6.54198406117101,7.1659280454715,10.1,30.4585201400162,26.8,204.5,10.6,1,3.9
2018-08-09 16:03:38.400,178,36.0473670897668,1.92905146077423,1.97499115247496,1.3629048724765,405.573768265605,415.232389594701,1.39535920034116,48.6,140.493667067815,23260.7733267121,1.2,50.8,43.7773116666667,-79.4656066666667,990.3,6.53943059476257,7.16602040781108,10,30.4610509726006,26.9,195.7,7.8,0.7,4.6
2018-08-09 16:03:39.400,178,36.0494384523585,1.9289591278094,1.97481946598657,1.24834180123642,405.75938209538,415.406171663576,1.27802294049049,48.7,140.498881914695,23222.6919576111,1.2,54.6,43.7773266666667,-79.4655733333333,990.1,6.54412029262474,7.16792609923569,10.5,30.4635535357451,26.9,112.7,6.4,0.3,6.6
2018-08-09 16:03:40.400,177.9,36.0549216449653,1.93105952482127,1.97731873712539,1.32157519693791,405.708333459941,415.427072391663,1.35325433991013,47.8,140.488731644965,23394.7155650202,1.2,49.1,43.777345,-79.46554,990.2,6.54103767198858,7.16828599542899,10.9,30.4665617302689,26.9,77.4,6,0.9,7.4
2018-08-09 16:03:41.400,179.3,36.05671819004,1.9318553229897,1.97829938812391,1.50289031826844,405.378038088431,415.123744548225,1.53902065788241,46.9,140.515923118733,23476.6714808818,1.2,48.6,43.77737,-79.465505,990.1,6.53749036574588,7.16724566789376,11.1,30.4687477122587,26.9,88.8,6,0.7,6.9
2018-08-09 16:03:42.400,179.8,36.0544496367008,1.93007484337572,1.97654534346561,1.5791057518134,405.441946116411,415.203744089216,1.61712758819947,45.4,140.490460252839,23510.9123359909,1.2,49.2,43.7773916666667,-79.4654766666667,990.2,6.5402089053713,7.16464413077883,10.5,30.4709350538262,26.9,120.9,5.2,0.4,6
2018-08-09 16:03:43.400,179.4,36.0557278958032,1.93075439080066,1.97721958401685,1.63883452206702,405.431437020479,415.188367149807,1.67827380537612,43.3,140.510276100545,23500.0916795929,1.2,53.4,43.77741,-79.4654516666667,990.1,6.54479130963946,7.16673542325587,10,30.4733059646172,26.9,123.4,6.4,0.4,6.6
2018-08-09 16:03:44.400,179.4,36.0632126140097,1.92996251928258,1.97651262939664,1.9528963276077,404.849031882469,414.613771183781,2.00001144831167,44.5,140.505998210084,23551.4874827728,1.2,46.8,43.777425,-79.465425,990.1,6.54529748078108,7.16677281382643,9.6,30.4758879319227,26.9,67.4,5.8,0.6,6.7
2018-08-09 16:03:45.400,180.3,36.0729447756782,1.93099644987955,1.9778680650503,2.24922265259655,403.708471094545,413.507833759929,2.30382813857593,44.8,140.469424693504,23698.137047761,1.2,43.1,43.7774433333333,-79.465395,990.2,6.53947727720939,7.16489656817037,9.6,30.4783975875796,26.9,78.3,10.2,0.7,6.1
2018-08-09 16:03:46.400,180.9,36.0779078259487,1.93009381554619,1.97696672463243,1.86852367490743,403.080378553912,412.869316932195,1.9139127474371,41.5,140.505188123353,23709.5702943247,1.2,36.8,43.777465,-79.4653766666667,990,6.53554745236309,7.16805383030877,9.8,30.4803189794516,26.9,100,10.6,0.7,5.9
2018-08-09 16:03:47.400,181.2,36.0792235676602,1.92982473145604,1.97691000585446,1.66747866082836,403.964002937019,413.820179339752,1.7081640389153,44.3,140.502517070988,23817.3654769263,1.2,24.3,43.7774866666667,-79.4653533333333,990.1,6.53653706150523,7.16437898713358,10,30.4821656344411,26.9,90.2,6.6,0.6,6.4
2018-08-09 16:03:48.400,181.3,36.0750271812201,1.92885048772607,1.97597902837659,1.62779427241429,404.143882683804,414.018435997371,1.66756688604967,42.7,140.517715580842,23850.4293028295,1.2,18.3,43.7775116666667,-79.46533,990.2,6.5416594260223,7.16291665305266,10,30.4833218522674,26.9,81.8,8.3,0.9,7.2
2018-08-09 16:03:49.400,180.9,36.0716578717656,1.92754308360182,1.97463532947109,1.43454853167728,404.287506159707,414.164650717017,1.46959446623531,41.2,140.523520019745,23848.3696690214,1.2,22.2,43.77753,-79.4653083333333,990.1,6.5430174771901,7.16538803491626,9.8,30.4850666520315,26.9,101.5,14.6,0.9,6
2018-08-09 16:03:50.400,180.3,36.0707462825069,1.9272829913315,1.97426995332293,1.44987029528789,404.003841564313,413.853285262875,1.48521474072283,40.4,140.493280295592,23799.375295559,1.2,41.1,43.7775416666667,-79.46529,990.1,6.5416012118237,7.17035481729718,8.5,30.4874598266299,26.9,125.1,10.1,0.5,5.4
2018-08-09 16:03:51.400,179.7,36.073105804588,1.92520507437542,1.97228801186306,1.38623332375174,404.141347088971,414.025016291399,1.42012919982175,40.6,140.478646061813,23872.2036361601,1.2,51.9,43.777545,-79.4652733333333,990.1,6.5458973688966,7.16710279780302,6.2,30.4897393748764,26.9,163.9,23.8,0.7,2.8
2018-08-09 16:03:52.400,179.6,36.0752374297261,1.92566379304196,1.9730897486976,1.33144778469341,403.681289287765,413.623218825894,1.3642389560273,40.2,140.486304134913,24036.3631475505,1.2,60.8,43.7775383333333,-79.4652683333333,990,6.54354849682673,7.16737184016917,3.1,30.4921301770589,26.9,196.3,90.8,1.3,1.4
2018-08-09 16:03:53.400,178.1,36.0771088056196,1.92759962203603,1.97522350174124,1.45316337707975,403.28998953569,413.253753247344,1.4890669606728,35.7,140.489224230309,24110.5511663765,1.2,56,43.7775383333333,-79.4652666666667,990.1,6.54254967989874,7.16892927708893,1.6,30.4946354760941,27,188.4,109,1.4,1.5
2018-08-09 16:03:54.400,176.2,36.0796968837969,1.92773067164701,1.97525440385161,1.21350138231872,403.378279747592,413.322612270846,1.24342590470038,26.3,140.481192888451,24059.4432590012,1.2,54.1,43.7775316666667,-79.4652583333333,990,6.54276628286868,7.16137346029691,0.7,30.4965344933592,27.1,185.2,112.8,1.2,1.7
2018-08-09 16:03:55.400,175.3,36.0823457309958,1.92729099424538,1.97490901515781,1.40883842576313,402.866833819339,412.820516177252,1.44365894020371,13.5,140.5027686971,24111.4523163328,1.2,55.1,43.77752,-79.4652533333333,990.1,6.53922927237102,7.16238128009788,0.3,30.499119962575,27.1,174.8,113.6,1.1,2.1
2018-08-09 16:03:56.400,175.4,36.0837784700204,1.92766652464329,1.97553478149415,1.78810030485739,403.295311550203,413.310150353848,1.83251239841968,33.6,140.486461199185,24230.6167853279,1.2,50.5,43.7775116666667,-79.4652516666667,990,6.53688547531426,7.16290862279191,0.7,30.5010941531253,27.1,169.3,102.4,1.2,2
2018-08-09 16:03:57.400,175.6,36.086457497971,1.9295399724639,1.97726746518776,2.29179181508462,403.06944521512,413.039667660356,2.34845897478016,46.8,140.491619388691,24138.5142137069,1.2,48.2,43.7775133333333,-79.4652533333333,990,6.53516132204511,7.16474905388114,1.4,30.5036054087094,27.1,138.9,68.2,0.9,2.1
2018-08-09 16:03:58.400,176.1,36.0918331857428,1.92450086093807,1.97208352239667,2.02706938084473,403.229784072759,413.199464307674,2.07718041454851,47.7,140.502083673861,24128.029376138,1.2,50.3,43.777515,-79.4652516666667,990,6.54376595695416,7.16623693482669,2,30.5058601322047,27.1,129,51.2,1,2.2
2018-08-09 16:03:59.400,176.3,36.1004839050839,1.92640766179286,1.97407176161261,1.99733128580054,403.338010334412,413.317625921116,2.04675021032893,46.5,140.461620142184,24145.086094513,1.2,48.8,43.77752,-79.46525,990,6.54203159745861,7.17062167404753,2.5,30.50813070044,27.1,120.7,39.1,0.8,2.3
2018-08-09 16:04:00.400,176.3,36.1007806597578,1.92667037791163,1.97423278136186,2.033712274342,403.67500883472,413.640367854692,2.08391836405737,48.1,140.496134396288,24091.9044567074,1.2,47.7,43.7775283333333,-79.46524,990.1,6.54144230297216,7.16606314946379,3.1,30.510207652178,27.2,137.1,36.7,0.8,2.2
2018-08-09 16:04:01.400,176.1,36.1036730796139,1.9251258454363,1.97263340171517,2.05571152780556,402.883367497026,412.825709727064,2.10644238186336,47.2,140.500718416535,24083.5358621097,1.2,46.2,43.777535,-79.465225,990.1,6.54506830461917,7.16751149635016,3.7,30.512546307236,27.2,126.4,30.9,0.6,2.5
2018-08-09 16:04:02.400,176.4,36.1097306518295,1.92776420034429,1.9752528189164,2.46568039669691,403.203286609156,413.135919106406,2.52641449576371,45.8,140.471204143747,24042.1714239914,1.2,47.3,43.7775416666667,-79.4652116666667,990.1,6.53985388040926,7.16361065191364,3.8,30.5148602130829,27.2,149.8,27.3,0.7,2.4
2018-08-09 16:04:03.400,176.9,36.1075141680666,1.92880528851646,1.97651144797268,1.97323306684972,403.384958260527,413.362051605902,2.0220118235557,46.9,140.485015945621,24136.5958581182,1.2,47.8,43.7775516666667,-79.4652,990.1,6.54249626722125,7.16565586944176,3.8,30.5169833929772,27.2,145.4,32.3,0.5,2.2
2018-08-09 16:04:04.400,177.9,36.1121946202001,1.92605267829136,1.97376021810048,1.85908649628488,403.685170737024,413.684240376572,1.90513498292866,44.9,140.489238383247,24170.8372796146,1.2,51.2,43.7775616666667,-79.46519,990,6.54226353310232,7.16480767564124,3.7,30.5193742679577,27.2,177.3,29,0.6,1.7
2018-08-09 16:04:05.400,179.1,36.1206782517498,1.92799667493731,1.97552079558522,1.89759596421726,402.977592101095,412.910743165716,1.94437016529711,45.8,140.477959867403,24056.3809543911,1.2,51.4,43.77757,-79.4651766666667,990,6.53859651494716,7.17219803034348,3.3,30.5214407766617,27.2,181.6,30,0.6,1.4
2018-08-09 16:04:06.400,179.5,36.1253396097194,1.92818169705386,1.9756539390569,1.85686802306631,403.021270550251,412.943843703548,1.90258451295718,45.8,140.504792479604,24028.8536825773,1.2,52.2,43.7775816666667,-79.4651683333333,990.1,6.54023960553134,7.16956516726787,3.7,30.5237974124487,27.2,156.6,21.8,0.5,2
2018-08-09 16:04:07.400,180.4,36.1278769203158,1.92800105503815,1.97537733293205,1.61356402956265,403.593912786093,413.511400274737,1.65321758680555,49.4,140.495331548705,23983.6066943148,1.2,52.7,43.7775883333333,-79.4651533333333,990,6.54378256814399,7.16993362227371,3.7,30.5273172451383,27.2,137.5,23.3,0.6,2.2
2018-08-09 16:04:08.400,181.4,36.1292404803633,1.92834467573966,1.97598123117107,1.86537999655493,404.415315343357,414.405665138323,1.91147676072751,51.6,140.48862253915,24107.7262789647,1.2,54.5,43.7776016666667,-79.4651416666667,990.1,6.5407902696352,7.16543302839668,3.8,30.5292938279896,27.2,150,32.1,0.7,2.4
2018-08-09 16:04:09.400,182.3,36.1286233967312,1.92874473551775,1.97647981935521,1.8351701873637,405.283143290283,415.313608285693,1.88058973712073,56.9,140.502662748237,24151.4746672786,1.2,56,43.777605,-79.4651266666667,990,6.54260598265985,7.1640884736326,3.8,30.5312050475093,27.2,148.8,20.6,0.5,2.1
2018-08-09 16:04:10.400,182.7,36.1339311730977,1.93174935288353,1.97934202809845,1.98188874523332,405.884646200857,415.884431455274,2.03071067934649,57,140.461359705384,24044.6324294631,1.2,57.6,43.77761,-79.4651083333333,990,6.54321046296565,7.16987567534837,4,30.5332034210878,27.2,151.1,33.9,0.6,2.3
2018-08-09 16:04:11.400,182.3,36.1341476391316,1.93173087051962,1.97927156496563,1.81493572960483,407.314007881875,417.338203709337,1.85960139024722,51.7,140.481610179497,24019.2812489432,1.2,60.7,43.7776133333333,-79.4650966666667,990,6.54750479324344,7.17279012942402,3.5,30.5353505089748,27.2,174.6,40,0.7,1.8
2018-08-09 16:04:12.400,181.4,36.1392866361151,1.93273387096074,1.98036618444501,1.45418305509482,407.657546821679,417.704343358345,1.49001942166559,57,140.498787889601,24052.4120767784,1.2,62.8,43.7776116666667,-79.46508,990,6.543719797243,7.17548533224706,3.5,30.5375926589161,27.2,143,21.2,0.7,2.3
2018-08-09 16:04:13.400,181.8,36.1508263589636,1.93364206481443,1.98147320445117,1.60940526403847,409.061212934924,419.180039190938,1.64922190654707,60.2,140.463260178763,24139.4509552754,1.2,65.4,43.7776233333333,-79.46506,989.9,6.53998830094042,7.17120032532831,3.8,30.5402893353436,27.2,118.9,14.2,0.6,2.6
2018-08-09 16:04:14.400,183.1,36.1552824472493,1.93325774543147,1.9809429468701,1.51269474617639,409.197014644061,419.290288780851,1.55001105468123,65.9,140.506664119144,24072.3756716098,1.2,68.7,43.7776316666667,-79.4650383333333,989.9,6.54296980479641,7.17534138175292,4,30.5422129692078,27.2,135.8,13.3,0.5,2.7
2018-08-09 16:04:15.400,183.9,36.1595481949152,1.93315597703652,1.9809092327206,1.28796874642939,409.718699727413,419.839722988115,1.31978188625468,65.5,140.49847378036,24107.0286623272,1.2,70.4,43.7776366666667,-79.4650233333333,989.9,6.54227867941989,7.1736950472899,4,30.5444104581338,27.2,145.1,19.1,0.5,2.6
2018-08-09 16:04:16.400,184.4,36.1695078965301,1.93531067943311,1.98315144678706,1.12865097911448,410.038058393344,420.174122928485,1.15655075613765,67.8,140.46783559102,24123.4275473331,1.2,69.8,43.7776416666667,-79.4650083333333,989.8,6.54518552251547,7.1683186470228,3.8,30.5467517206608,27.2,152.7,19.3,0.4,2.3
2018-08-09 16:04:17.400,184.5,36.1705297595244,1.93366439940638,1.98158941777818,1.01550110446249,409.646219941012,419.799189201627,1.04066810171767,70.7,140.511599462198,24185.1376907077,1.2,71.1,43.7776416666667,-79.4649966666667,989.8,6.55003317415291,7.17274825824262,3.7,30.5486524690043,27.2,159.6,22.4,0.5,2.2
2018-08-09 16:04:18.400,185.1,36.1760673727129,1.93535252314427,1.98339515304972,1.2859759018329,409.726120316025,419.897040964047,1.31789978497088,73.1,140.466462416965,24222.2736566791,1.2,74.3,43.7776483333333,-79.46498,990,6.54525399557053,7.17310310887466,4,30.5506311783061,27.2,158.8,24.2,0.4,2.1
2018-08-09 16:04:19.400,184.8,36.1837207106275,1.93375421672262,1.98174668893606,1.33497856814912,410.783548176595,420.978581049452,1.36811108846273,70.3,140.468785927798,24217.4410697988,1.2,74.8,43.777645,-79.46497,989.9,6.54331815702728,7.1713932612443,4,30.5545720127709,27.2,164.8,31.3,0.7,2.6
2018-08-09 16:04:20.400,184.8,36.1866619962835,1.93631763564164,1.98428210448681,1.25064705898646,409.948845371692,420.103656233279,1.28162792631341,69.7,140.507470022207,24172.2317386712,1.2,74,43.7776516666667,-79.4649583333333,989.8,6.54626858391484,7.16605124226817,4.2,30.5579398002174,27.1,137.5,17.8,0.5,2.7
2018-08-09 16:04:21.400,184.8,36.1909421963217,1.93267213443291,1.98060795010945,1.23470566234127,409.065664523424,419.211600957522,1.26532967009196,71.3,140.466559001605,24202.5437806161,1.2,74.1,43.7776516666667,-79.4649416666667,989.9,6.54467551166252,7.16675116965407,4.6,30.5603147200409,27.1,134.3,12,0.5,3.1
2018-08-09 16:04:22.400,185.7,36.189260994299,1.93242664773257,1.98029267259005,1.49152060229688,408.979300035955,419.109734327978,1.52846333364133,71.7,140.48163611525,24171.2699203919,1.2,70.4,43.7776516666667,-79.46493,989.7,6.54735407246695,7.17054962585405,4.8,30.561917483437,27.1,101.8,9.2,0.6,3.6
2018-08-09 16:04:23.400,185.5,36.1869471944672,1.93179030218998,1.97966578475214,1.77171838864952,408.452452669164,418.575091621906,1.81562788379224,73.1,140.505498985675,24183.5152797639,1.2,67.8,43.77765,-79.4649133333333,989.7,6.54258627231983,7.17039527600852,4.6,30.5643185904826,27.1,117.4,16.2,0.4,3.2
2018-08-09 16:04:24.400,185.4,36.189405914715,1.93291410555201,1.98069144957889,1.2123917117042,407.043116478452,417.104157495989,1.24236707459386,75,140.455084749078,24121.3009942618,1.2,65.9,43.7776516666667,-79.4648966666667,989.7,6.54422325113343,7.17310554786277,4.4,30.5661237843505,27.1,132.8,22.6,0.4,2.8
2018-08-09 16:04:25.400,185.2,36.1819953813095,1.93061112709039,1.97826605949792,1.36166747237304,406.855094357074,416.897736048036,1.39527776729479,68.6,140.513672103737,24088.9361151581,1.2,63.1,43.7776583333333,-79.4648866666667,989.7,6.54372026492239,7.17236936354903,4,30.5675796336506,27.1,160.5,25,0.3,2.3
2018-08-09 16:04:26.400,185.7,36.1805909210297,1.92912682105623,1.97677607470904,1.35342920806062,407.152883070855,417.209459018839,1.38685872802121,67.7,140.496596568981,24104.4727382945,1.2,59.3,43.7776616666667,-79.4648683333333,989.6,6.54419379083292,7.1630369385147,4,30.5692018272738,27.1,133.7,23.4,0.4,2.5
2018-08-09 16:04:27.400,186.6,36.1816845188272,1.93190402687503,1.9795211106575,1.70108304628845,407.465639363701,417.508618031504,1.7430066427296,59,140.459530888741,24054.597864166,1.2,53.5,43.7776733333333,-79.4648583333333,989.7,6.53781169962303,7.16816734646857,4.2,30.570960326358,27.1,89,17,0.4,2.5
2018-08-09 16:04:28.400,187.4,36.1809631558649,1.92916856863078,1.97672550676888,1.34329613844211,407.00791188087,417.041210549856,1.37640937137074,54.5,140.511911313614,24058.4179596143,1.2,50.5,43.777685,-79.4648466666667,989.8,6.54246597905101,7.16499832473769,4.2,30.5730336882702,27.1,145.2,21.5,0.3,2.3
2018-08-09 16:04:29.400,187.6,36.1840516293857,1.92830612267605,1.97568673884682,1.46560537073942,406.164946722918,416.144841551577,1.50161443254847,50,140.471774873804,23981.8195620931,1.2,46.7,43.77769,-79.4648366666667,989.7,6.54452131894085,7.16814907256231,4,30.5752759326899,27.1,152.9,18.4,0.4,2.4
2018-08-09 16:04:30.400,187.9,36.184408295592,1.9286379201384,1.97602783658612,1.52987318351008,406.268111236884,416.250743727812,1.56746470555009,49.4,140.485606459816,23982.204165518,1.2,41.8,43.7776933333333,-79.4648216666667,989.5,6.54506755994824,7.17376158861853,4,30.5774286519452,27.1,117.3,11.1,0.2,2.4
2018-08-09 16:04:31.400,188.2,36.1824799539804,1.92767956612128,1.9748397876834,1.78876958903707,406.464122013993,416.408202853213,1.83252746223365,42.9,140.513382403885,23880.6561239046,1.2,38.6,43.7777,-79.4648116666667,989.6,6.54724182399725,7.166417256745,3.8,30.5800618746604,27.1,27.1,7.7,0.1,2.1
2018-08-09 16:04:32.400,188.2,36.1811261807187,1.92941136197548,1.97660461659424,1.59446011554434,406.578586820641,416.52366355561,1.6334609277704,36.2,140.461347578089,23876.2057215339,1.2,33.4,43.7777116666667,-79.4648016666667,989.5,6.54249220015025,7.16383443683215,4,30.5836704942901,27.1,194.2,9.6,0.2,1.9
2018-08-09 16:04:33.400,188.7,36.1781810335768,1.92799023305139,1.97510461373831,1.57530378726131,405.826768102012,415.744001018839,1.61379970325516,32.4,140.519757388184,23854.1696885813,1.2,31.8,43.7777233333333,-79.4647966666667,989.5,6.54447453421761,7.17064451928745,4.2,30.5862258054594,27.1,165.4,18.9,0.4,1.9
2018-08-09 16:04:34.400,189,36.1753567120655,1.92578350393628,1.97302936986525,1.46564348708355,405.560592998451,415.510381123598,1.50159878097491,33.1,140.511949223233,23945.8292743489,1.2,30.6,43.7777316666667,-79.4647833333333,989.5,6.54412267780352,7.16665673738909,4.4,30.5886158246443,27.2,169.5,8.6,0.2,2
2018-08-09 16:04:35.400,189.2,36.1734740353653,1.92742971906363,1.97462694090114,1.5960360692143,405.308379107195,415.233307678151,1.63511716465163,28.4,140.45869244631,23901.9022261209,1.2,30.7,43.7777383333333,-79.464775,989.5,6.54490534874083,7.17097169364854,4,30.5900285843948,27.2,160.6,12.9,0.2,2.2
2018-08-09 16:04:36.400,190.1,36.1674286743174,1.92617634981889,1.97329524176924,1.58733363954835,406.109232156666,416.043565063332,1.62616282722285,27.5,140.518733000826,23878.0951977568,1.2,30.6,43.7777466666667,-79.4647666666667,989.5,6.54988461062975,7.17408501454338,4,30.5906014341517,27.2,158.4,8.7,0.3,2.2
2018-08-09 16:04:37.400,191.2,36.1696025177894,1.92798003546811,1.97533640006643,1.58701763377953,407.134083397883,417.134291604942,1.62599795686327,27.9,140.47478168344,23973.4247428412,1.2,33.7,43.7777566666667,-79.4647583333333,989.4,6.5414104385574,7.16600114968819,4.2,30.5926977119051,27.2,123,6.7,0.2,2.2
2018-08-09 16:04:38.400,192.1,36.1781125157445,1.92922815143254,1.97647157271158,1.38119001513773,407.129790875018,417.099739670919,1.4150142880664,29.2,140.450891622316,23902.8974520991,1.2,35.6,43.77777,-79.46475,989.4,6.54345460138383,7.1668304831693,4.4,30.5955303033529,27.2,142.6,9.2,0.4,2.1
2018-08-09 16:04:39.400,192.4,36.1812873677517,1.92716611059711,1.9744648410706,1.25040266716231,407.721751639042,417.728512655406,1.28109081105997,34.1,140.514474197841,23955.067785168,1.2,36,43.777775,-79.4647383333333,989.4,6.54543872018277,7.1694623392497,4.2,30.5979371937331,27.2,166.4,12,0.2,1.9
2018-08-09 16:04:40.400,192.9,36.1915771262741,1.92679464121223,1.9742167454012,1.16244974169274,408.274431688597,418.322822722684,1.19105935601085,37,140.47330417385,24020.8034038052,1.2,39.5,43.7777833333333,-79.4647333333333,989.5,6.54696053995706,7.17330900200226,4.2,30.5995861616913,27.2,164.8,12.6,0.4,1.7
2018-08-09 16:04:41.400,192.8,36.2010779113438,1.92786801134399,1.97532772602956,1.40495442690962,408.760271115893,418.822949109727,1.43954064698341,29,140.484644572133,24026.0852172627,1.2,46.3,43.7777916666667,-79.46473,989.4,6.54304018573379,7.17788810782971,3.8,30.6019216585696,27.2,179.3,13.8,0.5,1.5
2018-08-09 16:04:42.400,192.9,36.200809755705,1.92767836216251,1.97514678574972,1.06497896021567,408.968583888876,419.039341600345,1.09120346847501,25.8,140.51820970161,24032.8965321082,1.6,48.9,43.7777966666667,-79.4647233333333,989.4,6.54726117051041,7.17412980997343,3.5,30.6038627216546,27.2,174.6,19.4,0.6,1.2
2018-08-09 16:04:43.400,192.2,36.2074827744126,1.92807406102269,1.97555227461181,1.01168345657107,410.660681083578,420.773173691045,1.03659633829829,27.2,140.456881283848,24033.1875243809,1.2,50.3,43.777805,-79.4647183333333,989.5,6.54873240546639,7.16613759772271,3.1,30.6062681157448,27.2,170.8,20.2,0.7,1
2018-08-09 16:04:44.400,191.1,36.2124117170412,1.92741486795622,1.9753023770614,1.12747644343823,411.475792716846,421.69901445401,1.15548972564175,30.7,140.523865134975,24242.86134066,1.2,53.8,43.777815,-79.4647166666667,989.4,6.54716039650898,7.16564411888661,2.9,30.6082692477852,27.2,184.2,28.5,0.7,0.7
2018-08-09 16:04:45.400,190.9,36.2178986860593,1.92449815997399,1.97226459919197,1.13962329915856,410.451450340482,420.63898833881,1.16790961025914,34.8,140.488687971022,24219.3397881117,1.2,55.3,43.777825,-79.4647133333333,989.4,6.5505503953469,7.17360846594039,2.9,30.6104037251974,27.2,197.1,24.3,0.7,0.9
2018-08-09 16:04:46.400,190.1,36.2274173609595,1.9273668693765,1.97517151678274,0.750343395080743,412.475384683254,422.705830898427,0.768954298596153,37.7,140.452937405261,24202.4708347298,1.2,57.8,43.7778233333333,-79.4647083333333,989.5,6.54656234570388,7.1636403705103,2.4,30.6129509587555,27.2,205.5,90.8,0.9,0.4
2018-08-09 16:04:47.400,189,36.2281080614857,1.92719328413347,1.97510788792502,1.19640651007553,412.516808789116,422.773029263906,1.22615309204452,34.4,140.523004119502,24259.2466100332,1.2,59.2,43.777835,-79.4647116666667,989.4,6.54934690899858,7.16782990394177,2,30.6147745202378,27.2,196.6,90.8,0.6,0.5
2018-08-09 16:04:48.400,188.3,36.2347053338595,1.92622779702981,1.97413159577429,1.76764173012372,412.158320695195,422.408287177959,1.81160170410232,41.6,140.476566710908,24265.5799144097,1.2,60.6,43.7778383333333,-79.4647083333333,989.4,6.54988201807225,7.16778867262618,1.6,30.6172425375758,27.2,208.8,128.2,0.8,0.5
2018-08-09 16:04:49.400,187.6,36.2394139428228,1.92696820364601,1.97518475086095,2.16807539055429,412.875968150765,423.206861699197,2.22232728595723,41.6,140.488776678146,24411.0967651973,1.2,64.7,43.7778316666667,-79.4647066666667,989.4,6.54983047570242,7.1671926980294,0.9,30.6190945165082,27.2,216.1,151.6,1,1.5
2018-08-09 16:04:50.400,187.5,36.2344972314436,1.92881218501681,1.97691441313256,2.04267528864728,415.405176003369,425.764965088632,2.09361756661901,37.9,140.524364088308,24332.1844397563,1.2,65.4,43.77783,-79.4647,989.4,6.54299557558552,7.16848108778051,0.3,30.6216882774644,27.2,219.2,154.6,1.2,2.4
2018-08-09 16:04:51.400,187.7,36.2331094555954,1.92859145595895,1.97698081172004,2.01192842403198,419.764112845089,430.296278078735,2.0624088213907,54.1,140.468016295784,24476.5835610537,1.2,62.3,43.777835,-79.4647,989.4,6.54757151126805,7.17509230065471,0.5,30.6235811304068,27.3,218.9,152.2,1.2,1.9
2018-08-09 16:04:52.400,187.8,36.2374979497972,1.92578528773332,1.97404268972862,2.17169111416761,424.1879356677,434.817291734783,2.22610904948068,48.5,140.516895301005,24445.7686546029,1.2,64.1,43.7778383333333,-79.4647066666667,989.4,6.55264787448421,7.16606818440909,0.3,30.6260900772485,27.3,219.7,154.1,1.1,2.3
2018-08-09 16:04:53.400,187.2,36.239393412498,1.92842780478287,1.97700242519687,2.08277709143074,428.157811019906,438.942593222085,2.13523930862919,50.2,140.520921840467,24569.880090054,1.2,64.9,43.7778366666667,-79.4647116666667,989.3,6.54596100389575,7.16177990070196,0.3,30.6283109069728,27.3,221.7,155,1.4,2.4
2018-08-09 16:04:54.400,186.8,36.2483760723881,1.93332643460124,1.98205118126927,2.09634034542124,429.900591499471,440.735167894278,2.1491732839232,27.5,140.459491783433,24582.9740094786,1.2,65.8,43.7778366666667,-79.4647116666667,989.3,6.54249925508554,7.1670961993962,0.1,30.6305352479085,27.3,213.9,145.8,1.3,2.6
2018-08-09 16:04:55.400,187,36.2500063323565,1.92584831313356,1.97462256078462,1.96716124798955,427.793370121725,438.627587363054,2.01698133562553,39,140.524351413674,24700.4319802948,1.2,65.3,43.77784,-79.4647133333333,989.3,6.54729086856042,7.17603899727078,0.3,30.6327847336438,27.3,218.7,157.5,1.2,2
2018-08-09 16:04:56.400,187.6,36.2531700813707,1.92636487543789,1.9748032272157,2.00074041573352,426.446767238914,437.16983395153,2.05104888731567,61.7,140.48730559591,24528.4143027777,1.2,66.2,43.7778416666667,-79.464715,989.3,6.54912703617852,7.16870581885645,0.3,30.6348772946912,27.3,221.7,153.4,1,1.9
2018-08-09 16:04:57.400,187,36.25679,1.927584,1.976338,2.154805,424.0362,434.7613,2.209306,77.2,140.4513,24668.93,1.2,67.5,43.7778416666667,-79.46472,989.3,6.549101,7.173282,0.3,30.6377,27.3,228.1,157.3,0.9,1.6
2018-08-09 16:04:58.400,185.7,36.25417,1.92576,1.974305,1.828021,423.9443,434.6311,1.874102,78.1,140.5275,24588.3,1.2,67.3,43.7778433333333,-79.4647266666667,989.3,6.551186,7.167647,0.1,30.63922,27.3,228.5,156.7,0.9,1.7
2018-08-09 16:04:59.400,184.8,36.25942,1.927913,1.976352,1.72107,423.1718,433.8041,1.764312,83.6,140.4757,24509.4,1.2,67.4,43.7778416666667,-79.4647316666667,989.3,6.545946,7.166151,0.1,30.64171,27.3,221.7,153.8,0.8,1.6
2018-08-09 16:05:00.400,184.1,36.2702409734056,1.92860736026823,1.9775002454965,1.83291339647696,423.44143141817,434.176201635564,1.87938070875991,86.9,140.4861539471,24724.540193119,1.2,65.9,43.77784,-79.4647333333333,989.4,6.54634396468099,7.17087847505798,0.1,30.6437539370651,27.3,217.8,149.1,0.8,1.4
2018-08-09 16:05:01.400,183.8,36.27475,1.926089,1.974784,1.544761,422.2681,432.9438,1.583815,67,140.5277,24658.48,1.2,65.2,43.77784,-79.4647333333333,989.3,6.549963,7.170591,0,30.64591,27.3,205.5,136.7,0.7,1.4
2018-08-09 16:05:02.400,183.8,36.2809134079343,1.92704757235103,1.9758969636498,1.59749781703979,421.861198028531,432.555129916886,1.63799308648718,312,140.46654040427,24722.7969561361,1.2,64.2,43.7778433333333,-79.4647316666667,989.4,6.54975161736837,7.17129533335228,0.1,30.6483490862568,27.3,196.2,127.8,0.7,1.4
2018-08-09 16:05:03.400,184.3,36.2828590674335,1.92958907414244,1.97868465020239,1.4657056566349,422.340931320538,433.086753704385,1.50299754545013,306.9,140.515585081186,24812.225128538,1.2,64.3,43.7778466666667,-79.46473,989.4,6.54229842230691,7.17516552057856,0.1,30.6505683857694,27.3,180.8,119.6,0.6,1.1
2018-08-09 16:05:04.400,184.5,36.2827626698099,1.92655343406993,1.97542478341669,1.78793926220987,422.7128817588,433.43583659918,1.83329175583164,286.8,140.487936205909,24739.451391527,1.2,64.2,43.77785,-79.4647283333333,989.4,6.55320313266429,7.16926751806604,0,30.6526551117011,27.3,172.9,118.3,0.4,0.7
2018-08-09 16:05:05.400,184.5,36.2802049194326,1.92547692156926,1.9746264899286,1.39683268031474,423.907271801607,434.727888207848,1.4324866178793,260.5,140.467289324965,24890.59731139,1.2,64.2,43.7778533333333,-79.46473,989.3,6.54862167871016,7.16705910180805,0,30.6550447534184,27.3,171,109.5,0.5,1
2018-08-09 16:05:06.400,184.5,36.2761776560382,1.92327941163188,1.97229132858669,1.95525099075223,423.305107018711,434.092282378923,2.00507481227101,266.9,140.521452036719,24850.0062282899,1.2,64.1,43.7778533333333,-79.4647283333333,989.4,6.54538755678745,7.1729223970028,0,30.6570642700704,27.3,140.6,75.6,0.6,1.1
2018-08-09 16:05:07.400,184.8,36.2756372885976,1.92645473059502,1.97591100173526,1.57562831500421,423.981714856082,434.866225253985,1.61607833811824,170.1,140.489128731324,25029.5246696732,1.2,64.3,43.7778516666667,-79.464725,989.3,6.54435123492525,7.17534123868943,0,30.6594635547575,27.3,129,58.7,0.6,1.1
2018-08-09 16:05:08.400,185.2,36.2786855901129,1.9259956509471,1.97515292060123,1.5331350013017,426.133272789575,437.009487844613,1.57226581011463,142.8,140.489593150528,24887.7974375733,1.2,64.1,43.7778533333333,-79.4647233333333,989.3,6.5516201809158,7.16688414676622,0,30.6618416519249,27.3,122.2,55.2,0.5,1.1
2018-08-09 16:05:09.400,185.9,36.2807635136719,1.91977988048003,1.9688731847046,1.6469977302994,425.043339876802,435.912657004667,1.68911388353603,132.1,140.525876869184,24934.7572246337,1.2,64.3,43.7778533333333,-79.46472,989.4,6.55144303589558,7.16788574950193,0.1,30.6640246566228,27.3,110.5,49.1,0.6,1.2
2018-08-09 16:05:10.400,187,36.2832057219101,1.92370906642936,1.97304185177689,1.36340226336067,426.029686548479,436.955088897575,1.3983649029512,136.7,140.47799818461,25003.4181094166,1.2,64.3,43.7778516666667,-79.464715,989.3,6.54481680168208,7.16451931997673,0.1,30.6662567610074,27.3,102,32.7,0.8,1.9
2018-08-09 16:05:11.400,188.2,36.2823817681852,1.92471622007158,1.97394019647704,1.48993367015214,424.565944625266,435.424019867213,1.52803919656354,154.3,140.496324360125,24936.7758252144,1.2,64.4,43.7778516666667,-79.4647116666667,989.5,6.54390929648893,7.17096896840364,0,30.6681389979347,27.3,90.1,26.7,0.9,1.8
2018-08-09 16:05:12.400,189.2,36.2823396583335,1.92382682372552,1.97344793578736,1.54174869033136,423.906724636279,434.840505094466,1.58151819671962,223.1,140.522151486537,25144.4215243927,1.2,64.4,43.77785,-79.4647083333333,989.5,6.54788301125732,7.17394525799495,0,30.6705801878868,27.3,90.2,27.2,0.9,1.8
2018-08-09 16:05:13.400,189.8,36.2855414536835,1.92179632428895,1.97119975738198,1.21722642405237,423.439502930572,434.325016334186,1.24852058811013,222.2,140.474410774244,25063.0427520728,1.2,64.3,43.7778466666667,-79.464705,989.4,6.55037262892551,7.16745110823614,0,30.6733517529133,27.3,92.5,24.3,0.8,1.5
2018-08-09 16:05:14.400,190.1,36.2920795707804,1.92239173827181,1.97199056363426,1.55459332365933,423.510416620613,434.437073840036,1.59470316705426,282.1,140.508514019202,25151.3625133667,1.2,64.4,43.777845,-79.464705,989.3,6.55211843528611,7.17327220202047,0,30.6759067249756,27.3,96.8,38.3,0.8,1.4
2018-08-09 16:05:15.400,190.3,36.2964533079602,1.92397228379917,1.97381820458789,1.60376167932892,422.192118889593,433.130132297571,1.64531488147463,260.5,140.486991580068,25253.2722321479,1.2,64.2,43.7778433333333,-79.4647066666667,989.4,6.5478227561052,7.16944351745816,0,30.6778917837473,27.3,114.2,51.2,0.7,1.2
2018-08-09 16:05:16.400,190.3,36.3015062313619,1.92201117134716,1.97151381358127,1.39975243611757,420.471309597292,431.300937934765,1.43580565061927,208.8,140.4689664426,25109.03205542,1.2,64.3,43.7778416666667,-79.4647083333333,989.4,6.54915452911305,7.16928134541535,0,30.6799514878233,27.3,116.2,56.6,0.6,1.1
2018-08-09 16:05:17.400,190.3,36.3021295040991,1.92463960457595,1.97427364949655,1.8104836400653,419.053311573246,429.860249795723,1.85717103514784,203,140.517435726888,25140.7017534453,1.2,64.3,43.7778416666667,-79.4647083333333,989.4,6.55120072306756,7.17306843568507,0,30.6820199468713,27.3,134,77.3,0.6,1.1
2018-08-09 16:05:18.400,190.4,36.298816595338,1.92648783103054,1.97627020641701,1.31225107492132,417.28399312627,428.067010952028,1.34616043651673,194.9,140.48988265276,25189.9323370403,1.2,64.3,43.7778416666667,-79.4647083333333,989.4,6.54880572993881,7.1764404871775,0,30.6838946860127,27.3,137,68,0.6,1.2
2018-08-09 16:05:19.400,190.3,36.30201647916,1.92577825153476,1.97540002882073,1.37371795898598,416.480355560347,427.2119106492,1.40911373455919,140.8,140.491011864302,25119.8712410463,1.2,64.2,43.7778416666667,-79.46471,989.4,6.54985112723767,7.17418557127626,0,30.6862623237482,27.3,131.5,69.9,0.4,0.8
2018-08-09 16:05:20.400,190.2,36.3024815936834,1.92570837362602,1.97549578015974,1.30995659323957,414.679881056902,425.401114752976,1.3438229000082,184.1,140.523120048653,25202.5058742744,1.2,64.3,43.7778416666667,-79.4647083333333,989.3,6.55152542388912,7.17405661879307,0,30.6882925472437,27.3,178.1,122.1,0.4,0.7
2018-08-09 16:05:21.400,190,36.3012814751162,1.9235167268162,1.97312893211217,1.5918248041634,413.610722022411,424.278737965595,1.63288443651335,199.1,140.478879779763,25143.8996950529,1.2,64.3,43.7778416666667,-79.4647083333333,989.3,6.5539469667931,7.17240152752317,0,30.6905708335583,27.3,195.6,145.4,0.3,0.6
2018-08-09 16:05:22.400,189.8,36.297883710228,1.92453798234448,1.97434289577078,1.80712571956262,413.149405845506,423.841115916231,1.85388716317403,114.1,140.491199293323,25225.8529497503,1.2,64.3,43.7778416666667,-79.4647083333333,989.3,6.54793058655943,7.17556075619628,0,30.6927637808957,27.3,213.2,147.2,0.3,0.9
2018-08-09 16:05:23.400,189.7,36.2997465290844,1.92330761757255,1.97320395751955,1.37952508719844,411.803825261959,422.487068563933,1.41530871465566,135.1,140.486622544057,25286.6722221017,1.2,64.2,43.7778416666667,-79.4647083333333,989.4,6.54924805498343,7.17424524745462,0,30.6950379420697,27.3,212.3,152.2,0.6,1
2018-08-09 16:05:24.400,189.8,36.3017861146346,1.92257629966468,1.97235050000491,1.89643785120698,411.661853010415,422.319435453358,1.94553280698744,115.3,140.48067933469,25235.7402210487,1.2,64.2,43.77784,-79.4647083333333,989.3,6.55114164741337,7.17226779819466,0,30.6970697450269,27.3,223.7,166.9,0.5,0.9
2018-08-09 16:05:25.400,189.9,36.3077994579953,1.92453212668812,1.97437951551365,1.54914282802621,411.416009571272,422.072239880507,1.58926869743697,118.7,140.502788053086,25247.2816690415,1.2,64.3,43.7778383333333,-79.4647066666667,989.4,6.55448081738762,7.17026078494786,0.1,30.6992340321159,27.4,243.6,179.2,0.4,0.7
2018-08-09 16:05:26.400,189.9,36.3100136705446,1.92602530615409,1.97574522768503,1.45587134051819,411.611650153433,422.23733215984,1.49345345766544,118.7,140.499771745068,25165.1434267406,1.2,64.3,43.7778366666667,-79.464705,989.5,6.5490245786208,7.17422987152238,0.1,30.7016888157141,27.4,283.9,227.4,0.3,0.5
2018-08-09 16:05:27.400,190.1,36.3122146621003,1.92440008503191,1.97406235535164,1.65278874831777,411.804211679288,422.431462255163,1.69543922888328,119.8,140.490714200936,25157.3692207609,1.2,64.2,43.777835,-79.4647066666667,989.4,6.54936202176849,7.16288529016523,0.1,30.703655462457,27.4,329.8,290.6,0.4,0.9
2018-08-09 16:05:28.400,190.1,36.3125083295897,1.92312075579521,1.97286707784546,1.5223459083881,411.706916395297,422.356749923821,1.56172378069075,115.6,140.515491734182,25215.420662567,1.2,64.4,43.777835,-79.4647066666667,989.5,6.55300830572721,7.17258608887517,0.3,30.7058339869252,27.4,11.8,315.3,0.6,1.3
2018-08-09 16:05:29.400,190.2,36.3156709762381,1.92400634927046,1.97356309561429,1.56108797207489,411.824894653777,422.432432633715,1.60129659693431,115.9,140.48682441497,25110.5532623849,1.2,64.2,43.777835,-79.4647083333333,989.4,6.55214351946811,7.16916849588654,0.3,30.7079047303494,27.4,27.5,329.7,1,2.2
2018-08-09 16:05:30.400,190.3,36.3193133330547,1.92582019972407,1.97553586087885,1.41358953392781,413.175713391574,423.841968356453,1.45008199475228,114.2,140.47344301781,25165.7122750641,1.2,64.3,43.7778333333333,-79.4647083333333,989.4,6.54946755061052,7.16930572434983,0.1,30.710446133665,27.3,29.3,327.6,1.4,3.2
2018-08-09 16:05:31.400,190.2,36.3155477647835,1.92505757899955,1.97479695997362,1.4631842171071,413.922687727863,424.617484063424,1.50098829706875,107.1,140.517592497467,25187.0211431738,1.2,64.7,43.7778333333333,-79.46471,989.4,6.54620580325553,7.17052991958279,0.1,30.7122928017923,27.3,32.9,327.5,2,4.2
2018-08-09 16:05:32.400,190,36.3192363156527,1.92363554666163,1.97329085734413,1.62060187175153,414.744853872364,425.450678979933,1.66243701214512,105.9,140.483960129822,25163.4797911784,1.2,63.9,43.7778316666667,-79.46471,989.3,6.54997446665428,7.17004760248532,0.1,30.7146770845699,27.3,17.2,326.4,1.6,3.6
2018-08-09 16:05:33.400,189.8,36.3179971038699,1.92261071107129,1.97236244122202,1.73159017609259,414.289935737694,425.010720200426,1.77640169338905,105,140.484832879833,25224.6241213907,1.2,63.8,43.77783,-79.4647116666667,989.3,6.55017599973894,7.17215838064329,0.1,30.7168755912014,27.3,35,323.4,1.7,4.2
2018-08-09 16:05:34.400,189.5,36.3172835421873,1.92311501520356,1.97277986750099,1.42654599602541,414.25640616528,424.954675020759,1.46338727990272,110.7,140.503153015883,25175.0751579179,1.2,63.6,43.77783,-79.4647133333333,989.4,6.55246714218899,7.1730414466186,0.1,30.7190721537168,27.3,30.9,317.1,2.3,4.2
2018-08-09 16:05:35.400,189.3,36.3216351873303,1.92591559106392,1.97559028167801,1.38383864049055,414.483246581772,425.174056368646,1.41953758382451,105.6,140.481246001179,25144.4608956232,1.2,63.8,43.77783,-79.4647133333333,989.3,6.55137648441424,7.16932986812882,0.1,30.7213544282368,27.3,352.3,289.8,2,3.7
2018-08-09 16:05:36.400,189.2,36.3264960438114,1.92573513258885,1.97559809739853,1.51046691364204,414.331139015379,425.059358773887,1.54958497037003,88.5,140.497535863373,25239.4175581546,1.2,63.3,43.7778283333333,-79.4647133333333,989.3,6.5489225184724,7.17432519313839,0.1,30.7234738964961,27.3,355.7,293.7,1.7,2.5
2018-08-09 16:05:37.400,189.3,36.3301929355229,1.92321513498102,1.97284274515898,1.24120338442562,415.852687782254,426.583473412228,1.27323490063443,124.2,140.499746135123,25155.2063016703,1.2,61.1,43.7778283333333,-79.4647116666667,989.3,6.55037956724051,7.17240216343089,0,30.7258178271996,27.3,24.3,334.9,1,3
2018-08-09 16:05:38.400,189.4,36.3292638274735,1.92365567707986,1.97336447688775,1.44134323561926,417.024564265103,427.800829690657,1.47858891853953,268.3,140.495554324687,25189.9654094185,1.2,64.6,43.7778283333333,-79.46471,989.2,6.54786339565777,7.17855921298767,0,30.7278600783861,27.3,349.3,247.8,1.3,1.8
2018-08-09 16:05:39.400,189.5,36.3309948475084,1.92104983609687,1.97047984694917,1.42113986357017,417.557001284349,428.300999055713,1.45770447586337,286.8,140.511418298986,25085.2665489722,1.2,65.5,43.7778283333333,-79.46471,989.3,6.55427126450511,7.17531508185108,0.1,30.7304443753776,27.3,279.2,199.6,1.2,2
2018-08-09 16:05:40.400,189.6,36.3322291202073,1.92435864902944,1.97398353313576,1.34221407924405,416.83523493258,427.584468668829,1.37682489259457,289.8,140.487022545658,25139.5114702,1.2,65.5,43.7778283333333,-79.46471,989.4,6.55350694778656,7.17904207285056,0.1,30.7323647319503,27.3,242.9,191.6,1.1,2.1
2018-08-09 16:05:41.400,189.6,36.3355405207472,1.92461270576999,1.97414326512176,1.40891223677266,416.783475748336,427.509605305521,1.4451697767186,275.3,140.464279675889,25089.6749618105,1.2,66.4,43.7778266666667,-79.46471,989.3,6.55443088289609,7.17848194219661,0.3,30.7347985492363,27.3,243.5,164.4,1,1.9
2018-08-09 16:05:42.400,189.7,36.334634496434,1.9239423951847,1.9734833133366,1.24775090066134,416.637591080392,427.365940728997,1.27987561375388,274.2,140.489266467146,25103.3603388114,1.2,67.5,43.7778266666667,-79.46471,989.3,6.54956989752233,7.17868815939303,0.1,30.7366541119102,27.3,215.1,149.3,1.1,2.3
2018-08-09 16:05:43.400,189.7,36.3407650520638,1.92378251782041,1.97318760987623,1.39911011700634,416.992712624299,427.701605034379,1.43504164621183,269.1,140.48530758992,25038.2498937225,1.2,67,43.7778266666667,-79.46471,989.3,6.54866261878401,7.17497148260958,0.1,30.7387167139011,27.3,209,145.9,1.1,2.2
2018-08-09 16:05:44.400,189.7,36.3445469414067,1.92452253048678,1.97399124344449,1.09285220792635,417.805690994809,428.545157335738,1.12094315861597,288.6,140.478156121816,25060.2343755231,1.2,66.6,43.777825,-79.4647116666667,989.2,6.55122383184993,7.17427218102964,0.1,30.7410213649287,27.3,210.9,146.8,1.2,2.7
2018-08-09 16:05:45.400,189.5,36.3442557666533,1.92470648193639,1.97431320330001,1.15697612508513,418.349173394865,429.131586959051,1.18678994970403,279.5,140.508449184847,25126.3461586696,1.2,66.4,43.777825,-79.4647116666667,989.3,6.54601630176205,7.1757669930714,0.1,30.7433262440084,27.3,207.7,141.8,1.3,2.7
2018-08-09 16:05:46.400,189.3,36.3483485272394,1.92164451678896,1.97094407905717,1.33602814019806,420.003197290088,430.778352226703,1.37030551216255,127.4,140.487538631744,25013.2912960235,1.2,66.1,43.777825,-79.4647116666667,989.3,6.55168573786235,7.17451055226792,0.1,30.7457976444211,27.3,211.5,146.8,1.5,3.1
2018-08-09 16:05:47.400,189.2,36.3477364802779,1.92062112019653,1.96982266010674,1.32526718198065,422.003445188439,432.814093156926,1.35922263201298,139.4,140.49423079651,24977.4622728599,1.2,66,43.7778233333333,-79.4647116666667,989.3,6.55723437258383,7.17869384002033,0.1,30.7478668392579,27.3,213.5,145.5,1.4,2.9
2018-08-09 16:05:48.400,189.1,36.3499988562901,1.92099837793407,1.97046726388873,1.4640548395812,423.17684543657,434.074432953409,1.50175480224862,188.1,140.48981460785,25105.2387014542,1.2,65.9,43.7778233333333,-79.46471,989.2,6.55300361872041,7.17810696564278,0,30.7500123315817,27.3,214.1,146,1.4,2.6
2018-08-09 16:05:49.400,189.1,36.358359922873,1.92266615088473,1.97230378592833,1.31839510526223,423.729583683818,434.66888171039,1.35243300119498,270.8,140.464065347439,25166.9619205519,1.2,65.9,43.7778233333333,-79.46471,989.4,6.5472734544687,7.1762099905854,0,30.7520591154003,27.3,210.8,143.7,1.2,2.4
2018-08-09 16:05:50.400,189,36.3573664528824,1.92017565971167,1.96965975366296,1.25733171091732,422.829020999293,433.725504888461,1.28972587065838,275.8,140.503365244284,25122.8462604666,1.2,66,43.777825,-79.46471,989.2,6.55683917761203,7.17366751681698,0.1,30.7542207479621,27.3,215.2,147.3,1.3,2.5
2018-08-09 16:05:51.400,189.1,36.3642727024903,1.92125694484609,1.9707077731802,1.57550467052374,421.785283366935,432.641578161753,1.61605695502128,291.2,140.487163989585,25093.0297076813,1.2,66,43.7778266666667,-79.4647083333333,989.3,6.55430303170454,7.16922166986565,0,30.7564056244908,27.3,208.7,144.2,1.3,2.6
2018-08-09 16:05:52.400,189,36.3709628383539,1.92124010937615,1.97089163126833,1.54981317377566,420.108728777572,430.965878586628,1.58986792192885,301.2,140.467082286829,25192.565965187,1.2,66,43.7778266666667,-79.4647083333333,989.3,6.5559216645729,7.17621330458496,0,30.7586602829876,27.3,209.8,143.6,1.4,2.8
2018-08-09 16:05:53.400,188.9,36.372095195189,1.92174049354234,1.97124025339233,1.4177125873324,418.780782379542,429.567644091762,1.45423197111565,271.8,140.51325605311,25110.8632650297,1.2,66.1,43.7778283333333,-79.4647083333333,989.3,6.5526304899909,7.18002968574078,0,30.7608485709112,27.3,209.2,142.1,1.4,2.6
2018-08-09 16:05:54.400,188.9,36.3762455355228,1.92394913736601,1.97337338183659,1.26808398222011,418.399580674363,429.147872874647,1.30065691758719,268.2,140.482273108182,25045.6592958591,1.2,66,43.7778283333333,-79.4647066666667,989.3,6.55006024449237,7.17344431141705,0,30.762897176958,27.3,202,132,1.1,1.9
2018-08-09 16:05:55.400,188.8,36.3786991404927,1.92342166708773,1.97291537264207,1.09377080870352,418.0151688086,428.771490899649,1.12191619750746,258.8,140.47792432585,25086.5070215629,1.2,65.7,43.7778283333333,-79.4647066666667,989.3,6.55430488020063,7.17518421873236,0,30.7653100744934,27.3,196.1,133.5,1,1.9
2018-08-09 16:05:56.400,188.7,36.3774542282652,1.92474294519312,1.97424739260039,1.22840734583102,417.13206571671,427.860637036073,1.25999852866903,274,140.508191183874,25074.9810544445,1.2,65.6,43.7778283333333,-79.4647083333333,989.3,6.55129321540778,7.17358516867796,0.1,30.7674768539916,27.3,195.1,121.4,0.9,1.5
2018-08-09 16:05:57.400,188.5,36.3822150120895,1.92632058093057,1.97571593894188,1.32930879777958,415.61396746866,426.271300375208,1.36339915351079,196.5,140.487598310919,25001.3397126086,1.2,65.7,43.7778283333333,-79.4647083333333,989.3,6.54948562499453,7.17187879070177,0,30.7696140868375,27.3,174.3,101.7,0.7,1.2
2018-08-09 16:05:58.400,188.5,36.3807024927396,1.92407553099287,1.97321499828323,1.15743038304806,414.286320482666,424.866836283127,1.18699396586966,166.6,140.4872158534,24903.1911577337,1.2,65.7,43.7778283333333,-79.4647083333333,989.3,6.553179278429,7.17412880387074,0,30.7716113571666,27.3,166.7,100.5,0.7,1.4
2018-08-09 16:05:59.400,188.5,36.3789559456692,1.92354169782712,1.97250850163274,1.11516828771087,414.443196745072,424.993589571575,1.143558641549,179.8,140.491209727643,24824.7889788688,1.2,66,43.7778283333333,-79.4647066666667,989.2,6.55417791354404,7.17155045923431,0,30.7739270054542,27.3,176.4,110.8,0.5,1
2018-08-09 16:06:00.400,188.5,36.3791368535738,1.92384395327284,1.97284000311655,1.23725229926534,415.373630533501,425.952098653933,1.2687597198308,166,140.458330945072,24834.9708408368,1.2,65.8,43.77783,-79.4647066666667,989.3,6.55137486604694,7.16984259292789,0,30.7760997300162,27.3,177.4,109.7,0.5,1.1
2018-08-09 16:06:01.400,188.5,36.3756428447551,1.92316908521182,1.97198478275074,1.31279698357762,416.127005715143,426.689450098313,1.34611959370264,122.8,140.493642442371,24754.4402776753,1.2,66.2,43.77783,-79.4647066666667,989.3,6.55433988780032,7.17040038021094,0.1,30.7783882281418,27.3,174,111.5,0.5,1.1
2018-08-09 16:06:02.400,188.5,36.3764896336008,1.92167647213266,1.97047170876759,1.33995278709605,415.304408373947,425.849794766439,1.3739760869136,115.6,140.484981233911,24763.0926915098,1.2,66.1,43.7778316666667,-79.4647083333333,989.3,6.55642238059534,7.17776567029067,0.3,30.7804935925121,27.3,185.5,110.2,0.6,1.3
2018-08-09 16:06:03.400,188.5,36.3816233423525,1.92378976108385,1.97256054342702,1.22265281724998,414.900023246118,425.418260237345,1.25365868339361,115.2,140.470148498318,24724.3930141874,1.2,66.3,43.7778316666667,-79.4647066666667,989.2,6.553580084728,7.17739536407557,0.3,30.7828543249198,27.3,183.3,109.6,0.7,1.5
2018-08-09 16:06:04.400,188.6,36.3786087402079,1.92321288701811,1.9718302900236,1.17361562823567,413.651211201109,424.107894889349,1.20329845198821,115.9,140.512046474833,24655.8354451957,1.2,66,43.7778316666667,-79.4647066666667,989.2,6.55625742094586,7.17886998984932,0.1,30.785001447801,27.3,181.7,106.7,0.8,1.7
2018-08-09 16:06:05.400,188.7,36.3824980815286,1.92424086068958,1.97307883910879,1.41946153733286,412.382719038581,422.849161277068,1.45548753913518,118.1,140.478496963903,24752.1462032612,1.2,65.9,43.7778316666667,-79.4647066666667,989.3,6.55196800133434,7.17845922159574,0.1,30.7870666512821,27.3,174.8,108.9,0.9,2
2018-08-09 16:06:06.400,188.9,36.3908355680661,1.92380744978133,1.97249341139119,1.30525260717743,411.328338947104,421.737763178999,1.33827470402123,114.1,140.478672036894,24682.0882943006,1.2,65.9,43.7778316666667,-79.4647066666667,989.2,6.55674619171125,7.17930416547869,0.1,30.7891343163443,27.3,171,103.6,1,2
2018-08-09 16:06:07.400,189.1,36.3939479349405,1.92266321047834,1.97097984132906,1.36065307393194,410.502563889918,420.818425974115,1.3948462457513,112.4,140.496894975974,24513.7535075079,1.2,65.6,43.7778333333333,-79.4647066666667,989.3,6.5598661110325,7.17280908914764,0.1,30.7913795633395,27.3,172.6,105.8,0.9,1.8
2018-08-09 16:06:08.400,189.1,36.3993932629519,1.92524874887553,1.97354085428115,1.27622078952268,409.730305563877,420.007684541055,1.30823051511823,118.5,140.461708416625,24469.530578043,1.2,65.6,43.7778333333333,-79.4647066666667,989.3,6.55387091325177,7.17370658720645,0.1,30.7937365254873,27.3,170.1,100.5,0.9,1.8
2018-08-09 16:06:09.400,189,36.3986393699881,1.92368797617818,1.97180657615567,1.34376778077303,409.039976537924,419.271515998235,1.37738079127409,109.4,140.483948639521,24403.2167144811,1.2,65.6,43.7778333333333,-79.4647066666667,989.3,6.55630947645705,7.17765021948837,0.1,30.7963436028024,27.3,148.6,74.4,0.8,1.3
2018-08-09 16:06:10.400,188.9,36.3993963308958,1.9259854663761,1.97408756156204,1.33952924571141,408.811481297363,419.021708469811,1.37298968189904,110.8,140.488356260672,24366.931624937,1.2,65.6,43.7778333333333,-79.4647066666667,989.2,6.55293026804758,7.17859758022743,0.1,30.7992115501999,27.3,137.6,67.4,0.7,1.5
2018-08-09 16:06:11.400,188.7,36.4035567055107,1.927167767552,1.97512289515953,1.2085617246038,408.811198095965,418.983947052953,1.23863397956834,109.3,140.47338383863,24279.7006175252,1.2,65.6,43.7778333333333,-79.4647066666667,989.2,6.55245655484725,7.17659406423699,0,30.8004289528479,27.3,117.1,41.4,0.6,1.2
2018-08-09 16:06:12.400,188.6,36.4030137318498,1.92571109799907,1.97363212589189,1.24375307476145,407.607889970513,417.751096776558,1.2746970490146,108.6,140.518988378822,24280.4896417319,1.2,65.6,43.7778333333333,-79.4647083333333,989.3,6.55429444533704,7.17575754697896,0.1,30.8025103328178,27.3,101.6,38.4,0.7,1.6
2018-08-09 16:06:13.400,188.4,36.4086615263188,1.92572011843486,1.97344546683881,1.44357462479665,407.037224950392,417.124873056719,1.47935571062476,115.4,140.483294766865,24183.8601234255,1.2,65.6,43.777835,-79.46471,989.3,6.55500845261436,7.17935496441703,0.3,30.8046520381069,27.3,95.9,30,1,2.1
2018-08-09 16:06:14.400,188.2,36.4152816937103,1.92615189524689,1.97380938738704,1.39721273861038,407.160090303053,417.234069175153,1.43178646695155,115.3,140.475884135081,24144.8327873429,1.2,65.6,43.777835,-79.4647116666667,989.2,6.55792316310692,7.17762873435203,0.3,30.8069510975096,27.3,92.3,28.5,1,2.3
2018-08-09 16:06:15.400,188.1,36.4155261504886,1.92562778827778,1.97350112479263,1.43657068648611,406.484367437352,416.589944125487,1.47228465936294,114.7,140.502738304223,24257.9336061709,1.2,65.6,43.777835,-79.4647116666667,989.2,6.55748128440923,7.17678013425386,0.3,30.8092429149793,27.3,86.1,22.9,0.9,2
2018-08-09 16:06:16.400,188.1,36.4220105990558,1.92656779632375,1.97434072980829,1.36051240292611,405.98854596132,416.055825304364,1.39425532442751,115.5,140.460366639111,24196.9062878157,1.2,65.6,43.777835,-79.4647116666667,989.3,6.55431460917387,7.17564777938404,0.1,30.8113901136146,27.3,77.5,12.9,0.7,1.3
2018-08-09 16:06:17.400,188.2,36.4264784182998,1.92591339024695,1.97341242802962,1.21864437203665,405.582585481842,415.585480932381,1.2487004704246,113.6,140.476925407632,24069.3852973443,1.2,65.6,43.777835,-79.4647116666667,989.3,6.55748755095681,7.17635397360553,0.1,30.8135207768758,27.3,82.2,24.6,0.4,0.8
2018-08-09 16:06:18.400,188.2,36.4274445557691,1.92467791986397,1.97209935092765,1.18098070195472,405.269973189524,415.255285505994,1.21007654223023,115.5,140.495497003656,24046.2045893883,1.2,65.6,43.777835,-79.4647116666667,989.3,6.55708927801204,7.17419268896857,0.1,30.8154119073208,27.4,94.2,27.6,0.5,1.2
2018-08-09 16:06:19.400,188.2,36.4307973347573,1.92559014094847,1.97294682156387,1.26462708067645,405.198178413818,415.163315638311,1.29572843307861,124.8,140.482384803742,24003.0256163319,1.2,65.6,43.777835,-79.4647116666667,989.4,6.55425938332102,7.1721851324545,0,30.8178500881625,27.4,115.7,32.9,0.6,1.6
2018-08-09 16:06:20.400,188.1,36.4305133766282,1.92469803260889,1.97200510360442,1.34336781278076,405.016898296067,414.971806982893,1.37638544425436,125.5,140.521454516562,23989.3238066062,1.2,65.6,43.777835,-79.4647133333333,989.4,6.55713937345914,7.17788445598257,0.1,30.8200322049125,27.4,95.8,36.4,0.9,1.7
2018-08-09 16:06:21.400,187.9,36.4353451936725,1.92506081399949,1.972360622444,1.46301666794865,404.7380844947,414.68267710162,1.49896374683884,123.4,140.488959678613,23981.2252378116,1.2,65.6,43.777835,-79.464715,989.3,6.55840793157407,7.17692569267149,0.1,30.822367695449,27.4,101.4,41.7,0.9,1.6
2018-08-09 16:06:22.400,187.7,36.4397871834792,1.92655762736984,1.97385303904556,1.39942520515088,404.601370925577,414.533989159143,1.4337804174348,121.5,140.480092683702,23960.9280781837,1.2,65.6,43.7778366666667,-79.4647166666667,989.2,6.55637411144957,7.17624558491922,0.1,30.8245664556443,27.4,112.1,56.1,0.8,1.8
2018-08-09 16:06:23.400,187.5,36.4373382780503,1.92600637648315,1.97303628281915,1.25642627837969,404.388335977315,414.262872696875,1.28712553035651,120.2,140.50624056726,23836.3808518735,1.2,65.6,43.7778366666667,-79.4647166666667,989.2,6.55674865987857,7.17244765901417,0.1,30.826795744255,27.4,135.7,66.6,0.7,1.4
2018-08-09 16:06:24.400,187.4,36.4388708863624,1.92606331409416,1.97284010053034,1.1261487550625,404.615147053466,414.44182052152,1.15350145463518,120.4,140.480895240878,23710.536049795,1.2,65.6,43.7778366666667,-79.4647183333333,989.3,6.5558661427885,7.1716798387712,0.1,30.8290911838137,27.4,160.4,90.8,0.4,1
2018-08-09 16:06:25.400,187.4,36.4452632938609,1.92619628126492,1.97307804713376,1.37750166515869,404.829761612007,414.683077550255,1.41103266925773,115.7,140.504790834132,23760.9056932152,1.2,65.6,43.7778366666667,-79.46472,989.3,6.55500300670788,7.17814884463276,0.1,30.830985338619,27.4,182.3,109.6,0.5,1.5
2018-08-09 16:06:26.400,187.3,36.4518377960484,1.92556969785196,1.97237364332937,1.51740477629732,404.999212641208,414.843393014315,1.55429520995621,119.1,140.501341976814,23729.7673878696,1.2,65.6,43.7778383333333,-79.46472,989.2,6.55729754119856,7.17956843826847,0.1,30.8329568614197,27.4,176.5,109.1,0.7,1.2
2018-08-09 16:06:27.400,187.3,36.4541654474452,1.92575698739976,1.97247490051414,1.41121207086064,405.496196671135,415.333306661408,1.44544865958542,137.9,140.486061298932,23684.8510507281,1.2,65.6,43.7778383333333,-79.4647216666667,989.2,6.55781480303911,7.1775428499007,0.1,30.8350578676056,27.4,180.4,106.2,0.5,1.1
2018-08-09 16:06:28.400,187.2,36.4524853811684,1.92577548978164,1.97256243883331,1.44204544648129,405.407456601532,415.256887951443,1.47708007979835,133.6,140.505478244626,23718.8740162527,1.2,65.5,43.7778383333333,-79.4647233333333,989.3,6.55933265189589,7.17840622644539,0.1,30.8371775641574,27.4,174.9,113.6,0.5,1.1
2018-08-09 16:06:29.400,187.3,36.4501323229479,1.92589708588234,1.97261453748044,1.37386110349121,405.453711634877,415.289124988526,1.40718889534039,226.6,140.477933887107,23683.1686111829,1.2,65.6,43.7778383333333,-79.4647233333333,989.4,6.55644073390428,7.1752391908476,0,30.8392108381233,27.4,197.5,131.1,0.5,1.1
2018-08-09 16:06:30.400,187.3,36.4507691907562,1.92353321369065,1.97019367322846,1.26050110245073,405.184105561632,415.012970745509,1.29107596815526,257.8,140.484564978423,23683.2552179629,1.2,67.4,43.7778366666667,-79.4647233333333,989.3,6.55760892214962,7.17850317895429,0,30.8413099931516,27.5,186.9,133.3,0.7,1
2018-08-09 16:06:31.400,187.3,36.4534050813847,1.92341907593898,1.97009126171798,1.27546937354024,404.645516020182,414.464391115038,1.30641527257252,263.5,140.507528760258,23690.3855966358,1.2,69.2,43.7778366666667,-79.464725,989.3,6.55686762697436,7.18108852104911,0,30.8435161277684,27.5,189.6,136.9,0.2,0.8
2018-08-09 16:06:32.400,187.3,36.4584087357577,1.92556695552475,1.97229598956728,1.34357212588645,404.53967584071,414.356986465275,1.37617470337469,228.4,140.487992079614,23692.7421976554,1.2,69.3,43.777835,-79.464725,989.3,6.55352844241605,7.18329583390546,0,30.8459665037746,27.5,207.8,142.2,0.5,1
2018-08-09 16:06:33.400,187.2,36.4642650617257,1.92633817313895,1.97310938170357,1.31452081810652,405.233404371136,415.072391178572,1.34643495629356,157.8,140.509021321625,23704.2184869798,1.2,69.3,43.777835,-79.4647266666667,989.3,6.55232046615449,7.18163622991694,0,30.8480189878917,27.5,198.8,113.6,0.4,0.9
2018-08-09 16:06:34.400,187.1,36.4657188850065,1.92464402707212,1.97138509497277,1.32469955179904,405.549129118267,415.39809238518,1.35686777155539,145.6,140.505023052224,23709.7601366198,1.2,69.2,43.777835,-79.4647266666667,989.3,6.55490239232537,7.17953033352221,0,30.850174219473,27.5,189.8,127.7,0.4,0.9
2018-08-09 16:06:35.400,187.1,36.4644948935361,1.92455947513101,1.97143152299222,1.25001008281502,405.451465480081,415.326123987683,1.28045473525047,141.1,140.485232183938,23775.6642716174,1.2,68.9,43.777835,-79.4647283333333,989.2,6.55863826709824,7.17971158075171,0,30.8528199208655,27.5,193.6,127.8,0.5,1
2018-08-09 16:06:36.400,187,36.4645532473226,1.92428112954782,1.97107367829754,1.26128818884276,405.540914240928,415.402412901608,1.2919579292957,296.4,140.491371892854,23739.5967954657,1.2,68.8,43.7778366666667,-79.4647283333333,989.3,6.55707872642274,7.18213914982317,0,30.8550969758972,27.5,185.7,110.2,0.5,0.8
2018-08-09 16:06:37.400,187,36.4649410465859,1.92263342134642,1.96949973018504,1.38015612740183,406.018302744347,415.915514815204,1.41380343024231,281,140.480002026159,23796.0217696595,1.2,68.6,43.7778366666667,-79.46473,989.3,6.55826664227953,7.18073831419821,0.1,30.8570330762608,27.5,143.3,67.2,0.4,0.9
2018-08-09 16:06:38.400,186.9,36.4679828221916,1.92415476040274,1.97120957685523,1.26998580544509,406.131282886252,416.063252130406,1.30104592654696,277,140.487716198382,23871.1460153776,1.2,68.5,43.7778383333333,-79.46473,989.3,6.55856602083469,7.17918647455238,0.1,30.8591145567426,27.5,133.5,75,0.4,0.8
2018-08-09 16:06:39.400,186.8,36.4740983697476,1.92500387022888,1.97202405781708,1.17819337595381,406.168657734163,416.089839442695,1.2069699179658,134.6,140.503570459714,23843.8130159542,1.2,67,43.77784,-79.46473,989.3,6.55746909195137,7.17742466307494,0,30.861433282254,27.5,152.7,90.8,0.4,0.8
2018-08-09 16:06:40.400,186.8,36.4798184657415,1.92423041632723,1.97123750490211,1.25085380565675,406.489494229844,416.419743283135,1.28140948116309,100.9,140.491477170829,23846.6981633286,1.2,68.5,43.77784,-79.46473,989.3,6.55894425766214,7.17872479197692,0,30.8642812557238,27.5,158.8,105.2,0.5,0.9
2018-08-09 16:06:41.400,186.8,36.4835987337596,1.92454749019141,1.97165786211902,1.23699663815552,406.084830580466,416.025329206671,1.26727949390707,66.9,140.504177497344,23894.0065431442,1.2,67.4,43.7778416666667,-79.46473,989.4,6.55714602640035,7.18162427227795,0,30.8666138459001,27.5,141,90.8,0.5,0.9
2018-08-09 16:06:42.400,186.8,36.4851805366122,1.92561435181825,1.97287833007778,1.35619223052603,406.988442254341,416.9779357322,1.38948190256386,76.7,140.506193165093,23956.8926729407,1.2,68.2,43.7778416666667,-79.4647316666667,989.4,6.55709963767937,7.17690479007739,0.1,30.867869015853,27.5,158.8,90.8,0.4,1
2018-08-09 16:06:43.400,186.8,36.4870577286976,1.92592241733711,1.97339360589832,1.38994840758913,407.688326635667,417.737246200563,1.42420757373336,42.3,140.478268847848,24055.6009165323,1.2,69.8,43.7778416666667,-79.46473,989.4,6.55834566672328,7.17611982264948,0,30.8702020965902,27.5,174.7,107.3,0.7,1.3
2018-08-09 16:06:44.400,186.8,36.4871537681726,1.9240410951575,1.97149863800597,1.47295461722766,407.804241947016,417.862950333202,1.50927955511994,315,140.495013821982,24071.7761072831,1.2,70,43.7778416666667,-79.46473,989.4,6.55836710009249,7.18002911126383,0.1,30.8725634519314,27.5,168.5,90.8,0.7,1.5
2018-08-09 16:06:45.400,186.8,36.4860480782872,1.92452266223915,1.97198444587234,1.38318866968243,408.265036313363,418.333489389852,1.41728877245282,342.6,140.503501056851,24067.9456252727,1.2,70.4,43.7778416666667,-79.4647316666667,989.4,6.55870978397767,7.18169376653127,0,30.8745643315,27.5,159.4,90.8,0.7,1.4
2018-08-09 16:06:46.400,186.7,36.4865435647631,1.92483985189883,1.972465276416,1.35992847197013,408.939815173505,419.057970521689,1.39358087395602,46.3,140.483044152738,24145.0033781289,1.2,70.2,43.7778416666667,-79.4647316666667,989.4,6.55784637948066,7.17589845989449,0,30.8766580863508,27.5,161.3,90.8,0.7,1.5
2018-08-09 16:06:47.400,186.7,36.4877996592528,1.92558732865461,1.9733189594039,1.54691366715552,409.57969667457,419.732389583227,1.58525918095382,98.2,140.495444750593,24188.4931932601,1.2,70.3,43.7778416666667,-79.4647316666667,989.4,6.55575037197145,7.17128294562723,0.1,30.8791284897429,27.5,173,105.2,0.7,1.4
2018-08-09 16:06:48.400,186.8,36.491144608279,1.92574383797054,1.97355085266749,1.42284489856001,409.307749909607,419.46896760669,1.45816600763878,100.8,140.489973666977,24223.9494679768,1.2,70.6,43.77784,-79.4647316666667,989.4,6.55180261970883,7.17470923964041,0.1,30.8815562431664,27.5,179.7,103.4,0.7,1.5
2018-08-09 16:06:49.400,186.8,36.4954472091348,1.92416377695703,1.97207796496728,1.38282955313461,408.720957983474,418.898568972908,1.41726842938889,141.7,140.488267747643,24296.1391950797,1.2,70.5,43.77784,-79.4647333333333,989.4,6.55106460758149,7.17849703083055,0,30.8833304408791,27.5,172.3,102,0.8,1.8
2018-08-09 16:06:50.400,186.8,36.498468825658,1.92410688657901,1.97206649421059,1.61910914001532,408.557836917765,418.741410710526,1.65946077004859,115.9,140.4998245625,24319.4903157861,1.2,70.5,43.77784,-79.4647333333333,989.3,6.55568702805934,7.17958658802633,0,30.8856302108554,27.5,171.1,97.4,1,2
2018-08-09 16:06:51.400,186.8,36.4999320222199,1.92351366894468,1.97136128272521,1.52123088326481,408.700811060883,418.86738163881,1.55907545798504,118.5,140.49421800021,24271.6515340126,1.2,70.4,43.77784,-79.4647333333333,989.4,6.55656275801702,7.17666797769236,0,30.8886839576982,27.5,161.3,97,1.1,2.1
2018-08-09 16:06:52.400,186.8,36.4997093399085,1.92404457206716,1.97187096607913,1.33247043841833,408.441504572138,418.594230218496,1.3655916667379,108.5,140.502808404364,24254.4056438896,1.2,70.1,43.7778416666667,-79.4647333333333,989.4,6.55743981891477,7.17877108316171,0,30.891230875308,27.5,168.4,90.8,1.1,2.4
2018-08-09 16:06:53.400,186.7,36.5013725474028,1.92486748209229,1.9727785458827,1.4160138231838,407.722756445982,417.87113470924,1.45126013552211,232.4,140.502959084,24285.9227311465,1.2,70.4,43.7778416666667,-79.4647333333333,989.3,6.560765710671,7.18327562442063,0,30.8927340789593,27.5,152.1,80.9,1.3,2.4
2018-08-09 16:06:54.400,186.7,36.5059168919409,1.92388898179998,1.97190077879624,1.37746423566098,407.561295405219,417.732204925376,1.41183656365059,132,140.474352068236,24347.8790123166,1.2,70.4,43.7778433333333,-79.464735,989.4,6.5609713085163,7.18068592529192,0,30.8943946595383,27.5,153.2,86,1.2,2.3
2018-08-09 16:06:55.400,186.7,36.5075141497917,1.92333056180905,1.97126844844795,1.36789657616497,406.643366327172,416.778762944885,1.40198667299123,117.7,140.474511601388,24318.2504093798,1.2,70.6,43.777845,-79.464735,989.3,6.55835319055565,7.18026349027415,0,30.8963505933332,27.5,149.2,70.9,1.2,2.6
2018-08-09 16:06:56.400,186.7,36.5104856487066,1.92550501008035,1.97347685094632,1.49966328733228,405.753935660738,415.862796750682,1.53702800788171,101,140.485763766987,24308.1705509877,1.2,70.4,43.7778466666667,-79.464735,989.4,6.55332623574329,7.18082479388083,0,30.8986054316741,27.5,138.9,71.4,1.3,2.4
2018-08-09 16:06:57.400,186.7,36.5186765044842,1.92837768548666,1.97656907584325,1.59525916085387,405.573234982307,415.708713751065,1.63512630660744,239,140.479761601401,24381.200287285,1.2,70.5,43.7778483333333,-79.4647366666667,989.4,6.55068181196229,7.17842925717803,0,30.9008912208268,27.5,140.8,69.4,1,2
2018-08-09 16:06:58.400,186.6,36.5226199999181,1.92627118685019,1.97441824932062,1.48476171854029,405.191218708979,415.318843705139,1.52187615524354,128.5,140.494493753981,24385.1968684097,1.2,70.6,43.7778483333333,-79.4647383333333,989.3,6.55416256315544,7.17915431295424,0,30.9031050002765,27.5,139,73.8,1.1,2.1
2018-08-09 16:06:59.400,186.6,36.5252060013951,1.92485893436324,1.97299189890939,1.45637686371971,405.142613594214,415.273631388514,1.49279758341002,228.7,140.500059881582,24396.0282872304,1.2,70.5,43.77785,-79.4647383333333,989.3,6.55590965395832,7.17600161641181,0,30.9052860998383,27.5,149.2,71.7,1.2,2.5
2018-08-09 16:07:00.400,186.5,36.5282256750799,1.92598154394983,1.97418140140494,1.55243529116432,405.352320445769,415.496791888218,1.59128638853581,243,140.490371612457,24415.2833657772,1.2,70.9,43.77785,-79.46474,989.4,6.55140867705979,7.17733282535965,0,30.9075327828947,27.5,141.7,70.4,1.4,2.8
2018-08-09 16:07:01.400,186.4,36.533484893675,1.92415379946883,1.97224748031865,1.48914282369278,405.840645659234,415.984425392369,1.52636434404122,299.2,140.498216300159,24385.1139701392,1,71,43.77785,-79.4647416666667,989.4,6.55325263150572,7.17728709804056,0,30.9096466137902,27.5,135,60.7,1.5,3.1
2018-08-09 16:07:02.400,186.4,36.5400581141965,1.92394224520634,1.97217499445856,1.4374615857809,405.649557909088,415.819001567977,1.47349870932864,16.2,140.469206377319,24456.5771890022,1,71.3,43.7778516666667,-79.4647416666667,989.4,6.55578712867987,7.17807761210276,0,30.9119206201001,27.5,132.6,60.1,1.5,2.9
2018-08-09 16:07:03.400,186.4,36.5411766195088,1.92319334623332,1.97143625941682,1.28219503438336,405.533387212939,415.70609109292,1.31436554860856,343.8,140.480557613378,24470.9277464143,1,70.7,43.7778516666667,-79.4647416666667,989.3,6.55935214904713,7.18102015291165,0,30.9142702565184,27.5,130.2,59.5,1.5,3
2018-08-09 16:07:04.400,186.3,36.543057143956,1.92416900089716,1.97252942955886,1.32924506503543,405.072142605292,415.252899756129,1.36266492385826,9.7,140.50047142505,24517.0486050169,1,70.7,43.7778516666667,-79.4647433333333,989.4,6.55785785531221,7.18131385723603,0,30.9162700004213,27.5,126.1,54.5,1.5,2.9
2018-08-09 16:07:05.400,186.3,36.5522059340874,1.92670209335806,1.97533168706169,1.37611731916586,404.596984370594,414.809056237847,1.41084832009662,319.8,140.470128136433,24618.6562320415,1,70.6,43.7778516666667,-79.4647433333333,989.3,6.55004815833066,7.17636893998528,0,30.9183328118924,27.5,123.1,53.4,1.4,2.7
2018-08-09 16:07:06.400,186.2,36.5545918742441,1.92499106179517,1.97361032739659,1.24493344456075,404.22302488164,414.43243893991,1.27637656894591,325.9,140.490768761447,24634.6532783432,1,70.8,43.7778516666667,-79.464745,989.3,6.55151889199669,7.17803490786017,0,30.9203809378708,27.5,122,47.5,1.3,2.6
2018-08-09 16:07:07.400,186.2,36.5501540619253,1.92306290619048,1.97159899993447,1.28687808376373,403.759756209939,413.950231207993,1.31935661554758,290.4,140.502399996723,24617.6334352998,1,70.9,43.7778516666667,-79.464745,989.5,6.55622134407062,7.18023437466057,0,30.9225503127803,27.5,122.5,48.7,1.7,3.8
2018-08-09 16:07:08.400,186.3,36.5471417451535,1.92414971522856,1.97265404855254,1.50872008233034,403.753476279813,413.931442941799,1.54675038676848,305.9,140.472819033443,24588.5014122019,0.9,70.7,43.7778516666667,-79.464745,989.4,6.55660084079819,7.17907677771849,0.1,30.924905715369,27.5,106.7,40.5,1.7,2.9
2018-08-09 16:07:09.400,186.3,36.5444541912424,1.92531138447208,1.97373851412446,1.53755791162213,403.84279621324,414.000625417109,1.57623435190195,318.2,140.492735302155,24535.7247683636,0.9,70.8,43.77785,-79.464745,989.5,6.55404008212462,7.18027316561559,0.1,30.9273542747333,27.5,116.2,43.5,1.4,2.8
2018-08-09 16:07:10.400,186.3,36.5440092508866,1.92396219128793,1.97225870379043,1.44234884689158,403.749741581457,413.884880204073,1.47855653734648,309.9,140.496961825358,24487.7269951806,0.9,71,43.77785,-79.464745,989.4,6.55507718733376,7.17769038705559,0,30.9303505428238,27.5,117.4,48.1,1.4,3
2018-08-09 16:07:11.400,186.3,36.5461223509497,1.9250129948797,1.97326263034706,1.41133535306594,403.739426640705,413.85900375745,1.44671012423339,106.4,140.482202911184,24451.6842161421,1,70.8,43.7778516666667,-79.4647466666667,989.6,6.55420416100409,7.1782829446532,0,30.9329410612277,27.5,125.8,58.8,1.7,3.3
2018-08-09 16:07:12.400,186.3,36.5463374955075,1.92762163194263,1.97599813261996,1.50445014668569,403.694074554206,413.825312147858,1.54220903515972,287.6,140.496787592269,24481.90899726,0.9,70.8,43.7778516666667,-79.4647466666667,989.3,6.55220687296456,7.17891511832692,0,30.9346162544579,27.5,122.9,53.4,2,4.4
2018-08-09 16:07:13.400,186.4,36.5519998685122,1.92638619713029,1.97471490636379,1.45054765518698,404.007621895199,414.143170682343,1.48694056897323,307.4,140.470717520721,24473.5717727299,1,70.7,43.7778516666667,-79.4647466666667,989.3,6.55270825908692,7.175058772618,0,30.9363007176382,27.5,128.1,65.4,2.7,4.8
2018-08-09 16:07:14.400,186.4,36.5518317659312,1.92704229854239,1.97516630521724,1.41678414314869,403.648854044692,413.729221748004,1.45216329619731,59.9,140.472998665032,24364.5257972364,1,70.8,43.7778516666667,-79.4647483333333,989.4,6.55072193372434,7.1768414808227,0,30.9384923252418,27.5,133.5,60.3,2.1,4.1
2018-08-09 16:07:15.400,186.4,36.5502888103607,1.92572807131375,1.97384407610574,1.18642194851469,403.07759541929,413.14895943522,1.21605636620136,142.6,140.497288214192,24377.0133369563,1,70.8,43.7778516666667,-79.46475,989.4,6.55366807097175,7.17779178445887,0,30.9401100589784,27.5,135.3,60.1,2.2,4.6
2018-08-09 16:07:16.400,186.4,36.5589489848069,1.92489612425471,1.97310109922058,1.24133051263686,402.855116178797,412.943813675385,1.27241912512863,125.5,140.464978070901,24430.9983219592,1,70.9,43.7778516666667,-79.46475,989.3,6.55566043856406,7.17412377603988,0,30.9421405053516,27.5,132.7,63.2,2.4,4.2
2018-08-09 16:07:17.400,186.5,36.5622349810306,1.92437102488647,1.97248688749225,1.46046546601913,402.440813963804,412.50328992057,1.49697947533794,234.6,140.495335682447,24393.5566262757,1,70.8,43.7778533333333,-79.46475,989.3,6.55063596415418,7.17784424189191,0,30.9442464502723,27.5,128,58.6,1.9,3.3
2018-08-09 16:07:18.400,186.5,36.5628084000264,1.92459897940846,1.97240470546391,1.33717747384922,402.204330847667,412.19485751316,1.37040620466169,236.6,140.499461635871,24237.2859063592,1,70.6,43.7778533333333,-79.46475,989.3,6.55250262069721,7.18046163272183,0,30.9465051091241,27.5,125,60.4,1.4,2
2018-08-09 16:07:19.400,186.5,36.5660594324628,1.92585747537875,1.97349822801479,1.39490843283957,402.174360172403,412.12315493728,1.42941313704817,111.1,140.465136490425,24140.2807895102,1,72.3,43.777855,-79.46475,989.4,6.55163836464366,7.17931563161737,0,30.9487189300388,27.5,185.4,113.9,0.5,0.9
2018-08-09 16:07:20.400,186.6,36.565416720775,1.92813151720743,1.97563422624326,1.42168696165808,401.712565795328,411.609552785026,1.45671581253614,66.9,140.49427032708,24044.4147164699,1,70.4,43.777855,-79.46475,989.4,6.55221952511455,7.18111508781484,0.3,30.9507041636475,27.5,180.4,105.3,0.6,1.3
2018-08-09 16:07:21.400,186.6,36.5706652947166,1.92761272383683,1.97504440256973,1.24762342999748,401.115211280108,410.985252456498,1.27832158804009,55.3,140.474519453029,24015.4265627727,1,70.6,43.777855,-79.4647483333333,989.4,6.55154702696328,7.1786001987352,0.1,30.9526587783964,27.5,201,135.6,0.6,1.1
2018-08-09 16:07:22.400,186.6,36.5756997395653,1.92614032253783,1.97330061793025,1.36398138436677,401.386829829542,411.214349355435,1.39736354817137,64.2,140.462894070113,23898.8898357753,1.3,71.7,43.777855,-79.4647483333333,989.3,6.55365232984853,7.17827633682741,0.5,30.9546664641063,27.5,215.6,149.1,0.4,0.9
2018-08-09 16:07:23.400,186.6,36.573866620654,1.9247509689775,1.97183788455044,1.31097660202578,401.602952256736,411.427675642872,1.34304388816006,69,140.496644564906,23879.6558331652,1,70.8,43.777855,-79.4647483333333,989.5,6.55476162034557,7.1726629900016,1.1,30.9571466714669,27.6,355.7,0.4,0.3,1.6
2018-08-09 16:07:24.400,186.6,36.5780091364372,1.92426810878916,1.97105713521879,1.28703811545797,401.902639581477,411.674952027812,1.31832861822197,59.6,140.46711198533,23738.1297237234,0.9,64.8,43.777855,-79.4647483333333,989.4,6.55402197572309,7.17252703502826,1.4,30.9593354210178,27.6,79,33.6,1,2.1
2018-08-09 16:07:25.400,186.7,36.5774481509613,1.92782554248909,1.97438255259502,1.31204790630244,401.544676181265,411.241924902334,1.34373431229106,57.8,140.500161534718,23580.4527210109,0.9,53.9,43.777855,-79.4647466666667,989.4,6.54953138452153,7.18242557556071,2.2,30.9613415383679,27.6,107.5,32.9,1.1,3.5
2018-08-09 16:07:26.400,186.7,36.5724186886737,1.92911769764369,1.9757918640865,1.64263855353112,401.698558474696,411.41750848722,1.68239417005977,47.7,140.511791877062,23623.0533832716,0.9,42.4,43.7778583333333,-79.4647416666667,989.3,6.54796098645421,7.18216162497414,3.1,30.9631699601594,27.6,87.4,29.3,1.1,3.7
2018-08-09 16:07:27.400,186.7,36.5678564961409,1.92924667215921,1.97615041188608,1.77932754613482,402.132141946882,411.908622641838,1.82258590472569,31,140.462736072836,23734.6666312246,0.9,24.9,43.77787,-79.4647333333333,989.3,6.54320711852227,7.18080667574425,4,30.9656868574174,27.6,73.1,39.5,1.1,3.8
2018-08-09 16:07:28.400,186.5,36.5520631534183,1.92431964471815,1.97115783126075,1.13685950363424,402.600234421417,412.399461536663,1.16453339377549,11.7,140.499820546965,23761.5610457922,0.9,11.6,43.7778866666667,-79.46473,989.3,6.55530503224211,7.18109894041223,5,30.9678017788116,27.5,97.4,49.1,1,3.4
2018-08-09 16:07:29.400,186.3,36.5391822531386,1.9256834676642,1.9724450406052,1.35402439997038,403.234844672742,413.026664033967,1.38689260218294,2.2,140.501916705592,23707.5674951676,0.9,5.5,43.777905,-79.4647283333333,989.3,6.55159058390707,7.17724735720627,5.7,30.9696321753667,27.4,73.2,30.8,1.1,4.2
2018-08-09 16:07:30.400,186.5,36.5304328857709,1.92565065079656,1.97259499278152,1.43748185017035,403.737495091184,413.579981121503,1.47251837381923,5.1,140.466387294976,23798.3202570312,0.9,5.8,43.77792,-79.46472,989.3,6.55440152948696,7.17311039566486,6.2,30.9719487501218,27.4,70.3,28.3,1,4.9
2018-08-09 16:07:31.400,186.9,36.5237692414357,1.92470325479236,1.97154766628906,1.43718320377331,403.64060843207,413.464578547582,1.47216000605383,3.1,140.496351838531,23760.158633359,0.9,9.3,43.77794,-79.4647133333333,989.3,6.55112049319066,7.17456107889382,7,30.974245467412,27.4,64.5,27.3,1.6,5.6
2018-08-09 16:07:32.400,186.9,36.5275506065799,1.92582079267858,1.97274230175263,1.48303439660651,403.44647001543,413.276303272878,1.519168873075,358,140.469589264863,23785.0649885885,0.9,6.1,43.7779633333333,-79.4647133333333,989.2,6.55237881199435,7.17763503174308,7.4,30.9769777274674,27.4,73.8,29.5,1.6,6
2018-08-09 16:07:33.400,186.7,36.5321131209057,1.92662037445242,1.97353078082927,1.56639571217382,403.618421503123,413.446005898594,1.60453427158175,356.7,140.475431209057,23769.9616319899,0.9,1.8,43.777985,-79.4647116666667,989.3,6.55267781476316,7.1801495595285,7.5,30.9794199971867,27.4,62.8,24.2,1.1,5.3
2018-08-09 16:07:34.400,186.8,36.5342304671745,1.92795424981383,1.97467091601135,1.65280411810256,403.602212181463,413.38193785577,1.69285068097211,356.8,140.498833083866,23657.8234940721,0.9,4.3,43.77801,-79.46471,989.3,6.5524995110771,7.17859665167627,8.1,30.9812360903221,27.4,65.3,24.2,1.4,6
2018-08-09 16:07:35.400,187.7,36.5404974628083,1.9277022219104,1.97441190447486,1.47475832663387,403.295477662711,413.067623698472,1.51048975314707,355.6,140.467380936476,23657.4560478172,0.9,6.5,43.77803,-79.46471,989.3,6.54592660029541,7.17721934898738,8.3,30.9831968260399,27.4,91.6,23.1,0.9,3.9
2018-08-09 16:07:36.400,188.5,36.5444685983711,1.92659827913801,1.97320810695679,1.43377789602182,403.166243673538,412.919959243233,1.46846446035543,354.9,140.507382948165,23621.283623652,0.9,4.3,43.7780533333333,-79.4647083333333,989.4,6.5479370425894,7.17775803308732,8.8,30.985879692882,27.4,83.4,15.4,0.8,5.5
2018-08-09 16:07:37.400,189.2,36.5467942481895,1.92608192049721,1.97268751054225,1.50188607999089,403.371578949738,413.131895299585,1.53822732990802,352.4,140.498280504594,23625.2018009547,0.9,0.5,43.778075,-79.4647116666667,989.3,6.5490460625635,7.1732899896181,8.8,30.9874344694109,27.4,144,2.9,0.2,4.7
2018-08-09 16:07:38.400,190.4,36.5518105408824,1.92733815198454,1.97384605684251,1.5807610034525,402.726004199936,412.443908815974,1.61890432509372,354.1,140.456322871755,23561.8574125346,0.9,1.1,43.7780983333333,-79.4647116666667,989.3,6.54757833131852,7.1797743901037,9,30.9894417227697,27.4,57.3,4.9,0.3,5.3
2018-08-09 16:07:39.400,191.7,36.55556514081,1.92879862200847,1.97529507992804,1.41471828021889,402.178828438968,411.873890053816,1.44882193120526,355.3,140.501978577223,23538.8186651463,0.9,3.1,43.778125,-79.4647066666667,989.3,6.54708682939932,7.18028396011804,9.2,30.9917015155456,27.4,54.6,3.3,0.4,5.1
2018-08-09 16:07:40.400,192.3,36.557702580768,1.92535803059422,1.97174832359512,1.72256180825644,402.462270999673,412.159327720423,1.76406365847307,359,140.477147442546,23527.3928215252,0.9,5.9,43.7781483333333,-79.464705,989.3,6.55278320478669,7.17500399424268,9,30.994559166865,27.4,161.1,12.5,0.5,4.3
2018-08-09 16:07:41.400,192,36.5633188052764,1.92556493134125,1.97171607833266,1.42652029788155,402.774671272957,412.428253055951,1.46072671109698,357.8,140.451885723307,23406.666405918,0.9,4.6,43.7781716666667,-79.464705,989.3,6.55498781719846,7.17009030839282,8.8,30.9963304753635,27.4,105.3,11.8,0.6,4.8
2018-08-09 16:07:42.400,192.2,36.5642310933277,1.92563899401805,1.97195157145137,1.58194632857489,402.676588888603,412.361081102285,1.62000352677721,356.8,140.505561628512,23485.5233238439,0.9,2.2,43.7781966666667,-79.4647066666667,989.4,6.55173833111799,7.18137236983594,9,30.9979159957992,27.4,109.1,13.5,0.6,4.2
2018-08-09 16:07:43.400,192,36.5660570446583,1.92741356508003,1.9737511890408,1.55226018470104,403.277794720456,412.973179082822,1.58958064383674,356.9,140.475110258534,23477.0291281878,0.9,359.8,43.7782233333333,-79.4647116666667,989.4,6.54707612975536,7.17782688869613,8.8,31.0003698741527,27.4,94.1,19.4,0.6,4.7
2018-08-09 16:07:44.400,191.9,36.5665045611249,1.9263342614734,1.9726543526959,1.47521994971861,403.333088279352,413.031418881305,1.51069206136249,358.3,140.500047706076,23480.9285865366,0.9,358.5,43.7782483333333,-79.4647116666667,989.3,6.55026192547284,7.1772147743261,9,31.0018721134956,27.4,86,16.3,0.7,5
2018-08-09 16:07:45.400,192.7,36.575425522391,1.92564494122804,1.97190803832042,1.63101925368204,404.036972101672,413.743825822688,1.67020301869908,2.2,140.520672437125,23461.1983705958,0.9,358.3,43.7782733333333,-79.4647083333333,989.2,6.5502395831737,7.17570177606712,9.2,31.004175301865,27.4,51.4,11.5,0.5,5.3
2018-08-09 16:07:46.400,192.8,36.5888538772399,1.92670313290945,1.9729823735887,1.29556901608046,403.57368074195,413.267425396159,1.32668797718587,2,140.464501783519,23456.3411203868,0.9,5.7,43.7783033333333,-79.4647033333333,989.2,6.5476769066505,7.18116236609355,9.6,31.0067358950761,27.3,80.2,19,0.8,5.8
2018-08-09 16:07:47.400,192,36.5946612903537,1.92577996511305,1.97207647165194,1.21524462798449,403.617165913551,413.320299043603,1.24446017899362,359.1,140.506731125307,23475.9969138953,0.9,3.7,43.7783233333333,-79.464705,989.2,6.54552571663525,7.18253884393786,8.8,31.0088939756062,27.3,88.6,19.4,1,5.9
2018-08-09 16:07:48.400,191.7,36.6029394944988,1.92447693236227,1.97064423214353,1.42960050689048,403.677942132962,413.361916201696,1.46389263645915,0.4,140.494872987671,23427.4339636424,0.9,2.7,43.7783466666667,-79.4647066666667,989.2,6.54935439282841,7.17353225481179,9,31.010875145357,27.3,39,10.3,1,6.7
2018-08-09 16:07:49.400,191.3,36.6146837394739,1.92503935616299,1.97124032719407,1.47470697597576,403.433445488769,413.115919875203,1.51009996712315,0.9,140.462842544371,23437.6995711876,0.9,2.3,43.778375,-79.4647083333333,989.2,6.55058924720387,7.18090704011012,9.6,31.0133734071051,27.3,51.1,19.9,1.4,7.3
2018-08-09 16:07:50.400,190.7,36.61732,1.9241784158602,1.97037786251644,1.41827610047767,403.077676904345,412.755548055184,1.45232916470438,359.6,140.512426438722,23447.1428833663,0.9,358.6,43.7784033333333,-79.46471,989.2,6.55221664697172,7.18153140870361,9.6,31.0153629237986,27.3,57.8,15.2,1.2,6.6
2018-08-09 16:07:51.400,190.7,36.6176433117253,1.92512200939417,1.97132490046662,1.5474744821499,402.974630922317,412.646081246438,1.58461354504177,1.1,140.487451829854,23437.5567699278,0.9,2.4,43.7784316666667,-79.4647116666667,989.2,6.54842801510177,7.17862378300857,10,31.0174778005236,27.2,59.8,15,1,6.8
2018-08-09 16:07:52.400,190.5,36.6193912197065,1.92489487233271,1.97105546794437,1.38444357306043,402.598471077521,412.253269909228,1.41764491821332,2.5,140.482440438834,23419.4573612045,0.9,5,43.7784616666667,-79.4647116666667,989.1,6.55092383639096,7.17727663865016,10.3,31.019585440282,27.2,40.6,13.1,1,7.2
2018-08-09 16:07:53.400,190.1,36.6208067030873,1.92436916020835,1.97034486825052,1.45871902996637,402.278052795063,411.888968815897,1.49356682531225,2.3,140.517551484353,23333.6010530189,0.9,6.6,43.7784983333333,-79.46471,989.2,6.54709730394259,7.17894246586632,11.1,31.0215392618473,27.2,25.2,9.1,1.4,8.8
2018-08-09 16:07:54.400,189.7,36.6241957158766,1.92684456207906,1.97288207149608,1.43388494779005,402.429518834038,412.044647045218,1.46814370477601,3,140.4901186379,23335.09665043,0.9,4.5,43.7785333333333,-79.4647033333333,989.1,6.54197990543104,7.18143516299005,11.4,31.0239235816279,27.2,29.3,11.7,1.7,9.1
2018-08-09 16:07:55.400,189.8,36.6329995624182,1.92564671461847,1.97160949498023,1.36697214389583,402.015095492844,411.610561117446,1.39959955843384,2.6,140.492109929259,23312.1314478745,0.9,4.4,43.778565,-79.4647016666667,989.1,6.54615826360846,7.182934154827,11.8,31.0260672152328,27.1,40.1,15.5,2,10
2018-08-09 16:07:56.400,190.2,36.6363221930095,1.92629497325768,1.97212518259257,1.63946506489617,402.673408617459,412.253793997396,1.67846749226624,1.8,140.492171107104,23239.0454408426,0.9,7.8,43.7786016666667,-79.4647016666667,989.1,6.548671618173,7.1850583937308,12,31.0280802250274,27.1,44.5,15.5,2.2,10.2
2018-08-09 16:07:57.400,190.9,36.6424209026548,1.92328177738975,1.96929341746896,1.5744045787286,403.767278309532,413.426728683687,1.61206501274066,0.2,140.496324495823,23364.2867615298,0.9,6.5,43.7786333333333,-79.4647016666667,989.2,6.54873835992079,7.18010011298234,11.6,31.0300894221672,27.1,55,22.1,2.1,9
2018-08-09 16:07:58.400,191.8,36.6456485589331,1.92439110880072,1.97062035320403,1.42065214475822,404.495175246364,414.212220524359,1.45477857162383,358.1,140.486413784811,23459.1462673064,0.9,4.6,43.7786533333333,-79.4646983333333,989,6.54639144259172,7.18156346032061,10.7,31.0326185380712,27,62.8,24.4,2,8.8
2018-08-09 16:07:59.400,191.9,36.6454150473696,1.92570008624718,1.97174589219275,1.39975933682091,404.055982913598,413.717384416318,1.43322913329256,359.9,140.498126363946,23352.6771119484,0.9,0.4,43.7786766666667,-79.464695,989.1,6.54522416334466,7.1811538627891,10.1,31.0345802286848,27,42.1,16.1,2.1,8.4
2018-08-09 16:08:00.400,192,36.645393147928,1.92389317473953,1.96983535838733,1.33208956040823,404.735050674535,414.399916462421,1.36389946327731,1,140.496142603602,23322.6638214876,0.9,1.7,43.778695,-79.46469,989.1,6.54749399093633,7.18020849339198,9.2,31.036980062376,27,48.4,12,1.1,6.6
2018-08-09 16:08:01.400,192,36.6446286896299,1.92242254185697,1.96838346438179,1.41781272452156,403.916103835408,413.572832242977,1.45171038351284,0.8,140.496879244365,23349.482237886,0.9,3.5,43.7787133333333,-79.46469,989.1,6.5480970674302,7.17944993879139,8.7,31.0390556097393,27,63.9,18.9,1.1,6.3
2018-08-09 16:08:02.400,191.9,36.6460221499004,1.92133820057709,1.96733931376172,1.3746969517928,403.33825006852,412.995052708482,1.40760952636513,358.7,140.497285282962,23382.309981776,0.9,2.2,43.7787383333333,-79.4646933333333,989.1,6.54917827476795,7.18455355120284,8.7,31.0412165270812,27,72.7,12,0.8,5.6
2018-08-09 16:08:03.400,192.3,36.6471856818725,1.92231177632577,1.96841269248328,1.38503796443814,402.615308653884,412.270769465782,1.41825437422483,356.4,140.450081043031,23420.3737156174,0.9,0.5,43.778765,-79.4646983333333,989.2,6.54571887930257,7.18758215745466,9.2,31.0435996338413,27.1,26.9,8.5,0.8,6.4
2018-08-09 16:08:04.400,193,36.6421379594163,1.92249890628405,1.96854515616022,1.264425089524,403.06344942211,412.717446294943,1.29471125597057,356,140.481070381071,23391.2627510489,0.9,358.7,43.77879,-79.4647033333333,989.1,6.54437721731666,7.18226263046932,9.4,31.0454740653172,27.1,19.8,8.5,1.1,7.5
2018-08-09 16:08:05.400,193.6,36.6416082278915,1.91971965613785,1.96573229417791,1.38749784233061,403.480588720705,413.151418213277,1.42075436589564,356.3,140.487902052768,23407.5259147136,0.9,357.4,43.7788166666667,-79.464705,989.1,6.55362784219613,7.17762103404639,9,31.0476651696105,27.1,50.3,356.6,0.5,4.8
2018-08-09 16:08:06.400,194.2,36.649760005617,1.91948300014979,1.96552971446165,1.41661886116688,403.334957004899,413.010528434838,1.45060257556612,357.4,140.469485701447,23426.9628681569,0.9,357.4,43.77884,-79.4647066666667,989.2,6.55072685407283,7.17735542880681,8.7,31.0497285726411,27.1,242.9,357.3,0.3,4.6
2018-08-09 16:08:07.400,193.9,36.6494255329733,1.9196350798521,1.96561127513793,1.34139746910425,402.978609253893,412.630071390293,1.37352500804538,356.1,140.507420699614,23390.1428502863,0.9,358,43.7788616666667,-79.46471,989.2,6.54700321673661,7.18161967644338,8.3,31.0520884905976,27.1,7,6.5,0.1,4.8
2018-08-09 16:08:08.400,193.6,36.6518035885673,1.92402199752277,1.97006650020663,1.39300195030152,403.193063829896,412.84202386568,1.42633811703706,356.8,140.485839069596,23372.1200857911,0.9,359.6,43.77888,-79.46471,989.1,6.54497352950705,7.18588393991543,7.9,31.0542185617288,27.1,174.3,352.3,0.5,3.2
2018-08-09 16:08:09.400,193.8,36.6571051045099,1.92110649342236,1.96706132762458,1.4449011024549,404.371706152222,414.044739572932,1.47946489881438,354.8,140.485213838163,23362.1410312114,0.9,359.9,43.7789,-79.4647133333333,989.2,6.54473108877239,7.18145787590854,7.4,31.0564101305763,27.2,207.4,324.9,1,2.5
2018-08-09 16:08:10.400,193.8,36.6622752925516,1.92201339925713,1.96779096174941,1.2699827042283,405.994789686244,415.664524363365,1.30023270301153,353.6,140.501336492674,23263.2738865383,0.9,356.7,43.7789166666667,-79.4647183333333,989.2,6.54564643552703,7.17666059758659,7.2,31.0590293146273,27.2,181.2,25.3,1.9,2.9
2018-08-09 16:08:11.400,193.2,36.6751456851985,1.92130304697844,1.96697768076531,1.18791240052517,406.085807818226,415.739495874032,1.2161528385493,359.8,140.455287804409,23220.5921374423,0.9,1.6,43.7789383333333,-79.4647183333333,989.1,6.54756324759641,7.1776042398818,7.5,31.0612061164099,27.3,102.2,11.7,0.6,4.3
2018-08-09 16:08:12.400,192.8,36.6733805084268,1.92047109476125,1.96624592153978,1.37409816036875,407.103535922536,416.806895501562,1.40685157328432,356.1,140.491990064899,23280.08470485,0.9,0.5,43.7789583333333,-79.4647183333333,989.1,6.54846564196423,7.17536527969397,7.5,31.0628442723751,27.3,318.8,0.4,0.2,3.9
2018-08-09 16:08:13.400,192.9,36.6712765528546,1.92226777676841,1.96810546064348,1.28459226362606,407.461743521777,417.177808890983,1.31522399600826,350.5,140.498608260493,23290.0864495126,0.9,354.2,43.7789816666667,-79.4647266666667,989.2,6.54750163862346,7.17829214369895,7.5,31.0647134471454,27.3,226.1,346.3,0.3,3.4
2018-08-09 16:08:14.400,193.1,36.6750324207737,1.92316418850588,1.96887272346567,1.34397340535263,407.038349767459,416.712505055447,1.37591561435627,350.8,140.449098975112,23215.4274226784,0.9,353.7,43.7790016666667,-79.4647366666667,989.1,6.54533336317955,7.18106980759502,7.7,31.0672823321172,27.3,200,353.6,0.6,3
2018-08-09 16:08:15.400,192.9,36.6698420313562,1.92033105443744,1.96593019732915,1.29043191740474,406.304641101374,415.952573018534,1.32107406078043,354,140.512390496463,23194.8032759131,0.9,357.7,43.7790216666667,-79.46474,989.2,6.54502551272623,7.18050237544765,7.7,31.0691927363785,27.3,170,6.6,0.8,2.5
2018-08-09 16:08:16.400,192.9,36.6670307315096,1.9197857282591,1.96507626421328,1.15558722323117,406.508002886788,416.098239648658,1.18285123221737,357.8,140.490022069548,23048.016167314,0.9,1.4,43.7790416666667,-79.46474,989.1,6.5535284371592,7.17389985025824,7.5,31.0715071499577,27.3,155.6,19.6,1,2.5
2018-08-09 16:08:17.400,193,36.6734998347185,1.92115767564113,1.96645076473994,1.36174057412004,406.540932829606,416.125526729644,1.39384532060374,358.9,140.463035301034,23032.9251271122,0.9,1.4,43.7790633333333,-79.4647416666667,989.2,6.5514988317166,7.17356852499042,7.5,31.0735837489199,27.3,186.5,352.7,1,2
2018-08-09 16:08:18.400,193.1,36.6726686685393,1.92247296421519,1.96798379465782,1.34758636593119,406.046406953353,415.658844131086,1.3794874387538,351.6,140.511118846782,23125.7001642493,0.9,357.1,43.77908,-79.4647483333333,989.1,6.54706391419816,7.17872672418455,7.4,31.0757254602315,27.4,178,351.4,0.9,2.5
2018-08-09 16:08:19.400,192.9,36.6772423970348,1.92165962256735,1.96695631291304,1.19546966081808,405.521333388337,415.080304132704,1.22365072049519,342.9,140.493948826276,23029.2835733298,0.9,352.9,43.7791,-79.4647583333333,989.1,6.54685819353394,7.17810998616075,7,31.0778290362275,27.4,196,335,1.1,2.6
2018-08-09 16:08:20.400,193.1,36.6773294919885,1.92196220265813,1.96741285655457,1.53406680799216,405.615018390287,415.207007468918,1.57034704207153,347.1,140.470740043717,23101.6546201123,0.9,350.3,43.7791216666667,-79.4647666666667,989.2,6.54401707691412,7.17155803674946,7.2,31.0798962672964,27.4,199.9,346.3,0.7,2.9
2018-08-09 16:08:21.400,193.2,36.6754357950097,1.91984890949107,1.96516959570681,1.47660094498632,405.343913279705,414.912399568842,1.51145784811731,5.9,140.503291661572,23061.5242462668,0.9,5.8,43.77914,-79.4647616666667,989.2,6.5473210587392,7.17765593089569,7.4,31.0820466572897,27.5,120.5,28.1,0.7,3.9
2018-08-09 16:08:22.400,192.8,36.6871053443178,1.92101465767465,1.96650165170098,1.5029653538491,406.674349944417,416.303864833601,1.53855370715012,27.8,140.443534021566,23130.9400903231,0.9,31.7,43.7791533333333,-79.4647466666667,989.1,6.546013435439,7.17664443245216,7.2,31.0844922619417,27.5,73.6,19.1,1.2,5.7
2018-08-09 16:08:23.400,192,36.693132510368,1.9200432967081,1.96537170740959,1.43926973916896,406.487071936339,416.083323230409,1.47324806067174,53.2,140.480660757294,23063.3180721673,0.9,54.4,43.77916,-79.4647216666667,989.2,6.54530855492309,7.18104512663462,7.2,31.086422603884,27.5,50.5,9.2,2.2,7.7
2018-08-09 16:08:24.400,191.2,36.7031710394659,1.92181292098327,1.96735197055261,1.18206159603025,406.682635197137,416.319226048971,1.2100699245621,67.7,140.499747770831,23147.1122064847,0.9,67.9,43.7791666666667,-79.4646883333333,989.3,6.54393613090099,7.17569552182324,8.8,31.0883195399207,27.4,49.7,356.6,2,7.7
2018-08-09 16:08:25.400,190.2,36.7160099440459,1.92165409524989,1.96706170765972,1.4057119644783,406.591491440751,416.198904915835,1.43892677484982,75.5,140.458755483703,23083.6182682464,0.9,67.8,43.7791683333333,-79.46465,989.2,6.54379054153194,7.18209371876931,10.5,31.0909284199623,27.4,69.9,1.3,3.1,11.1
2018-08-09 16:08:26.400,189.2,36.7125725957256,1.91977962610292,1.96506246495897,1.62881014780319,406.037106108374,415.61453176802,1.66722956597774,80.2,140.520000079829,23044.1312837177,1.2,71.4,43.77917,-79.464605,989.2,6.54894136260887,7.18771143722863,11.8,31.0928705596482,27.3,81,0.4,3.2,12.2
2018-08-09 16:08:27.400,188,36.7114109840506,1.92439652499808,1.96984710561359,1.48178709434555,406.356465264334,415.953840905887,1.51678391915847,84.5,140.496262907675,23073.1953818669,0.9,78.2,43.7791716666667,-79.4645633333333,989.1,6.54022956282467,7.17783795496233,12.2,31.09521774154,27.1,73.6,354.6,2.8,11.3
2018-08-09 16:08:28.400,187.2,36.7145267530783,1.92091111779562,1.96629651741826,1.44712778733503,406.414061263156,416.016238124625,1.48131834199743,86.5,140.438734448364,23081.2265598805,0.9,81,43.779175,-79.4645216666667,989.1,6.54688578372854,7.17830761546172,12.2,31.0973443261171,27,46.7,345.2,1.9,9
2018-08-09 16:08:29.400,186.5,36.7110280148011,1.91993113955071,1.96512338925926,1.49378729979798,406.715662260796,416.289107648182,1.52894881400325,88,140.517847839415,22997.1128787722,0.9,83,43.7791766666667,-79.46448,989.1,6.54891896087501,7.18615298402007,11.8,31.0995983028359,27,45.8,344.4,1.6,9.2
2018-08-09 16:08:30.400,185.7,36.7111462316838,1.92401244699886,1.96939432243665,1.22066562540129,406.940962981569,416.539546896652,1.2494577467712,89.1,140.450221074079,23043.5944630786,0.9,84.3,43.7791783333333,-79.4644433333333,989.1,6.54316768487802,7.18212041064095,11.1,31.1016287543779,27,40.5,343.4,1.6,8.7
2018-08-09 16:08:31.400,185.3,36.71464,1.922273,1.967633,1.391314,406.9238,416.5261,1.424145,89.5,140.4621,23053.27,0.9,86.3,43.7791816666667,-79.4644066666667,989.1,6.543373,7.17744,10.7,31.10383,27,34.9,340.6,1.6,8.2
2018-08-09 16:08:32.400,185.1,36.7104271435372,1.92294922252102,1.968274771592,1.0979544962857,406.157316044953,415.730677264578,1.12383329880978,88.1,140.514465412108,23027.5794500748,0.9,83,43.779185,-79.4643733333333,989.1,6.54583378064417,7.18452015806941,10,31.1059659575991,27,40.4,347.7,1.2,7.1
2018-08-09 16:08:33.400,184.9,36.7128598996153,1.92321786366111,1.96850251095078,1.10649008367587,406.437509517999,416.007555301903,1.13254448949794,85.3,140.432724575698,23004.503587346,0.9,80.4,43.7791883333333,-79.4643416666667,989.2,6.54526475670776,7.18315668132952,9.8,31.1081652673834,27,37.5,349.7,0.7,6.2
2018-08-09 16:08:34.400,185,36.70822,1.923751,1.968882,1.423236,405.8554,415.3767,1.456625,83.4,140.5247,22922.16,0.9,77.8,43.7791933333333,-79.4643066666667,989.1,6.540835,7.186143,10.1,31.11086,27,339.6,338.7,0.7,4.6
2018-08-09 16:08:35.400,185.1,36.7099,1.920478,1.965456,1.425897,406.5719,416.094,1.459292,83.6,140.5037,22884.37,0.9,79.7,43.7791983333333,-79.464275,989.2,6.551801,7.185827,10.5,31.11195,27.1,336.9,339.9,1.1,4.7
2018-08-09 16:08:36.400,185.2,36.71872,1.920183,1.964871,1.470531,406.6816,416.1463,1.504754,84.4,140.4416,22743.53,0.9,81.1,43.7792033333333,-79.4642416666667,989,6.549582,7.178563,10.5,31.11468,27.1,318,357.4,0.5,6.1
2018-08-09 16:08:37.400,185.1,36.7179563227905,1.92159523745446,1.96635554896677,1.34505102785871,405.996764130612,415.453594356401,1.37638097999506,84.1,140.521638984511,22762.6284629009,0.9,83.4,43.7792083333333,-79.4642066666667,989.1,6.54559704197473,7.18011568964695,10.9,31.1162704966008,27.1,90.6,9,1.1,8.9
2018-08-09 16:08:38.400,185,36.71962,1.92496,1.96974,1.414576,406.0577,415.5038,1.447483,81.9,140.4609,22734.09,0.9,78.7,43.7792133333333,-79.4641683333333,989.1,6.547875,7.174155,11.2,31.11883,27.1,132.9,24.6,3.4,12
2018-08-09 16:08:39.400,184.9,36.7195623835273,1.92269655947238,1.96706385210042,1.25975291521374,404.894922614285,414.238117006036,1.28882284647243,80,140.453447942193,22555.2712439483,0.9,77.5,43.7792183333333,-79.4641283333333,989.1,6.54762604523371,7.18613716824462,11.4,31.1208848258735,27.1,124.6,23,3.2,11.9
2018-08-09 16:08:40.400,184.6,36.7120806168852,1.92053313361049,1.96510648741605,1.44301712427247,404.975557950112,414.374537408059,1.47650761669332,79.1,140.516581885193,22682.2924803326,0.9,78.6,43.7792216666667,-79.4640883333333,989,6.55151371416693,7.18234800228654,11.2,31.1231970295811,27.1,132.3,29.1,3.2,11.8
2018-08-09 16:08:41.400,184.9,36.7070017454009,1.92372073802596,1.96834220100789,1.37798775213489,405.501058157496,414.906714036956,1.409950551803,78.4,140.456643969967,22669.3559230949,0.9,78.2,43.7792266666667,-79.46405,989.1,6.5467000030985,7.18394563424943,11.1,31.1277722010079,27.1,133.9,25.4,3.4,10.6
2018-08-09 16:08:42.400,185,36.7112645664422,1.92510755890785,1.96992638906265,1.44464891194531,405.502054291843,414.942544096169,1.47828123669742,79.4,140.523104962034,22751.1966474939,0.9,81.2,43.77923,-79.4640116666667,989,6.54642907010835,7.18112543041722,10.5,31.129462704439,27.1,130.3,29.6,3.6,11.8
2018-08-09 16:08:43.400,185,36.7160981371525,1.92385355204974,1.96854512332413,1.31589002287144,404.783632698672,414.186801834745,1.3464585495499,77.4,140.508829060352,22702.8535400275,0.9,78,43.7792383333333,-79.4639766666667,989.1,6.54413205952079,7.18472230679245,10,31.131433625272,27.1,140.3,40.5,3.7,10.3
2018-08-09 16:08:44.400,185.2,36.7177801447834,1.92295149462773,1.96770996166845,1.41834040684492,404.170008449582,413.577434526834,1.45135418677817,76,140.448844932581,22746.5992332682,0.9,75.4,43.779245,-79.4639416666667,989,6.55279612895557,7.17894980190947,9.6,31.1325921665771,27.1,153.3,44.9,3.9,10.5
2018-08-09 16:08:45.400,185.4,36.7156886246761,1.92664286465703,1.97178276561425,1.44159300915346,403.38530027341,412.836462347555,1.47536650335197,75.1,140.524163765403,22893.1675160509,0.9,73.8,43.77925,-79.46391,989,6.54349551139669,7.17830798128407,9,31.1351195869163,27.1,153.8,47.3,4.3,10.7
2018-08-09 16:08:46.400,185.4,36.7187065634309,1.92358661506723,1.96893715087601,1.12958236600725,401.824161256961,411.297705920335,1.15621555277533,75.9,140.480911701911,23033.2940552448,0.9,72.6,43.7792533333333,-79.4638816666667,989,6.54317280949476,7.18533696011174,9,31.1366795911269,27.1,139.1,40.2,3.8,10
2018-08-09 16:08:47.400,185.5,36.7307425662527,1.92031887727125,1.96586081880208,1.34698667217511,401.863030647508,411.393397076349,1.37893163728844,75.3,140.450366850458,23166.1980925918,0.9,72.2,43.7792583333333,-79.4638483333333,989,6.54810581476908,7.18403380782134,9.2,31.1395782162716,27.1,133,33.9,4,11.4
2018-08-09 16:08:48.400,185.7,36.7305093808523,1.92597645709612,1.97190618457787,1.39153561192921,400.834599636766,410.393406651328,1.42471926633319,74.6,140.520136259125,23291.7687780317,0.9,70.9,43.779265,-79.463815,989,6.54201395324747,7.1876639633113,9.8,31.141304689593,27,130.2,35,3.7,10.5
2018-08-09 16:08:49.400,185.8,36.7334025919474,1.92722624376643,1.97327045320725,1.16597454331211,401.040172728179,410.621755006889,1.19383327696835,70.8,140.473936912774,23334.1954509898,0.9,67.7,43.7792783333333,-79.4637816666667,989,6.54083275208644,7.18192369287475,9.8,31.1442643335755,27,131.3,34.3,2.2,9.9
2018-08-09 16:08:50.400,185.8,36.7395402626302,1.9234537443574,1.96973180917132,1.26675444485789,401.411246066797,411.069136091622,1.29723133065382,72.4,140.487319259545,23494.6856637334,0.9,68.6,43.7792833333333,-79.46375,989,6.55084946269038,7.17817565514381,9.4,31.1452313308186,27,141.8,42.5,4.3,12.3
2018-08-09 16:08:51.400,185.6,36.7404692603473,1.92330169789593,1.96949396072751,1.38745680793343,400.176012943923,409.787211719089,1.42078066281108,73.2,140.515192093667,23454.0945431162,0.9,72.6,43.7792866666667,-79.46372,988.9,6.54832414583518,7.18873151684961,9,31.1466362760304,27,139.9,46.4,5,12
2018-08-09 16:08:52.400,185.5,36.7463778670745,1.92533528539588,1.97172421922883,1.54552338296907,400.146821930825,409.788087076275,1.58276166895638,71.5,140.460776607833,23527.4022682168,0.9,68.2,43.7792933333333,-79.4636916666667,988.9,6.54550536382977,7.18602229484244,8.8,31.1490773085496,26.9,142.3,35.8,3.6,9.6
2018-08-09 16:08:53.400,185.3,36.7503650237501,1.92449105885714,1.97081323769795,1.38276786602746,400.943613975629,410.59428115968,1.41604999721922,72.7,140.52028117839,23504.0753798101,0.9,69.3,43.7792983333333,-79.463665,988.9,6.54218625250929,7.18168682926299,8.8,31.1509865631897,26.9,140.1,44.3,4.1,10.6
2018-08-09 16:08:54.400,185.3,36.7549094392539,1.92246023540895,1.96870112149606,1.57723060881555,400.656679774044,410.293898218752,1.61516943900249,72.1,140.483174325506,23488.4102186444,0.9,73.4,43.7793083333333,-79.463635,988.9,6.54748278892592,7.18493955616311,8.8,31.153080500794,26.9,143,46.2,3.9,10.7
2018-08-09 16:08:55.400,185.3,36.7615252971076,1.92546350008702,1.97166815699514,1.26894310594046,399.633844954195,409.223704493996,1.29939459711546,69.4,140.452596445863,23434.3115748171,0.9,70.4,43.7793166666667,-79.4636066666667,988.8,6.5456738389306,7.18601226174031,8.8,31.1551902997184,26.9,145,47.6,4.7,10.7
2018-08-09 16:08:56.400,185.4,36.7644235614197,1.92504297848663,1.9711354343741,1.16728925817334,399.430505125254,408.994327943739,1.19524041418029,67.2,140.518295654392,23383.7574111154,0.9,65.4,43.779325,-79.4635783333333,988.8,6.53743437087623,7.18907275691912,9,31.1574886652376,26.9,147.6,52.9,4.3,9.8
2018-08-09 16:08:57.400,185,36.7687965477298,1.92128739806805,1.96736737475048,1.64476967990073,399.476997630735,409.05798690042,1.68421684248863,68.9,140.460406438189,23422.2041170169,0.9,66.6,43.77933,-79.4635483333333,988.8,6.5508121161886,7.18730925877357,9.2,31.1593212422728,26.9,150.1,56.2,3.9,11.4
2018-08-09 16:08:58.400,185.2,36.780180182303,1.92260378986606,1.96877077371529,1.48947133268198,400.145503375784,409.754026596952,1.52523750139921,64.8,140.449320101878,23449.4114303786,0.9,63.5,43.7793433333333,-79.4635183333333,988.8,6.55259887526444,7.18730942702787,9.4,31.1616125827465,26.9,152.1,57.7,3.8,9.1
2018-08-09 16:08:59.400,185.5,36.7814777289399,1.92194582317717,1.96791772544682,1.5289321785864,399.948766673875,409.5152692055,1.56550625754581,59.2,140.515865002204,23360.6745957637,0.9,60.3,43.7793583333333,-79.4634883333333,988.9,6.55165191156779,7.18258955477841,9.4,31.1639254526402,26.9,160.2,64.2,4.2,8.6
2018-08-09 16:09:00.400,186.2,36.7793455580074,1.92319863178825,1.96942028652932,1.64856190673284,400.146054979058,409.763015197501,1.68818392951253,54.8,140.469924711184,23469.4507423819,0.9,53.5,43.779375,-79.4634633333333,988.8,6.54889671567732,7.1851110607838,9.4,31.1657214089005,26.9,166.2,74.5,4,8.4
2018-08-09 16:09:01.400,186.6,36.7736536147569,1.92380730259092,1.96997562078882,1.32521129991966,400.342020325754,409.949421851086,1.3570134971652,50.8,140.515904114927,23435.7230435916,0.9,51.6,43.7793883333333,-79.4634366666667,988.8,6.54323063674943,7.18262091379806,9.4,31.1680528556272,26.9,163.3,73.4,4.8,8.6
2018-08-09 16:09:02.400,187,36.7745420438517,1.92420513185865,1.97035233445555,1.51169332412282,400.041464519695,409.635331768461,1.5479464799367,45.7,140.506168345839,23420.410884267,0.9,49,43.779405,-79.4634133333333,988.7,6.54367726816462,7.18315294244056,9.6,31.170090257435,26.9,158.4,72.1,4.2,7.5
2018-08-09 16:09:03.400,187.4,36.7804636473925,1.92339160926423,1.96951073050262,1.48216372467043,399.635043595382,409.217348881343,1.51770189798059,39.2,140.467088813611,23416.1833039236,0.9,43.9,43.7794283333333,-79.4633933333333,988.8,6.54964191184813,7.1889706762251,9.6,31.1724398550496,27,156.5,61.4,2.8,5.3
2018-08-09 16:09:04.400,188,36.777184260512,1.92257594883655,1.96862628242531,1.56940216245428,400.301816201648,409.890060406232,1.60699378262565,34.6,140.517708347867,23392.1151094801,0.9,37.3,43.7794516666667,-79.4633766666667,988.8,6.54969178331464,7.1836783794854,9.6,31.1740942802409,27,168.7,80,3,5.1
2018-08-09 16:09:05.400,188.2,36.7753131456685,1.92183639418364,1.96779085486278,1.4254861362601,399.737778304813,409.296206339216,1.45957149010328,30,140.47888966221,23353.2846147763,0.9,35.3,43.7794783333333,-79.4633616666667,988.8,6.55395029807657,7.18141773038333,9.4,31.176328271123,27.1,171.8,84.5,3.3,4.1
2018-08-09 16:09:06.400,188.3,36.7778271191791,1.92342896061837,1.96936498496995,1.4490460840693,399.765986475662,409.31337217498,1.48365129396607,28.9,140.455166009856,23325.3402017413,0.9,33.2,43.7795,-79.463345,988.9,6.55088541968541,7.18484215078378,9,31.1784726113819,27.2,162.2,70.4,3,4.8
2018-08-09 16:09:07.400,188.7,36.7776190510549,1.92375461778825,1.96976009396723,1.2050203674713,399.873710909987,409.436548335572,1.23383627042601,36.4,140.509595567748,23355.910231433,0.9,39.9,43.77952,-79.4633283333333,988.8,6.55082151747821,7.1832832495404,9,31.1808425812735,27.2,160.9,63.2,2.6,3.4
2018-08-09 16:09:08.400,189.2,36.7833862324564,1.92361747185988,1.96951732119414,1.39002193461937,399.850344249628,409.391303292442,1.42319126696833,51.2,140.468501867571,23305.232939175,0.9,47.6,43.7795316666667,-79.463305,988.8,6.54692593389807,7.17955753677488,9.2,31.1828467754583,27.2,163.8,64.8,2.5,5.7
2018-08-09 16:09:09.400,189.1,36.7902018354412,1.92538089736456,1.97138864524405,1.48969873052699,400.259649830401,409.824079577249,1.52529949602522,66.7,140.501714074116,23337.7542190026,0.9,60.5,43.7795383333333,-79.46327,988.8,6.54384586114918,7.18352033909713,9.8,31.1851810035229,27.2,154.1,63.5,3.8,9.1
2018-08-09 16:09:10.400,189.1,36.7977812378977,1.92398279558355,1.96974469195245,1.30423590997061,400.149608076184,409.667422638751,1.33525456393479,75.2,140.509370125276,23232.8389700476,0.9,78,43.7795433333333,-79.4632333333333,988.8,6.54911094753659,7.18246945974625,10,31.1876841452441,27.2,154.6,54.3,3.6,9.6
2018-08-09 16:09:11.400,189.4,36.8079054684763,1.92588987276554,1.97154533556183,1.3950978442402,400.279627058382,409.768806832076,1.42816880019904,75.6,140.469010794662,23157.3596271138,0.9,81.3,43.7795466666667,-79.4632,988.7,6.5479089907851,7.18110611866309,9.8,31.1923542653552,27.1,176.9,55.6,3.3,6.5
2018-08-09 16:09:12.400,189.5,36.8116218630935,1.92418671227288,1.96983650755512,1.252010907666,400.276104726551,409.772310861223,1.28170992389316,78.5,140.512792088691,23174.4591009523,0.9,79.9,43.7795483333333,-79.463165,988.7,6.55038239175707,7.18553152399342,9.6,31.1930565353832,27,189.5,57.9,2.7,6.4
2018-08-09 16:09:13.400,189.9,36.811713960387,1.92282147521326,1.96826720128611,1.45210790475475,400.839832028534,410.313627078623,1.48642810608662,80.8,140.482860066594,23089.0887793993,0.9,80.6,43.7795466666667,-79.4631333333333,988.7,6.55393137309699,7.1828185246609,9.2,31.1948743564028,27,167.6,43.6,2.6,7
2018-08-09 16:09:14.400,189.6,36.8114871359515,1.92461594243762,1.9700656202007,1.40069738957241,400.300256820799,409.753261232042,1.43377464130049,77.4,140.469299745716,23070.0974007549,0.9,78.6,43.7795533333333,-79.4631016666667,988.7,6.54607058150962,7.18560876731106,9.4,31.1965640382071,27.1,166,47.5,3,7.6
2018-08-09 16:09:15.400,189.2,36.8090510727108,1.92609842449806,1.97159216929768,1.28147760735295,400.825159498073,410.292531916781,1.31174489479486,78.5,140.514288738682,23074.5606534138,0.9,77.5,43.7795583333333,-79.4630683333333,988.8,6.54234955143689,7.18069840979449,9.4,31.1979997976537,27.1,157.1,49.3,2.6,7.5
2018-08-09 16:09:16.400,188.6,36.811948711582,1.92680895229753,1.97220877585764,1.36217270972888,400.493992970442,409.930426675296,1.39426801886119,80.1,140.473789865694,23019.6558389964,0.9,80.5,43.7795616666667,-79.4630366666667,988.8,6.54300095104503,7.18330569179581,9.2,31.1999090896756,27.1,177.4,55.6,3.2,6.5
2018-08-09 16:09:17.400,188.4,36.819432686468,1.92607793493457,1.97140185547392,1.45606734593053,399.840205565623,409.249146111944,1.49032877769668,81.4,140.453308886985,22990.7930026246,0.9,82,43.7795666666667,-79.4630066666667,988.7,6.54457458309035,7.18889495795102,8.8,31.2020170584924,27.1,186.4,47.9,2.8,7.7
2018-08-09 16:09:18.400,189.1,36.823309238277,1.92541357408241,1.97060391326031,1.60635258567199,399.939432704581,409.326301370404,1.64405463084237,81.8,140.512772590544,22932.4136681458,0.9,78,43.7795683333333,-79.46297,988.7,6.54669483981739,7.19177648043355,8.8,31.2039471342322,27.1,141.7,37.9,3.6,10.3
2018-08-09 16:09:19.400,189.5,36.8332013674238,1.92497233252459,1.97018774777211,1.62831462473279,400.329624557463,409.732845319839,1.66656122550762,79,140.471421297995,22949.5526164322,0.9,78.1,43.779575,-79.4629416666667,988.7,6.54723882153721,7.18769506300647,9,31.2060768467315,27.1,155.2,52.3,3.9,10.8
2018-08-09 16:09:20.400,189.9,36.8360111524181,1.92494885628145,1.97019954153369,1.49541410158699,400.007741288199,409.410840792618,1.53056919074559,77.5,140.510285253774,22967.5152032959,0.9,81.1,43.7795833333333,-79.4629116666667,988.7,6.54408296029214,7.1798100642875,8.8,31.2081641759237,27,162.4,54.8,4.3,9.9
2018-08-09 16:09:21.400,190.1,36.8360845223794,1.92419861527309,1.96951923580705,1.58303144094448,399.005588172366,408.403383104637,1.62031697516083,79.1,140.50739883391,23011.0014957747,0.9,84.1,43.7795883333333,-79.4628816666667,988.6,6.54639518907541,7.18537780912781,8.8,31.2101651720656,27,154.2,46.2,3.4,9.3
2018-08-09 16:09:22.400,190.2,36.8359699369643,1.92539725427216,1.97071709193409,1.51817502736622,398.920280851855,408.310033628099,1.55390982221289,80.6,140.472588330155,22996.4797740514,0.9,82.7,43.7795933333333,-79.4628516666667,988.6,6.54631754047204,7.18398015855144,8.7,31.2123567391168,27,154.1,46.2,3.6,10.3
2018-08-09 16:09:23.400,190.3,36.8333810617121,1.92616858937703,1.9715767767317,1.48463430363096,398.35298196211,407.743894558794,1.5196329904716,78.9,140.511596527658,23031.3500546461,0.9,79.3,43.7795983333333,-79.4628216666667,988.6,6.54589246898178,7.18724838763618,8.7,31.2145934820708,27,162,60.1,4.6,9.7
2018-08-09 16:09:24.400,190.9,36.8329310847209,1.92443347923359,1.97001648879634,1.41868600339878,397.956297693507,407.382449538864,1.4522866093245,74.7,140.476432638525,23138.2949173193,0.9,74.6,43.779605,-79.4627966666667,988.7,6.54620717719362,7.18938220963076,8.3,31.2165681174408,26.9,159.1,48.1,3.5,8.1
2018-08-09 16:09:25.400,191.2,36.8345943906368,1.92476743594536,1.97054019922662,1.37485633418576,398.667989764783,408.148770467851,1.40755282711272,76.8,140.472563046351,23228.800234287,0.9,79.3,43.77961,-79.4627716666667,988.6,6.5455293694745,7.19108601020685,7.9,31.2186831952977,26.9,160.2,37.5,2.4,6.5
2018-08-09 16:09:26.400,191.6,36.8349957808164,1.92427233004865,1.97006839399942,1.60269138945668,398.766007681928,408.256375458968,1.6408358198797,76.2,140.512375186906,23246.0112576858,0.9,79.2,43.7796133333333,-79.462745,988.6,6.54964095333056,7.186889202343,7.9,31.220697724097,26.9,155.8,46.4,2,6
2018-08-09 16:09:27.400,191.8,36.8405051092536,1.92402026664424,1.96988950249714,1.69247698538604,398.773190717225,408.280035119501,1.73282204167194,76.8,140.481343370857,23284.9790638051,0.9,81.7,43.7796166666667,-79.4627166666667,988.6,6.54793396813758,7.18904016637755,7.9,31.2230134034528,26.9,175.7,53.4,2.4,6.2
2018-08-09 16:09:28.400,191.8,36.8425302117169,1.92158813359807,1.96742613544473,1.41389889320739,398.677151571646,408.18723005659,1.4476232166618,75.9,140.488393790238,23298.3365945675,0.9,78.7,43.7796216666667,-79.4626933333333,988.5,6.55304116821577,7.18889008537566,7.7,31.2250017791796,26.9,173.5,46.4,2,5.3
2018-08-09 16:09:29.400,192.2,36.842222742504,1.92403276157746,1.96978794681674,1.51007107188089,398.990185147655,408.478470048993,1.54598067098725,73.9,140.510743921297,23228.3228427422,0.9,73.5,43.7796283333333,-79.4626683333333,988.5,6.54779614941143,7.18591005925495,7.7,31.2276198963257,26.9,165.8,44.6,2.1,6
2018-08-09 16:09:30.400,192.6,36.8509518364861,1.92446033190647,1.97022522660037,1.43961376288838,399.527757616035,409.028660480602,1.47384789177715,74.1,140.479443554724,23227.9830169597,0.9,78,43.7796316666667,-79.4626433333333,988.6,6.54547619722253,7.18841434374806,7.4,31.2308217017519,27,153.5,40.3,2.1,6.1
2018-08-09 16:09:31.400,192.8,36.856288112042,1.92484791523839,1.9704979253331,1.45814185930072,399.701695136326,409.181168823396,1.49272403971204,73.1,140.508359024734,23166.8670763,0.9,80.5,43.77964,-79.4626183333333,988.5,6.54249486764197,7.18711417536397,7.5,31.2323296124804,27,153.8,44.9,2.1,6.6
2018-08-09 16:09:32.400,192.7,36.8585420964475,1.92362390971309,1.96915178733156,1.45977826868407,399.338802980062,408.790353271317,1.49432812109819,74,140.505677209574,23120.7874834664,0.9,76.4,43.7796433333333,-79.4625933333333,988.5,6.54665987700199,7.18578231079762,7.4,31.2346369569849,27,160.4,47.7,2.5,5.9
2018-08-09 16:09:33.400,192.5,36.8533763980254,1.92589745754712,1.971362212663,1.52417357570362,400.242419097724,409.691033109128,1.56015194828163,78.8,140.475068443588,23062.7708497703,0.9,79.6,43.779645,-79.4625716666667,988.5,6.54662313885223,7.18210310973813,7,31.2366181958978,27,166.3,37.9,1.9,5.2
2018-08-09 16:09:34.400,192.4,36.8533164415686,1.92443665073478,1.9697325646678,1.55456137141769,399.760790793173,409.170042433357,1.59115267914413,77.2,140.509289328121,22996.0116517162,0.9,79.2,43.77965,-79.462545,988.5,6.5470239758026,7.18213188693844,7.5,31.2385693516146,27,169.5,41.6,2,6
2018-08-09 16:09:35.400,192.7,36.8592418584013,1.92599822510921,1.97133232316885,1.31578960514669,399.83175101685,409.242871471943,1.34676102995713,78.7,140.474041118029,22996.3697228264,0.9,79,43.7796516666667,-79.4625166666667,988.5,6.54347646038934,7.18488317302067,7.7,31.2404141915005,27,148.1,32.4,1.8,6.6
2018-08-09 16:09:36.400,192.9,36.8657683826481,1.92494035237847,1.97028452925433,1.41791272857406,400.298421015006,409.727856137832,1.45131106258429,78.7,140.475283115223,23013.7410279213,0.9,79.5,43.7796566666667,-79.4624866666667,988.6,6.55022232622853,7.18626004267553,7.7,31.242512071572,27,157.3,48.5,2.8,8.1
2018-08-09 16:09:37.400,193.3,36.8704129189586,1.92400449954746,1.96925472949014,1.56994403437231,400.232080459069,409.645067686668,1.60686717826058,79.6,140.509878280999,22978.3777517472,0.9,79.7,43.7796583333333,-79.46246,988.5,6.54873338397274,7.18410602440291,7.7,31.2442237734689,27,151.3,38.6,2.6,7.7
2018-08-09 16:09:38.400,193.4,36.8771696327581,1.92423352316853,1.96947866109743,1.48604699283635,400.493511298211,409.910427608738,1.52099788591058,78.8,140.481101154782,22973.1709404791,0.9,80.9,43.7796583333333,-79.4624333333333,988.5,6.55148941850931,7.18247020850582,7.7,31.2462650473355,27,132.3,32.4,3.1,9.1
2018-08-09 16:09:39.400,193.7,36.8791295040525,1.92455121390781,1.9696944414862,1.18599167439739,399.870640301375,409.250097138018,1.21381169942928,77.3,140.496350417198,22918.6371472189,0.9,77,43.779665,-79.4624116666667,988.5,6.55354956719832,7.18419919733938,7.4,31.248412275784,27,139.3,32.9,2.6,8.7
2018-08-09 16:09:40.400,193.8,36.8760908999824,1.92572331269986,1.97096705525467,1.22869555661116,400.061151863495,409.460227907695,1.25756255829796,76.5,140.511135362449,22954.8685072138,0.9,73.8,43.77967,-79.46239,988.5,6.54739570678042,7.18701575482322,7.4,31.2504114356612,27,133.1,34.7,2.4,7.2
2018-08-09 16:09:41.400,193.9,36.8749751286915,1.92470689484999,1.96992844390333,1.15663055533503,400.136032393732,409.537294144183,1.18380605775829,83.5,140.479236342409,22955.8286193014,0.9,78.7,43.779675,-79.4623666666667,988.5,6.54626261396373,7.18834419009935,7.4,31.2527498158147,27,145,30.9,2.3,7.4
2018-08-09 16:09:42.400,193.9,36.8803094192997,1.92568855590091,1.97090328418806,1.26884564739974,399.640860688079,409.024229693303,1.2986334626893,86.5,140.494481986532,22940.8748675876,0.9,85.1,43.7796833333333,-79.4623416666667,988.5,6.54472744409909,7.18983373325143,7.7,31.2546669136881,27,133.7,28.2,2.3,9
2018-08-09 16:09:43.400,193.9,36.8871187127315,1.92524276429286,1.97039126873567,1.35371023373404,399.647941125845,409.019886519259,1.38545126273139,91.6,140.477626090268,22913.2635192003,0.9,87.2,43.779685,-79.4623116666667,988.4,6.54556175593355,7.18610533795061,8.3,31.2571279305498,27,132,23.5,2.7,8.7
2018-08-09 16:09:44.400,194.5,36.8902723943999,1.92628387699582,1.97153670953556,1.32947916986236,399.882214543681,409.276378765188,1.36070538430158,100.1,140.480477273089,22953.1252537009,0.9,98,43.7796816666667,-79.4622866666667,988.4,6.54622791404255,7.1861752336329,8.5,31.2593667788675,27,131.2,22.4,3.3,11.1
2018-08-09 16:09:45.400,194.3,36.8942267597377,1.92618358971107,1.97128691634474,1.48366565472597,399.743699451144,409.103997636803,1.51841108342783,109.2,140.506265848221,22879.9308979152,0.9,109.1,43.7796716666667,-79.46226,988.4,6.54685127198615,7.18467258868104,8.8,31.2611500684452,27,134.1,17.1,3.8,11.6
2018-08-09 16:09:46.400,194,36.8962273161847,1.92498146100929,1.96997206434468,1.39637007459985,399.475074918255,408.811517920104,1.42900658267434,115.5,140.489318763076,22838.0005252931,0.9,115.4,43.77966,-79.46223,988.4,6.54797435366218,7.1878994784242,9.2,31.2631795969233,27,123.1,8.6,4,12.8
2018-08-09 16:09:47.400,194.2,36.8974887913416,1.92402413107545,1.96896252318192,1.50013871833426,400.038642727553,409.382136641275,1.53517981043465,119.5,140.496556608842,22823.2981950746,0.9,120.8,43.7796516666667,-79.4622,988.4,6.55254971781551,7.18742129902091,9.4,31.2653860789353,26.9,125.2,6.6,3.4,11.5
2018-08-09 16:09:48.400,194.3,36.9019700107993,1.922272228182,1.96717867381565,1.3959556291805,399.871963222231,409.213350429904,1.42857100557006,120.6,140.506221747922,22827.6221447383,0.9,118.8,43.7796416666667,-79.4621683333333,988.4,6.55271435286548,7.19143719507644,9.2,31.2674640831867,26.8,139.1,8.8,3,11
2018-08-09 16:09:49.400,194.8,36.90988394702,1.92399747605618,1.96900251759533,1.46112370023548,400.105328282154,409.464430935155,1.49530605100609,125.8,140.481488459123,22856.8186518551,0.9,124.7,43.7796266666667,-79.4621433333333,988.4,6.54952615447563,7.18776643894124,9.4,31.2696671725852,26.8,133.8,3.1,3.3,10.9
2018-08-09 16:09:50.400,195.4,36.9131530273795,1.92402113185341,1.96875171952922,1.30129141287714,399.911130197486,409.208619925056,1.33155068629987,131,140.493495307081,22720.4297282527,0.9,131.4,43.7796066666667,-79.4621233333333,988.3,6.54645167078216,7.18491173615668,9.8,31.2717486814659,26.8,127.7,4.4,3.6,13.1
2018-08-09 16:09:51.400,195.3,36.9135459624207,1.9240894798157,1.96879285759098,1.24148387788073,399.522476110907,408.804874672311,1.27033647986513,130.6,140.503722386152,22706.0654056829,0.9,127,43.7795866666667,-79.4620933333333,988.3,6.54955643953901,7.18715277210247,10.1,31.2738139926232,26.8,137.4,6.4,3.7,12.4
2018-08-09 16:09:52.400,194.9,36.9109356878042,1.92430917132789,1.96922992753386,1.37733466223999,400.055903154458,409.394714907847,1.4094857537303,131.5,140.479223327917,22811.2514780551,0.9,124.9,43.77957,-79.4620616666667,988.4,6.54817964317028,7.18503253845554,10.5,31.2762419615178,26.8,151.6,12.1,3.6,12.3
2018-08-09 16:09:53.400,195.1,36.9081512331809,1.92436060544861,1.96922620716109,1.33180927790154,400.369068415296,409.703454911466,1.36285870516714,132.8,140.498914179918,22783.3781741584,0.9,130,43.77955,-79.462035,988.3,6.54601521398848,7.18694726144766,10.7,31.2788156906478,26.8,143.4,5.6,4,13.3
2018-08-09 16:09:54.400,195,36.911580126304,1.92503040096985,1.9698188045447,1.35808903694426,402.107722461839,411.463439834268,1.38968766037816,130.4,140.477783847758,22737.4375208368,0.9,124.9,43.779535,-79.4620033333333,988.3,6.54600770610654,7.18761798911757,11.1,31.2810633043135,26.8,148.2,8.9,3.8,12.8
2018-08-09 16:09:55.400,194.5,36.9132902974049,1.92414423050491,1.96904460838743,1.40790978868438,404.218698469609,413.651305923199,1.44076170094027,133.6,140.473609516315,22803.2705227878,0.9,131.6,43.779515,-79.4619716666667,988.3,6.54599055536996,7.18947043714667,11.4,31.2821945297244,26.7,135.6,0.9,3,12.3
2018-08-09 16:09:56.400,193.5,36.9134878680686,1.92321545384482,1.96800198037543,1.46032746930477,405.384271177176,414.824625161924,1.49433470661665,135,140.502562762314,22757.4305326744,0.9,137.3,43.7794916666667,-79.4619416666667,988.3,6.54607444328966,7.19003784188783,11.6,31.2844804823749,26.7,133.9,0.4,3.1,11.9
2018-08-09 16:09:57.400,192.4,36.9157718135228,1.92511786918625,1.96999282314246,1.44735098889779,405.958545668252,415.421449823157,1.48108869188785,135.6,140.482723189082,22779.0999931525,0.9,133.6,43.7794666666667,-79.46191,988.3,6.54677781440071,7.18627663055332,12,31.2866062548308,26.7,138.5,3.8,2.7,11.2
2018-08-09 16:09:58.400,191.5,36.9192423338369,1.92442337988067,1.96935941165053,1.44596097981797,405.357874726561,414.823052273503,1.47972462178326,135.8,140.498403619642,22817.3666866806,0.9,132.1,43.77944,-79.4618816666667,988.2,6.54834237052071,7.18639213593255,12.4,31.2892101756282,26.7,117.4,350.8,1.7,10.3
2018-08-09 16:09:59.400,191.3,36.9256509558455,1.9237702899874,1.96882516125733,1.34461542797245,405.080420593478,414.567472515869,1.37609759201186,132.1,140.500199046533,22884.1870437718,0.9,127.3,43.7794166666667,-79.4618466666667,988.4,6.54427728820395,7.18796414456566,12.5,31.2911948538887,26.7,124,5.5,2.8,12.5
2018-08-09 16:10:00.400,191.1,36.9304217046512,1.92425352181587,1.96942318393572,1.21358834152053,404.931236363974,414.43654946236,1.24207448224545,122.7,140.481018715566,22935.5964356825,0.9,115.2,43.7794016666667,-79.4618033333333,988.3,6.54818521833598,7.18794445929281,12.9,31.2930261636855,26.7,156.8,10.3,3.1,12.5
2018-08-09 16:10:01.400,190.7,36.9311056356253,1.92498048870841,1.97002314033783,1.32448330355923,405.094942947622,414.573785380654,1.35547355833487,111.4,140.489518492407,22864.1868769833,0.9,102.7,43.7793933333333,-79.4617583333333,988.3,6.54607087950861,7.18890560292784,13.3,31.2951789487801,26.7,148.4,12.9,2.5,11.3
2018-08-09 16:10:02.400,190.5,36.9301660938256,1.92628824558326,1.97136576372913,1.25917575448726,406.373867447918,415.883599638224,1.28863274861722,101.4,140.471415005073,22866.1575524181,0.9,93.8,43.77939,-79.46171,988.3,6.54603669114565,7.18998203430501,13.5,31.2969977320272,26.7,153.1,19.3,2.7,12
2018-08-09 16:10:03.400,190.3,36.9236503357443,1.92617401388094,1.97143388643418,1.29114074849484,407.600987297095,417.178497775229,1.32148011252613,92.1,140.482111496228,22957.8216580731,0.9,82.4,43.779395,-79.4616616666667,988.3,6.54719214544543,7.18320251748545,14,31.2992588194643,26.7,141.5,13.7,1.9,9.1
2018-08-09 16:10:04.400,189.9,36.9165278890454,1.9248406622342,1.97002306580598,1.50081742766193,407.992253190021,417.569208355993,1.53604803915057,86.2,140.504991084313,22934.9606801444,0.9,79.7,43.7793983333333,-79.4616133333333,988.2,6.5485563839172,7.18181263086804,14.4,31.3012837908052,26.7,150.5,21.4,1.5,9.2
2018-08-09 16:10:05.400,189.3,36.913395107173,1.92436778508853,1.9694212733236,1.41061191646413,407.430705496331,416.969536626561,1.44363808313853,81.4,140.481579608856,22876.4148832318,0.9,76.2,43.7794066666667,-79.4615666666667,988.3,6.55270637647753,7.18270535857985,14.2,31.3035593704978,26.8,175.1,19.9,1.6,8.5
2018-08-09 16:10:06.400,188.4,36.9107037841863,1.921760544165,1.96664388134866,1.36410113788376,406.464350153152,415.957388716952,1.39595949969785,77.8,140.494035748246,22822.061305014,0.9,73.4,43.7794166666667,-79.4615166666667,988.3,6.55409084699478,7.18333912362033,14,31.3053954994049,26.8,178,23.3,1.5,7.7
2018-08-09 16:10:07.400,187.7,36.9091662182371,1.92325763318837,1.96806917519141,1.26058566814514,405.658871758168,415.11060313831,1.28995850699941,76.6,140.505693014388,22769.3006237897,0.9,77.2,43.7794316666667,-79.4614683333333,988.4,6.5491606950609,7.1846272650809,14.2,31.3075469038399,26.8,155,26.9,1.7,9
2018-08-09 16:10:08.400,187.8,36.911906394296,1.92428743823925,1.96920044491609,1.11589912484467,404.94394060122,414.395437455855,1.1419459970089,78.6,140.48115397997,22807.9957184547,0.9,80.4,43.7794416666667,-79.4614166666667,988.3,6.54749450957265,7.19009919635341,14.2,31.3098955851297,26.8,159.4,20.4,1.8,8.7
2018-08-09 16:10:09.400,188.6,36.9170820042509,1.92293323020216,1.96781815370113,1.10797342181471,404.06701957435,413.498737513327,1.13383901136131,80.3,140.498303994521,22809.4347699811,0.9,81.7,43.7794483333333,-79.461365,988.2,6.54589145911211,7.19154213562445,14.4,31.3122269273191,26.8,171.9,32.7,1.7,8.4
2018-08-09 16:10:10.400,189.7,36.9195902578966,1.92201901747259,1.96664317044633,1.26968203842464,403.84447584855,413.220609072669,1.29915395702809,79.7,140.498786827934,22690.4055586139,0.9,79.8,43.7794533333333,-79.4613116666667,988.2,6.5493641351717,7.18787802763625,14.6,31.3142723210694,26.8,195.7,38.6,3,7.3
2018-08-09 16:10:11.400,190.2,36.9182657038406,1.9211055908951,1.96561856364004,1.46636296693543,403.931004130109,413.290199634419,1.50034065335314,77.3,140.484194802009,22645.7062067077,0.9,77.8,43.7794616666667,-79.46126,988.4,6.55434396709775,7.18405332620452,14.6,31.3163311997806,26.9,214.4,48.5,2.8,5.1
2018-08-09 16:10:12.400,190.3,36.9162570201505,1.92049490204544,1.96500415761233,1.44395060969922,403.254725961477,412.600508914864,1.47741776954119,75.6,140.499825503764,22650.9968515264,0.9,76.4,43.7794716666667,-79.46121,988.4,6.55209157472158,7.18804738924539,14.6,31.3185112831268,26.9,222.4,54.9,3.2,4.4
2018-08-09 16:10:13.400,190.4,36.9159587593475,1.92151598628764,1.9659624087329,1.51386535365178,402.577202146947,411.889216581629,1.54888417389987,74.1,140.480634222778,22607.9958300767,0.9,76.7,43.7794833333333,-79.4611616666667,988.3,6.55363723708878,7.19403799768003,14.6,31.320857722069,26.9,226.4,47,3.2,3.6
2018-08-09 16:10:14.400,190.8,36.9154854036237,1.92287482143213,1.96715804146664,1.34097151625608,402.509837501247,411.779473986145,1.37185512930063,73.5,140.487289432277,22511.1814971495,0.9,72.2,43.779495,-79.4611166666667,988.3,6.54797545219932,7.19055500980093,14,31.3228606690253,26.9,233.5,38.9,2.9,3
2018-08-09 16:10:15.400,191.6,36.9185166286541,1.92245350840709,1.966598988239,1.24305467561677,402.135160334595,411.369409990274,1.27159346646647,73.3,140.500717109389,22447.5485734978,0.9,75.3,43.7795083333333,-79.46107,988.4,6.54868837872108,7.1904875124308,14,31.3247601681419,26.9,234.5,31.8,2.8,2.8
2018-08-09 16:10:16.400,192.1,36.9259355872941,1.921436385468,1.96558463991533,1.37273889797298,401.872748768634,411.106426939776,1.4042830484616,73.9,140.486996169667,22460.5171778715,0.9,77.6,43.77952,-79.4610233333333,988.5,6.55238288254117,7.19064702567339,14,31.326963509879,26.9,236,28.3,2.7,3.7
2018-08-09 16:10:17.400,192.6,36.9279709848292,1.92035098827129,1.96455677608247,1.36069867854489,401.763460496154,411.011971399682,1.39202377472728,74.9,140.502960257406,22501.7926512454,0.9,77,43.7795283333333,-79.460975,988.4,6.55166658851004,7.18901391203466,14.4,31.3290436928051,27,225.6,25.4,2.1,4.8
2018-08-09 16:10:18.400,192.9,36.9257709135264,1.92119685081352,1.96536859540391,1.3073955858063,402.008064371297,411.251049232401,1.33745487253223,74.6,140.498722558837,22475.2915201613,0.9,73.6,43.7795383333333,-79.4609233333333,988.5,6.55363563112521,7.18748496585403,14.8,31.3311842355798,27,231.3,21,2.2,3.2
2018-08-09 16:10:19.400,193.1,36.9297947390667,1.922729996772,1.96695748912663,1.41114915743635,401.982264611128,411.228860332553,1.44360849330175,73.3,140.483112537696,22485.3513169142,0.9,71.7,43.7795516666667,-79.4608683333333,988.4,6.5496683010219,7.18647614641597,15.1,31.33329963281,27,247.5,7.6,2.9,2.6
2018-08-09 16:10:20.400,192.5,36.9398214828741,1.92412730703424,1.96837022767303,1.38384638817327,401.621444983557,410.856139163735,1.41566591646663,71,140.486246561015,22476.787407534,0.9,73.6,43.7795683333333,-79.4608116666667,988.5,6.54218467692261,7.18691646526831,16.1,31.3354340743635,27,255.8,352.3,2.9,2.8
2018-08-09 16:10:21.400,191.6,36.947343425211,1.92358493462096,1.96776071440288,1.31903984317182,401.345642846127,410.562628035487,1.34932995591136,71.6,140.477416931903,22449.6630862587,0.9,73.5,43.7795816666667,-79.4607533333333,988.4,6.54209684374554,7.19081675814986,16.6,31.3375637928465,27,256.1,352.7,2.9,3.1
2018-08-09 16:10:22.400,190.5,36.9510388370931,1.92162722392284,1.96573955197702,1.22154234385883,401.231959468626,410.442490089101,1.24958089301198,73.2,140.482011952072,22440.4571097694,0.9,74.1,43.7795933333333,-79.46069,988.5,6.544310050607,7.19299382413107,17.4,31.3396986024486,27,253.7,355.9,2.9,3.3
2018-08-09 16:10:23.400,189.7,36.9597977849684,1.92262669824086,1.96671418411615,1.16509208679131,401.618876920713,410.828300525374,1.19180411603034,72.7,140.496874004416,22416.6821244241,0.9,72.5,43.7796066666667,-79.46063,988.5,6.54513150757636,7.18720621259454,18.1,31.3417721289879,27,242.2,11.7,2.8,4.3
2018-08-09 16:10:24.400,189.5,36.9704377033841,1.92322597226502,1.96725162935802,1.31635980569724,401.811757649829,411.009900775303,1.34649386379179,72.7,140.491004968896,22379.4230206345,0.9,71.7,43.77962,-79.460565,988.6,6.54869841180463,7.18705134759562,18.3,31.3439973386438,27,243.7,10.9,2.8,5.2
2018-08-09 16:10:25.400,188.9,36.9739447936019,1.92144543024956,1.96544311271717,1.29272970638131,402.136697700652,411.344992348046,1.32233108752024,72,140.501987128753,22385.8150351978,0.9,72.9,43.7796333333333,-79.4605016666667,988.5,6.55479974769843,7.19052927637765,18.3,31.3462155987836,27,230,20.8,2.3,5.9
2018-08-09 16:10:26.400,189.1,36.9754953967294,1.922155250104,1.96620118541008,1.19143948797389,403.011701334421,412.246701995197,1.21874052049093,72.5,140.496912594031,22401.5277426309,0.9,73.5,43.77965,-79.4604366666667,988.5,6.5531117212195,7.18586239176961,18.5,31.3481580390719,27,226.4,17.5,2.5,5.7
2018-08-09 16:10:27.400,189.5,36.9791789560288,1.92324670489677,1.96732580669557,1.3753306847561,403.824941355691,413.080244776743,1.40685070704001,71.6,140.473738837443,22405.5620026663,0.9,71.9,43.7796683333333,-79.4603783333333,988.6,6.54951213174552,7.18460613197775,18.5,31.3504401965353,27,228.9,11.8,2.4,6
2018-08-09 16:10:28.400,189.7,36.9795507069166,1.92160300181291,1.96555675835617,1.59149203156969,404.57545454469,413.829441730117,1.62789428745828,70.9,140.500203168392,22361.948378824,0.9,71.8,43.7796833333333,-79.4603166666667,988.5,6.55293873306105,7.18557047078366,18.5,31.3524763451273,27,244.7,7.4,2.5,5.2
2018-08-09 16:10:29.400,189.7,36.9811147269399,1.92190445232747,1.96587167221325,1.67449146967177,404.577459512235,413.832810998707,1.71280064650915,69.9,140.500682900175,22365.1047259249,0.9,73.5,43.7797,-79.4602566666667,988.6,6.55055556979436,7.18356057046903,18.7,31.3546531832234,27,239.6,8.3,2.3,5.9
2018-08-09 16:10:30.400,189.2,36.9858040336935,1.92265501429566,1.96667264243074,1.77423252034754,403.697000628036,412.93928328882,1.81485200150978,71,140.47568154609,22381.7330558097,0.9,74.3,43.779715,-79.4601916666667,988.6,6.54924211148641,7.18395674894132,19.4,31.3567394620171,27,222.7,21.3,2.4,6.4
2018-08-09 16:10:31.400,188.8,36.9870825367172,1.92132989014615,1.96519923217511,1.56217818203348,403.49201285075,412.704782067861,1.59785740976969,72.7,140.490695768674,22322.9197604789,0.9,72.8,43.7797316666667,-79.4601233333333,988.6,6.55375387548751,7.18452874304144,19.6,31.3589707476599,27,226.2,19.1,2.6,7.4
2018-08-09 16:10:32.400,188.3,36.9873839568095,1.92177253019575,1.96575806623206,1.43728186130609,403.40288981757,412.635884156482,1.47018432496755,70.2,140.483691596255,22375.6665358752,0.9,73.8,43.7797483333333,-79.46006,988.6,6.55184255939858,7.18539508111716,19.6,31.3610739801532,27,199.1,18.7,1.6,9.3
2018-08-09 16:10:33.400,187.7,36.986301781443,1.92412757484563,1.96832680719486,1.33700583113283,403.666521742362,412.9391413269,1.36771797303805,68.7,140.485813486086,22455.2001529645,0.9,73.5,43.7797683333333,-79.4599983333333,988.7,6.54475182322215,7.18643044589571,19.8,31.3628764568172,27,179.6,25.1,1.9,10.2
2018-08-09 16:10:34.400,187.3,36.9859226668334,1.92269507432863,1.96689892660504,1.24751038372505,403.86789070468,413.152996038347,1.27619236248305,69.1,140.4989419995,22473.8571569222,0.9,76.9,43.7797866666667,-79.4599316666667,988.8,6.54503100970569,7.1897128201083,20.1,31.3650142809035,27,186.1,26.1,2.5,8.9
2018-08-09 16:10:35.400,186.6,36.988518704268,1.91970838039799,1.96380323185742,1.40395769165291,403.564159651163,412.83381661588,1.43620300395253,70,140.493418602559,22453.8284921087,0.9,75.7,43.779805,-79.459855,988.7,6.5510849064619,7.18876115601315,20.5,31.367146557127,26.9,195.2,24.3,2.3,9.6
2018-08-09 16:10:36.400,185.6,36.9871297223249,1.92067588356294,1.96472457391311,1.37705961909409,403.078403581802,412.32261679866,1.40864231481126,71,140.504283245115,22419.9338512357,0.9,76.6,43.7798183333333,-79.459785,988.8,6.55201777256678,7.18756598796401,20.1,31.369057438555,26.9,200.1,17.7,1.9,9.3
2018-08-09 16:10:37.400,184.4,36.9858488672497,1.92144444822466,1.96565514453274,1.31375714056903,402.444102267242,411.704045264064,1.34398727537742,72.9,140.50420357269,22491.774832986,0.9,78.8,43.7798316666667,-79.4597183333333,988.9,6.55299432403301,7.18604735602349,19.2,31.3711361875995,26.9,209.3,20.3,1.4,8.8
2018-08-09 16:10:38.400,183,36.9924227528833,1.92248168240212,1.96680719426422,1.28745156040604,401.281202510705,410.533281472325,1.31713606309649,73,140.467911011765,22536.8069136644,0.9,78.9,43.7798433333333,-79.4596516666667,988.9,6.54823134828159,7.18727303960173,18.7,31.3735003692864,26.9,184.4,16.9,2.3,9.2
2018-08-09 16:10:39.400,182.6,36.9972146261462,1.92123460468835,1.96571440202271,1.2706479342105,400.693157075341,409.96983213915,1.30006691634496,72.6,140.468877266284,22627.7688212579,0.9,77.5,43.7798566666667,-79.4595866666667,988.9,6.55033602845312,7.18775779402577,18.5,31.375708994234,26.9,204,10.5,1.4,7.8
2018-08-09 16:10:40.400,183.2,36.9973067431358,1.92069863614035,1.96525464749672,1.44855145846181,400.646981218599,409.941094755033,1.48215176773168,72.6,140.491737042785,22671.8239295659,0.9,75.7,43.7798683333333,-79.4595183333333,989,6.55370463390429,7.18719975038801,18.1,31.3778184215095,26.9,217.5,10.5,2,7
2018-08-09 16:10:41.400,183.4,36.9998718794383,1.92020947307438,1.96484975442106,1.35286065552932,400.625454597189,409.93903459077,1.38430163949822,71.2,140.462594783173,22719.5376981031,0.9,76.8,43.7798833333333,-79.4594583333333,989,6.55023987985626,7.18842496682949,17.4,31.3798322138675,26.9,221.9,14,1.6,7.1
2018-08-09 16:10:42.400,183.2,36.9977480858961,1.91949345961834,1.96416489331871,1.11558892389033,400.272131220592,409.587451859328,1.14155255009785,72.6,140.48593050669,22743.2965511151,0.9,78.3,43.7798966666667,-79.4593983333333,989,6.5501989241588,7.1907962093032,16.6,31.382201625064,26.9,218.8,17.8,1.6,6.9
2018-08-09 16:10:43.400,183.8,36.9970530190584,1.91974549506225,1.96446673460786,1.36109730282917,399.806707674791,409.12035398681,1.3928125638479,72.6,140.49546623523,22765.0368449816,0.9,78,43.77991,-79.4593433333333,989,6.55029864636145,7.19549912252385,16.1,31.3842612319658,26.9,201.1,13.7,1.2,8.6
2018-08-09 16:10:44.400,183.3,37.0012374816425,1.9196344509565,1.96430047145633,1.39368945726473,400.818454443219,410.144567034608,1.42612361254262,72.5,140.47171112757,22738.6656378524,0.9,77.5,43.7799216666667,-79.45929,989,6.54990350219015,7.19079561067841,15.9,31.3864356954333,26.9,132.1,8.3,1,10
2018-08-09 16:10:45.400,182.6,37.0041372865928,1.92008096142218,1.96466093885037,1.21411399007169,401.124564131716,410.437662838982,1.24230364212504,73,140.491973406269,22690.6600239538,0.9,74.1,43.77993,-79.459235,989,6.55002609993167,7.18791473002587,15.9,31.3884093016407,26.9,128.8,9.1,1.1,9.7
2018-08-09 16:10:46.400,181.8,37.0095418211892,1.91963106652787,1.96408921438967,1.41111900950093,401.026120012988,410.313778826137,1.44379250004472,72.7,140.471585556468,22635.4333275014,0.9,76.5,43.7799383333333,-79.4591816666667,989,6.55199221582215,7.18666527495081,15.1,31.3904291501805,26.9,108.4,4.1,0.7,9.9
2018-08-09 16:10:47.400,181,37.0113693535884,1.9203640864232,1.96486013875374,1.40288596866875,401.361208658908,410.661031740297,1.43538741711506,74.4,140.465359696174,22645.9472390247,0.9,80.4,43.7799466666667,-79.45913,989.1,6.55048474402576,7.18886285001383,14.6,31.3926912310627,26.8,143.6,7.9,0.8,8.6
2018-08-09 16:10:48.400,180.3,37.0080545954217,1.92121431431797,1.96567001621825,1.30503016060231,400.742966117254,410.015902936318,1.3352274042649,76.8,140.491665324554,22615.9121880195,0.9,80.8,43.7799516666667,-79.459075,989.1,6.55151119000323,7.18914424084032,14.4,31.3946387360301,26.8,134.8,7.1,0.6,8.8
2018-08-09 16:10:49.400,179.8,37.0110249285817,1.91927044999565,1.96368567142429,1.38667214124165,399.816080713328,409.068539106199,1.41876456624571,80.9,140.470217857074,22618.332589372,0.9,84.9,43.77995,-79.4590166666667,989.1,6.55088703570876,7.18774280357142,15,31.3969038928606,26.8,145.9,4.5,0.8,8.2
2018-08-09 16:10:50.400,179.3,37.0127778357193,1.91829153433258,1.96302916756344,1.17402977462958,399.004934815335,408.310412715351,1.20138469637213,83.4,140.471090813158,22790.3072388312,0.9,87.2,43.7799466666667,-79.458955,989.2,6.55143982375749,7.18612271889403,15.5,31.3989621642807,26.8,101.2,4,0.4,9.4
2018-08-09 16:10:51.400,178.8,37.0131290714979,1.91953062792528,1.9644343148212,1.37447949702404,398.380906702039,407.700363560566,1.40662670430813,82.4,140.496897874914,22858.5207793201,0.9,83,43.77995,-79.4588966666667,989.2,6.54957622907899,7.18846192684994,15.7,31.4010504852989,26.8,130.6,2.6,0.7,9.5
2018-08-09 16:10:52.400,177.6,37.0183301757486,1.91879672384895,1.96369881960315,1.29202659935852,398.210195344039,407.52880758427,1.32225685549794,84.5,140.465399443171,22866.0803340976,0.9,80.2,43.7799516666667,-79.45884,989.3,6.55117564718633,7.19227499445674,15.7,31.4031579795169,26.8,88.4,359.8,0.3,9.2
2018-08-09 16:10:53.400,176.4,37.0228639904808,1.91837249338743,1.96317426747045,1.21505794061379,398.11106768119,407.408546705181,1.24343058283966,89.4,140.491251662641,22820.9816290214,0.9,90,43.77995,-79.4587833333333,989.4,6.55154872804946,7.18746991097929,15.5,31.4051593105722,26.8,4.7,353.4,0.5,8.6
2018-08-09 16:10:54.400,176.6,37.0286649965497,1.91732476226731,1.96216822436659,1.46539168749117,397.972794214759,407.280844058746,1.49967197302538,92.7,140.502902280944,22854.1192370344,0.9,95.8,43.7799483333333,-79.4587216666667,989.4,6.55306191293257,7.19260318789087,16.6,31.4075282931549,26.8,350.6,351.8,0.9,9.7
2018-08-09 16:10:55.400,176.1,37.0355150284835,1.91695163718395,1.96200942822064,1.27413050033499,398.37839882928,407.742307552744,1.304066484601,92.8,140.456422619607,22965.177780304,0.9,90,43.7799433333333,-79.4586533333333,989.4,6.55465309987009,7.19384594734497,18.1,31.4095326979912,26.8,55.3,350,1.3,11.7
2018-08-09 16:10:56.400,175.7,37.0364022360647,1.91742834233681,1.96268829447099,1.22884461074671,398.254969648329,407.655492190879,1.25785440351143,91.6,140.489945486272,23060.0658552944,0.9,84.3,43.7799466666667,-79.45858,989.4,6.55025649153951,7.19180828243581,19.2,31.4115484581271,26.8,42.6,352.3,1.3,11.6
2018-08-09 16:10:57.400,175.6,37.0404096325985,1.9165903816998,1.96193806974447,1.43873000343424,399.017094950586,408.458152360096,1.47277357564129,92.4,140.469540348991,23113.8936611146,0.9,85.2,43.7799433333333,-79.4585066666667,989.5,6.55166860022578,7.18805711957345,19.8,31.413925498122,26.7,71.7,358.5,1.4,14
2018-08-09 16:10:58.400,175.2,37.0459274028659,1.91854063421718,1.96400532275024,1.32476028020506,400.247122567669,409.732141965345,1.35615285852264,93.8,140.472152439762,23149.3680709002,0.9,87.4,43.779935,-79.458435,989.6,6.54959499181243,7.18779570439126,20.1,31.4159988035983,26.7,71.2,0.1,1.9,14.8
2018-08-09 16:10:59.400,175,37.0520686579891,1.91898464063031,1.96446549197519,1.41656967561341,401.300473922509,410.811611847275,1.45014307959008,96.1,140.505615685529,23152.1078108527,0.9,90.4,43.7799283333333,-79.4583566666667,989.6,6.54753171672882,7.18593737056828,21.1,31.4179390402352,26.7,108.2,6.5,2,14.8
2018-08-09 16:11:00.400,174.4,37.0639962051832,1.92056146790451,1.96622374797953,1.46903719908621,402.820286633243,412.397560247906,1.50396357564205,103.4,140.456899766411,23223.3103709119,0.9,98.3,43.7799116666667,-79.45828,989.7,6.546241775185,7.18627888041943,21.2,31.4198362300767,26.6,107.8,1,1.7,15.6
2018-08-09 16:11:01.400,174.3,37.0670972816281,1.92023348755027,1.96575003655333,1.45990846127507,404.987819597904,414.587436386416,1.49451385986276,112.1,140.495087721348,23154.7401810916,0.9,117.9,43.7798866666667,-79.4582083333333,989.7,6.54769459248782,7.1864273616662,21.4,31.4218249634467,26.6,115.2,4.8,3,17.8
2018-08-09 16:11:02.400,174.7,37.0708368844286,1.91924355558201,1.96472227613609,1.61016627293257,405.956841280033,415.576447273448,1.64832320614064,118.7,140.496295036118,23147.5506067448,0.9,128.6,43.779855,-79.458135,989.9,6.55324125800454,7.18809765657843,22,31.4241663880404,26.5,143.2,9.9,2.8,16.3
2018-08-09 16:11:03.400,174.4,37.0790205395602,1.9209335184473,1.96663617058251,1.34749599060171,406.930516136756,416.612222072141,1.37954434852724,122.7,140.45385259485,23239.1003476905,0.9,129.6,43.7798183333333,-79.4580716666667,989.8,6.55060380288454,7.19424780814931,22.5,31.4264421751567,26.5,159.2,2.2,3,16.1
2018-08-09 16:11:04.400,174.8,37.0777752579296,1.91959787229592,1.96512539119034,1.37620003887388,406.784411416799,416.432250742975,1.40883327419882,127.1,140.495287375494,23167.7692414282,0.9,137,43.7797816666667,-79.45801,989.9,6.55081473310044,7.19046531898074,22.2,31.4289881618906,26.5,115.3,355.9,3,17.9
2018-08-09 16:11:05.400,175.1,37.0763927371403,1.91946854781724,1.96519689281929,1.24840624826781,406.117012655416,415.792118718249,1.27813686425957,128.7,140.472620017731,23269.1610302904,0.9,137.6,43.7797433333333,-79.4579466666667,989.9,6.5503338289693,7.18801271112889,21.8,31.4308968325801,26.4,108.6,357.1,2.7,16.7
2018-08-09 16:11:06.400,175.6,37.0757530719771,1.91914261111213,1.96480903291047,1.3730411610567,405.142578914882,414.783132376933,1.40570757894694,129.5,140.483715585612,23242.4432623179,0.9,133.6,43.77971,-79.4578883333333,990,6.54850002894316,7.19240191659061,21.2,31.4321319287069,26.3,119.7,355.1,1.9,14.8
2018-08-09 16:11:07.400,175.9,37.0772367450162,1.91893841282171,1.96449617435658,1.4462149110248,404.639175649057,414.245734891454,1.48054932025269,133.1,140.505025808609,23190.5904468899,0.9,138,43.779675,-79.457835,990,6.54792364050539,7.19144945722061,20.5,31.4350071014972,26.3,99.2,353.6,1.5,13.5
2018-08-09 16:11:08.400,175.7,37.0865958726285,1.91942786377334,1.96494444862881,1.32357742830857,403.843289956394,413.419726841295,1.35496491170108,137.7,140.462689269541,23164.076778337,0.9,146.9,43.779635,-79.4577916666667,989.9,6.5497134771637,7.19000652739853,20,31.437008801367,26.3,97.4,356.6,1,12.2
2018-08-09 16:11:09.400,175.5,37.0938844748869,1.91676770331396,1.962232554088,1.24804900593062,403.298592726327,412.864564369295,1.2776517228333,143.2,140.50232085947,23169.7586489883,0.9,150,43.7795916666667,-79.4577583333333,989.9,6.55198004373033,7.19053361150165,19.2,31.4390420884697,26.3,111.8,358.9,0.6,11.7
2018-08-09 16:11:10.400,175.7,37.0992615577734,1.9157346269788,1.96131690288573,1.33611860214264,402.686018748004,412.267297130216,1.36791131091736,142.1,140.518555647233,23240.417698048,0.9,146.8,43.7795533333333,-79.4577183333333,990,6.5501132365492,7.19332875985833,19.2,31.4409780324498,26.3,157.6,0.4,0.5,12.4
2018-08-09 16:11:11.400,175.3,37.1048557302719,1.91694023307203,1.96241850128489,1.34118245053782,403.425173959541,412.996090390104,1.37300116594047,141,140.457217675867,23174.4741003891,0.9,136.9,43.7795166666667,-79.4576833333333,990,6.54694819526247,7.18500560343461,18.8,31.4432859546244,26.3,125.9,355.3,1.5,13.4
2018-08-09 16:11:12.400,175.1,37.0994654582626,1.91698365683143,1.9624570090424,1.27985548390623,403.141888300923,412.704922728844,1.31021453026816,144,140.500836470321,23171.59507514,0.9,143.3,43.77948,-79.4576483333333,990.1,6.54676166028129,7.18932874788428,18.3,31.4452154134437,26.3,110.9,350.7,1.8,13.2
2018-08-09 16:11:13.400,174.2,37.1015948742023,1.9182507716302,1.96371128887954,1.47777451230544,403.361144420293,412.920496145227,1.5127946822943,147.8,140.480546851094,23150.4488496358,0.9,152.8,43.77944,-79.4576233333333,990.1,6.54841738079905,7.19340958956662,17.9,31.4480518383902,26.3,112.5,350.6,1.9,13.5
2018-08-09 16:11:14.400,173.6,37.1139349033767,1.9172117031355,1.96249371142559,1.37434382491236,403.111168445447,412.632165888391,1.40680828921398,149,140.454876063989,23073.6233837566,0.9,157.2,43.7794,-79.4575933333333,990.1,6.55422948443989,7.1971296765125,17.5,31.4497443394241,26.3,125.5,354.3,2.1,13.3
2018-08-09 16:11:15.400,173.1,37.114409210701,1.9182958460876,1.96367372185689,1.34003456745114,403.450937911562,412.994596241008,1.37173308817046,148.1,140.507738812732,23108.4083689199,0.9,151.8,43.77936,-79.4575616666667,990.1,6.55234093733963,7.19207196922827,17.4,31.4513783157196,26.3,125.2,352.3,2.5,14.2
2018-08-09 16:11:16.400,173,37.1123944294128,1.92169574832757,1.96706695339048,1.27558161005262,403.799753790637,413.333400991265,1.30569943606271,150.8,140.481253536,23065.2471430081,0.9,152.1,43.7793266666667,-79.45753,990,6.54927474845854,7.19137148191894,17,31.4534800375044,26.3,118.6,347.3,2.4,12.3
2018-08-09 16:11:17.400,174.1,37.1145711377661,1.92287862325799,1.96815390260541,1.14462971273733,403.915403482863,413.425723780882,1.17158223925171,154.7,140.498455559793,23003.7763268354,0.9,158,43.7792933333333,-79.4575033333333,989.9,6.54387315654974,7.19172341415139,16.6,31.455240568883,26.3,95.1,350.9,1.3,10.2
2018-08-09 16:11:18.400,173.5,37.1183446900459,1.9228159599489,1.96823093655039,1.19126488479467,404.663889133568,414.221669424091,1.21940355648606,159.4,140.492664245771,23074.0293357496,0.9,167.3,43.7792533333333,-79.4574866666667,990.1,6.54841829300054,7.19066379901512,16.8,31.4579395295984,26.3,88.1,342.1,1.5,10.6
2018-08-09 16:11:19.400,172.9,37.1243963024528,1.92592566613061,1.97133522553156,1.25044719034169,404.883488811981,414.429846284741,1.27992947110297,162.1,140.461768512457,23034.806751549,0.9,166.4,43.7792133333333,-79.4574716666667,990.1,6.54987546976912,7.18916319543515,17.2,31.459718811981,26.3,88.6,349.4,1.8,10.2
2018-08-09 16:11:20.400,172.9,37.1282900068312,1.92524011027462,1.97059602492121,1.24179406860145,404.774939364839,414.310841652306,1.27104950014752,163.2,140.504048992891,23016.2499009898,0.9,167.7,43.7791683333333,-79.4574566666667,990.1,6.55052597917469,7.19064374940474,17.2,31.462219907821,26.4,112.1,351.7,1.1,11.3
2018-08-09 16:11:21.400,173.2,37.1312188818616,1.92732517059635,1.97273472330311,1.4074386354104,404.551626572489,414.083217406427,1.44059914796226,161.9,140.495423463756,23018.551649967,0.9,160.9,43.779125,-79.45744,990.1,6.54617915836907,7.18632016294073,17.2,31.463927671911,26.4,144.8,354.8,1.4,11.7
2018-08-09 16:11:22.400,173.5,37.1361345339667,1.92643182056755,1.972019589587,1.46044592288785,404.177512319831,413.742166841193,1.49500611802714,161.9,140.487757675651,23117.4037360202,0.9,160.4,43.7790816666667,-79.4574216666667,990.1,6.5496901294033,7.19278406214837,17,31.4662278336888,26.4,134.9,356.7,0.8,10.5
2018-08-09 16:11:23.400,173.6,37.1388793910963,1.92340385573333,1.96907414302401,1.45771586308366,403.385191620119,412.963373312001,1.49232779483675,164,140.51226232129,23193.8118963621,0.9,161.3,43.7790416666667,-79.457405,990,6.54864204453695,7.19375999182329,16.8,31.468179803846,26.4,71.5,351.3,0.7,9.3
2018-08-09 16:11:24.400,174,37.1437128881302,1.92084132326089,1.96645683227257,1.23691363900185,403.494686734829,413.076690593401,1.26628803946507,162.8,140.491914556621,23196.6730846615,0.9,164.6,43.779,-79.45739,990.1,6.55273135924583,7.19564035880667,16.8,31.4703511390781,26.4,84.1,357.2,0.6,9.5
2018-08-09 16:11:25.400,174.2,37.1512770851745,1.92208722573941,1.96784037441751,1.21716030757488,404.181742514804,413.802875283795,1.2461341419665,163,140.476194387191,23250.449578587,0.9,161.4,43.7789566666667,-79.45737,990,6.54953436662619,7.19552516251064,16.8,31.4723972379158,26.4,165.6,3.2,0.8,10.4
2018-08-09 16:11:26.400,174.2,37.1542014500797,1.92277651877288,1.96856829340354,1.10167455936037,403.425321492647,413.033034393753,1.12791151513413,161.7,140.485027524228,23261.4302587759,1.1,164.1,43.7789166666667,-79.4573516666667,990.1,6.5511511664621,7.19692730074301,16.4,31.4745455725977,26.4,225.3,0.4,0.3,9.2
2018-08-09 16:11:27.400,174.5,37.1529076144626,1.92162622301381,1.9673098175706,1.47710485623137,403.825775770643,413.425972015108,1.51221665556563,159.7,140.477451389007,23221.0699304515,0.9,160,43.7788783333333,-79.45733,990.1,6.5520838053304,7.19454597447617,16.4,31.4768621422004,26.4,128.3,355.6,0.6,10.4
2018-08-09 16:11:28.400,174.6,37.1536148504075,1.92238495958123,1.96787569288793,1.23697775013261,403.8638472953,413.420880879554,1.26625693439055,155.5,140.486975074316,23116.9047096089,0.9,153.5,43.77884,-79.4573033333333,990.1,6.55110068614889,7.19619670695745,16.2,31.4783839132172,26.4,160.7,359.5,1.1,10.4
2018-08-09 16:11:29.400,174.6,37.1544589535954,1.92131197887247,1.96697070643849,1.20137068514767,403.671228411227,413.264235348832,1.22992148954201,148.1,140.490340619238,23212.6525268619,0.9,142.1,43.7788083333333,-79.4572716666667,990.1,6.5524366440531,7.19539568723141,15.7,31.48096706515,26.4,161.7,0.8,1.3,10.9
2018-08-09 16:11:30.400,174.4,37.1518318150713,1.92225193436123,1.96765161734792,1.41099632528541,404.603531194452,414.159417052008,1.4443144141771,142.2,140.458251735123,23072.965537764,0.9,136.2,43.7787783333333,-79.4572383333333,990.1,6.55481972326286,7.18747957749182,15,31.4825532750475,26.4,149.8,0,1.3,11
2018-08-09 16:11:31.400,174.1,37.1440412948854,1.92017761287803,1.96579598686575,1.23593233822595,403.568988406239,413.156602249805,1.26528738946101,134.4,140.508508749746,23205.8197349188,0.9,129.8,43.778755,-79.4572,990.1,6.55574855222194,7.19503040367256,14.8,31.4847548062411,26.4,143.2,359.9,1.7,11.3
2018-08-09 16:11:32.400,174.1,37.1362870796066,1.92039874274889,1.9657411715096,1.43576649726326,403.29401958103,412.816073564015,1.46965672318461,127.6,140.490726265717,23066.0472837206,0.9,119.5,43.778735,-79.4571566666667,990.1,6.55405612523349,7.19755340986606,15,31.4867751890793,26.4,140.1,2.3,1.9,11.3
2018-08-09 16:11:33.400,174.5,37.1330163191432,1.92189487015912,1.96730713853349,1.19050645038497,403.764963174663,413.305439867752,1.21863375668872,122.7,140.48327735342,23083.4911152202,0.9,115.8,43.778715,-79.4571116666667,990.1,6.55113165852697,7.19275854909426,15,31.4891278839957,26.4,154.6,6.8,1.4,10.2
2018-08-09 16:11:34.400,174,37.1311091126505,1.9215950177036,1.96704260356563,1.52253848921006,403.907625275639,413.460388241132,1.55854826893969,116.3,140.515550632042,23104.4650551278,0.9,108,43.7787016666667,-79.4570633333333,990.1,6.55440453032834,7.19515895101977,14.6,31.4912126045902,26.4,133.6,359.6,0.9,9.6
2018-08-09 16:11:35.400,173.7,37.1277729696804,1.92050702805425,1.96603599155711,1.6325829266392,404.713789004838,414.308159961027,1.67128595621088,112.4,140.481449904352,23157.6965688379,0.9,103.8,43.7786916666667,-79.4570133333333,990.2,6.5554517890861,7.1948757829517,14.2,31.4930535151598,26.4,95.1,358.7,0.7,9
2018-08-09 16:11:36.400,173.4,37.1251671284657,1.92477030032783,1.97051844523296,1.30325996298632,404.225604283873,413.833351220278,1.33423320353314,109.6,140.48908220513,23216.3876648172,0.9,102,43.7786833333333,-79.4569666666667,990.2,6.55129600387327,7.19386783433861,13.7,31.4950983909896,26.4,137.9,2.5,0.4,8.3
2018-08-09 16:11:37.400,173,37.123597373017,1.9255490875661,1.9711949850034,1.22840580942055,403.862660315498,413.436264686122,1.25752496714262,105.6,140.493483180113,23156.2547209087,0.9,100.3,43.778675,-79.4569216666667,990.1,6.54810078635046,7.19366394468701,12.7,31.497076302192,26.4,104.8,1.3,0.3,7.7
2018-08-09 16:11:38.400,173,37.1215108709378,1.92655820216651,1.9720387658997,1.36929702537818,404.097064915311,413.636535076888,1.40161993661055,100.9,140.473378414758,23062.5516681549,0.9,98.6,43.7786733333333,-79.4568766666667,990.1,6.55190689526547,7.19323083949835,12.2,31.4995137049982,26.5,328.4,0.4,0.1,7.9
2018-08-09 16:11:39.400,173.5,37.1199911483616,1.92736503188994,1.9728697049123,1.41478380867112,403.360311129332,412.883448264933,1.44818642756472,99.2,140.489835382518,23064.9204624905,0.9,100.7,43.7786766666667,-79.4568366666667,990.1,6.54675413650536,7.19488999836451,11.2,31.5009937212413,26.5,349.7,358.8,0.1,7.1
2018-08-09 16:11:40.400,173.8,37.1229980735802,1.92273099554924,1.9679788751242,1.48718496843062,403.18688430956,412.675105888429,1.52218186399471,99.8,140.492427893339,22991.8977679337,1,100.4,43.77867,-79.4567966666667,990.2,6.55249257083835,7.19651847423183,11.1,31.5035882933186,26.5,106.8,2.5,0.9,7.9
2018-08-09 16:11:41.400,174.1,37.1275148122353,1.92481668013852,1.97022181866286,1.2990495852914,403.238859621785,412.750939432677,1.32969089145025,101.4,140.484803149736,23045.5318648353,0.9,99.9,43.77867,-79.4567583333333,990.2,6.55118874340184,7.19540105120386,10.7,31.5054132182495,26.5,120,4.2,0.8,7.6
2018-08-09 16:11:42.400,174.5,37.1305344018954,1.92802379517997,1.9734604496346,1.09763213015288,403.403735859525,412.910479822858,1.12349988256781,103.5,140.514137746424,23023.6401053634,0.9,97.1,43.7786633333333,-79.4567233333333,990.1,6.54768335080825,7.1974501293441,10.1,31.5073200027811,26.5,125.9,4.9,1,7.2
2018-08-09 16:11:43.400,174.8,37.1315558258806,1.93118341904324,1.97676245560934,1.53474696056199,404.49773958952,414.044456335388,1.57097159248296,100.5,140.492306856708,23057.1940469664,0.9,99.4,43.778665,-79.4566883333333,990.1,6.55051169932102,7.19851492290878,9.8,31.5098840390356,26.5,114.6,4.4,0.8,6.8
2018-08-09 16:11:44.400,174.9,37.1302039432693,1.93514436612966,1.98090497359935,1.22617680529244,405.539629329124,415.129404345496,1.25517009970808,100.5,140.464232387823,23100.7221946181,0.9,102.1,43.7786633333333,-79.4566533333333,990,6.55267196613856,7.19398462025854,9.2,31.5118007763518,26.5,127.2,4.6,0.5,6.1
2018-08-09 16:11:45.400,175.4,37.1326335192412,1.9365910701507,1.98222150873507,1.39384639013818,405.587191766224,415.143779831301,1.42668607495542,99.9,140.513115855196,23019.8774713326,0.9,104.2,43.7786633333333,-79.4566216666667,990.1,6.54738306429725,7.19965624191036,8.7,31.513587656841,26.5,135.2,8.8,0.6,5.8
2018-08-09 16:11:46.400,175.9,37.1420203814626,1.93715034739634,1.9829200171595,1.19652312171674,406.15393190597,415.750307638165,1.22479140726759,101.1,140.48593863155,23081.9278691441,0.9,103.7,43.7786616666667,-79.4565933333333,990.1,6.54804995604966,7.18587247317589,8.3,31.5156248961437,26.5,151.6,5.4,0.6,5.6
2018-08-09 16:11:47.400,176.5,37.1447197731373,1.93600950569743,1.98184388739374,1.46225401962266,405.140982464632,414.732756927123,1.49687357363091,98.1,140.474082284094,23127.4293812812,1,100.7,43.7786616666667,-79.456565,990.2,6.54568356282566,7.18793213874681,8.7,31.5175990378962,26.6,110.8,2.7,0.9,6.6
2018-08-09 16:11:48.400,177.3,37.1429204920095,1.93344452186636,1.97935655807328,1.3241811110498,404.62575551922,414.23418015968,1.35562456466508,92.7,140.502425414223,23195.5509306338,0.9,91,43.778665,-79.4565333333333,990.1,6.55124408284452,7.19262252495927,9,31.5198107628265,26.6,109.6,3.2,1.1,7.1
2018-08-09 16:11:49.400,177.6,37.1413601905712,1.93483600583065,1.98072217752628,1.14608205947835,405.145659469602,414.754059787221,1.17326352231679,88.9,140.472454843685,23166.5503280531,0.9,88.7,43.7786683333333,-79.4565,990.1,6.55086190841231,7.18553984856357,10.1,31.5221496982623,26.6,99.9,3.6,1.4,8
2018-08-09 16:11:50.400,177.5,37.1416293303581,1.93348881457255,1.97933016527843,1.16499328548828,404.524230106243,414.115136594986,1.1926143787212,88.6,140.493574698982,23159.9304900248,0.9,87.3,43.7786716666667,-79.4564583333333,990.2,6.55197526204631,7.19748031741204,11.1,31.5238429962663,26.6,89.9,356.3,1.2,8
2018-08-09 16:11:51.400,177.3,37.1414398232913,1.93178337110386,1.97774650794023,1.32368612386599,404.616220614976,414.243345807253,1.35518243602538,87.5,140.496928636151,23240.1978833871,0.9,90.6,43.7786733333333,-79.4564133333333,990.1,6.55135991029115,7.1967578722404,11.8,31.5259426914214,26.6,85.9,0.4,1.9,10.2
2018-08-09 16:11:52.400,176.9,37.144625710998,1.9342228594303,1.98000433253415,1.0709551152697,404.613618736217,414.190498101452,1.09630681648781,87,140.444400546556,23121.8224930549,0.9,89.2,43.778675,-79.4563683333333,990,6.55022282376072,7.19763583143153,12.4,31.5283761060503,26.5,83.7,358.2,2,9.8
2018-08-09 16:11:53.400,176.6,37.1426033726714,1.93678205498208,1.98286341770245,1.23202141074283,404.968961225185,414.604257067171,1.26133611115578,86.5,140.513133819234,23239.6742367911,0.9,89.6,43.77868,-79.4563233333333,990,6.54815350241262,7.1927398283781,12.7,31.5302302125267,26.5,94.5,6.3,1.3,8.9
2018-08-09 16:11:54.400,176.3,37.1472144326745,1.93593476170914,1.98212611346509,1.1958884054072,405.492742086943,415.167806633224,1.22442210004338,88.7,140.480527385434,23303.8919506385,0.9,91.4,43.77868,-79.4562766666667,990.1,6.54320223459372,7.19194913151284,13.3,31.5320276697532,26.5,98.3,359.8,1.3,10.2
2018-08-09 16:11:55.400,176.1,37.1525066382946,1.93238735319379,1.97838287635731,1.39133297674502,407.758282217711,417.463982684975,1.42444911992941,85.6,140.46637365075,23249.1379435152,0.9,87.7,43.778685,-79.4562266666667,990.1,6.54650645725974,7.18737156059715,14,31.5341172843022,26.5,81.2,353.4,1.2,9.2
2018-08-09 16:11:56.400,175.9,37.158735242799,1.93364796137069,1.97956997797814,1.22519132123866,408.18430477788,417.878221066455,1.25428839560797,80.8,140.505807617818,23198.0205679876,0.9,79.1,43.7786916666667,-79.45618,990.1,6.54345091340978,7.19169877983394,14.2,31.5360026397511,26.5,61.3,354.7,1.6,10.8
2018-08-09 16:11:57.400,176,37.1592892950127,1.93056491083518,1.9764885330121,1.234480987547,407.699896274725,417.3980499369,1.26384645712081,75.8,140.477390621056,23234.7587155249,0.9,73.3,43.7787033333333,-79.45613,990.1,6.54861510845753,7.19706521110785,14.6,31.5382939084081,26.5,51.5,359.2,1.4,10.2
2018-08-09 16:11:58.400,175.8,37.1524474688188,1.92826954365371,1.97390326281895,1.53456344020543,407.94476960137,417.59891849678,1.57087797929404,72.4,140.488148495965,23118.3867881308,0.9,69.6,43.778715,-79.4560833333333,990,6.55276207173718,7.19187062933072,15,31.5402483068395,26.4,103.9,2.1,1.2,9.9
2018-08-09 16:11:59.400,175.5,37.1459479607102,1.92556626389743,1.97121058479085,1.26651625238526,407.211277176546,416.863833644153,1.29653686239006,68.2,140.505117909092,23155.12355366,0.9,66.4,43.77873,-79.45603,990,6.55061041064248,7.19910561629097,15.7,31.5424688306689,26.4,109.2,0.4,0.4,8
2018-08-09 16:12:00.400,175.2,37.1489026316663,1.92369839536373,1.96958825760356,1.20403231420682,406.565285357997,416.263800045338,1.23275403343307,67,140.44428185317,23298.9333315286,0.9,66.5,43.7787466666667,-79.4559766666667,990,6.55041880169878,7.19813320586607,16.2,31.5444675444049,26.4,233.2,6.6,0.8,7.3
2018-08-09 16:12:01.400,175.1,37.143361017867,1.92411913531394,1.96958748141235,1.42672608622515,405.693072419775,415.279883394216,1.46043833074004,64.1,140.495525873386,23085.0343124205,0.9,63,43.778765,-79.4559233333333,990.2,6.55257383248196,7.19410088284134,16.8,31.5462946156063,26.4,226.4,5.5,1.3,6.9
2018-08-09 16:12:02.400,175.2,37.1428766483181,1.92248038957384,1.96790318104028,1.4606962727466,405.202580119552,414.776323891216,1.49520822731174,59,140.49500447357,23081.6936956435,0.9,58.1,43.7787866666667,-79.4558766666667,990,6.55123813974124,7.19604312934257,17,31.5483263660981,26.4,257.1,353.9,1.6,5.2
2018-08-09 16:12:03.400,175.4,37.1429487445065,1.92462001881333,1.97008729690459,0.986985035759572,404.619069370917,414.177804775942,1.01030152273707,55.7,140.446865851014,23078.7114752321,0.9,56.5,43.7788133333333,-79.45583,990.2,6.54935428438507,7.18861455436519,16.8,31.5503881418533,26.5,251.4,350.9,2,6.3
2018-08-09 16:12:04.400,175.7,37.1352040258782,1.92456444985779,1.96983953868525,1.34428097612205,404.332050433037,413.843799000917,1.37590411026389,54.5,140.481631088411,22983.9366773212,0.9,57.8,43.77884,-79.4557833333333,990.2,6.54143631098015,7.19248019049799,16.8,31.5527526504026,26.5,276.4,356.5,0.9,7.6
2018-08-09 16:12:05.400,176.1,37.1353028757494,1.92001148958656,1.96494045473743,0.945006207768647,403.338031672513,412.776451700197,0.967121567895634,53.4,140.482975219998,22865.6040365466,0.9,59.7,43.778865,-79.4557366666667,990.2,6.54785285678339,7.19228333227566,16.8,31.5545923864954,26.5,236.2,357.3,1.5,5.3
2018-08-09 16:12:06.400,176.3,37.1329380851365,1.92272804498882,1.96805743935104,1.49070101165913,404.395118764318,413.928949530271,1.52584683570626,53,140.462528701593,23032.4313468237,0.9,57.2,43.77889,-79.4556916666667,990.1,6.54573142141213,7.18739239849052,17,31.5564412386106,26.6,211.8,359.6,0.5,8.8
2018-08-09 16:12:07.400,176.2,37.13097,1.917106,1.961999,1.208247,407.3498,416.8887,1.23654,54.2,140.5063,22881.21,0.9,59.5,43.7789166666667,-79.455645,990.2,6.550821,7.192648,17.2,31.55881,26.6,298.2,351.8,0.7,8
2018-08-09 16:12:08.400,175.9,37.1395538692744,1.92163123475394,1.96692881850071,1.60417009517196,410.522386271152,420.199592880447,1.6419860712454,54.4,140.483462182664,23029.9412853977,0.9,59.4,43.77894,-79.455595,990.2,6.55104839378468,7.19757584972335,17,31.5601586124892,26.6,79.9,0.9,0.3,10.2
2018-08-09 16:12:09.400,175.7,37.13775,1.918591,1.963542,1.369209,410.9295,420.5573,1.401289,54.7,140.4931,22893.05,0.9,57.9,43.778965,-79.4555466666667,990.1,6.553386,7.199459,17.2,31.56282,26.5,87.5,4.7,0.9,10.8
2018-08-09 16:12:10.400,175.9,37.14098,1.91734,1.962274,1.07937,412.3779,422.0422,1.104665,54.3,140.4926,22898.82,0.9,59,43.7789916666667,-79.4554983333333,990.1,6.550069,7.191898,17,31.5643,26.4,82.4,7.5,1,10.7
2018-08-09 16:12:11.400,176,37.1473941050903,1.9215905410509,1.96689995484401,1.41480521592775,412.35427955665,422.077344499179,1.4481653226601,52.1,140.452265763547,23036.076001642,0.9,59.2,43.77902,-79.455455,990.2,6.55005404351396,7.18790505582923,16.4,31.5668512151067,26.4,55.3,359.1,1.5,12.1
2018-08-09 16:12:12.400,176.4,37.1458145985977,1.91828556384594,1.96331070810688,1.30113598072061,412.824704364601,422.514424111046,1.33167605581872,51.5,140.506483409544,22933.4462083296,0.9,60.2,43.779045,-79.4554116666667,990.2,6.54781269379738,7.18947448347579,16.1,31.5682286608567,26.3,53.9,1.1,1.9,12.4
2018-08-09 16:12:13.400,176.6,37.1492866347842,1.92256520660346,1.96791026808538,1.49530172387284,411.941089441153,421.656815815307,1.53056842277013,51.8,140.480119900175,23041.8602391185,0.9,58.6,43.77907,-79.455365,990.1,6.54954125135745,7.1964752077309,15.9,31.5706787920809,26.2,63.8,4.6,1.6,11.6
2018-08-09 16:12:14.400,176.7,37.1534895776021,1.92282033625279,1.96810939794526,1.44644863701136,412.036702111488,421.7414879806,1.48051741330567,51.1,140.457005460632,23011.3062123372,0.9,58,43.779095,-79.4553233333333,990.1,6.54957407461306,7.18785151160719,15.7,31.5731463776581,26.2,75,5.4,1.5,11.7
2018-08-09 16:12:15.400,176.6,37.1540457488444,1.92605101204938,1.97153635953133,1.32252097335504,410.960874101377,420.666033318471,1.35375442182796,49.5,140.506843219691,23070.9810280085,0.9,57.4,43.7791233333333,-79.455285,990.1,6.54678739951823,7.19869895579436,15.3,31.5748284138999,26.2,65.3,3.3,1.4,11.3
2018-08-09 16:12:16.400,176.6,37.1511750542299,1.91894751121632,1.96471829239525,1.47613264496098,410.317727112345,420.104634599491,1.5113423295765,50.6,140.465755105493,23296.4667153233,0.9,57.8,43.7791466666667,-79.455245,990.1,6.55255092442468,7.19652182532953,15.3,31.5766584629162,26.2,77.9,8.9,1.3,10.9
2018-08-09 16:12:17.400,176.7,37.1470154537535,1.92263567932506,1.9690073086469,1.49324366563642,410.577461198894,420.480221211523,1.52926064039509,49.8,140.500258137509,23550.9249671275,0.9,56.1,43.7791733333333,-79.4552066666667,990.1,6.54666486312263,7.1798319575945,15.1,31.578530776961,26.2,92.5,11.1,1.6,10.7
2018-08-09 16:12:18.400,176.7,37.1441230863031,1.91959007753927,1.96561971118413,1.200647200169,408.448416248707,418.242572849987,1.22943808948461,51.4,140.492195961111,23417.3240618917,0.9,53.4,43.7791983333333,-79.455165,990,6.54863691693542,7.19083851477845,14.8,31.5813815488685,26.2,104.6,14,1.4,10.2
2018-08-09 16:12:19.400,176.8,37.1449926012001,1.92022072329507,1.96652706018846,1.29909566453035,406.862336128137,416.673885909788,1.33042305742546,50.6,140.47589322549,23547.224475872,0.9,51.3,43.7792216666667,-79.4551233333333,990.1,6.54775317703347,7.20120546530151,14.4,31.5830540629035,26.2,104.2,13.5,1.3,10
2018-08-09 16:12:20.400,176.8,37.1484426918327,1.92232438996468,1.96887967384167,1.28151206042662,405.388177523298,415.206063099552,1.31254792805192,50.1,140.518202755482,23645.8034821531,0.9,51,43.7792466666667,-79.455085,990.1,6.54696825805634,7.2008688933147,14.2,31.5850488838165,26.2,106.4,13.5,1.4,9.5
2018-08-09 16:12:21.400,177.2,37.1523593661932,1.92090516569826,1.96745619426692,1.08005112340959,404.432482097991,414.233377061555,1.10622391940079,51,140.479090106891,23660.3509238223,0.9,57.3,43.7792633333333,-79.455045,990.1,6.54118879027747,7.19357465252152,13.7,31.587182716111,26.2,103.7,10.4,1,9.1
2018-08-09 16:12:22.400,177.1,37.1589899315493,1.91990667878713,1.96631242439412,1.31696851708313,403.880722143083,413.642754335572,1.34880169634132,50.2,140.466410814288,23600.3346512017,0.9,56.2,43.779285,-79.4550083333333,990.1,6.54669106339732,7.19459830644304,13.3,31.5894306068681,26.2,108.6,10.6,1,8.5
2018-08-09 16:12:23.400,177,37.1591637454025,1.91766058786162,1.96414237171772,1.56686822480416,402.796800466775,412.560262517874,1.60485004265376,49.6,140.485485043805,23665.3960918355,0.9,58.2,43.7793066666667,-79.4549716666667,990,6.54913274801739,7.19165705541367,12.7,31.591554758978,26.2,125.5,12.9,0.8,7.8
2018-08-09 16:12:24.400,177.4,37.1557696639966,1.9224029880114,1.96859632326219,1.386334183431,403.178150669319,412.866124939519,1.41964653701414,50.9,140.469271152089,23465.0100413956,0.9,58.6,43.7793283333333,-79.4549366666667,990,6.54570554416429,7.19147201881619,12.5,31.5932756970055,26.2,129.3,10.7,0.7,7.4
2018-08-09 16:12:25.400,177.7,37.1561774239359,1.91883854438899,1.96507512692896,1.45469350197482,404.421390420072,414.166461671412,1.48974533807458,54.3,140.500936183505,23529.3972608033,0.9,61.9,43.7793416666667,-79.4549,990,6.55018533056579,7.19713807887076,12.2,31.5954152925544,26.2,121.6,12.2,0.7,7.3
2018-08-09 16:12:26.400,178.1,37.15585957871,1.91993835503499,1.96631771006997,1.21691025339443,404.22620695447,413.990887825834,1.24630863810677,58,140.491924221124,23586.8574874882,0.9,64.3,43.7793516666667,-79.4548583333333,990,6.54065476876272,7.19848841146608,11.6,31.5974367053026,26.2,124.3,12.9,0.8,7.1
2018-08-09 16:12:27.400,178.1,37.1577919013337,1.91965174357942,1.96616901702665,1.48942832422931,404.641718095357,414.446869755695,1.52552094236096,60.4,140.487817829051,23658.4887849451,0.9,65.2,43.7793616666667,-79.454825,989.9,6.54062252112069,7.19417576148747,10.9,31.5993147970698,26.2,114.6,10.5,0.7,6.9
2018-08-09 16:12:28.400,178.1,37.1575348570484,1.91468127789754,1.96087652679419,1.31958776687498,406.017090785415,415.813102255759,1.35142461740013,64.2,140.515323375187,23558.6533426853,0.9,68.2,43.7793716666667,-79.45479,989.9,6.544892621392,7.19304641997107,10.7,31.601453212905,26.2,105.1,7.9,0.8,7
2018-08-09 16:12:29.400,177.6,37.1610427429022,1.91770076332196,1.96413996915113,1.24247221790122,407.341048174152,417.205190503709,1.27255908221171,67.5,140.483983133702,23643.3241991392,0.9,72.6,43.7793783333333,-79.4547566666667,990,6.54467179744711,7.19780211564236,10.5,31.6036693041173,26.2,107.4,8,0.8,7
2018-08-09 16:12:30.400,177,37.1681535776122,1.91522564000687,1.96169570331865,1.07191990512251,408.824335703755,418.743941083599,1.09793206061206,69.1,140.468287914966,23688.8625278314,0.9,74.3,43.77939,-79.454725,990,6.54525839614056,7.18676304014729,10.1,31.605621720246,26.2,108.8,8.3,1,7.6
2018-08-09 16:12:31.400,177,37.1747620396095,1.91770129039072,1.96448308527478,1.24011385262493,409.433113457508,419.421155748405,1.2703674519711,75.4,140.483237324281,23813.7993917758,0.9,78.2,43.7793966666667,-79.4546916666667,989.9,6.54927320224232,7.1984466358843,9.6,31.6076087773616,26.2,101.4,7.1,1,7.2
2018-08-09 16:12:32.400,177,37.1845907439972,1.91735404020036,1.96402207582381,1.10007161643054,409.950192918529,419.928226996025,1.12684905138655,84.1,140.479633805431,23761.2890406181,0.9,85.6,43.779395,-79.45466,989.8,6.5468171857974,7.19223018472753,9,31.6096343991555,26.2,99.4,4.5,0.8,6.7
2018-08-09 16:12:33.400,177.4,37.1951465549684,1.91705543596925,1.96388176215639,1.36816398448521,410.106345055614,420.123610163581,1.40158402012797,86.9,140.481292189943,23843.7372095657,0.9,86.4,43.779395,-79.4546316666667,989.8,6.54210867358488,7.19637324896186,8.8,31.6116181988503,26.2,104.5,9.9,1.1,7
2018-08-09 16:12:34.400,177.7,37.2017243118295,1.91448301558442,1.96144482155562,1.47055343751091,411.586279203129,421.682261815706,1.50662312662371,91,140.496432984896,23942.1299831661,0.9,84.8,43.7793916666667,-79.4546016666667,989.8,6.54500033466968,7.19266764986591,8.3,31.6135758590486,26.2,119.7,7.6,1.1,5.8
2018-08-09 16:12:35.400,178.2,37.210882993882,1.91418045566684,1.96133733735975,1.338167817202,414.179957186856,424.383472263187,1.37113763379258,92.1,140.472663074548,24043.2253885088,0.9,98.5,43.7793916666667,-79.4545733333333,989.9,6.54581880278573,7.18587097624613,8.7,31.6154548632314,26.2,113.1,6.7,0.8,6.7
2018-08-09 16:12:36.400,178.6,37.217073712948,1.91609199812626,1.96348208697653,1.52061493920269,415.70800355349,425.989512557874,1.55822349362172,89,140.496521596918,24135.7362566864,0.9,100.6,43.779395,-79.4545466666667,989.7,6.54153385633796,7.19187325301349,7.9,31.6177249271795,26.2,115.6,7.9,1.1,6.7
2018-08-09 16:12:37.400,179.1,37.223978112007,1.91198838912331,1.95937434948951,1.44110468635326,416.768116193724,427.097145718646,1.47680984862954,91.6,140.487963727536,24184.3254730068,0.9,104.2,43.7793916666667,-79.4545166666667,989.8,6.54255810128469,7.18557568718684,7.7,31.6198105587914,26.2,106.6,9,1.2,6
2018-08-09 16:12:38.400,179.8,37.2337929523088,1.91381611606578,1.96169433842401,1.21769607022827,416.92937961878,427.35978145784,1.2481635550193,93.1,140.459872422838,24406.5811401587,0.9,105.6,43.7793883333333,-79.4544916666667,989.8,6.53843496902837,7.1901965434603,7.7,31.6222780389185,26.3,108.6,3.6,0.8,5.3
2018-08-09 16:12:39.400,180.7,37.2354617650375,1.91550711979615,1.96359538189637,1.48202658128658,416.998287002002,427.466987571996,1.51923084474879,93,140.510886329858,24490.0403361597,0.9,104,43.7793866666667,-79.4544683333333,989.8,6.5442727200703,7.19166952763413,6.8,31.6237420510077,26.3,109.1,2.8,0.6,5.2
2018-08-09 16:12:40.400,180.9,37.2439609142345,1.91469500356576,1.96284055476859,1.22795180180947,416.16442159319,426.629089892127,1.25883109971322,97.1,140.478099881141,24528.7090415599,0.9,100.2,43.7793816666667,-79.45444,989.8,6.54808746980908,7.18929894014738,7.5,31.6257404749461,26.3,106.5,3,0.8,5.1
2018-08-09 16:12:41.400,180.9,37.2453733122495,1.91470400318056,1.96288009939626,1.60308497896533,415.073863849728,425.517735985,1.6434214470793,97.7,140.472344952471,24543.9594219334,0.9,107.2,43.7793816666667,-79.4544166666667,989.8,6.5445414216456,7.19509256418577,7,31.6277335751379,26.3,121.5,4.8,0.4,4.9
2018-08-09 16:12:42.400,181.5,37.246990285905,1.91386485925607,1.96203183440804,1.2809062870273,413.90962058359,424.326646302969,1.3131444153792,98,140.480013497756,24549.7090429363,0.9,100.9,43.7793833333333,-79.4543933333333,989.9,6.54345673145089,7.19224602631799,6.6,31.6301178434269,26.3,121.6,2.9,0.4,4.4
2018-08-09 16:12:43.400,181.8,37.2428706346554,1.91488196647143,1.96330129473417,1.35969849295874,412.89285564391,423.333207105864,1.3940840009455,96.7,140.475909674445,24662.4227409961,0.9,106.6,43.7793833333333,-79.4543733333333,989.7,6.53580877303363,7.18849768697456,6.1,31.6322310054739,26.3,115.9,8,0.5,4
2018-08-09 16:12:44.400,181.9,37.2434792792014,1.91183978395837,1.96033727202973,1.6295377554302,412.410852073655,422.872432118255,1.67087260449466,95.4,140.500609472316,24739.3142440354,0.9,106.4,43.77938,-79.45435,989.7,6.54430484646492,7.19394572181461,6.4,31.6344675535733,26.3,130.3,4.1,0.4,4.7
2018-08-09 16:12:45.400,181.9,37.2483880528417,1.91478272642181,1.96322227849732,1.70888868318405,412.052697963047,422.476649585679,1.75211955375414,96,140.492657886723,24673.4641018184,0.9,97.3,43.7793766666667,-79.454325,989.7,6.53673413244581,7.18908793889142,6.6,31.6363631584958,26.3,97.3,0.4,0.5,3.7
2018-08-09 16:12:46.400,182.3,37.2501173872643,1.91598433696519,1.96446285779966,1.70164835404571,412.247540255685,422.678296995535,1.74469900974405,96.7,140.484127595882,24677.6384194214,0.9,98.8,43.7793733333333,-79.4543,989.7,6.53571786318056,7.19443731432389,6.4,31.6379261634933,26.3,128.6,3.7,0.3,4.4
2018-08-09 16:12:47.400,182,37.2460519447622,1.91456808400059,1.96320879489144,1.46136327387057,412.43723007594,422.915483551609,1.49848960207752,94.8,140.51147346549,24776.0891129801,0.9,91,43.7793716666667,-79.4542733333333,989.7,6.53884718727546,7.19342315177547,6.4,31.6402058207316,26.4,120,2.7,0.4,4.5
2018-08-09 16:12:48.400,181.5,37.2470463507493,1.9146994617452,1.96333762707925,1.36853350046686,412.70462245193,423.188361540705,1.40329508692508,89.5,140.480229250527,24773.1733648034,0.9,90.3,43.7793716666667,-79.4542466666667,989.7,6.54131836324805,7.18740400186096,6.4,31.6422259096132,26.4,118.4,3.3,0.4,3.8
2018-08-09 16:12:49.400,181.6,37.2507021013205,1.91367329863069,1.96201425148947,1.47467438660613,411.780998501781,422.183056419622,1.51192703738483,88.3,140.46814254904,24638.687319603,0.9,91.2,43.779375,-79.454225,989.7,6.54386031901324,7.18820950503485,6.1,31.64450193826,26.4,114.6,0.4,0.4,4.5
2018-08-09 16:12:50.400,182,37.2495175205659,1.91247541750479,1.96059225114274,1.48087547033896,411.14229644661,421.486478279319,1.51813646108216,92.2,140.482172977611,24542.0109357461,0.9,94.5,43.7793716666667,-79.4542033333333,989.7,6.5420807553708,7.19563649417398,6.1,31.6463662522846,26.4,101.5,3.8,0.7,4.6
2018-08-09 16:12:51.400,182.4,37.2510590429027,1.91242265801956,1.96065908368817,1.62426498009364,410.867054644356,421.230384479122,1.66523360767011,92.1,140.473972321319,24602.3947682115,0.9,93.6,43.7793666666667,-79.45418,989.7,6.54097202075778,7.19454165407716,6.1,31.647990849293,26.4,113.1,7.6,0.8,4.8
2018-08-09 16:12:52.400,182.7,37.2501340459012,1.91370543481486,1.96173995076493,1.58307801694571,411.308396509319,421.632354147581,1.6228196051153,87.6,140.493882036926,24485.8846956936,0.9,82.2,43.7793683333333,-79.4541533333333,989.7,6.54132637661334,7.19809779020375,6.6,31.6502161331739,26.4,108,3.3,0.8,4.8
2018-08-09 16:12:53.400,182.9,37.2475674573067,1.91232821012036,1.96007923719201,1.39356134822972,415.376921735198,425.74882921141,1.428357533169,88.8,140.48838057565,24361.6423587172,0.9,85.6,43.7793666666667,-79.454125,989.5,6.54070899531793,7.18963927437779,7,31.6523315009453,26.4,105.3,4.5,0.7,5.1
2018-08-09 16:12:54.400,182.7,37.2465473411903,1.91307388438433,1.96075957654697,1.54329951514955,417.549287118514,427.957190206317,1.58176695687037,84.3,140.472726764881,24320.0638880365,0.9,86.3,43.7793683333333,-79.4540966666667,989.6,6.54037811573351,7.19115191514427,6.8,31.6540868120213,26.4,114.9,9.6,0.8,5.2
2018-08-09 16:12:55.400,182.6,37.2433029982607,1.91560396557913,1.96330858594706,1.62594467108403,419.279993010398,429.721388993741,1.66643380592159,81.2,140.508568230458,24297.9676516777,0.9,80.4,43.779375,-79.454065,989.7,6.5359517222604,7.18841810468609,7,31.655959041168,26.4,103,6.1,0.8,5.2
2018-08-09 16:12:56.400,183,37.2400830041343,1.91258375586827,1.960271359821,1.42436394220086,419.296929429476,429.75145628497,1.45987799830748,81.8,140.480040519139,24326.8963291881,0.9,79.3,43.77938,-79.4540366666667,989.5,6.53449687800066,7.18863759333322,6.8,31.6582958572286,26.3,112.2,7.7,0.6,5
2018-08-09 16:12:57.400,183.1,37.2428307936542,1.91121391277957,1.95886681165034,1.43654099640834,421.149796234474,431.650532316881,1.47235827295896,79.1,140.466973457641,24326.8919390777,0.9,81.1,43.7793866666667,-79.4540133333333,989.6,6.53984402061806,7.18878958370058,6.6,31.6599385305167,26.3,115.1,9.6,0.8,5.4
2018-08-09 16:12:58.400,183,37.2392678776568,1.91072950094379,1.95846417619361,1.44191988193348,422.433861425412,432.987264234443,1.4779422057452,79.2,140.50968475349,24373.5599562756,0.9,81.6,43.7793933333333,-79.453985,989.5,6.54130614028625,7.19045489278441,7,31.6621735876996,26.3,109.6,11.2,0.9,5.3
2018-08-09 16:12:59.400,183.2,37.237595679714,1.90797312444203,1.95563325561141,1.5773498977836,421.537004864433,432.066747589951,1.61674591578891,78.8,140.480199522658,24370.6727899061,0.9,78.2,43.7793983333333,-79.453955,989.5,6.54428239288655,7.19380492386922,7.4,31.6641753995248,26.3,108.2,8.4,0.9,5.5
2018-08-09 16:13:00.400,183.4,37.2386801478278,1.90972188650592,1.95747938579015,1.80711087245114,421.84424163106,432.393604864143,1.85228065261917,78.6,140.472181163556,24397.5706769076,0.9,75,43.779405,-79.4539266666667,989.5,6.54326102813558,7.19518461707451,7.2,31.6662277968512,26.3,99,5.6,0.8,5.5
2018-08-09 16:13:01.400,183.9,37.2414275181612,1.90860401939297,1.95680726738734,1.53070687375506,421.812683267278,432.466007921427,1.56936759335485,77.6,140.479124736268,24633.7812519331,0.9,73.4,43.7794083333333,-79.4539016666667,989.4,6.54161165529347,7.19079313428969,7.2,31.6681400284262,26.3,97.4,3.6,0.8,5.6
2018-08-09 16:13:02.400,184,37.2424349088614,1.90973561753472,1.95785511030648,1.43697506218249,422.245124952591,432.88442344409,1.4731824471673,79,140.473670553064,24577.6380326627,0.9,75,43.77941,-79.45388,989.4,6.53765865744447,7.18768749715546,7.4,31.6700896228746,26.3,91.5,5.4,0.8,5.5
2018-08-09 16:13:03.400,183.5,37.2437652871803,1.90956628803342,1.95777263957193,1.3880045461375,422.116396905744,432.772633786095,1.42305280913076,78,140.49444476923,24623.1879684108,0.9,74.2,43.7794133333333,-79.4538583333333,989.5,6.53815263529805,7.19350617102434,7.5,31.6723679923082,26.3,108.1,9.4,0.8,5.3
2018-08-09 16:13:04.400,183,37.2479726781596,1.90773869662837,1.95607173816929,1.53318847527254,421.069241037144,431.737166406774,1.57203654710028,79,140.489405489335,24709.2832810764,0.9,73.9,43.779415,-79.4538366666667,989.5,6.5344662177062,7.18902795285745,7.5,31.6742393175421,26.3,107.1,8,0.8,5.1
2018-08-09 16:13:05.400,182.8,37.2536531684709,1.90939328015392,1.95775913214431,1.35180492836725,419.504532510877,430.130803020427,1.38605030583515,75,140.487325808913,24704.8477058675,0.9,77.4,43.77942,-79.4538083333333,989.4,6.53334002107226,7.18955433904908,7.7,31.6761330742567,26.3,127.8,13.6,0.7,5.3
2018-08-09 16:13:06.400,182.7,37.2577168923391,1.91006202450901,1.95869394859044,1.48450980858653,417.608222970553,428.240990949751,1.52229961869864,72.3,140.503886244655,24828.9266544962,0.9,71.3,43.779425,-79.4537783333333,989.5,6.53283327094844,7.19201883876234,7.9,31.6781344044435,26.3,118.1,8.8,0.7,4.8
2018-08-09 16:13:07.400,183,37.2634641791004,1.91039189800201,1.95887195946686,1.65306117614257,416.436193682642,427.004130767284,1.6950097456809,73.5,140.478609916669,24749.0918460227,0.9,76.2,43.77943,-79.4537516666667,989.4,6.53370936122995,7.18638523747931,7.5,31.6803141220049,26.3,118.4,8.9,0.5,5.1
2018-08-09 16:13:08.400,183.1,37.2677088691477,1.90703734421893,1.95548799571916,1.5369706764782,414.514391245206,425.04570812656,1.57601952153079,73.1,140.483046817686,24776.7599768898,0.9,71.3,43.7794366666667,-79.45373,989.4,6.53699321624398,7.19060329447747,7.5,31.6821954599177,26.3,112.4,10.3,0.7,5.1
2018-08-09 16:13:09.400,183.1,37.2656590822197,1.90681742192526,1.9553325344885,1.56177326860038,413.219846286867,423.73338119589,1.60151508746045,73.3,140.506177156284,24811.5631787871,0.9,73.1,43.7794416666667,-79.453705,989.4,6.53951018447716,7.18884878445837,7.7,31.6841939875048,26.3,123.6,14,0.6,4.9
2018-08-09 16:13:10.400,182.9,37.2664192731025,1.90731208988707,1.95595552315933,1.64110948018024,412.085485932334,422.595338213947,1.68296943982591,72.6,140.477170717714,24869.6031254784,0.9,71.7,43.77945,-79.45368,989.4,6.54000529396842,7.19075142765578,7.7,31.6863988007328,26.3,122.6,12.3,0.8,5.6
2018-08-09 16:13:11.400,182.2,37.2657694430275,1.90772781960245,1.95634103065103,1.40109873267465,411.779239548557,422.272402471785,1.43679467644662,70.3,140.493002628324,24849.2522594671,0.9,68.8,43.7794566666667,-79.4536566666667,989.4,6.53826640772982,7.18901964566886,7.5,31.688389019113,26.3,107,9.5,0.9,5.9
2018-08-09 16:13:12.400,180.7,37.2641572673584,1.90677323888849,1.95558603854024,1.32229790729307,411.585471099256,422.121951897344,1.35614697898902,71.7,140.481403505775,24960.7293397696,0.9,68.7,43.779465,-79.4536283333333,989.4,6.53245856333077,7.18782213001646,7.9,31.6905047951822,26.4,96.8,6.1,0.8,5.2
2018-08-09 16:13:13.400,180.2,37.2653169579119,1.90649349687633,1.95533310051324,1.49169681495577,410.333228836931,420.844859615636,1.5299091895561,74.8,140.468760035199,24977.5812755584,0.9,76.2,43.77947,-79.4536016666667,989.5,6.53582638504172,7.18742983880411,7.7,31.6924098419124,26.4,60,357.8,0.5,5.4
2018-08-09 16:13:14.400,180.3,37.2688499589812,1.90717009739775,1.95622787506724,1.41255853858337,407.994442074798,418.489147782517,1.4488907786087,74,140.506558909221,25077.5860539056,0.9,74.1,43.7794783333333,-79.45358,989.4,6.53530465308585,7.19736185216517,7.4,31.6946468148627,26.4,75.9,355.6,0.8,5.5
2018-08-09 16:13:15.400,180.1,37.2712238151662,1.90887751335534,1.95811613890702,1.33348995949531,407.489408119974,418.000445564807,1.36788694655389,73.9,140.479477156125,25145.9635858748,0.9,70.8,43.7794816666667,-79.4535583333333,989.4,6.53743362764324,7.19144355513327,7.2,31.6967177186004,26.4,75.1,357,0.8,5.5
2018-08-09 16:13:16.400,179.5,37.2738217467792,1.90682582064644,1.95603059438588,1.41392468180335,406.804735983421,417.302150324639,1.45040913005239,73.3,140.484952208279,25155.4513791264,0.9,73.8,43.7794816666667,-79.4535366666667,989.4,6.53717520120111,7.18801206137095,7,31.6989663384237,26.4,103.1,15.2,0.9,5.2
2018-08-09 16:13:17.400,179.5,37.2743490141639,1.90804272829752,1.9572739053827,1.52840374554042,405.795914183732,416.266216399645,1.56783983814325,76.1,140.506567396955,25153.0177386819,0.9,74.3,43.7794866666667,-79.4535083333333,989.4,6.5307432590521,7.18953042637805,7.2,31.7007381290511,26.5,120.7,18.9,1.2,5.7
2018-08-09 16:13:18.400,180.2,37.2778265543771,1.90808678253569,1.9575303260967,1.54585122696137,405.375179311077,415.879619627526,1.58590923937887,76.7,140.475739791711,25258.3415085239,0.9,77.8,43.7794933333333,-79.4534783333333,989.4,6.52967970414633,7.18872275918291,7.2,31.7028337316245,26.5,126.6,20.2,1.4,6.3
2018-08-09 16:13:19.400,180.8,37.2878206375942,1.90909111128489,1.95862668327108,1.57575678715051,405.910144525612,416.442430959453,1.61664287405871,72.4,140.492196290504,25291.1847636604,0.9,69.6,43.7795033333333,-79.4534516666667,989.4,6.53299086115885,7.18977339549439,7.4,31.7047774580259,26.5,125.6,20.1,1.3,6.1
2018-08-09 16:13:20.400,181.2,37.2965657060347,1.90984536738451,1.95929509118162,1.45078981976563,406.407477754412,416.930224787934,1.48834300350561,73.6,140.473566756082,25238.6403272254,0.9,70.8,43.77951,-79.4534216666667,989.4,6.53472067978959,7.18963430967374,7.7,31.7069748377197,26.5,119.4,15.9,1.4,6.6
2018-08-09 16:13:21.400,181.4,37.297670254262,1.91040145332041,1.95998950086421,1.26920084237991,406.613532782987,417.168001314643,1.30214276395586,73.9,140.473434410406,25300.215225045,0.9,76.3,43.779515,-79.4533916666667,989.3,6.53745565011281,7.18800630013766,7.5,31.7090282994518,26.5,86.3,359,1.1,5.8
2018-08-09 16:13:22.400,181.5,37.2958156519167,1.90939202821322,1.95891517880401,1.39336324423207,407.12812697249,417.687678173356,1.42950215274474,72.5,140.503932844232,25280.9950933165,0.9,72.6,43.7795183333333,-79.4533683333333,989.4,6.53476017442771,7.19216496185081,7,31.7110336237034,26.5,98.8,16.8,0.9,5.5
2018-08-09 16:13:23.400,181.3,37.2990730821221,1.90931876635151,1.95881221463249,1.32963480417799,406.739092868439,417.282639528075,1.36410162052169,72.8,140.480585362557,25267.1714171758,0.9,72.4,43.7795233333333,-79.453345,989.5,6.53424991617957,7.19240321778158,6.8,31.7130540604521,26.5,94,4.4,1.3,6.1
2018-08-09 16:13:24.400,181.5,37.302733586904,1.91081902289212,1.96029383165162,1.28541529614897,405.684521259511,416.188448991024,1.31869528265558,70.7,140.494002652038,25238.4488484785,0.9,76.1,43.77953,-79.4533183333333,989.4,6.53345940171055,7.18757948553897,7.2,31.7150689346924,26.5,79.5,2.7,1.3,6.5
2018-08-09 16:13:25.400,182.4,37.3011789513338,1.91216538920707,1.96165582196564,1.33569523757312,406.41241896726,416.930996597348,1.37025312955193,72.3,140.50502407277,25228.7804339836,0.9,69.9,43.7795383333333,-79.45329,989.4,6.53217556953845,7.19001527239595,7.2,31.7170634320541,26.5,65.8,355.4,0.7,4.4
2018-08-09 16:13:26.400,182.7,37.3007981921536,1.91143863293146,1.96071775788566,1.57913447178952,409.505681390958,420.063270224873,1.61984673581659,73.4,140.476752511927,25133.3632425774,0.9,76.1,43.7795433333333,-79.4532633333333,989.3,6.53544468637446,7.1887481015761,7,31.7191026356811,26.5,43.8,3.4,0.3,3.9
2018-08-09 16:13:27.400,182.7,37.3032669851385,1.91199949862072,1.96131945245498,1.61758744928038,410.943179733648,421.543460745418,1.65931352997232,73.4,140.489379285459,25146.3378963268,0.9,75.5,43.7795516666667,-79.45324,989.3,6.53342012763063,7.18994248852709,6.8,31.7212075672334,26.5,202.4,356,0.2,3.4
2018-08-09 16:13:28.400,183,37.3059469790741,1.90802399937215,1.95714645744558,1.4945000054603,410.061737854733,420.61881831038,1.53298876001642,71.3,140.474474414066,25098.8761700343,0.9,73.9,43.77956,-79.453215,989.4,6.53693378297552,7.19295833474401,6.8,31.7230233045768,26.5,285.9,0.4,0.4,3.4
2018-08-09 16:13:29.400,183.5,37.3099651788407,1.90797308944466,1.95682850461491,1.33145934033811,409.485449434746,419.970754786186,1.36555108154199,70.1,140.477700897041,24966.6032081074,0.9,69.3,43.7795716666667,-79.45319,989.3,6.53554217841914,7.19079193748277,7,31.7248585269355,26.6,115.2,5.6,0.3,4
2018-08-09 16:13:30.400,184.2,37.3148210663057,1.91101614569395,1.95974086113552,1.40281761859334,407.851580032223,418.250540078241,1.43858293668496,71.1,140.501815300535,24862.902184937,0.9,69.4,43.7795833333333,-79.4531633333333,989.3,6.53215534492526,7.19052884519456,7,31.7269121801177,26.6,6.5,355.5,0.1,4.1
2018-08-09 16:13:31.400,184.3,37.3216991142301,1.91290244119178,1.96140789359449,1.44178685357865,406.625022723242,416.935766328601,1.47834575466663,70.2,140.467546301015,24729.8564282976,0.9,72.2,43.7795933333333,-79.4531383333333,989.3,6.52923810093626,7.19015221100057,7,31.7289317660914,26.6,15.9,353.4,0.4,4.5
2018-08-09 16:13:32.400,184.5,37.3256110735496,1.91262117456168,1.96089941286565,1.54063049036695,406.337153643144,416.593778333068,1.57951487248765,71.7,140.475547182047,24620.2764106934,0.9,76.7,43.779595,-79.4531133333333,989.3,6.5312458992809,7.18927616111828,6.4,31.7309057577166,26.6,48.6,352.3,0.5,4.5
2018-08-09 16:13:33.400,185.1,37.3237164323765,1.91404580493629,1.96235565369137,1.75039559687991,407.340021448483,417.621159971937,1.7945783126423,69.8,140.499476245345,24618.2910946341,0.9,72.9,43.7796,-79.4530933333333,989.3,6.53443115147871,7.19027082786432,6.2,31.7328051912897,26.6,43.8,349.6,0.8,5.6
2018-08-09 16:13:34.400,185.1,37.3235817034665,1.91245390099228,1.96082313135326,1.57458146646384,409.50952098971,419.866709793647,1.61440697142525,69,140.475706468496,24667.9358768617,0.9,66.9,43.7796016666667,-79.4530683333333,989.4,6.53448152852272,7.19261718004297,6.4,31.7349696999284,26.6,52,356.5,0.7,4.4
2018-08-09 16:13:35.400,184.9,37.3269045994978,1.91322773536096,1.96151758751795,1.29368171556969,411.512589663961,421.899249787539,1.32632561600697,72.4,140.502954947944,24618.8202694473,0.9,74.9,43.7796033333333,-79.4530466666667,989.3,6.52909472377624,7.1893229229411,6.4,31.7370502422481,26.6,70,0.4,0.7,4.9
2018-08-09 16:13:36.400,184.7,37.331851045226,1.91686170002768,1.96504450132777,1.43111137126043,414.006347347828,424.412902695514,1.46708677010025,71.9,140.494797179169,24520.0085553623,0.9,76,43.7796116666667,-79.4530233333333,989.4,6.52780739107145,7.18563730647273,6.6,31.7390218185422,26.6,66.8,0.4,1.1,5.9
2018-08-09 16:13:37.400,184.9,37.3367288942275,1.91569089976292,1.96363263755264,1.41153223259789,418.02739971664,428.488781877088,1.44685302360765,69.7,140.479007517781,24414.843452366,0.9,69.7,43.7796183333333,-79.4530033333333,989.4,6.53082740012828,7.18695708408811,6.6,31.7409083434702,26.6,104,14,0.6,4.9
2018-08-09 16:13:38.400,184.7,37.3370980547332,1.91610139334242,1.96398879913457,1.4393304006692,420.816755048184,431.333894390018,1.47529905667014,70.5,140.501653875351,24382.6600193568,1,71.3,43.7796216666667,-79.4529833333333,989.3,6.52933905537841,7.19061843452512,6.6,31.7429820333257,26.6,112.9,9.5,0.7,4.8
2018-08-09 16:13:39.400,184.9,37.3368195292956,1.9169035595964,1.96480114934041,1.55720711213794,424.319535011625,434.92176466499,1.59609869721284,68.8,140.470277078291,24377.7883302027,0.9,67.1,43.7796283333333,-79.4529616666667,989.3,6.52986418961108,7.1931104834861,6.4,31.7450228618904,26.6,85.9,359,0.7,4.9
2018-08-09 16:13:40.400,185,37.3375874310011,1.915428982384,1.96319198429942,1.64089312967428,427.585089259041,438.247229442454,1.68179918960489,65.6,140.48198937806,24328.961570935,0.9,64.4,43.7796333333333,-79.4529433333333,989.2,6.53112010003744,7.18908843758954,6.4,31.7471365835678,26.6,97.4,11.1,0.5,4.7
2018-08-09 16:13:41.400,185,37.3358046772296,1.91379175476829,1.96152760005991,1.50819339189988,427.28132014802,437.939071355379,1.54580435444536,65.1,140.498426541201,24335.9529488644,0.9,65.7,43.77964,-79.4529233333333,989.2,6.53117055928395,7.18406884600656,6.2,31.7491340642082,26.6,103.2,8.4,0.7,4.7
2018-08-09 16:13:42.400,185.1,37.3356829327296,1.91445347104628,1.96207163076491,1.69976064514993,425.476086640499,436.058995388073,1.74203937266451,65.1,140.476607468467,24269.4415073578,0.9,66.2,43.7796433333333,-79.4529016666667,989.1,6.52849434286869,7.18623704294153,6.1,31.7512418724935,26.6,109.3,16,0.8,4.7
2018-08-09 16:13:43.400,185.2,37.3393734559039,1.91591660495248,1.96352762176926,1.57928315259249,423.842267427372,434.374949861177,1.61853582731767,62.9,140.501814974831,24247.8440917812,0.9,67.5,43.7796516666667,-79.4528833333333,989.2,6.53115834926977,7.18943976914742,5.9,31.7530874698088,26.6,119,19.2,0.8,4.6
2018-08-09 16:13:44.400,185.2,37.3464736524213,1.91436570025739,1.96184384347349,1.49332462803344,424.636773370312,435.168236911293,1.53035804456142,67.6,140.489310009983,24200.8341066057,0.9,73.6,43.7796583333333,-79.452865,989.2,6.53249652320837,7.18870392719334,5.9,31.755020724807,26.6,114.2,17.2,1.3,5.4
2018-08-09 16:13:45.400,185.6,37.3519180500512,1.91396412564232,1.96125579348513,1.57277689786937,426.271543485341,436.804188734903,1.61165077865335,65.6,140.477811328155,24112.9090391783,0.9,67.2,43.779665,-79.4528483333333,989.2,6.52898414515385,7.18935291403377,5.9,31.7570523922795,26.6,121.7,32.5,1.3,5.6
2018-08-09 16:13:46.400,185.7,37.3530145401903,1.91617032179989,1.96334655715088,1.36611107653728,425.939880365177,436.426499984618,1.39974447002669,64,140.499626568271,24028.3796994593,0.9,67.6,43.77967,-79.45283,989.2,6.52817598469531,7.18763790154824,5.7,31.7590625782463,26.6,124.9,42.2,2.2,6.6
2018-08-09 16:13:47.400,185.7,37.3556195464249,1.91548028660684,1.96268167411711,1.47049043594627,424.745618981266,435.212273262288,1.50672946092464,63.1,140.464901544787,24049.5369268661,0.9,66.8,43.77968,-79.4528133333333,989.2,6.53023893130582,7.18496209104321,5.5,31.7609855316349,26.6,130.8,33.5,2.3,6.8
2018-08-09 16:13:48.400,185.9,37.3587970684205,1.91296216672082,1.96014340030315,1.56006740408526,422.944432854862,433.375879983801,1.5985447913756,63.4,140.480355034101,24070.2614472229,0.9,70.8,43.77969,-79.4527983333333,989.1,6.53172297873774,7.18661354837068,5.3,31.7629206429576,26.6,123.9,27.5,1.7,5.5
2018-08-09 16:13:49.400,185.5,37.361684456781,1.91401605719056,1.9612654230032,1.53175918099204,420.612966085504,430.996117577047,1.56957416468372,63.2,140.498983200911,24091.1136897018,0.9,67.2,43.7796983333333,-79.4527866666667,989.2,6.52958839111882,7.18752358331188,5.1,31.765068064398,26.6,132.8,29.7,1.7,4.8
2018-08-09 16:13:50.400,185.7,37.3650312860075,1.91388966478288,1.96098982192397,1.49841431961553,418.426078792511,428.723459422705,1.53530457461906,64.3,140.478990252325,24018.402018092,0.9,66.9,43.7797,-79.4527683333333,989.2,6.53017463764357,7.18886424899201,5.1,31.7670625951951,26.7,128.1,14.1,0.8,3.6
2018-08-09 16:13:51.400,185.7,37.3636341164274,1.9121494547494,1.95904990059017,1.64542987729817,415.878035800638,426.078471318312,1.68579595954929,61.3,140.50213262291,23940.353612268,0.9,61.1,43.779705,-79.45275,989.2,6.53077153793408,7.18956290663299,5.5,31.7688552457474,26.7,124.6,17.1,0.6,3.5
2018-08-09 16:13:52.400,185.4,37.360146682334,1.91614812760769,1.96313244818081,1.7612468427326,413.660058293078,423.803040719715,1.8044403728339,61.7,140.491291470742,23933.2861517309,0.9,62.7,43.7797116666667,-79.4527333333333,989.2,6.52700108080984,7.18681625654347,5.5,31.7709061383495,26.8,147.3,21,0.6,3.3
2018-08-09 16:13:53.400,185.2,37.359416733259,1.91762146555571,1.96452330232398,1.53009743925856,412.491908740305,422.580666782048,1.56752037978667,60.1,140.485102279585,23874.1932533048,0.9,63.7,43.779715,-79.4527166666667,989.2,6.52471261734398,7.18253911263564,5.5,31.7730053570819,26.8,173,14.2,0.5,2.7
2018-08-09 16:13:54.400,184.9,37.3638931261028,1.91486215273005,1.96151434967846,1.46154062283828,411.279736556581,421.29985119234,1.49715392201583,61.9,140.496700511595,23783.602472111,0.9,63.5,43.7797216666667,-79.4527,989.2,6.52458103754696,7.18463001633462,5.3,31.7749946234853,26.8,173.9,8.4,0.3,2.8
2018-08-09 16:13:55.400,184.9,37.369842380793,1.91408534802545,1.96071273757696,1.5245902731671,409.588879360611,419.566522914026,1.56173999397397,70.3,140.468011630902,23780.9407635445,0.9,72.7,43.7797266666667,-79.4526816666667,989.1,6.52551824459675,7.18482041358609,5.7,31.777188981169,26.8,163.8,14.7,0.6,3
2018-08-09 16:13:56.400,184.8,37.3723120620278,1.91290366437231,1.95932747608957,1.51842657918941,408.175270780782,418.081292283482,1.5553008096655,77.8,140.487366464389,23693.7690398433,0.9,77.3,43.7797316666667,-79.45266,989.1,6.52909217945852,7.18279813176675,5.9,31.7791556057861,26.8,150.7,15.4,0.6,3.8
2018-08-09 16:13:57.400,184.7,37.3734967761044,1.91368544250869,1.95981998139884,1.60938833970152,407.268391695877,417.086726660769,1.64818617794686,90.6,140.495253410529,23540.3377308038,0.9,94.8,43.7797283333333,-79.45264,989.1,6.52556052490883,7.18390756857304,5.9,31.7809714193093,26.8,109,11.4,0.6,5
2018-08-09 16:13:58.400,184.9,37.3794354546463,1.91446506843353,1.9604847027521,1.64032016063016,406.049125426002,415.80982989513,1.67976310431578,94.3,140.459015011519,23473.8414792896,0.9,98.7,43.779725,-79.452615,989.1,6.52548183569034,7.18814101181236,5.9,31.7831712637294,26.8,121.8,20.2,2.1,7.2
2018-08-09 16:13:59.400,185.2,37.3821440825273,1.91562811123085,1.96154868240907,1.50525335616066,405.553905444626,415.275796524397,1.54133703694283,93.1,140.48310188166,23410.5972046076,1.1,94.4,43.7797266666667,-79.452595,989.1,6.52686723022478,7.19191460209457,5.7,31.7851626585444,26.8,146.5,36.5,2.5,7.2
2018-08-09 16:14:00.400,185.1,37.3802794120584,1.91381716347128,1.95975647720656,1.61930095717446,405.361256329896,415.09166128803,1.65817319160213,95.9,140.490938308111,23441.645390407,1,98.6,43.7797283333333,-79.4525766666667,989.1,6.52734024858713,7.18843253466188,5.1,31.7870519832534,26.7,145.3,26.6,2.6,8.5
2018-08-09 16:14:01.400,185.2,37.3792120310325,1.91176506688489,1.95752163322852,1.60613494200732,404.779108546832,414.467215951853,1.64458324599206,97.8,140.486357039023,23374.8034785298,0.9,102.2,43.779725,-79.45256,989.1,6.5291747925924,7.18458572233105,5,31.7891149613382,26.7,143.5,32,3.2,7.8
2018-08-09 16:14:02.400,185.1,37.3802912936955,1.91330989680322,1.95883115813814,1.38580579377526,404.692768308388,414.321061270937,1.41878415599459,97.7,140.509712481777,23238.7755495752,0.9,97.8,43.7797233333333,-79.4525433333333,989.1,6.52874218235495,7.18599097190772,4.8,31.791111883646,26.6,153.4,41.3,2.6,6.7
2018-08-09 16:14:03.400,185.5,37.3846725666721,1.91379444213351,1.95937047106102,1.46267166455674,404.858074624507,414.49948983123,1.4975171310087,98.1,140.48391513449,23260.4563629078,0.9,97.9,43.779725,-79.452525,989.2,6.52823594142263,7.1866230883189,4.8,31.7932096438809,26.5,154.9,38.6,2.6,6.9
2018-08-09 16:14:04.400,186,37.3856813607931,1.91339993914335,1.95890590655924,1.61681579421157,404.559850978942,414.181407854473,1.65527041303579,105.9,140.488700766892,23230.2217218876,0.9,104.4,43.77972,-79.4525066666667,989.1,6.52893707140583,7.18541432534634,5,31.7951643603336,26.5,155.7,35.4,2.7,7
2018-08-09 16:14:05.400,186.9,37.3858203853073,1.91302325963268,1.95821652966472,1.50499898583699,404.182667171358,413.731023624268,1.54055884625512,125.1,140.499477614829,23078.6573585266,0.9,120,43.7797116666667,-79.4524883333333,989.1,6.53005980718789,7.18692024509163,5.3,31.7973055687951,26.5,167.4,24.8,3.1,8.1
2018-08-09 16:14:06.400,188,37.3912785339795,1.91499641943777,1.96014936003837,1.58792820999284,403.836141752427,413.358071831417,1.62537218220096,153.1,140.464673491238,23035.54825757,0.9,170.6,43.7796983333333,-79.4524833333333,989.2,6.52734148450947,7.18567328924889,5.3,31.798983614536,26.5,190.5,4,3.1,7.5
2018-08-09 16:14:07.400,189.1,37.398109856689,1.91525877020741,1.96060077893201,1.44316295955849,403.305551455587,412.853594343998,1.47731150354095,185,140.485508693112,23126.8829228909,0.9,193.9,43.7796833333333,-79.45249,989.1,6.52580070961507,7.18663066725144,5.9,31.8006966599209,26.5,197.5,354.4,2.5,7.7
2018-08-09 16:14:08.400,188.9,37.4056394277866,1.91463404383487,1.95976406109026,1.52458575068673,403.326427991643,412.833238062444,1.56048211684141,198,140.489514357566,23028.2123178705,0.9,214.8,43.779665,-79.4525016666667,989.1,6.52731019127945,7.18585852431617,6.8,31.8027834762255,26.5,180.7,354.6,2.9,8.9
2018-08-09 16:14:09.400,188.6,37.4111426836156,1.91558420464637,1.96045541442984,1.5933656035957,403.196411091377,412.64095875509,1.63069134228168,202.5,140.472560934515,22888.0948170394,0.9,210.1,43.7796483333333,-79.4525116666667,989.1,6.52712178493889,7.18267895176636,7,31.8049000890683,26.5,189.2,356.8,2.7,8.9
2018-08-09 16:14:10.400,188.4,37.4127248997412,1.91457272927527,1.95936174932703,1.50861314773505,402.77561999082,412.198059475055,1.54390489553978,204,140.496150083765,22858.9817985644,0.9,206.9,43.7796283333333,-79.4525266666667,989.1,6.52503806396233,7.18298907436942,7.4,31.8068720828471,26.5,204.9,2.9,2.3,8
2018-08-09 16:14:11.400,187.8,37.4140868234416,1.9162356322075,1.96091082386126,1.66072305792044,402.968971036867,412.363901212073,1.69943650051075,208,140.472000801668,22783.144996142,0.9,206.1,43.77961,-79.45254,989.1,6.52291370109294,7.18730804651412,7.5,31.8089059480859,26.5,200.1,357.5,1.9,7.2
2018-08-09 16:14:12.400,187.4,37.4158145626172,1.91625378527892,1.96077357893344,1.74367751139963,404.587301371839,413.986963951408,1.78418807709081,204,140.489584024051,22705.3686940524,0.9,206.4,43.77959,-79.4525483333333,989.1,6.52524294720726,7.18572404000305,7.7,31.8109055926694,26.5,211.7,4.7,1.7,7.4
2018-08-09 16:14:13.400,187.3,37.4179435493449,1.91426171368019,1.95859290766569,1.50942919842867,406.449514486204,415.862247226567,1.54439376513261,201.9,140.494846717466,22634.3478271463,0.9,197.7,43.779565,-79.4525583333333,989.1,6.52755212409999,7.18794104363062,8.5,31.8128398305814,26.5,219,0.4,1.6,7.6
2018-08-09 16:14:14.400,186.8,37.4188642988876,1.91932729437553,1.96363988486402,1.57230264225066,408.098853393867,417.520811472219,1.6085981850543,203.2,140.460729888759,22566.6085306998,0.9,203.1,43.7795383333333,-79.452575,989.1,6.52447747460801,7.18830127131914,9.4,31.8148954099633,26.5,197.9,0.4,2,9
2018-08-09 16:14:15.400,186.2,37.4153123503436,1.91998069836592,1.96412210367203,1.3869846224825,408.837690948065,418.237029318849,1.41888914454897,205.2,140.491848257628,22473.8685932178,0.9,201.7,43.779515,-79.45259,988.9,6.52403889542551,7.18788964959202,9.4,31.8167910299474,26.4,196.6,358.3,2.2,9.9
2018-08-09 16:14:16.400,186.2,37.4140419240086,1.91583212683224,1.95981006826763,1.32872964223708,409.065240033919,418.455400278227,1.35923222545404,203.8,140.491589975776,22440.1551378647,0.9,200.5,43.7794916666667,-79.4526033333333,989,6.52791175558871,7.18785026030863,9.4,31.8187330117656,26.4,204.9,0.9,2.9,10.5
2018-08-09 16:14:17.400,186.2,37.4215378798841,1.91351629351166,1.95728035264099,1.22694533131713,408.710140100309,418.057806813394,1.25502028332739,203.3,140.442378483249,22359.6906934106,0.9,199.3,43.7794683333333,-79.452615,988.9,6.52955326445747,7.18830293363021,9.6,31.8208844500138,26.4,207,0.4,2.5,9.2
2018-08-09 16:14:18.400,186.3,37.4287992052416,1.91167563197242,1.95529315235662,1.43874612459976,408.347258530879,417.664205119773,1.47157450202167,205.1,140.48146630113,22307.3737515938,0.9,208.5,43.7794466666667,-79.4526283333333,989,6.52943016472235,7.18888766808216,10,31.8227386396795,26.4,216.2,3.6,2.2,9.7
2018-08-09 16:14:19.400,186,37.4349852536048,1.91273255115886,1.95651565105383,1.67385200933882,410.07261117168,419.459300499303,1.71216647522339,206,140.482280829388,22377.8573393549,0.9,205.4,43.7794233333333,-79.452645,989.1,6.53067195015485,7.18815085679675,10.1,31.8248578693167,26.4,220.8,7.6,2.3,9.9
2018-08-09 16:14:20.400,185.5,37.4387499225284,1.91380557052251,1.95768018031287,1.50272785406875,411.273065012231,420.701601972963,1.53717922629413,205.8,140.470079714802,22411.4254745135,0.9,207.8,43.7794,-79.4526633333333,989.1,6.52987458107915,7.18494097603505,10.1,31.8268179714802,26.4,210.8,359.7,1.9,8.8
2018-08-09 16:14:21.400,185.3,37.4382454407118,1.91674221904945,1.9603241717248,1.42312144593816,410.8727003928,420.215039290891,1.45547827768035,206.8,140.492983830035,22232.132261026,0.9,201.7,43.779375,-79.4526766666667,988.9,6.52281229170145,7.1825509679948,10,31.8286969045139,26.4,196.1,356.7,1.5,8.1
2018-08-09 16:14:22.400,185,37.4447527287248,1.91931781889123,1.96278476517987,1.40263482195478,409.821133227495,419.102444104713,1.43440029186233,207.8,140.454094143186,22145.6017516333,0.9,207.6,43.7793483333333,-79.4526916666667,989,6.52157689526973,7.18543885990982,10.1,31.8308203697668,26.4,206,0,1.7,9.7
2018-08-09 16:14:23.400,185,37.4510499325093,1.91971321944537,1.96333425889934,1.43443620393518,409.18084543935,418.478531674853,1.4670325099254,206,140.486602306336,22217.8931918311,0.9,200.1,43.7793233333333,-79.452705,989,6.52589068799592,7.18616269304563,10.1,31.8328088738486,26.4,196.1,350.5,2.6,11.8
2018-08-09 16:14:24.400,185,37.45364373609,1.91396078152959,1.95764829470191,1.73617414024263,409.026462356688,418.362757762183,1.77581341509051,205.9,140.489012889903,22316.4127680792,0.9,204.1,43.7793,-79.4527216666667,988.9,6.52983638553772,7.18342420949262,10.1,31.8347434922441,26.4,180.2,347,3.3,11
2018-08-09 16:14:25.400,185.4,37.4585666475845,1.91463710711046,1.95825022024695,1.59861318236795,408.27939561115,417.579685630736,1.63504195127445,203.2,140.459290853169,22271.7766639072,0.9,202.6,43.7792766666667,-79.4527366666667,988.9,6.52621549565647,7.1888502080695,10.1,31.8366444202571,26.3,196.9,357.9,3.3,11.4
2018-08-09 16:14:26.400,185.7,37.4590973121564,1.91933519716868,1.96299257486892,1.51993248806595,408.803450669097,418.102159908662,1.55450614729692,210.8,140.488911879441,22240.3075826833,1.1,214.3,43.7792583333333,-79.4527583333333,988.9,6.52404437290346,7.19116414712212,10.1,31.8385567472829,26.3,172,341.8,2.1,9.8
2018-08-09 16:14:27.400,186.2,37.4622006448966,1.91685981140447,1.96058698376345,1.52140141620357,411.491340893461,420.878305880889,1.55610602757165,209.9,140.47673857651,22303.1454148386,0.9,215.7,43.7792366666667,-79.4527783333333,989,6.52264054995368,7.18678091386601,10.3,31.8408052238048,26.3,172.8,343.9,3,11.6
2018-08-09 16:14:28.400,186,37.4641471580568,1.91434256247824,1.95783697221957,1.53812525105294,412.251958080511,421.618406395969,1.57306863253936,209.4,140.475361295646,22215.3880968094,0.9,211.9,43.7792133333333,-79.4528016666667,989,6.52656816419929,7.18402931694134,10.3,31.8426406951167,26.3,185.7,349.7,2.8,10.4
2018-08-09 16:14:29.400,185.6,37.4620239826161,1.91510230436168,1.9584319107562,1.53338181405185,411.727954260322,421.043332127768,1.56807460203857,212,140.496840586688,22124.498769196,0.9,218.2,43.7791916666667,-79.4528216666667,989,6.52878662610574,7.18302261663801,10.3,31.8445236349531,26.3,183.7,345.3,2.8,10.6
2018-08-09 16:14:30.400,185.2,37.4633496097542,1.91631966371635,1.95989543609675,1.52549082457751,411.828356792636,421.193139172525,1.56017975073319,209,140.465045033354,22233.8445845758,0.9,211.5,43.77917,-79.4528366666667,988.9,6.52758187846187,7.1875478395151,9.4,31.8465455807615,26.3,171.7,342.8,2.1,9.1
2018-08-09 16:14:31.400,185.3,37.4602035559213,1.91687299082462,1.96070531817696,1.3890041230539,411.520356101877,420.930522051504,1.42076194821682,209.6,140.494964114551,22355.6604566808,0.9,208.6,43.779155,-79.4528533333333,988.9,6.52729098705252,7.18565722479689,7.7,31.8487465898653,26.3,168.2,336.5,3,10.3
2018-08-09 16:14:32.400,185.9,37.4587678194041,1.91563309414073,1.95895143964206,1.30002626705787,411.634596669746,420.942857572763,1.32942620333738,209.7,140.507132116559,22112.8864170055,0.9,213.3,43.7791416666667,-79.45286,988.9,6.52437754146765,7.1827136125523,6.1,31.8506587832208,26.3,161.1,332,2.8,8
2018-08-09 16:14:33.400,186.5,37.4641811782282,1.91780513181955,1.96114733664265,1.26127092136522,411.996881855601,421.307824867288,1.28977347163065,207.5,140.458384805942,22100.0161610092,0.9,215,43.7791333333333,-79.45286,988.9,6.52697059872955,7.18853003249128,4.6,31.8526260667627,26.4,166.3,337.6,2,5.5
2018-08-09 16:14:34.400,186.8,37.4660034320674,1.91757426773333,1.96119295529827,1.30314161068522,412.556960001481,421.941247220982,1.33278576174443,205.6,140.492538407023,22240.6304271683,0.9,216.3,43.779125,-79.4528616666667,988.9,6.5267918606803,7.19102245543398,3.1,31.8546208452616,26.5,168.8,329.5,0.9,3.4
2018-08-09 16:14:35.400,186.8,37.4697711896987,1.91623315206353,1.95982691887443,1.33044060968038,412.487078633894,421.870991813448,1.36070701657364,203.3,140.474028792339,22243.4901646639,0.9,214.9,43.7791216666667,-79.4528633333333,988.9,6.52611776411923,7.18953795096541,2.2,31.8565625414341,26.5,126.6,324.7,0.5,1.7
2018-08-09 16:14:36.400,187.6,37.4772057510783,1.91710570276313,1.96047494886211,1.66755884172239,411.450758432481,420.758739312378,1.70526526585861,204.5,140.446790750145,22121.790005692,0.9,217.3,43.77912,-79.4528583333333,988.9,6.52858340740628,7.19002202688425,1.8,31.8588284263951,26.6,125.4,327.6,0.3,1.2
2018-08-09 16:14:37.400,189,37.4831576103008,1.91832451442221,1.96172537060155,1.58256115779372,410.29578042627,419.578511351756,1.6183599431227,209.2,140.48929681479,22123.9540431937,0.9,217.9,43.7791216666667,-79.4528566666667,988.9,6.52521002738575,7.1888793567899,1.2,31.8604681100181,26.6,187.4,346.4,0.3,1.5
2018-08-09 16:14:38.400,189.4,37.4876063107923,1.92145390046932,1.96505065724548,1.40337324644181,409.756945674849,419.053974409784,1.43521420857259,215.5,140.46153811758,22185.853745332,0.9,216.8,43.779115,-79.452855,989,6.52261208565644,7.18525792630407,1.8,31.8628593000277,26.6,189.8,333.4,0.6,1.7
2018-08-09 16:14:39.400,189.8,37.4833288227249,1.9188625280967,1.96240610687944,1.09499371079464,408.404080825218,417.671737703187,1.11984354223655,214.7,140.473450647844,22188.9904311424,0.9,219.6,43.7791133333333,-79.4528533333333,988.9,6.52538670259213,7.18338836874486,1.8,31.8647589522938,26.6,175.6,325.3,0.8,2.9
2018-08-09 16:14:40.400,190.1,37.4810571213853,1.91835266213482,1.96183043439447,1.50059024898905,407.797120945112,417.039596439434,1.53459520040015,204.2,140.49863664421,22161.9912892491,0.9,221.2,43.7791,-79.4528533333333,988.9,6.52350413612394,7.18428514996223,2.4,31.8665488204392,26.6,179.4,337,1.3,3.1
2018-08-09 16:14:41.400,190.3,37.486777670385,1.91984620982514,1.96334896360319,1.50651411112863,407.757816274317,416.997482759354,1.54065107464611,207.1,140.450324324204,22157.6502415823,0.9,215.6,43.77909,-79.4528533333333,988.8,6.52404957817906,7.1820244993399,2.9,31.8687490500619,26.7,174.2,314.5,1.6,4.3
2018-08-09 16:14:42.400,190.2,37.4826164310017,1.91865433946318,1.96213334764033,1.50357309712634,406.9303339748,416.151853510893,1.53764596473312,208.2,140.49584097173,22159.0729679594,0.9,220.7,43.779075,-79.4528583333333,988.9,6.52273222211922,7.18742969496476,3.7,31.8706720309271,26.7,170.6,329.6,1.5,4.1
2018-08-09 16:14:43.400,190.9,37.4851853674536,1.91998462029667,1.96351981868376,1.4955111811954,405.351426614724,414.542627723,1.52942168474076,210.5,140.487753273721,22171.9401406875,0.9,218.5,43.779065,-79.4528633333333,988.9,6.52430200699414,7.18551953283378,4,31.8725405236344,26.7,170.5,332.8,1,3.8
2018-08-09 16:14:44.400,191.7,37.4919428988225,1.92208019774506,1.96540082481734,1.47490479175064,404.833228054653,413.957424276707,1.5081472845787,206,140.4544363592,22041.3968282961,0.9,211.8,43.7790566666667,-79.4528666666667,988.8,6.52578341843772,7.18834772840398,4,31.8744805187934,26.7,171.4,331.7,1.4,5.2
2018-08-09 16:14:45.400,192.4,37.4914171896577,1.91461293917877,1.95777800008316,1.52884447954548,404.379789816675,413.496500968178,1.56331318605233,214.3,140.4947541767,22047.9562722005,0.9,214,43.7790433333333,-79.4528783333333,988.8,6.53103134647185,7.18479442469768,4.6,31.8770005641106,26.7,167.9,330.9,1.9,5.1
2018-08-09 16:14:46.400,192.8,37.4936877359272,1.91577854740653,1.95876525283275,1.44772102619205,404.039168053121,413.105134945384,1.48020966814508,213.9,140.456691531053,21945.921326825,0.9,224.2,43.7790316666667,-79.4528883333333,988.9,6.53371729118983,7.18596996579208,4.8,31.8786373985523,26.7,194.5,345.7,0.5,2.9
2018-08-09 16:14:47.400,193.3,37.491028882019,1.9178625735768,1.96093282828441,1.50939914472298,403.62766891677,412.692056892377,1.54329860191221,208.4,140.474457088372,21964.0812530589,0.9,216.2,43.7790216666667,-79.4528916666667,988.8,6.52677907560353,7.19093805228954,4.2,31.8804936381261,26.7,65.6,338.8,0.4,2.1
2018-08-09 16:14:48.400,193.6,37.4862552520505,1.91870811873659,1.96188245065276,1.47708542432248,403.675464545973,412.758791732427,1.51032160759031,209.6,140.499649681139,22006.3232105935,0.9,217.9,43.7790116666667,-79.4528933333333,988.8,6.5235299633315,7.18629644093656,4.6,31.8821518053444,26.7,65.1,340.2,0.5,1.4
2018-08-09 16:14:49.400,193.9,37.487772322173,1.91506037853098,1.95812647016291,1.28863485169459,403.579251082994,412.654923203508,1.3176150977736,210,140.454283553187,21993.3584077192,0.9,217.6,43.7789983333333,-79.4528983333333,988.9,6.52738842126787,7.18268452353291,4.8,31.8844531114626,26.7,46.3,343.2,0.4,1.9
2018-08-09 16:14:50.400,194.8,37.4870624758407,1.91558862652269,1.95864199665574,1.38774402836157,403.457634296233,412.525379651626,1.41893357471933,208.5,140.49537808297,21981.2019094898,0.9,214.3,43.7789866666667,-79.4529016666667,989,6.53026295877071,7.18634061657821,5.3,31.8862109021356,26.8,34.1,0.4,0.3,2.4
2018-08-09 16:14:51.400,195.5,37.4866940415294,1.9194498864912,1.96247663189374,1.45081056424063,403.817609773164,412.86956704391,1.48333175118499,206.1,140.498813354052,21924.574661474,0.9,215.8,43.77897,-79.452905,988.8,6.52843220545799,7.1854138179292,6.1,31.8881013055645,26.8,287,19.4,0.7,3.8
2018-08-09 16:14:52.400,195.8,37.4895644399649,1.92009862343117,1.96360786472571,1.32950013736221,404.621924243032,413.790704112495,1.35961538212968,207.5,140.445057077019,22157.791405157,0.9,223.9,43.77895,-79.45291,988.9,6.52526889898891,7.19007386488388,6.6,31.8904470702208,26.8,238.5,10.2,0.9,5.4
2018-08-09 16:14:53.400,195.4,37.486611673821,1.91696139375875,1.9603047849009,1.34890109554385,404.960909840731,414.117340279837,1.3793975641165,208.4,140.491988345968,22110.6427166031,0.9,215.6,43.7789283333333,-79.4529166666667,988.8,6.52651585425436,7.18859775561984,7.5,31.8921715856969,26.8,226.7,6.3,1,5.1
2018-08-09 16:14:54.400,195.3,37.490526285127,1.91802819568935,1.96176838338716,1.4299717662956,405.58752789147,414.836796042205,1.46258614364537,210.4,140.454794292212,22296.0451985575,0.9,211.7,43.7789083333333,-79.4529333333333,988.9,6.52628847152666,7.18638912258464,8.5,31.8944716528372,26.8,264.8,8.4,0.2,4.7
2018-08-09 16:14:55.400,196,37.4919511691056,1.9210569956181,1.96443208751881,1.20413222089625,405.535662857788,414.692292304522,1.23134126523392,212.7,140.467024214731,22080.4141362844,0.9,213.9,43.7788866666667,-79.4529566666667,989,6.52350212964991,7.18898040267661,9,31.896140563581,26.8,281.6,16.1,0.5,5.8
2018-08-09 16:14:56.400,196.5,37.4900964275944,1.91881582688949,1.96182267255777,1.45339922155187,406.161572660613,415.264831168844,1.48596647842996,213.2,140.504049208355,21921.5985897584,0.9,218.4,43.7788633333333,-79.45298,988.9,6.52543762334983,7.18734304799836,9.8,31.8979641699543,26.8,271.8,20.3,1.3,7.3
2018-08-09 16:14:57.400,196.6,37.4944421674967,1.91982312728072,1.96331749093438,1.45403277728021,405.989906400135,415.187681885731,1.486966766561,214.2,140.454635930134,22153.2609653021,0.9,212.1,43.7788366666667,-79.4530033333333,988.8,6.52225707478704,7.18904712805997,10.1,31.9001180079254,26.8,276.8,16.1,1.1,6.5
2018-08-09 16:14:58.400,196.2,37.4992975393503,1.91983738319918,1.9632329493134,1.05795969724153,406.255644309113,415.438489536882,1.08188623744152,214.7,140.504218393786,22103.9159081376,0.9,217.8,43.778815,-79.4530333333333,988.8,6.52141128019698,7.18892142693438,10.3,31.9017460555924,26.8,279.7,15.6,1.1,7.1
2018-08-09 16:14:59.400,195.3,37.5090558939547,1.91924579136795,1.96298409612605,1.57214497561759,406.317073324456,415.576733530759,1.60800671704553,213.9,140.502939195739,22281.4142120193,0.9,215.2,43.7787916666667,-79.4530633333333,988.8,6.52140811624678,7.18539237713627,10.7,31.9034624589791,26.8,265.7,11.4,1.2,7.4
2018-08-09 16:15:00.400,194.4,37.5213698798305,1.91953836335901,1.96358035299707,1.43885016747891,406.484708493926,415.81096939772,1.47185614958992,214.4,140.447056223644,22429.1638842951,0.9,217.2,43.778765,-79.4530916666667,988.8,6.52505089999294,7.18836690173433,11.1,31.905805657624,26.8,237.2,3.1,1,8.1
2018-08-09 16:15:01.400,193.8,37.5197120975257,1.91608345550775,1.95968085149616,1.43600833214946,405.985035587251,415.222589652585,1.46867997087731,213.6,140.506686514252,22247.2824237943,0.9,215.9,43.7787416666667,-79.4531183333333,988.9,6.52752853268102,7.18693765138238,11.1,31.9076084630798,26.7,240.9,6.6,1.5,9.1
2018-08-09 16:15:02.400,193.3,37.5228528586882,1.9158652525104,1.95949867537567,1.43816209634217,405.14508537675,414.372238145839,1.47091604155418,215.9,140.483324063449,22267.7781928593,0.9,215.5,43.77872,-79.4531433333333,988.8,6.52582964034173,7.18987144775175,11.1,31.9096654615149,26.7,216.4,0.5,2,10.1
2018-08-09 16:15:03.400,193,37.5273754278748,1.91883222808233,1.96282708351909,1.45654613458673,404.577125981861,413.853135562303,1.48994125425659,213.7,140.447953528918,22413.7331770921,1,221.7,43.778695,-79.4531633333333,988.8,6.53003443093861,7.19502688815114,11.1,31.9117292771838,26.6,208,354.8,2.2,10
2018-08-09 16:15:04.400,192.2,37.5298120181211,1.9153598306798,1.95941285838723,1.34331576761736,404.736130159212,414.044932397187,1.37421014152756,213.6,140.498500120047,22482.5822606699,0.9,218.5,43.77867,-79.45319,988.8,6.53023112814471,7.18743735404543,11.4,31.9133968203047,26.6,195.4,351.4,2.1,9.6
2018-08-09 16:15:05.400,191.2,37.5329422266024,1.91659378776375,1.96070668006876,1.46281141324706,404.460373941159,413.769522524349,1.49648042848884,213.3,140.473212876093,22498.5191656827,0.9,212.1,43.7786433333333,-79.4532183333333,988.9,6.52774284544253,7.18879185249485,11.6,31.9155419432404,26.5,162.5,345.5,1.6,8.3
2018-08-09 16:15:06.400,190.3,37.5334947939933,1.91809549247981,1.96263066998787,1.36334753394845,404.588070771835,413.981887174446,1.39499732643084,214.9,140.478423103439,22691.3015805145,0.9,222.1,43.778615,-79.4532483333333,988.8,6.52555975435044,7.18922810473876,12.4,31.9177028224682,26.5,152.8,338.4,1.8,8.8
2018-08-09 16:15:07.400,189.5,37.5298600727953,1.91815667642519,1.9623192965683,1.40553720091937,404.873445025657,414.195065550041,1.43789446109004,212.7,140.485521435099,22505.3889717565,0.9,218.8,43.7785883333333,-79.4532733333333,988.8,6.52401678139489,7.18841516125178,12.4,31.9194768461852,26.5,168.5,343.3,1.5,9.3
2018-08-09 16:15:08.400,190.2,37.5334400778053,1.91620720165101,1.96068594269896,1.27419714646521,405.432335557095,414.843340056354,1.30376777192245,213.7,140.455069251606,22685.5530468618,0.9,216.8,43.7785633333333,-79.453295,988.8,6.5240705140781,7.18379426166089,12,31.9212660039545,26.5,170.3,345.2,2.2,10.3
2018-08-09 16:15:09.400,191.1,37.5340642495877,1.91234119772868,1.9570893600889,1.12806661099206,406.105833021644,415.608623309327,1.15445962510311,215.1,140.50527275058,22864.6819295928,0.9,222.7,43.7785366666667,-79.4533183333333,988.9,6.52975638225972,7.18191656184746,12.2,31.923951922301,26.5,188.8,352.1,2.2,11
2018-08-09 16:15:10.400,192.1,37.5423745779123,1.91640680790097,1.96121501455662,1.26645522830335,406.046896290195,415.540977173259,1.29606567594218,214.8,140.503644698535,22847.3897885307,0.9,216.5,43.77851,-79.45334,988.9,6.53084118846789,7.18845799050109,12,31.925222856012,26.5,202.9,354,2.2,11
2018-08-09 16:15:11.400,192.5,37.5514310882429,1.91435826033892,1.95906623880086,1.17002810539743,405.924833251304,415.404886888166,1.19735397597618,215.9,140.44727237852,22821.1787549272,0.9,224.7,43.7784816666667,-79.4533683333333,988.8,6.52880205365226,7.18512598960119,12.5,31.9276024315172,26.5,199.5,352.6,2.6,11.7
2018-08-09 16:15:12.400,192.6,37.548346948554,1.916903497767,1.96205294661354,0.980938637997286,405.405233622169,414.953756201556,1.00403775427298,213.2,140.502379468805,23011.0925492022,0.9,226.3,43.7784483333333,-79.45339,988.8,6.52956468555383,7.18514111278913,13.5,31.9287818531257,26.5,184.4,346.9,2.9,12.1
2018-08-09 16:15:13.400,191.4,37.5513888744026,1.91898102344361,1.96422165185172,1.03803906360937,406.217655791957,415.79441038909,1.06251080398037,212.5,140.46900602459,23032.5296576625,0.9,221,43.7784133333333,-79.4534233333333,988.8,6.5306213408268,7.18660016834223,13.8,31.931241169916,26.5,191.5,351.6,2.8,12.6
2018-08-09 16:15:14.400,190.5,37.5579475758447,1.91967013528787,1.96482487987532,1.5510509325863,405.883368824404,415.430585382379,1.58752985483417,214,140.443719047345,22981.4984624794,0.9,219.5,43.77839,-79.4534566666667,988.9,6.52648003889906,7.19212099574815,13.8,31.9326027056424,26.5,191.1,353.6,2.8,12.3
2018-08-09 16:15:15.400,190.4,37.558317953494,1.91840037954708,1.96330666778841,1.5485521854915,405.766311296044,415.264579176839,1.58480246365069,211.9,140.511691029255,22872.7361710124,0.9,214.3,43.778355,-79.4534783333333,988.8,6.52478672333122,7.19328791866848,14,31.9345383893527,26.5,194.7,348.1,2.4,12
2018-08-09 16:15:16.400,190.5,37.5601464740201,1.92161222277421,1.966747261816,1.03911081897824,406.513248822804,416.061558252412,1.06351184659088,212.7,140.46420383829,22949.2122396824,0.9,213.5,43.7783216666667,-79.4535033333333,988.9,6.53044626677162,7.19120825720376,14.4,31.9369856975769,26.4,177.3,342.4,3.2,13.5
2018-08-09 16:15:17.400,190.3,37.5545290472786,1.92002946375446,1.96549716148817,1.28006856201703,408.210820848018,417.87767648449,1.31038991532488,211.3,140.477659636673,23133.2886023521,0.9,214.9,43.7782866666667,-79.4535316666667,988.9,6.52649978454162,7.19271933948825,14.2,31.9389546914025,26.4,171.2,338.8,3.7,13.5
2018-08-09 16:15:18.400,190.5,37.5518056714109,1.91896102018491,1.96428463826143,1.31497500535143,409.797087337821,419.475885430049,1.34603306295365,211.5,140.511021615266,23073.5360321939,0.9,214.6,43.778255,-79.4535566666667,988.8,6.52859423209334,7.19239896888042,14.4,31.9407813354405,26.4,161.4,342.2,3.1,12.1
2018-08-09 16:15:19.400,190.5,37.5563845512943,1.92207241976034,1.96734536070459,1.37982767869583,410.599350447664,420.270724896316,1.41232798542314,211.7,140.452042596951,23012.2042704658,0.9,217,43.7782233333333,-79.4535883333333,988.8,6.52264635772661,7.1854838628319,14.8,31.9431186457191,26.4,158.7,337.2,2.5,11.8
2018-08-09 16:15:20.400,190.5,37.5616110392248,1.92031332575812,1.96545742123938,1.46149293136622,411.771436613275,421.451728543854,1.49585037789942,211.5,140.514764511072,22968.9367601367,0.9,219.7,43.77819,-79.45362,988.8,6.52583877223164,7.18554615123508,14.8,31.9447902027683,26.4,144.4,352,2.2,10.6
2018-08-09 16:15:21.400,190.5,37.5680442949895,1.92039846388971,1.96560376757708,1.34516537280601,410.928960418224,420.601833292706,1.376829619417,211.5,140.484485699304,22997.8486052471,0.9,218.8,43.7781583333333,-79.4536483333333,988.9,6.52991731409719,7.19016071264447,15.1,31.9469516364141,26.4,206.5,355.7,1.7,11.8
2018-08-09 16:15:22.400,190.3,37.5728193941855,1.92484613555229,1.9703324408782,1.42153476593947,410.727471541276,420.433243613535,1.45512685778474,212.7,140.436613486268,23085.302890466,0.9,220.1,43.7781266666667,-79.4536766666667,988.9,6.52616437197314,7.18968493410873,15.3,31.948788789316,26.5,184.4,350.8,1.8,11.7
2018-08-09 16:15:23.400,190,37.5677270144129,1.92247118938383,1.96769196008073,1.3254716824599,409.679585178677,419.316254186631,1.35665085539472,214.3,140.51348944889,22981.8354413866,0.9,226.3,43.7780933333333,-79.4537066666667,988.8,6.52580784222486,7.18778196072539,15.5,31.9511867254541,26.5,190,353.3,2.2,12.1
2018-08-09 16:15:24.400,189.6,37.569939385682,1.92543621009629,1.9706069151965,1.34657144582744,408.634546472559,418.221108294767,1.3781616920186,213.4,140.464470166009,22922.2192559987,0.9,222.5,43.7780583333333,-79.4537333333333,988.9,6.52938675989694,7.1866282567303,15.3,31.9523824275104,26.5,193.5,354.9,1.9,12.9
2018-08-09 16:15:25.400,189.6,37.5696319218663,1.92266643526492,1.96769269543336,1.43375895072941,409.508867640635,419.099098136037,1.46733597514513,210.5,140.481420298131,22883.0076977662,0.9,215.3,43.7780283333333,-79.4537566666667,988.7,6.52375540705873,7.18954196022438,14.6,31.9544944027489,26.5,202.6,354.9,2.7,13.9
2018-08-09 16:15:26.400,190.5,37.5725225011351,1.91969392307013,1.96442778957512,1.30719454881979,410.169910368423,419.727825132052,1.33765658349197,208.4,140.507840504745,22771.7366354391,0.9,218,43.778,-79.4537783333333,988.8,6.52892862200588,7.18882362262605,13.8,31.9559535548099,26.5,194.6,355,2.3,12.8
2018-08-09 16:15:27.400,191.3,37.5828952128075,1.92394693547113,1.96911162652405,1.37502372234336,409.542752217577,419.156759616811,1.40730262311071,208,140.460719953582,22936.5235192099,0.9,222.8,43.7779716666667,-79.4538,988.9,6.52263327841126,7.19033572962633,13.3,31.9575167396865,26.4,201.2,358.7,3.4,14.3
2018-08-09 16:15:28.400,191.1,37.5834952647542,1.92283996197421,1.96791264426919,1.63201542131123,410.115774366123,419.729340099726,1.6702703987018,209.3,140.51317249841,22904.0866292252,0.9,219.1,43.7779466666667,-79.4538266666667,988.9,6.53196565666449,7.19286420947763,12.7,31.9602288336909,26.3,203.9,356.3,3.9,14.4
2018-08-09 16:15:29.400,190.5,37.589039741459,1.92076596290662,1.96563559173932,1.16027689951483,411.43434279406,421.04574047787,1.18738399968272,210.6,140.49130011538,22827.3254667576,0.9,221.2,43.7779216666667,-79.45385,988.8,6.53075261259361,7.19125638020541,12.2,31.962762779428,26.3,198.3,347.8,3.7,12.5
2018-08-09 16:15:30.400,189.8,37.5961504097403,1.92522668532133,1.97050301666625,1.14032452935626,412.32376538867,422.020522875258,1.16714123898537,209.6,140.448276324847,22976.8080024446,1,224,43.7778933333333,-79.4538716666667,988.9,6.52920950583122,7.19479798878432,12,31.9634135138516,26.3,181.3,343,3.4,12.8
2018-08-09 16:15:31.400,189.6,37.6055802354283,1.92323380101546,1.9687499576348,1.27030774850651,411.434337222667,421.171355136628,1.30037173792409,209.3,140.515281977836,23118.9149929834,0.9,220.7,43.7778683333333,-79.4538916666667,988.7,6.52741423840101,7.19150293830114,11.4,31.9660698794321,26.3,179.2,345,3.6,13.3
2018-08-09 16:15:32.400,189.8,37.6093659933532,1.92072303792661,1.96600508070039,1.28436656535608,410.397795916371,420.072926100371,1.31464584753165,209.6,140.48324315636,23032.0859348322,0.9,218.6,43.777845,-79.45391,988.8,6.52844798748478,7.19723189567143,11.1,31.9675343973413,26.3,188.2,348.5,3.8,12.3
2018-08-09 16:15:33.400,190,37.6172774301464,1.92570765118015,1.97175239419479,1.36177372951654,411.491749103712,421.330803066243,1.39433541083711,210.1,140.45399662298,23352.1266917081,0.9,221.7,43.7778216666667,-79.4539333333333,988.9,6.5273331380479,7.19230894794026,10.9,31.9702341262498,26.3,188.4,346.1,3.2,12.6
2018-08-09 16:15:34.400,189.2,37.6227791952218,1.92524932639889,1.97124475296123,1.44444079212812,412.672104265729,422.531034710158,1.47894887595906,212.7,140.511209172197,23333.0162130075,0.9,229.1,43.7777983333333,-79.4539616666667,988.8,6.52584323918129,7.19033858414811,11.1,31.9726346820258,26.3,173.6,338,4.1,13.5
2018-08-09 16:15:35.400,188.4,37.628423565774,1.92685072550543,1.9727487857805,1.24684727698659,412.299993532829,422.121030133776,1.27654819415219,214.2,140.468342701105,23265.9409507225,0.9,225.6,43.7777716666667,-79.4539883333333,988.8,6.5240948351329,7.19235123603979,11.1,31.9730878213543,26.3,182.9,346.9,3.4,12.4
2018-08-09 16:15:36.400,187.9,37.6336300187874,1.92113865753052,1.96694900359398,1.41978947240063,412.201555454601,422.030608326734,1.45364491707555,210,140.479499655671,23289.9641289983,0.9,223.9,43.7777433333333,-79.4540066666667,988.7,6.52969311113426,7.19336789591582,10.9,31.9762400704368,26.3,180.8,345.7,3.8,13
2018-08-09 16:15:37.400,187.4,37.6332572444961,1.92376943852992,1.96968178489494,1.42483786419387,412.90423480855,422.758631636593,1.45884355703479,212,140.515231464544,23309.691006492,0.9,220.3,43.777725,-79.4540266666667,988.9,6.53129579393365,7.19093910453009,10.7,31.9775203138693,26.3,192.8,347.9,4.3,15.2
2018-08-09 16:15:38.400,187.3,37.6301,1.920984,1.966311,1.48599,413.2529,423.004,1.521054,210,140.4634,23052.06,0.9,216.3,43.7777033333333,-79.454045,988.8,6.532057,7.188175,10.3,31.97948,26.2,185.7,349,4.4,13.9
2018-08-09 16:15:39.400,187.5,37.62931,1.921326,1.967063,1.539677,413.0795,422.9127,1.576329,210.1,140.509,23251.22,1,216.3,43.77768,-79.454065,988.8,6.529603,7.190449,10,31.98071,26.2,191.6,344.5,3.7,12
2018-08-09 16:15:40.400,187.7,37.63416,1.92372,1.969501,1.471094,413.597,423.4399,1.506104,212.2,140.4848,23245.1,0.9,220.9,43.7776633333333,-79.4540866666667,988.8,6.524595,7.18428,9.6,31.9838,26.2,170.8,333.4,4.5,14.1
2018-08-09 16:15:41.400,187.8,37.64114,1.922522,1.968133,1.458935,412.6076,422.3965,1.493548,210.8,140.4706,23174.87,0.9,215.8,43.7776483333333,-79.4541066666667,988.8,6.531144,7.189486,9,31.98552,26.2,169.7,331.7,4.7,13.5
2018-08-09 16:15:42.400,188.2,37.64685,1.918565,1.963962,1.441395,412.2471,422.0017,1.475501,207.7,140.5048,23115.09,0.9,217,43.7776283333333,-79.454115,988.8,6.531508,7.188001,8.5,31.98781,26.3,169.1,333.6,4.4,12.9
2018-08-09 16:15:43.400,188.2,37.6460136950142,1.9235109740833,1.96911269755758,1.67569590387935,412.481577804671,422.26062341559,1.71542316258244,208.4,140.474509934364,23158.5852852324,0.9,216.3,43.7776116666667,-79.4541283333333,988.7,6.52604111462289,7.19142988096561,8.1,31.9893785725465,26.3,167.5,335.3,4.8,13.9
2018-08-09 16:15:44.400,188.7,37.6449212722544,1.92675188989776,1.97214592088866,1.32558738803455,412.226751337812,421.93878398698,1.35681766573178,210.3,140.469540682385,23017.5544556564,0.9,216.2,43.7775966666667,-79.4541416666667,988.8,6.53063594875756,7.18982615767587,7.5,31.9912186665776,26.3,177.9,341,5.4,13.7
2018-08-09 16:15:45.400,189.3,37.641145042982,1.92341691041345,1.96881458838666,1.44646097556122,411.014756766461,420.71565812348,1.48060050607955,209.1,140.515523564357,23058.1329037859,1,215.6,43.777585,-79.4541533333333,988.8,6.53200000184047,7.19296500005834,6.8,31.9930719764706,26.3,177,335.2,4.7,11.2
2018-08-09 16:15:46.400,189.7,37.6383139518242,1.92972346282005,1.97521540396227,1.53610286489872,410.0927280042,419.760383257535,1.57231492306419,204.6,140.449684593585,23031.3912956877,0.9,212.3,43.77757,-79.45416,988.6,6.52621663649478,7.18227668499402,6.2,31.9951009280598,26.3,181,344.2,4,11.5
2018-08-09 16:15:47.400,189.7,37.6358613174452,1.92401362394662,1.96888990098719,1.67123810143674,408.528105612747,418.056755392643,1.71021537703251,201.7,140.516345748967,22792.7962768569,0.9,206.3,43.777555,-79.4541666666667,988.6,6.53001834410762,7.19417095293082,5.9,31.9976984750344,26.3,175.2,340.2,3.8,10.5
2018-08-09 16:15:48.400,189.9,37.6297741118325,1.9243873125305,1.96966529148197,1.18113535764768,406.706907803054,416.276092101925,1.20892534053356,198.7,140.479978026945,22987.6694885281,0.9,207.1,43.7775416666667,-79.45417,988.7,6.53032850504898,7.19131014828987,5.7,31.9989477367959,26.3,163.2,326.7,3.7,10.4
2018-08-09 16:15:49.400,190.3,37.6301475660509,1.92295323225581,1.96805003128324,1.22088256230687,406.834852562275,416.375827110273,1.24951567853272,193.1,140.454589082704,22914.3698754547,0.9,198.9,43.7775316666667,-79.454175,988.8,6.53009457719004,7.1896789013294,4.8,32.001107093199,26.3,156.5,332.7,3.5,9.1
2018-08-09 16:15:50.400,190.2,37.6286799435282,1.92194834499671,1.96713773833079,1.5876303284335,405.781042018973,415.321863186805,1.62496075122963,186.4,140.516488610344,22972.0749289548,0.9,180.9,43.7775233333333,-79.4541816666667,988.6,6.53008063558847,7.19705383679217,3.7,32.0025436689181,26.4,146.2,337.9,2.7,7.8
2018-08-09 16:15:51.400,190,37.6229101468376,1.9248497279278,1.96986555527541,1.16702024350039,405.759964730318,415.249337205069,1.19431211899627,177.1,140.474345426546,22852.3790656832,0.9,172.7,43.7775266666667,-79.454185,988.7,6.53102594370034,7.18954533670948,2,32.0045764337798,26.5,162.3,8.7,2.8,7.6
2018-08-09 16:15:52.400,189.4,37.6231303680809,1.92468074933724,1.96966314728132,1.70223848859456,405.920429010557,415.407365989462,1.74201969425132,174.7,140.438453871931,22837.6128592592,0.9,171.2,43.7775283333333,-79.4541883333333,988.8,6.52831108557124,7.18363339693589,1.1,32.0064544883786,26.5,173.9,4.9,3.6,6.1
2018-08-09 16:15:53.400,188.1,37.6140214095778,1.92584740898819,1.97096684240062,1.33514464617493,404.912457653699,414.398856614533,1.36642308322827,174.9,140.51916971537,22892.0360964246,0.9,170.3,43.77753,-79.4542,988.6,6.53111350871861,7.19164619794227,0.9,32.00855807821,26.5,176.1,358.5,3.2,7.1
2018-08-09 16:15:54.400,187.8,37.6093511896562,1.91963219795743,1.96435761565097,1.53889507515077,404.828524639193,414.260519529007,1.57474941709733,175,140.462478549956,22768.1833143558,0.9,168.3,43.7775316666667,-79.4542,988.7,6.52922471801417,7.19041912402202,1.1,32.0102806079668,26.5,178.1,17.3,2.8,6.3
2018-08-09 16:15:55.400,187.9,37.609066687728,1.92355705609177,1.96831408466004,1.49016058142371,404.279351329464,413.686096195413,1.52483363669182,170.7,140.502861831122,22738.9621297125,1,167.1,43.77753,-79.4541933333333,988.8,6.52414252159203,7.19210572777777,1.1,32.0124536295467,26.5,178,9.5,2.9,6.7
2018-08-09 16:15:56.400,188.1,37.6136478320283,1.92078940322329,1.96549451752067,1.42220771076802,404.100694784467,413.505824442215,1.45530948170568,173.9,140.512946571674,22744.9524979525,1,167.5,43.77753,-79.4541916666667,988.8,6.52740826667403,7.1938031131298,1.4,32.0141237875246,26.5,184.6,18.4,3.6,7.6
2018-08-09 16:15:57.400,188.5,37.6171433638128,1.92417958394907,1.96898814640039,1.50217018379508,404.193025324201,413.60558728269,1.5371514459872,171.7,140.451163443589,22757.2657992734,1,165.2,43.7775283333333,-79.4541916666667,988.8,6.52981402003898,7.19126488304202,1.2,32.0158097477305,26.5,178.6,23.9,3.3,7.1
2018-08-09 16:15:58.400,188.9,37.6137002803127,1.92148307032381,1.96602815276628,1.54041872688871,403.800005798219,413.161042529088,1.57612909961998,168.5,140.517318222595,22657.2342647365,1,162.5,43.777525,-79.4541866666667,988.8,6.5305057645683,7.19508935019064,1.4,32.0180178688599,26.6,195.5,32,3.5,8.2
2018-08-09 16:15:59.400,189.4,37.6071664951982,1.92136107813538,1.96592291356849,1.26020563451633,403.942505255783,413.311048737765,1.28943304810852,162.9,140.468481898356,22667.0558835697,1,163.8,43.77752,-79.4541833333333,988.7,6.53274717547787,7.19256890111256,0.9,32.0194993648379,26.6,198.4,28.5,2.7,6.5
2018-08-09 16:16:00.400,189.7,37.6090260689487,1.9230681534227,1.96765293383906,1.54320069228921,403.414865724786,412.767670538475,1.57897711042634,164.9,140.440978885669,22658.7064094518,0.9,165,43.7775166666667,-79.454175,988.9,6.52751886653474,7.18760714634407,0.7,32.0215249681721,26.6,184.7,17.2,3.7,7.8
2018-08-09 16:16:01.400,189.9,37.6047474605665,1.92289216917302,1.9675873873725,1.40182777897181,403.174260312688,412.545460921495,1.43440687213632,184.1,140.51397136796,22715.5908850833,0.9,158.9,43.777515,-79.4541716666667,988.7,6.53109962563391,7.19225040586714,0.7,32.0237458061985,26.6,191.1,31,4,8.9
2018-08-09 16:16:02.400,190.1,37.6026148209179,1.91872178476606,1.96300120421943,1.54489096929349,403.237962519617,412.543718339114,1.58053693739692,176.4,140.46686618652,22557.1191637976,0.9,155.8,43.7775133333333,-79.4541683333333,988.9,6.53338062823016,7.18735004958332,0.9,32.025608073123,26.6,198.3,41.1,4,7.3
2018-08-09 16:16:03.400,190.7,37.5981969068747,1.92413269069853,1.96912543806567,1.3181081036125,402.467872145296,411.878924614602,1.34892990765931,166.7,140.505130688135,22848.9929709029,1,150.6,43.7775133333333,-79.4541633333333,988.9,6.52909160242455,7.19364500249751,0.7,32.0275081295377,26.6,201.7,34.1,2.8,7
2018-08-09 16:16:04.400,191.2,37.5987705249353,1.92309508925259,1.96820559741373,1.37963612295372,402.461905913949,411.902607428618,1.41199603817874,87.3,140.515678003344,22919.7102825833,0.9,152.5,43.7775116666667,-79.4541616666667,988.8,6.5298969249902,7.18782535018415,0.5,32.0293732906816,26.6,181.4,23,4,7.5
2018-08-09 16:16:05.400,191.4,37.5969241417663,1.92322323831283,1.96827683617407,1.82639712558546,402.063413565493,411.482220977644,1.86917998956516,84.4,140.499824888484,22889.7659834841,0.9,145.3,43.77751,-79.45416,988.9,6.53268058893995,7.19531044424194,0.3,32.0311011781235,26.5,170.8,16.3,4.8,9.5
2018-08-09 16:16:06.400,191.1,37.5959143786821,1.92535310947323,1.97055298151825,1.56213103411182,402.286379794504,411.730445253499,1.59880524868297,85.3,140.49055939372,22937.5954233164,0.9,154.3,43.7775066666667,-79.4541583333333,988.8,6.53274198437747,7.19075437953905,0.3,32.0331966419749,26.5,168.4,8.9,4.5,9.6
2018-08-09 16:16:07.400,191,37.5970307921336,1.92507224357945,1.97005980670158,1.40953247629844,402.83323965125,412.247140758831,1.4424725695573,176.3,140.469364313842,22835.5360217377,1,158.3,43.777505,-79.4541566666667,988.8,6.53613417753188,7.18626839879443,0.3,32.035259908105,26.5,160,4.9,5,10.2
2018-08-09 16:16:08.400,190.9,37.5989613860618,1.92465416672583,1.96943540473645,1.372842623823,402.159257484413,411.516301711311,1.4047830483973,193.3,140.414366160493,22737.9024961012,0.9,169.7,43.7775033333333,-79.4541566666667,988.9,6.52954589532926,7.18960609969524,0.5,32.0373557426255,26.4,193.3,30.6,5,9.3
2018-08-09 16:16:09.400,190.7,37.5969781531109,1.92210868184545,1.96720600642419,1.30376454242545,402.235683067887,411.673029719702,1.33435430371839,167.8,140.515604368114,22924.4715387223,0.9,161.5,43.7775016666667,-79.4541566666667,988.8,6.53230157390633,7.18935560138523,0.9,32.0394206994491,26.4,183,19.2,4.4,9.2
2018-08-09 16:16:10.400,190.6,37.6034384146474,1.92481487801874,1.96969848199353,1.31828191119287,402.322925163428,411.70431781548,1.34902256404092,164.5,140.470270516957,22786.8882441321,1,160.5,43.7775,-79.4541566666667,988.8,6.52939025445669,7.18190494394353,1.4,32.0412284611223,26.4,175.3,9,4.5,9.4
2018-08-09 16:16:11.400,190.5,37.610573988683,1.92445436478428,1.96929300934222,1.45089803409524,402.807465811566,412.192718542082,1.48470067800785,158,140.488032333284,22769.1404840063,0.9,158.8,43.7774983333333,-79.4541583333333,988.8,6.53258720909904,7.18489425121521,2.2,32.0428621555523,26.4,177,17.1,4,10.7
2018-08-09 16:16:12.400,190.3,37.6105271075232,1.92506707013429,1.96968077423775,1.60859941720886,402.784655019356,412.11937971545,1.64588354528821,155.3,140.507612082093,22650.5581999358,0.9,153.5,43.7774933333333,-79.4541566666667,988.9,6.53005556333596,7.18585172461493,2.5,32.0449786401968,26.4,176.3,21.9,5.5,11.1
2018-08-09 16:16:13.400,190.1,37.6097860041348,1.92912714500777,1.97357316958701,1.45222944331191,402.231804306908,411.498915769578,1.48568442315498,150.1,140.465348549922,22520.3815045614,0.9,146.8,43.7774833333333,-79.45415,988.8,6.52952437426116,7.19388148182686,3.3,32.0468156210872,26.4,172.5,25.4,4.6,10.5
2018-08-09 16:16:14.400,190.1,37.6101130758842,1.92469108546036,1.96952854764101,1.36361141822874,403.037604519158,412.426681459234,1.39537803291451,146.9,140.506022765274,22765.5563703003,0.9,147.2,43.7774716666667,-79.4541383333333,988.8,6.52738023059924,7.18413349187919,3.8,32.0488469400759,26.4,171.8,13.5,3.7,8.7
2018-08-09 16:16:15.400,189.8,37.611906810597,1.92489579940379,1.96971948552421,1.36673660058474,402.772752364261,412.151632830316,1.39856140457834,147.4,140.468889339891,22756.0257778055,0.9,147.1,43.7774583333333,-79.4541283333333,988.8,6.52798689139806,7.19374159423057,4,32.0507257101945,26.4,173,17.6,3.5,8.2
2018-08-09 16:16:16.400,189.1,37.6209810933078,1.92269419134033,1.9671663135519,1.38292759290626,402.773731163445,412.089923466162,1.41491517945023,142.9,140.438695774751,22607.0206736727,0.9,143.2,43.777445,-79.4541166666667,988.8,6.53074672101248,7.19324850957114,3.8,32.0527141470374,26.4,158.1,0.4,2.4,6.9
2018-08-09 16:16:17.400,188,37.621852090227,1.92562859958447,1.97004257043711,1.33906749849009,402.331320083266,411.610924661728,1.36995022323981,139.5,140.506792254028,22544.6333188128,0.9,148.3,43.7774333333333,-79.4541033333333,988.7,6.52923273680975,7.19049871351758,4,32.054469558791,26.5,157.3,1.4,3.2,8.8
2018-08-09 16:16:18.400,187.2,37.629481028955,1.92635053456102,1.97064363746874,1.54093318242899,402.610991518974,411.868362981788,1.57636771033217,147,140.463047499034,22476.4953888296,0.9,152.9,43.7774216666667,-79.454095,988.9,6.52897068362597,7.18957066365246,3.8,32.0562503763557,26.5,149.7,8.5,2.6,7.4
2018-08-09 16:16:19.400,187.3,37.6453577297959,1.92381269157128,1.96792692292155,1.31602038736898,402.712084757849,411.946431619202,1.34619481157771,153.1,140.445309714465,22416.3196738381,0.9,161.2,43.7774133333333,-79.4540883333333,988.8,6.53354453956926,7.18767670871834,3.7,32.0584962488795,26.5,185,18.8,3.1,7.7
2018-08-09 16:16:20.400,188.2,37.6486792833252,1.92562691248907,1.96993925050587,1.19472631970861,402.686483606134,411.953123160086,1.22221928326146,158.3,140.503018661856,22494.3695977796,0.9,163.1,43.7773966666667,-79.4540783333333,988.8,6.53359131255845,7.18205957301504,3.5,32.0599243179793,26.6,190.6,23.9,3.7,9
2018-08-09 16:16:21.400,188.4,37.6523727417838,1.92455034776634,1.96874787079785,1.20987072299399,402.943013102566,412.196696049846,1.23765683320665,161.6,140.463443773029,22449.6089369769,0.9,160.9,43.7773833333333,-79.454075,988.9,6.53605476331156,7.18876255715555,3.1,32.0620068662104,26.6,191.3,24.4,3.8,8.7
2018-08-09 16:16:22.400,187.9,37.6544118800863,1.92591006997017,1.97017092195329,1.41024394165307,403.28507095702,412.553270095788,1.44265163265916,161.5,140.515328575256,22465.4382355052,0.9,159.4,43.7773783333333,-79.4540766666667,988.8,6.53044106722971,7.19211710462584,2.2,32.0638791974862,26.6,183.3,17.4,2.7,6.4
2018-08-09 16:16:23.400,187.6,37.6583944308139,1.92635895719173,1.97057000028585,1.55654755832271,403.63541088474,412.898960236419,1.5922680627403,165,140.495200260601,22435.46713055,0.9,158.8,43.777385,-79.454085,988.8,6.53185966376403,7.18972050937507,1.1,32.0660970301277,26.6,172.2,358.2,2.2,5
2018-08-09 16:16:24.400,187.7,37.6640773209727,1.92866386458559,1.97308989189636,1.44856764461193,404.180769387602,413.490815199167,1.48193261045619,173.4,140.453696661034,22515.6992799636,0.9,158.4,43.7773933333333,-79.454095,988.9,6.53309393881835,7.1919079391917,0.5,32.0678291854892,26.6,147,354.1,2.1,4.5
2018-08-09 16:16:25.400,188.5,37.6610894944939,1.92230758275731,1.96654811977699,1.55679376696035,403.968562666938,413.265598993476,1.59261884661325,170.5,140.513236049282,22496.4487775287,1,158.5,43.7774,-79.4541,988.8,6.53320390006064,7.18736164789329,0.3,32.069784643666,26.6,142.3,332.6,1.6,3
2018-08-09 16:16:26.400,189.5,37.6642942873412,1.92502697472094,1.9695312520498,1.40535555814082,403.999513213158,413.339513213158,1.43784526070331,156.6,140.471079364181,22596.414840329,0.9,158.5,43.7774033333333,-79.4541,988.9,6.52838901774702,7.18523892878477,0.3,32.0717029837377,26.7,144.7,0.4,1,2.2
2018-08-09 16:16:27.400,190,37.6706017828255,1.92850404167453,1.97314565621467,1.38352488517082,403.722913671514,413.068395755862,1.41555074195441,153.6,140.452771263966,22624.5857538041,1,158.6,43.7774066666667,-79.4541,988.8,6.53213223831057,7.18728382171745,0.1,32.0737836530486,26.8,189.1,26.8,1.3,3
2018-08-09 16:16:28.400,190.5,37.6681863611382,1.92617758376234,1.9708207402254,1.34855489164431,404.022660310303,413.386663854898,1.37981107523968,168.1,140.503907725754,22652.2062571295,0.9,158.5,43.77741,-79.4541016666667,988.8,6.53050434336299,7.18779568790873,0.1,32.0755073608599,26.8,197.1,50.4,1.6,3.2
2018-08-09 16:16:29.400,190.6,37.6706662759262,1.92468951156725,1.96905052081038,1.32815185497396,406.497198970989,415.866447260743,1.35876419628596,146.7,140.458819376383,22529.4918124019,0.9,158.6,43.7774116666667,-79.454105,988.8,6.52901757715615,7.19058736707528,0.1,32.0775208301722,26.8,203,29.5,1.7,4.1
2018-08-09 16:16:30.400,190.8,37.6743241511931,1.92338757400374,1.96775498068177,1.37424164626626,408.856247215066,418.28762682492,1.40594252677758,135.5,140.488828625039,22547.4246558105,0.9,158.6,43.7774133333333,-79.4541083333333,988.8,6.53163421759217,7.19399472405944,0.1,32.0796015456771,26.8,188.1,25.6,2.3,4.5
2018-08-09 16:16:31.400,191.1,37.6781547742707,1.92673365950937,1.97131166025111,1.41668299810816,409.583307694813,419.059575718764,1.44945763984664,139.9,140.493417172108,22613.2957668898,1,158.7,43.7774116666667,-79.4541133333333,988.9,6.5288195736758,7.18553365139649,0.1,32.0813020355418,26.8,198.3,55.4,2.2,4.8
2018-08-09 16:16:32.400,191.3,37.6822060141506,1.92661843720486,1.97145291627314,1.32122866966068,408.845276465869,418.35951545466,1.35197150624868,151.6,140.463643546545,22741.8287281332,1,158.2,43.7774116666667,-79.454115,988.8,6.53110067724307,7.19044909035689,0,32.0833266786549,26.8,234.8,90.8,1.6,2.7
2018-08-09 16:16:33.400,191.1,37.6847872454475,1.92576407943309,1.97072477651829,1.28108836744221,407.702188340165,417.220907858575,1.3109948545443,154.1,140.510618757973,22814.4402366355,0.9,158.4,43.7774116666667,-79.4541166666667,988.8,6.52888194549064,7.19331789354494,0,32.0850919222616,26.8,297.9,138.5,1.7,4
2018-08-09 16:16:34.400,191.1,37.6928447044367,1.92352102231653,1.96847567566782,1.5578267281285,407.176595851693,416.692720718222,1.59422897881013,139.3,140.471319475704,22837.2921820723,0.9,158.3,43.7774116666667,-79.454115,988.9,6.53292267322801,7.18965424184779,0.1,32.087242839447,26.9,291.1,140.5,1.8,3.2
2018-08-09 16:16:35.400,191,37.6986062616997,1.92937143623562,1.97474601287388,1.39016681175039,406.341122094565,415.897296919089,1.42286487025582,135.7,140.460450799487,22977.2284068479,0.9,158.3,43.77741,-79.4541116666667,989,6.52748414469496,7.19323425624316,0,32.0890910861926,26.9,295.7,134.7,1.7,3.8
2018-08-09 16:16:36.400,190.8,37.7005763804144,1.92571287827181,1.97085076942672,1.23631973975591,405.805211294343,415.317267563164,1.26529901540957,134.3,140.50485978969,22902.9869664872,1,158.6,43.77741,-79.4541116666667,988.8,6.52832046930144,7.18951687183375,0,32.0907283726887,26.9,267.5,90.8,1.7,3.5
2018-08-09 16:16:37.400,190.6,37.7045609160052,1.92562056572562,1.97084893452892,1.33729719049749,404.672079884331,414.176956692624,1.36871577166502,128.4,140.456533918454,22948.8944193907,1.3,158.2,43.7774083333333,-79.4541116666667,989,6.53009954451662,7.18943432214546,0,32.0929132266001,26.9,234,71.2,0.9,1.7
2018-08-09 16:16:38.400,190.7,37.7043939419584,1.92283371119705,1.96826468147078,1.51229275590229,404.05086420328,413.597357917293,1.54801988577383,120.8,140.457095754505,23081.6767673063,0.9,158.3,43.7774066666667,-79.4541083333333,988.9,6.53761248180761,7.18909266772437,0.1,32.0946677061056,26.9,254.1,107,1.4,3.4
2018-08-09 16:16:39.400,190.7,37.698732029591,1.92536959426693,1.97111863085246,1.36587576282141,403.344880004229,412.928836581559,1.39832878475685,116.1,140.497895879996,23209.7117297148,1,158.3,43.7774016666667,-79.454105,988.9,6.53618202394513,7.18686717113352,0.1,32.0968033640967,26.9,268.4,107.8,2.2,3.8
2018-08-09 16:16:40.400,190.7,37.7007241188775,1.92738956033412,1.97323118824623,1.40668698385201,402.923251627755,412.506565105936,1.44012386176547,120.7,140.470045982685,23231.8445026573,0.9,158.3,43.7773983333333,-79.4541,989,6.5284004623659,7.1879913474475,0.1,32.09885551598,26.9,260.8,96.6,1.9,3
2018-08-09 16:16:41.400,190.6,37.7060468881402,1.92512603872713,1.97066575824906,1.6124088689228,402.464680751861,411.98522231893,1.65053909444073,90.6,140.513551008274,23108.7473755335,1,158.2,43.7773966666667,-79.4540983333333,988.9,6.53036223991222,7.19168208437969,0,32.1009024977016,26.9,233.7,63.4,1.5,3.7
2018-08-09 16:16:42.400,190.4,37.7125905313356,1.92392084428623,1.96967748259158,1.35487897402015,402.402725226763,411.973069161457,1.38710121663239,71.5,140.489717034358,23230.4286552725,1.3,158.3,43.7773966666667,-79.4540983333333,988.9,6.53275996067579,7.18526654865616,0,32.1025993293929,26.9,216.7,66.3,1.7,3.1
2018-08-09 16:16:43.400,190.1,37.7145324687121,1.92226388254168,1.96799804990363,1.34743458056366,402.202681220551,411.771981222793,1.37949253451782,136.5,140.4620548042,23239.2680778714,1.3,158.3,43.7773966666667,-79.4540983333333,989,6.53461275801804,7.19050218407124,0,32.1045893722245,26.9,229.6,64.4,1.5,3
2018-08-09 16:16:44.400,190,37.7135332115148,1.92444093913456,1.97019945760441,1.30824756512823,401.912353832253,411.468997016176,1.33935375665903,166.6,140.508370435092,23225.6640397182,1,158.2,43.7773966666667,-79.4540966666667,988.9,6.52969581241088,7.19030717523209,0,32.1064049349301,26.9,224.2,64.5,2.7,5.4
2018-08-09 16:16:45.400,189.8,37.7150868945505,1.92270096891078,1.96838612404959,1.29686925328329,402.074684115634,411.628387468951,1.32767698364332,168.3,140.465774082416,23209.6825768549,1,158.2,43.7773966666667,-79.4540966666667,988.9,6.53268788072463,7.18865690661865,0,32.108500971241,26.9,228,71.2,2.6,4.7
2018-08-09 16:16:46.400,189.7,37.7203461831584,1.92127208636948,1.96692670082115,1.52003675578796,401.749637368182,411.296183544197,1.55615430930589,303.7,140.459268122631,23211.1067162278,0.9,158.3,43.7773966666667,-79.4540966666667,989.1,6.5332895420979,7.18945633144998,0.1,32.1103915170316,26.9,218.6,62.8,2.1,3
2018-08-09 16:16:47.400,189.6,37.7214826233072,1.92426443046049,1.97034374100773,1.46864291542325,401.352752687417,410.963773194898,1.50381190670273,325.4,140.498736082674,23386.6179713791,0.9,159,43.777395,-79.4540966666667,989,6.52778167926828,7.19296324886588,0.1,32.1121908675592,26.9,230,67.4,1.5,3.3
2018-08-09 16:16:48.400,189.6,37.7237919756289,1.92344670542603,1.96948216013067,1.44630802433837,401.762264741652,411.378017720595,1.48092320581166,177.9,140.462423481345,23374.5480630244,0.9,158.6,43.7773933333333,-79.4540966666667,989,6.53527750921214,7.18881848414715,0.1,32.1141620292609,26.9,222.7,59.9,1.8,4.6
2018-08-09 16:16:49.400,189.5,37.7257580665999,1.92517773129294,1.97107044573386,1.45873051288131,402.156710220732,411.743357132024,1.49350396724761,172.4,140.492730125739,23282.9754223111,0.9,156.4,43.7773933333333,-79.4540966666667,988.9,6.53394472735153,7.18893861305057,0.9,32.1161083119279,26.9,210.2,38.7,2.5,5.1
2018-08-09 16:16:50.400,189.6,37.7276916730339,1.92342793401645,1.96914049965282,1.40566817733028,401.767337610512,411.315855087495,1.43907767967337,158.7,140.491903446763,23214.5347082717,1,152.1,43.7773916666667,-79.4540966666667,988.9,6.53242186126081,7.1930907759168,1.2,32.1182373519713,26.9,203.8,56.1,2,3.9
2018-08-09 16:16:51.400,189.6,37.727214080618,1.92332253322241,1.96893996627181,1.3538819157984,401.454854182635,410.976476662883,1.38599097168662,152.3,140.472763202459,23168.3229177842,1,146.2,43.77739,-79.4540966666667,989,6.53270695700008,7.19255696464314,1.4,32.1201964420985,26.9,227.2,69.8,1.4,3.7
2018-08-09 16:16:52.400,189.6,37.725332217868,1.92178831224062,1.96725525439811,1.45381169985133,401.57338149721,411.073982149436,1.48820902513647,152.6,140.505869139225,23111.6688880571,1,141.8,43.7773883333333,-79.454095,988.9,6.53141860820417,7.19080452845007,1.1,32.1219771379124,26.9,233.8,97.9,1.6,3.9
2018-08-09 16:16:53.400,189.8,37.728758582043,1.9224919127691,1.96781415030701,1.3309140732902,401.496316181506,410.961485353893,1.36229318392882,154.4,140.467913356745,23031.87902255,1,139.2,43.7773883333333,-79.4540916666667,989,6.52924189255393,7.19461115325267,0.7,32.1239146652832,26.9,260.3,104.3,2,3.5
2018-08-09 16:16:54.400,189.8,37.7299592190413,1.92597539353537,1.97126738650795,1.23460586119522,402.342442748104,411.80410163166,1.26363935748295,147.1,140.469599495827,22976.0586540872,0.9,138.2,43.7773866666667,-79.45409,989,6.52909764438168,7.18679855052137,0.7,32.1259251113683,27,245.7,107.5,1.8,3.4
2018-08-09 16:16:55.400,189.8,37.7319226119531,1.92556828214954,1.97091771344284,1.24977856400494,402.19925560046,411.67143405199,1.27921305561204,130.9,140.497747190614,23009.0425363334,0.9,133.6,43.7773866666667,-79.45409,989,6.53039040018587,7.18920055613164,1.6,32.1277181942489,27,237.7,63.2,0.9,2.7
2018-08-09 16:16:56.400,189.8,37.7379990382573,1.92346162299806,1.96872180931138,1.32404156294998,402.312868511277,411.779550790523,1.35519344867003,112.3,140.452927486415,22989.5967826803,0.9,114.2,43.777385,-79.45409,989,6.53352527479244,7.19341604023484,2.5,32.1297008886847,27,168.3,56.6,2.3,4.9
2018-08-09 16:16:57.400,189.8,37.7409948187937,1.91987464169457,1.9649817584825,1.40335347614134,402.32349245935,411.775972984271,1.43632577155172,105.2,140.465718572111,22955.4222899347,0.9,104.9,43.7773833333333,-79.4540783333333,989,6.53628449604923,7.1916444206977,4.2,32.1316753446659,27.1,177.8,41.3,2.1,5.7
2018-08-09 16:16:58.400,189.9,37.7413568231573,1.92252866120387,1.96791608237324,1.40241041656302,402.089514749542,411.582093334417,1.43551838137659,101.9,140.489237889773,23063.6637138118,0.9,102.6,43.7773783333333,-79.4540516666667,989.1,6.53280224172527,7.1925045461018,6.1,32.1335335291862,27.1,156.2,39.7,2.5,6.4
2018-08-09 16:16:59.400,189.4,37.7416355162508,1.92297272852816,1.96824893458437,1.34161532864024,402.266841118898,411.738239823557,1.37320889410699,96.8,140.470608636666,23003.4006893347,0.9,96.2,43.7773733333333,-79.4540183333333,989,6.53556043203777,7.19016411900576,7,32.1353308523875,27,170.8,33.3,2,6.1
2018-08-09 16:17:00.400,188.7,37.7382688777776,1.92273903157071,1.96771886162488,1.36735396020945,401.936267883546,411.339116609836,1.39934173839546,96.1,140.510194227641,22859.1314479692,0.9,97.7,43.7773666666667,-79.45398,988.9,6.53568187588199,7.18875664271054,7.7,32.1370850983747,26.9,140.6,25.5,1.8,7.2
2018-08-09 16:17:01.400,187.9,37.7395071618965,1.92140454479522,1.96655170542578,1.41906288634691,402.145331991563,411.594535603681,1.4523898382755,106.6,140.482645115241,22957.4905970335,0.9,110.6,43.7773533333333,-79.453945,988.9,6.5345213040881,7.18921725705981,7.7,32.1391597723817,26.9,159.4,29.9,1.9,6.1
2018-08-09 16:17:02.400,187.2,37.7423647432941,1.92367537222429,1.96927532347903,1.1853415108453,401.854891404448,411.38077457434,1.21343428427955,122.2,140.47076776754,23155.8702646622,0.9,128.6,43.7773366666667,-79.4539133333333,988.9,6.52882926896472,7.18998949329492,8.3,32.1410735996543,26.9,159.9,14.2,1.4,7
2018-08-09 16:17:03.400,186.5,37.7451578438766,1.92375069273921,1.96947301621948,1.10221478492824,401.108650383869,410.64206356946,1.12841126449947,140.3,140.498579528301,23215.8453352141,0.9,146.3,43.7773083333333,-79.45389,988.9,6.53017844728821,7.1929097637736,9.2,32.1430116828645,26.9,129.2,0.4,1.2,6.9
2018-08-09 16:17:04.400,186.8,37.7536556178559,1.92361571551811,1.96931618221212,1.31062636306403,401.280844108543,410.814470585162,1.34176378320333,149.9,140.450739924802,23206.4991830736,0.9,157.4,43.777275,-79.453865,989,6.5295534993985,7.19291098282747,10.7,32.1449144449002,26.9,159.7,9.6,1.6,9.7
2018-08-09 16:17:05.400,187.3,37.7629539863078,1.92531212846602,1.97101242671361,1.4613244812795,401.802537948191,411.339987547809,1.49601451794892,159.6,140.4592223512,23186.1474979464,0.9,176.8,43.7772383333333,-79.4538433333333,989,6.52756006928257,7.18971961401571,11.6,32.14670555878,26.9,175.3,14.1,2.9,11.2
2018-08-09 16:17:06.400,187.4,37.7677040301035,1.92254801703664,1.96819898057497,1.35787981129982,401.742627272486,411.281943169142,1.39012533583585,164.7,140.484044045123,23194.1045107671,0.9,183.8,43.7772033333333,-79.4538316666667,989,6.5308079761487,7.18565942391081,11.8,32.1487387214264,26.8,186.7,8.9,1.5,9
2018-08-09 16:17:07.400,187,37.7697738077377,1.9227071818684,1.96834948966176,1.40950463915066,401.647096277865,411.181518262045,1.44296414821228,165.2,140.475699819882,23187.9521005136,0.9,172.1,43.7771733333333,-79.45382,989,6.53280413913209,7.18837194251534,11.8,32.1507964188957,26.8,203.3,7.8,0.8,7.8
2018-08-09 16:17:08.400,186.8,37.7695016451772,1.92516773982254,1.97070295428954,1.4221475354281,401.628645441583,411.128033692849,1.4557851599204,162.4,140.51222922589,23105.7744190305,0.9,164.7,43.7771433333333,-79.4538066666667,989,6.53325726779145,7.19362558817203,11.6,32.1528392060912,26.8,210.5,10.1,1.1,9.2
2018-08-09 16:17:09.400,185.9,37.7738783358394,1.92557600003967,1.97112749560147,1.38888053272586,402.195167167882,411.70938824769,1.42173821390728,162.8,140.480197114838,23109.1688085424,0.9,164.4,43.7771166666667,-79.453795,989,6.53201555020486,7.19040319140939,11.2,32.1547376479511,26.8,219,22.7,1.7,9.8
2018-08-09 16:17:10.400,185.8,37.774839688823,1.92440991979675,1.96989281144766,1.30486080671924,402.609326974699,412.124850616957,1.33570075421091,164.4,140.475871413129,23088.9370345837,0.9,166.2,43.777085,-79.45378,988.9,6.52762152481301,7.18416349567655,11.2,32.1568300652976,26.8,218.2,31.3,3.2,11.1
2018-08-09 16:17:11.400,185.8,37.7743064019371,1.92151332251818,1.96694839859373,1.46024218001545,402.371577527553,411.885871340241,1.49476660204746,166.1,140.488901811913,23099.3326535591,0.9,173.9,43.7770583333333,-79.4537683333333,988.8,6.52738112683388,7.19161757899083,11.1,32.1586203028378,26.8,231.4,33.9,3.3,10.4
2018-08-09 16:17:12.400,185.7,37.7810639459594,1.92502826486688,1.97079651013805,1.59073858081377,402.545444325316,412.116138109302,1.62853911459189,166.3,140.44876506756,23223.1555882606,0.9,170.8,43.7770316666667,-79.4537583333333,988.9,6.52726587771005,7.18998203174145,10.9,32.1604712027049,26.8,230.1,28.1,2.3,8.8
2018-08-09 16:17:13.400,186,37.7869368059063,1.92485304769582,1.97109021494365,1.43874165795422,402.804366705153,412.480171231041,1.47330044123106,164.1,140.473393632814,23457.6147512992,0.9,165.8,43.777005,-79.4537466666667,989,6.52749550775571,7.18451352615244,10.9,32.1623686568229,26.8,237.7,19.5,1.5,7.2
2018-08-09 16:17:14.400,186.7,37.7868814936548,1.92418054963369,1.97038705241692,1.44656092679873,402.514651249135,412.180529815126,1.48129552412796,164.1,140.478847793321,23450.5438761261,0.9,164.3,43.7769783333333,-79.4537383333333,988.9,6.52905254100124,7.18690628559356,10.7,32.1642890247173,26.8,269.4,19.8,0.9,7.9
2018-08-09 16:17:15.400,187.3,37.7872368914722,1.92649472374819,1.97268667538337,1.3873968385192,401.987969069801,411.626504857023,1.42065888322653,165.2,140.459719639167,23415.6756409637,0.9,166,43.776955,-79.4537316666667,989,6.5323753018823,7.19057164412973,10.5,32.1660669532222,26.8,218.5,31.5,2.5,9.4
2018-08-09 16:17:16.400,187.3,37.7872712736138,1.92429036230032,1.97042965662309,1.34100763841745,401.291666164775,410.913422736958,1.37315644061579,166.4,140.491774114537,23415.52473035,0.9,169.5,43.77693,-79.453725,988.9,6.52813964526904,7.19208492620421,10.3,32.1679062632841,26.8,234.6,41.1,3.3,9.5
2018-08-09 16:17:17.400,187.6,37.7910346262293,1.9219141648632,1.96785561222932,1.38756844252963,401.367322355181,410.961631311466,1.42073955389588,163.1,140.476831750821,23346.062090056,0.9,159.2,43.776905,-79.4537133333333,988.9,6.53037259454637,7.18698770339897,10.1,32.1701496688524,26.8,245.7,46.7,3.8,9
2018-08-09 16:17:18.400,188,37.7940872743738,1.92501539382399,1.97115264142296,1.22405632746126,401.223911867549,410.840232882898,1.25338697092178,162.2,140.47814497331,23406.4961416005,0.9,160.8,43.77688,-79.4537033333333,988.9,6.53280692798675,7.18966761564928,10.1,32.1723514441387,26.7,245.7,30.3,3.8,9.8
2018-08-09 16:17:19.400,187.9,37.7960418641272,1.92508653073415,1.97157023118017,1.20899938414792,400.646473830439,410.320650345276,1.23819721303773,160.2,140.49925217276,23577.0582460881,0.9,161.1,43.776855,-79.4536916666667,988.8,6.53351574119065,7.19015587304059,10.1,32.1742547940898,26.7,198.7,21.7,2.6,10.3
2018-08-09 16:17:20.400,187.9,37.8029824841546,1.92683478575995,1.97338076212865,1.3568665006273,400.75315937362,410.434009676183,1.3896374547602,164.2,140.460205922168,23586.9119542751,0.9,165.7,43.7768316666667,-79.4536833333333,988.8,6.5302286133245,7.18346382783195,10.1,32.1760856604241,26.7,194,8.2,2.3,9.5
2018-08-09 16:17:21.400,187.9,37.8072420711038,1.92276119177632,1.96907914856724,1.3212691656177,400.416836186879,410.062467435702,1.35309481537854,169,140.470751413061,23522.4468496593,0.9,176.3,43.776805,-79.4536783333333,988.9,6.53143697577032,7.18788271889319,10.1,32.1781253217898,26.7,176.1,5,1.6,8.6
2018-08-09 16:17:22.400,188,37.810442162957,1.91893007105562,1.96517149752595,1.30530739472772,399.806409648366,409.440729317487,1.33676049273311,168.3,140.478848070156,23530.5087961002,0.9,173.6,43.77678,-79.4536716666667,988.9,6.53313484440534,7.19233835695353,10.1,32.1801806678795,26.7,231.6,19.7,1.3,7.8
2018-08-09 16:17:23.400,188.2,37.8113581066394,1.92122762934323,1.96733676747889,1.46084379076147,399.999677648325,409.59975614057,1.49590382072256,164.5,140.453872837215,23437.6971702294,0.9,166.4,43.7767583333333,-79.4536616666667,988.8,6.53127633730479,7.19051138640489,10,32.1823062920194,26.8,217,34.9,3.1,10.6
2018-08-09 16:17:24.400,188.4,37.8091829383564,1.92190960592009,1.96806264036246,1.3272900565872,400.034844447203,409.64138630143,1.35914755281855,161.9,140.479593047954,23451.1494687348,0.9,158.4,43.7767383333333,-79.4536483333333,988.9,6.52936051036969,7.18989049931419,9.8,32.1839438576324,26.8,255.4,48.6,3,8
2018-08-09 16:17:25.400,188.8,37.8152333126568,1.9234223873986,1.96969448349087,1.25029959168006,400.718713121953,410.358782676917,1.28037184323793,162.8,140.471336840643,23491.9886444709,0.9,165.4,43.7767133333333,-79.4536383333333,988.7,6.52580298978003,7.18763779435507,9.8,32.1858953007497,26.7,236.7,38.9,2.4,7.2
2018-08-09 16:17:26.400,188.8,37.8233234208738,1.92502751815533,1.97121043039621,1.4923720258316,402.359306470077,412.012234474144,1.52817675691527,163.9,140.461508440173,23428.6947063762,0.9,168.9,43.7766883333333,-79.4536283333333,988.8,6.52628410678039,7.1888975086447,9.8,32.1880048686303,26.7,250,42.5,2.3,6.7
2018-08-09 16:17:27.400,188.8,37.8276870831826,1.92487195755515,1.97100625376331,1.57578571942148,403.45186102245,413.121548415755,1.61355646861952,165.8,140.488062521339,23406.3792267577,0.9,169,43.776665,-79.45362,988.8,6.52770583364822,7.18845950188802,9.8,32.1897856896954,26.7,271.4,49.8,2.7,6.1
2018-08-09 16:17:28.400,188.7,37.8334626541008,1.92295514595413,1.96922788181894,1.43449834964764,403.825012592383,413.542345042444,1.46901057935503,165.6,140.466381824976,23497.7414943243,0.9,170.4,43.77664,-79.45361,988.7,6.52817937731011,7.18837549583182,9.8,32.1918519188899,26.7,253.5,19,2,6.2
2018-08-09 16:17:29.400,188.8,37.8363202637112,1.92030325404567,1.96645332316046,1.32540719186912,403.759601001784,413.463048557323,1.35726986839492,162.8,140.478460674497,23468.6012939246,0.9,162.6,43.776615,-79.4536,988.8,6.53083217907978,7.19115007119818,9.6,32.1940480936117,26.7,243.3,40,1.9,8.4
2018-08-09 16:17:30.400,188.7,37.8364809327962,1.92016155537714,1.96622725213354,1.29785014272874,402.861506229161,412.526272738139,1.32898954536356,163.5,140.499252146946,23428.3298220976,0.9,164.7,43.7765916666667,-79.4535933333333,988.8,6.53596192083345,7.19145961603927,9.4,32.1960452560041,26.7,227.5,40.9,3.1,9.1
2018-08-09 16:17:31.400,188.7,37.837958578577,1.92120557300351,1.96741270718573,1.34591036636138,402.940339323085,412.631376598487,1.3782796352954,164.2,140.464471941064,23485.9571837976,0.9,167.4,43.7765716666667,-79.4535883333333,988.6,6.53415574232119,7.18642954570577,9.2,32.1979545900628,26.7,225.7,14.8,2.6,7.4
2018-08-09 16:17:32.400,188.6,37.8372499541607,1.92352592138478,1.96967314547453,1.24018420473706,402.805458952448,412.469130368238,1.26993823321807,164.6,140.478133292036,23428.8144177853,0.9,169.4,43.7765483333333,-79.4535783333333,988.6,6.530237387377,7.18642039980722,9.2,32.1998994894349,26.7,211.8,27.2,1.9,9.1
2018-08-09 16:17:33.400,188.3,37.8429413673291,1.92221486778292,1.96810970521337,1.18219333837075,402.046431560764,411.645665326389,1.21041321315099,165.9,140.471519038788,23319.0595512679,0.9,164.1,43.776525,-79.45357,988.8,6.52947829426052,7.18988309893155,9,32.2019659321224,26.7,215.5,23.7,2.5,8.2
2018-08-09 16:17:34.400,187.9,37.8502627976844,1.92300200593082,1.96866719731222,1.36882377102157,401.992259315356,411.538347773872,1.4013253583719,167,140.458042951472,23196.0661863839,0.9,174.8,43.776505,-79.4535633333333,988.7,6.52921571144165,7.1875471058818,9,32.2038587582361,26.7,213.1,21.8,2.1,8.4
2018-08-09 16:17:35.400,187.6,37.8499685653295,1.92307641250206,1.96865560554192,1.34746634597282,401.888751148742,411.413997849315,1.37940524058349,165.3,140.486185522011,23152.4567268303,0.9,167.9,43.776485,-79.4535583333333,988.6,6.52937234767123,7.18677802396716,9.2,32.2056765807632,26.7,235.2,28.8,2.4,7.6
2018-08-09 16:17:36.400,187.8,37.8516895044011,1.9228757865668,1.96860280525725,1.31134683563971,401.743291752079,411.296894320508,1.34253806511023,166.3,140.462966369229,23228.0162124633,0.9,170.2,43.7764616666667,-79.4535516666667,988.6,6.52738050283389,7.19082615121168,9.6,32.2077746111177,26.7,230.1,24.3,1.7,7.4
2018-08-09 16:17:37.400,188.3,37.8533034352249,1.92440953162713,1.97049868296851,1.46527138822481,401.874498860574,411.499302349902,1.50037085040188,164.5,140.476565610351,23389.6256557274,0.9,168,43.7764366666667,-79.4535416666667,988.7,6.52653564940905,7.19046776626865,9.8,32.2097557059689,26.8,215.5,24.1,2.3,8.5
2018-08-09 16:17:38.400,188.5,37.854425554989,1.92414268290306,1.97046603300579,1.48627654778469,401.868906376393,411.543763092649,1.52205600356327,162.6,140.498093693903,23508.7355377619,0.9,164.7,43.776415,-79.45353,988.5,6.52666382555506,7.18639546616002,9.8,32.2116770949776,26.8,205.9,13.1,1.4,8
2018-08-09 16:17:39.400,188.5,37.8590950834431,1.9244993903768,1.97104703268911,1.31504220098786,401.228504436,410.932919564749,1.3468403229987,161.1,140.465619903081,23615.7225953394,0.9,163.6,43.7763933333333,-79.4535166666667,988.5,6.52845500811476,7.18792280650326,10,32.2135663878534,26.8,213.7,15,1.9,8.5
2018-08-09 16:17:40.400,188.7,37.8622779310041,1.92494045301631,1.97144406988687,1.21886260406417,400.238722452307,409.90801009972,1.24830715768114,162,140.478642430473,23588.8672863766,0.9,164.7,43.7763683333333,-79.453505,988.6,6.5310408946361,7.19041011684853,10,32.2156711684853,26.8,199.3,21.4,2.9,10.8
2018-08-09 16:17:41.400,189.1,37.8708606398286,1.92144545661937,1.96777395120111,1.21907018942208,399.54696792073,409.180629988454,1.24846301946235,162.2,140.470381163397,23543.7997226718,0.9,168.7,43.7763433333333,-79.4534916666667,988.5,6.53167881557676,7.19047066557775,10,32.2176769482058,26.8,202,18.5,3.2,11.2
2018-08-09 16:17:42.400,189.5,37.8761757593936,1.92126138113751,1.96777952365427,1.27832904545065,399.159779326746,408.824296343079,1.30928440521105,161.6,140.459833021268,23639.9019993928,0.9,163.7,43.77632,-79.45348,988.6,6.53086036024197,7.18780364999869,10,32.2196187616497,26.8,194.5,19.6,3,11.8
2018-08-09 16:17:43.400,189.6,37.8724947772326,1.92306578853112,1.96977018109134,1.35429133138283,398.84942011295,408.536031517768,1.38718261724947,164.7,140.489536919103,23710.6815764252,0.9,166.4,43.7762966666667,-79.4534733333333,988.5,6.52669671701078,7.18832081944191,10,32.2214939378599,26.8,200.3,23.1,3.3,11
2018-08-09 16:17:44.400,189.5,37.8768855580945,1.92247862791186,1.96957685714766,1.26851101779891,398.261937146641,408.018725055647,1.29957227358898,164.1,140.463015491561,23912.8954706478,0.9,168.4,43.7762716666667,-79.453465,988.6,6.52913195840028,7.19102373897632,10.1,32.2236193008174,26.7,213.7,29.6,3.4,10.9
2018-08-09 16:17:45.400,189.5,37.8806283433625,1.92288928434235,1.9700641058762,1.33555460292292,397.826143131529,407.586096479397,1.36830785576976,165.3,140.481038624992,23945.8194521125,0.9,167,43.776245,-79.4534533333333,988.6,6.53191117910685,7.19258408078303,10.1,32.22573755473,26.7,218.1,25.7,3.4,9.9
2018-08-09 16:17:46.400,189.5,37.8822357850015,1.92178691636667,1.96900939839526,1.34706688727743,397.743058212119,407.516573895689,1.38015993819817,166.6,140.500919475363,23983.1318275865,0.9,169.4,43.7762216666667,-79.4534466666667,988.4,6.53242579586459,7.18763189007319,10.3,32.2276064413126,26.7,212,22.8,2.6,9.9
2018-08-09 16:17:47.400,189.5,37.8896048344039,1.92276407236337,1.9704030114666,1.28377254091005,398.437628080069,408.309626600231,1.31558030507647,166.5,140.461686019228,24177.5077147662,0.9,170.5,43.7761966666667,-79.4534383333333,988.5,6.52926579709499,7.1845343030666,10.5,32.229694306991,26.7,221.7,31.4,3.2,10.5
2018-08-09 16:17:48.400,189.4,37.8930884388802,1.92263790882739,1.97015717235642,1.35138915587906,398.20801315092,408.050116397888,1.38478309093969,165.1,140.482843546824,24119.6055259127,0.9,167.8,43.77617,-79.4534283333333,988.4,6.53020409456535,7.1848893408837,10.7,32.2315036472884,26.6,233.3,33.8,3,9.6
2018-08-09 16:17:49.400,189.3,37.8937257001493,1.92261152379307,1.97005478052702,1.44791967308039,398.081957289409,407.905277878621,1.48365138564999,167.9,140.489478009736,24082.2917547471,0.9,169.6,43.7761416666667,-79.453425,988.5,6.52767738103466,7.18824355837861,10.9,32.2335786928539,26.5,238.6,16.4,1.4,7.2
2018-08-09 16:17:50.400,189,37.8975133613815,1.9232803364879,1.97071503224652,1.38633476633706,398.467783210991,408.295308938256,1.42052990127702,169.3,140.471441780574,24069.7253836911,0.9,176.4,43.7761133333333,-79.45342,988.5,6.53188015248897,7.19026101927714,10.9,32.2357594882609,26.6,218.2,16.7,1.5,8.3
2018-08-09 16:17:51.400,188.8,37.8998081203143,1.92172267503629,1.96897401879635,1.39388554842991,398.44434683786,408.241237604436,1.4281565016535,167.4,140.489529429285,23997.8750267121,0.9,169.4,43.7760883333333,-79.45341,988.4,6.53343107396679,7.19039516508243,10.9,32.2375524672672,26.6,218.8,17.8,2.4,9.1
2018-08-09 16:17:52.400,188.6,37.8993931628495,1.92080498515342,1.9679488053275,1.42287874479674,398.577128708592,408.359840351286,1.45780260432505,167,140.457659108581,23956.0805395374,0.9,167.6,43.7760666666667,-79.4534033333333,988.5,6.53223441551962,7.18923370985844,11.1,32.2396778270266,26.6,211.7,17.9,2.5,9.5
2018-08-09 16:17:53.400,188.4,37.8975178349056,1.92254566709196,1.9697087876347,1.34588775326123,399.021528261986,408.810362600463,1.37890535024765,166.6,140.462169709725,23944.6146151554,0.9,171.5,43.77604,-79.453395,988.4,6.52872587034016,7.18730313788286,11.2,32.2415166852609,26.6,208.3,19.6,2.3,10.2
2018-08-09 16:17:54.400,188.5,37.8980297657612,1.92647364827323,1.97362913195022,1.3368304223118,399.591942185437,409.373022490865,1.36955189248813,168,140.487284031136,23892.8639399948,0.9,168.8,43.776015,-79.4533866666667,988.5,6.52413568456871,7.18669775159545,11.1,32.2434988040879,26.6,205.4,14.6,1.8,8
2018-08-09 16:17:55.400,188.5,37.9054475178451,1.9232547606536,1.97015290455368,1.27355699465211,400.067146960831,409.82253133786,1.30461554078031,171.8,140.461434512223,23803.937605455,0.9,176.3,43.7759883333333,-79.4533833333333,988.4,6.52943942234435,7.18677950546182,10.9,32.2454218418775,26.6,224.1,17.4,1.6,9
2018-08-09 16:17:56.400,188.7,37.9074478169402,1.92435807312794,1.97145841056967,1.34646457548134,399.537781332146,409.31672653799,1.37943034394988,176.6,140.487934968402,23891.0023737709,0.9,182.8,43.775965,-79.4533816666667,988.5,6.53357415389035,7.19056508274054,10.7,32.2475403220782,26.6,217.5,20.5,2.7,10.4
2018-08-09 16:17:57.400,189.1,37.9057185357558,1.92299622165382,1.9701707175628,1.28294370528474,398.747240165598,408.529212208944,1.31441852198711,182.7,140.492986452015,23944.3269673697,0.9,186,43.77594,-79.4533866666667,988.4,6.53383705737979,7.19250618510242,10.9,32.2494053533104,26.6,226,28.8,3.4,11.5
2018-08-09 16:17:58.400,189.4,37.9068234593353,1.92156289945073,1.96879415166501,1.30685883845861,398.902747809259,408.707571265145,1.33898453779492,187.4,140.466828949339,23989.8614501157,0.9,198,43.77591,-79.4533933333333,988.5,6.53254552839253,7.19267486998578,11.2,32.2514460648347,26.6,232.5,27.2,3.4,10.5
2018-08-09 16:17:59.400,189.4,37.9064328235395,1.92229033288135,1.96954420636303,1.3390268951344,398.915381506117,408.72152306847,1.37194313217071,190.6,140.487035698891,23992.2700234083,0.9,198.2,43.77588,-79.4534,988.4,6.52815746232571,7.18852867525445,11.6,32.2534626885143,26.6,218.5,8.6,1.8,9.3
2018-08-09 16:18:00.400,189.6,37.91103480411,1.92291389485158,1.9700087472766,1.41549729801505,398.723233747068,408.488501092008,1.45016083504774,190.1,140.462902823145,23905.8972325636,0.9,200,43.77585,-79.4534083333333,988.4,6.53172251998599,7.1893765873425,11.8,32.2554753690036,26.6,212.1,9.4,2.1,9.8
2018-08-09 16:18:01.400,189.7,37.9140628025011,1.92218117207175,1.96921011235313,1.43702002083027,398.380385774721,408.127295727824,1.47217836622063,190.4,140.464127128643,23882.0809181421,0.9,193.4,43.7758216666667,-79.4534183333333,988.5,6.53212662981525,7.18726339125712,11.8,32.2574114559632,26.6,227.5,12.5,2.3,9.9
2018-08-09 16:18:02.400,189.8,37.9182432731109,1.92011207964711,1.96709937202704,1.24327433846876,398.839684648972,408.599756109603,1.27369896535316,192.5,140.487868476453,23886.61792056,0.9,196.3,43.77579,-79.453425,988.4,6.53125785842521,7.18583237112533,12,32.2592057238367,26.5,228.3,14,1.9,9.7
2018-08-09 16:18:03.400,189.8,37.9261811510445,1.92118499896655,1.96822339491755,1.18178627472447,399.014174861316,408.783725102088,1.21072157141679,197.1,140.459444317261,23899.052798131,0.9,204.3,43.7757616666667,-79.4534383333333,988.3,6.53193991617088,7.18889748159574,12,32.2615364883776,26.5,229.5,14.3,2,10.4
2018-08-09 16:18:04.400,189.8,37.9279414245011,1.92394734305092,1.97109339431603,1.288127394677,398.952594968462,408.728869478368,1.31969332077306,200.9,140.490514458702,23918.6498395771,0.9,210.3,43.7757333333333,-79.4534516666667,988.5,6.53213153059286,7.19046560264894,12,32.2633776565258,26.5,220.1,6.6,1.8,9.8
2018-08-09 16:18:05.400,190,37.9302930891686,1.92133831613029,1.96819992962295,1.32305887756564,398.684516673545,408.408494167292,1.35532913298606,202.5,140.492897831241,23809.4304766302,0.9,209.6,43.775705,-79.4534666666667,988.4,6.53320142699242,7.19122776482212,11.8,32.2653366024159,26.5,208.4,3.7,1.7,9.5
2018-08-09 16:18:06.400,190,37.9367631043054,1.9247333493596,1.9721107042488,1.34561043374412,399.080737254622,408.904183422137,1.37873591782579,207.8,140.462958547821,24023.6293455993,0.9,215.3,43.77568,-79.453485,988.3,6.52919461114539,7.18730877642944,11.8,32.2673278571938,26.5,206.8,357.1,1.4,9.7
2018-08-09 16:18:07.400,189.8,37.9403684924431,1.92149720306473,1.96864440535336,1.26790973089801,398.863044188748,408.649935012102,1.29902872393038,210.4,140.487676097604,23949.1338172836,0.9,219.7,43.7756533333333,-79.4535066666667,988.4,6.52814482337724,7.18642793734011,11.4,32.2693026836048,26.5,199.8,3.3,1.7,9.8
2018-08-09 16:18:08.400,189.8,37.9472889825281,1.91694994398994,1.96403015796644,1.41021165967635,398.432314372923,408.217842487647,1.44485711907567,211.5,140.491200046939,23971.4013585166,0.9,217.8,43.77563,-79.4535266666667,988.3,6.53161211483643,7.19139811473184,11.2,32.2714229267272,26.5,231.2,6.5,1.4,9.3
2018-08-09 16:18:09.400,189.7,37.9521261865687,1.91951633426105,1.96637278565635,1.57581121728296,398.703110855404,408.435706193995,1.61427004979676,214.8,140.476588327759,23828.9371028126,0.9,217.7,43.7756083333333,-79.45355,988.4,6.53139873947283,7.18430675584702,11.2,32.2733733461673,26.5,230.2,8.6,1.5,9.2
2018-08-09 16:18:10.400,189.9,37.9539182810732,1.9228139733132,1.96960786797721,1.46483630965908,399.305618809548,409.02309378194,1.50048259983245,218.8,140.492429647857,23757.6570020853,0.9,225.5,43.77559,-79.453575,988.3,6.52924083114072,7.1807009711183,11.1,32.2757172277133,26.5,230.5,2.7,1.5,9.4
2018-08-09 16:18:11.400,190.2,37.9614600941265,1.92350092967833,1.97055479146319,1.54611711792691,400.829547805184,410.6349689317,1.58394624898056,221.9,140.456698618118,23878.611232649,0.9,229.4,43.7755683333333,-79.4536016666667,988.3,6.53115935949326,7.18258025925583,10.9,32.2780727445231,26.5,230.4,1.5,2.5,11.4
2018-08-09 16:18:12.400,190.5,37.9613752751656,1.92305168257056,1.97004962780219,1.31774153495163,402.607107881506,412.446492569071,1.34995487585764,223.7,140.469254242423,23856.272519335,0.9,232.9,43.77555,-79.453625,988.4,6.53082543148736,7.1859644300312,10.5,32.2798724003482,26.5,225.5,4,3.1,12.7
2018-08-09 16:18:13.400,190.7,37.9613130330406,1.9189327588008,1.96549537212516,1.48303195685975,402.79344795626,412.56708268813,1.51900188298106,225.4,140.488275846008,23689.7933384954,0.9,226.4,43.7755333333333,-79.4536483333333,988.4,6.53666846199058,7.19145586004018,10,32.2815474602728,26.5,237.8,5.9,4.1,13.2
2018-08-09 16:18:14.400,191,37.9677494791718,1.9263893412134,1.97337347569847,1.4371056316044,402.914320279333,412.741058523809,1.47214467883534,229.3,140.452017758683,23808.5095890237,0.9,234.8,43.7755183333333,-79.453675,988.3,6.53055826546016,7.19037023140632,9.6,32.2838248116954,26.4,227.1,0.4,3.5,12
2018-08-09 16:18:15.400,191.4,37.9708778587529,1.92260174596423,1.96946182412684,1.34370146792987,402.160484700299,411.962346047738,1.37645265516909,231.2,140.493105402995,23793.1632551283,0.9,237,43.7755033333333,-79.4537,988.2,6.53225642645583,7.18643816689524,9.4,32.2856539984845,26.4,230.3,0.7,4.4,13.9
2018-08-09 16:18:16.400,191.6,37.9712934890773,1.91931672068886,1.96624852007202,1.31636055867651,402.41561440236,412.25557209446,1.3485480401466,231.7,140.487991570295,23868.6385689858,0.9,238.2,43.77549,-79.453725,988.3,6.52961029473227,7.1836619838091,9.2,32.2875714423025,26.3,231.2,0.4,4.1,12.8
2018-08-09 16:18:17.400,191.5,37.9698114195771,1.92054266914651,1.96755293905977,1.23144573914646,401.93069241807,411.769042477523,1.26158907572427,229.8,140.461246056984,23892.7979181968,0.9,233.3,43.775475,-79.45375,988.1,6.52944952265354,7.18950239148158,9,32.2897488899645,26.3,241.1,7.5,3.9,12.2
2018-08-09 16:18:18.400,191.4,37.9620612855711,1.91897754234594,1.96576987609232,1.08445160159794,402.659886274742,412.478417764285,1.11089931885526,227.2,140.488565945457,23803.7285448835,0.9,230.5,43.7754583333333,-79.4537733333333,988.1,6.52769047158081,7.19070511959766,9,32.2914927719353,26.3,247.6,12.3,4.1,13.2
2018-08-09 16:18:19.400,191.2,37.9614471943392,1.92029909179389,1.96722365979348,1.15217463816642,402.868931467017,412.713477745748,1.18033312098921,229.2,140.450359248583,23853.2899206516,0.9,233.6,43.775445,-79.4538,988.3,6.53225010859562,7.18682343006708,9.4,32.2937235652491,26.3,243.4,10.5,4.4,12.8
2018-08-09 16:18:20.400,191.1,37.9613083734072,1.92149058880975,1.96820582772299,1.37285972845767,402.199381009462,411.977718289107,1.40622726421568,231.3,140.471900297662,23735.0021579433,0.9,238,43.7754316666667,-79.4538266666667,988.1,6.53358244721817,7.19026770139391,10,32.2953392916565,26.3,243.1,4.7,4.3,13.3
2018-08-09 16:18:21.400,190.9,37.9639362109239,1.92091051051013,1.96777694762839,1.27042301443808,402.704307285411,412.529457384237,1.3014114633236,230.8,140.491926446282,23816.7017876592,0.9,237.8,43.7754133333333,-79.4538533333333,988.2,6.53000765055644,7.19094901607964,10.7,32.2974217265543,26.3,232.4,2.9,3.7,12.8
2018-08-09 16:18:22.400,190.6,37.9682254655235,1.92773271350402,1.97455775451785,1.36375342735189,403.021786308781,412.811349086927,1.39687273830003,229.5,140.451703732148,23714.316681919,0.9,236.8,43.775395,-79.4538833333333,988.1,6.52991654735091,7.1897188108968,11.4,32.2998331723387,26.3,234.1,0.7,4.2,14.3
2018-08-09 16:18:23.400,190.4,37.9622402636347,1.9224014825759,1.96874310816826,1.37357066267481,402.814006246254,412.524352089285,1.40668410055723,228.6,140.493985730588,23538.7302780774,0.9,237.8,43.77537,-79.4539183333333,988.2,6.52815771252282,7.1831392827287,12.4,32.3018811633065,26.2,235.4,4.1,4.4,15.1
2018-08-09 16:18:24.400,190.2,37.9601045428584,1.9194192089405,1.96545736148593,1.27244535537704,403.52664437842,413.205329931128,1.30296717126138,227.2,140.486498012235,23423.4055522636,0.9,237,43.775345,-79.4539533333333,988.2,6.53486499284882,7.18349093256411,13.5,32.3035818000089,26.2,234.3,3.4,4.5,15.3
2018-08-09 16:18:25.400,189.8,37.9632887619841,1.92478517619189,1.97123261818228,1.28306489049203,403.627996575031,413.367901921109,1.31402867221336,224.2,140.459086971311,23562.2753143284,0.9,233.7,43.7753183333333,-79.45399,988.1,6.52994546306114,7.18792773888186,14,32.3056331040644,26.1,241,8.3,4.5,16.2
2018-08-09 16:18:26.400,189.3,37.9584113624777,1.92571461978091,1.9718713126981,1.26144822509341,403.796756361097,413.475295153816,1.29168645738638,219,140.492021830646,23407.6338955515,0.9,221.9,43.7752866666667,-79.45402,988.1,6.52777435301261,7.18656610320211,14.4,32.3074581672006,26.1,242,10,4.3,16.1
2018-08-09 16:18:27.400,188.9,37.95500413914,1.9285837044289,1.97493509761953,1.53411445100913,404.468436990227,414.189229387349,1.57099533419799,216.3,140.483935975272,23469.4504633711,0.9,221,43.775255,-79.45405,988,6.52373603257054,7.19275251374801,15.1,32.3094157525374,26.1,237.5,8.6,4.5,16.7
2018-08-09 16:18:28.400,188.6,37.956636140567,1.92529025414733,1.97179392530216,1.35493534884336,405.207375970853,414.994836393234,1.38765587004427,209.7,140.480059534053,23584.497545691,0.9,213.7,43.7752166666667,-79.4540766666667,988.2,6.52717673898087,7.19112460534027,15.3,32.311535382424,26.1,231.6,7.6,4.5,15.8
2018-08-09 16:18:29.400,188.4,37.9579057981868,1.92566692969054,1.97196520683875,1.43314026950738,405.442828222308,415.190796679148,1.46759081853173,202.1,140.491551468269,23478.199066568,0.9,201.2,43.77518,-79.454095,988.2,6.53207860713925,7.18545223773168,15.1,32.3131999041683,26,234.5,14.7,4.1,16.1
2018-08-09 16:18:30.400,188.4,37.9585524856563,1.92020588883001,1.96651857092832,1.31312288766565,404.713605033047,414.47477671576,1.34478838391554,193.1,140.448978024335,23550.730544942,0.9,189,43.7751416666667,-79.4541033333333,988.1,6.53299965316777,7.18769753258948,15,32.3154176882917,26,234.5,19.9,4.6,15.9
2018-08-09 16:18:31.400,188.6,37.9532201365941,1.92375828967892,1.97005393236513,1.36861576022225,404.066762711333,413.790781318905,1.40154964078578,185.6,140.471201903457,23499.8699620958,0.9,182.4,43.775105,-79.4541066666667,988.2,6.52906854567295,7.19237962376122,14.8,32.3172310404622,26,228.3,19.9,4.4,16.8
2018-08-09 16:18:32.400,188.8,37.9555074866791,1.92406892433811,1.97042731320754,1.38479426294302,403.922088282201,413.654291980715,1.41815965927954,179,140.482634690623,23527.408610614,0.9,176.2,43.7750666666667,-79.454105,988.1,6.53050265861571,7.19245961441702,14.8,32.3194301538128,26,231.8,26.1,5.1,16.7
2018-08-09 16:18:33.400,189.1,37.9630694732399,1.92328430727712,1.96960201369249,1.47332491862132,403.87080389432,413.597016737136,1.50880592345426,172.6,140.459334859648,23516.2388276722,0.9,170.1,43.7750316666667,-79.4540966666667,988.1,6.53106313990576,7.18815939861412,14.4,32.3213554359472,26,224.6,26.2,5.5,16.6
2018-08-09 16:18:34.400,189.5,37.9648785161881,1.92413473884078,1.97024628095108,1.35486025993387,403.643785774915,413.317068387571,1.38733202480319,167.2,140.495152468551,23403.9260513819,0.9,167.3,43.7749983333333,-79.4540816666667,988.1,6.53376145762156,7.18951354184216,14.2,32.3234025121012,25.9,225,31.2,4.9,15.6
2018-08-09 16:18:35.400,189.5,37.9693288276969,1.92512337197101,1.97149236119063,1.52678924438395,403.575847882344,413.29648934403,1.56357031644366,163.9,140.479034054465,23519.6365297878,0.9,167.7,43.7749633333333,-79.4540683333333,988.1,6.52618464217572,7.18986655326156,13.8,32.325482020463,25.9,222.6,31.6,4.8,15.7
2018-08-09 16:18:36.400,189.4,37.9714789714678,1.92236345818015,1.96795812745312,1.28750196446193,402.808965680839,412.362693435754,1.31806056766264,163.2,140.480272814815,23168.1260144479,0.9,168.3,43.7749283333333,-79.4540566666667,988.2,6.53320270995887,7.18975540190215,13.8,32.3273065394604,25.9,221.4,32.4,4.9,14.9
2018-08-09 16:18:37.400,189.3,37.9689392562866,1.91785965660879,1.96349086537846,1.24391166426623,402.808032698933,412.391843086464,1.27350829815503,163.7,140.48951641061,23239.6276261925,0.9,169.8,43.774895,-79.4540416666667,988.2,6.53010363878024,7.1885162548599,13.7,32.3293959311704,25.9,222.6,35.5,4.8,14.6
2018-08-09 16:18:38.400,189.4,37.9719154257433,1.92033607078463,1.96605621158836,1.36657163966204,402.864516034018,412.455924106236,1.39910687963002,165.8,140.444220272558,23254.4681016622,0.9,173,43.7748616666667,-79.4540316666667,988.1,6.52848723663587,7.18674425948483,13.5,32.3315920752013,25.9,232,40,4.7,13.8
2018-08-09 16:18:39.400,189.8,37.9684900060502,1.91899788242409,1.96467241262475,1.41160048573191,402.534723384083,412.115432434199,1.4451979488256,169.4,140.492393289302,23247.568379046,0.9,175.8,43.7748316666667,-79.454025,988.1,6.529848811082,7.19500823439562,13.1,32.3334915639811,25.9,228.3,39.2,5.9,16.1
2018-08-09 16:18:40.400,189.9,37.9670505384406,1.91642944516986,1.96163771336582,1.23994737610178,402.83044900668,412.33319288398,1.26920503894736,174,140.488504829729,23046.23578675,0.9,184.6,43.7748,-79.45402,988.2,6.53144145106514,7.1912642374656,12.9,32.3354195170271,25.9,226,34.9,5.9,16.7
2018-08-09 16:18:41.400,189.5,37.9744740134798,1.91177347677022,1.95682343265397,1.27446475813586,402.295035037189,411.774920170062,1.30449710709892,178.8,140.451402977722,23021.9765545859,0.9,189.1,43.7747666666667,-79.45402,988.2,6.5320906181771,7.19113074137286,13.1,32.3378227815222,25.9,226.8,34.4,6.5,17.9
2018-08-09 16:18:42.400,189.2,37.9714971023341,1.91311724856691,1.95792241560202,1.29370258309983,402.78633686507,412.219468677059,1.32400088704307,186.5,140.496275410005,22883.8129370601,0.9,199.7,43.7747316666667,-79.4540283333333,988.2,6.53138688480027,7.18497811783457,13.3,32.3393527248599,25.9,225.5,26.2,6,17.5
2018-08-09 16:18:43.400,189.3,37.9742046722335,1.91248995547437,1.9570070444599,1.33034297998023,402.682550462291,412.055864980637,1.36130846477776,189.8,140.480423886859,22747.7881348146,0.9,206.9,43.774705,-79.4540383333333,988.1,6.52887002920265,7.18693640641347,12.9,32.3415155387004,25.9,229.6,28.4,6.1,17.2
2018-08-09 16:18:44.400,189.6,37.9766676940833,1.91535077864161,1.95982848827592,1.36751119389996,402.575214761271,411.923587753618,1.39926677353789,191.8,140.470672725064,22694.5686162083,0.9,199.1,43.7746766666667,-79.4540483333333,988.1,6.52768700376628,7.18723582760297,12.7,32.3432162556189,25.9,234.6,28.5,5.6,16.9
2018-08-09 16:18:45.400,189.9,37.972466675584,1.90942959239495,1.95372204203611,1.14355161142419,402.507889963125,411.844768241189,1.17007927413197,196.1,140.487913007573,22670.7919193226,0.9,203.6,43.7746483333333,-79.4540616666667,988.2,6.53218662854641,7.19166888974469,12.7,32.3454679670363,25.9,241.2,29.9,5.9,16.6
2018-08-09 16:18:46.400,189.9,37.9796412353067,1.91111031161082,1.95525505671289,1.3195102454249,402.087006372422,411.374793153199,1.34998588741324,204.4,140.472450505258,22577.3376242468,0.9,211.5,43.7746233333333,-79.4540833333333,988.2,6.5264771123939,7.19351588966804,12.7,32.3474939863891,25.8,244.7,28.4,5.7,16.2
2018-08-09 16:18:47.400,190,37.9853532370667,1.91195436717986,1.95602690340751,1.40964632799685,402.340888914993,411.615255098138,1.44213987881772,216.2,140.503751210507,22531.5947318498,0.9,228.9,43.7746,-79.4541116666667,988.1,6.53209460923748,7.18719461783294,12.7,32.3495113044874,25.8,240.6,17.1,4.4,14
2018-08-09 16:18:48.400,189.8,37.9937925702474,1.91106822705719,1.95506354973057,1.38424756018897,402.186642202672,411.445435770765,1.41611475479915,229.8,140.484835515632,22502.9997096674,0.9,245,43.7745816666667,-79.4541466666667,988.1,6.52841078038118,7.1941448604738,12.7,32.3514758041681,25.8,232.6,6.5,3.9,14
2018-08-09 16:18:49.400,189.8,38.0083911038002,1.91141371816823,1.95552622961429,1.39302777293337,402.11366837959,411.393936600057,1.42517677459292,240.9,140.458243135781,22558.0739988471,0.9,257.3,43.77457,-79.4541833333333,988.1,6.53074471996442,7.19125534124396,12.9,32.3536514053515,25.8,243.9,5.2,3.4,13.9
2018-08-09 16:18:50.400,189.7,38.018158256681,1.9132603930146,1.95690474642527,1.21926609947767,402.009538827938,411.179953884193,1.24708530236077,247.7,140.479188008283,22302.6473552409,0.9,260.5,43.7745583333333,-79.4542233333333,988.2,6.53211640411396,7.19083276122442,13.1,32.3554546486952,25.9,250.5,2.1,4.5,15.2
2018-08-09 16:18:51.400,189.1,38.0242011903598,1.91456025318765,1.95789597281205,1.19155477374041,401.93485199186,411.032693838333,1.21852548391751,252,140.468074418738,22134.0248355626,0.9,262.1,43.77455,-79.4542666666667,988.2,6.53207774040846,7.19489495417734,13.3,32.3572681598686,25.9,248.1,0.4,4.7,17.3
2018-08-09 16:18:52.400,188.5,38.0225775731563,1.91378488796069,1.95717944228098,1.26397518405509,401.89923865591,411.012362924346,1.29263614004614,253.5,140.482944439327,22172.3356593787,0.9,261.2,43.77454,-79.4543133333333,988.1,6.53059256566798,7.19422755712347,13.5,32.3590168473505,25.9,250.7,358.9,5.3,17.7
2018-08-09 16:18:53.400,187.6,38.0186174753967,1.91244000695185,1.95592823926039,1.49975682553964,401.058596105706,410.17853415207,1.53386208051407,254.6,140.492489224231,22234.1871282733,0.9,262.3,43.77453,-79.454355,988.2,6.53329012408167,7.19898403955288,13.5,32.3611454205326,25.9,249.1,352.4,5.2,16.6
2018-08-09 16:18:54.400,187.3,38.0186813750527,1.91081125059037,1.95393149059742,1.44807222869647,401.364096295835,410.421580140533,1.48075115372116,256.4,140.482890738581,22068.7277733742,0.9,262.8,43.7745233333333,-79.4543983333333,988.1,6.5257330740833,7.19396864323287,13.5,32.3629344185523,25.9,235.8,349.4,4.4,16.8
2018-08-09 16:18:55.400,187.2,38.0154864148418,1.90832347917725,1.95103286892623,1.42415664014552,402.231820048241,411.234012333334,1.45603079230768,256,140.501564548857,21890.8056513243,0.9,262.2,43.774515,-79.4544416666667,988.1,6.53133795942481,7.18766196022291,13.3,32.3646369754408,25.9,233.4,349.6,5.7,17.5
2018-08-09 16:18:56.400,187.5,38.0133818104129,1.91157085450744,1.95446845224403,1.23033002582733,401.804464873905,410.821413679503,1.25793880224894,253.8,140.485918104129,21948.7731032151,0.9,261.7,43.774505,-79.4544866666667,988.1,6.52833220770054,7.19553052208749,13.3,32.3669308951434,25.9,245.1,351.9,5.4,17
2018-08-09 16:18:57.400,187.7,38.0144646499698,1.90859413441303,1.95134464086155,1.34048060356335,402.51020262632,411.526017581952,1.37050634471751,253.4,140.447284634213,21908.3951978155,0.9,261.6,43.7744966666667,-79.45453,988.1,6.53235136122832,7.19217713232316,13.3,32.3688643032924,25.9,243.7,353.3,5.7,18.7
2018-08-09 16:18:58.400,187.8,38.0140991363528,1.90870116689109,1.95082828051277,1.29811906240903,403.030942283999,411.926189294097,1.32677100133248,256.6,140.508288962563,21594.3209211099,0.9,264.3,43.77449,-79.4545733333333,988.2,6.52628990244478,7.19139144933863,13.3,32.3706914415995,25.8,240.6,351.3,5.4,16.8
2018-08-09 16:18:59.400,188.1,38.0177470461827,1.90633434174281,1.94864799974469,1.41290532536271,403.249507802159,412.20012157652,1.44426772501573,262,140.487621972103,21714.2503551484,0.9,267.2,43.77449,-79.4546183333333,988.2,6.52889226800927,7.18947405877766,13.5,32.3729969220169,25.8,237.4,344.5,4.8,16.2
2018-08-09 16:19:00.400,188.4,38.0214695832405,1.90800305419431,1.95041792840595,1.32760721564816,402.713736335753,411.665984527684,1.35711951444725,269.3,140.459575393785,21746.4974208452,0.9,273.4,43.7744916666667,-79.454665,988.2,6.53205768624186,7.19534380486731,13.5,32.3746780109655,25.8,226.2,340.3,4.1,14.1
2018-08-09 16:19:01.400,188.5,38.0227794487603,1.90805277047171,1.95062237854514,1.43354959371398,403.905107816846,412.91662243231,1.46553358672565,273.4,140.498820722592,21823.8819953088,0.9,279.9,43.7744966666667,-79.4547133333333,988.2,6.52421360216415,7.18996686782203,13.7,32.3771336367689,25.8,234.6,346.5,3.1,12.1
2018-08-09 16:19:02.400,188.5,38.0263829434035,1.90554794266579,1.94785454983014,1.30112094930736,404.684709999022,413.66940218813,1.33000892360115,275.4,140.466108839919,21719.5405510156,0.9,279.1,43.7745,-79.4547616666667,988.2,6.53421212569642,7.19006505372294,13.8,32.3787080910591,25.9,257.8,347.4,3.2,14.1
2018-08-09 16:19:03.400,188.7,38.0254339025797,1.91088553889349,1.95324355520643,1.47862827537837,403.904474310864,412.857723626437,1.51140430571778,271.6,140.486622883841,21686.1027241915,0.9,279.6,43.7745016666667,-79.45481,988.2,6.52881309936886,7.20139064075731,14.2,32.3808818446244,25.9,246,347.3,3.8,14.5
2018-08-09 16:19:04.400,189,38.0205195566734,1.91058064188392,1.95248822730598,1.40938051772156,404.258058945189,413.125231105792,1.44029568810521,267.3,140.490296050359,21463.8316447449,0.9,274.1,43.7745,-79.4548583333333,988.2,6.53301183829074,7.19379252281965,13.8,32.3833351828962,25.9,245.1,346.6,3.3,14.1
2018-08-09 16:19:05.400,189.4,38.0172398295794,1.91181535135384,1.9542251196239,1.5219094084603,403.17774212287,412.121296956945,1.55567047203117,261.3,140.4683248772,21701.2835418524,0.9,267.4,43.7744933333333,-79.4549083333333,988.2,6.52797782598515,7.19734184003252,13.8,32.3844182071403,25.9,236.2,346.5,3.2,13.1
2018-08-09 16:19:06.400,189.3,38.015677145325,1.90353132246537,1.9457432537648,1.53492298355898,403.83553563161,412.790842144157,1.56896117625405,256.9,140.507126139564,21694.5401954291,0.9,260.5,43.7744816666667,-79.4549533333333,988.3,6.53472110564577,7.19399699356333,13.5,32.3868719448262,25.9,239.5,351.7,3.2,14.3
2018-08-09 16:19:07.400,189.2,38.0086519647455,1.9077481988897,1.94992269381755,1.30822789827406,404.658658143963,413.604439323865,1.33714990600321,255,140.482661345373,21628.9221381226,0.9,257.2,43.7744716666667,-79.4549966666667,988.3,6.53627573705609,7.19476392739135,13.5,32.3888565670094,26,250.9,0.2,3.2,13
2018-08-09 16:19:08.400,189.4,38.0045013122276,1.90819534027789,1.95081514757729,1.64242699301487,404.874260942848,413.917090906219,1.67911198384973,256.5,140.459945376372,21846.9980289087,0.9,261.3,43.7744633333333,-79.4550433333333,988.2,6.53471418840108,7.19049540797648,13.5,32.3913611847655,26,246.7,358.1,3,13.1
2018-08-09 16:19:09.400,189.2,37.998918610729,1.91136265918583,1.95396156790708,1.34435027401335,404.58223843963,413.599322092711,1.37431290799333,256.4,140.481104358214,21801.3712022485,0.9,262.6,43.7744566666667,-79.4550866666667,988.3,6.52961316519456,7.19863059072382,13.1,32.3922911716016,26,256.5,357.2,3.7,13
2018-08-09 16:19:10.400,189,37.99377877482,1.91063517602643,1.95288667775989,1.51994197866289,405.186159430992,414.146447210709,1.55355352179938,256.1,140.465164145726,21635.6067588242,0.9,262.6,43.7744483333333,-79.45513,988.2,6.53159984861476,7.19565151623147,13.1,32.3948892058968,26.1,231.2,345.2,4.6,16.6
2018-08-09 16:19:11.400,188.9,37.99632,1.911273,1.953397,1.431733,406.0442,414.9933,1.463287,255.4,140.4811,21564.45,0.9,263.2,43.7744416666667,-79.4551733333333,988.1,6.523726,7.192144,12.9,32.39693,26,237.8,353.7,5.4,17.6
2018-08-09 16:19:12.400,189,37.996113265482,1.91015761805264,1.95291757280815,1.26919339966274,404.709581018508,413.769234763158,1.29760405053837,253.4,140.493110291048,21895.5402528992,0.9,260.8,43.7744333333333,-79.4552133333333,988.2,6.53155336263321,7.20085047655995,12.7,32.3988989001719,26,254,359.2,5.5,17.6
2018-08-09 16:19:13.400,188.9,38.00349,1.904611,1.947228,1.400141,405.9722,415.0561,1.43147,252.9,140.4747,21886.06,0.9,260.1,43.774425,-79.4552533333333,988.3,6.532112,7.189011,12.7,32.40079,25.9,249,357.4,5.1,16.6
2018-08-09 16:19:14.400,188.4,38.01005,1.906072,1.948429,1.37414,405.6113,414.6249,1.404676,252.2,140.5041,21739.04,0.9,260.2,43.774415,-79.455295,988.3,6.532942,7.193671,12.9,32.40255,25.9,253.7,0.4,4.2,13.9
2018-08-09 16:19:15.400,188.5,38.0136487217113,1.9074709119757,1.95061494118215,1.30802844604773,406.35715738743,415.548210800571,1.3376130754655,253.6,140.482930272435,22118.0093719448,0.9,262.1,43.774405,-79.4553416666667,988.3,6.53313390471364,7.19145666881739,13.3,32.4048792413186,25.9,252.9,0.4,2.9,12.9
2018-08-09 16:19:16.400,188.6,38.02053,1.906959,1.949915,1.416287,405.9304,415.0742,1.44819,253.7,140.4532,22029.36,0.9,263.1,43.7743966666667,-79.4553833333333,988.3,6.530343,7.191499,13.5,32.40673,25.9,252.1,359.4,3.8,14.7
2018-08-09 16:19:17.400,188.6,38.016636986222,1.9061603013778,1.94894925980262,1.34617959200303,404.987054982743,414.077951972583,1.37639821061165,255,140.517085350965,21954.5342517399,0.9,262,43.7743883333333,-79.45543,988.3,6.52788030274105,7.19469558099079,13.8,32.4089049186835,25.9,254,0,3.3,14
2018-08-09 16:19:18.400,188.6,38.01896,1.905928,1.949154,1.527919,405.2543,414.4455,1.562573,254,140.4722,22177.14,0.9,262.9,43.7743783333333,-79.4554766666667,988.2,6.531919,7.192471,14,32.41047,25.9,253.7,357.5,3.9,15.2
2018-08-09 16:19:19.400,188.6,38.0181674070232,1.90750933749128,1.95026559095141,1.30370197585884,405.333736922307,414.419219880604,1.33292446260701,253,140.474601384052,21923.450878926,0.9,258.2,43.7743683333333,-79.4555233333333,988.3,6.53103260813471,7.18916420478363,13.8,32.4130621577539,26,257.5,0.2,3.8,14.6
2018-08-09 16:19:20.400,188.6,38.0147913302026,1.90487234697928,1.94763289007778,1.34863136748071,406.294037415008,415.414383699817,1.37890534087589,254.9,140.480291449135,21954.9522328237,0.9,261.3,43.7743583333333,-79.45557,988.2,6.53036470716728,7.19264656125188,13.7,32.4151161978095,26,243.6,350.8,4.7,16.5
2018-08-09 16:19:21.400,188.8,38.0112739788976,1.90337329796831,1.94577475034074,1.23226606204407,407.500581702627,416.578350068147,1.25971622254677,255.4,140.462509676246,21791.4452035157,0.9,262.6,43.7743516666667,-79.45562,988.3,6.52963975299729,7.19244662637161,13.5,32.4169372744231,26,229.8,350,3.2,13.2
2018-08-09 16:19:22.400,188.8,38.0074445529498,1.90397200525558,1.94632520059785,1.51577621843556,407.647464824064,416.715476619494,1.54949393368326,255.4,140.498899474442,21760.758212125,0.9,264.2,43.7743433333333,-79.4556666666667,988.2,6.52875028925243,7.19522635468346,13.5,32.4190833057421,26,244,353.6,3.7,15.6
2018-08-09 16:19:23.400,188.7,38.0079021226372,1.90440199767455,1.94675271060488,1.50328441580682,408.202567621982,417.280299550421,1.53671323813497,253.5,140.484384880681,21754.5093186019,0.9,262.3,43.7743316666667,-79.4557116666667,988.3,6.52879452616349,7.19273364286822,13.5,32.4208332289137,26,236.1,354.7,4.2,15.8
2018-08-09 16:19:24.400,188.9,38.0027433537857,1.91001369132098,1.95262864089779,1.10455709291311,408.074871686694,417.179607430566,1.12919996536718,252,140.477423834821,21824.3531828803,0.9,260.4,43.77432,-79.4557566666667,988.2,6.52697643987795,7.19216214812229,13.5,32.4224116851894,26,241.4,356.8,4.5,17.3
2018-08-09 16:19:25.400,189.1,37.9969787067455,1.90389573051889,1.94618899482501,1.3685554560303,407.884754072717,416.945526838849,1.39895666102272,250.8,140.505947029512,21731.4445840841,0.9,262.7,43.7743066666667,-79.4558016666667,988.3,6.53248798512355,7.19854211512133,13.7,32.4241666587422,25.9,251.1,0.7,4.2,15.5
2018-08-09 16:19:26.400,189.4,38.0003313285318,1.89952414792694,1.9417991199346,1.30377175888339,408.347480014445,417.435524333645,1.33278924219637,249.9,140.469048765044,21771.1413570452,0.9,265.1,43.7742916666667,-79.455845,988.2,6.53235250645929,7.19261818796767,13.5,32.4268136285626,25.9,244.8,355.2,3.4,15
2018-08-09 16:19:27.400,189.5,38.0052024836812,1.90441147655307,1.94691383853465,1.46656980842462,409.24897978109,418.382505887664,1.49929931108777,250.6,140.480255728575,21830.5961426108,0.9,263.5,43.7742816666667,-79.4558866666667,988.3,6.52982392525872,7.19512124843261,13.3,32.4280888638654,25.9,241,353.8,5.5,18.1
2018-08-09 16:19:28.400,189.2,38.003332189609,1.90373399865004,1.94584179034424,1.57049800229472,408.912557931002,417.956949079514,1.60523398509142,251.9,140.478276205519,21639.5762184488,0.9,261.4,43.7742716666667,-79.4559266666667,988.3,6.52733014736224,7.18989633507559,13.1,32.4307503469371,25.9,238.4,351.2,5.6,17.4
2018-08-09 16:19:29.400,188.8,37.9992204884787,1.89998668950871,1.9422663189208,1.47176932191817,408.418443882265,417.5069447769,1.50452246239104,253.7,140.461472192986,21768.3669185789,0.9,264.8,43.7742666666667,-79.45597,988.3,6.53258252184904,7.18738726014926,12.9,32.433285208999,25.8,237.2,347.6,4.9,15.5
2018-08-09 16:19:30.400,188.9,38.0006983360498,1.90119372763425,1.94285718791514,1.40003555052108,407.592474211377,416.524440244246,1.4307153767668,255.2,140.497887712322,21444.1453944352,0.9,263.2,43.7742583333333,-79.4560166666667,988.2,6.53225732236693,7.19215098285495,12.9,32.4348097104095,25.8,225.4,342.9,3.9,13.8
2018-08-09 16:19:31.400,188.9,38.0073787516516,1.90188145709231,1.9433877186292,1.44812010139668,407.546524915525,416.440679677035,1.47972084785819,254.3,140.489673465771,21357.4560282161,0.9,263.9,43.77425,-79.4560583333333,988.3,6.53370940272441,7.19360312570514,12.7,32.4370408252439,25.8,225.7,345.5,4.5,14.9
2018-08-09 16:19:32.400,188.9,38.0119016791637,1.90450473787673,1.94636878649025,1.30062284067845,406.844260421382,415.787397225423,1.32921392616289,253.4,140.480876949655,21508.8121538655,0.9,262,43.77424,-79.4561,988.2,6.52356355135592,7.19463705792383,12.5,32.4386302430676,25.8,238,350.7,4.4,16.2
2018-08-09 16:19:33.400,188.8,38.0135644440943,1.8988765441906,1.94096851399686,1.39628063776329,406.824104080589,415.842143379141,1.42722744638258,252.8,140.504783778886,21686.1837842248,0.9,260.3,43.77423,-79.45614,988.3,6.52613146862745,7.19373824870744,12.4,32.4402203609069,25.8,245.4,357.4,4.6,15.2
2018-08-09 16:19:34.400,188.3,38.0124481255931,1.90137158358705,1.94283247072328,1.55746578095279,406.449952538444,415.31299613152,1.59142732076192,252.1,140.48248285828,21340.6052822888,0.9,261.5,43.77422,-79.4561833333333,988.3,6.52655910362878,7.20344702475929,12.2,32.4425339714473,25.8,252.5,359.1,4.6,15.8
2018-08-09 16:19:35.400,188,38.0147600776067,1.9011207402019,1.94264339367475,1.48878425683944,407.598934172514,416.501431048793,1.52130153196436,252,140.45625834323,21374.5219323864,0.9,259.9,43.77421,-79.4562233333333,988.3,6.52508324215735,7.20381000326618,12,32.4444360651978,25.8,256.9,5.2,5.3,16.8
2018-08-09 16:19:36.400,188,38.013696601416,1.90129474302376,1.94276197407332,1.45382954091754,408.700248177841,417.614059553309,1.48553946933272,253.5,140.49774188359,21344.5950036433,0.9,263.7,43.7742016666667,-79.4562633333333,988.3,6.52873801108915,7.19528041841927,11.8,32.4460426983549,25.8,264.3,6,4.7,15.6
2018-08-09 16:19:37.400,188.1,38.0103168277704,1.90202395923914,1.94336154738656,1.26257043865831,408.476235310662,417.353873143841,1.29001034180929,254.7,140.472274425938,21271.1248924412,0.9,264.1,43.7741933333333,-79.4563066666667,988.2,6.52962399850598,7.1868267207799,11.6,32.448631125931,25.8,262.3,4.7,4.6,15.2
2018-08-09 16:19:38.400,188.1,38.008834573438,1.89800139443979,1.93917924478989,1.29824489117668,407.569577904165,416.411912729322,1.32641052055292,253.8,140.477054545596,21234.6847970565,0.9,265,43.774185,-79.4563466666667,988.2,6.5273350559796,7.19529303214289,11.8,32.4500242377776,25.8,264.4,7.5,4.6,15
2018-08-09 16:19:39.400,187.9,38.0116756280437,1.90176391298106,1.94300017577207,1.33364559713638,407.72628605273,416.567149486902,1.36256378652224,252.8,140.487961425744,21223.2090564347,0.9,260.9,43.774175,-79.456385,988.3,6.53187351110113,7.19203338657081,11.8,32.4521177310275,25.8,264.8,7.6,4.3,14.4
2018-08-09 16:19:40.400,187.8,38.0232673637222,1.89769394696308,1.9389269862155,1.37626783142363,406.87780374889,415.718612801472,1.40616983799554,252.5,140.442729169279,21266.2205893377,0.9,260.6,43.774165,-79.4564233333333,988.2,6.53229729935316,7.19094372773364,12,32.4539993189725,25.8,261.5,4.9,3.9,14
2018-08-09 16:19:41.400,187.8,38.022452615182,1.89469075662739,1.93569297180483,1.50439236968864,406.37379088369,415.167865782633,1.53694825526584,253.2,140.500148738191,21181.8978922212,0.9,260.8,43.774155,-79.45646,988.3,6.52458413111638,7.19523197620438,12,32.4556565397414,25.8,262.6,5.1,4,14.1
2018-08-09 16:19:42.400,187.7,38.027513509681,1.89808026409252,1.93912355095693,1.19505281104844,405.532320032005,414.30133736981,1.22089184050445,255.5,140.477471138176,21165.8463639593,0.9,264.5,43.7741483333333,-79.4564983333333,988.3,6.5245625394682,7.19831432716066,11.8,32.4574835411662,25.8,259,2.6,3.9,14.3
2018-08-09 16:19:43.400,187.7,38.0365678510304,1.89740399913206,1.93837661801436,1.46979326826434,404.859268975188,413.601598909699,1.50152825435583,261.2,140.449708611946,21137.2156553644,0.9,268.3,43.7741466666667,-79.4565383333333,988.3,6.53530256572293,7.20124051818723,11.6,32.4595440940098,25.8,258.7,0.4,3.9,13.5
2018-08-09 16:19:44.400,187.8,38.0384284457527,1.89915905164817,1.94051906372168,1.37362729535248,404.00434905256,412.80259481848,1.40354102422384,271.5,140.480601381321,21313.5208053406,0.9,279.9,43.77415,-79.4565783333333,988.3,6.52962000004176,7.20098712226601,11.6,32.4610115544561,25.8,258.7,355.9,3.2,12.3
2018-08-09 16:19:45.400,188,38.0432539212973,1.89496678134647,1.93591884168173,1.39787208395228,404.082134233586,412.814729294316,1.42808214288045,287.8,140.471206184116,21153.83065353,0.9,293.6,43.77416,-79.4566133333333,988.3,6.5300996453145,7.19310971659819,11.2,32.4626103694422,25.8,251.8,345.5,2.7,10.9
2018-08-09 16:19:46.400,188.3,38.0506438901572,1.89456220650055,1.93544654540212,1.32977489541221,404.118161560111,412.83902623268,1.35847072631775,306.2,140.472685803348,21124.0836859905,0.9,310.5,43.77418,-79.4566433333333,988.3,6.52654887607102,7.19749265386492,11.2,32.4648530763372,25.9,241.1,335.4,2.8,10.8
2018-08-09 16:19:47.400,188.9,38.0594929336425,1.89886073824018,1.93971131048044,1.56700672153221,403.524207679753,412.205296751984,1.60073127947368,314.9,140.497043235246,21060.1346329452,0.9,317.2,43.7742066666667,-79.4566733333333,988.3,6.52510833377517,7.19367483804825,11.8,32.4663038131199,26,257.8,341.6,2.7,9
2018-08-09 16:19:48.400,189.3,38.0644428077066,1.89512073439509,1.93547393155549,1.30874304875239,403.027726210294,411.609517285377,1.33661324980071,315.6,140.484374820148,20849.2666085943,0.9,318.6,43.7742316666667,-79.4567033333333,988.3,6.52890040676216,7.19766718880277,12.4,32.4683384600409,26.1,260.6,338.2,1.9,10.2
2018-08-09 16:19:49.400,189.6,38.0587052648633,1.89477664032725,1.93562977531366,1.32106157391915,403.1244064659,411.816120258008,1.34955258373629,315.3,140.483365828479,21105.9331865664,0.9,318.7,43.774255,-79.4567333333333,988.3,6.53186332173143,7.19627760576634,12.7,32.4701488186178,26.1,273.2,337.3,3.7,13
2018-08-09 16:19:50.400,189.6,38.0579136387021,1.88914772759263,1.92946794378008,1.23003733330146,403.222420008868,411.828312601078,1.25630075645178,310.6,140.48482367359,20896.940475277,0.9,317.2,43.774275,-79.4567683333333,988.2,6.53099713638856,7.19954948033116,12.9,32.4724617619928,26.1,274.3,342.2,3.3,12.4
2018-08-09 16:19:51.400,189.5,38.0633271574848,1.89470345944814,1.93545266379182,1.51881216355185,402.847913020588,411.512088863617,1.55147736571322,305,140.442658159694,21054.3743342606,0.9,312.5,43.7742966666667,-79.4568066666667,988.2,6.53568735081221,7.20099130890733,13.3,32.4743242593643,26.1,284.8,352.6,2.7,11.8
2018-08-09 16:19:52.400,189.2,38.0504827441756,1.89540854487866,1.93590122922905,1.50306076230152,402.190782818801,410.783027376807,1.53517040352166,291.6,140.480514174959,20916.6346602115,0.9,303.7,43.774305,-79.4568466666667,988.3,6.52710656453069,7.19745819168362,13.3,32.4760881796747,26.1,274.9,347.5,1.8,10.8
2018-08-09 16:19:53.400,189,38.0401558586798,1.89813407267171,1.93882380909032,1.37515011921823,402.405997635751,411.032085794132,1.40462860164232,281.9,140.477999141894,20986.5080696408,0.9,292.2,43.7743066666667,-79.4568933333333,988.2,6.52487167460691,7.19890320487619,13.1,32.4780922413903,26.1,280.2,355.4,2.7,12.9
2018-08-09 16:19:54.400,188.8,38.0344031566702,1.89811093147253,1.93893692831279,1.37284352158748,402.256748875888,410.908765237151,1.40237295382366,273.4,140.452411106024,21055.7289582225,0.9,282.5,43.774305,-79.4569366666667,988.3,6.52745192242853,7.19838514717969,13.1,32.4801373715555,26.1,268.2,359.9,3.1,12.3
2018-08-09 16:19:55.400,188.6,38.0243770958943,1.89452319928318,1.93502576872988,1.36588739260776,402.268657171494,410.86859336926,1.39509524138628,266.4,140.505941783097,20930.9514273865,0.9,273.5,43.7743,-79.4569783333333,988.3,6.53320076836891,7.19633846987104,12.7,32.4820960057858,26.1,276.3,0.4,1.7,10.1
2018-08-09 16:19:56.400,188.4,38.0202230821617,1.89814245880931,1.9390897809754,1.52745063757689,402.579493261204,411.263916031415,1.56040206991432,262.9,140.480288790641,21116.4617997583,0.9,268.5,43.774295,-79.45702,988.2,6.52551004075132,7.19305580217487,12.4,32.4839360056019,26.1,263.2,358.5,3,13.3
2018-08-09 16:19:57.400,188.5,38.0230091037173,1.89924755421252,1.93999475742171,1.48961181383556,402.9911189086,411.637034780437,1.52157141255598,261.2,140.459376813042,21003.6964881529,0.9,267.8,43.7742916666667,-79.45706,988.3,6.53168464791898,7.19876051464497,11.8,32.4861918310211,26.1,257.7,357.7,2.9,12
2018-08-09 16:19:58.400,189.2,38.0189734414737,1.89750331993421,1.93840942115054,1.49557056004271,402.92388704881,411.609917413216,1.5278120012796,260.7,140.492865585756,21102.6602427731,0.9,269.1,43.7742883333333,-79.4571,988.3,6.53256818217361,7.19676894733336,11.6,32.4877083806078,26.1,259.6,357.9,2.4,11.1
2018-08-09 16:19:59.400,189.4,38.0261987383817,1.90105498593541,1.94198774262583,1.40267798624295,403.297229869076,411.981000694373,1.43287898087644,260.3,140.445793269262,21078.0866413055,0.9,269.1,43.7742833333333,-79.4571383333333,988.3,6.5324190630632,7.1956736741607,11.2,32.4897004899862,26.1,258.9,358.4,3,12.2
2018-08-09 16:20:00.400,189.4,38.025989005452,1.89862197729614,1.93936987692023,1.44096910730152,404.109570362712,412.782497966087,1.47189479205852,259.4,140.472321563891,21010.9457178409,0.9,269.5,43.7742766666667,-79.4571733333333,988.3,6.53320747748275,7.19707066640939,11.1,32.491390994548,26.1,256.4,358.8,3.2,12
2018-08-09 16:20:01.400,189.2,38.0263122558343,1.89392814372518,1.93474742008724,1.37058859799973,404.194722487676,412.906194332388,1.40013632894853,259.3,140.487415528462,21098.0155241477,0.9,269,43.7742716666667,-79.4572083333333,988.3,6.52998135043834,7.19719195122789,10.9,32.4932831693784,26.1,258.2,358.7,3,12.3
2018-08-09 16:20:02.400,189.1,38.0328669623202,1.89490483537408,1.93627914884573,1.46609235601856,404.241971807742,413.068292168629,1.49809988365534,257.7,140.441844047198,21367.7549613626,0.9,269,43.774265,-79.457245,988.3,6.52729558398538,7.19637837952393,11.1,32.4953822653497,26.1,245,359.3,4,13.3
2018-08-09 16:20:03.400,188.6,38.0319733303287,1.89990290844413,1.94166668454431,1.38581816704761,404.865440791295,413.765162482696,1.41628313245662,256.9,140.481999898593,21509.0789318482,0.9,268.9,43.7742583333333,-79.457285,988.2,6.52748028789879,7.19866054864308,11.6,32.497024418279,26.1,259.1,1.1,4.2,13.7
2018-08-09 16:20:04.400,188.2,38.0345634160982,1.89762599791129,1.93941467334056,1.41069648977254,405.18600299346,414.108757823399,1.44176922520277,255.5,140.47750238679,21547.0796900412,0.9,266.4,43.7742466666667,-79.457325,988.3,6.52464054157029,7.19157655599003,12,32.4990762215741,26,265.5,4.3,3.8,13.1
2018-08-09 16:20:05.400,188,38.0419702570143,1.895809701203,1.93739956096657,1.22814869960319,405.447025214773,414.341476543573,1.25509267603166,252.1,140.459309657077,21466.6172739822,0.9,264.3,43.7742333333333,-79.457365,988.3,6.52791657429022,7.19285684856982,12.5,32.500898271995,26,273.9,6.4,2.9,10.7
2018-08-09 16:20:06.400,188,38.0421123920422,1.90002511008519,1.94177476422093,1.28952425275167,405.181698932507,414.084785096428,1.31785953259668,249.9,140.505720944234,21500.6694853342,0.9,259.7,43.77422,-79.4574116666667,988.3,6.52721369464799,7.20429587604102,13.3,32.5027666405637,26,269.5,7.5,2.7,12.8
2018-08-09 16:20:07.400,188.1,38.0479984739097,1.89602696618553,1.93771218241256,1.14322236533334,404.882815420951,413.784335896012,1.16835843196685,250.8,140.474685625201,21512.3848780634,0.9,261.9,43.7742083333333,-79.45746,988.4,6.53117754782327,7.20491552770048,14,32.5045381860234,26,267,9.1,3.5,13.9
2018-08-09 16:20:08.400,188.4,38.0559733715038,1.89336461345375,1.9351820724336,1.25700970779569,405.01839900547,413.96369782271,1.28477353226397,251.3,140.460753893468,21608.9080634642,0.9,263.8,43.7741983333333,-79.4575133333333,988.3,6.52773100164129,7.19920173364194,14.8,32.5066778088462,26,267.8,7.9,3.1,13.1
2018-08-09 16:20:09.400,189,38.0599223763936,1.89615362789037,1.9382788463556,1.29426990955506,404.545171741153,413.53246241783,1.3230227120362,251.9,140.491039581911,21733.024471177,0.9,266.4,43.774185,-79.4575666666667,988.4,6.52703795237158,7.20148961812209,15.3,32.5083674405168,26,279.1,8.9,1.8,11.1
2018-08-09 16:20:10.400,189.5,38.0640621751615,1.8976841183856,1.93982926082795,1.32916193098802,404.823978055353,413.814503945116,1.35867889927423,251.8,140.448762367391,21726.0766783037,0.9,263.6,43.7741716666667,-79.4576233333333,988.4,6.52797025896189,7.19674581525117,15.7,32.5102284696496,26.1,254.3,0,2.3,12.8
2018-08-09 16:20:11.400,189.7,38.0645921289768,1.89707800909996,1.9393438150114,1.24281113391677,404.68818685581,413.704427285732,1.270501189513,251.3,140.472867362426,21793.9659362296,0.9,262.6,43.7741616666667,-79.4576766666667,988.3,6.52661828522521,7.19517412008463,16.1,32.5122015894956,26.1,256.4,2.4,2.6,13.1
2018-08-09 16:20:12.400,189.8,38.0653709816961,1.89422302343386,1.93629366543143,1.29516106697642,404.096866642898,413.07179818384,1.32392786963964,250.5,140.486786582429,21727.0676296682,0.9,259.3,43.7741483333333,-79.4577316666667,988.4,6.53061834030019,7.19478026816115,16.2,32.5138498462538,26.1,258.6,3,2.8,14
2018-08-09 16:20:13.400,189.8,38.0648764050129,1.89202039992967,1.93373453689383,1.4055656360478,403.658087801592,412.557435623095,1.43659752234429,250.7,140.460040724994,21570.9964503369,0.9,259.6,43.7741383333333,-79.457785,988.3,6.52958172040292,7.19152947718429,16.1,32.5160934505739,26.1,257.5,0.7,2.8,15.6
2018-08-09 16:20:14.400,189.8,38.0618527604169,1.89839461027303,1.94083554296873,1.65817489468933,403.378712391971,412.396655360703,1.69525439141014,249.6,140.51084719378,21867.0426369143,0.9,258.3,43.7741266666667,-79.4578366666667,988.4,6.52856486831031,7.19888844378612,15.9,32.517744089889,26.1,262,6.6,3.4,15.5
2018-08-09 16:20:15.400,189.6,38.0644301972481,1.8984413480932,1.94073060089093,1.39412652765245,402.564994909273,411.532499868628,1.42518002119771,250.6,140.477695325109,21790.492690358,0.9,259.7,43.774115,-79.45789,988.3,6.5282515922484,7.19979455803363,15.7,32.5194681813063,26.1,256.6,3.9,3.3,14.5
2018-08-09 16:20:16.400,189.3,38.0667058627193,1.89832912283184,1.94069594607794,1.4575082717703,402.856977979858,411.848047182647,1.4900291304818,251.2,140.463757610051,21830.9268896292,0.9,259.3,43.774105,-79.4579416666667,988.3,6.52658992607193,7.20015938405577,15.5,32.5213357279984,26.1,254.7,3.2,2.9,15
2018-08-09 16:20:17.400,189.2,38.0619033898619,1.89721235538171,1.93946821010192,1.66510178296881,402.675018277912,411.643720086843,1.70218519883973,248.9,140.497148068613,21787.5066365063,0.9,257.1,43.77409,-79.45799,988.4,6.530655105899,7.19900436555594,15.3,32.5229690258144,26.1,265.6,7.8,2.4,15.9
2018-08-09 16:20:18.400,189,38.0623638228477,1.89277070472655,1.93514572611755,1.30963558969908,402.715975370915,411.732080671599,1.33895941787682,247.3,140.45176858417,21897.7382376497,0.9,250.8,43.7740733333333,-79.4580366666667,988.4,6.53080581763513,7.19584499937647,15,32.5246666237983,26.1,267.7,7.3,4.4,16
2018-08-09 16:20:19.400,188.6,38.0590498383723,1.89214863787085,1.9349799917962,1.33772440413758,403.0622795732,412.186107331033,1.36800557560981,248.1,140.459388902059,22135.3276044828,0.9,252.6,43.7740583333333,-79.4580833333333,988.4,6.5333982838328,7.19423148938403,14.8,32.5268842801448,26.1,262.5,8.1,3.4,15.1
2018-08-09 16:20:20.400,188.3,38.0545341011053,1.89614137412527,1.93898186942206,1.26107072082502,402.321026566558,411.410769649361,1.28957764984367,250.2,140.492750955082,22094.1715553502,0.9,257.9,43.7740466666667,-79.45813,988.4,6.52806781339511,7.1976410602233,14.6,32.528500638175,26.1,250.9,0.8,4.1,16.3
2018-08-09 16:20:21.400,188.1,38.0578006808862,1.89314815881639,1.9355020106076,1.16807080509412,402.732625556738,411.742617889295,1.19420673328936,251.7,140.455877167105,21882.6463845581,0.9,257.9,43.774035,-79.4581766666667,988.4,6.52665609559745,7.19491302887571,14.4,32.5305052201277,26,255.3,1.8,4.6,17.4
2018-08-09 16:20:22.400,187.7,38.0578046240108,1.89249409696427,1.93496115237323,1.33388449663125,402.718891161216,411.75578001347,1.36381418726293,251.2,140.486898746694,21947.2058113591,0.9,260.4,43.7740233333333,-79.458225,988.3,6.52692669261181,7.19627847427254,14.2,32.5325618271763,26,252.9,0.1,4.5,15.7
2018-08-09 16:20:23.400,187.4,38.0587154496043,1.89575473089085,1.93826935620349,1.41920746673261,402.119685756166,411.137768272207,1.45103258861908,250.7,140.484418647369,21934.3634424394,0.9,259.5,43.7740133333333,-79.45827,988.3,6.52714061802722,7.19854554408916,14,32.5343100706759,25.9,253,2.2,4.1,14.2
2018-08-09 16:20:24.400,187.2,38.0599561394888,1.89575877500266,1.93834121079606,1.35842285793166,402.11387359827,411.14615953368,1.38893581833315,249.7,140.466821340335,21968.5429126278,0.9,257.8,43.774,-79.4583133333333,988.3,6.52558242460516,7.1952780829614,13.7,32.5363894904047,25.9,251.6,0.4,3.3,14.7
2018-08-09 16:20:25.400,187.2,38.0550649459101,1.89501421025241,1.93768666171568,1.52082076029575,402.487176840007,411.550567586638,1.55507021523596,251.1,140.505138896945,22022.4338334023,0.9,258,43.77399,-79.4583566666667,988.3,6.52611170892387,7.19716941309164,13.5,32.5377072800152,25.9,256.5,4.1,3.6,13.3
2018-08-09 16:20:26.400,187.1,38.0572926884352,1.89844679950033,1.94142430228732,1.41002810983797,402.602776726173,411.71706167897,1.44194440602414,252,140.465607450789,22137.141934945,0.9,261.2,43.7739783333333,-79.4584,988.4,6.52951569056946,7.20056925635233,13.3,32.5393260334438,25.9,254.7,359.2,3,11.9
2018-08-09 16:20:27.400,187,38.0656289996698,1.90052287671197,1.94356184530555,1.20194864382159,402.683730597354,411.802975348466,1.22916295887628,252.4,140.462070370722,22144.6622874391,0.9,260.3,43.7739666666667,-79.4584416666667,988.3,6.52555594314888,7.19953743126905,13.3,32.5410870136957,26,250.3,0.1,2,12.4
2018-08-09 16:20:28.400,187,38.0659391951374,1.90017569925905,1.9431685899196,1.47789338745166,403.171047485154,412.293259622273,1.51133395050093,251.1,140.497971911717,22125.5084609223,0.9,260.2,43.7739566666667,-79.4584816666667,988.4,6.52063022054686,7.19971203831772,13.3,32.5430097447564,26.1,253.7,4.3,3.4,15.7
2018-08-09 16:20:29.400,187.2,38.0709313733778,1.90027539352599,1.94327211035703,1.52502353608145,403.694822256394,412.82922217335,1.5595338811956,250.5,140.468357099985,22126.3244952638,0.9,257.7,43.7739433333333,-79.458525,988.4,6.52354207006059,7.19777899632888,13.5,32.5451240719105,26.1,264.2,10.1,4.7,14.9
2018-08-09 16:20:30.400,187.3,38.0728605715349,1.90115329948358,1.94388469646646,1.41727064706234,403.864222597241,412.941751440087,1.44912757926477,250.9,140.490375986145,21982.5714381396,0.9,261.7,43.7739333333333,-79.4585716666667,988.4,6.52742745415584,7.19721408059424,13.8,32.5466950199576,26.1,266.8,6.4,4.6,15.9
2018-08-09 16:20:31.400,187,38.0704157482484,1.89754229639965,1.93997173261527,1.36844990776707,403.921846248702,412.95365312273,1.39904729216631,252.5,140.489882158144,21871.2866918822,0.9,263,43.7739216666667,-79.45862,988.4,6.52946317140648,7.19530647473424,14.4,32.548707039245,26.1,256,1.6,4,15.2
2018-08-09 16:20:32.400,187.2,38.0706042123235,1.89872643554707,1.94144991008645,1.27348346836002,403.929763461122,413.018616380128,1.30213063575317,252.2,140.469032133657,22005.903368178,0.9,265.6,43.7739116666667,-79.45867,988.5,6.52734886966567,7.19666912379321,15,32.5503518874083,26.1,256.4,2.8,4.3,17.9
2018-08-09 16:20:33.400,187.7,38.0744854848158,1.90474362536214,1.94781290396902,1.31837596647212,403.830280298934,412.96144910074,1.34817241967662,249.6,140.510372154849,22111.4779435777,0.9,260.1,43.7738983333333,-79.4587216666667,988.3,6.52139170747921,7.19611513357792,15.5,32.5521685227512,26.1,260,4.3,4.5,17.9
2018-08-09 16:20:34.400,187.7,38.0784905184401,1.90162269679264,1.94455505378511,1.4624173675519,403.794614622719,412.910888605198,1.49542345845355,249.5,140.480398658711,22078.0239551588,0.9,260.4,43.7738833333333,-79.458775,988.3,6.52399691692428,7.19738846064973,15.9,32.553826626339,26,256.1,4.3,5.8,19.9
2018-08-09 16:20:35.400,187.4,38.0848602001423,1.89825435816207,1.9413182945622,1.36722761178302,404.01172816355,413.177185172557,1.39824404869995,250.6,140.468242871525,22182.8166206693,0.9,261.2,43.7738683333333,-79.4588266666667,988.3,6.52300214612669,7.19436097648228,16.1,32.5556550529552,25.9,254.5,1,5.4,17.8
2018-08-09 16:20:36.400,187.2,38.0898170429018,1.89787115156891,1.94098043931837,1.38898515742479,403.783194811597,412.955001673652,1.42053277611317,251,140.501886292206,22210.2015087339,0.9,261.5,43.7738566666667,-79.45888,988.4,6.52360391353952,7.19309858876618,16.1,32.5573040551901,25.9,251.2,356.2,5,17.6
2018-08-09 16:20:37.400,186.8,38.0979041726972,1.90071731630575,1.94401953191453,1.34594497483791,403.715906023297,412.913453276005,1.37660854339784,251.6,140.464334868754,22274.8385866103,0.9,260.6,43.7738433333333,-79.45893,988.4,6.52489304695265,7.19257991271686,16.1,32.5593279811655,25.9,234.1,349.9,4.7,17.5
2018-08-09 16:20:38.400,186.6,38.101149858119,1.90287561936265,1.94625667941148,1.38181026514588,403.156895434857,412.347964681663,1.4133128572148,251.2,140.47282505212,22289.6004400321,0.9,260.2,43.77383,-79.4589833333333,988.3,6.52200547500936,7.19532080254722,16.1,32.5613406955061,25.9,230.6,352.6,4.5,17.5
2018-08-09 16:20:39.400,186.4,38.0981635235911,1.90475082052971,1.94825550953076,1.36742746210993,402.44286997936,411.634742436346,1.3986606076989,249.7,140.495753102395,22330.0749635249,0.9,258,43.7738166666667,-79.459035,988.3,6.52369732171491,7.19942311743772,15.9,32.5630090074176,25.8,239.5,353.4,4.2,16.5
2018-08-09 16:20:40.400,186.3,38.0965167692557,1.9022356674499,1.94577505338882,1.4254448861059,402.77766725326,411.996763854628,1.45808306667105,249.5,140.466975525077,22376.4909157247,0.9,256.8,43.7738033333333,-79.4590883333333,988.3,6.52561286770703,7.20012847739211,16.1,32.5648712791698,25.8,244.4,355.2,3.3,15
2018-08-09 16:20:41.400,186.6,38.0938648670995,1.90262241597991,1.94631122777267,1.51200604375171,403.740822607661,413.01166348483,1.54672947735445,250.4,140.487773191997,22446.997953888,0.9,260,43.7737916666667,-79.4591433333333,988.3,6.52258223612026,7.1985221123625,16.2,32.5664553040944,25.8,233.7,351.6,3.8,15.4
2018-08-09 16:20:42.400,186.4,38.0925546658878,1.90375748218057,1.94712183019942,1.35498864537986,403.938291123542,413.139218034495,1.38586501245775,251.1,140.483428823588,22270.8186543441,0.9,263.5,43.7737783333333,-79.4591966666667,988.4,6.52360772522125,7.19664553705075,16.4,32.5681617794103,25.8,234.1,355,3.8,15.4
2018-08-09 16:20:43.400,186,38.0929085332952,1.90061190086551,1.94371644435965,1.4003723527302,404.383429512912,413.554616049583,1.43214194041959,252.2,140.472544864898,22176.4499376337,0.9,265.2,43.773765,-79.459255,988.4,6.53018951523946,7.19882306280489,16.8,32.569900962386,25.8,246.1,356.5,4.3,16.5
2018-08-09 16:20:44.400,185.8,38.0946812927866,1.9040144586454,1.94726435683844,1.65132603893055,405.072914088432,414.274153437632,1.68883595805793,251.8,140.497582091965,22210.5648780687,0.9,265,43.7737516666667,-79.45931,988.5,6.52713212259449,7.20050409306602,17.2,32.5718112347583,25.8,237.9,354.7,4,17.3
2018-08-09 16:20:45.400,186.1,38.1011281232722,1.9074861560743,1.95054999529039,1.50387935500685,405.315501626599,414.46593954927,1.53785255505549,250.2,140.45943694323,22077.7278236769,0.9,261.3,43.773735,-79.4593666666667,988.3,6.52120297263989,7.19748878506315,17.7,32.5736018175951,25.8,249.5,0.8,4.2,15.8
2018-08-09 16:20:46.400,186.4,38.1022793502014,1.90871946607142,1.95157922142118,1.39037084802764,405.670035986978,414.779203132117,1.42159482715763,250.4,140.469578314313,21961.5304176156,0.9,262.5,43.77372,-79.4594266666667,988.4,6.51853645212476,7.19297897585592,18.8,32.5752177753155,25.8,265.7,6.4,3.3,16.3
2018-08-09 16:20:47.400,186.5,38.0998396638702,1.90800504487675,1.95088606818413,1.3862024985451,405.891753099665,415.013969414827,1.41735970813311,250.9,140.496101791503,21980.5373694897,0.9,264.4,43.7737033333333,-79.459495,988.5,6.52201300665125,7.19338391186212,20.1,32.5768868400236,25.8,255.2,0.3,3.3,17.3
2018-08-09 16:20:48.400,186.2,38.1038700883794,1.90833194794489,1.9510676755984,1.39016800962979,406.236038110608,415.333479932961,1.42128690301173,251.5,140.45232819266,21903.8904892404,0.9,266.8,43.7736866666667,-79.459565,988.5,6.52155937965574,7.19667905108255,21.2,32.5787383128594,25.8,252.8,2.6,3.4,16.6
2018-08-09 16:20:49.400,186.4,38.1062889732273,1.90866389154068,1.95127481789305,1.39152612147402,406.360366403718,415.432537638701,1.42259124000954,250.4,140.471081491724,21837.8088162451,0.9,263.7,43.7736666666667,-79.4596383333333,988.5,6.52102202478566,7.1994573925342,22.2,32.5804712840152,25.8,251.9,1.7,2.8,18.1
2018-08-09 16:20:50.400,186.2,38.1032944727826,1.90860496589379,1.95127346038033,1.24507647320071,405.879899156092,414.953766161569,1.27291503056116,250.5,140.490550637608,21867.1830719156,0.9,262.4,43.7736466666667,-79.4597116666667,988.5,6.52072424542448,7.19966984047159,22.7,32.5822497398296,25.8,267.8,5.4,2.3,13.4
2018-08-09 16:20:51.400,186,38.103104867165,1.90609764577165,1.94856873953783,1.4624839859641,405.529171487977,414.565013665415,1.49506274008866,253.1,140.478660583444,21795.8943357741,0.9,264.1,43.7736316666667,-79.45979,988.5,6.52413337541284,7.19975191578616,23.1,32.5842392359788,25.9,280.2,6.8,2.2,17.6
2018-08-09 16:20:52.400,185.8,38.10694548921,1.90617787335256,1.948772676476,1.46447985162863,405.019870287004,414.070185893671,1.49718813763543,258.5,140.507658493437,21857.0860484807,0.9,268.8,43.77362,-79.45987,988.6,6.52484057802896,7.20579184934365,23.3,32.5858854441824,25.9,270.7,3,3.4,19.6
2018-08-09 16:20:53.400,185.1,38.1137789022006,1.90703222217747,1.95007725588465,1.55793125128348,404.96837376114,414.109160993083,1.59309453245837,267.4,140.486272929547,22073.4678595739,0.9,277.7,43.77362,-79.45995,988.7,6.5228497644525,7.20594599331498,23.1,32.5876355924934,25.8,246.7,354.4,3.8,19
2018-08-09 16:20:54.400,184.5,38.12077239542,1.90754464624565,1.95045437113381,1.61878799625095,405.640524061629,414.765217800518,1.65521445812184,272,140.477925249602,21999.8073838975,0.9,281.8,43.773625,-79.4600283333333,988.5,6.5194561301363,7.2010319849459,22.7,32.5893541318067,25.8,261.1,357.4,2.5,16.8
2018-08-09 16:20:55.400,184.2,38.1242468451932,1.90626706004188,1.94897208608747,1.52624548315655,406.195318983812,415.295121741218,1.56043646132632,272.4,140.49480168748,21911.7377818745,0.9,280.8,43.77363,-79.4601016666667,988.6,6.52219591641441,7.19741466745951,22.7,32.5912236445325,25.8,262.6,355.9,2.1,15.9
2018-08-09 16:20:56.400,184.2,38.1233484390337,1.90334305439839,1.94600155754223,1.4701457988323,405.963024684975,415.061625313743,1.5030918912242,273.4,140.463280713467,21921.1953691096,0.9,280.2,43.773635,-79.4601783333333,988.6,6.52789411591238,7.19764902036383,22.5,32.5930839912542,25.8,239.9,351.8,2,15.6
2018-08-09 16:20:57.400,183.7,38.1188576360239,1.90265260664349,1.94532340624862,1.29196176847367,405.620455136134,414.717270146873,1.32093656929809,275.2,140.48040047038,21934.9354590246,0.9,281.8,43.7736416666667,-79.4602566666667,988.8,6.5250983621134,7.19593998345002,22.4,32.5949079246275,25.8,223.6,352.5,1.9,15
2018-08-09 16:20:58.400,183.3,38.1176675273997,1.90342313777007,1.94586662411455,1.27956624847487,405.96754166949,415.01999515469,1.30809903918557,278.4,140.493991697491,21812.1245166365,0.9,283.9,43.7736516666667,-79.4603333333333,988.7,6.52147589577844,7.19569043202258,21.8,32.596599327801,25.8,233.7,349,2,16
2018-08-09 16:20:59.400,183.1,38.1191097454464,1.90728608336553,1.94980637930107,1.34547193076162,406.432633475835,415.493419781716,1.37547563256785,282.7,140.4768970706,21807.2279432359,0.9,287.6,43.7736666666667,-79.4604066666667,988.6,6.52044676918577,7.19600525654073,21.6,32.59843103101,25.8,226.1,349.4,2.3,14.3
2018-08-09 16:21:00.400,183.2,38.1181716454884,1.90862651278311,1.95117293344196,1.43597275022271,406.536236112124,415.598540487785,1.46798031913705,286.1,140.499231764619,21805.3622895136,0.9,291.2,43.7736833333333,-79.4604766666667,988.6,6.52058886821784,7.19649758874329,21.2,32.6003162207308,25.8,268.8,354.5,1.6,15
2018-08-09 16:21:01.400,183.2,38.1177824800465,1.90571272122066,1.94821315782114,1.41063937694375,406.668722430782,415.738076261215,1.44209295276716,287.1,140.491846358884,21815.0183027143,0.9,291.8,43.7737,-79.4605466666667,988.9,6.52309251271434,7.19837348408022,21.1,32.602110258374,25.8,250.8,346.8,2.6,15.2
2018-08-09 16:21:02.400,182.9,38.1188321499902,1.90731637297821,1.95012898282132,1.44843758707674,406.805974108452,415.937302942772,1.48095096708574,287,140.477349396784,21953.6052139831,0.9,291.2,43.773715,-79.460615,988.8,6.52059392716379,7.1993201895658,20.9,32.6038785565523,25.8,248.8,347.9,2.8,16.2
2018-08-09 16:21:03.400,182.8,38.1226011513946,1.91077845817011,1.95382896729409,1.45876044344297,407.492807654111,416.673751683557,1.4916219494123,285.9,140.482790801551,22033.7378058731,0.9,291.8,43.7737283333333,-79.4606833333333,988.9,6.51942705336388,7.19677016596181,20.5,32.6055144910075,25.8,256.1,350.4,2.2,15.4
2018-08-09 16:21:04.400,182.8,38.1291312507019,1.90920074680644,1.95241142005979,1.38408943535538,408.181587153079,417.419895464688,1.41541527240693,283.9,140.470555803437,22131.8921293897,0.9,290.8,43.77374,-79.46075,988.9,6.52157168474643,7.19681858826483,20.3,32.6074357694468,25.8,245.8,347.8,2.1,14.8
2018-08-09 16:21:05.400,182.4,38.129513308519,1.90581542869867,1.94890033064049,1.41278233888929,408.043907124066,417.268584783894,1.4447195036585,280.8,140.481776678346,22107.2078798301,0.9,286.4,43.7737483333333,-79.46082,988.9,6.51808249143797,7.20076213447911,20.3,32.6091676103042,25.8,253.2,359.8,2.6,15
2018-08-09 16:21:06.400,182.3,38.126040176885,1.90543393495663,1.94837021043843,1.37931820875386,408.201503220952,417.399710685057,1.41040107033643,276.6,140.495424700553,22036.9517426497,0.9,286.1,43.7737533333333,-79.46089,988.9,6.51579205988934,7.19724793249037,20.1,32.6106344633944,25.8,259.3,355.7,1.3,14.1
2018-08-09 16:21:07.400,182,38.125464313556,1.90885442361536,1.95186468635232,1.50960674009224,408.41183446284,417.614186158955,1.54362507576709,271.5,140.482473134273,22035.5324449814,0.9,278.5,43.7737533333333,-79.4609583333333,988.9,6.51921061738604,7.19381518676583,19.6,32.6123843900422,25.8,259.7,358.6,2.9,15.7
2018-08-09 16:21:08.400,181.7,38.1222166926099,1.90931729466582,1.95237038019168,1.46966538711251,408.013228350802,417.213548056017,1.50280542234258,267.2,140.489386984296,22051.7965436671,0.9,268.4,43.7737483333333,-79.4610183333333,988.8,6.52333881333064,7.19608226363724,18.3,32.6143752784282,25.8,272.3,1.2,2.6,15.4
2018-08-09 16:21:09.400,181.7,38.1213609109258,1.91029662149165,1.95327331535696,1.27616433822893,407.472113557619,416.639229691242,1.30487516554043,266.3,140.494751249866,22002.5855370821,0.9,261.5,43.773745,-79.461075,988.9,6.52604227224064,7.19911525051739,17.2,32.6161054699265,25.8,267.3,358.8,2.6,14.5
2018-08-09 16:21:10.400,181.8,38.1292577930482,1.911598407123,1.95461442282236,1.31248552755776,407.194021322363,416.357050577425,1.34202189279399,267.8,140.465491282333,22007.7442411311,0.9,260.6,43.7737433333333,-79.4611283333333,988.8,6.52150299946551,7.1990982311093,16.1,32.6180591652214,25.8,264.2,354.6,1.8,12.1
2018-08-09 16:21:11.400,181.8,38.133972685538,1.90621098467923,1.94926749692097,1.45518636758177,406.489879147412,415.671490107635,1.48805937027169,270.8,140.463041316073,22088.7846463323,0.9,257.8,43.7737433333333,-79.46118,989,6.52193542312869,7.19867896442854,15,32.6197349942649,25.9,234.6,346.5,2.8,13.9
2018-08-09 16:21:12.400,181.9,38.1388910678858,1.9039538746576,1.94682396086878,1.32875668040427,405.017483561937,414.137026028313,1.35869280201083,275.7,140.459108621118,22020.4420649969,0.9,270.9,43.773745,-79.4612283333333,989,6.52838640766654,7.2009984629338,13.8,32.620991827889,25.9,228.7,343.9,2.7,12.4
2018-08-09 16:21:13.400,181.7,38.1477330800279,1.90646631890943,1.94940522699028,1.27158850520982,404.054636903383,413.15496390918,1.30023557375445,276.7,140.467790557042,22026.4592360033,0.9,278.7,43.7737516666667,-79.46127,989,6.52863199382592,7.20321301341708,13.3,32.6226648430979,25.9,234.2,349.4,2.6,11.1
2018-08-09 16:21:14.400,181.6,38.1522590301078,1.90625589331751,1.94937847917125,1.37868502544755,404.128765789319,413.270840734342,1.40987351623702,272.5,140.480395758863,22121.1867810213,0.9,284.6,43.7737533333333,-79.4613116666667,989,6.52989370642206,7.20657627213539,12.7,32.6248942218872,25.9,243.5,349,2.1,11
2018-08-09 16:21:15.400,181.6,38.149981656924,1.90850806901333,1.9516030467333,1.47942223625123,404.727129981672,413.866164461395,1.51282477789639,262.8,140.47346958684,22082.1008304458,0.9,272,43.773745,-79.461345,989,6.52419430886692,7.20194112457476,11.4,32.6266619424637,26,271.1,356.8,1.8,9.7
2018-08-09 16:21:16.400,181.6,38.147839385522,1.91199753679816,1.95542244204179,1.63060937781637,405.015936032947,414.214487193505,1.66765491545912,253.3,140.468691618561,22207.2272808856,0.9,264.4,43.7737333333333,-79.4613766666667,989,6.51965536117405,7.20238404233887,10.1,32.6283340788863,26.1,262.3,2,1.8,8.4
2018-08-09 16:21:17.400,181.7,38.1433250274065,1.91365711361747,1.95740675762315,1.45896073192459,405.463455470296,414.732996720329,1.49231259050962,241.8,140.48920174726,22350.6481951936,0.9,253.1,43.7737183333333,-79.4614016666667,989,6.51935534200447,7.20390395115604,9,32.6301356593886,26.1,273.3,5.6,1.9,10.2
2018-08-09 16:21:18.400,182,38.1363185950378,1.90970263180021,1.95313988845143,1.34490574988757,405.757073527021,414.986115894339,1.37549060720684,231.9,140.486736254313,22239.5051638382,0.9,252,43.7737033333333,-79.4614233333333,988.9,6.52129959443107,7.19934920594253,7.5,32.6319541954157,26.1,260.7,14,2.7,9.8
2018-08-09 16:21:19.400,182.5,38.1287312318251,1.90695894707088,1.95018611870453,1.3324059865396,405.123108980902,414.306431537798,1.3626087854228,223.5,140.472123023127,22165.654448319,0.9,239.4,43.7736916666667,-79.4614383333333,989.1,6.5239007368138,7.20366885625567,5.5,32.6337305210725,26.1,263.5,19.1,2.4,8
2018-08-09 16:21:20.400,182.7,38.1182429154517,1.90699842039126,1.95046023296298,1.28904744326779,404.877135903275,414.104661813548,1.31842562293811,215.7,140.489935863536,22283.0338715945,0.9,225.6,43.7736883333333,-79.461445,989.1,6.52229041646752,7.20564524737626,2.7,32.6353595199686,26.2,263.8,26.6,2.4,6.4
2018-08-09 16:21:21.400,183.1,38.1129308339235,1.90403924631259,1.94754774157949,1.40858964978644,405.952185723753,415.228517393536,1.44077510686752,209.8,140.470196258604,22340.2711739276,0.9,218,43.7736916666667,-79.4614466666667,989,6.52117882143094,7.20422480687753,0.9,32.6374546107287,26.2,277.6,42.1,1.9,4.5
2018-08-09 16:21:22.400,183.4,38.1137780795196,1.90009550615684,1.94374433879032,1.41127583919717,405.386375640811,414.698781075,1.44368827664271,211.2,140.466575873069,22456.0964297892,0.9,222.7,43.7736983333333,-79.4614483333333,989.1,6.52251623714113,7.20356332463358,0.3,32.6392725620582,26.3,272.4,46.6,2,4.5
2018-08-09 16:21:23.400,183.3,38.1155374442035,1.90689597441996,1.95056744336687,1.3919353111974,404.721905373886,413.990921324774,1.42380996294516,206.6,140.493931416813,22389.5540038569,0.9,224.6,43.7737016666667,-79.46145,989.1,6.52309612663718,7.20007011698908,0.1,32.6406934934513,26.3,271.4,40.9,2.4,4.8
2018-08-09 16:21:24.400,183,38.1214127070587,1.91222405280332,1.95628006851263,1.43008951125183,404.427599071579,413.745239463613,1.46304032160584,202.2,140.470670344991,22520.4234668096,0.9,226.7,43.7737016666667,-79.4614466666667,989.1,6.5298161628501,7.19875497368963,0.1,32.6426152077676,26.3,254,23.1,3.2,7.1
2018-08-09 16:21:25.400,182.9,38.1245593117025,1.91066281613176,1.95487593988571,1.41455296456331,404.141583818028,413.493597218888,1.4472873637794,197.8,140.489704270096,22617.0237802634,0.9,225.7,43.7736983333333,-79.461445,989.1,6.52837736875596,7.20486401922118,0,32.6444590602574,26.3,250.3,27.9,3.4,6.9
2018-08-09 16:21:26.400,183.1,38.1259345103067,1.90668174368143,1.95091269675005,1.49708306349666,403.384629952037,412.742308116711,1.53181838270081,186.8,140.508992686617,22672.1438733238,0.9,226.5,43.773695,-79.4614433333333,989.2,6.52368322545685,7.20975781844685,0,32.6461577279612,26.3,258.4,31.3,3.4,6.8
2018-08-09 16:21:27.400,183.1,38.1296582715398,1.91041625981142,1.9549692680359,1.47394016992683,402.564104615339,411.952418812462,1.50831145472206,202,140.470118062092,22789.7936668323,0.9,226.3,43.773695,-79.461445,989.2,6.51982042051871,7.20949034501767,0,32.6479646078834,26.3,263.8,33,3.1,6.1
2018-08-09 16:21:28.400,183.2,38.1268334777547,1.91040901147856,1.95480390747666,1.27832048888429,402.827622775855,412.188728323055,1.30803785748608,48.9,140.491028793685,22710.7188268828,0.9,226,43.7736933333333,-79.461445,989.2,6.51892065720568,7.20613656686565,0,32.6498336607879,26.3,247.7,22,2.9,5.8
2018-08-09 16:21:29.400,183.3,38.1200054686399,1.90598489051188,1.95035144538407,1.32778128432315,402.6072184573,411.97897789096,1.35869771945672,212.8,140.490194259722,22748.0950695112,0.9,226.8,43.773695,-79.4614466666667,989.2,6.52065004683196,7.20486565026587,0,32.6515430181306,26.4,249.3,23.4,3.5,7.1
2018-08-09 16:21:30.400,183.4,38.1200369335198,1.90466200184942,1.9487767207783,1.35091031408013,402.772217368762,412.101064737281,1.38220560022713,210.5,140.46041184213,22637.2897672344,0.9,226.8,43.7736933333333,-79.4614466666667,989.2,6.5220680718123,7.20665120973119,0,32.65339397643,26.4,247.3,23.3,3.8,8.3
2018-08-09 16:21:31.400,183.5,38.1212152468765,1.90581159945945,1.94971596667473,1.35313965669328,402.477150158549,411.749156452398,1.38431178505709,192.6,140.491588057426,22518.486209514,0.9,226.3,43.7736916666667,-79.4614466666667,989.2,6.52588348698959,7.20253943376957,0,32.655136521384,26.4,251.2,23.4,4.1,7.6
2018-08-09 16:21:32.400,183.4,38.1211209162005,1.9079063351839,1.95169171172117,1.50657748832112,402.41466178554,411.649909606977,1.54114710394007,223.5,140.490766145448,22434.6346821758,0.9,226.1,43.7736883333333,-79.4614466666667,989.2,6.52908297876073,7.20214569383425,0,32.6566405921711,26.4,247.9,21.9,3.2,6
2018-08-09 16:21:33.400,183.4,38.1242246041148,1.91175373367287,1.95598385448438,1.54401443754856,402.172859956509,411.477328393474,1.57973222114467,190.9,140.484541258668,22612.4845276164,0.9,226,43.7736883333333,-79.4614466666667,989.3,6.52459227615154,7.20178112433114,0,32.6585729938669,26.4,259.2,45,2.9,5.6
2018-08-09 16:21:34.400,183.6,38.1281494843791,1.9039236901447,1.94820378366976,1.53698993791238,401.786333781756,411.130826562629,1.57273693756008,223.2,140.506311166638,22728.7315433395,0.9,226.1,43.7736866666667,-79.461445,989.2,6.52203370128351,7.20306974078037,0,32.66019757469,26.4,271.2,45.2,3.2,7
2018-08-09 16:21:35.400,184,38.1302878555823,1.90165125834275,1.94593824253307,1.41303825155811,401.590053955125,410.942533407962,1.44594393513339,239.5,140.491604058948,22758.5583030063,0.9,226.2,43.773685,-79.4614433333333,989.3,6.52542888412142,7.20537699013432,0,32.6622395386016,26.4,272.5,42.2,3.7,6.7
2018-08-09 16:21:36.400,184.4,38.1336664674335,1.90541217016745,1.94988982824889,1.44614338406508,401.581329866583,410.955195450765,1.47990187725426,220.4,140.466134205853,22809.9809472014,0.9,226.1,43.773685,-79.4614416666667,989.2,6.52060646136239,7.20589167417874,0,32.6640965976116,26.4,260.7,32.9,3.3,6.1
2018-08-09 16:21:37.400,184.6,38.1318803968739,1.90590187868573,1.95000218907812,1.42546996590468,401.369260228338,410.656413710119,1.45846196395086,206.1,140.471870241167,22615.3803512332,0.9,225.5,43.7736833333333,-79.46144,989.3,6.521398955458,7.2061273904458,0,32.6658791028949,26.4,267.6,40,2.8,5.6
2018-08-09 16:21:38.400,184.8,38.1306487754216,1.90516252755078,1.94925931557446,1.35319422987435,401.131040839543,410.415618538143,1.38451376846281,217.4,140.479787597775,22622.4505414761,0.9,225.9,43.7736833333333,-79.46144,989.3,6.52460031218512,7.20628947566487,0,32.6674748035809,26.4,264.5,38.7,2.8,5
2018-08-09 16:21:39.400,185,38.1356765654866,1.90779845444583,1.9520444746464,1.42443264841556,401.628678768361,410.943353515564,1.4574682392534,199.6,140.46452272784,22666.5673236669,0.9,225.4,43.7736816666667,-79.46144,989.3,6.52100174762,7.20240403549087,0,32.6691969191468,26.4,266.3,41.7,2.4,4.5
2018-08-09 16:21:40.400,185.2,38.1427970341284,1.90960902025134,1.95377192979332,1.44456571187009,401.371851807241,410.654222920553,1.47797469760664,210.9,140.490974288939,22603.7029192736,0.9,225.3,43.77368,-79.46144,989.3,6.52249150036209,7.20112573540453,0,32.670857108977,26.4,275.9,52.6,2.4,4.6
2018-08-09 16:21:41.400,185.5,38.1469290089789,1.90951753394663,1.95387860871113,1.25010632265005,401.958025262589,411.296177228185,1.27913584463426,200.7,140.490014106991,22704.0275744298,0.9,225.4,43.77368,-79.4614416666667,989.2,6.52449049003497,7.20121357591443,0,32.6726037771022,26.4,283.2,57.9,2.8,5.7
2018-08-09 16:21:42.400,185.6,38.1487831328969,1.90814918104181,1.95239631574149,1.21817537091731,401.480937225138,410.790800012877,1.24642032421463,195.6,140.463586594933,22663.1240437203,0.9,224.9,43.77368,-79.4614433333333,989.2,6.52178736266051,7.20493757605476,0,32.6745276099061,26.5,285,59.1,2.9,5.8
2018-08-09 16:21:43.400,185.7,38.1449808511286,1.90780836670496,1.95193288923334,1.33874228162131,401.44007248079,410.724677841593,1.36970473548891,192.1,140.491348977339,22605.437511629,0.9,224.8,43.7736783333333,-79.461445,989.2,6.52332996324385,7.20500320403098,0,32.6763264559681,26.5,278,52,2.6,5
2018-08-09 16:21:44.400,185.7,38.1448222520415,1.90892426414146,1.95312972659335,1.44899261940624,402.036075323344,411.346155200372,1.48254852311397,165.1,140.467757061864,22633.1131492508,0.9,224.8,43.7736766666667,-79.4614466666667,989.3,6.52311234252337,7.19916397959306,0,32.6781154653148,26.5,273.9,41.9,2.7,5.4
2018-08-09 16:21:45.400,185.7,38.1447468182588,1.9094948314921,1.95365125548138,1.46796251388475,401.528020950331,410.813235726328,1.50190865928952,141.3,140.472769786338,22601.9191852448,0.9,224.6,43.7736766666667,-79.4614483333333,989.2,6.52114652245914,7.20307512560625,0,32.6796576879936,26.5,254,27.8,3.7,7.9
2018-08-09 16:21:46.400,185.6,38.1416568044744,1.90844594078418,1.95257806480651,1.37782433647335,400.962397458628,410.234479386,1.40968542278986,206.2,140.499528910581,22601.9280670047,0.9,225.2,43.7736766666667,-79.46145,989.3,6.52042979664837,7.20596607430093,0,32.6813562150814,26.5,251.3,27.6,4.3,8.4
2018-08-09 16:21:47.400,185.5,38.1397420997319,1.9095665739411,1.95381512186214,1.4393251178701,401.02110945293,410.313444854345,1.47267820482123,118.4,140.468544247947,22646.9137705438,0.9,224.8,43.7736766666667,-79.4614516666667,989.3,6.52211560016257,7.20797653534172,0,32.6831212853035,26.5,254.5,27.9,3.8,7
2018-08-09 16:21:48.400,185.6,38.1404486859296,1.90575404756061,1.94995820911477,1.29486959372751,401.084557935876,410.387766980009,1.3249032291568,59.3,140.49622963258,22669.235747414,0.9,225.3,43.7736766666667,-79.4614533333333,989.3,6.52275853555641,7.2101616548921,0,32.6851546728023,26.5,260.8,33.3,3.2,5.9
2018-08-09 16:21:49.400,185.8,38.146544610714,1.90963029461442,1.9536445570488,1.28051926828381,401.404280119848,410.65619770128,1.31003058271678,39.2,140.510376387009,22529.7488243651,0.9,225.9,43.7736783333333,-79.461455,989.2,6.52357357777495,7.20583460016768,0,32.6867255222946,26.5,255.7,31.8,2.8,5.2
2018-08-09 16:21:50.400,185.9,38.1538253116027,1.90897707351796,1.95326743981921,1.34808312159601,401.670828715495,410.990152265951,1.37936436290468,62.1,140.468870199915,22675.3720636859,0.9,226.2,43.77368,-79.461455,989.3,6.52077335598262,7.20510724570568,0,32.6883437022924,26.5,256.8,32.5,2.7,6
2018-08-09 16:21:51.400,186.1,38.1557354261379,1.90816088064845,1.952459460207,1.48154618924473,401.512470477123,410.833689372622,1.51593745317033,126.1,140.496292893128,22688.5775495841,0.9,226.3,43.7736816666667,-79.4614566666667,989.2,6.51859429555808,7.20502472023072,0,32.6901097867938,26.5,264,30.9,3.4,7.2
2018-08-09 16:21:52.400,186.3,38.1569554275257,1.90627621105803,1.95062798794344,1.4040768752321,401.450536107016,410.790706002665,1.43674070662551,211.6,140.490390841207,22736.9767120241,0.9,226.5,43.7736833333333,-79.4614566666667,989.2,6.52201425824596,7.20390447021423,0.1,32.6919788178625,26.5,265.3,45.1,3.1,6
2018-08-09 16:21:53.400,186.4,38.1568657658565,1.90731009210199,1.95177396184372,1.58098142781292,400.886675493032,410.232212765535,1.61783954608433,211.8,140.462010248198,22781.1766633099,0.9,225.3,43.7736833333333,-79.4614583333333,989.2,6.52937065890747,7.20528156495235,0,32.6937529315608,26.6,277.9,58.4,3.4,7
2018-08-09 16:21:54.400,186.4,38.1516731989867,1.90825866553099,1.9526493462195,1.54397894118501,400.6402983197,409.960232495118,1.57989885299828,210.6,140.49591519302,22733.7443281529,0.9,223.7,43.7736816666667,-79.4614566666667,989.3,6.5230870721415,7.2089836087791,0,32.6951814241237,26.6,288.8,69.8,3.1,5.5
2018-08-09 16:21:55.400,186.3,38.1491140550454,1.90538304751761,1.94970046122808,1.64484605396508,400.466147721609,409.780695665886,1.68310465017857,202.6,140.489938088672,22730.4725703466,0.9,224,43.7736816666667,-79.4614566666667,989.4,6.52507081213368,7.20848821693748,0,32.6970160817203,26.6,290.1,63.5,2.8,5.6
2018-08-09 16:21:56.400,186.2,38.1581924822721,1.90727979688407,1.95167875708461,1.59861555930163,400.53262244836,409.856531465907,1.63582873646548,196.6,140.458934137521,22749.149933746,0.9,224.1,43.7736816666667,-79.461455,989.2,6.52754629898526,7.20307038537704,0,32.6988853778201,26.6,285.3,62.5,2.9,5.6
2018-08-09 16:21:57.400,186.1,38.1596584354704,1.90811286510923,1.95240138811936,1.47045050432841,400.563985196058,409.861330660572,1.50458276284038,212.1,140.495185458234,22684.1505952277,0.9,223.9,43.7736816666667,-79.461455,989.4,6.52590226586883,7.2042242108469,0,32.7004962976439,26.6,287.3,62.8,2.9,5.6
2018-08-09 16:21:58.400,186,38.1629296468877,1.91023088889824,1.95490747129033,1.37446008080436,400.516483751222,409.883795741606,1.40660155448931,206.7,140.489147578959,22853.5074659162,0.9,224,43.7736816666667,-79.461455,989.4,6.52375798105354,7.20512905339713,0,32.7022340287073,26.6,289.3,65.2,3,6
2018-08-09 16:21:59.400,185.9,38.1673545894311,1.90720171677666,1.95192422329222,1.39379570750012,400.413643640698,409.802949866154,1.42647894058616,188.4,140.458259141834,22911.8048614338,0.9,224,43.7736816666667,-79.4614533333333,989.4,6.5242501397042,7.20442968087317,0,32.7039874022665,26.6,291.9,67.3,3.1,5.8
2018-08-09 16:22:00.400,185.8,38.1641566264856,1.90817935064138,1.95315790545433,1.29313928517176,400.105111575474,409.536106375354,1.32361638806486,178.3,140.495861188299,23028.5059145349,0.9,224.3,43.7736833333333,-79.4614533333333,989.2,6.52128381945947,7.20428730724029,0,32.7057908786218,26.6,293.8,69.7,2.7,4.8
2018-08-09 16:22:01.400,185.7,38.1687824046617,1.91185743941797,1.95670702992897,1.4618589311082,400.25380528929,409.643308785601,1.49614360340666,194.6,140.489447313978,22921.1645520999,0.9,224.2,43.7736833333333,-79.4614533333333,989.4,6.51802302013654,7.20650962540514,0,32.7073128977312,26.6,298.2,75.3,2.5,4.8
2018-08-09 16:22:02.400,185.6,38.1754256617348,1.91022947993761,1.95496815262132,1.38152864594797,399.976967490695,409.344703729892,1.41388454397072,169.4,140.456577739747,22884.665656602,0.9,224,43.773685,-79.4614533333333,989.3,6.51660472837687,7.20585390401191,0,32.7092848182057,26.6,286.6,50.2,2.4,5
2018-08-09 16:22:03.400,185.5,38.1727711129005,1.9115011757797,1.95616085322085,1.13699265685673,399.860866114983,409.202962042152,1.16355970433279,169.7,140.49641463627,22830.0366763839,0.9,224.1,43.773685,-79.461455,989.2,6.5173383576315,7.20689027275004,0,32.7106650715985,26.6,270.3,47.8,2.6,5.3
2018-08-09 16:22:04.400,185.3,38.1763039744192,1.91285394552336,1.95733596307317,1.30603213598059,400.205466645036,409.511907282194,1.33639754111411,197.5,140.487075836969,22725.8245387882,0.9,223.9,43.773685,-79.461455,989.4,6.51825778443649,7.20678674792234,0,32.7125255863196,26.6,272.9,47.8,2.7,5.1
2018-08-09 16:22:05.400,185.3,38.1827176711654,1.91316704681123,1.95788719368144,1.40275768235952,401.122373436772,410.498608311158,1.43554858698469,167.3,140.454742480919,22841.0357522423,0.9,223.9,43.7736833333333,-79.461455,989.4,6.51742163487171,7.20385012228687,0,32.7144855412559,26.6,267.2,36.4,2.5,5.1
2018-08-09 16:22:06.400,185.3,38.1777603293456,1.91314819192972,1.95751838052186,1.35438314565682,399.721185796743,408.991792383656,1.38579709269678,171.2,140.498015825347,22666.6150734301,0.9,224,43.7736833333333,-79.461455,989.3,6.51672014990952,7.20491509256977,0,32.7160815491589,26.6,266.5,41.4,2.6,5.1
2018-08-09 16:22:07.400,185.3,38.1782902446576,1.91288427635994,1.9570301983416,1.43039636097772,399.993825067412,409.225080604463,1.46340620001496,192.8,140.464802412566,22557.9222470762,0.9,224.8,43.7736833333333,-79.461455,989.4,6.52212751809693,7.20481125916589,0,32.7176744099364,26.6,271.3,49.7,2.5,4.5
2018-08-09 16:22:08.400,185.3,38.1860527227071,1.90880702890578,1.95289055011698,1.30244437246594,400.187043445718,409.429238071323,1.33252287347826,224.2,140.4760590916,22573.5013900835,0.9,224.6,43.7736833333333,-79.461455,989.4,6.52412910735416,7.20547085472898,0,32.7192692552215,26.6,280.5,53.7,2,3.2
2018-08-09 16:22:09.400,185.1,38.1899138371505,1.90508460082307,1.94907115670169,1.48321581323085,399.803107799979,409.034201755651,1.51746159943693,229.9,140.504179761479,22568.0354060151,0.9,224.5,43.7736833333333,-79.4614533333333,989.3,6.52192924740357,7.20227999650114,0,32.7210522660687,26.6,272.7,44.3,2,4.6
2018-08-09 16:22:10.400,185,38.1939837868179,1.90908622924922,1.95336129000404,1.37646843313494,400.00786451114,409.284836197178,1.40838666074336,217.1,140.466637274717,22666.2576210844,0.9,224.6,43.7736833333333,-79.4614533333333,989.3,6.52268200315874,7.20312489629425,0,32.7225769655408,26.6,267.7,45.6,2.5,4.9
2018-08-09 16:22:11.400,184.8,38.1895244767526,1.91253573379455,1.95699479632808,1.28500805120369,399.245444573767,408.526390388991,1.31487906400163,189.6,140.499168998171,22718.0750366196,0.9,224.2,43.773685,-79.4614533333333,989.4,6.52489048366045,7.2075617333785,0,32.724588440384,26.6,274.5,50.8,3.1,6.3
2018-08-09 16:22:12.400,184.5,38.1844324117393,1.90533924175251,1.94976708838544,1.37601766618074,399.163348769116,408.470961109725,1.4081043754708,212,140.483363156283,22786.4467310659,0.9,224.2,43.773685,-79.4614533333333,989.3,6.52424840076916,7.20911169000431,0,32.7261315633367,26.6,269.8,45.8,3.4,7
2018-08-09 16:22:13.400,184.3,38.1869554690255,1.91120749835172,1.95537569044029,1.11484840597109,399.037557882345,408.259473390338,1.14062614884043,50.9,140.460851627439,22588.3354960821,0.9,224.3,43.773685,-79.4614516666667,989.4,6.52658263048595,7.20945143841587,0,32.7279418251323,26.6,274.5,45.9,3.9,6.9
2018-08-09 16:22:14.400,184.2,38.1857356646072,1.90874238567252,1.95341711627154,1.4084784919401,399.090150422963,408.430935237729,1.44146718454533,32.8,140.499686378909,22869.861149422,0.9,224.3,43.773685,-79.4614516666667,989.3,6.52488205759853,7.20438228786063,0.1,32.7295015346406,26.6,273.6,53.6,3.2,6.6
2018-08-09 16:22:15.400,184.1,38.1847383349798,1.91067236441949,1.95519089665411,1.29723378159052,399.19714548065,408.498494530516,1.32746551634455,216.8,140.487837891236,22769.7156592664,0.9,224.6,43.773685,-79.4614516666667,989.3,6.52414324854428,7.20331259253146,0.1,32.7315125853955,26.6,269,42.5,3.3,6.5
2018-08-09 16:22:16.400,184,38.191422654195,1.91144238348488,1.95548918720548,1.26632168416653,399.218494963827,408.417941466527,1.29550193597516,190.7,140.463441610172,22524.5706756194,0.9,225.7,43.773685,-79.4614516666667,989.3,6.5288503650572,7.20360737584741,0,32.7331035603553,26.6,267.6,49,3.7,8.1
2018-08-09 16:22:17.400,184,38.1989622180099,1.90785218886169,1.95178257250391,1.659441126415,398.883220463123,408.067977853535,1.69765334097009,44.4,140.499655588438,22507.8315214956,0.9,224.8,43.7736866666667,-79.4614516666667,989.3,6.52816417032831,7.21418319671268,0,32.73456018888,26.6,269.7,37.8,4,7.8
2018-08-09 16:22:18.400,183.9,38.2066319473176,1.90780101588593,1.95186269857326,1.46675477819981,399.174788221407,408.393883062842,1.50062673331429,38.5,140.488441644039,22574.0464785474,0.9,224.9,43.7736866666667,-79.4614516666667,989.4,6.52358783669289,7.2075185073064,0,32.7364505366532,26.6,261.3,31,4.5,9
2018-08-09 16:22:19.400,183.9,38.2159808975897,1.90766743693197,1.9519150405386,1.14653188090406,399.29209677844,408.553451872673,1.17312165694886,269.9,140.451584961253,22668.7997347699,0.9,224.9,43.7736883333333,-79.4614533333333,989.5,6.52385645393673,7.20370678097185,0,32.738244033292,26.5,263.2,36.2,4.2,7.9
2018-08-09 16:22:20.400,183.9,38.2106743284869,1.90642217260835,1.95085300031532,1.16829824279843,399.326606603931,408.633120795992,1.19552712723384,8.2,140.497212392951,22774.9279227269,0.9,224.6,43.7736883333333,-79.4614533333333,989.3,6.52465603735977,7.19924247961883,0,32.7400753709421,26.5,254.4,31.3,4.2,7.8
2018-08-09 16:22:21.400,184,38.2101894237546,1.90738343599987,1.95172453067153,1.49472389260421,399.156814435323,408.436089750211,1.52946812995566,46,140.488962143009,22719.0381201877,0.9,224.3,43.77369,-79.4614533333333,989.3,6.52583621379494,7.20538717569705,0,32.7414667076139,26.5,251.9,31,3.9,7.9
2018-08-09 16:22:22.400,184,38.2174936721221,1.91376477488281,1.9580571134512,1.47529828511834,398.759748821422,407.988781531356,1.50944405495883,33,140.452442568154,22620.7764915635,0.9,224.7,43.77369,-79.461455,989.3,6.5197257479689,7.2062606428448,0,32.7435211287532,26.5,267.1,39.2,4.1,8.5
2018-08-09 16:22:23.400,184,38.2166401020038,1.90318056478931,1.94727449027033,1.33278812871481,398.692229651774,407.929458283509,1.36366669190093,210.9,140.473660856253,22644.0469896196,0.9,224.1,43.7736916666667,-79.461455,989.3,6.52840012969736,7.20829237360045,0,32.7451358605102,26.5,265.4,40.9,3.9,7.8
2018-08-09 16:22:24.400,183.9,38.216134829423,1.90800282849979,1.95238364997897,1.44787636479565,398.768858519619,408.044387648571,1.48155606776406,205.6,140.486571389865,22731.7482565183,0.9,225.3,43.7736916666667,-79.461455,989.4,6.52179922944701,7.20601931268839,0,32.7471486349222,26.4,263.2,32.7,4.5,9.5
2018-08-09 16:22:25.400,183.9,38.2238174450201,1.90213932351932,1.94658648000694,1.30910068973753,398.427069618032,407.737162390508,1.3396878485129,191.5,140.451168105618,22833.4835794686,0.9,224.7,43.77369,-79.461455,989.3,6.52186821306563,7.20865365816496,0,32.7487052620396,26.4,266.9,46.8,3.4,6.7
2018-08-09 16:22:26.400,183.9,38.2278922661862,1.9080262137822,1.95275899577042,1.40673124561144,399.248746383054,408.608935954646,1.43971173351511,186.6,140.504645323723,22907.3009025227,0.9,225,43.77369,-79.461455,989.2,6.52517126917465,7.20108265814537,0,32.7500822398875,26.4,273.9,52.1,4.6,10.1
2018-08-09 16:22:27.400,183.9,38.2322594558503,1.90775626468226,1.95180347386124,1.35157188787716,398.466199098984,407.66634387319,1.38278106722109,110.4,140.484359316235,22567.6527937987,0.9,224.9,43.7736883333333,-79.461455,989.3,6.52090774462233,7.21293269603088,0,32.7522563909641,26.4,277,52,4.6,9.1
2018-08-09 16:22:28.400,183.9,38.2427915211996,1.90647048226964,1.95063499973619,1.50060501735513,399.396718281801,408.648975942546,1.53536932597482,170.3,140.448277166831,22640.9625570522,0.9,224.6,43.7736883333333,-79.461455,989.3,6.52403947203226,7.20518549639886,0,32.753833037123,26.4,281.7,56.4,4.7,8.6
2018-08-09 16:22:29.400,184.1,38.2497257489851,1.90650768462164,1.95074158758214,1.47570684190323,399.640017984501,408.912162208939,1.50994563112431,210.8,140.507081727577,22675.1037860473,0.9,225.2,43.7736866666667,-79.4614533333333,989.3,6.52558288315988,7.20429714533777,0.1,32.75572030048,26.4,279.5,55.9,4.5,8.4
2018-08-09 16:22:30.400,184.2,38.2515443599757,1.90660530032948,1.95046530852957,1.45057736073067,399.616610830992,408.809589549718,1.48394693183495,209.2,140.461185283706,22487.1420322017,0.9,223.4,43.7736866666667,-79.4614533333333,989.3,6.53056960619924,7.20438739387432,0,32.7569486816352,26.4,283.3,61.7,4.1,7.2
2018-08-09 16:22:31.400,184.3,38.2500855874403,1.90262243884615,1.94638721967497,1.25375132952452,399.189605127204,408.371908900236,1.28259064199517,212.8,140.480968220592,22485.0516731267,0.9,224.8,43.7736866666667,-79.4614533333333,989.2,6.52776259865487,7.20496095658908,0.1,32.7589216840293,26.4,289.7,67,3.5,7.2
2018-08-09 16:22:32.400,184.4,38.2519885314622,1.90088683245187,1.94488692615742,1.70223823324851,398.739189204078,407.968764336798,1.74164660020769,205.4,140.508558992928,22623.1669086688,0.9,223.6,43.7736866666667,-79.4614533333333,989.2,6.52409794378668,7.21057101984296,0,32.7604390209748,26.4,291.9,69.7,3.5,6.8
2018-08-09 16:22:33.400,184.4,38.2524119443869,1.9041146802431,1.94819312708848,1.68701916458434,399.409991835056,408.655918402,1.72607218189763,198.9,140.464111486223,22625.342104709,0.9,223.4,43.7736866666667,-79.4614533333333,989.3,6.52154093538197,7.20612491803138,0.1,32.7625796492152,26.4,293.2,67.7,3.3,6.4
2018-08-09 16:22:34.400,184.5,38.2537197799797,1.90235309237509,1.94631172073419,1.43767599116622,399.586235308184,408.819684745538,1.47089747857025,209.9,140.501372959351,22585.5989624663,0.9,224.7,43.7736866666667,-79.461455,989.2,6.52841915174598,7.20181568353249,0.3,32.7638831638393,26.4,291.7,64.2,3.1,6.1
2018-08-09 16:22:35.400,184.6,38.2555070863578,1.90460743291944,1.94821720488862,1.68084461718807,399.59450723642,408.744077222233,1.71932755679227,166.3,140.512114282098,22384.5811937293,0.9,223.4,43.7736866666667,-79.461455,989.2,6.52284776190821,7.20409987995028,0,32.7656102403702,26.5,287.6,57.4,3.1,6
2018-08-09 16:22:36.400,184.7,38.2547106481909,1.90470350172138,1.94828956424529,1.71386711115845,399.676991643695,408.822960343488,1.75308585226463,172.3,140.463007514739,22371.3074990437,0.9,224.2,43.7736866666667,-79.461455,989.3,6.52104922276447,7.20305259370009,0,32.7676980745539,26.5,265.5,36.2,2.9,6.1
2018-08-09 16:22:37.400,184.7,38.2482568053173,1.90805120882483,1.95171595198514,1.4334418837563,399.768742508916,408.917279797212,1.46624569298199,165,140.500665191735,22372.444276476,0.9,225.8,43.7736866666667,-79.461455,989.2,6.52438139005512,7.20201014596045,0,32.7692829987915,26.5,272.6,52.7,2.9,4.9
2018-08-09 16:22:38.400,184.7,38.2461726411503,1.90744727308026,1.95082485401885,1.3703081732158,399.34492020621,408.426373347138,1.4014705867464,177.2,140.486635910486,22235.1973417502,0.9,226.3,43.7736883333333,-79.461455,989.2,6.52781422710933,7.20430249758278,0,32.7710183087479,26.5,282.5,55,2.1,4.3
2018-08-09 16:22:39.400,184.6,38.2505981581743,1.90765857122964,1.95089862146125,1.50241437992206,399.000685375552,408.044855051872,1.53646908056139,176.6,140.46273500469,22164.5781472636,0.9,226.5,43.7736883333333,-79.461455,989.2,6.52469915190551,7.20549318945122,0,32.7725105864901,26.5,278.1,57.1,2.6,4.9
2018-08-09 16:22:40.400,184.5,38.2496192010213,1.90595017759255,1.94948147217842,0.997624438417061,399.371089284373,408.492609604265,1.0204067769017,195.1,140.501788030337,22329.6874311031,0.9,226.5,43.7736866666667,-79.461455,989.3,6.52853646692198,7.20704506195089,0,32.7745264564091,26.6,288.1,60.8,2.8,6.4
2018-08-09 16:22:41.400,184.5,38.2526785538576,1.90739751367181,1.95065153991454,1.2494373017216,399.340034225638,408.395680020415,1.27776885785419,199.2,140.487654900771,22173.7310430025,0.9,226.6,43.7736866666667,-79.461455,989.3,6.52789474503857,7.20084254841719,0,32.7759628977092,26.6,285.3,53.9,3.4,6.5
2018-08-09 16:22:42.400,184.5,38.2569474057688,1.9065979574805,1.94988751884624,1.52328142376288,398.269185396162,407.31195436429,1.55786789661173,208,140.487948413506,22200.9046662581,0.9,226.4,43.7736866666667,-79.461455,989.3,6.52408175827539,7.20690372929068,0,32.7778027719282,26.5,273.1,47.7,3.3,6.2
2018-08-09 16:22:43.400,184.5,38.2614113912169,1.90629715138595,1.94982928520972,1.27175710545586,398.0891519255,407.179970767761,1.30079909790423,200.8,140.502073416721,22326.2595530404,0.9,226.3,43.7736866666667,-79.461455,989.2,6.52576491037433,7.21099221863925,0,32.7796614790278,26.5,271.2,37.5,2.9,5.4
2018-08-09 16:22:44.400,184.6,38.2640881827057,1.90206971245654,1.94483998938294,1.4491092539082,398.828217576376,407.796297980313,1.48169296217797,184.7,140.488619343544,21991.4302696051,0.9,226.3,43.7736866666667,-79.461455,989.1,6.52919941659586,7.2047224976743,0,32.7812253830268,26.5,273.1,48.5,2.4,4.7
2018-08-09 16:22:45.400,184.7,38.2672311120168,1.90915916963873,1.95211012771977,1.34220816228578,398.606975134738,407.574650302747,1.37240372947254,220.7,140.445575119768,22002.5003504891,0.9,226.3,43.7736866666667,-79.461455,989.2,6.52667072446602,7.20662047889082,0,32.7831402016102,26.5,268.3,45,2.3,4.5
2018-08-09 16:22:46.400,184.8,38.2682740413875,1.90720419707403,1.95024874341825,1.14225924212783,399.070204192326,408.076878488313,1.16803852322507,192.5,140.476788060353,22071.0142279465,0.9,226.3,43.7736866666667,-79.461455,989.3,6.51985673977321,7.20564516402034,0,32.7846266151025,26.5,282.5,57.2,2.3,4.2
2018-08-09 16:22:47.400,184.8,38.2638995130683,1.90769273947843,1.95095727941091,1.14781662847081,399.46083397171,408.520307919553,1.17384851629897,220.1,140.489112969323,22176.3791425578,0.9,226.3,43.7736866666667,-79.461455,989.2,6.53197442324932,7.20934910092264,0,32.7865499192328,26.6,279.9,50.8,1.7,3.1
2018-08-09 16:22:48.400,184.8,38.2747253768159,1.90011065257414,1.94285701303372,1.45530895411674,400.063242259509,409.063406078528,1.4880475458728,203.5,140.443238244356,22001.7552043605,0.9,226.3,43.7736866666667,-79.4614566666667,989.2,6.52464162723476,7.21385177834904,0,32.7883712904973,26.6,282.9,63.5,1.4,2.4
2018-08-09 16:22:49.400,184.9,38.27385,1.896227,1.939297,1.17352,399.4021,408.4739,1.200174,209.8,140.512,22209,0.9,226.4,43.7736866666667,-79.4614566666667,989.2,6.529189,7.211825,0,32.78976,26.6,282.3,49.5,1.3,3.1
2018-08-09 16:22:50.400,185.1,38.2722864108636,1.90755237755181,1.95095749617712,1.2176862674636,399.275390891999,408.360698859564,1.2453923452855,213.8,140.490416856739,22248.3202329809,0.9,226.3,43.773685,-79.4614566666667,989.2,6.51923924584881,7.20832067751325,0,32.7914135409962,26.6,280.6,59.7,1.6,2.7
2018-08-09 16:22:51.400,185.2,38.27837,1.90745,1.950484,1.700928,399.6408,408.6572,1.739303,206.1,140.441,22063.45,0.9,226.3,43.773685,-79.4614566666667,989.3,6.523167,7.205587,0,32.79353,26.6,293.8,62.9,1.1,2.1
2018-08-09 16:22:52.400,185.2,38.2785074080866,1.89830279619332,1.94087135347097,1.42363968734656,400.11251571623,409.084789242509,1.45556388501582,193.9,140.511204231122,21932.4041142891,0.9,226.3,43.773685,-79.4614583333333,989.2,6.52647321742731,7.20919554574226,0,32.7948192768198,26.6,272.5,37.5,1,2.3
2018-08-09 16:22:53.400,185.2,38.2802951907403,1.90140301481728,1.94408125564319,1.59735647405407,399.740464468245,408.713035120666,1.63321110208087,187.4,140.460599101331,21953.1307949126,0.9,226.5,43.773685,-79.4614566666667,989.1,6.53345046023064,7.21413965482913,0,32.7967007134911,26.6,259.1,35.4,0.9,2
2018-08-09 16:22:54.400,185.2,38.2837865062618,1.91026658217489,1.95363858629217,1.57077996695833,400.53844324929,409.632674120783,1.60644618363315,192,140.442720346548,22200.7812892145,0.9,226.5,43.7736833333333,-79.4614566666667,989.1,6.52612805421185,7.20881771332992,0,32.7986599948534,26.7,280.4,75.5,1.3,2.6
2018-08-09 16:22:55.400,185.2,38.2841348262382,1.90390960012894,1.9462862928381,1.32154979733889,400.826432916165,409.747972077642,1.35096403392032,220.3,140.511403742301,21773.1379377306,0.9,226.7,43.7736833333333,-79.4614566666667,989.2,6.52829445284628,7.20895340521237,0.1,32.7999324459338,26.7,309.2,81.3,1.7,3.5
2018-08-09 16:22:56.400,185.2,38.2805337693516,1.90759838883544,1.94977437502253,1.50051679488452,400.815937565383,409.67770598697,1.53369201068294,215.5,140.461990650364,21631.2186905172,0.9,224.9,43.7736833333333,-79.4614566666667,989.2,6.52394373509364,7.20309908887828,0.1,32.8020049309355,26.7,287.2,53.6,1.7,3.6
2018-08-09 16:22:57.400,185.2,38.2763827924293,1.91132991251938,1.95371193144615,1.47150879406523,400.422921719318,409.302035681465,1.50413889117468,210,140.481461371331,21693.3396555762,0.9,223.1,43.7736833333333,-79.4614566666667,989.2,6.52467795282948,7.20617311571166,0.1,32.8031723890742,26.8,281.8,55.5,2.1,5.2
2018-08-09 16:22:58.400,185.2,38.2765114489724,1.90394606488624,1.94619468668119,1.5800597641482,400.222243926153,409.103209452525,1.61512090447562,213.3,140.509812245058,21708.5452951532,0.9,225.5,43.7736833333333,-79.461455,989.3,6.52905508263354,7.21514822124729,1.1,32.8053211257091,26.8,276.8,47.9,3.5,7.4
2018-08-09 16:22:59.400,185.2,38.2790646956413,1.90730684639175,1.94983536994347,1.55761863213253,400.273394455618,409.19868126171,1.59234980677804,215.3,140.463918962294,21811.5338199428,0.9,232.7,43.7736833333333,-79.461455,989.3,6.52288112307617,7.20883914206581,2.2,32.8070021696713,26.7,273.6,34.9,3.8,7.9
2018-08-09 16:23:00.400,185.1,38.2850695104636,1.90473573955129,1.94706411303865,1.51662698075079,399.359018867564,408.233749184769,1.55032991492349,212.1,140.500186166081,21739.334650695,0.9,229.7,43.7736833333333,-79.4614566666667,989.1,6.52712823149382,7.21699637255886,3.1,32.8089065245717,26.6,274.1,31.2,3.9,8.6
2018-08-09 16:23:01.400,185.1,38.2921494447393,1.90584498702494,1.9481755977339,1.41936770324423,399.770296877947,408.64962036516,1.45089341803867,218.6,140.481234694723,21728.3509711882,0.9,234.6,43.773675,-79.461465,989.2,6.53303345493045,7.21078463133702,3.8,32.8103129340239,26.6,273.9,28.1,4.4,9.9
2018-08-09 16:23:02.400,185.1,38.3018049770057,1.90465161549531,1.94694521833596,1.33508042955002,400.672279136231,409.569526875911,1.36472542656,236.3,140.471545606845,21723.3153923882,0.9,260.2,43.77367,-79.4614783333333,989.2,6.52614662171316,7.20834002280654,4,32.8119557998717,26.6,289.9,17.8,4.4,9
2018-08-09 16:23:03.400,184.9,38.3138116182453,1.90784942408835,1.95040727886028,0.984488352244106,399.913500714285,408.834339088337,1.00644915165376,259.3,140.477370485618,21820.1209927789,0.9,289,43.7736683333333,-79.4614933333333,989.2,6.52052726132505,7.21175520686004,4.4,32.8141244436755,26.6,301,355.6,4.1,9.3
2018-08-09 16:23:04.400,184.6,38.3267168276528,1.90156605372698,1.94395207857021,1.60678073146104,400.137404804868,409.056377039523,1.64259895357712,274.7,140.488657147677,21803.8540448612,0.9,297.3,43.77367,-79.4615083333333,989.3,6.52955023803098,7.20593223120919,5.1,32.814865217903,26.6,298,354.6,3.8,9.7
2018-08-09 16:23:05.400,184,38.3357390666177,1.90682525053756,1.94899630148564,1.43437437507101,398.855528778154,407.676470484308,1.46609650882571,274.7,140.470291192758,21637.2714902473,0.9,298.2,43.7736716666667,-79.4615283333333,989.3,6.52933444746567,7.20740711993095,6.1,32.817553744077,26.5,305.2,0.4,3.8,9.9
2018-08-09 16:23:06.400,183.6,38.3392515172709,1.91583795409142,1.95823267123193,1.46563220725178,398.782069605016,407.60648217572,1.4980710863794,269.1,140.491639135336,21649.2730105054,0.9,289.3,43.7736683333333,-79.46155,989.2,6.5240696016935,7.20703248653164,6.6,32.8187182819428,26.5,277.5,5.8,3.9,10.4
2018-08-09 16:23:07.400,183.3,38.3435346493431,1.91033083492521,1.95310220000468,1.73757395897712,399.394603867802,408.337004877916,1.77647821295737,265.2,140.486691399778,21899.4761067845,0.9,281.2,43.7736666666667,-79.461575,989.3,6.52970823925265,7.2090151584368,7.2,32.8208562135623,26.5,286.1,11.4,3.7,10.2
2018-08-09 16:23:08.400,183.2,38.3502346174891,1.90621837698311,1.94891062573631,1.25433860276336,398.923123456627,407.85745810131,1.28243334722326,261.3,140.430184418727,21905.4808545149,0.9,274.2,43.7736633333333,-79.4616016666667,989.3,6.52648136686365,7.21312610237425,7.4,32.8228402025533,26.5,287.8,14.7,3.3,10.6
2018-08-09 16:23:09.400,182.7,38.3457705748056,1.9086185216568,1.95153039319623,1.52379706497244,399.534511849832,408.517301203738,1.55805688754964,261,140.495642015883,21988.7048469564,0.9,273.5,43.7736583333333,-79.461625,989.2,6.52285590066792,7.2092103377908,7.2,32.8244042938097,26.5,289,12.8,3.5,10
2018-08-09 16:23:10.400,182.2,38.3512173082301,1.90807560065525,1.95102116939182,1.49113082402551,399.764655910911,408.762266421957,1.5246932547429,254.8,140.475339763768,22011.8684996514,0.9,267.4,43.7736533333333,-79.461645,989.3,6.52099597296261,7.21177621824334,7,32.8257059082372,26.5,291,20,3.6,10.4
2018-08-09 16:23:11.400,182,38.3567447037744,1.90950930561201,1.95233481636863,1.44063987151621,400.252879553736,409.229695372479,1.47295157682819,252.9,140.462494297441,21935.7596040831,0.9,255.6,43.7736483333333,-79.46167,989.4,6.52376379307613,7.21153044255286,7.2,32.8280370112712,26.4,283.6,20.4,3.4,9.9
2018-08-09 16:23:12.400,181.8,38.3582805955104,1.90497481569714,1.94799905222181,1.4790620169704,399.802124797611,408.831748450078,1.51246983556915,254.1,140.476709573982,22086.3650282565,0.9,259.2,43.7736416666667,-79.461695,989.3,6.53021335165699,7.21473157291293,7.4,32.8304978363107,26.4,286.5,19.3,3.3,9.8
2018-08-09 16:23:13.400,182.2,38.3627031194239,1.90362116798249,1.9464778943766,1.29010272142596,400.494900682934,409.511416900419,1.31915528174419,257.1,140.46586237919,22017.7798485522,0.9,267.4,43.77364,-79.46172,989.4,6.52682585641162,7.20406775743687,7.2,32.8323732472123,26.4,268.8,7,3,9.9
2018-08-09 16:23:14.400,182.7,38.3632046840421,1.90175907421273,1.94487388713517,1.61810623849287,399.847351592439,408.912287222561,1.65478926780032,257.5,140.492340842751,22168.4742946684,0.9,267.1,43.773635,-79.4617433333333,989.3,6.52345233843261,7.21119429632451,7,32.8339337058138,26.4,272.8,10.6,2.9,9.5
2018-08-09 16:23:15.400,182.8,38.3633031961236,1.90825216843097,1.95153400692065,1.4131668813012,399.329186367902,408.386437616624,1.44521163964938,253.8,140.460154145589,22178.1123925261,0.9,258.9,43.77363,-79.4617683333333,989.3,6.527122880346,7.21086760668828,7.2,32.8351097800738,26.4,286.5,19.7,2.5,8.9
2018-08-09 16:23:16.400,183,38.3641326655593,1.89948849109789,1.94225867328494,1.63579057018906,400.098559483457,409.107508828038,1.67261613206043,251.6,140.470337880256,22021.0130944142,0.9,258.3,43.7736233333333,-79.461795,989.4,6.53178801452585,7.21136051178575,7,32.8369064897778,26.4,288.9,20.4,2.5,8.3
2018-08-09 16:23:17.400,182.8,38.3599266050452,1.90229544523203,1.94564132766118,1.43173832364825,400.300786464936,409.422166132895,1.46436489116218,254.8,140.509999134566,22278.6913364509,0.9,265.3,43.7736166666667,-79.4618183333333,989.4,6.53215153557486,7.21530061923499,7,32.8376537997112,26.4,284.9,17.1,2.5,7.9
2018-08-09 16:23:18.400,182.6,38.361987497632,1.9061764528692,1.94935814704236,1.32455951380426,400.305756529067,409.374196895529,1.35456387402908,257.2,140.451698941766,22151.859077144,0.9,273.5,43.7736133333333,-79.4618416666667,989.4,6.52929828293102,7.20869457446837,7.2,32.8399491369175,26.4,264.7,7,1.6,6.8
2018-08-09 16:23:19.400,182.6,38.3629644654642,1.90125216913039,1.94414649049212,1.50033170281559,400.661220031552,409.700615607472,1.53417832179256,254.2,140.488210473939,22063.4043477222,0.9,275.6,43.77361,-79.4618683333333,989.4,6.52900484392528,7.20732622736217,7.4,32.8421849236377,26.4,280.2,14.3,2,7.6
2018-08-09 16:23:20.400,183.1,38.370320879979,1.89601676452036,1.93854923697166,1.64184911255455,400.178957571486,409.156231444091,1.67870527021358,253.6,140.473667187226,21940.8054465597,0.9,269.4,43.7736033333333,-79.4618933333333,989.4,6.5320151072994,7.21047578803311,7.4,32.843444739428,26.4,266.2,11.8,1.8,7.4
2018-08-09 16:23:21.400,183.4,38.3727112905248,1.90601050000886,1.94806992191325,1.32672276161615,399.590744139949,408.408495760942,1.35600321857208,253.3,140.479463964127,21590.4981096028,0.9,262.3,43.7736,-79.4619183333333,989.4,6.52701372336688,7.21394401924368,7,32.8450396657776,26.5,276.4,8.4,1.6,6.6
2018-08-09 16:23:22.400,183.6,38.375335491807,1.90465207174123,1.94701391900028,1.47547087697459,400.027089724524,408.924190743119,1.50828471543082,254.8,140.494662415999,21757.4400146368,0.9,259.1,43.7735966666667,-79.46194,989.4,6.52745096091549,7.20593335592378,6.8,32.8465441217435,26.5,260.3,359,1.5,6.6
2018-08-09 16:23:23.400,183.2,38.3810113992382,1.90435303275445,1.94694839577456,1.38591557381972,399.901821865544,408.846569541309,1.41691726710551,256.9,140.472332218842,21877.9338534599,0.9,266.5,43.773595,-79.4619633333333,989.4,6.5331287586462,7.20437800541812,7.2,32.8494551637722,26.5,245.4,359.2,1.8,7.1
2018-08-09 16:23:24.400,183.3,38.3848746518542,1.90356936716438,1.94564706192301,1.32205535446762,399.170057285183,407.99368498809,1.35127338759239,258.1,140.488112082562,21626.787812858,0.9,265.6,43.7735916666667,-79.4619883333333,989.4,6.53172715931277,7.21206063576533,7.2,32.8503784924961,26.5,257.7,0.1,2.1,8.1
2018-08-09 16:23:25.400,183.1,38.3886550102088,1.90002967408689,1.94252672395476,1.21344514390523,398.83907088936,407.759719595819,1.24058829759235,256.7,140.501125372329,21877.186806806,0.9,268.2,43.7735883333333,-79.4620133333333,989.2,6.53443014565252,7.21311796274932,7,32.8522586616021,26.5,272.6,6.9,2.5,7.7
2018-08-09 16:23:26.400,183.1,38.3942935999807,1.90653815488326,1.94938257769391,1.31537636936905,399.38591518521,408.361032912233,1.34493430453443,255.2,140.469415837081,21978.3307721534,0.9,268.1,43.773585,-79.4620366666667,989.4,6.52683923957825,7.21093867673968,6.6,32.854235383294,26.5,252.7,353.1,1.1,6.6
2018-08-09 16:23:27.400,182.9,38.3980576609693,1.90239149928874,1.945192216811,1.22648336956651,399.385918632042,408.371437955534,1.25407669126024,258.2,140.47435945258,22003.3624379363,0.9,267.3,43.77358,-79.4620566666667,989.5,6.52932363398667,7.21106477978244,6.2,32.8556845724019,26.5,250.2,358.5,2,7.8
2018-08-09 16:23:28.400,183,38.3965776724633,1.89882864645327,1.9414782825402,1.3833017047824,399.332032660086,408.301430044134,1.41437153652306,256.6,140.506944615904,21967.5445658815,0.9,268.5,43.7735783333333,-79.46208,989.5,6.52708394174282,7.21098172167574,6.4,32.8573793101469,26.5,251.4,358.5,2.9,8.7
2018-08-09 16:23:29.400,182.8,38.3974074710968,1.90211341365145,1.94487184867695,1.41180423891212,399.396791910467,408.374990684463,1.44353912612786,255.9,140.483175796886,21985.2133657387,0.9,264.1,43.7735716666667,-79.4621016666667,989.4,6.52894489562088,7.216236352358,6.4,32.8588016182105,26.4,257.3,4.7,2.6,8.7
2018-08-09 16:23:30.400,182.5,38.4014634256614,1.90672578538231,1.95000509447539,1.40786503718498,398.70452325189,407.75448957274,1.43982217225199,255.1,140.458938835512,22194.6349318479,0.9,268.9,43.773565,-79.4621233333333,989.4,6.52862203895906,7.21909708139282,6.4,32.8613421380141,26.4,263,2.1,2.6,8.3
2018-08-09 16:23:31.400,182.5,38.400653377268,1.90083620743284,1.94415777528068,1.4148735297803,400.456496576592,409.583072993421,1.44711031120515,256.8,140.468647024323,22282.6354299701,0.9,274.6,43.773565,-79.4621466666667,989.5,6.52485066434121,7.21219080080925,6.2,32.8633122218789,26.4,265.2,6.7,2.7,8.9
2018-08-09 16:23:32.400,182.4,38.4063704805479,1.90263226984393,1.94619171664192,1.19770187933071,401.411158494662,410.601040141206,1.22511776191202,257.4,140.476897342371,22381.7053264144,0.9,274.6,43.7735616666667,-79.4621683333333,989.6,6.52618635506598,7.20901109771943,6.2,32.8651184843606,26.4,261.4,1.1,3.2,9.7
2018-08-09 16:23:33.400,182.2,38.4130014221942,1.90715285509787,1.95058853688549,1.48726217926212,401.964300774765,411.119138538743,1.52113920452251,260.6,140.486737417015,22268.003722457,0.9,276.2,43.7735616666667,-79.4621883333333,989.5,6.52938749896983,7.20822550003578,5.9,32.8664426998083,26.4,247.9,353.4,3.1,9.1
2018-08-09 16:23:34.400,182.1,38.4183480529435,1.90828148071717,1.95129859893673,1.43549714780125,401.194696932492,410.238598473827,1.4678556888847,266.7,140.490451010513,22045.4973330192,0.9,280.1,43.7735616666667,-79.462205,989.6,6.52646804552068,7.21254509567374,5.9,32.8680204929498,26.3,237.6,346.9,2.6,8.8
2018-08-09 16:23:35.400,182,38.4253739050033,1.90097330187524,1.94394872155473,1.47354060978898,401.349375928072,410.422821076374,1.50683285068153,269.1,140.450610110846,22107.5445011617,0.9,279.8,43.7735616666667,-79.462225,989.5,6.52947729653989,7.21078293418244,5.9,32.869475482924,26.3,256.3,353.5,3.2,9.1
2018-08-09 16:23:36.400,181.8,38.42946169879,1.90038125305956,1.94409787563296,1.28280365006499,400.924847837741,410.147825747921,1.31231490236152,273.4,140.468767113999,22486.9457453947,0.9,277.5,43.77356,-79.4622433333333,989.5,6.5300337171846,7.21490691593997,5.9,32.8716118690853,26.3,261.9,352,3.2,9.3
2018-08-09 16:23:37.400,181.5,38.4302325905315,1.90546748556591,1.94907514179776,1.25995743553016,401.367268044587,410.552663230745,1.28878689088198,277.2,140.471356500877,22373.3367782995,0.9,288.3,43.7735633333333,-79.4622633333333,989.5,6.53025683049721,7.21161490081452,5.7,32.8735673429318,26.3,250.8,341.1,2.7,8.1
2018-08-09 16:23:38.400,180.8,38.4424106567342,1.90167196593728,1.9448521360625,1.46025627793867,402.481465267607,411.620437877541,1.49341497926623,287.6,140.410391629952,22202.4429534718,0.9,308.6,43.7735683333333,-79.46228,989.5,6.53228325177779,7.21079876319624,5.7,32.8758563354971,26.3,229.9,333.9,2.3,6.6
2018-08-09 16:23:39.400,179.8,38.4493681994699,1.89980858037591,1.94301479830202,1.76506207800945,403.210312538152,412.380077654136,1.80519888987932,287.7,140.447748244659,22236.2245432933,0.9,308.1,43.7735733333333,-79.4622933333333,989.6,6.5313152808755,7.21106384087389,5.3,32.8772444333815,26.3,265.1,350.4,2.1,7.3
2018-08-09 16:23:40.400,179.2,38.4549313957523,1.90794069633134,1.95145516883671,1.56459429994997,402.837432852209,412.024805461775,1.60027884567471,281.7,140.497303625631,22298.1173961877,0.9,299.4,43.7735733333333,-79.46231,989.4,6.53217304691618,7.20836129892538,5,32.8790113782652,26.3,298,349,2.4,7.5
2018-08-09 16:23:41.400,178.7,38.4599577745326,1.907536006562,1.95085456139266,1.47426344244223,402.961176171205,412.112131506342,1.50774477254514,282.1,140.464511271473,22204.9384520124,0.9,291.9,43.7735766666667,-79.462325,989.6,6.53442444405039,7.21303557263908,5.1,32.8814844467624,26.3,286.6,356.9,2.1,6.8
2018-08-09 16:23:42.400,178.6,38.4599018788106,1.90783178636485,1.95086161245314,1.53306008429171,402.7363487865,411.819938692458,1.56764141230571,279.2,140.51142417261,22057.1707237946,0.9,289.5,43.7735766666667,-79.462345,989.5,6.53420640373125,7.21862587633872,5.3,32.882869347793,26.3,294,359,2.7,8.2
2018-08-09 16:23:43.400,178.4,38.4642104551697,1.9028911794618,1.94594118004358,1.81542563486053,403.789381134658,412.924590179875,1.85649605254134,280.1,140.449009112693,22123.1874900571,0.9,286.8,43.7735766666667,-79.4623633333333,989.6,6.5333280594558,7.21407357270795,5,32.8847539124567,26.3,290.4,356.4,2.5,7.8
2018-08-09 16:23:44.400,177.6,38.4648378424715,1.90820227623304,1.9513590896189,1.71413681311071,403.396117013146,412.51971420676,1.7529191346583,275,140.413300963218,22116.5488675267,0.9,285.1,43.773575,-79.4623783333333,989.6,6.53117501652416,7.20838580189923,4.6,32.8861137850798,26.3,289.9,359.7,2.5,7.1
2018-08-09 16:23:45.400,177.1,38.4599245629395,1.91235587414918,1.95505564984325,1.47645645482532,402.729391575112,411.721692535374,1.50943190891632,285.2,140.502647357867,21840.9606233231,0.9,296.9,43.7735783333333,-79.4623966666667,989.6,6.53226412853391,7.21109813663965,5.5,32.888293412602,26.3,297.5,356.5,2.1,6.1
2018-08-09 16:23:46.400,176.6,38.4603298278215,1.91194341827274,1.95442326457546,1.34503358034882,403.374024819986,412.336184453767,1.37491891516952,284.2,140.452849221837,21735.1742475072,0.9,311.8,43.7735816666667,-79.4624116666667,989.6,6.53473753472681,7.2117505959466,5.1,32.8905194257034,26.3,324.5,356.8,2.9,8.2
2018-08-09 16:23:47.400,176.1,38.4547145973051,1.91154306270555,1.95416398940932,1.50877794886602,403.826934356205,412.830942061072,1.54242094939031,286.1,140.466608402927,21810.3949862551,0.9,304.8,43.773585,-79.4624266666667,989.6,6.52822499287706,7.21526393763904,4.6,32.8917421191944,26.3,311.4,350.9,2.7,7.5
2018-08-09 16:23:48.400,176.1,38.4526238351644,1.90743850227922,1.95002134967613,1.44612498262441,403.629386105603,412.640366862757,1.47843650320327,288.6,140.51430110724,21837.2625268932,0.9,303.7,43.7735883333333,-79.4624433333333,989.5,6.53237938994426,7.2130774974543,5.5,32.8932094053046,26.3,286.3,352.3,2.1,7.6
2018-08-09 16:23:49.400,175.9,38.4540239420658,1.91194283504286,1.95430150863493,1.25660699216112,402.674980521606,411.596161129182,1.28446431113529,288.3,140.486709715849,21674.6833917001,0.9,307.3,43.7735933333333,-79.4624616666667,989.6,6.53028295985931,7.21246715598075,5.1,32.8949212534011,26.3,310.7,359.8,2.9,8.6
2018-08-09 16:23:50.400,175.8,38.4562451326223,1.91242008569926,1.95508129791594,1.46841709287724,402.301303314163,411.275585466293,1.50117631856665,279.2,140.453966643745,21820.7996861266,0.9,308.9,43.7735966666667,-79.4624816666667,989.7,6.5306670640797,7.21434603660093,5.5,32.8967903591327,26.3,305.8,348,2.5,7.6
2018-08-09 16:23:51.400,175.8,38.4617533169314,1.91242079658308,1.95501957022356,1.43289113606798,403.447304899149,412.433935385916,1.46481222514028,285.1,140.500159937874,21789.3027803532,0.9,302.8,43.7736,-79.4625016666667,989.7,6.52831727592004,7.21341366493942,5.3,32.8981833894345,26.3,306.5,351.4,2.5,8
2018-08-09 16:23:52.400,175.8,38.4688640538168,1.90896749159897,1.95176312984633,1.53011343017322,403.155551893423,412.193569369021,1.56441572042908,281.2,140.478481767033,21926.6952784134,0.9,301.3,43.7736033333333,-79.46252,989.7,6.52932857603175,7.21514710664557,6.1,32.9007832079046,26.3,307.4,359.8,3,8.8
2018-08-09 16:23:53.400,175.8,38.4741592598617,1.90643931902927,1.94932317772025,1.58929528705098,402.902194337239,411.965032966057,1.62503653868831,277,140.502775369646,21999.1661282281,0.9,308.6,43.7736016666667,-79.46254,989.7,6.53431831487474,7.21514521403475,5.9,32.9023864737755,26.3,281.9,7,2.8,8.9
2018-08-09 16:23:54.400,175.6,38.4801571451027,1.90800626873658,1.9511059889178,1.46036992937538,402.646289966196,411.741571276679,1.49336461229905,282.1,140.473819064643,22089.8058780683,0.9,298.2,43.7736066666667,-79.46256,989.7,6.53214602486773,7.21524211133214,5.7,32.9038385367776,26.3,272.9,359.4,2.2,7.8
2018-08-09 16:23:55.400,175.5,38.4835399637507,1.9053752028697,1.94823034915981,1.45249851176636,403.17404627745,412.242321830688,1.48518410749734,279.2,140.471878367003,21997.2701013782,0.9,294.9,43.77361,-79.46258,989.8,6.53368702783338,7.21135860143485,6.1,32.9056670871251,26.3,295,3.9,2.9,8.9
2018-08-09 16:23:56.400,175.2,38.4849094293378,1.90504898541149,1.94831571194516,1.63970659607499,402.88304142869,412.033382433106,1.676937220807,283.8,140.515412992568,22207.5441557109,0.9,296.1,43.7736133333333,-79.4626,989.7,6.53288188337864,7.21262928669116,6.2,32.9076271190723,26.3,279,1.8,4.1,11
2018-08-09 16:23:57.400,175,38.4903086447118,1.90909242975347,1.95215539009635,1.58269180741845,401.565494306382,410.623475204199,1.61838615564504,285.6,140.501840056379,22059.2209233116,0.9,301.5,43.7736166666667,-79.4626216666667,989.7,6.53148500509898,7.21824717714858,6.2,32.9095198743518,26.3,276.5,351.7,3.8,10.8
2018-08-09 16:23:58.400,174.7,38.4949193297883,1.9081357112946,1.95117194828507,1.4248146574924,401.88668424373,410.95082779133,1.45693429323004,282.2,140.4622086032,22056.5419719424,0.9,307.3,43.7736216666667,-79.4626433333333,989.7,6.53300234267663,7.21725844481981,6.1,32.9112959851786,26.2,278.9,357.2,3.5,10.5
2018-08-09 16:23:59.400,174.7,38.4934309037347,1.90968440137861,1.95284623103166,1.69865933561651,402.327175416221,411.420534532954,1.73700771737485,284.2,140.490187555714,22102.2825610358,0.9,300,43.773625,-79.4626616666667,989.8,6.52873219537456,7.21570153332653,5.9,32.9130542074388,26.2,272.5,345,3.9,10.4
2018-08-09 16:24:00.400,174.6,38.4967862579792,1.90758599995511,1.95099191087784,1.43221743003908,402.293977586406,411.447928241884,1.46478666148486,286.5,140.478075208153,22248.0512139413,0.9,295.5,43.7736316666667,-79.4626866666667,989.8,6.52572421062234,7.21376355084651,5.7,32.9145266668163,26.2,243.4,329.9,3.4,8.3
2018-08-09 16:24:01.400,174.2,38.5020080619689,1.90846964687315,1.95156345597776,1.57829680990261,401.934528376887,411.010321855873,1.61393526944102,282.7,140.47111788511,22081.5447831887,0.9,292.2,43.773635,-79.4627083333333,989.9,6.52801816996821,7.21230832622453,5.3,32.9167215409548,26.2,245.9,357.6,1.7,6.9
2018-08-09 16:24:02.400,174.2,38.5025649872302,1.90823118253748,1.95146182543421,1.46508719162791,401.877499944575,410.982066851784,1.49828518038504,283.3,140.505766751799,22153.1722963345,0.9,292,43.7736383333333,-79.462725,989.8,6.53415576408478,7.21681945716956,5.1,32.9181136429239,26.2,295.7,5.7,2.9,8.2
2018-08-09 16:24:03.400,173.8,38.5083396807204,1.90396519857443,1.94722957285244,1.5007301570311,401.898439147273,411.03095517778,1.53483870186877,279.9,140.466318705585,22218.6745638121,0.9,288.5,43.77364,-79.4627416666667,989.7,6.53655616451763,7.21506720202193,5.3,32.9199853478266,26.3,311.2,16.2,3.1,9.7
2018-08-09 16:24:04.400,173.3,38.514008012874,1.90594656337228,1.9490521332468,1.3731097038511,402.341398616076,411.44081982626,1.40416240150063,280.8,140.459957386587,22116.0280251355,0.9,289.5,43.77364,-79.46276,989.8,6.53311778107638,7.21504709553135,5.5,32.9214938603162,26.3,306.9,10.3,4.2,11.3
2018-08-09 16:24:05.400,173.7,38.5152511945653,1.90757275745681,1.95084640692856,1.41201321925844,402.284890045678,411.410785822432,1.444048848813,279.4,140.500749261,22182.0250617737,0.9,289.7,43.7736433333333,-79.46278,989.7,6.53580907420608,7.21897590740321,6.1,32.9234611070863,26.3,311,11.4,4.3,11.1
2018-08-09 16:24:06.400,173.8,38.517888137001,1.9110276816278,1.95429226443107,1.59247772482857,402.065841429679,411.168362630229,1.62853203613593,279.1,140.471504929888,22138.3124543237,0.9,288,43.7736466666667,-79.4628033333333,989.8,6.5351853514291,7.21351155757502,6.4,32.9254348749925,26.3,295.2,14.3,3.4,10.3
2018-08-09 16:24:07.400,173.5,38.517329503333,1.90912304537934,1.95221383808611,1.6206962402386,401.395747570488,410.455496933964,1.6572838528901,279.6,140.479940185598,22072.7696374078,0.9,289.5,43.7736533333333,-79.4628266666667,989.8,6.53242521508288,7.21597297947987,6.1,32.9269832304271,26.3,298.6,14.1,4,10.5
2018-08-09 16:24:08.400,173.5,38.5197144614263,1.91109489571341,1.95442533094316,1.71626809998996,400.443321459806,409.522589874439,1.75518071077714,274.3,140.461206902541,22170.4535210337,0.9,289.9,43.7736533333333,-79.4628483333333,989.8,6.53336771089716,7.21352602596528,5.7,32.9288302375694,26.3,301.1,16.1,3.2,8.8
2018-08-09 16:24:09.400,173.8,38.5245224613194,1.90980029087582,1.95301534400004,1.69508177654046,400.819328762763,409.889124424799,1.73343772858628,273.6,140.441136537316,22127.4260056952,0.9,286,43.773655,-79.4628683333333,989.8,6.53439085896339,7.21398586576836,5.3,32.9305230536818,26.3,305.3,29.2,3.2,9.2
2018-08-09 16:24:10.400,174.3,38.5243537267613,1.90677164316642,1.94994393390721,1.60809833474063,400.56363304898,409.632971413384,1.64451008071513,274.9,140.453308680997,22140.244511369,0.9,291.2,43.773655,-79.4628866666667,989.9,6.5367988737263,7.2194028043145,5.1,32.9324730033448,26.3,330.4,22.8,3.7,9.7
2018-08-09 16:24:11.400,175.2,38.5287984584364,1.90938882275134,1.95258076733563,1.59407162237407,400.554146439981,409.615069319908,1.63013242875423,274.7,140.470269151971,22120.5988463318,0.9,296.2,43.7736566666667,-79.462905,989.9,6.53728838564408,7.21472608606338,5.3,32.9341336397979,26.3,342.1,27.5,4.3,9.8
2018-08-09 16:24:12.400,176.1,38.5322083541486,1.91384815323575,1.9573593194748,1.58341231866113,400.058848628116,409.154094490693,1.61939888472743,269.5,140.479514006276,22229.6172603931,0.9,292.6,43.773655,-79.462925,989.8,6.53445941785053,7.21411912244222,5.1,32.9360098066729,26.3,344.4,27.2,3.6,6.2
2018-08-09 16:24:13.400,176.8,38.5292434622296,1.91183124425086,1.95545754614758,1.51441411126447,399.602454160151,408.720953777036,1.54896697318405,275.2,140.483180645738,22309.8988378544,0.9,286.7,43.7736566666667,-79.4629416666667,989.9,6.53139527579367,7.21390254759689,5.3,32.9376406931803,26.3,328.5,7.6,1.1,5.4
2018-08-09 16:24:14.400,176.9,38.5248543512101,1.91149743119645,1.95500755770935,1.55152013971428,399.714501819795,408.812910441088,1.58683623857806,277.2,140.486763256448,22255.556011226,0.9,289.4,43.7736583333333,-79.4629566666667,989.8,6.52937715767069,7.21184127188272,5,32.9390534086127,26.3,312.9,7.1,2,5.7
2018-08-09 16:24:15.400,177,38.5247316328458,1.90918685351894,1.95254344142155,1.5767127458381,400.064928173888,409.150038195428,1.61250711478071,271.1,140.49507010795,22204.9086343224,0.9,282.9,43.7736583333333,-79.4629716666667,989.9,6.53690554861497,7.21364476584928,4,32.9407867732305,26.4,327.8,37.2,1.9,6.2
2018-08-09 16:24:16.400,176.8,38.5274155890602,1.90765942543408,1.95058252632259,1.79138283762295,400.618380215152,409.632692203208,1.83169153808107,268.5,140.470391441065,22005.5963745573,0.9,282.1,43.773655,-79.46298,989.8,6.53514956133529,7.21343455164533,2.4,32.9430012150493,26.4,354,56,2.4,5.3
2018-08-09 16:24:17.400,175.6,38.5258645380009,1.91048432356211,1.95335189458149,1.62381232444722,400.090491974418,409.067894560997,1.6602192357865,271.1,140.468826020138,21945.8950747039,0.9,275.4,43.77366,-79.4629766666667,990,6.52920485995093,7.21751797619253,1.1,32.9447461172193,26.4,350.5,61.4,2.1,4.2
2018-08-09 16:24:18.400,173.7,38.5192854191609,1.90792153830409,1.95093741817912,1.36118364097448,400.252856950307,409.277000188628,1.39187751263764,276,140.49871278429,22049.0457351952,0.9,278,43.7736683333333,-79.4629716666667,989.9,6.52906707291284,7.21751636193393,0.5,32.9462562459982,26.4,345,57.8,2.2,4.5
2018-08-09 16:24:19.400,172.4,38.5181233183515,1.90932990498651,1.95207979638407,1.36022044375714,399.943756293332,408.898531885874,1.39067260926699,270.4,140.470161932964,21899.7305547173,0.9,280.3,43.7736716666667,-79.4629766666667,989.9,6.53026097742195,7.21861476389618,0.3,32.9481914425834,26.5,331.9,32.1,1.5,2.4
2018-08-09 16:24:20.400,171.8,38.5227844056555,1.90978821265642,1.95244361440957,1.38759824458752,399.633714491124,408.559640023147,1.41858983016626,271.2,140.4619583249,21847.1865849311,0.9,282.5,43.7736666666667,-79.462975,989.9,6.53317018803381,7.22023272704635,0.3,32.9500519776052,26.5,298.3,19.8,1.1,2.7
2018-08-09 16:24:21.400,172.1,38.5253848719234,1.91029900834286,1.95321905706903,1.46054675016621,399.347551785123,408.319908119872,1.49338166003789,289,140.47946080836,21973.7975130964,0.9,287.9,43.7736633333333,-79.462975,989.9,6.53460410786755,7.21915599963727,0.5,32.9517594623025,26.5,311.4,17.9,1.6,3.4
2018-08-09 16:24:22.400,172.6,38.5302850265481,1.90968889641933,1.9527517424677,1.58793996937908,399.15375647104,408.154411889778,1.62375123914582,285,140.471070176403,22052.1553700065,0.9,289.2,43.77366,-79.4629816666667,989.8,6.53525002814619,7.22083055481631,0.7,32.953341705266,26.5,281.5,346.1,1.4,2.7
2018-08-09 16:24:23.400,173.2,38.5354415986892,1.90708705721542,1.94990910231533,1.5611200593756,398.877135100951,407.833558807473,1.59617334989265,287.6,140.479412257112,21960.9973637795,0.9,289.6,43.77366,-79.4629866666667,989.9,6.53498223199035,7.22153848199581,0.7,32.955300219685,26.5,264.2,340.7,1.4,3.5
2018-08-09 16:24:24.400,173.7,38.538292770063,1.90713506442845,1.95000380487988,1.52724461394978,398.404252526752,407.35968591796,1.56157066419936,284.9,140.491623234945,21984.0128356736,0.9,287.1,43.7736566666667,-79.4629933333333,989.9,6.5321922330256,7.21982952681347,1.1,32.9569775617289,26.6,266.5,342.3,1.3,3.1
2018-08-09 16:24:25.400,173.9,38.5403045407027,1.90857895218334,1.95175718585926,1.36942797391068,398.078216743706,407.084026735107,1.40040074366312,273.6,140.480143693229,22122.6023092713,0.9,289.6,43.7736566666667,-79.4629966666667,989.9,6.53552030873908,7.22035371345317,1.2,32.9587425844038,26.6,271.3,350.8,1.3,2.7
2018-08-09 16:24:26.400,174.3,38.5398269735859,1.91198750998979,1.95548582578488,1.38364099131018,398.20913815635,407.268514143765,1.41511937673137,275.1,140.490605265031,22244.2076659332,0.9,286.6,43.7736583333333,-79.4629966666667,989.9,6.53627371344489,7.21971670701037,1.6,32.9604894409685,26.6,270.8,342,0.9,2.1
2018-08-09 16:24:27.400,174.6,38.5409402284463,1.91383739691709,1.95745499922547,1.41461011002393,398.168398669866,407.242937785916,1.44684639978446,276.6,140.472548581892,22282.9288521272,0.9,284,43.7736583333333,-79.4629983333333,989.9,6.5332376816669,7.21650930407547,1.4,32.9624825558446,26.6,250.7,337,1,3.3
2018-08-09 16:24:28.400,174.8,38.5403757187239,1.91134071150414,1.95496111408353,1.32248714881927,398.470235074575,407.564023424784,1.35266859789056,272.2,140.458482726482,22312.607968215,0.9,279.8,43.7736583333333,-79.4629983333333,989.9,6.53129381519476,7.21586042128808,1.2,32.9643107431995,26.6,270.5,0.4,1.2,4.1
2018-08-09 16:24:29.400,175.1,38.5357741541294,1.90553993729345,1.94897323053765,1.3712937906489,398.855375746578,407.946512597142,1.4025491124434,269.2,140.487340666073,22285.0567410855,0.9,278.3,43.77366,-79.463,990,6.53248472960208,7.21892558763525,0.7,32.9657881722223,26.6,288.2,3.4,2.2,4.7
2018-08-09 16:24:30.400,175.3,38.5356265988483,1.90416262048855,1.94752220542795,1.5122264685612,398.909316259138,407.992938514652,1.54666188125428,272.4,140.472269878791,22264.1849036363,0.9,280.3,43.77366,-79.463,990,6.53515816066781,7.22068925010171,1.1,32.9677825631635,26.6,271.2,1.6,2.1,5.6
2018-08-09 16:24:31.400,175.5,38.5336731415288,1.9051057586472,1.94848538306119,1.5000165457316,399.023442096408,408.109374582034,1.5341724706753,269.4,140.477323396739,22263.472891198,0.9,281.2,43.7736583333333,-79.4630016666667,990,6.53460313025166,7.22363360672337,1.8,32.9697479199472,26.6,290.4,9.7,3.3,7.3
2018-08-09 16:24:32.400,175.7,38.5281655555242,1.90403959044578,1.94755245979028,1.41443862457765,399.906703217455,409.04587657305,1.44676767400146,269.9,140.502922324758,22342.4206043445,0.9,276.3,43.7736566666667,-79.463005,989.9,6.53390149436212,7.22097539851537,2.4,32.9712617592775,26.5,295.2,15.5,3,8
2018-08-09 16:24:33.400,175.7,38.5330643548231,1.90809262063041,1.95189672748965,1.36548436563421,401.049529974233,410.256320752985,1.3968304100897,269.7,140.465947240842,22441.6299865924,0.9,283.1,43.773655,-79.4630166666667,989.8,6.53307591531691,7.21784470789104,3.3,32.9728164404334,26.5,298.6,6.3,3.7,8.3
2018-08-09 16:24:34.400,175.4,38.5391165108776,1.91351697904374,1.95713580648614,1.32699510259427,401.67063331534,410.826509110453,1.35723034318724,275.8,140.47712253184,22286.6927907553,0.9,284.5,43.7736566666667,-79.4630366666667,989.9,6.53054121127147,7.21629936678399,4,32.9747551555989,26.5,288.6,0,3,7.6
2018-08-09 16:24:35.400,175.2,38.5415102411931,1.91227731373918,1.95580316585947,1.4829475177901,402.414331001783,411.573770647069,1.51671216821003,276.1,140.488832651311,22254.5708226802,0.9,286.5,43.7736583333333,-79.4630616666667,989.9,6.5298794858009,7.21776748238628,4.8,32.9764983463536,26.4,290.4,358.8,3.2,8.6
2018-08-09 16:24:36.400,175.4,38.5490463481759,1.91272100771606,1.95659735595673,1.44117862857877,402.649130221546,411.885533510535,1.47423351615456,281,140.447576737075,22424.7742667819,0.9,293.5,43.7736616666667,-79.4630816666667,989.9,6.53300107041185,7.22011523831967,4.4,32.9782393432342,26.4,291,353,3.3,8.9
2018-08-09 16:24:37.400,175.6,38.5536400313268,1.9099646529497,1.95349640421529,1.31525656827966,402.341711663572,411.51171144679,1.34523478289296,282.8,140.46627083229,22283.6058419355,0.9,290.4,43.773665,-79.4631016666667,989.9,6.53588007706381,7.21631551004961,4.4,32.979960482432,26.3,300.4,12.3,2.8,7.4
2018-08-09 16:24:38.400,176,38.5557344911398,1.90806818850101,1.95145485809563,1.3173313266551,401.929060549861,411.068308546663,1.34728709457658,279.8,140.479573994982,22232.8755591962,0.9,290,43.7736683333333,-79.46312,989.9,6.5351841657313,7.21272723538695,4.4,32.9815654392729,26.3,302.5,6.6,2.1,5.6
2018-08-09 16:24:39.400,176,38.5578611516219,1.90756539683161,1.95136569509668,1.42838327448498,402.121850049521,411.355237789034,1.46119099534717,279.3,140.46972966055,22446.141253732,0.9,290.5,43.77367,-79.4631366666667,989.9,6.53598758496391,7.21168450294228,4.4,32.9834135708661,26.3,317.7,8.9,1.9,7
2018-08-09 16:24:40.400,175.9,38.5566041283764,1.90682708987429,1.95050705834712,1.52967951676983,401.423801586421,410.619420646054,1.56471896447241,280.9,140.482819572079,22394.2497719029,0.9,292.7,43.7736716666667,-79.4631583333333,989.9,6.53451422105346,7.21895677375828,4.6,32.9855537338327,26.3,291.4,357.2,2.2,6.8
2018-08-09 16:24:41.400,176.2,38.5564393531241,1.90749223617789,1.95088045874537,1.53747521835621,400.636172014088,409.74907067103,1.57244713548726,280.4,140.447443398983,22240.218826941,0.9,297.5,43.773675,-79.4631766666667,989.9,6.53362058455122,7.22050224917135,4.8,32.987489700316,26.3,300,356.3,2.3,7.6
2018-08-09 16:24:42.400,176.5,38.5541436556632,1.90968248368516,1.9532807992717,1.5163735364022,400.794193019491,409.944300161838,1.55099028545616,281.6,140.46674331818,22320.3428369458,0.9,303.9,43.7736816666667,-79.463195,989.9,6.53642219444509,7.21602182538022,4.8,32.9892432346431,26.3,305.3,355.3,2.4,6.4
2018-08-09 16:24:43.400,176.8,38.5543222186096,1.91133580963571,1.95501455278533,1.31710907047962,400.829505263473,409.98939429689,1.34721811600712,283.1,140.480410243894,22341.8658295543,0.9,310.4,43.7736866666667,-79.4632116666667,989.9,6.53639189918674,7.21495284588977,5,32.9908715411023,26.3,329.3,0.4,1.7,5
2018-08-09 16:24:44.400,176.4,38.5606940160606,1.91298148571368,1.95676202704962,1.34382719920307,400.454493701887,409.619281940361,1.37459551827378,281.8,140.464597519407,22374.1275719241,1,302.3,43.7736883333333,-79.46323,989.8,6.53616849378761,7.21827770932738,5,32.9921039851077,26.4,302.8,345.6,0.9,4.3
2018-08-09 16:24:45.400,175.7,38.5663374137402,1.91381146390952,1.95792892430482,1.60275525685526,399.921174573629,409.140189928588,1.63970980259657,281.6,140.50095204689,22532.7821560722,0.9,302.1,43.7736916666667,-79.4632483333333,989.8,6.53169189154079,7.22292484937007,5,32.9942468130042,26.4,313.7,357.9,1,4.5
2018-08-09 16:24:46.400,175.3,38.5737002010609,1.90878123480709,1.95286850692815,1.55370430515945,400.791012989267,410.048028847795,1.58959321699258,283.3,140.47933120089,22575.5112923004,0.9,300.8,43.7736966666667,-79.4632666666667,989.9,6.53447567832342,7.2216942278214,4.8,32.9956882647029,26.4,338.1,8.9,1.8,5.5
2018-08-09 16:24:47.400,175.3,38.578157024867,1.90688861985405,1.9508855136205,1.39198427315929,401.714462386993,410.983063922137,1.42410126059719,285.1,140.471199661715,22552.230328592,0.9,297.3,43.7736983333333,-79.4632833333333,989.9,6.53887120235808,7.2201562542088,5,32.9975776634553,26.4,332.4,18.5,1.5,5.6
2018-08-09 16:24:48.400,175.3,38.578547588141,1.91094882751608,1.95511470198186,1.47937249234549,401.952652547743,411.24259393544,1.51356823811586,281.5,140.491244891085,22589.8668445724,0.9,296.1,43.7737,-79.4633033333333,989.8,6.5348131569926,7.21627349789386,5,32.9996678396544,26.4,335.6,20.7,1.6,4.7
2018-08-09 16:24:49.400,175.1,38.5820183174305,1.91374064576054,1.95837330345128,1.57817689888672,402.960091431605,412.358168095225,1.6149828958872,279.9,140.459141014406,22790.7563705791,0.9,291.1,43.7737,-79.46332,989.9,6.53598002816207,7.21890664085999,5.1,33.0011615925839,26.4,344.1,20.5,1.8,4.7
2018-08-09 16:24:50.400,175.2,38.5849973676355,1.91137818327719,1.95598764399387,1.56335465209163,404.475352510352,413.915257420621,1.59984235864493,284.9,140.480744182424,22806.603982456,0.9,298.1,43.7737033333333,-79.4633383333333,989.9,6.53466415455955,7.22187305593103,5.3,33.0030241545712,26.5,326.1,3.9,1.6,5.6
2018-08-09 16:24:51.400,175.2,38.5851655260261,1.90606451715915,1.95043917412646,1.38734981576561,405.842996956467,415.291466429555,1.41964446864855,281.5,140.504043536987,22751.3658804607,0.9,295,43.7737066666667,-79.4633616666667,989.8,6.53235175738999,7.21636188204491,5.3,33.0046483407717,26.5,303.7,357.5,1.1,4.7
2018-08-09 16:24:52.400,174.9,38.5895269378097,1.9076084067936,1.95221768833214,1.27075128778289,405.92132212649,415.413663350734,1.30046812829824,282.9,140.48342281168,22850.3280948696,0.9,291.9,43.7737083333333,-79.46338,989.9,6.53201397207881,7.21752360776976,5.5,33.0064950965533,26.5,316,6.6,1.2,4.6
2018-08-09 16:24:53.400,174.6,38.5890579421168,1.91223333440754,1.95699725321779,1.24744358355591,405.778716238254,415.277622508338,1.27664565831363,281.7,140.497841237975,22873.6269211759,0.9,293.3,43.77371,-79.4634,989.9,6.53320547347538,7.21772082234304,5.5,33.0083299437312,26.5,352.7,26.9,1.3,5.3
2018-08-09 16:24:54.400,173.5,38.5839426545832,1.91134381134415,1.95602814436651,1.45557038656033,405.350236980023,414.82665911932,1.48959836981603,280.3,140.490837655462,22844.3828602499,0.9,291.4,43.7737066666667,-79.4634216666667,989.9,6.53355883910758,7.21820436918203,5.9,33.009562002932,26.5,347.3,24.4,1.8,5.6
2018-08-09 16:24:55.400,173.1,38.5855891778193,1.91364062398924,1.95867885163965,1.62407851102371,404.240650232369,413.754470023981,1.66230189647649,285.3,140.443489952012,22994.1247410499,0.9,293.7,43.7737066666667,-79.463435,989.8,6.53181360416776,7.21991264732515,5,33.0111832777926,26.5,343.3,18.7,1.6,5.3
2018-08-09 16:24:56.400,173.3,38.5871886569118,1.91679351571435,1.96214928049358,1.60386184534047,403.114252220641,412.652927832471,1.64181317379635,284.4,140.475707545467,23115.4104973464,0.9,292.1,43.7737066666667,-79.46345,989.9,6.53216726691222,7.21967455206348,5.5,33.0132335988459,26.5,343.2,26.7,2.3,6.3
2018-08-09 16:24:57.400,173.8,38.5869491021198,1.91198734015209,1.957017475933,1.49052893714141,402.691252440524,412.175199508796,1.52564082687878,278.7,140.495816253886,23009.3519928084,0.9,288.4,43.7737083333333,-79.4634716666667,989.9,6.53389633291067,7.22062460478241,5.1,33.0151557771453,26.5,343.9,20.6,1.7,4.6
2018-08-09 16:24:58.400,174.2,38.5910687394089,1.90891887283484,1.95390211684544,1.25610267499877,402.541246737658,412.02709659027,1.28569308173793,278.1,140.470969922576,23022.3592389854,0.9,282.9,43.77371,-79.463485,989.9,6.53576324751397,7.21693367157441,5,33.0172482233712,26.5,323.2,6.6,1.3,5.8
2018-08-09 16:24:59.400,174.3,38.5963274625837,1.90665066630192,1.95157063136062,1.59692531185623,401.60588920671,411.067633294895,1.63452998443355,275.8,140.493079892933,23017.3981579509,0.9,285,43.7737116666667,-79.4635,989.9,6.53278649337988,7.22298141964144,5,33.018856586461,26.5,292.5,358.1,1.3,4.9
2018-08-09 16:25:00.400,174.4,38.6006338335937,1.9068807939542,1.95171274118575,1.76400339174729,401.557390349476,410.998298077186,1.8054769606943,283,140.480839763894,22970.6249409735,0.9,288.4,43.773715,-79.4635183333333,989.9,6.53605338603934,7.22131567150458,4.4,33.0200845948588,26.6,278.5,348,1.1,4.5
2018-08-09 16:25:01.400,174.8,38.6059764665202,1.90765958720107,1.95226717334378,1.57864309546814,400.849587771287,410.222950575222,1.61556592769892,286.6,140.488170912293,22849.1767576578,0.9,289.9,43.77372,-79.4635283333333,989.9,6.53558451078881,7.22072491592397,4,33.022329278487,26.6,263.6,342.3,0.9,4.1
2018-08-09 16:25:02.400,175.6,38.6134800294318,1.90963662957975,1.95420433972321,1.42393380503723,400.143204826659,409.481812784536,1.4571649365421,287.6,140.484848416483,22805.8922490414,0.9,289.7,43.7737233333333,-79.4635433333333,989.9,6.53479777633777,7.22097947230256,4.2,33.0240755410819,26.6,284.4,354,0.9,3.6
2018-08-09 16:25:03.400,175.7,38.6208994045128,1.90885731640768,1.95355920503808,1.40667199448484,400.375157714261,409.751202631095,1.43961540399855,281.6,140.458608607415,22882.354529108,0.9,288.5,43.7737233333333,-79.4635583333333,989.9,6.53437894804561,7.22052319757726,4,33.0256542927427,26.6,274.2,355.1,0.6,3.5
2018-08-09 16:25:04.400,175.9,38.624119452911,1.90681355300554,1.95091004538563,1.4118327686115,400.803592969329,410.072383830668,1.44448626050492,279.7,140.493735163801,22603.0491370564,0.9,286.3,43.7737216666667,-79.4635716666667,989.9,6.53147820853898,7.22544620859122,3.8,33.0273055815385,26.6,278.2,350.8,0.8,3.3
2018-08-09 16:25:05.400,176.4,38.6248917440953,1.90839690935509,1.95256149873322,1.43470864564563,401.402842408235,410.692210822399,1.46791473735923,282,140.491977021169,22618.7425501625,0.9,288.4,43.7737216666667,-79.463585,989.9,6.5355365083993,7.22398817421739,3.8,33.0292706952366,26.6,259.3,338.8,0.8,4.6
2018-08-09 16:25:06.400,176.3,38.6275694430504,1.90916269261543,1.95384565600924,1.66985273202761,402.378251768177,411.795720762749,1.70895115339966,282.9,140.4664837549,22869.1135358726,0.9,290.2,43.7737233333333,-79.4636,989.9,6.53489795891224,7.22267385396808,4.6,33.0311018153977,26.6,253.3,337.1,1.1,4.7
2018-08-09 16:25:07.400,176,38.6306672561405,1.91209842716401,1.95671712754677,1.46172615333992,403.948135136728,413.374261554057,1.49586305128183,283.4,140.495980892879,22803.0884533374,0.9,292.4,43.7737283333333,-79.463615,989.9,6.53045670300884,7.22380874904311,5,33.0327179270867,26.6,243.3,331.6,1.1,4
2018-08-09 16:25:08.400,176.2,38.6351876075757,1.90828196110828,1.95272314215385,1.47420696695484,405.844430288118,415.296035085912,1.50854334378691,280.9,140.494189484709,22758.5607890733,0.9,288.5,43.7737316666667,-79.4636333333333,989.8,6.53423723542748,7.21903871046322,5,33.034681061748,26.6,226.6,331.8,1,4.6
2018-08-09 16:25:09.400,176.5,38.638253330303,1.90717470766677,1.95166721747469,1.51279934018089,406.683536862554,416.171085280669,1.54809105602959,276.1,140.465051411824,22797.0632077324,0.9,284.2,43.7737333333333,-79.463655,989.9,6.53321040448762,7.21414300205339,4.6,33.0365967547276,26.6,241,339.8,0.9,4.2
2018-08-09 16:25:10.400,176.7,38.6351869875443,1.90999643635241,1.95409982632188,1.39250051593258,406.288789317305,415.670322704151,1.42466575542978,279.2,140.469185010105,22569.434368687,0.9,287.9,43.7737333333333,-79.4636733333333,989.9,6.53752902332041,7.21851309174819,4.6,33.0382026050998,26.6,265.1,0.4,0.9,4.4
2018-08-09 16:25:11.400,176.9,38.6311775163495,1.91241612086702,1.9568816226431,1.43053969011228,405.769559254958,415.204004592413,1.46381304775855,277.6,140.474603176974,22722.4904231542,0.9,288.8,43.773735,-79.4636933333333,989.9,6.53931617407788,7.22187101910918,4.4,33.0398211226887,26.6,320.8,5.4,0.6,3.7
2018-08-09 16:25:12.400,177.1,38.6271390755774,1.91514651878436,1.95965148413932,1.6399109594814,405.557638624183,414.982325801354,1.67800727340236,279.3,140.483736414742,22710.9330623156,0.9,289.2,43.7737366666667,-79.46371,989.9,6.53360727008885,7.22071862794901,4.4,33.0415922425985,26.7,329.2,7.1,0.8,3.5
2018-08-09 16:25:13.400,177.4,38.6254782774362,1.9093352975553,1.95382907456115,1.61503129875742,404.818302838836,414.251952121042,1.65265967436428,282.2,140.495008798033,22772.8514160937,0.9,289.9,43.7737433333333,-79.46373,989.9,6.5355410832775,7.22302166600097,5,33.0431953092531,26.7,311.3,356.9,0.7,3.6
2018-08-09 16:25:14.400,177.5,38.6267454014434,1.90691033329822,1.95165459742671,1.46725659046161,405.095583347173,414.600884920104,1.50168063263228,282.9,140.491960495985,22926.3908304622,0.9,289.4,43.7737466666667,-79.4637516666667,989.9,6.53660954716521,7.22237929210663,5.5,33.0452805344041,26.7,320.4,13.2,1,5
2018-08-09 16:25:15.400,177.4,38.6275689015148,1.90774914651425,1.95260233424149,1.63372587665784,407.760545600915,417.347493828064,1.67213714437421,282.7,140.496634348468,22971.2035484799,0.9,290.2,43.77375,-79.463775,989.8,6.53659486545342,7.22633527029218,6.1,33.0468266787862,26.7,325.5,10.9,1.1,5.1
2018-08-09 16:25:16.400,177.5,38.6283112108939,1.90496641603113,1.94961101124508,1.51616694869763,410.868598774464,420.497558978058,1.55170689476094,276.3,140.498118685711,22899.1714384589,0.9,285.3,43.77375,-79.4637933333333,989.9,6.53673493428555,7.22420381783233,5.3,33.0485942210736,26.7,322.2,18.8,1.3,4.9
2018-08-09 16:25:17.400,177.8,38.6331774729336,1.90627533850245,1.95104997425394,1.64098949727428,411.983002073475,421.659643119396,1.6795413700566,275.6,140.446484429389,22948.925838812,0.9,282,43.7737466666667,-79.4638116666667,989.9,6.53537061916369,7.22179752636413,5.5,33.0503134103512,26.7,322.2,6.1,0.9,4.1
2018-08-09 16:25:18.400,177.2,38.6306071483297,1.90340653117839,1.94880041458977,1.59734528132201,411.548856741676,421.363802881502,1.63541977558679,275.2,140.467828584228,23293.3231348356,0.9,283.8,43.7737483333333,-79.4638333333333,989.9,6.53647314561994,7.22171989826686,5.7,33.0522949516071,26.7,340.2,11.3,1,4.8
2018-08-09 16:25:19.400,177,38.6269654212294,1.9088346522691,1.95440540397266,1.61205251948112,412.588181156166,422.438146074633,1.65053369354387,266.8,140.490352240341,23316.9876039465,0.9,276.2,43.7737483333333,-79.4638533333333,989.9,6.53779710788663,7.22027367561686,5.9,33.0539303190154,26.7,295.4,4.9,0.8,4.8
2018-08-09 16:25:20.400,177.2,38.6279013865057,1.91155767049586,1.95724538686928,1.73924372989429,412.190736142238,422.042333881077,1.78081578006145,262.2,140.44933763996,23342.800449322,0.9,273.1,43.773745,-79.4638733333333,989.8,6.53310765544582,7.2182753617857,5.7,33.0554158353933,26.7,277.3,2.9,1.3,5.9
2018-08-09 16:25:21.400,176.6,38.6228019398122,1.9068711613288,1.95268955151128,1.66573054708245,410.859063384788,420.731161737253,1.70575039842566,260.9,140.488044777164,23464.2758612561,0.9,270.4,43.7737416666667,-79.463895,989.8,6.53335712793066,7.219500893851,5.7,33.0572937931173,26.7,254.9,350.6,0.8,4.8
2018-08-09 16:25:22.400,176.5,38.6200907712902,1.90786974150704,1.95341767809752,1.55954980011118,409.630403514082,419.409924779003,1.59678670340842,252.1,140.479060532063,23317.2053489718,0.9,263,43.7737333333333,-79.4639083333333,989.9,6.54028803747261,7.22182078400419,5.7,33.0590657922026,26.7,232.4,349.8,1.1,5.1
2018-08-09 16:25:23.400,176,38.6186924151751,1.91096385511856,1.95739490171864,1.4918192444425,409.074047909758,419.013286821758,1.5280575378569,237.2,140.468203486042,23720.5934231597,0.9,244.5,43.7737233333333,-79.4639216666667,989.9,6.53739289205317,7.22268887666433,5.5,33.0610949742308,26.7,232.9,349.1,0.8,4.5
2018-08-09 16:25:24.400,176.2,38.6102308188886,1.91125770511403,1.95773427592529,1.50519873505791,408.524290180613,418.458406951315,1.54179931726517,225.5,140.492065304302,23739.7680189778,0.9,228.6,43.773715,-79.463935,989.9,6.53441964901575,7.22313844412216,5.3,33.0626913808511,26.7,176.1,348.3,1,4.1
2018-08-09 16:25:25.400,176,38.6028859807189,1.90721747150006,1.95365918023508,1.58465382838317,408.499176500138,418.446298991985,1.62324327741375,217.1,140.447000428866,23771.6682200126,0.9,224.3,43.7737066666667,-79.4639483333333,989.9,6.53809391917478,7.22548131076588,5.3,33.0651816993513,26.7,171.7,347.9,0.8,3.9
2018-08-09 16:25:26.400,175.8,38.5929966499081,1.90729292345495,1.95409585309602,1.53919729462177,408.142087520006,418.157394429267,1.57696310474372,211.5,140.474816958459,23951.1906131145,0.9,217.4,43.7736916666667,-79.4639583333333,989.8,6.53898011449156,7.22297485653395,5.5,33.066614671538,26.7,164.1,343.8,1,4.4
2018-08-09 16:25:27.400,176.1,38.5866921926909,1.90972276042188,1.95678641869142,1.6096969729356,407.474770813205,417.516621609103,1.64936780586942,213.6,140.484336648851,24051.5149212794,0.9,222.1,43.77368,-79.4639716666667,989.9,6.53298235533699,7.22615151157035,5.7,33.0680516047957,26.7,229.2,356.9,0.5,4.6
2018-08-09 16:25:28.400,176.3,38.5875513636619,1.90730861966445,1.95452905819695,1.39305996634934,406.680534301863,416.749036663849,1.42754097678935,205.7,140.446490876309,24159.6745109749,0.9,221,43.7736683333333,-79.46398,989.9,6.53076215561146,7.21930306961532,6.1,33.0700010255766,26.7,214.1,0.4,0.9,4.7
2018-08-09 16:25:29.400,176.5,38.5822650380217,1.91055906849394,1.95745577002425,1.64163722750189,406.047053037014,416.013965749067,1.68190605979336,205.5,140.472252312391,23958.1247555794,0.9,214.4,43.773655,-79.46399,989.8,6.5305429668472,7.21912677387367,5.7,33.0715412327112,26.7,196.6,3.4,0.8,4.5
2018-08-09 16:25:30.400,176.4,38.5796821881481,1.90587713775822,1.95275549331573,1.57612768743877,403.907426417719,413.842083854951,1.6148869713822,200.5,140.498672311696,24006.1513568239,0.9,215.3,43.77364,-79.464,989.9,6.53147194665303,7.22430412919692,6.1,33.073628262807,26.7,226.9,7.5,1.1,5.9
2018-08-09 16:25:31.400,176,38.582535153558,1.90693434241102,1.95383678989869,1.46647055737138,404.657548916788,414.610256061075,1.50254018087421,199.1,140.455662944341,24005.0872238673,0.9,208.1,43.7736266666667,-79.46401,989.8,6.53263587971964,7.22321768830058,5.7,33.0754335389179,26.7,222,12.6,1.2,5.7
2018-08-09 16:25:32.400,176,38.5838364154259,1.91091378782811,1.95787706033209,1.41616328053106,406.623839819508,416.617065490285,1.45096752765893,200.6,140.489275939087,23986.6795491644,0.9,211.6,43.773615,-79.46402,989.9,6.53793296033984,7.21950073732116,5.3,33.0771154500795,26.7,219.3,12.6,1.2,5.6
2018-08-09 16:25:33.400,175.9,38.5886993571118,1.91018840581556,1.95760243994615,1.52883706042802,410.243804081911,420.426976312458,1.56679502225647,197.4,140.479911911086,24220.5283373745,0.9,209.6,43.7736,-79.464025,989.9,6.53481420813209,7.216606186223,5.1,33.0788801595805,26.7,256.1,22,1.8,5.2
2018-08-09 16:25:34.400,175.9,38.5965699189948,1.91359221363148,1.96115385754654,1.53409326851618,413.110698868658,423.37847206043,1.57222376427429,196,140.465963044625,24252.0567051749,0.9,202.7,43.7735883333333,-79.4640316666667,989.8,6.53107901308555,7.21969741345894,4.6,33.0809035742701,26.7,248.7,17.1,1.2,4.2
2018-08-09 16:25:35.400,176.7,38.599101061531,1.91160701316349,1.95946965578262,1.54836775315155,413.327678001955,423.676508609556,1.58713768100896,198.5,140.496705209434,24426.3505705183,0.9,208.3,43.77358,-79.4640366666667,989.9,6.52915971436699,7.22001498918639,4,33.0826160330283,26.7,257.6,30.3,1.4,4
2018-08-09 16:25:36.400,177.5,38.6019570363945,1.91348122602861,1.96117314404118,1.61367304388158,412.337207666754,422.614385718237,1.65389026428693,198.2,140.44475113471,24318.1337517181,0.9,206.1,43.7735683333333,-79.4640416666667,990.1,6.52921973124124,7.2207593547336,4.4,33.0843673021883,26.7,263.3,29.6,1.4,4.2
2018-08-09 16:25:37.400,178.5,38.604259069352,1.91517309511586,1.96310712050921,1.46857903765785,410.450536930812,420.72358350688,1.50532909756173,192.6,140.472506649377,24417.6291869916,0.9,197.4,43.77356,-79.4640483333333,990,6.52661460023021,7.22027021592938,4.6,33.085972139445,26.7,263.2,31.2,1.3,3.8
2018-08-09 16:25:38.400,179,38.6066706675275,1.91337997566544,1.96108875339733,1.29335975847574,409.199576724455,419.402684148902,1.32561399149087,188.1,140.490637235856,24327.7098310664,0.9,189.3,43.7735466666667,-79.46405,990,6.53413150079986,7.22174865843432,4.6,33.0878185724617,26.7,253.4,32.8,0.7,3.8
2018-08-09 16:25:39.400,178.9,38.6117335998286,1.91398337950559,1.96143119864575,1.4879573654858,408.150756294839,418.268834238358,1.52483645082085,184.5,140.458196604411,24190.2597383752,1,185.5,43.77353,-79.4640483333333,989.9,6.53442093047229,7.22098333363376,5,33.089664694573,26.7,254.4,24.1,0.8,3.6
2018-08-09 16:25:40.400,178.8,38.6097675077547,1.9150782855326,1.96235791861376,1.43005007042482,407.395002644421,417.452763158579,1.46535712717417,181.6,140.497588223875,24093.2538816338,0.9,186.9,43.773515,-79.4640433333333,990,6.52965027830205,7.22112927439693,5.1,33.0912456579858,26.7,275.2,32.7,1.1,4
2018-08-09 16:25:41.400,179,38.6088167790649,1.90879781870579,1.95584782506421,1.4640837019083,406.195263013909,416.20754476923,1.50017207190846,181.2,140.4941359787,24055.94064379,0.9,188.4,43.7734983333333,-79.4640416666667,989.9,6.53584070524754,7.22467631038998,5.7,33.0931689804677,26.7,259.9,23.6,1.4,4.6
2018-08-09 16:25:42.400,178.7,38.6117152988102,1.91838512584431,1.96577172316765,1.28080855185892,405.959271484737,415.986914067911,1.31244379051853,187.5,140.443321384733,24105.7123343657,0.9,190.5,43.77348,-79.4640416666667,989.9,6.53204990528818,7.22072121168726,5.7,33.095007321851,26.7,254.9,10.8,0.6,3.4
2018-08-09 16:25:43.400,178.7,38.608144033931,1.91509572960325,1.9624111990862,1.41516750700835,405.569918717646,415.590174465761,1.45013090969777,185.3,140.504656880016,24110.8416046424,0.9,197.8,43.773465,-79.464045,989.9,6.53016296677265,7.22298623054133,5.3,33.0967471409708,26.7,250,4.1,0.4,3.5
2018-08-09 16:25:44.400,178.6,38.6071918254485,1.91285410912268,1.95973764337507,1.63009506892251,404.227015872099,414.134549899978,1.67003997223916,192.2,140.466339232544,23923.333397161,0.9,196,43.7734516666667,-79.4640483333333,990,6.53827085264002,7.2225830231492,5.5,33.098392451894,26.7,263.6,28.2,0.5,3.9
2018-08-09 16:25:45.400,178.5,38.6118354402269,1.91515402294321,1.96239541426874,1.64693969966102,404.247292162463,414.218910329491,1.68756381803073,200.2,140.455272659377,24073.274945195,0.9,209.7,43.7734383333333,-79.4640533333333,989.9,6.53441122797021,7.21730512899099,5.5,33.1000432010608,26.7,271.4,17.7,2,5.3
2018-08-09 16:25:46.400,178.7,38.6144044292129,1.91560308427435,1.9627059351052,1.43177875313744,403.282106148947,413.19837456453,1.46699039656026,218.3,140.482591276697,23998.9091015033,0.9,232.8,43.77343,-79.4640683333333,989.9,6.53248713353697,7.21921036811558,5.3,33.1017502396572,26.8,234.8,13.9,2.3,8.5
2018-08-09 16:25:47.400,179,38.6293703326905,1.91479629321393,1.96188537973992,1.48454134545535,403.345821099696,413.264958849704,1.52104983565125,237.3,140.438144739155,24001.9515867009,0.9,255.3,43.7734266666667,-79.4640866666667,989.9,6.5307321586573,7.21939400635261,5.3,33.1036011511912,26.8,276.7,7,3.8,8.8
2018-08-09 16:25:48.400,179.3,38.6308822844897,1.91175133760472,1.95862276527547,1.51384092435761,403.530421478623,413.424174036367,1.55095713039614,243.8,140.496384119602,23931.1323686006,0.9,254.5,43.773425,-79.4641083333333,990,6.53970016496265,7.22017432195259,5.7,33.1054967023596,26.7,274.5,1.7,2.9,8.3
2018-08-09 16:25:49.400,179,38.6312505949812,1.91580402947656,1.96261346095944,1.77303447246543,403.895576900472,413.76419170503,1.8163530207865,251.5,140.501110025853,23850.8206095645,0.9,256.1,43.773425,-79.46413,989.9,6.53648719774762,7.21759354722358,5.9,33.1072392949053,26.7,237.7,2,2.4,7.5
2018-08-09 16:25:50.400,178.2,38.6344821660056,1.91423028786901,1.96088182537923,1.39265645725443,403.788709976982,413.629280157159,1.42660000794918,251.7,140.44750695394,23790.9189351352,0.9,255.7,43.77342,-79.4641516666667,990,6.53469283336158,7.22189854611038,5.7,33.1094831777549,26.7,266.9,5.6,2.2,7.6
2018-08-09 16:25:51.400,177.3,38.6304703709215,1.91057112503535,1.95690545198701,1.49079063726049,404.198130810926,414.000675950001,1.52694178024836,255.9,140.495039276135,23677.5321596704,0.9,259,43.7734183333333,-79.4641733333333,990,6.54121983248999,7.22407491983334,5.9,33.110888650913,26.7,250.7,354.6,2.3,7
2018-08-09 16:25:52.400,176.6,38.6355750813953,1.90892191229527,1.95556708032863,1.56430358612666,403.564099242176,413.425269699202,1.60252942790116,257.6,140.494552759353,23852.3471259321,0.9,261.8,43.773415,-79.464195,990,6.53550851028828,7.22095605506578,5.3,33.1126452029828,26.6,232.3,346.8,1.2,5.1
2018-08-09 16:25:53.400,176.1,38.6421397931319,1.91518565986026,1.96168527445297,1.69058256440809,403.339480242888,413.132299313686,1.73162508131041,260.5,140.460127226265,23703.9443510442,0.9,263.4,43.77342,-79.4642133333333,990,6.53637312747936,7.21905051064763,5.3,33.1150038540729,26.6,224.7,344.2,0.7,4.1
2018-08-09 16:25:54.400,176.1,38.6405394642251,1.90935814158662,1.9552532060059,1.82057965361046,402.913697596937,412.598452694067,1.8643371914048,260.7,140.512299872519,23472.6561291848,0.9,266.2,43.7734183333333,-79.4642333333333,990,6.53595450845004,7.22530903679057,5.3,33.1165019974504,26.7,165.7,331,0.5,3.2
2018-08-09 16:25:55.400,176.3,38.6444391502985,1.90759132301805,1.9533991912671,1.44979798811546,402.772097110941,412.444107258848,1.48461264555564,263.5,140.437500791747,23450.5329651972,0.9,273.6,43.7734183333333,-79.4642483333333,990,6.53572325937468,7.22198959273581,5.5,33.1177566288199,26.7,242.6,352.4,0.3,3.5
2018-08-09 16:25:56.400,175.9,38.6466488539069,1.91397993432256,1.96023730226443,1.38368583087747,402.012124298327,411.728054790357,1.41712727820596,260.1,140.509274206126,23597.8213682531,0.9,272.4,43.7734166666667,-79.4642683333333,989.9,6.53777866608845,7.2213731890647,5.9,33.1195746493984,26.7,295.3,10,1,6.1
2018-08-09 16:25:57.400,175.7,38.6490040260192,1.91283121116769,1.95877498428771,1.44749755784562,402.070073179802,411.727091638139,1.48226267769625,261.5,140.521712591522,23455.0096891929,0.9,274.7,43.7734166666667,-79.4642883333333,990,6.53132408012967,7.22103024017215,6.4,33.1218915809324,26.7,292,19.8,2,7.7
2018-08-09 16:25:58.400,175.7,38.651206789251,1.91063895171329,1.9564859950847,1.22221916242284,402.150866629316,411.800739280031,1.25154672961274,261.7,140.484550901766,23433.3391627511,0.9,279.7,43.773415,-79.46431,989.9,6.52612898834421,7.21796873780199,6.2,33.1230990602862,26.7,294.7,14.5,2.6,8.3
2018-08-09 16:25:59.400,176,38.6516569463785,1.91391035122905,1.95914442515086,1.30917928652942,401.377427846257,410.863952446164,1.34011602825512,262.5,140.510431035802,23088.9207600845,0.9,279.1,43.7734116666667,-79.4643316666667,989.9,6.53404893071081,7.21907620295656,6.6,33.1248756013199,26.7,291.6,13.2,2.1,7.4
2018-08-09 16:26:00.400,175.8,38.6581823323846,1.90845209578352,1.95425211324734,1.45958156261515,401.429813070192,411.063569520643,1.49461847641229,258,140.488508056377,23436.1840951871,0.9,274.9,43.773405,-79.4643533333333,990,6.53083351493606,7.22340528562762,6.4,33.1268720563354,26.7,301.1,13.6,1.7,5.7
2018-08-09 16:26:01.400,175.8,38.668375253218,1.90726103941803,1.95210068232915,1.53409789821323,401.686222256296,411.129855786547,1.57016022192749,259.3,140.461961372152,22969.9959791897,0.9,281.7,43.7734016666667,-79.464375,989.9,6.53600245904081,7.22081131484565,6.1,33.1290753807336,26.7,258.2,349.7,0.7,4.7
2018-08-09 16:26:02.400,175.7,38.6727600633942,1.90881168321053,1.9540344944901,1.72120049325299,401.462275673751,410.973320630974,1.76198335853272,265.9,140.493791290711,23142.9543250982,0.9,284.4,43.7734,-79.4643933333333,990,6.53261863160808,7.22548682932909,5.9,33.1304496907488,26.7,208.8,346.8,0.8,4.9
2018-08-09 16:26:03.400,175.6,38.6834192406741,1.9065107435993,1.95186022264666,1.63094633255622,401.92682930638,411.487478932168,1.6697412586541,268.6,140.473742226467,23234.2626088479,0.9,287.7,43.7734,-79.4644133333333,990,6.53770657143237,7.22510928030795,5.9,33.1321655585854,26.7,249.3,8.1,1.1,5.1
2018-08-09 16:26:04.400,175.4,38.6868157675986,1.90680800036852,1.95147730139771,1.59584499281959,401.590022148645,410.997701781419,1.63323025236209,269.6,140.478646133418,22889.7197187868,0.9,284.5,43.7734,-79.4644316666667,990,6.5389142689454,7.22280141534931,5.5,33.1345454545109,26.7,261.5,358.3,0.8,4.3
2018-08-09 16:26:05.400,175.4,38.6875269653559,1.90971230130832,1.95516413121258,1.48445434156079,401.688978405936,411.249362207648,1.51978028257816,271.3,140.507635742216,23247.1539860806,0.9,285.3,43.7734,-79.4644483333333,990.1,6.53796502753617,7.22409630543782,5.3,33.1358535131925,26.7,313.4,340.5,0.6,4.1
2018-08-09 16:26:06.400,174.9,38.6969603220084,1.90817296393078,1.95339696659671,1.65930503007972,401.737578217464,411.258697893359,1.69862816081728,275.9,140.464513282796,23151.2030146204,0.9,288,43.7734,-79.4644616666667,990.1,6.5304951796123,7.21940429304699,5,33.1379529059072,26.8,270.4,344.6,1.3,5.8
2018-08-09 16:26:07.400,174.4,38.7036568640358,1.90968428120244,1.95507188334123,1.44681940025994,401.144326778635,410.678371591939,1.48120428646395,283.5,140.468760006396,23215.3996553889,0.9,290.1,43.7734033333333,-79.4644816666667,990.1,6.53903787457375,7.22811565050724,5.5,33.13994482126,26.8,260.1,341.7,1.2,5.9
2018-08-09 16:26:08.400,174.2,38.7102150352192,1.90903319919407,1.95471931779063,1.51043071703386,402.654285105022,412.29038907126,1.54657818128397,286.8,140.466141580246,23372.2444886677,0.9,289.5,43.7734066666667,-79.4645,990.1,6.52758136935349,7.22533753211079,5.7,33.1413567183889,26.8,264.6,349.8,1,5.1
2018-08-09 16:26:09.400,173.9,38.7159852237694,1.90894012560983,1.95454279917712,1.44946335672419,405.804519978442,415.498859752726,1.48409057197158,288.7,140.449306524425,23331.7022437026,0.9,309.9,43.7734116666667,-79.4645183333333,990.1,6.52941969002492,7.22792332804289,5.3,33.142647636278,26.8,244.1,335.1,1.3,5.1
2018-08-09 16:26:10.400,173.6,38.7202827817633,1.91058939615821,1.95605874006687,1.31761279217075,409.312274928738,419.053432980903,1.34897107998482,291.3,140.498512247614,23245.7368285726,0.9,309.6,43.7734166666667,-79.464535,990,6.5355470759024,7.22276629751836,5.7,33.1448963342044,26.8,262,330.9,1.2,5.6
2018-08-09 16:26:11.400,173.5,38.7221152778736,1.91488573834979,1.96033923702658,1.52836410311191,409.366833753317,419.08392275631,1.56464119518964,297.3,140.491116847889,23186.5511491803,0.9,304.6,43.7734266666667,-79.464555,990.1,6.5306460658155,7.22461320201921,5.9,33.1465027580255,26.8,235.8,334.6,2.1,5.7
2018-08-09 16:26:12.400,173.6,38.7233914434568,1.90994029933737,1.95537268193253,1.37515530803145,409.710994225154,419.456751755031,1.40786537265951,295.4,140.485433079743,23234.3173380515,0.9,304,43.7734366666667,-79.464575,990.1,6.53126020656318,7.22075460053246,6.2,33.1488491714371,26.8,261,350.3,1.4,5.4
2018-08-09 16:26:13.400,174,38.7308438059742,1.91380414431285,1.95934873310834,1.483609552132,409.529961538791,419.2758683922,1.51891620348528,303.2,140.507060500462,23244.6415878604,0.9,321.7,43.773445,-79.464595,990,6.53524854631104,7.22541670029776,5.9,33.1502589424834,26.8,251.4,332.1,1.4,5.9
2018-08-09 16:26:14.400,174,38.7412133805771,1.90441571262646,1.95002200918522,1.7714974536624,408.849124193025,418.640098669843,1.81392344776825,312.3,140.415514248858,23387.6670047102,0.9,328,43.7734533333333,-79.4646066666667,990,6.53875030433331,7.22564157790086,5.7,33.1522981826,26.8,248.2,335.2,1.4,5
2018-08-09 16:26:15.400,174.7,38.7488146222226,1.91455205141692,1.96058403460986,1.4988222964563,407.70981086075,417.512574394328,1.53485778398953,312.6,140.488457569601,23478.9304250347,0.9,334.3,43.7734633333333,-79.4646233333333,990.1,6.53597896788751,7.22211639308285,5.1,33.1537254788767,26.8,279.3,352.9,0.7,4.2
2018-08-09 16:26:16.400,174.9,38.7524000569976,1.90805045265161,1.95397766220346,1.50512517804158,406.91799644145,416.712715115779,1.54135378744619,319.6,140.483632786948,23504.5559086137,0.9,328.9,43.7734683333333,-79.4646283333333,990.1,6.52994929654929,7.22548028579095,3.1,33.1554576763958,26.8,304.8,331.4,0.3,2.7
2018-08-09 16:26:17.400,174.5,38.7528118522343,1.91000744794413,1.95579670985233,1.5744514513009,407.142654527509,416.903051342118,1.61219625413322,323.5,140.447165757242,23411.6500567212,0.9,322.8,43.77347,-79.46463,990.1,6.5350050480049,7.21658444491431,1.6,33.1574288917575,26.8,222,289.2,1.1,2.4
2018-08-09 16:26:18.400,173.7,38.7453491346644,1.91230420127074,1.95777378591027,1.56077874074638,406.059629444465,415.714585088056,1.5978904054511,323.5,140.511370071686,23224.8305244103,0.9,323.1,43.7734716666667,-79.4646316666667,990,6.53375338983715,7.21806818926669,0.9,33.1592338371893,26.8,247.1,292.1,1.2,1.8
2018-08-09 16:26:19.400,173.3,38.7480013577101,1.90848820328807,1.95467539921446,1.56995562304291,404.52080602182,414.310552948979,1.607949871912,322.9,140.475135360203,23629.0461466972,0.9,322.6,43.77347,-79.4646333333333,990.1,6.53596328853887,7.23058096452447,0.5,33.1613473605482,26.8,189.9,269.8,0.6,0.7
2018-08-09 16:26:20.400,173,38.7539993092076,1.90959122220228,1.95602563360967,1.29271763837723,404.202389494526,414.031227932334,1.32415186371489,322.9,140.446230931414,23739.1825207529,0.9,322.6,43.7734683333333,-79.4646383333333,990.1,6.53842995791641,7.22411462173562,0.3,33.1629461260993,26.8,256,302.7,0.6,1.6
2018-08-09 16:26:21.400,173,38.753741284334,1.90791772901985,1.9537929406811,1.36272862798432,403.225080157294,412.920515222269,1.39549429952421,322.8,140.512830900244,23480.1822185739,0.9,323,43.7734633333333,-79.4646416666667,990,6.53697333456392,7.22328360306526,0.1,33.1647716976077,26.8,243.2,256.8,0.7,1.1
2018-08-09 16:26:22.400,173.1,38.74932,1.907393,1.953929,1.48389,403.2421,413.0802,1.520093,323.5,140.4723,23816.38,0.9,323.2,43.7734616666667,-79.4646433333333,990,6.53365,7.217573,0.1,33.16645,26.9,166.8,179.2,0.4,0.5
2018-08-09 16:26:23.400,173.3,38.7426614551741,1.90745997944499,1.95391816508978,1.42222655595631,402.587769921917,412.393266692074,1.45686735890101,315.1,140.475451973882,23777.1280752497,0.9,323.7,43.7734583333333,-79.4646416666667,990.1,6.53169183622576,7.22235316539054,0.1,33.168488933105,26.9,93.2,127.9,0.3,0.4
2018-08-09 16:26:24.400,173.7,38.73809,1.907119,1.953785,1.377655,402.3966,412.243,1.411365,320.4,140.5166,23885.04,0.9,323.7,43.7734566666667,-79.46464,990,6.534172,7.220445,0,33.17011,26.9,262.8,301.2,0.3,1.1
2018-08-09 16:26:25.400,174.1,38.73988,1.912484,1.958881,1.597047,402.4039,412.1663,1.635792,315.7,140.4654,23685.44,0.9,323.8,43.7734566666667,-79.4646383333333,990,6.532846,7.217874,0,33.17182,26.9,245.6,280.3,0.7,1.6
2018-08-09 16:26:26.400,174.4,38.74751,1.908884,1.95516,1.466157,402.4146,412.17,1.501699,270.4,140.4889,23668.37,0.9,324.3,43.7734583333333,-79.4646366666667,990.2,6.536767,7.218979,0,33.17399,26.9,242.2,269.8,0.8,1.7
2018-08-09 16:26:27.400,174.4,38.75309,1.912576,1.959061,1.375986,401.66,411.4223,1.409429,310.8,140.4798,23728.38,0.9,324.5,43.7734583333333,-79.464635,990.1,6.532394,7.222247,0,33.17528,26.9,248.6,286.8,1.1,1.6
2018-08-09 16:26:28.400,174.3,38.7556,1.907839,1.953733,1.293791,401.2028,410.8538,1.324914,285.2,140.4591,23490.11,0.9,324.3,43.7734566666667,-79.4646333333333,990,6.53785,7.221293,0,33.17741,26.9,216.9,253.5,0.7,1.1
2018-08-09 16:26:29.400,174.3,38.7546298429355,1.91613777591414,1.96280295931432,1.38007531640489,400.602280468198,410.35845954887,1.41368540082825,209.8,140.498991104199,23774.6951426242,0.9,324.5,43.7734533333333,-79.46463,990,6.5375688084122,7.22654035813799,0,33.1791049732574,27,215.7,252.6,0.5,0.8
2018-08-09 16:26:30.400,174.2,38.75462,1.913241,1.959479,1.315735,401.046,410.7382,1.347533,212.2,140.4859,23597.04,0.9,324.5,43.7734533333333,-79.4646283333333,990.1,6.531666,7.220672,0,33.18067,27,234.5,282.7,0.5,1.3
2018-08-09 16:26:31.400,174.2,38.7574393264176,1.9090669430153,1.95510475191712,1.46464624689885,401.241939027801,410.91790577775,1.49996600550182,166.1,140.48365948512,23547.2209503132,0.9,324.7,43.7734516666667,-79.4646266666667,990.1,6.5361212908863,7.22278345524106,0,33.1826102724311,27,214.6,249.1,0.4,1
2018-08-09 16:26:32.400,174.3,38.7592941009456,1.90664756602506,1.95297223961983,1.36052780786893,401.09163376454,410.836695755132,1.3935818000528,178.8,140.505770777932,23719.9406709707,0.9,324.6,43.7734516666667,-79.4646266666667,990,6.53446927968448,7.22106937151794,0,33.1845318195491,27,220.1,269.8,0.7,0.9
2018-08-09 16:26:33.400,174.4,38.7609366500235,1.91544910812764,1.9609554028536,1.53466441966064,400.510820646076,410.025963597163,1.57112041431227,317.3,140.483965741723,23206.1416976549,0.9,325.1,43.7734516666667,-79.464625,990.2,6.53528587012602,7.22135673168525,0.1,33.1865710076125,27,234.8,269.8,0.3,0.8
2018-08-09 16:26:34.400,174.3,38.7650382012839,1.91024334737893,1.95618647936557,1.15851490015474,400.240613406637,409.866744992867,1.18637880508905,309.2,140.448114765898,23486.0289081763,0.9,325.2,43.7734516666667,-79.464625,990.2,6.53122515428336,7.2201336510654,0,33.1881904266086,27,249.6,290.5,1,2
2018-08-09 16:26:35.400,174.2,38.7619757657024,1.91020120550634,1.95606372834567,1.33990853847949,399.589723544564,409.183543992568,1.37207847857453,149.8,140.511373058895,23446.0976897193,0.9,324.7,43.7734516666667,-79.464625,990.1,6.53673783375488,7.22800263066623,0,33.1898398313899,27,254.8,269.8,1,1.6
2018-08-09 16:26:36.400,174.1,38.7634238381805,1.91534222000988,1.96133427245116,1.24232758271764,399.915045523629,409.518076488809,1.27215917267895,152.9,140.47569880136,23449.5407142427,0.9,325.1,43.77345,-79.464625,990.2,6.53145042102472,7.22422848807989,0,33.1919640292157,27,218,250.4,1,1.8
2018-08-09 16:26:37.400,174.1,38.7654118607001,1.90623447633723,1.95189028693373,1.24982210733083,400.06825659375,409.650281387931,1.27975585095429,162.6,140.463137436235,23390.6185044694,1,325.4,43.77345,-79.464625,990.1,6.5336172747109,7.21969206651868,0,33.1937683994141,27,196.3,235.4,0.8,1.5
2018-08-09 16:26:38.400,174.1,38.7683652995167,1.90946116972122,1.9551224684177,1.39994592150156,398.80491393742,408.341742442035,1.43342198567175,153.7,140.499865688619,23354.9802549454,0.9,325.3,43.7734483333333,-79.464625,990.1,6.53786517135184,7.23219071779513,0,33.1956288365962,27,207.8,252.4,0.6,0.8
2018-08-09 16:26:39.400,174.1,38.7711898084011,1.90878213783544,1.95465017690151,1.20123092539959,399.326333213009,408.922383051566,1.23009275591525,172.8,140.474830131896,23466.5683015027,1,325.4,43.7734483333333,-79.464625,990.1,6.53711458026442,7.22597752776511,0,33.1971067802857,27.1,268.3,305.3,0.4,1.3
2018-08-09 16:26:40.400,174.2,38.7734583536829,1.91090219795234,1.95633757346825,1.61275902024279,400.3856847578,409.905751685974,1.65110826428596,296.2,140.470740058193,23224.9432151485,0.9,325.4,43.7734483333333,-79.4646266666667,990.1,6.53207367590932,7.22066904309507,0,33.1991789447708,27.1,273.8,297.6,0.9,2.2
2018-08-09 16:26:41.400,174.3,38.7743816510926,1.9043753166583,1.94936027878937,1.30946924222916,400.445336798848,409.904637220429,1.34040142430062,260.2,140.498482914624,23076.7639291306,0.9,325.4,43.77345,-79.4646283333333,990.2,6.53472747397748,7.22434620532071,0,33.2010913424224,27.1,257.2,299.7,1.4,2.6
2018-08-09 16:26:42.400,174.3,38.7826086748583,1.90983065759271,1.95521173967901,1.30631409866139,400.882819786129,410.408432732242,1.3373529746296,156.8,140.47798580259,23209.9699219438,0.9,325.7,43.7734516666667,-79.46463,990.2,6.53467133705315,7.22135361979822,0,33.2028352677806,27.1,266.9,299.9,1.5,3
2018-08-09 16:26:43.400,174.3,38.7832457823111,1.90401096404819,1.94910595472245,1.45079055295087,400.037768068188,409.512272424614,1.48515396074868,110.7,140.485773910893,23135.9504432358,0.9,325.7,43.7734533333333,-79.46463,990.2,6.53694123253418,7.22761582943431,0,33.2043950288339,27.1,259.7,316.5,1.3,2
2018-08-09 16:26:44.400,174.3,38.7806090461582,1.90227383038298,1.94713628483813,1.134374969151,400.649436982224,410.09803865035,1.16112704975283,310.8,140.489371723638,23039.9290855909,0.9,325.5,43.7734533333333,-79.46463,990.2,6.54074991057593,7.22433951557127,0,33.2062468477942,27.1,275.5,290.8,0.8,1.3
2018-08-09 16:26:45.400,174.4,38.7823973106307,1.89916588082762,1.94408903695181,1.14630742454642,400.136249298175,409.601114073344,1.1734181596352,234.2,140.444506603948,23107.3888511885,0.9,325.9,43.7734516666667,-79.4646283333333,990.2,6.53570760218245,7.22284872549375,0,33.2082654690497,27.1,215.9,246.5,0.8,1.7
2018-08-09 16:26:46.400,174.5,38.7773916818994,1.90192772898776,1.94663159011818,1.45575883679171,400.53350956013,409.947705895085,1.48997570976748,92.5,140.478604357842,22964.5692618791,0.9,326,43.7734516666667,-79.4646283333333,990.2,6.53667843989734,7.22430220725309,0,33.2100928446607,27.1,200.7,225.9,0.9,1.6
2018-08-09 16:26:47.400,174.6,38.7764796735674,1.90319352925573,1.94808175856041,1.50713079536797,400.074638346958,409.510711461738,1.54267220612096,156.5,140.485786379805,23042.1845236709,0.9,325.8,43.7734516666667,-79.4646266666667,990.2,6.53929279020269,7.22320873516768,0,33.2115418620545,27.1,173.8,204.3,0.8,1.8
2018-08-09 16:26:48.400,174.7,38.7845141567528,1.90812339826394,1.95353488851026,1.3121441664417,400.399551211711,409.928657605993,1.34337373095189,140.8,140.4434039976,23245.9016592469,0.9,326.2,43.7734516666667,-79.464625,990.1,6.533725394726,7.22880862478136,0,33.2133065841513,27.1,178.7,217,1.1,2.2
2018-08-09 16:26:49.400,174.8,38.7853200414168,1.90286964999489,1.94781599923425,1.25455382630868,400.691093846301,410.155539632931,1.28419118180938,156.1,140.509244204536,23075.386745897,0.9,326.7,43.7734516666667,-79.464625,990.3,6.53430687957616,7.22815858359044,0,33.2156111967808,27.1,189.1,242.7,0.6,0.9
2018-08-09 16:26:50.400,174.9,38.795345604503,1.90617204545968,1.95132694183983,1.48872847856516,400.790078023234,410.284345839555,1.5240066605836,152.1,140.473557927459,23140.7306398204,0.9,326.6,43.7734516666667,-79.4646233333333,990.2,6.53213462800824,7.22224242228332,0,33.2173948508845,27.1,280.3,297,0.3,1.1
2018-08-09 16:26:51.400,175,38.8036914292335,1.90184434414621,1.94635843034506,1.22748988914577,400.845814681652,410.227821707319,1.25621994114314,322.6,140.455788469732,22870.328777439,0.9,326.2,43.7734516666667,-79.4646216666667,990.1,6.53698094429525,7.22171181110379,0,33.2192102576697,27.1,249,269.8,1.1,2.5
2018-08-09 16:26:52.400,175,38.8041802110463,1.9081351911849,1.95310819923412,1.23273763942152,400.575101001238,410.016300500619,1.26179225755843,310.6,140.500527347689,23026.5954592376,0.9,325.4,43.7734516666667,-79.4646216666667,990.1,6.534596951018,7.22269092309077,0.1,33.2207706886001,27.1,220,244.2,0.9,1.3
2018-08-09 16:26:53.400,175,38.8069620000286,1.91149546722999,1.95643008250788,1.25143658913783,400.627612143209,410.045504471725,1.28086616916044,304,140.451455490871,22968.0326067248,0.9,325.7,43.7734516666667,-79.46462,990.2,6.5282834971321,7.22352690730782,0.5,33.2228971927365,27.2,198.6,303.9,0.3,0.7
2018-08-09 16:26:54.400,175,38.8118234254552,1.90441807752817,1.95011744247261,1.37620611878563,400.18725170845,409.790422559127,1.40923189594731,305.4,140.453752712815,23434.4072547556,0.9,327.9,43.7734516666667,-79.4646216666667,990.1,6.53574842589652,7.22963552611135,1.1,33.224638866911,27.2,292.6,334.3,0.2,0.8
2018-08-09 16:26:55.400,175.1,38.8133023007143,1.90471711439189,1.94980922218522,1.36223749883646,399.76632527051,409.230286587656,1.39448715853086,313.5,140.499728035492,23126.4199557959,0.9,331.6,43.7734516666667,-79.4646216666667,990.2,6.53830131222657,7.23075045555592,1.6,33.2260897079983,27.2,270.5,322.8,0.6,2.4
2018-08-09 16:26:56.400,175.1,38.8192715029191,1.90304284943049,1.94819484706804,1.43246479985815,399.555434824926,409.035406190956,1.46644938143214,323.5,140.463958004436,23176.4504203553,0.9,337.1,43.7734533333333,-79.4646216666667,990.2,6.53380693385135,7.22883134804106,2.5,33.2282166113114,27.2,302.5,336.9,1.3,3.4
2018-08-09 16:26:57.400,175.1,38.8155094291913,1.90279323761986,1.94806566367089,1.27337641038905,399.403888430961,408.90673269705,1.30367278712694,328.1,140.508660404917,23239.685496336,0.9,339.4,43.7734566666667,-79.464625,990.1,6.53623187707909,7.22642435186457,3.3,33.2301754384877,27.2,313.4,341,0.9,3.1
2018-08-09 16:26:58.400,175.1,38.8148685023706,1.9071402249534,1.9524148002477,1.34255611292076,399.046088928233,408.519183268243,1.37442801624476,327.8,140.490179611675,23188.8373620903,0.9,344.5,43.7734666666667,-79.4646316666667,990.1,6.53195206857737,7.22541089898536,3.5,33.2318559305918,27.2,279.5,309.8,0.6,2.5
2018-08-09 16:26:59.400,175.1,38.8220288484023,1.90680457823134,1.95212451314103,1.48197275877369,398.443060708787,407.913027270551,1.51719369605367,329.3,140.46059049701,23215.6722036784,0.9,344.4,43.7734733333333,-79.46464,990.2,6.53756926526608,7.228139665884,3.5,33.2337684086077,27.2,297.3,319.4,1,3.9
2018-08-09 16:27:00.400,175.3,38.818653787874,1.90473729348955,1.94994622374419,1.55737419905937,397.936322291146,407.381160044746,1.59432724952957,330.2,140.508631380908,23184.4521533993,0.9,342.6,43.773485,-79.46465,990.2,6.53696685833511,7.22335531690603,3.7,33.2356871672871,27.2,269.1,305,1.7,4.9
2018-08-09 16:27:01.400,175.7,38.8219604568835,1.90907452855251,1.95490873954375,1.34620768199984,398.231587270132,407.792800323327,1.37854121280952,329.2,140.470155355632,23445.7419501611,0.9,346.4,43.7734983333333,-79.46466,990.1,6.5341142822477,7.23073409124665,3.7,33.2375390701712,27.2,257.4,292,1.8,4.3
2018-08-09 16:27:02.400,176,38.8298977852859,1.90917745374773,1.95552156728385,1.60763001370267,401.806433467846,411.560143412177,1.64665620275937,333.3,140.44658577,23699.2484248457,0.9,350.5,43.7735083333333,-79.464665,990.2,6.53754427404425,7.22455511667643,3.5,33.2394362618337,27.2,257.4,287.7,1.9,3.9
2018-08-09 16:27:03.400,176.4,38.8312279666211,1.90859487427628,1.95500374488799,1.67805674873543,402.581759146662,412.370806466884,1.71886434956959,333.6,140.503277450109,23738.5215169395,0.9,353.4,43.7735183333333,-79.4646716666667,990.2,6.54376521630493,7.22980790582654,3.3,33.2407721071767,27.2,234.3,297.3,1.2,2.7
2018-08-09 16:27:04.400,176.9,38.8390211417968,1.91064924001022,1.9569722711456,1.42977915471137,402.688610996392,412.45172785807,1.46444294707572,338.5,140.45384630641,23670.9039196958,0.9,352.8,43.7735283333333,-79.4646783333333,990.2,6.53998307862926,7.22355088185367,3.3,33.243048612296,27.2,274.1,331.4,0.3,2.3
2018-08-09 16:27:05.400,176.9,38.8456420285249,1.91082173888504,1.95735482564459,1.3548360363801,402.337058826665,412.134969541808,1.3878246101822,339,140.494799802423,23773.437658484,0.9,348.9,43.7735383333333,-79.464685,990.2,6.53399640965651,7.22292077999974,3.1,33.2446984583433,27.2,168.5,21.5,0.4,0.9
2018-08-09 16:27:06.400,177.2,38.8537426503258,1.90837432127468,1.95544094986794,1.32276050471048,402.227745653422,412.148115942276,1.35537885323821,334.5,140.504409314682,24069.8017199098,0.9,349.4,43.7735483333333,-79.4646916666667,990.1,6.53488476926814,7.22688023271078,3.5,33.2467393584223,27.2,152.9,48.2,1.1,0.6
2018-08-09 16:27:07.400,177.5,38.8628802818492,1.91091656634969,1.95779664631925,1.48265562080946,401.554045005717,411.40526077037,1.51902813114797,339.2,140.46240429293,23945.2615976473,0.9,345.4,43.77356,-79.4646983333333,990.1,6.53519692362687,7.226197557853,3.3,33.2489481219101,27.2,215.4,330.8,0.3,1.9
2018-08-09 16:27:08.400,177.8,38.8642865537105,1.91240360968876,1.95951392043087,1.41306313119279,401.007521315951,410.885963187133,1.44787316630484,334.6,140.501413938773,24041.7548085288,0.9,342.6,43.77357,-79.4647033333333,990.2,6.53398451596493,7.22648256510372,3.5,33.2504061846678,27.2,298.3,337.1,0.2,1.7
2018-08-09 16:27:09.400,177.5,38.8642251755825,1.91199795601061,1.95898515224404,1.33873791193872,399.815085380312,409.64065538802,1.37163240777881,334.4,140.477691364149,23985.7594277041,0.9,349,43.7735816666667,-79.46471,990.2,6.53060041187264,7.22737560423302,3.3,33.2525592328518,27.2,223,345.7,0.2,1.3
2018-08-09 16:27:10.400,177.2,38.8655670437761,1.90666258877761,1.95343699876641,1.56351542732393,399.74218015712,409.548586385106,1.60188666657469,334.3,140.448855814897,23944.4889623269,0.9,342.6,43.7735866666667,-79.4647166666667,990.1,6.53854744452921,7.22443818544369,3.3,33.2541747773864,27.2,221.9,316.6,0.4,1.5
2018-08-09 16:27:11.400,177.4,38.8705626370174,1.90649403705836,1.95378858620996,1.74779835189609,399.020475122208,408.918940443078,1.79115786681798,337,140.505848702957,24206.5526214445,0.9,343.5,43.773595,-79.464725,990,6.53555392617309,7.22767056212009,3.1,33.2563533196796,27.2,185.1,350.8,0.3,1.4
2018-08-09 16:27:12.400,177.7,38.8776939688527,1.90647520861004,1.95366586376021,1.71265682998956,398.535442989899,408.400462985446,1.7550515257176,340.5,140.471029713021,24155.2336642893,0.9,347.4,43.7736066666667,-79.4647283333333,990.1,6.54013405635126,7.23232322240231,3.3,33.2578710364847,27.2,281.4,320,0.1,2.5
2018-08-09 16:27:13.400,178,38.8858326369715,1.90470821602808,1.95179571235421,1.83955286631373,399.192567414362,409.061216957981,1.88502725105461,341.8,140.456431792665,24125.2163981269,0.9,348.3,43.7736133333333,-79.4647316666667,990.2,6.54051750735919,7.23429953708098,3.7,33.2596827249389,27.2,242.1,330.2,0.7,3.2
2018-08-09 16:27:14.400,178.8,38.8853125502118,1.90648873626577,1.95342051393138,1.87592211753378,399.824103957863,409.666489745981,1.92209750448372,346,140.506488020581,24025.4360893754,0.9,347.1,43.7736233333333,-79.4647333333333,990.1,6.53785172819232,7.2335898281484,4,33.2616552623805,27.2,297.6,343.3,0.7,3.1
2018-08-09 16:27:15.400,179,38.8842431676827,1.90489123394774,1.95229448239499,1.70430036546773,399.450888633959,409.391143706994,1.74671253542156,339.1,140.462924844725,24280.778675058,0.9,344.7,43.7736316666667,-79.464735,990.1,6.53801893584833,7.23060331878124,4.4,33.2634336024528,27.2,301.2,337.1,0.6,3
2018-08-09 16:27:16.400,179,38.8854606432383,1.90566555174053,1.95301973347526,1.3870112010364,398.528034139961,408.430992664859,1.42147211137455,333.7,140.472654792767,24246.5602656844,0.9,340.7,43.7736416666667,-79.4647416666667,990.1,6.53675134300329,7.23308636364089,4.2,33.2653066533857,27.2,281.7,337.1,0.6,2.6
2018-08-09 16:27:17.400,178.7,38.8879228100506,1.90697981045224,1.95416111879395,1.6878271254572,398.923861547724,408.793855698476,1.72958205631221,333,140.4931761005,24144.2311939677,0.9,338.5,43.7736516666667,-79.464755,990,6.53717894673357,7.23181720582923,4.2,33.266843676382,27.2,249.2,329.3,0.5,2.5
2018-08-09 16:27:18.400,178.2,38.8944898587559,1.907144480775,1.95428361702514,2.00355275332474,398.936138202266,408.796795272765,2.05307149459334,330.7,140.465782520505,24121.0455408362,0.9,338.9,43.7736633333333,-79.4647616666667,990,6.53518961819066,7.23313678278442,4.4,33.2692011311377,27.2,237.3,324,0.4,1.9
2018-08-09 16:27:19.400,178.1,38.8995055168656,1.90896552239165,1.95628808550646,1.56004471243349,399.600171443644,409.50613366599,1.59870824929325,329.3,140.49237380799,24190.0572634875,0.9,339.7,43.7736766666667,-79.4647733333333,990.1,6.53427749572573,7.23285589163703,4.8,33.2704952764962,27.2,136.2,352,0.3,2.1
2018-08-09 16:27:20.400,178.4,38.9047181468308,1.90848509596493,1.9559408623893,1.47133153262619,399.553689912288,409.488902771207,1.50789731817848,323.8,140.4754077942,24262.3407758809,0.9,338.7,43.7736833333333,-79.4647816666667,990,6.53766685363824,7.23277901807471,4.6,33.2723970944628,27.2,106.9,348.1,0.3,1.8
2018-08-09 16:27:21.400,178.3,38.9062156168492,1.90521785598817,1.95233001464809,1.78102623614959,399.400327567367,409.276711679441,1.82506659880629,320.6,140.475637894992,24131.2665089464,0.9,344.5,43.7736916666667,-79.46479,990.1,6.53932307398007,7.23687146874626,4.4,33.2742422978843,27.2,185.5,333,0.5,1.8
2018-08-09 16:27:22.400,178.3,38.9052386199001,1.90993168645,1.95730009029657,1.53942046979951,399.327671101133,409.231507146006,1.57761222261332,321.7,140.516541587951,24201.1959390753,0.9,347,43.7737,-79.4648,990,6.53382687945048,7.23631834678641,4.4,33.2766078301077,27.2,123.3,333.9,0.4,2
2018-08-09 16:27:23.400,178.6,38.9087787622961,1.90866042778836,1.9557013613273,0.934725718470442,399.784228595888,409.637234532375,0.957758437459249,321.8,140.479352160719,24053.0817530753,0.9,341.7,43.7737116666667,-79.4648066666667,990.1,6.5408677692949,7.23233390711073,4.2,33.2781557084127,27.2,130.3,11.7,0.4,1.4
2018-08-09 16:27:24.400,178.9,38.9114240323569,1.90739785553827,1.9539019947844,1.12046158466367,399.896679797164,409.646429590223,1.14778883162149,326.9,140.498961231014,23800.5460947018,0.9,346.1,43.7737183333333,-79.4648183333333,989.9,6.53865535782977,7.23401219122031,3.7,33.280080801922,27.2,168.7,304.7,0.6,1.5
2018-08-09 16:27:25.400,179.5,38.9157429337343,1.90612385445869,1.95265936957771,1.55320043546027,399.687359818272,409.445415962372,1.59111417883116,326.7,140.497834369849,23832.297320015,0.9,343.7,43.773725,-79.4648283333333,989.9,6.53849397841313,7.23073978840543,3.8,33.2819772178142,27.2,119.4,342.8,0.7,0.7
2018-08-09 16:27:26.400,180,38.9189298796183,1.91191490705097,1.95825462603097,1.72028026806762,399.352616068435,409.031899521043,1.76197837024415,332.8,140.456667714227,23664.053715658,0.9,339.4,43.7737366666667,-79.4648366666667,990,6.54256509201538,7.2306558809036,3.7,33.2833722581271,27.2,128.3,13.3,0.7,1.5
2018-08-09 16:27:27.400,179.9,38.9216519684306,1.91117744569901,1.95719123470867,1.69921685016932,399.680187263464,409.302936304223,1.74012863770958,330.7,140.480193774401,23510.2593115164,0.9,338.2,43.773745,-79.4648416666667,989.9,6.53713573523406,7.22931985302837,3.5,33.2854546375045,27.2,117.7,16.6,0.8,0.8
2018-08-09 16:27:28.400,179.5,38.9246037867688,1.91205784146975,1.95799154494805,1.76558930228508,399.107210135133,408.695121261177,1.80799172338089,329.7,140.474197120448,23459.7831675719,0.9,339.4,43.77375,-79.4648433333333,990,6.53714660852397,7.23082024677526,2.9,33.2871890618224,27.2,132,90.8,0.9,0.3
2018-08-09 16:27:29.400,179.1,38.9235621383807,1.91221292796171,1.95756970476286,1.78686402298535,399.502652617048,408.9787310135,1.82924184666978,335.8,140.474147879547,23170.0416272646,0.9,341.4,43.7737516666667,-79.4648466666667,990,6.54258101408086,7.23000691909267,2.5,33.2889727960938,27.2,123.5,90.8,0.8,0.4
2018-08-09 16:27:30.400,178.8,38.9254215262454,1.91206810879535,1.95742180572443,1.66010587349505,399.365392158607,408.838229663843,1.69947857966858,325.4,140.49434843285,23169.9786329654,0.9,339.9,43.7737533333333,-79.46485,990,6.54128149304116,7.23485744480464,1.8,33.2907593540174,27.3,151.8,246.9,0.5,0.7
2018-08-09 16:27:31.400,179.1,38.9295516133811,1.91006834174223,1.95506959307585,1.82015358169665,399.04930820116,408.450998043547,1.86304814292228,330.8,140.482714913786,23017.8464426995,0.9,333.1,43.7737533333333,-79.4648533333333,989.9,6.5404467753032,7.23334301402349,0.9,33.2928810198922,27.3,157,179.2,1.1,1.5
2018-08-09 16:27:32.400,180,38.9325921544648,1.9096759255037,1.95477092294725,2.08452804459259,399.111239565083,408.535859740303,2.1337506597111,334,140.472751214198,23069.2106681319,0.9,333.1,43.7737533333333,-79.4648533333333,990,6.53785362516007,7.23149620686969,0.5,33.2947061000562,27.3,161.8,198.8,1.2,1.8
2018-08-09 16:27:33.400,180.7,38.9331436714132,1.90764851027844,1.95244414730134,2.044552136911,399.020441524276,408.390326935315,2.09256818748103,334.3,140.49406734953,22943.497892811,0.9,334.5,43.773755,-79.46485,989.9,6.53731171164365,7.23446996728565,0.3,33.2964553942797,27.3,167.9,145.9,0.7,0.7
2018-08-09 16:27:34.400,181.3,38.9327570598047,1.90802619880713,1.95258533570343,1.94086306789749,399.495956697808,408.825715901031,1.98618209299367,338.7,140.483504001584,22820.8290001126,0.9,335.2,43.7737583333333,-79.46485,990,6.53486111013205,7.23294440059643,0.3,33.2983926242807,27.3,134.7,179.2,0.5,1.4
2018-08-09 16:27:35.400,181.6,38.9330677391531,1.90841182787835,1.95274007725686,2.16353652612462,399.483371890839,408.762543432819,2.21379099152025,340.3,140.487735795025,22700.6590481947,0.9,335.8,43.77376,-79.46485,989.9,6.53270410167703,7.23238409822967,0.1,33.3002297570355,27.4,149.4,184,1.3,2.3
2018-08-09 16:27:36.400,181.6,38.9346984633524,1.91007685675634,1.95438925877815,2.25783237229256,399.305173397365,408.568760021491,2.31021848491394,343.1,140.499659754468,22673.1886996911,0.9,336.1,43.77376,-79.4648516666667,989.9,6.53432204718166,7.23096302529873,0.1,33.3018189960293,27.4,168.1,196.1,1.1,2.1
2018-08-09 16:27:37.400,181.3,38.9343794339531,1.90738234875083,1.95149805674212,1.97481881597087,399.330408770958,408.566521674627,2.02049731036204,325.3,140.470623148155,22606.106902956,0.9,336.2,43.7737616666667,-79.4648533333333,989.9,6.53992466785282,7.23112676765298,0.1,33.3039231860054,27.4,175.9,201.5,1.3,2.4
2018-08-09 16:27:38.400,181,38.9327899996488,1.90580448719348,1.94969992627016,1.9177144927226,399.657413293174,408.862581561394,1.96187831726049,318.9,140.463745609936,22513.9341848823,0.9,337,43.7737616666667,-79.4648516666667,990,6.53910485547399,7.23080332035683,0.5,33.3060094051718,27.4,178,202.7,0.9,1.2
2018-08-09 16:27:39.400,181.1,38.9276170178208,1.90809964640726,1.95178174947658,1.93925304003619,399.695283132484,408.845572901451,1.98365425833347,316,140.469221712863,22380.8182119949,0.9,331.9,43.7737616666667,-79.464855,989.8,6.53793688216092,7.23110623763599,1.6,33.3076865896051,27.4,109.3,90.8,0.3,0.6
2018-08-09 16:27:40.400,181.1,38.9235733259815,1.9119755867883,1.95563764638815,1.91978941411087,400.223626033023,409.363247526372,1.96363217426512,306.5,140.46631740005,22326.4160093874,0.9,320.2,43.77376,-79.4648583333333,989.9,6.53692862853311,7.22704683487435,2.7,33.3095850813367,27.4,92.2,302.2,0.3,1.2
2018-08-09 16:27:41.400,181.2,38.9131638816149,1.90898328589554,1.9525722258192,2.06001299479388,399.95867886876,409.091129060626,2.10705305021121,291.9,140.484169620741,22323.833319328,0.9,304.5,43.773765,-79.4648666666667,989.9,6.53607910439778,7.23129667445236,3.3,33.3111907456246,27.4,203.1,307.7,0.4,3
2018-08-09 16:27:42.400,181.1,38.903341626995,1.90986527224258,1.95345237901391,1.81833043960882,399.273898521736,408.38612312308,1.85982654291721,289.8,140.49297320314,22312.8836225664,0.9,304,43.77377,-79.4648833333333,989.9,6.53664465761101,7.23643186630138,4.2,33.3131710376687,27.4,219,309,1.6,3.6
2018-08-09 16:27:43.400,181,38.901852276823,1.9097433686559,1.95323479563578,1.61098971071192,398.829698920459,407.91245526384,1.64768823384288,277.9,140.488821789446,22266.4885660823,0.9,294.2,43.7737716666667,-79.4649033333333,989.9,6.53882167170452,7.23537869073322,4.4,33.314982394277,27.4,173.1,341.4,0.8,3
2018-08-09 16:27:44.400,180.8,38.9033913869034,1.90678091229661,1.94998034842402,1.57713771248848,399.237092027154,408.282210747572,1.61287003089266,275.6,140.484774006057,22153.9583454412,0.9,290.2,43.7737733333333,-79.46492,989.9,6.5357550601692,7.23036275743081,4.2,33.3165470701201,27.4,286.8,355.4,0.6,3.4
2018-08-09 16:27:45.400,180.7,38.9101299803762,1.9069441228183,1.95028552908359,1.64955461299495,399.57509082623,408.65673632696,1.68703496673432,278.1,140.476912947653,22223.1105150895,0.9,292.3,43.773775,-79.4649366666667,989.7,6.53464925958333,7.22929237343241,4,33.3187324665357,27.4,338.7,346.9,0.3,2.1
2018-08-09 16:27:46.400,180.8,38.9160022218787,1.90947307741018,1.95297505234062,1.43262004589731,399.408504665145,408.507823813003,1.46526123354187,282.3,140.455669868283,22274.4924416553,0.9,289.7,43.77378,-79.4649533333333,989.9,6.53853389077978,7.22830739891161,4.2,33.3204896114031,27.4,292.7,354.2,0.5,3.4
2018-08-09 16:27:47.400,180.8,38.916630131528,1.90881213221294,1.95220016527433,1.25262788569786,399.010452101961,408.080087186826,1.28109227786408,279.3,140.484290062013,22225.106798317,0.9,294,43.7737833333333,-79.4649683333333,989.9,6.53946718573741,7.23606784611715,4.2,33.3221643041778,27.4,295.9,344.4,0.8,3.9
2018-08-09 16:27:48.400,180.4,38.922753731043,1.90746881275714,1.95079666332322,1.15560254920568,400.173399723715,409.263144313643,1.18184026625424,284,140.474449704195,22210.1594888735,0.9,294.9,43.7737883333333,-79.464985,989.9,6.54115844463798,7.23974902564642,4.4,33.3243077233551,27.4,256.7,339.7,0.8,3.5
2018-08-09 16:27:49.400,180.3,38.9264042166491,1.90679665233142,1.95000958244656,1.35326714618709,401.187400383357,410.279380872371,1.38394346248315,287.3,140.465737863066,22160.3971381665,0.9,295.3,43.773795,-79.4650016666667,989.9,6.54179233596267,7.237726648381,4.2,33.3262634970222,27.4,261.8,347.3,0.5,3.2
2018-08-09 16:27:50.400,180.3,38.9254995427479,1.91151973838672,1.95502450653162,1.43645166047963,402.463070829558,411.622771014627,1.46914492706422,289.7,140.495497557708,22252.7936743559,0.9,298.1,43.773795,-79.4650166666667,989.9,6.5363072910075,7.23595101088733,4,33.3278921599647,27.4,277.8,345,0.5,3
2018-08-09 16:27:51.400,180.4,38.9309726231907,1.91050509168697,1.95404479751915,1.37765961457601,404.570431865048,413.790418946798,1.40905097253613,294.7,140.461580099933,22281.783536003,0.9,305.3,43.7738,-79.46503,989.9,6.53935909101021,7.23692027729566,3.8,33.3298991171174,27.4,2.6,14.4,0.5,2.7
2018-08-09 16:27:52.400,180.1,38.9340627064951,1.90504690654204,1.94898013691065,1.29045735207079,406.187284856724,415.554761748632,1.3202128449104,296.3,140.466311159572,22541.7060778254,0.9,311.2,43.7738066666667,-79.465045,989.9,6.54245172359793,7.23786904202809,4.2,33.3319247644905,27.4,51.9,8.7,0.7,2.5
2018-08-09 16:27:53.400,179.4,38.9339286021668,1.9056065155938,1.94992037581048,1.35788797779823,407.407297782605,416.881416684357,1.38946183301036,293.4,140.482979500921,22726.1486205352,0.9,303.5,43.7738133333333,-79.46506,989.9,6.53825692805291,7.23661475964198,4.2,33.3335558302582,27.4,344,2.9,0.5,3.4
2018-08-09 16:27:54.400,178.6,38.9304804822973,1.90711441930433,1.95145107699922,1.57316487551092,407.496372400978,416.969899050546,1.60974044006825,285.7,140.452984050122,22719.9755833836,0.9,284.6,43.7738116666667,-79.4650733333333,990,6.53898172082685,7.23743526350597,3.8,33.3355970364562,27.3,261.6,0.4,0.7,3.7
2018-08-09 16:27:55.400,178.4,38.9189134726315,1.90574608788645,1.95023896721083,1.57625087633215,411.211071913309,420.811670413743,1.61304079687855,276.8,140.478641948297,22813.6514744455,0.9,269.5,43.773815,-79.4650916666667,989.9,6.54090523531654,7.23861212157855,3.1,33.337429935014,27.3,244.9,355.8,0.9,3.5
2018-08-09 16:27:56.400,178.3,38.9109316451358,1.91107228228845,1.95609190482471,1.46362468622486,418.665507242952,428.528336604414,1.49811110713715,271,140.47555211811,23014.8077179087,0.9,265.7,43.77381,-79.4651066666667,989.9,6.53757932213027,7.23900996761382,3.1,33.3394554892698,27.3,246.7,352.6,0.9,3.4
2018-08-09 16:27:57.400,177.5,38.9141768237457,1.91030060244149,1.95546642439138,1.42704619442801,420.969504710008,430.922547835405,1.4607967977603,273.8,140.470952997432,23097.0154456195,0.9,270.1,43.77381,-79.465125,990,6.53719517357245,7.23625527080811,2.9,33.3415680554757,27.3,236.6,337.8,0.8,2.9
2018-08-09 16:27:58.400,177.7,38.9189570166779,1.9058509872361,1.95064882484486,1.34540385558227,420.459721003161,430.342721962949,1.3770263294436,270,140.501140705009,22965.4567068037,0.9,273.9,43.77381,-79.4651483333333,990,6.53792558454862,7.23713203896495,3.8,33.3434611146012,27.3,236.2,347.6,0.7,3.5
2018-08-09 16:27:59.400,177.5,38.9281812390034,1.90370997741424,1.9484213776813,1.45503055275118,421.953890129529,431.864248175214,1.48920587391096,265.2,140.467123404073,22947.6532937505,0.9,276.4,43.773805,-79.4651666666667,990,6.54152486503884,7.236079830464,3.8,33.3452241179201,27.3,255.9,344.8,0.7,3.6
2018-08-09 16:28:00.400,177.2,38.9313707134817,1.90535453259535,1.95012702231016,1.52320406556574,427.139816637023,437.176880775317,1.55899699037982,255.1,140.480262429214,22958.921267654,0.9,276.1,43.7737983333333,-79.465175,989.9,6.54175756896024,7.23866121547722,3.5,33.3471112574196,27.2,280.1,358.3,0.7,3.5
2018-08-09 16:28:01.400,177,38.924389814395,1.90821122081512,1.95294822472171,1.55470811297991,435.988051700861,446.20942875436,1.59115717744698,260.4,140.490903416987,22907.4534558828,0.9,274.8,43.7737933333333,-79.465185,989.9,6.54209566118464,7.23602353791532,3.3,33.3489263281528,27.2,283.8,350.3,1,3.5
2018-08-09 16:28:02.400,177,38.9234238968015,1.91222656997587,1.95679726602294,1.58673841813552,440.031788331302,450.28825166564,1.62372160500939,266.3,140.442559299939,22777.4149233522,0.9,279.1,43.7737916666667,-79.4652033333333,989.9,6.54020978792987,7.23274896074239,3.7,33.3508890630658,27.2,259.3,340.6,0.5,2.8
2018-08-09 16:28:03.400,176.4,38.9238165780374,1.91073232041374,1.95505419906573,1.5192623785721,438.544932797765,448.71755084621,1.55450291579771,273.1,140.464941081471,22670.4704247767,0.9,283.3,43.7737916666667,-79.4652266666667,989.8,6.53730684392519,7.23622262762658,3.8,33.3528931631211,27.2,261.2,340.6,0.3,2.2
2018-08-09 16:28:04.400,175.9,38.926157070081,1.90964758357284,1.95396333306917,1.40340643176042,436.935779702334,447.075358641755,1.43597401572951,278.9,140.490518365959,22679.7860947622,0.9,291.3,43.773795,-79.4652416666667,989.8,6.53707129712975,7.23361760508805,3.5,33.3548367603249,27.2,90.2,0.4,0.3,2.3
2018-08-09 16:28:05.400,175.9,38.9309312304427,1.90688642706459,1.95089783493881,1.45150841720415,434.577783378587,444.608038563152,1.48499788813922,277,140.468447633315,22559.1808492217,0.9,290.2,43.7737966666667,-79.4652583333333,989.9,6.53855505289438,7.23251009837452,3.8,33.3568661191036,27.2,319.3,355.7,0.9,3.5
2018-08-09 16:28:06.400,176.5,38.9309696640747,1.90395022756911,1.94783231873109,1.49155059921799,430.84473755628,440.774644108319,1.52592162756829,279.7,140.495577804549,22528.7714833004,0.9,288.4,43.7738,-79.4652816666667,989.9,6.54163520222682,7.23579752249845,4.2,33.3585847287993,27.2,289.9,354.8,0.9,3.5
2018-08-09 16:28:07.400,177,38.9288221605043,1.90644817629356,1.95057144185081,1.29754562021822,428.091873065594,437.999811590042,1.3275804975774,281.1,140.484954648717,22620.8400308573,0.9,292.6,43.7738,-79.4652933333333,989.9,6.53756492919468,7.23278698750476,4,33.3605204685637,27.2,277.3,342.3,0.3,2.8
2018-08-09 16:28:08.400,177.3,38.9263937692974,1.9090142943206,1.95298382784809,1.32520654956348,426.18708272603,436.00335864794,1.35571343875825,285.2,140.476813399371,22513.9987048923,0.9,294.5,43.7738083333333,-79.4653083333333,989.9,6.53616687969755,7.22859816463716,4.2,33.3623736428783,27.2,291.1,352.9,0.4,3
2018-08-09 16:28:09.400,176.9,38.9255461197501,1.90898212247321,1.95289485337893,1.35644074316947,426.129262522429,435.931649129171,1.38763340969335,293.3,140.493943016887,22485.9112589573,0.9,299.1,43.7738166666667,-79.4653233333333,989.9,6.53806731846803,7.23342396632133,3.8,33.3641308619766,27.2,305.4,0.4,0.3,2.7
2018-08-09 16:28:10.400,175.8,38.9289275519092,1.90867307908144,1.95261738801822,1.38358699469649,430.430229707446,440.34008398399,1.41543470793877,297.9,140.467528756088,22505.3152189264,0.9,304.4,43.773825,-79.4653383333333,989.7,6.53637707116208,7.23928801231395,3.7,33.3658948575395,27.2,321.6,4.4,0.6,3.1
2018-08-09 16:28:11.400,175.8,38.9325728005596,1.90988962952096,1.95367324333853,1.51338681112251,433.973706765321,443.92236107198,1.54808501774361,298.9,140.475455421601,22410.9384583528,0.9,301.9,43.773825,-79.465345,989.9,6.53738669878019,7.23976722667153,3.1,33.3678134491103,27.2,98.3,349.4,0.2,1.3
2018-08-09 16:28:12.400,176,38.9348882252496,1.90975574017162,1.95348965671864,1.36621587354582,434.191057452858,444.134114559494,1.39749946862191,293.9,140.49194414475,22387.5915143889,0.9,302.1,43.773825,-79.4653583333333,989.8,6.5408469780167,7.23919844009335,3.3,33.3698970541995,27.2,188.4,313.2,0.3,1.3
2018-08-09 16:28:13.400,176.4,38.9382078032736,1.90989647452305,1.95387983271713,1.47203811976809,432.755579944224,442.721498046419,1.50595433626379,295.3,140.481408409462,22510.761224309,0.9,300.1,43.7738266666667,-79.4653733333333,989.9,6.53898559357116,7.23473345391904,3.1,33.3717556541091,27.2,105.7,339,0.4,1.1
2018-08-09 16:28:14.400,176.3,38.938622479594,1.90638561095596,1.95050279183428,1.43683222273042,430.152551245691,440.107059656077,1.47007778183791,299.7,140.491067127889,22618.4259013125,0.9,299.2,43.7738333333333,-79.4653833333333,989.9,6.53848120870767,7.23559381267558,2.5,33.3735513882639,27.3,135,340.5,0.5,1.1
2018-08-09 16:28:15.400,176.7,38.9371170649067,1.90912004863475,1.95344460085296,1.45254218468757,429.601471947734,439.575589446755,1.4862770583321,307.3,140.496623612045,22690.2518218944,0.9,296.3,43.7738383333333,-79.4653916666667,989.9,6.53863947502936,7.24011353058266,1.4,33.3754693368155,27.3,152.1,302.8,0.5,0.7
2018-08-09 16:28:16.400,177.7,38.938585981035,1.91311220285716,1.95760243771755,1.5398192374095,433.126724289396,443.199184695476,1.57562915382239,310.1,140.46482876451,22726.8392480226,0.9,296.1,43.77384,-79.465395,989.9,6.53778063635661,7.23876601987327,0.7,33.3776269277423,27.3,179.4,269.8,0.6,1.1
2018-08-09 16:28:17.400,178.8,38.9405425658877,1.91260550431459,1.95747309488999,1.45672264475156,435.476983297727,445.692679942658,1.49090335850251,313.4,140.479259806362,22920.9775815544,0.9,298,43.77384,-79.4654,989.9,6.53935281250193,7.23619070983113,0.5,33.3795722385703,27.3,203.7,284.1,0.7,1.5
2018-08-09 16:28:18.400,180.3,38.9421463237154,1.91086433214577,1.95619848021817,1.43996252190766,433.836183765197,444.128633497141,1.47412156684175,318,140.494758386544,23174.6067014609,0.9,300,43.77384,-79.4654033333333,989.9,6.53901624074761,7.23537220857779,0.3,33.3815054480453,27.3,211.4,292.1,0.7,1.3
2018-08-09 16:28:19.400,181.3,38.9442356514482,1.91283045352337,1.95828944410159,1.37705244337668,431.025561444905,441.269019531482,1.4097785689824,330.2,140.465653846776,23213.479309924,0.9,301.3,43.7738366666667,-79.4654066666667,990,6.53894149602929,7.23871349123746,0.1,33.3834579277484,27.3,238.6,306.5,0.6,1.4
2018-08-09 16:28:20.400,181.7,38.9432147764937,1.91426018570223,1.96006183434998,1.27024333108751,428.194392297172,438.43949904866,1.30062189568111,333.6,140.481176600463,23367.5711452918,0.9,302.3,43.7738366666667,-79.4654083333333,990,6.53864777628611,7.23700228014995,0.1,33.385360667965,27.3,239.8,298.2,0.8,1.7
2018-08-09 16:28:21.400,182.3,38.9416471217654,1.9130906075251,1.95889847525011,1.27804512742878,425.157027165967,435.337382558873,1.30863693489054,332,140.489396126367,23384.5323260662,0.9,302.4,43.773835,-79.4654066666667,990,6.54059325518378,7.23338795275444,0.1,33.3873044372124,27.3,233.5,297.4,1,2
2018-08-09 16:28:22.400,182.6,38.94325349457,1.91117566298155,1.95690430371084,1.22738944315784,421.914407427651,432.009442864036,1.25674759352048,328.1,140.468155888526,23367.9560569568,0.9,302,43.7738333333333,-79.4654066666667,989.9,6.53996160865138,7.23617116649626,0,33.3893451209275,27.4,232.3,292.4,1.1,2.1
2018-08-09 16:28:23.400,182.5,38.9438616028727,1.90997370004092,1.95584086785289,1.33902071391137,419.014132368999,429.076613330392,1.37117854549617,306.5,140.482882303112,23451.5513936192,0.9,302,43.7738316666667,-79.4654066666667,989.9,6.54064924013756,7.23552794894275,0,33.3911149558477,27.4,228.5,285.5,1.1,2.2
2018-08-09 16:28:24.400,182.5,38.9423478865413,1.90866157763709,1.95455370564352,1.39974674649953,416.800659357335,426.822251710576,1.43340074076058,281.7,140.489903779515,23479.6504865138,0.9,302.7,43.7738316666667,-79.4654033333333,990,6.54252215501857,7.23686044049303,0.5,33.3929139648367,27.4,229.3,296.9,1.1,2.4
2018-08-09 16:28:25.400,182.3,38.9424924255084,1.90833890272687,1.95450520595068,1.3067538448208,414.510858795186,424.538387005977,1.33836665679589,279.2,140.476041387074,23620.1650181238,0.9,303.1,43.7738316666667,-79.4654016666667,990,6.53714690760423,7.24013702646543,1.1,33.3949874782982,27.4,243.2,307.2,1.2,2.7
2018-08-09 16:28:26.400,182,38.9400088874316,1.90755162342538,1.95349029425752,1.42637304468276,412.527421732362,422.462144898634,1.46070446573518,275.1,140.490073659329,23515.8722271891,0.9,298.1,43.7738316666667,-79.4654,989.9,6.53661598983307,7.23956854600464,1.6,33.3968230202654,27.4,246.9,322.2,1.1,3.3
2018-08-09 16:28:27.400,181.8,38.9375857597721,1.90689912631367,1.95268022338497,1.47660302803863,411.131773171176,421.002197348961,1.51205104773056,269,140.465421538445,23445.1813237949,0.9,276.1,43.77383,-79.4654,989.9,6.54032665360747,7.23923523323093,2.2,33.398647395784,27.4,247.1,341.9,1.2,3.6
2018-08-09 16:28:28.400,181.9,38.9297437554533,1.90733825311335,1.95329725652882,1.47047927885527,409.606639414847,419.476331580264,1.50591228920666,252.5,140.461472649882,23528.6809132414,0.9,241.9,43.7738283333333,-79.4654033333333,989.9,6.54109618722092,7.23995843823226,2.2,33.4004842567388,27.4,242.4,3.5,1.7,4.7
2018-08-09 16:28:29.400,182.1,38.9137677988626,1.91034194035502,1.95618182436818,1.44436862314296,407.713908303502,417.497382448918,1.47903137385988,221.2,140.49130221585,23433.3240329742,0.9,202.2,43.7738233333333,-79.4654083333333,989.8,6.54162089578293,7.24129924080101,2,33.4026860287339,27.3,206.9,16.4,1.7,4.2
2018-08-09 16:28:30.400,182.2,38.901926803268,1.91728673320899,1.96322770751878,1.51740152418421,406.583934161783,416.326222404634,1.55376414529998,181.5,140.460063247489,23400.6745903537,0.9,165.6,43.7738183333333,-79.4654066666667,989.9,6.53882624826634,7.23967670149785,1.8,33.4046367326979,27.3,192.9,35.8,1.5,3.8
2018-08-09 16:28:31.400,181.7,38.886140259035,1.92085146167602,1.96658825942387,1.40761767260808,406.056117178082,415.724661013848,1.44115868513217,147,140.48070902282,23257.0265685276,0.9,139.3,43.7738133333333,-79.4654016666667,989.8,6.53967227604933,7.2368107685335,1.6,33.4065406545205,27.3,199.2,51.7,1.4,3.7
2018-08-09 16:28:32.400,181,38.8737443081668,1.92136697305782,1.96692999429072,1.32781985552738,405.02962271492,414.63447428975,1.35930924541739,129.4,140.492088485476,23164.6714644866,0.9,120.8,43.7738083333333,-79.465395,990,6.5413687523255,7.23629923670529,1.8,33.4082904631469,27.3,185.3,57.2,1.5,3.7
2018-08-09 16:28:33.400,181,38.8704082687459,1.92594034300204,1.97183054278546,1.43893776731377,404.102606261201,413.731205711927,1.4732285587628,106.9,140.450494393762,23272.6670359126,0.9,110.6,43.7738066666667,-79.4653883333333,989.9,6.54096452789257,7.23805615747892,2.2,33.4103756911415,27.3,192.4,59.3,1.3,2.9
2018-08-09 16:28:34.400,180.7,38.864648149227,1.92877775439204,1.97455037867359,1.41735913562563,403.430587787829,413.004555260205,1.45100284130756,90.8,140.481501217753,23181.1249464841,1,101.7,43.773805,-79.4653833333333,989.9,6.53911984848958,7.23898501008844,2.4,33.412137443036,27.3,173.8,45.7,1.2,2.9
2018-08-09 16:28:35.400,179.9,38.8628693868972,1.93331223499126,1.97906014241179,1.29695462373058,402.988415988853,412.524268570214,1.32764241353739,91.9,140.475108497473,23115.7864295499,0.9,98,43.7738033333333,-79.465375,989.9,6.53998653870861,7.23516076992112,2.7,33.4139713206745,27.3,167.9,47,1.1,3
2018-08-09 16:28:36.400,179.3,38.8662837945971,1.93798209157792,1.9840612993099,1.3247897475981,402.441329014575,412.010107057196,1.35629301573624,92,140.445302714469,23224.5813594091,0.9,96.2,43.773805,-79.465365,989.9,6.54065503012693,7.23455275295496,3.1,33.4159037543264,27.3,174.7,45.2,1.5,3.4
2018-08-09 16:28:37.400,179.1,38.8679686044359,1.9446380821482,1.99042757074987,1.54641527450601,402.146201453823,411.61551081928,1.58279760685365,89.3,140.482724009007,23005.1832054634,0.9,103.1,43.7738066666667,-79.4653516666667,989.9,6.54220643411524,7.23765750940201,3.5,33.4176726350372,27.3,175.8,43,1.4,3.3
2018-08-09 16:28:38.400,179.1,38.8700183637678,1.94845997527571,1.99400955659012,1.4381963799225,402.172495154582,411.574071884604,1.47181649647031,86.5,140.465330426235,22843.027884198,0.9,108.4,43.77381,-79.46534,989.9,6.54051371115088,7.23833809566536,3.5,33.4197513889893,27.3,184.6,32.3,1.3,3.6
2018-08-09 16:28:39.400,178.8,38.8752925439126,1.94799866568237,1.99354619522565,1.37871682380674,401.953079048406,411.351428513437,1.41095367704731,91.4,140.485730110155,22847.5250423176,0.9,111.7,43.7738083333333,-79.4653316666667,989.9,6.5408172961499,7.23914278792634,3.1,33.4216299888207,27.3,173.5,28.7,1.5,3.7
2018-08-09 16:28:40.400,178.8,38.8848316513356,1.95195312327024,1.99737431121945,1.48011714731313,401.389085999515,410.729300412329,1.51455496393644,96.8,140.510177350622,22740.4717519035,0.9,111.9,43.7738066666667,-79.46532,989.8,6.54158418825091,7.24319123463314,3.3,33.4231467948134,27.3,165.5,23.7,1.4,3.8
2018-08-09 16:28:41.400,178.6,38.8969443320999,1.96073740362856,2.00605876042254,1.53353082996165,401.54032401664,410.821647573051,1.56897636342949,98,140.466351249581,22592.1293621299,0.9,114.6,43.7738083333333,-79.4653083333333,989.9,6.53966306032515,7.2416904079239,2.9,33.4252195030186,27.3,170.2,30.5,1.4,3.8
2018-08-09 16:28:42.400,179.4,38.9034119471374,1.96694890325098,2.01259987258014,1.4429464568985,400.962004876058,410.267694691567,1.47642693400909,100.8,140.49024334038,22682.2385272999,0.9,112.2,43.7738083333333,-79.465305,990,6.53498319503102,7.2441055454405,2.7,33.427080174552,27.3,188.8,46.6,1.4,3.3
2018-08-09 16:28:43.400,179.3,38.9121983713837,1.9645287870084,2.01007197820021,1.45427602344815,400.779536136027,410.070616885697,1.48798587554788,99.9,140.477419100446,22657.3315796338,0.9,108.3,43.773805,-79.4652983333333,989.8,6.53994265756255,7.24260986900127,2.4,33.429043427455,27.3,175.8,41.7,1.3,3.1
2018-08-09 16:28:44.400,179.2,38.9242550274783,1.96488279353043,2.01039509933913,1.32344176055652,400.296567081739,409.568627506087,1.35409321613913,101.9,140.436907749565,22638.7191596522,0.9,108.3,43.7738033333333,-79.46529,989.9,6.53936433843478,7.24305142267826,2.7,33.4310009732174,27.3,178.1,41.1,1.3,3.1
2018-08-09 16:28:45.400,179.9,38.9281529621663,1.96446738926322,2.00992860868668,1.46597418184523,400.18814886617,409.449138115126,1.49989393669949,101.3,140.485890480252,22618.235659883,0.9,105.3,43.7738016666667,-79.4652766666667,989.9,6.53818338092019,7.24346678034547,3.1,33.4330379977483,27.3,164.4,33,1,3.2
2018-08-09 16:28:46.400,180.1,38.9303852011288,1.9687604866271,2.01436612443928,1.51659139425333,399.778518148489,409.039190324856,1.55172104423742,101.9,140.473949806701,22640.0234040398,0.9,103.6,43.7737933333333,-79.46526,989.9,6.54081709988541,7.24393917521695,3.5,33.4347448939506,27.3,167.1,34.4,1.1,3.2
2018-08-09 16:28:47.400,179.8,38.9352318743216,1.96896617891643,2.01433689608595,1.59691182388483,399.45917796986,408.663838671743,1.63370173379287,99.6,140.4664434184,22523.7572381716,0.9,98.9,43.7737933333333,-79.4652466666667,989.9,6.54065367211,7.23914288997726,3.7,33.4368296296397,27.3,165,21.2,0.7,2.6
2018-08-09 16:28:48.400,179.7,38.9385840947006,1.96502906070368,2.01039847017374,1.59747973665999,399.293746594996,408.512804352069,1.63436030358049,93.1,140.495842980058,22567.4395380123,0.9,98.8,43.773795,-79.465235,989.8,6.53922610519432,7.24101298992553,3.1,33.4386851930742,27.3,181.3,16.1,0.4,2
2018-08-09 16:28:49.400,179.6,38.9443494459451,1.96279742947501,2.00806638562488,1.55800361910813,398.988456735526,408.190591308858,1.59393756259348,92.7,140.463694348535,22543.7289772763,0.9,95.3,43.7737916666667,-79.465225,989.9,6.5359879995219,7.24450840889816,3.1,33.4407469400049,27.3,106.3,6.6,0.3,2.4
2018-08-09 16:28:50.400,179.2,38.9488101251112,1.96092127301487,2.00584886796869,1.44044126594191,398.962511469809,408.103259823811,1.47345021855564,91.7,140.488099154208,22398.1015469204,0.9,92.7,43.7737916666667,-79.46521,989.9,6.5396198407715,7.24400259551402,3.1,33.4426024379661,27.3,125.3,11,0.3,2.3
2018-08-09 16:28:51.400,179.1,38.9554044685248,1.95878840179624,2.00330601902971,1.51310868153539,398.961842432436,408.02915647713,1.54749015695123,91.2,140.487105129604,22222.2116924545,0.9,93.1,43.7737883333333,-79.4652,989.8,6.53624705774038,7.24462917453066,2.5,33.4445118985741,27.3,149.9,19.4,0.4,2.2
2018-08-09 16:28:52.400,179.2,38.9647315048818,1.9578785550651,2.00228956063874,1.61044817728743,399.253119391774,408.309586237786,1.64697924013321,84.1,140.451424966437,22180.400532343,0.9,86.4,43.77379,-79.46519,989.8,6.53404032750202,7.23893941477844,2.9,33.4464319546379,27.3,111.8,8.2,0.4,1.9
2018-08-09 16:28:53.400,179,38.9662812984542,1.95669463117197,2.00109656173547,1.62352933107747,398.651998376393,407.698450442052,1.66037113283612,87.6,140.491473255647,22188.9369436501,0.9,84.4,43.7737833333333,-79.4651783333333,989.9,6.53699958894923,7.24223966858492,3.3,33.4480865177692,27.3,83.3,7.8,0.2,2.4
2018-08-09 16:28:54.400,179,38.9671277430851,1.9557344133693,2.00026376550904,1.50916611296739,398.446673868539,407.51884121521,1.54352476884976,81.2,140.480861544891,22261.9253015301,0.9,83.1,43.7737883333333,-79.4651666666667,989.7,6.5401322160708,7.24354406203616,3.5,33.4502904641716,27.3,101.7,13.5,0.3,2.4
2018-08-09 16:28:55.400,178.7,38.9727160382379,1.95352469255689,1.99763455063597,1.41908422561406,397.990202740381,406.976683030882,1.45113094875063,83.1,140.446098238403,22081.0208019862,0.9,84.4,43.7737883333333,-79.465155,989.8,6.54101054632359,7.24858855415173,3.7,33.45200535771,27.3,123.1,10.4,0.4,2.6
2018-08-09 16:28:56.400,179.1,38.9718198196035,1.94977598738593,1.99395111028076,1.5723424460845,397.667391092932,406.677221485445,1.60797954741698,77.1,140.490805778319,22154.8824050719,0.9,83.3,43.7737916666667,-79.4651466666667,989.7,6.54198471636968,7.25043484250571,3.5,33.4542084511313,27.3,145.8,9.3,0.3,2.4
2018-08-09 16:28:57.400,179.8,38.9702857737668,1.95378161397712,1.99799926153936,1.71920168456175,397.500816352714,406.497062649296,1.75810721217502,73.9,140.486587206974,22131.032970705,0.9,81.5,43.7737966666667,-79.46513,989.8,6.54289976283594,7.25092428505644,3.5,33.4558907083269,27.3,153.9,13,0.4,2.1
2018-08-09 16:28:58.400,180.2,38.9731993575595,1.95745760482325,2.00201569493558,1.78166703250536,398.381798915179,407.450279641965,1.82222551182516,77.7,140.474987781305,22256.4712896421,0.9,89.7,43.7738,-79.46511,989.8,6.54288260766567,7.24511605012471,3.5,33.4578391964753,27.3,192.9,13.2,0.4,1.6
2018-08-09 16:28:59.400,179.9,38.9796488308742,1.95228652346169,1.99660677295026,1.52117204755987,399.970538791739,409.050412276541,1.55571818267771,86.1,140.504426381139,22197.5746116204,0.9,100.7,43.7738,-79.4651,989.7,6.54119160671744,7.24523464883861,3.3,33.4599381824592,27.3,188.5,16.4,0.6,1.8
2018-08-09 16:29:00.400,179.5,38.9847302256497,1.954866201587,1.99915875849865,1.6226273035406,400.510817199014,409.585411332407,1.65939222834299,94.8,140.483713053546,22155.6375848444,0.9,112.8,43.7738016666667,-79.4650883333333,989.8,6.54008109159116,7.24247562826759,3.7,33.4617027026616,27.3,198.5,22.8,0.6,2
2018-08-09 16:29:01.400,179.4,38.9902994255117,1.95538566955144,1.99967406591314,1.78472348402176,400.673275062354,409.748267359357,1.82514626682789,103.5,140.462972409438,22147.9082219011,0.9,119.3,43.7737966666667,-79.465075,989.8,6.54102316659805,7.24235069879647,3.7,33.4639977870066,27.3,178,15.6,0.6,2.5
2018-08-09 16:29:02.400,179.3,38.9899189733425,1.95510752445211,1.99974095613784,1.68689192270793,400.38259050475,409.522907096619,1.72539368486089,113.2,140.493810044108,22319.5306650888,0.9,117.1,43.7737933333333,-79.465065,989.8,6.53577825127214,7.24526330999866,3.5,33.4658045048381,27.3,187.5,21.9,0.7,2.8
2018-08-09 16:29:03.400,178.5,38.9893706147125,1.95038153444374,1.99456081461413,1.69065559272604,400.068127244824,409.130109349569,1.72894711195493,109.9,140.469892507236,22149.3719090147,0.9,108.6,43.7737933333333,-79.4650466666667,989.7,6.53748161014693,7.24458868546774,3.5,33.4675995307739,27.3,175,17.6,0.4,2.8
2018-08-09 16:29:04.400,177.6,38.9899838633679,1.95212881603319,1.99649233738911,1.76220917186449,399.787642086943,408.872846815344,1.80225823604019,105,140.480928009704,22220.2751496786,0.9,104.3,43.773795,-79.4650266666667,989.7,6.54225852404849,7.24744510070241,3.8,33.46926568424,27.3,141.5,11.3,0.2,2.2
2018-08-09 16:29:05.400,176.9,38.9913964476327,1.94756915448739,1.99177706817036,1.63687292108609,400.331002349587,409.417922594552,1.67403104876728,103.5,140.490722612608,22194.7879472152,0.9,102.7,43.77379,-79.4650083333333,989.7,6.54373093963902,7.24263191003408,4.2,33.4712725515171,27.3,292.2,0.4,0.2,2.2
2018-08-09 16:29:06.400,176.8,38.9966025677849,1.94548981562482,1.98988381949824,1.57633267058011,399.454468214073,408.569527018673,1.61230283582652,102.7,140.485694362672,22309.8426452508,0.9,103.7,43.7737866666667,-79.4649883333333,989.7,6.54341414689233,7.24186933537928,4.8,33.47346294023,27.3,210.4,9.9,0.2,2.1
2018-08-09 16:29:07.400,176.7,38.9966587093545,1.94205150671351,1.98674670693206,1.67895725879935,398.472442060431,407.643191374567,1.71760365805191,100.8,140.49587764277,22497.029560586,0.9,101.4,43.7737833333333,-79.4649733333333,989.6,6.5453016131884,7.25237589040687,4.6,33.4751099662991,27.3,195,16.7,0.4,2.8
2018-08-09 16:29:08.400,176.8,38.9987515423204,1.94146453923215,1.98593438493985,1.57608663834329,398.243961515053,407.365869111411,1.61219424856769,99,140.498876921686,22392.5020789999,0.9,100.2,43.7737833333333,-79.464955,989.7,6.53867968133718,7.24850891224083,4.4,33.4771030793682,27.3,129,7.6,0.5,4.1
2018-08-09 16:29:09.400,177.6,39.005306834472,1.93950545681323,1.98414597348634,1.64372789106459,398.802722317469,407.981750498465,1.68156573988926,96.8,140.446619197715,22498.6339385909,0.9,97.4,43.7737783333333,-79.464935,989.7,6.53930087877612,7.24521609872805,4.6,33.4792090741695,27.3,136.8,12.2,0.9,4.5
2018-08-09 16:29:10.400,178.2,39.0060660171711,1.93325008482945,1.97791603575955,1.67457507605496,399.299618811256,408.525150359084,1.71326512512486,95.3,140.468921304571,22582.4196627882,0.9,98.8,43.7737766666667,-79.464915,989.7,6.54246776631391,7.24233272744942,4.6,33.4808734778207,27.4,119,357,0.6,3.3
2018-08-09 16:29:11.400,178.3,39.0058519446366,1.9310299532016,1.97572354013924,1.55179902624609,398.887514732703,408.119850147928,1.58771496898439,99.1,140.484900709334,22621.5333831717,0.9,96.8,43.7737733333333,-79.4648966666667,989.8,6.54298881193802,7.25047841304716,4.4,33.4828870190283,27.4,339.2,0.4,0.5,2.1
2018-08-09 16:29:12.400,178.4,39.0104870135088,1.92717490208016,1.97216858356704,1.62519767085325,399.198768766332,408.518997733571,1.66314769853811,94.8,140.443892456566,22814.63870304,0.9,89.7,43.7737716666667,-79.46488,989.7,6.54056870275102,7.24618318628709,4.2,33.4851258761052,27.4,44.6,347.6,0.5,3.1
2018-08-09 16:29:13.400,178.8,39.0083967155253,1.92369840742288,1.96850792430735,1.48232215851424,398.777887604805,408.066746170409,1.51685537777192,89,140.492956106639,22762.9548334546,1,83.8,43.7737716666667,-79.46486,989.8,6.54634498801886,7.25217586921072,4.2,33.4868111730267,27.4,114.1,8.8,0.3,3.1
2018-08-09 16:29:14.400,178.7,39.008312580842,1.92192022214597,1.96675037917568,1.50604629749819,398.597946783868,407.895607451663,1.54117763475336,85.1,140.486034279481,22794.0287687864,0.9,82.7,43.77377,-79.4648433333333,989.8,6.54480281512019,7.25032816266101,4,33.4890557469211,27.4,44.7,351.3,0.4,3.1
2018-08-09 16:29:15.400,179,39.0145835233564,1.91717170744628,1.96200748786399,1.47499172950837,399.390426473964,408.730879087105,1.50948656464931,77.7,140.448927991572,22852.2705555049,0.9,81.1,43.773775,-79.4648266666667,989.7,6.54649057679992,7.25017408523463,3.8,33.4910562490897,27.4,59.1,354.5,0.4,2.8
2018-08-09 16:29:16.400,179.3,39.0136759573619,1.91987219896275,1.96470319896275,1.57349499301422,400.001964138639,409.342593778834,1.61023690579818,76.8,140.494417169929,22818.5634026676,0.9,78.4,43.7737766666667,-79.4648183333333,989.8,6.53877468715116,7.24871266024684,3.1,33.4929392003491,27.4,87.2,8,0.2,1.7
2018-08-09 16:29:17.400,179.4,39.0185873655321,1.91786469186429,1.96235174552867,1.44923192456347,402.153195807997,411.481566022371,1.48285428852697,74.5,140.451540300255,22670.3289712084,0.9,77.8,43.7737783333333,-79.4648133333333,989.7,6.53691126601665,7.24702165206954,2.2,33.4949773745076,27.4,255.7,47.5,0.4,1.1
2018-08-09 16:29:18.400,179.4,39.0203928996836,1.91510767634472,1.9597104700478,1.31733341285592,405.165014600742,414.601337661724,1.3480111375287,70.6,140.455484388609,22759.8752928822,0.9,77.5,43.77378,-79.4648083333333,989.8,6.54336190779815,7.24366570782932,1.6,33.4969413756436,27.4,188.4,47.5,0.4,0.7
2018-08-09 16:29:19.400,179.3,39.0209770083637,1.91257073014504,1.95687843803205,1.49112651110821,408.138626183067,417.593778847754,1.5256639785847,75.7,140.491980929002,22642.1572883526,0.9,74,43.7737816666667,-79.4647983333333,989.8,6.54332261705996,7.24410926854187,1.6,33.4987865701247,27.4,144.1,0.4,0.2,0.9
2018-08-09 16:29:20.400,179.2,39.0300789717083,1.91854626579972,1.96263182798737,0.935718382451236,410.199605868122,419.625436291161,0.957240488535264,80.5,140.449360229103,22462.6113449367,0.9,74.6,43.77378,-79.46479,989.7,6.54375636480363,7.24676536265108,1.2,33.5009588796419,27.4,166.9,15.9,0.4,1.1
2018-08-09 16:29:21.400,179.2,39.0298488075481,1.91739472061093,1.96153663898171,0.675351396791417,410.701476744628,420.15657942929,0.690897026688263,84.4,140.50062519137,22503.6975481987,0.9,76.2,43.7737766666667,-79.4647966666667,989.8,6.53303438298839,7.23393142824455,0.7,33.5028190401164,27.4,303.8,260,0.7,2.3
2018-08-09 16:29:22.400,179.3,39.0299551588866,1.91509137492917,1.95939364900322,1.43061187677516,408.931069993837,418.390927793531,1.46372109149817,102.3,140.500374157356,22610.0958768147,0.9,75.1,43.77377,-79.4647983333333,989.8,6.54243930291207,7.2410976389633,0.7,33.5045176625024,27.4,348.2,293.7,1.2,2.2
2018-08-09 16:29:23.400,179.9,39.0319320195905,1.91104828449837,1.95445733967388,1.01631216192802,407.252014349041,416.502717830053,1.03944506627615,114.8,140.443768531681,22210.0730637783,0.9,74.8,43.7737683333333,-79.4648033333333,989.9,6.54229401836766,7.25513573868806,0.5,33.50684493153,27.4,7.2,282.6,1.2,1.7
2018-08-09 16:29:24.400,180.3,39.0301848941462,1.91609825370063,1.95900101514509,1.32084803788674,406.713952752081,415.820728931373,1.35040457383009,114.2,140.50236326777,21900.6892218385,0.9,75.2,43.77377,-79.464805,989.9,6.53735343925125,7.25501491925196,0.3,33.5083009733503,27.4,325.7,61.5,0.4,0.7
2018-08-09 16:29:25.400,180.4,39.0305121971377,1.91184649787853,1.95466650377569,1.22208202274526,406.195066822588,415.292779897597,1.24945147277623,98.8,140.483808845739,21906.5774761302,0.9,75.3,43.77377,-79.4648066666667,989.8,6.53286790445456,7.23863003382114,0.5,33.5103558786911,27.4,0.2,234.9,0.1,0.5
2018-08-09 16:29:26.400,180.4,39.0381752862398,1.91039849554315,1.9530060767188,1.0033893260295,404.941617110169,413.97306848695,1.02577127997807,102.7,140.443974649819,21816.473970679,0.9,75.9,43.7737716666667,-79.4648066666667,989.8,6.53863469190587,7.24347760248042,0.3,33.5122902246928,27.4,256.2,137.8,1.7,1.1
2018-08-09 16:29:27.400,180.9,39.040036338333,1.91768553910467,1.96061556746307,1.40152130336041,404.42913222845,413.482726612523,1.43290269019438,101.8,140.501160596684,21896.0803327769,0.9,76.3,43.7737766666667,-79.4648083333333,989.8,6.53124312226714,7.23584884032295,0.1,33.5144636629788,27.4,161.6,25.4,0.4,1.4
2018-08-09 16:29:28.400,181.4,39.0456846262883,1.91089101707671,1.95386602853506,1.58172419150587,404.023340677973,413.1097074878,1.61729863108233,110.6,140.465223906361,21994.9845740091,0.9,76,43.7737816666667,-79.4648083333333,989.7,6.53959303773675,7.23503257721234,0.1,33.5160590872363,27.4,67.3,0.4,0.2,0.2
2018-08-09 16:29:29.400,181.6,39.0490782965418,1.91322708856781,1.95613900442779,1.54430559973744,403.553312527924,412.604800637346,1.57894385581664,108.6,140.474352198682,21937.3685048803,0.9,75.8,43.773785,-79.4648116666667,989.8,6.53609371585278,7.24256971086849,0.1,33.5180950357106,27.4,212.3,125.8,0.4,0.8
2018-08-09 16:29:30.400,181.8,39.0503326098876,1.90954015706748,1.95224828379526,1.26385703990157,402.252402930236,411.249103983033,1.29212651843038,68.1,140.506923329803,21876.4357427161,0.9,73.3,43.7737883333333,-79.4648116666667,989.8,6.54237685230889,7.25008592605102,0.3,33.520352426281,27.4,175.7,0.4,0.2,0
2018-08-09 16:29:31.400,181.8,39.0498916509868,1.90816741725748,1.95099169046854,0.770893962898225,402.283851449827,411.312186621037,0.788189363965062,64.5,140.458837014163,21950.0228994852,0.9,72.6,43.7737883333333,-79.46481,989.7,6.54272571514464,7.25107895558301,0.5,33.5217679541955,27.4,78.9,64.3,0.1,0.7
2018-08-09 16:29:32.400,181.5,39.0502544941379,1.91335270315929,1.95597012216067,1.52335432017005,401.725056368416,410.67299120214,1.55726643982262,66.5,140.508550844965,21788.3328457385,0.9,72.9,43.7737883333333,-79.4648066666667,989.8,6.53937019100415,7.24931535737794,0.9,33.5241346909241,27.4,191.5,24.4,0.3,0.6
2018-08-09 16:29:33.400,181.2,39.0538957912055,1.90843689347989,1.95105881513612,1.50986795475411,404.319132906499,413.348958431187,1.54358729535026,69.6,140.486070509394,21845.4795313267,0.9,74.1,43.77379,-79.4648066666667,989.7,6.54007877721382,7.2456301079,1.1,33.5254243429217,27.4,105,26.9,0.4,1
2018-08-09 16:29:34.400,181.1,39.0564722179105,1.90588097288158,1.94855828766947,1.283910004732,412.198447667227,421.428727644692,1.31265901324734,70.2,140.452407391217,21902.1841835406,0.9,73.8,43.77379,-79.464805,989.7,6.54091328858738,7.24296526777597,1.2,33.5275937441383,27.4,114.4,20.4,0.4,1
2018-08-09 16:29:35.400,181,39.057175134061,1.91640203260867,1.95933568580194,1.3162384846564,416.246754763693,425.57220892701,1.34572725008387,71,140.503857881987,21912.7503395323,0.9,73.8,43.7737916666667,-79.4648,989.8,6.5474787012952,7.24783530840883,1.8,33.5292077654275,27.4,157.6,21.5,0.2,0.9
2018-08-09 16:29:36.400,181.1,39.0625775841668,1.91191975222647,1.95474987139819,1.33563196419678,419.105401612109,428.494132329268,1.36555249020983,76,140.473892577202,21911.0102220188,0.9,73.6,43.7737916666667,-79.4647983333333,989.7,6.54498893920898,7.24919716687796,2.2,33.5315146804714,27.4,106.3,12.7,0.3,1.7
2018-08-09 16:29:37.400,181.2,39.0706119044733,1.90903639495093,1.95215589069675,1.12355729173174,420.662908221637,430.164383363249,1.14893066097112,84.1,140.443353796126,22088.0169351267,0.9,72.6,43.7737916666667,-79.4647916666667,989.8,6.54416256180797,7.25717146982447,2.5,33.5330868264994,27.4,66.8,6.4,0.4,2
2018-08-09 16:29:38.400,181.3,39.0689800328951,1.90770357980352,1.95065684643434,1.87409000615116,421.275624419078,430.760882414092,1.91627816593886,79.1,140.509785679163,22019.7199175921,0.9,73.8,43.7737916666667,-79.46478,989.7,6.54496374682046,7.24799532152608,2.7,33.535163133682,27.4,73.8,351.4,0.5,2
2018-08-09 16:29:39.400,181.3,39.0704841497354,1.90880471566351,1.95151778015789,1.49637092198973,421.981678070962,431.424443023046,1.52986130657204,81.3,140.484269204939,21887.3328176864,0.9,76.6,43.7737916666667,-79.4647666666667,989.8,6.54820966160376,7.2417309716249,3.1,33.5366275221191,27.4,19.2,353.7,0.3,2.1
2018-08-09 16:29:40.400,181.1,39.0779758824904,1.91010817457374,1.95304109287486,1.56862431255301,423.60730214014,433.128677697088,1.60388349859878,90,140.468241582168,21982.7023955725,0.9,76.4,43.7737883333333,-79.4647483333333,989.8,6.54644831924617,7.24145533515899,3.7,33.5391616828262,27.4,357.6,0.4,0.3,2.2
2018-08-09 16:29:41.400,180.6,39.0780325953134,1.90577174268657,1.94859053678715,1.52181480655184,426.813432736895,436.402981174541,1.55600687872239,89.5,140.508421924891,21974.0793756668,0.9,80.7,43.7737916666667,-79.4647316666667,989.7,6.54135090638044,7.24397035921503,3.3,33.5404567628535,27.4,294.7,346.3,0.5,1.1
2018-08-09 16:29:42.400,180.3,39.0783549400395,1.9144005585496,1.95746720452695,1.43458289993711,431.820010534496,441.534322672087,1.46685550099701,85.8,140.491846972877,22001.2472745307,0.9,77.1,43.77379,-79.4647133333333,989.7,6.54331999215221,7.24500055723582,3.3,33.5430433512627,27.4,325.4,0.4,0.4,1.6
2018-08-09 16:29:43.400,180.2,39.0836830417973,1.91063237129093,1.9536130772594,1.48181491402305,437.883460545131,447.733863589589,1.5151492617768,82.1,140.461540780446,22000.4954223979,0.9,77.4,43.7737983333333,-79.4646933333333,989.7,6.54490398200608,7.24571718852355,3.3,33.5448147465613,27.4,299,18.2,0.4,1
2018-08-09 16:29:44.400,180,39.0896858690543,1.91286204804177,1.9558199944101,1.74506318560227,437.126114796335,446.942905320252,1.78425167931758,80.5,140.469499687437,21964.1802738662,0.9,80.8,43.7738033333333,-79.4646766666667,989.8,6.53968268305584,7.24836355277155,3.1,33.5469456156974,27.4,243.5,16.7,0.5,1
2018-08-09 16:29:45.400,180.2,39.096645385723,1.91318853058321,1.95627704769316,1.69478923207329,434.1091919368,443.886109964662,1.73295857081032,72.9,140.467055025632,22025.8121748622,0.9,80.4,43.77381,-79.4646583333333,989.7,6.54752375892129,7.25065942816488,3.3,33.5482617479445,27.4,252.2,343.3,0.4,0.6
2018-08-09 16:29:46.400,180.6,39.1018167997123,1.91476535062252,1.95776097716613,1.39191134041026,429.62216745311,439.269394439423,1.4231676967159,76.3,140.479274807776,21961.8929169408,0.9,80.3,43.773815,-79.4646433333333,989.8,6.53665942504024,7.24645062950168,3.3,33.5507012130115,27.4,269.7,345.4,0.4,1.1
2018-08-09 16:29:47.400,181.2,39.1029305357928,1.91100685159576,1.95369392407008,1.49561108629048,426.054924308796,435.572091336316,1.5290189019539,75.7,140.482290641354,21849.6309208806,0.9,81.4,43.7738216666667,-79.4646316666667,989.6,6.54173891581134,7.24320087190898,3.3,33.5523839244198,27.4,217,32.3,0.6,1.1
2018-08-09 16:29:48.400,181.3,39.105133860165,1.91199411404593,1.95493588163478,1.78296957263851,422.10378211737,431.583806416322,1.82301535825367,72.3,140.488596075362,21965.7598040669,0.9,81.6,43.773825,-79.4646133333333,989.7,6.54610320461895,7.25010127403523,3.3,33.554337887456,27.4,254.1,24.7,0.7,0.7
2018-08-09 16:29:49.400,181.3,39.1013755759704,1.91231737648725,1.95523460392154,1.65380155556094,418.689414159739,428.085783042518,1.69091714638318,69.9,140.487253503546,21949.7925413459,0.9,81.9,43.7738283333333,-79.4646033333333,989.7,6.54519113063008,7.25063295724654,2.7,33.5563476841049,27.4,262.1,0.4,0.5,0.6
2018-08-09 16:29:50.400,182,39.1039751741707,1.91471195668651,1.95720393483128,1.74272475986509,420.35367163732,429.682482000598,1.78139940296866,71.7,140.492440719559,21710.8273602653,0.9,82.2,43.7738283333333,-79.464595,989.7,6.54082425992804,7.25166713389167,2.2,33.5580489159348,27.4,227.3,48.2,0.6,0.4
2018-08-09 16:29:51.400,181.7,39.1096215315083,1.91227086709229,1.95523296489101,1.42747207288387,425.087837574397,434.6383545544,1.45953968156645,84.8,140.439812544754,21973.2798595116,0.9,80.6,43.7738266666667,-79.4645866666667,989.7,6.54492139310076,7.24325406989117,1.6,33.5605225277373,27.4,223.3,57,0.7,0.7
2018-08-09 16:29:52.400,181.2,39.1072999175341,1.90766029159714,1.94998767958533,1.60474518906796,431.749735253979,441.329287940001,1.6403502499046,96.6,140.484459796908,21706.3339726664,0.9,84.2,43.7738283333333,-79.4645816666667,989.8,6.5453917195703,7.24339635231618,0.7,33.5619583125209,27.5,249.2,157.4,0.8,1.2
2018-08-09 16:29:53.400,181,39.110670094977,1.91351013369156,1.95636286736266,1.63642358010895,433.380492523785,443.085946020665,1.6730709199688,115.4,140.491012661893,21904.1815705524,0.9,84.7,43.7738283333333,-79.4645833333333,989.8,6.55285852031611,7.25305395629565,0.5,33.5641113093606,27.5,257,169.5,0.9,1.4
2018-08-09 16:29:54.400,181.1,39.1178472250632,1.91805649734049,1.96103280100439,1.39732712271737,434.016535596474,443.741390570149,1.42863680339707,144.5,140.433717278037,21915.5624083304,0.9,82.9,43.77383,-79.4645833333333,989.8,6.53928739803803,7.24963748171109,0.1,33.5659615706636,27.5,245.9,153.9,0.7,1.3
2018-08-09 16:29:55.400,181.5,39.11602,1.914576,1.957308,1.334179,434.9783,444.6866,1.363957,108.2,140.5122,21831.85,0.9,81.7,43.77383,-79.4645816666667,989.8,6.545676,7.244313,0.1,33.56833,27.5,247,158.6,0.6,1.2
2018-08-09 16:29:56.400,181.7,39.11863,1.913535,1.956386,1.374498,435.8758,445.6365,1.405277,125,140.484,21902.85,0.9,81,43.7738266666667,-79.46458,989.7,6.543249,7.251442,0.1,33.56924,27.5,233.2,147.1,0.7,1.3
2018-08-09 16:29:57.400,181.7,39.1211507366479,1.91337351530849,1.95628457973643,1.5571539253628,435.634459159215,445.404316522819,1.59207638622785,125.1,140.443431894572,21934.9106192409,0.9,78.3,43.7738266666667,-79.4645816666667,989.8,6.53697965225101,7.24891043206178,0.1,33.5717410433929,27.5,223.4,139.1,0.6,1.1
2018-08-09 16:29:58.400,181.7,39.1143601442453,1.9089630858897,1.95158083129739,1.16813651813642,434.371506853287,444.068878127826,1.19421518178312,113.9,140.506669976727,21837.4694748254,0.9,77.2,43.7738283333333,-79.4645833333333,989.8,6.54280940939637,7.24682597978986,0,33.5732266697348,27.5,210.2,131.7,0.5,1.1
2018-08-09 16:29:59.400,181.7,39.11068,1.912567,1.955075,1.502652,430.5857,440.1559,1.536049,125.6,140.4813,21742.72,0.9,77.1,43.7738283333333,-79.4645833333333,989.8,6.538462,7.242179,0,33.57588,27.5,209,135.9,0.7,1.3
2018-08-09 16:30:00.400,181.8,39.11124,1.912091,1.954629,1.634192,426.7362,436.2296,1.670547,111.6,140.4416,21762.38,0.9,76.8,43.7738266666667,-79.4645816666667,989.7,6.548155,7.248398,0,33.57729,27.5,215.4,132.2,0.6,1.1
2018-08-09 16:30:01.400,181.9,39.1060288896474,1.90945526473432,1.9517730027306,1.49599833697969,423.228379612799,432.607979309277,1.52915234437874,67.5,140.504970900933,21681.6117610357,0.9,75.7,43.7738266666667,-79.4645816666667,989.7,6.55062093288374,7.24378146436364,0.5,33.5793067531724,27.5,206.7,118.3,0.6,1
2018-08-09 16:30:02.400,181.9,39.1074604842042,1.91456562884241,1.95709547941048,1.39169526576617,420.600699485012,429.943747330062,1.42261077353215,70.8,140.427645246648,21731.0040962824,0.9,62.7,43.7738266666667,-79.4645816666667,989.7,6.54191015410491,7.24378623311231,0.3,33.5813920703291,27.5,109.8,26.8,0.6,1.2
2018-08-09 16:30:03.400,182,39.1023977939745,1.90690637582107,1.94966602792499,1.51444609708017,418.019644179975,427.393107008917,1.54840509890229,78.3,140.481375405736,21931.6222937536,0.9,63.9,43.773825,-79.4645783333333,989.7,6.55010599576264,7.24709591351323,0.1,33.5828509148691,27.5,125.8,125.6,0.2,0.5
2018-08-09 16:30:04.400,182.2,39.1005611429701,1.90612526192118,1.94850860820721,1.51794708587796,415.936692395362,425.18506296529,1.55169898064828,87.2,140.498393695276,21751.2430929444,0.9,67,43.7738233333333,-79.4645733333333,989.7,6.54848966344616,7.2478539854017,0.1,33.5850861219639,27.5,211.7,154.3,0.4,0.9
2018-08-09 16:30:05.400,182.4,39.1066648831714,1.90898885343731,1.95186531600058,1.53212547644648,413.331192255341,422.614800292912,1.56653778455665,98.8,140.445722288809,21966.9451367578,0.9,68.5,43.7738216666667,-79.4645683333333,989.7,6.54848427968786,7.24685989314445,0,33.5868059212865,27.5,248.4,179.2,0.4,0.5
2018-08-09 16:30:06.400,182.6,39.1039741932529,1.90684046248666,1.94927180031922,1.5313170381198,411.581493044701,420.740018283296,1.56539174438374,107.3,140.512009584747,21767.4701875622,0.9,69.4,43.7738216666667,-79.464565,989.7,6.54380035528414,7.24894736747717,0,33.5890483409294,27.5,193.8,116.2,0.4,0.8
2018-08-09 16:30:07.400,182.8,39.1098923212587,1.91203576273653,1.95478788222858,1.44707215355974,410.997554501782,420.187253473046,1.4794270416166,128.1,140.477713955179,21870.3755817074,0.9,70,43.77382,-79.46456,989.7,6.54465370907627,7.24218040561744,0,33.5907288925038,27.5,161,105.1,0.4,0.9
2018-08-09 16:30:08.400,183.1,39.1175630320062,1.90843918814109,1.95140019895384,1.32383247650901,410.23194030961,419.466603804331,1.35363232426641,118.3,140.438823918821,22015.2541780884,0.9,70.2,43.7738183333333,-79.4645583333333,989.8,6.54210109733787,7.24503378547318,0,33.5928360250896,27.5,183.6,113.7,0.5,0.9
2018-08-09 16:30:09.400,183.2,39.1174296485074,1.90430729992724,1.94705572999278,1.48748951790455,409.203306784931,418.389331885878,1.52088091831493,129.8,140.512065704639,21955.5763818107,0.9,70.4,43.7738183333333,-79.4645566666667,989.6,6.55253804110662,7.24777808737653,0,33.5946830376647,27.5,181.1,114,0.4,0.8
2018-08-09 16:30:10.400,183.2,39.1215791449257,1.90731359068781,1.95024352228187,1.42562772683361,408.945606147789,418.150141723872,1.45771523931644,151.6,140.463699943827,22012.5459391258,0.9,70.5,43.7738183333333,-79.464555,989.8,6.54420489666291,7.23836539880584,0,33.5964762087546,27.5,179.4,113.9,0.4,1
2018-08-09 16:30:11.400,183.4,39.1236735508732,1.90770224642409,1.95083567408522,1.37730769020848,407.536442025566,416.750711674631,1.40845076417316,142.4,140.482904838254,22109.9028679843,0.9,70.3,43.7738183333333,-79.4645516666667,989.8,6.54169558515803,7.24445998498131,0,33.5983753309148,27.5,184,114.4,0.4,0.8
2018-08-09 16:30:12.400,183.5,39.1215459854296,1.9035936370184,1.94700881917403,1.48028181858751,406.418036929701,415.687439599988,1.51404303866442,137.2,140.508848367079,22298.8559951276,0.9,70.3,43.7738183333333,-79.4645483333333,989.7,6.54557605312865,7.24870756070445,0,33.6002356616161,27.5,187.2,113.9,0.5,0.9
2018-08-09 16:30:13.400,183.6,39.1177755629187,1.90464597856063,1.9481398426853,1.39375004242089,405.905806653563,415.175021354481,1.42557683262679,165,140.461439178955,22325.9777604672,0.9,70.3,43.7738183333333,-79.464545,989.8,6.54412719064426,7.2441836106955,0,33.6024596593984,27.5,188.4,114,0.4,0.8
2018-08-09 16:30:14.400,183.6,39.1173623531009,1.90784039312935,1.95084802238331,1.40142595174762,404.995414019861,414.124996211811,1.43301664825054,234,140.498052187755,22045.5171187799,0.9,70.3,43.7738166666667,-79.4645433333333,989.7,6.54347951936046,7.24442605678558,0,33.6042706209127,27.5,179.5,109.8,0.6,1.1
2018-08-09 16:30:15.400,183.5,39.1184683089041,1.90312950550727,1.9461760400459,1.21599337102668,403.878258675083,413.013392422097,1.24349845696898,229.2,140.506083702467,22118.2053168431,0.9,70.2,43.773815,-79.4645416666667,989.7,6.54743840733609,7.25179219931563,0,33.6062737395232,27.6,182.5,112.4,0.5,1
2018-08-09 16:30:16.400,183.5,39.1199597928315,1.90690081836824,1.95004244868459,1.41225252407245,403.433162893172,412.560362885985,1.44420637439752,225.6,140.462218681098,22123.321060133,0.9,70.2,43.773815,-79.4645416666667,989.6,6.54186119628785,7.25105259771271,0,33.608024630532,27.6,183.2,108.5,0.4,0.8
2018-08-09 16:30:17.400,183.5,39.1242812214672,1.90632179467329,1.94915467920209,1.21003251944657,403.312461802593,412.374458062526,1.23722151576615,205.5,140.499166046749,21975.1794958081,0.9,70.2,43.773815,-79.46454,989.7,6.54621872654749,7.24837321118999,0,33.6099997111507,27.6,179.6,107.5,0.6,1
2018-08-09 16:30:18.400,183.5,39.1314263764384,1.90587603869785,1.94889056891889,1.32375489646956,403.38949303296,412.493621280654,1.35363238917794,230,140.476453726215,22070.9847051971,0.9,70.2,43.7738133333333,-79.4645383333333,989.7,6.54702361897573,7.24363746318229,0.1,33.6118758439103,27.6,182.6,113.1,0.5,0.9
2018-08-09 16:30:19.400,183.5,39.1302806165522,1.90896163068029,1.95216813457079,1.51421378216533,404.274613218099,413.424789190724,1.54848394870125,228.2,140.456610738526,22132.6812029016,0.9,72.7,43.7738133333333,-79.4645383333333,989.8,6.54679805435218,7.24756698430437,0.3,33.6135980174738,27.6,181.2,118.8,0.5,1
2018-08-09 16:30:20.400,183.3,39.12680085032,1.90597560806742,1.94934352364363,1.32831493086392,403.734298687909,412.92069460401,1.35853593449549,253,140.504753459149,22247.3307229494,0.9,76.3,43.7738116666667,-79.4645383333333,989.8,6.54609359308642,7.25233748673146,0.1,33.6157207132059,27.6,190.3,123.7,0.5,1.1
2018-08-09 16:30:21.400,183.3,39.1229314458237,1.90893792509986,1.95255675372645,1.20887941997849,403.627569064779,412.85050702968,1.23649879431685,3.9,140.478497024634,22339.628614704,0.9,77.5,43.77381,-79.4645366666667,989.8,6.5425934952836,7.24996175047395,0.1,33.6174726568995,27.6,176.3,103.4,0.5,1.1
2018-08-09 16:30:22.400,183.2,39.1312613579908,1.90550518100079,1.94896501196758,1.69587856024982,404.65885722904,413.888191430291,1.73455398917224,7.1,140.484583096679,22299.1805849577,0.9,78.3,43.77381,-79.4645366666667,989.8,6.54685514318966,7.24539628261155,0.1,33.6198307544393,27.6,190.3,114.5,0.6,1.1
2018-08-09 16:30:23.400,183.1,39.1334910180531,1.90681878366476,1.95054738384237,1.45552703536669,404.808604142924,414.09211725331,1.48890617771316,340,140.506252027197,22418.7993282177,0.9,80.1,43.77381,-79.4645366666667,989.7,6.54316596745166,7.24610147143826,0,33.6213190559356,27.6,193.1,121.5,0.6,1.3
2018-08-09 16:30:24.400,183,39.1349276713423,1.90761089791689,1.95132484112591,1.31897907460135,404.390051147977,413.656875354461,1.34919976504499,343.1,140.472832265176,22402.0196462894,0.9,80.9,43.7738083333333,-79.464535,989.6,6.54828112513773,7.24412913637064,0,33.6235453481963,27.6,206.8,134.1,0.7,1.3
2018-08-09 16:30:25.400,183.1,39.1417030999971,1.90626454626604,1.94957865976758,1.47659378258794,403.799735594337,412.974899460538,1.51015191451563,65.3,140.460140857118,22217.140333274,0.9,81,43.7738066666667,-79.4645333333333,989.7,6.54258847202399,7.25158734973211,0.1,33.6251441539145,27.6,206.2,125.4,0.7,1.5
2018-08-09 16:30:26.400,183.1,39.1433761640458,1.90758526439501,1.95139758962575,1.66597370990908,403.95673429075,413.234426517453,1.70423704294012,40.8,140.475034459902,22451.3715702754,0.9,79.3,43.773805,-79.46453,989.7,6.54505483036513,7.24618440894257,0.3,33.6270652437275,27.6,206.3,127.3,0.7,1.2
2018-08-09 16:30:27.400,183.2,39.1426828963359,1.91009028487235,1.95391817212409,1.54473333176097,404.30646148245,413.583432863095,1.58017645421443,60.5,140.467290039698,22430.8034123416,0.9,78.6,43.773805,-79.46453,989.8,6.54510727896033,7.2479366484334,0.9,33.6287199550054,27.6,178.6,68,0.7,1
2018-08-09 16:30:28.400,183.2,39.1484622647348,1.90563798700323,1.94962899906277,1.47518917560242,403.787302411908,413.108574899089,1.50924237517002,73,140.475069106344,22563.7533383897,0.9,79.7,43.7738066666667,-79.46453,989.7,6.54334177446374,7.24897428708359,0.9,33.6309169590809,27.6,38.4,90.8,0.1,0.3
2018-08-09 16:30:29.400,183.2,39.1566344369118,1.90416061243992,1.94795413584939,1.48522521159672,403.978302091657,413.26927227194,1.51938033483887,74.2,140.492063674342,22481.3442373702,0.9,81.9,43.773805,-79.46453,989.8,6.54437910330546,7.24846701422908,0.5,33.6327210643431,27.6,219.5,136.2,0.6,1.3
2018-08-09 16:30:30.400,183.2,39.1654021103775,1.91112838225987,1.9557358697064,1.45851641946864,405.668990119202,415.137631066006,1.49255823508263,75.4,140.466695265978,22808.5502280624,0.9,80.4,43.773805,-79.4645283333333,989.8,6.53806810517015,7.24613012741996,0.3,33.6346252438852,27.6,221.2,135.2,0.8,1.4
2018-08-09 16:30:31.400,183.2,39.1698069086532,1.90983361805274,1.9542653007101,1.49301510227647,407.61252255866,417.095656427958,1.5277428476129,77.5,140.483096206523,22735.8813546747,0.9,78.1,43.773805,-79.4645266666667,989.7,6.54499922007466,7.24615063196533,0.1,33.6366390516307,27.6,226.1,143.7,0.9,1.6
2018-08-09 16:30:32.400,183.3,39.1735352323007,1.90652032857398,1.95114055361835,1.29610542779625,409.245938033879,418.823981981817,1.32643889253627,73.9,140.481006059953,22868.8793859208,0.9,77.2,43.7738066666667,-79.4645266666667,989.6,6.54081425626021,7.24709573589047,0.1,33.6385800739497,27.6,229,150.8,0.8,1.4
2018-08-09 16:30:33.400,183.6,39.1789997483428,1.90901897483428,1.95366059297907,1.5792318565754,409.495334112185,419.071375931847,1.61616124222252,67,140.445441414554,22850.4308319928,0.9,73.8,43.7738083333333,-79.4645266666667,989.8,6.54737376957576,7.24715567005384,0.7,33.6406516955379,27.6,219.8,117.7,0.6,0.7
2018-08-09 16:30:34.400,183.7,39.1757276451782,1.90897999284479,1.95350883670298,1.59155161415299,408.817592781483,418.353803792194,1.62867727802704,75.7,140.491885935697,22794.5879501945,0.9,68.3,43.77381,-79.4645283333333,989.7,6.5379528563564,7.25188309734381,1.4,33.6422348369338,27.6,124,28.4,0.2,1.3
2018-08-09 16:30:35.400,183.6,39.1803203244158,1.91127296324755,1.95580280913062,1.48574575408839,408.429246005587,417.945020643465,1.52036064227874,74.1,140.482065724151,22768.2016230441,0.9,64.9,43.77381,-79.4645283333333,989.7,6.53887028675716,7.24742958328351,2.2,33.6441625362123,27.6,226.5,27,0.3,0.7
2018-08-09 16:30:36.400,183.5,39.1891135977619,1.91275206950909,1.95736650256135,1.32747094477112,407.543933061693,417.049619683176,1.35843384373873,66.3,140.446977156592,22792.7405678935,0.9,58.7,43.7738116666667,-79.4645266666667,989.7,6.54097579243435,7.2471092587438,2.4,33.6462869573646,27.6,343.2,11.3,0,1.2
2018-08-09 16:30:37.400,183.4,39.1841922416674,1.90569846922452,1.95006682282015,1.34871660775345,408.862608315819,418.381642667837,1.38011260591512,71.7,140.50003595645,22752.050248061,0.9,56.2,43.7738133333333,-79.464515,989.8,6.54579519733077,7.24644570234456,3.1,33.6482944274664,27.6,200.1,43.3,0.3,0.8
2018-08-09 16:30:38.400,183.5,39.1813610040042,1.90491228466548,1.94892415493305,1.4720680806993,408.604782168793,418.04541417553,1.50607982459248,73.2,140.468465512382,22582.8364530409,0.9,56.2,43.7738166666667,-79.4645,989.7,6.54726053714963,7.24697035572361,3.7,33.649938676829,27.6,316.1,18.5,0.1,1.9
2018-08-09 16:30:39.400,183.1,39.1827670997486,1.90356244639537,1.94761704046511,1.48744398469932,408.150230222729,417.596186745192,1.52186411728569,65.6,140.455687985898,22619.8875008189,0.9,64.1,43.7738233333333,-79.46449,989.7,6.54653552925778,7.25093375999946,3.3,33.6519342868386,27.6,161.9,12.5,0,1.8
2018-08-09 16:30:40.400,182.7,39.1860962120614,1.90753161829125,1.95203851541585,1.43567187781787,407.365125582907,416.869967647598,1.46916871276247,63.6,140.503825630987,22800.5010059872,0.9,66.6,43.7738266666667,-79.4644766666667,989.8,6.54397096297934,7.24946700307516,3.1,33.6538137184507,27.6,171.3,48.2,0.4,1.8
2018-08-09 16:30:41.400,182.4,39.1906401454931,1.91144298858709,1.95604321424295,1.56606013725145,406.243993010669,415.723076569006,1.60259906555397,64.8,140.476576854329,22801.4870900306,0.9,64.6,43.7738283333333,-79.4644633333333,989.8,6.54336400200372,7.25034081827523,2.7,33.6555409319109,27.6,114.4,349.7,0.3,1.4
2018-08-09 16:30:42.400,182.1,39.1902587698373,1.91236582856242,1.95702835640921,1.4323598182904,406.066781025737,415.550212886385,1.46582093179797,67.3,140.474055453401,22821.3024628074,0.9,69.5,43.77383,-79.4644533333333,989.7,6.53818129758474,7.25045871382893,2.7,33.6577927180864,27.6,179.4,30.2,0.5,1.6
2018-08-09 16:30:43.400,181.8,39.1932004896314,1.91012198363048,1.95426650463227,1.30895734092941,405.218768254892,414.583649164559,1.33920813718482,63.5,140.483476361331,22588.7110811945,0.9,71.9,43.7738366666667,-79.4644466666667,989.7,6.53884308645755,7.24702667274353,2.5,33.6595781326272,27.6,119,7.8,0.4,1.8
2018-08-09 16:30:44.400,182,39.2032877612137,1.90692727447691,1.95118049221708,1.36737490215494,404.184004858117,413.563592568032,1.39910944540967,73.6,140.44270790547,22679.9322979832,0.9,68.8,43.77384,-79.4644383333333,989.7,6.54217446284107,7.2504668238701,2.7,33.6615287271453,27.6,142.9,20.1,0.5,2.2
2018-08-09 16:30:45.400,181.8,39.2022319652007,1.90453941699629,1.94882035448467,1.49307206939622,403.660593563048,413.045799439937,1.52778708738015,77.1,140.476196518726,22721.9109900993,0.9,73.5,43.7738483333333,-79.464425,989.7,6.54884086356281,7.25367936345645,2.9,33.6632017836381,27.6,107.2,13.4,0.6,2.2
2018-08-09 16:30:46.400,182.4,39.2002868051375,1.90410290181285,1.94830575528713,1.30779308008452,403.339165710049,412.702394108833,1.33815028778898,74.9,140.487717749233,22687.8001434811,0.9,83.6,43.7738533333333,-79.4644183333333,989.7,6.54694156495387,7.25310113670404,2.7,33.6650101888222,27.6,120.6,7.4,0.5,2.7
2018-08-09 16:30:47.400,182.9,39.2060797412671,1.90625470775342,1.95035394308227,1.4155579235829,403.441829883123,412.774928224888,1.44830593322722,86.2,140.460138492334,22610.7940891781,0.9,95.6,43.7738533333333,-79.4644066666667,989.7,6.54391561096125,7.24426835047025,2.7,33.6672081277203,27.6,121,0.4,0.6,2
2018-08-09 16:30:48.400,182.9,39.2065232638711,1.91012508578349,1.95431010262073,1.42708732165432,402.831437451112,412.149556456193,1.46010274986351,96.5,140.50199727311,22608.7302232091,0.9,100,43.7738516666667,-79.46439,989.7,6.54420925901349,7.2516593014977,2.5,33.6686945950418,27.6,136.9,6.9,0.5,2.4
2018-08-09 16:30:49.400,182.2,39.2124664920915,1.90585580822698,1.94962059469634,1.30124689628417,402.667787055506,411.914268903129,1.33112902749648,94.7,140.458902277412,22447.6935951535,0.9,108.4,43.77385,-79.4643816666667,989.8,6.54374146701623,7.24905753533857,2.5,33.670547323039,27.5,124.9,0.4,0.5,2.2
2018-08-09 16:30:50.400,181.4,39.2176175624874,1.90180419282689,1.94542354176134,1.24179164387227,401.670326959328,410.882972052437,1.27027348121681,112.6,140.463443742521,22421.5661826555,0.9,107.6,43.77385,-79.464375,989.7,6.54567826094118,7.25128524155966,2.7,33.6721151056807,27.5,104.4,8.1,0.3,2.6
2018-08-09 16:30:51.400,180.8,39.2204357969918,1.90537074388307,1.94908700029458,1.47497749977174,401.413304611381,410.623348199866,1.50881904889203,115.4,140.47685740299,22429.4410741888,0.9,106.3,43.7738483333333,-79.4643633333333,989.6,6.54681916359473,7.2538502657371,3.1,33.6745568208703,27.5,113.8,23.6,0.7,2.9
2018-08-09 16:30:52.400,180.2,39.2272536298923,1.90453134855272,1.94829356839203,1.52943009828068,401.644338871559,410.873442963111,1.56457405125322,117.1,140.411027916319,22462.1825692807,0.9,108.8,43.7738466666667,-79.4643483333333,989.7,6.54567526382894,7.25016146619391,3.5,33.6760421983931,27.5,141,8.2,0.2,1.8
2018-08-09 16:30:53.400,179.9,39.2303052913877,1.90169630827982,1.94558447382038,1.53583186528966,403.621831336482,412.936769765572,1.5712767056613,121.1,140.496453082768,22557.8552660236,0.9,114.2,43.7738483333333,-79.4643416666667,989.7,6.54521305954168,7.24837096875111,2.9,33.677731528717,27.5,199.2,20.7,0.3,1.9
2018-08-09 16:30:54.400,179.8,39.2363485878039,1.90686021883806,1.95086511066358,1.45636143288657,408.69778276691,418.129544416224,1.48996145066984,124.7,140.475401103686,22556.5080120558,0.9,112.4,43.7738466666667,-79.4643316666667,989.7,6.54325448611401,7.24966495604894,3.3,33.6797051942098,27.5,182.8,22.6,0.5,2.5
2018-08-09 16:30:55.400,179.9,39.2400806652611,1.90750457742597,1.95165086922856,1.26849535386474,414.107611760706,423.69135916636,1.29784840147854,125.1,140.445350353713,22619.8041336178,0.9,113.3,43.77384,-79.4643216666667,989.7,6.54837151728126,7.2497108003354,3.7,33.6818011463057,27.5,120.2,9.1,0.6,3.4
2018-08-09 16:30:56.400,179.6,39.2382438708661,1.90610434474949,1.95010089497468,1.34975342974941,416.679110512671,426.296932637853,1.38090617727536,124.7,140.476946497718,22561.3030684496,0.9,114.9,43.7738366666667,-79.4643083333333,989.7,6.54724458699731,7.25343594867044,3.8,33.6835340825518,27.5,130.8,7.7,0.7,3.5
2018-08-09 16:30:57.400,180.2,39.2400141537935,1.90583209129422,1.9500768580077,1.44078094237889,417.759739683964,427.458268131985,1.47423257853557,124.8,140.471033707826,22688.7213054513,0.9,117.2,43.77383,-79.4643,989.7,6.54346339388934,7.25156898328944,3.7,33.685270241571,27.5,126.5,12.1,0.3,2.4
2018-08-09 16:30:58.400,180.8,39.2395726460964,1.90457632204691,1.94877786469133,1.74803283050064,417.221025702416,426.903878085658,1.78860360784456,124.6,140.498024076322,22681.3922051348,0.9,115.6,43.773825,-79.46429,989.7,6.54509480660521,7.2502291874151,3.7,33.6872734654219,27.5,137.5,8.8,0.6,3.3
2018-08-09 16:30:59.400,181.2,39.243989311782,1.90619137383814,1.95023444727308,1.6578093930453,415.140580576901,424.732494956346,1.69611405020091,121.9,140.463310767498,22583.3340814678,0.9,112.7,43.7738216666667,-79.4642783333333,989.6,6.54573656714752,7.25453798694625,3.7,33.6887926103744,27.5,89.2,8.1,0.3,2.7
2018-08-09 16:31:00.400,180.9,39.2487862289188,1.90674183597948,1.9508855163595,1.58666423011132,413.454194839435,423.025985028302,1.62339077048752,124.6,140.450709465325,22627.1789412146,0.9,104.8,43.773815,-79.4642666666667,989.7,6.54325549406043,7.25680260628538,3.3,33.6909952948508,27.5,120.8,16.5,0.4,2.7
2018-08-09 16:31:01.400,181.1,39.2461547742671,1.90773905911415,1.9523243261565,1.52842247342345,412.693881755079,422.338804712082,1.56414289778834,121.9,140.506373589574,22837.0441219541,0.9,103.3,43.7738133333333,-79.4642533333333,989.6,6.54419690676875,7.25446357545895,3.3,33.6924065507494,27.5,93.1,22.8,0.6,2.7
2018-08-09 16:31:02.400,181.1,39.2471255360115,1.91015544848385,1.95493603418109,1.62631134969411,412.976447720288,422.657969225351,1.66444892376285,121.8,140.468302312013,22906.297726165,0.9,105.5,43.773815,-79.46424,989.7,6.54302305334656,7.25259318697762,3.1,33.6948821698871,27.5,134.2,12.8,0.3,2.4
2018-08-09 16:31:03.400,181.2,39.2494575766722,1.91282601680637,1.95797847072849,1.59573559935114,412.892635587866,422.638993269998,1.63340375295702,114.7,140.452988034281,23060.6356672259,0.9,105,43.7738116666667,-79.4642266666667,989.7,6.5408132827277,7.25477304807159,3.3,33.6966283271846,27.5,120,0.4,0.4,2.7
2018-08-09 16:31:04.400,180.7,39.2503129677987,1.91456858591781,1.95981450678718,1.28677826004258,412.101050738096,421.839806049961,1.31719303315985,109.5,140.492263181141,23086.5328376541,0.9,105.6,43.7738083333333,-79.4642166666667,989.7,6.54198969287092,7.25462474716427,3.3,33.6984481893089,27.5,93.2,6.4,0.6,2.7
2018-08-09 16:31:05.400,180.4,39.2530310399288,1.91561792485077,1.96107186456718,1.38497583204405,410.702826124707,420.447882675048,1.41783321202861,111.1,140.464911228004,23177.8499865444,0.9,92.6,43.773805,-79.4642033333333,989.8,6.54149872145239,7.2528585979258,3.7,33.7001497298606,27.5,74.2,6.7,0.6,3
2018-08-09 16:31:06.400,180.3,39.2560464699984,1.91269396236769,1.95812945575669,1.26867304692616,409.816952802998,419.551955855272,1.29880567050717,102.8,140.4842506611,23203.2302854546,0.9,93.3,43.7738016666667,-79.4641833333333,989.7,6.54249129296871,7.24717209764119,4,33.7021578534931,27.5,93.3,5.8,0.6,3.2
2018-08-09 16:31:07.400,180.4,39.254318442982,1.91273117026101,1.95808286195864,1.32771168805712,408.634115757265,418.32285218396,1.35918898610889,100.2,140.488975365168,23161.161634901,0.9,96.3,43.7738,-79.4641666666667,989.7,6.54270159678999,7.25148766842617,4,33.7043642932222,27.5,100.3,10.4,0.6,3.2
2018-08-09 16:31:08.400,181.3,39.2521794974998,1.91357235416779,1.95905765201382,1.33615054066381,407.555807118525,417.243372905107,1.36790933458111,104.6,140.46706961921,23218.1470932467,0.9,94.6,43.7737933333333,-79.464145,989.7,6.54105445164571,7.25618654143085,4,33.7053770641244,27.5,100.4,5.7,0.5,2.9
2018-08-09 16:31:09.400,181.6,39.2514670774744,1.91197773006137,1.95749771037156,1.48124730824876,408.29450972729,418.015092435364,1.51650639024738,108.9,140.488635094197,23253.9685860629,0.9,99.1,43.77379,-79.4641316666667,989.7,6.54360557382777,7.25600517630344,4,33.707033105127,27.5,116.6,6.9,0.5,3.1
2018-08-09 16:31:10.400,182,39.2543567397937,1.91368663014976,1.95950329092435,1.32870073429652,409.225437679028,419.022939323222,1.36051058508483,115.6,140.480226873005,23381.7463198968,0.9,110.4,43.7737866666667,-79.4641216666667,989.7,6.54304703032202,7.25182698993912,3.7,33.709329364913,27.5,141.5,9.6,0.6,2.6
2018-08-09 16:31:11.400,182.3,39.2577891792847,1.91391463366581,1.95983864696323,1.32422725011722,408.465591575107,418.266762368707,1.3560014458719,116.5,140.429176569968,23432.6555389953,0.9,112.6,43.7737866666667,-79.4641133333333,989.7,6.54005236908223,7.24990108336336,3.7,33.7114800641819,27.5,130.1,355.9,0.5,2.9
2018-08-09 16:31:12.400,182,39.2580003828209,1.91255155969098,1.95841727092756,1.43192078897114,408.03977945101,417.825106316982,1.46626025344714,121,140.474455742314,23419.5819829677,0.9,113,43.7737816666667,-79.4640966666667,989.7,6.54453703947525,7.25592296364321,4.2,33.7129388040539,27.5,117.6,7.7,0.7,3.4
2018-08-09 16:31:13.400,181.8,39.2624140678264,1.91210637475971,1.95792094080974,1.50325730282062,411.69652130622,421.560683132881,1.53927415931492,120.7,140.478782011534,23399.6339533307,0.9,108,43.7737766666667,-79.464085,989.7,6.5488620787645,7.25332274651019,4.6,33.7152111668605,27.5,96.3,13.7,0.6,3.4
2018-08-09 16:31:14.400,181.6,39.2674544073987,1.9135778142763,1.95940999008527,1.58229454338277,418.531688456489,428.556067883648,1.62019404686215,114.6,140.468233787567,23390.8514966176,0.9,110.8,43.77377,-79.46407,989.7,6.54642722005174,7.25209031369756,4.6,33.7174350823384,27.5,82.9,356.3,0.7,3.7
2018-08-09 16:31:15.400,181.5,39.2693732551729,1.91533422775102,1.96150588300581,1.52895402200856,421.820068358301,431.988591905402,1.56580384115377,113,140.501043100355,23538.902093271,0.9,114.5,43.7737633333333,-79.4640566666667,989.7,6.54554211623199,7.25479274717416,4,33.7190938569224,27.5,66.2,335.2,0.8,3.4
2018-08-09 16:31:16.400,181.1,39.2741060091976,1.91694163445856,1.96327921138061,1.42613049307206,422.786740410274,433.006625942952,1.46060187629505,115.4,140.460495483255,23602.1193641058,0.9,111.2,43.773755,-79.4640466666667,989.7,6.54061134508538,7.2502032243564,3.8,33.7206809139204,27.5,51.1,345.5,0.8,3.5
2018-08-09 16:31:17.400,180.7,39.2779077982072,1.91561359827002,1.96199328816493,1.40886062594226,423.174545333776,433.420303430184,1.44296016657919,119.6,140.471749088376,23639.214791391,0.9,112.9,43.7737466666667,-79.46403,989.6,6.5403267589616,7.24935060723048,4.4,33.7225348949319,27.5,79.3,8.8,0.5,3
2018-08-09 16:31:18.400,180.1,39.283825016636,1.91140590099816,1.95799082836334,1.36862775364338,422.036812041083,432.322825067641,1.40198579206354,118.3,140.482796478126,23792.4654510624,0.9,113.1,43.7737383333333,-79.4640083333333,989.7,6.5402274226883,7.25594239889489,5.1,33.724461602737,27.6,132.6,21.7,1.1,5.3
2018-08-09 16:31:19.400,179.4,39.2900530182676,1.90945192311226,1.95608530344859,1.50459985290681,419.827455847298,430.080771581461,1.54134662360479,113.6,140.455680336328,23840.4615959906,0.9,104.8,43.7737333333333,-79.463985,989.7,6.54154666396674,7.25797055085694,5.9,33.7265515087307,27.6,133.3,20.5,1.4,5.9
2018-08-09 16:31:20.400,179.5,39.2921405207451,1.9078187277461,1.95465988782888,1.39034281562867,417.680282221362,427.935160312621,1.42446297948011,102.1,140.488233570907,23963.7813185362,0.9,98.2,43.7737316666667,-79.46396,989.7,6.54234253777477,7.25394124166756,7,33.7283431828521,27.5,148.7,9.7,1.6,6
2018-08-09 16:31:21.400,180.3,39.2884612649508,1.91101868738757,1.95812000362526,1.22792819418268,415.230166407626,425.464372369854,1.25819133554041,93.2,140.49832609639,24054.2281034321,0.9,88.5,43.7737366666667,-79.46393,989.8,6.53717756750562,7.24980502157077,7.2,33.7299075289975,27.5,134.4,14.2,1.1,5.6
2018-08-09 16:31:22.400,180.7,39.2909066473073,1.90862638790963,1.95550265499053,1.31214530734066,412.759083663042,422.896456546413,1.34437008800336,90.6,140.479032537607,23971.1762374152,0.9,85.6,43.7737383333333,-79.4639033333333,989.8,6.54084301448396,7.25394675744926,7.2,33.731911609069,27.5,134.5,6.6,0.7,5.2
2018-08-09 16:31:23.400,180.7,39.2942985430724,1.90444220616771,1.95112711087075,1.3336868317446,410.727481532863,420.795793811575,1.36637954463459,86.5,140.480562186852,23926.8260045709,0.9,82,43.7737383333333,-79.46388,989.8,6.54765088087031,7.25647132984796,6.8,33.7336492058587,27.5,148.4,11.8,0.8,4.6
2018-08-09 16:31:24.400,181,39.2958964071212,1.90509589817007,1.9519285386798,1.36126049815953,408.595567751306,418.639815774356,1.39472453598012,85.9,140.491425199719,23992.7306421557,0.9,81.7,43.7737383333333,-79.463855,989.8,6.54670649084652,7.25869887339423,6.4,33.7350499747201,27.5,99.5,2.8,0.4,4.5
2018-08-09 16:31:25.400,180.8,39.3046170646983,1.90702751001307,1.9540413454299,1.47542233224939,406.995326861559,417.028876577181,1.51179774024237,92.5,140.473609215584,24059.649669423,0.9,94.1,43.7737366666667,-79.4638333333333,989.8,6.5423080868824,7.25694959464374,6.1,33.7372329616689,27.5,102.9,12.8,0.6,4.2
2018-08-09 16:31:26.400,180.7,39.3147225917866,1.90770051649296,1.95465748942085,1.52166936191632,405.369896556846,415.347897139317,1.559129305881,91.9,140.450687233739,24022.9895193885,0.9,93.2,43.7737383333333,-79.4638133333333,989.7,6.5402379303618,7.25630136940276,5.9,33.7393100966925,27.5,141.2,354.4,0.2,3.5
2018-08-09 16:31:27.400,180.7,39.3209260322503,1.90499946114562,1.95161238853063,1.31222938436017,403.617180518279,413.493277475452,1.3443455506791,93.5,140.474224960618,23884.4356369978,0.9,92.8,43.7737383333333,-79.46379,989.7,6.54226602582361,7.25484406000393,6.1,33.7408483307079,27.5,345.9,356,0.2,3.6
2018-08-09 16:31:28.400,180.5,39.3302992069158,1.90292979003532,1.94943876998055,1.24761941493806,402.967844880061,412.816792555516,1.27811669721602,96,140.466350273535,23857.8994590683,0.9,93.9,43.7737366666667,-79.4637633333333,989.8,6.54602409707986,7.25187646459893,6.2,33.7430505393473,27.5,160.8,12.3,0.6,4.2
2018-08-09 16:31:29.400,180,39.3381975915087,1.90089607780634,1.94731410481977,1.47652287862337,402.482408938865,412.310593593592,1.51257302027021,99.2,140.470747698708,23836.8701692031,0.9,96.5,43.7737366666667,-79.4637416666667,989.7,6.54619587265439,7.25150168906607,6.2,33.745158744111,27.5,131.2,8.6,1,5.7
2018-08-09 16:31:30.400,179.8,39.3402817529399,1.89896041969414,1.94521150291665,1.51308289264784,401.851943519301,411.639310097302,1.54993465853174,99.2,140.505136255776,23776.621637325,0.9,99.9,43.773735,-79.46372,990,6.54432949534509,7.25219645539328,6.2,33.7469509207149,27.5,100.4,2,1.7,6.7
2018-08-09 16:31:31.400,179.7,39.3426909584152,1.90068932295608,1.94725343659347,1.40176253941441,402.272929930436,412.127972132729,1.43609519500256,98.8,140.446340992271,23912.379886768,0.9,102.2,43.7737333333333,-79.463695,989.9,6.54203015581695,7.25480656411548,6.2,33.7488087906583,27.5,108,9.9,1.5,5.8
2018-08-09 16:31:32.400,179.5,39.3441515739941,1.90471538767876,1.95151723509868,1.40457606699398,404.15069001097,414.081256757959,1.43908220334267,99.6,140.445473225718,23982.4701418751,0.9,99.5,43.7737316666667,-79.4636733333333,989.9,6.53952421036584,7.25685588851938,6.4,33.7505892775628,27.5,130.8,13,1.2,5.4
2018-08-09 16:31:33.400,179.1,39.3455717006285,1.90711686568176,1.95374869494179,1.46930433377645,405.778041845472,415.699925407862,1.5052315982816,96.8,140.492395179753,23867.9701347352,0.9,94.3,43.7737283333333,-79.4636516666667,989.8,6.54301820641589,7.25976718312914,6.4,33.7523693873125,27.5,122.3,10.3,0.6,4.8
2018-08-09 16:31:34.400,179,39.348301369158,1.90524728824933,1.95187586665403,1.50199933917786,405.542468236095,415.467598187401,1.53876193532734,98.8,140.482892675065,23889.0567269128,0.9,94.4,43.7737233333333,-79.4636266666667,989.8,6.54713056701959,7.25803691985378,6.2,33.7540210092363,27.5,195.7,5.8,0.3,3.8
2018-08-09 16:31:35.400,178.4,39.3497538023546,1.90234846811031,1.94900013003206,1.5170948504597,404.640958663356,414.564112208368,1.55429907520466,103.1,140.500113222024,23936.3537777144,0.9,94.3,43.7737166666667,-79.463605,989.8,6.54420833588311,7.25704381795929,6.1,33.7557379989059,27.5,86.3,357.9,0.4,3.9
2018-08-09 16:31:36.400,178.4,39.3525300049794,1.90312648010085,1.94986500984229,1.45873071584469,403.828261613436,413.745804466114,1.49455560148755,103,140.465507935288,23970.1952357019,0.9,94.2,43.77371,-79.4635833333333,989.9,6.54201412886637,7.25708435702441,6.1,33.7579622018043,27.5,24.5,355.4,0.2,4.1
2018-08-09 16:31:37.400,178.6,39.3556038364754,1.9024952338626,1.9491181922579,1.52093105543923,403.58396421916,413.474257252887,1.55819642891671,101.1,140.461754939099,23919.9109664373,0.9,96.1,43.7737083333333,-79.4635616666667,989.7,6.5424420074688,7.25390970703064,6.2,33.7600168505045,27.5,344,341.4,0.2,3.4
2018-08-09 16:31:38.400,178.9,39.3579858593944,1.90169075042531,1.94799669872547,1.4479744877388,402.851345311374,412.66083126779,1.4832392348564,93.4,140.48372080151,23771.2296631894,0.9,91.4,43.7737083333333,-79.46354,989.8,6.54148331321467,7.25642323639512,5.9,33.7611807543409,27.5,27.9,342.5,0.4,3.4
2018-08-09 16:31:39.400,179.2,39.3621445690477,1.901709302094,1.94796594366099,1.28185905065026,401.693572578341,411.464301187548,1.31303875895566,98.6,140.434928080317,23746.2397741147,0.9,95.8,43.773705,-79.46352,989.8,6.54722465349151,7.26007595024758,6.2,33.7631833400572,27.5,28.7,348.4,0.7,3.7
2018-08-09 16:31:40.400,179.4,39.3630857945126,1.90156094983031,1.94783205432735,1.2773025594615,401.397784190471,411.165074223368,1.30838345291601,99.7,140.470143327344,23755.1592950204,0.9,95.4,43.7737033333333,-79.4634966666667,989.8,6.54756447223741,7.25603079677803,6.8,33.7651917162722,27.6,71.4,351,0.7,5.1
2018-08-09 16:31:41.400,179.3,39.3656220548565,1.90246022426607,1.94866692789989,1.26540098511535,402.114086769709,411.880559765865,1.29613472742842,100.1,140.48083513627,23711.9365735514,0.9,103.2,43.7737016666667,-79.463475,989.9,6.54201764844519,7.2530861135046,6.8,33.7666628680992,27.6,75.5,355,0.7,4.9
2018-08-09 16:31:42.400,178.9,39.3699689302815,1.90251443067145,1.94859916514718,1.3549076803892,402.924711847806,412.684693986997,1.38772330986013,102.3,140.477778797399,23649.9135903521,0.9,96.3,43.7736983333333,-79.46345,989.8,6.54019683378912,7.25072972967531,7.2,33.768632999072,27.6,57.6,349.1,0.8,4.5
2018-08-09 16:31:43.400,178.1,39.3711702409662,1.90026091701789,1.94632770920161,1.45353536884411,403.050233376258,412.821129015453,1.48877195820648,101.5,140.497298078124,23668.5272131825,0.9,99.5,43.7736933333333,-79.4634183333333,989.8,6.54225436539065,7.25389192495907,7.4,33.7707233811364,27.6,37,342.3,0.6,4.2
2018-08-09 16:31:44.400,177.5,39.3778121685369,1.90093122133018,1.94706937451049,1.33531537413681,403.271460337047,413.059409700313,1.3677291539328,101.6,140.448520368763,23696.2510134523,0.9,97.7,43.7736933333333,-79.4633883333333,989.9,6.54479687636774,7.25887813676473,7.4,33.772673071898,27.6,7.2,337.4,0.6,3.8
2018-08-09 16:31:45.400,177.2,39.3824897173596,1.89959073264114,1.94577216278944,1.28926838831731,403.455211194425,413.263691452572,1.32061760238167,101.6,140.463555169118,23734.25458869,0.9,100.6,43.77369,-79.4633666666667,989.9,6.54187415649957,7.25618540246433,7,33.7745113427296,27.6,346.1,322.9,1,3.2
2018-08-09 16:31:46.400,176.9,39.3819244511388,1.89810793766133,1.94431424526196,1.4939005312432,403.27352427668,413.090604961431,1.5302615560174,103.6,140.495452631339,23764.9886426176,0.9,102.6,43.773685,-79.463345,989.9,6.54137199802213,7.25448310244395,6.8,33.7762912748693,27.6,342,324.6,1.2,3.2
2018-08-09 16:31:47.400,177.1,39.3859285863521,1.89715434318496,1.94351992948882,1.52347527651212,402.488736019055,412.325298444119,1.56069569723043,105.2,140.447724881959,23856.5763990596,0.9,107,43.77368,-79.4633266666667,989.8,6.54401053795885,7.25489614571989,6.2,33.7780448724095,27.6,348.2,339.1,0.9,2.6
2018-08-09 16:31:48.400,177.2,39.3892754035635,1.89930838322938,1.94561126380844,1.46429303727134,401.858154069041,411.655082461024,1.49998539536711,102.8,140.453422119153,23798.8004202693,0.9,100.8,43.7736766666667,-79.4633066666667,989.8,6.54107698805127,7.25125060951005,6.2,33.7792996844098,27.6,330.2,306.6,1.5,3.1
2018-08-09 16:31:49.400,177.6,39.3932529998125,1.89996689286069,1.94581314806824,1.47779133246713,401.858076324079,411.554986885469,1.5134520976928,105.6,140.488061159978,23561.47199506,0.9,104.2,43.7736733333333,-79.4632833333333,989.8,6.54082459104158,7.25304493659049,6.2,33.781204223931,27.6,341.3,295.4,1.7,3.1
2018-08-09 16:31:50.400,177.4,39.3999772853647,1.90010902710834,1.94580176734229,1.52281169024407,401.380274549761,411.032442875386,1.55943073738098,104.2,140.472589761289,23482.7398782634,0.9,101.2,43.77367,-79.463255,989.9,6.54502976000414,7.25808765761703,6.8,33.7832177083787,27.6,325.8,286.3,1.9,2.2
2018-08-09 16:31:51.400,176.9,39.4036904874071,1.89897656977362,1.94447170455905,1.43571832188121,400.325920149252,409.916844614841,1.47012504795074,100.9,140.474525990482,23397.0987773491,0.9,94.7,43.7736633333333,-79.4632316666667,989.8,6.54393483131225,7.25961787665127,7.2,33.7850170061275,27.6,302.7,0.4,1.7,0.9
2018-08-09 16:31:52.400,176.6,39.4095615696462,1.89743526103502,1.94282878396149,1.35133032140209,399.72689057197,409.289788700108,1.38366104955132,100.6,140.465634088916,23364.4985248706,0.9,91.4,43.7736583333333,-79.4632066666667,989.8,6.54136215249777,7.26013643826188,7.2,33.7868398093778,27.6,285.1,304.9,1.2,1
2018-08-09 16:31:53.400,176.8,39.4146589037286,1.89859072676697,1.94391894045642,1.52007307376677,399.68174354477,409.224032359452,1.55635591099623,103.1,140.480799944362,23317.9282164511,0.9,93.1,43.7736533333333,-79.463185,989.9,6.54353617863178,7.25785530940397,7,33.78928616305,27.6,299.4,338.1,1.3,1.8
2018-08-09 16:31:54.400,177.2,39.4174880697633,1.8989146106862,1.94393816051889,1.35547200631818,399.418218485756,408.888563717589,1.38763218671402,103.2,140.499777283832,23161.2012688498,0.9,93,43.7736483333333,-79.4631616666667,989.9,6.54476610433922,7.25333405031056,7,33.7911438515775,27.6,300.7,352.7,0.8,2.1
2018-08-09 16:31:55.400,177.3,39.425710962492,1.89492590393901,1.94000986894418,1.26679279494698,399.162783980865,408.659751710098,1.29695246307394,100.6,140.44040926476,23239.4448586873,1,91.3,43.773645,-79.4631383333333,989.9,6.54463231262849,7.25493759948119,7.4,33.7924500482455,27.6,294.4,0.4,0.9,2.1
2018-08-09 16:31:56.400,177,39.4303133783248,1.89368224408464,1.93873721951804,1.3572013496869,399.1312223584,408.627464313549,1.3894959675215,98.2,140.451269305934,23239.4206132928,0.9,88.3,43.7736433333333,-79.4631116666667,989.9,6.54322448946705,7.26040781662661,7.4,33.7944524820694,27.6,292.9,344.7,0.7,2.6
2018-08-09 16:31:57.400,176.6,39.4314749303738,1.89571000057586,1.9405201260601,1.45014935525076,399.375186959481,408.815429290127,1.484423714009,96.3,140.493088566642,23091.6844094859,0.9,86.3,43.7736416666667,-79.46309,989.9,6.5421109559732,7.25878520673228,7.5,33.7961033185007,27.6,276.5,0.4,1.1,1.7
2018-08-09 16:31:58.400,176.6,39.4374020179787,1.89594181683137,1.94055717048136,1.49211667327023,399.608453577299,409.012072054827,1.52723262115682,92.7,140.469141299332,22991.1160966566,0.9,83.6,43.7736416666667,-79.4630616666667,990,6.54482034160013,7.25384608030614,7.5,33.7981998193177,27.6,199.1,29.8,0.4,4.5
2018-08-09 16:31:59.400,176.7,39.4428244582164,1.89499424830821,1.93917334510044,1.63388518330828,399.735698097366,409.055027444905,1.67195465793526,94.4,140.490330277145,22782.6953767033,0.9,89.3,43.77364,-79.4630383333333,989.8,6.54219300178549,7.25675287619856,7.2,33.8002546476114,27.6,140.4,15.9,0.5,5.2
2018-08-09 16:32:00.400,177.6,39.4460450562498,1.89548437555907,1.93934325588283,1.60858543206249,399.660955188899,408.908707169165,1.64581363594454,93.4,140.47589176905,22615.7150149468,0.9,90.4,43.7736416666667,-79.463025,989.9,6.53852480926421,7.25796091080361,6.2,33.8017843605782,27.6,177.4,19.9,0.6,3.9
2018-08-09 16:32:01.400,178.5,39.4474927898185,1.89663567381764,1.94026130058174,1.37484504891548,403.953010090409,413.244383355702,1.40647656426729,92.2,140.461510996305,22484.6817915131,0.9,81.7,43.7736416666667,-79.463005,989.9,6.5399105890143,7.25165987339309,5.5,33.803363280725,27.7,294.4,16.9,0.2,3.1
2018-08-09 16:32:02.400,178.7,39.4467643866041,1.89448534023856,1.93790608982403,1.28239653974236,411.902367978392,421.34293077138,1.31178915322005,92.9,140.499385488527,22405.9747010291,0.9,99.3,43.7736416666667,-79.4629916666667,990,6.54403963337512,7.25088591072868,4.6,33.8052786049416,27.7,208.4,41.3,1.4,3.2
2018-08-09 16:32:03.400,178.5,39.4486533745823,1.89769154581111,1.941232664639,1.26633958998669,414.923254528514,424.443222685233,1.29539488620983,98.5,140.481322902971,22429.4301285894,0.9,99.5,43.77364,-79.46298,989.9,6.5459060216453,7.26010985779526,4.2,33.8071420016932,27.7,186.8,36.7,1.2,3.5
2018-08-09 16:32:04.400,178.7,39.4521046125705,1.89934413583475,1.94298715244582,1.44680807672554,413.380391448027,422.879015574562,1.48005369910792,95.2,140.478629828714,22461.7823194018,0.9,89.4,43.7736416666667,-79.4629633333333,989.9,6.54357350684786,7.26447803626564,4.2,33.8088181646863,27.7,150.7,34.4,1.2,4.5
2018-08-09 16:32:05.400,178.8,39.4547131995324,1.90075538184464,1.94452079059553,1.53929943888449,411.416204064471,420.889112233376,1.57474097737052,94.7,140.482894343684,22506.9437234442,0.9,93.8,43.77364,-79.4629433333333,989.9,6.54020088595678,7.25987405442375,5,33.8103093142531,27.7,165.2,45.7,1.2,4.5
2018-08-09 16:32:06.400,179,39.4574137607937,1.90163759423433,1.94578388769995,1.59582282683577,409.598450417096,419.107245861431,1.63287922184436,97.4,140.457908659827,22688.4113775324,0.9,97.7,43.77364,-79.46292,989.8,6.53625847276878,7.25003248159575,5.9,33.8122212365537,27.7,182,45.4,1.5,4.9
2018-08-09 16:32:07.400,179,39.4602151613562,1.90204680250698,1.94633464554608,1.5681442730116,407.480863069023,416.968991962517,1.60466042875136,97.8,140.480256549877,22754.8455894626,0.9,94,43.7736383333333,-79.4628966666667,989.9,6.54006071696656,7.25069428563948,6.1,33.8137229556831,27.6,200.7,52,2.1,4.1
2018-08-09 16:32:08.400,179,39.4626730706216,1.90090836376693,1.94532690466477,1.37803329969451,405.446423401685,414.920481531552,1.41022386049521,96.2,140.487285102199,22833.6698160655,0.9,94.5,43.7736383333333,-79.4628716666667,989.9,6.54318627026025,7.25771900534766,6.4,33.8157113130265,27.6,216.2,49.5,1.2,2.4
2018-08-09 16:32:09.400,178.9,39.4688859617096,1.89852392598079,1.94301353053871,1.3745211988411,403.941838979677,413.40775017386,1.40673082673384,92.9,140.46947082954,22897.2619161407,0.9,88.9,43.7736416666667,-79.462845,989.9,6.54229307146789,7.26079470938845,6.6,33.817967892433,27.6,253.8,16,0.8,2.7
2018-08-09 16:32:10.400,179.2,39.4700431117507,1.8970037238377,1.94201725759416,1.4033056903576,402.939358775008,412.500565526301,1.43659949612385,93.7,140.489085574916,23178.7741994224,0.9,90.6,43.7736416666667,-79.4628216666667,989.9,6.54250294127572,7.25700679280146,6.4,33.8196071046019,27.6,226.1,22.6,0.4,3.1
2018-08-09 16:32:11.400,179.1,39.4669592455723,1.89500015997847,1.94008865463838,1.40458734439326,401.755000905701,411.314120999858,1.43800554043864,97.8,140.499923787831,23240.280338967,0.9,95,43.77364,-79.4628016666667,989.8,6.54556830878359,7.25424479782989,6.4,33.821168470161,27.6,225.4,36.7,1.2,3.2
2018-08-09 16:32:12.400,179.3,39.4711678818319,1.89620469727617,1.94118496110186,1.40348205101124,400.186583499046,409.679513932885,1.43677422455822,99.5,140.454223438648,23171.6635186151,0.9,93.7,43.773635,-79.4627816666667,990,6.54088900398694,7.2578152681058,6.2,33.8231699327137,27.6,218,46.8,1.1,2.6
2018-08-09 16:32:13.400,179.8,39.4735331968925,1.89598651745857,1.94129252595331,1.5353716417342,399.087097787221,408.62359948617,1.57207413343505,99.4,140.454114483503,23338.1476815726,0.9,95.8,43.7736333333333,-79.46276,990,6.54031777236233,7.26101922530888,6.4,33.8258646452428,27.6,216.5,27.6,1,3.1
2018-08-09 16:32:14.400,180.5,39.4758976956811,1.89681141977743,1.94220549172985,1.53276892809755,398.636522595314,408.176643634883,1.56945398829947,99.3,140.470755009051,23372.5189279606,0.9,97.7,43.7736316666667,-79.4627316666667,990,6.53954272780996,7.25951966767025,7,33.8272890528058,27.6,173.1,23.5,0.9,5.3
2018-08-09 16:32:15.400,180.7,39.4831856772817,1.89561904466933,1.94084789508936,1.44087872344283,398.106511767796,407.605217942451,1.47525862538148,98.3,140.465364702299,23303.6651884099,0.9,94.7,43.77363,-79.4627,989.9,6.54467530112538,7.25811366288196,7.7,33.8293797621155,27.7,122.4,12.4,0.7,4.9
2018-08-09 16:32:16.400,180.4,39.4869266917646,1.89908916503561,1.94425596748163,1.43238972499645,397.486250509733,406.939952829586,1.46645680747343,100.1,140.463769677052,23231.0755210482,0.9,99.7,43.773625,-79.46267,990,6.54158151036768,7.25866918941418,7.9,33.8311005048738,27.7,180.1,26.1,1,4.6
2018-08-09 16:32:17.400,180.1,39.4889561193906,1.89726648314284,1.94260837787843,1.24619798806073,396.589990146357,406.067888614241,1.2759649319266,99.6,140.46011779265,23340.7708002477,0.9,102,43.7736216666667,-79.4626416666667,990,6.5418453134033,7.25741346937546,7.7,33.8328425922917,27.7,205.5,26.2,0.8,4
2018-08-09 16:32:18.400,180,39.4914429510825,1.8973191284278,1.94289601117545,1.32166652407204,396.761072604317,406.291914475748,1.35341942332754,103.3,140.467130077313,23458.1508895181,0.9,96.2,43.77362,-79.4626266666667,989.9,6.54152808530568,7.25570221802071,6.2,33.8347498867024,27.6,217.9,42.4,0.8,2.5
2018-08-09 16:32:19.400,179.8,39.4927081265436,1.89721585658759,1.94278950216365,1.35560276713934,396.955562264632,406.490974274374,1.38816676826073,103.5,140.478109168461,23457.8764233578,0.9,101.8,43.7736166666667,-79.4626083333333,990,6.54148160770378,7.26020120046502,4.4,33.8363459272687,27.6,253.7,37.5,0.9,1.6
2018-08-09 16:32:20.400,179.3,39.4927752006546,1.89748836563813,1.94319739374683,1.36008379914174,397.341011074375,406.912670108097,1.39284798083225,114.7,140.480111203928,23522.5658125425,0.9,101.1,43.77361,-79.4626083333333,989.9,6.54033554800364,7.25912608296898,2.2,33.8384188897678,27.6,267.9,120.1,1.3,1.6
2018-08-09 16:32:21.400,179.1,39.4903653056758,1.89469163893469,1.94043350661655,1.47713235093099,397.98548970364,407.59369664182,1.51279374450643,128.2,140.487217642418,23572.9795974936,0.9,98.7,43.7736083333333,-79.462615,989.9,6.54285943044712,7.25678816662944,1.1,33.8402150399679,27.6,243.2,123.1,1.2,1.9
2018-08-09 16:32:22.400,179,39.4887465719754,1.89354766015579,1.93933362196029,1.53262499817323,397.56576829507,407.178877060894,1.56968359416228,146.4,140.489788001914,23609.0624544333,0.9,97.1,43.77361,-79.4626183333333,989.9,6.54530641627882,7.25603445590982,0.5,33.8419402840737,27.7,242.7,136.4,1,2.1
2018-08-09 16:32:23.400,179.1,39.4912018802413,1.89395340403181,1.93994132009926,1.4336782300796,396.827014060598,406.462456025062,1.46848640513526,127.9,140.45098789915,23705.7508509185,0.9,96.8,43.7736083333333,-79.46262,990,6.54363086665698,7.25458091023526,0.3,33.8440919713463,27.7,229.9,116.8,1.1,1.8
2018-08-09 16:32:24.400,179.2,39.4885821718688,1.89516901365544,1.94104745948378,1.37578566141482,396.613433858544,406.214823459385,1.40909205497225,91.2,140.462642897158,23636.1284878971,0.9,89,43.7736083333333,-79.46262,989.9,6.54336246273508,7.25835856032405,1.2,33.8458602831132,27.7,175.9,49.2,0.4,1.4
2018-08-09 16:32:25.400,179.1,39.4848449036001,1.89607431035427,1.94209922973141,1.55682455552449,396.450589600577,406.073994900861,1.59462517227861,88.6,140.48052642,23698.7400079387,0.9,92,43.7736083333333,-79.462615,990,6.54097459830867,7.25810254887723,2.4,33.8473795563142,27.8,140.9,0.4,0.5,1.1
2018-08-09 16:32:26.400,179.1,39.4891737978976,1.89655614956851,1.94247096733093,1.38719050671927,396.997278531333,406.608410792433,1.42078856094774,96.9,140.446209358228,23637.5049420941,0.9,98.5,43.7736083333333,-79.4626083333333,989.9,6.54048288702342,7.25204066900965,2.9,33.8494742538836,27.8,182.4,50.3,0.5,1.6
2018-08-09 16:32:27.400,179.1,39.4937775426151,1.89407954199449,1.93966906780855,1.4042944253981,396.548087578883,406.092755353098,1.43808959766055,99.5,140.493205191665,23503.6724236313,0.9,100.5,43.7736066666667,-79.4625883333333,990.1,6.54624231449969,7.25504643155716,3.8,33.8513007894207,27.8,228.8,47.8,1,1.7
2018-08-09 16:32:28.400,178.9,39.4984537450613,1.89629187553459,1.94200244824612,1.47973527309406,395.711767524125,405.250466827088,1.5154048727013,103.5,140.486273505601,23537.7951202733,0.9,103.1,43.7736033333333,-79.4625733333333,990,6.54687582866703,7.25864046117005,3.7,33.8531573605731,27.8,214.2,41.9,0.9,0.9
2018-08-09 16:32:29.400,178.7,39.5071944932496,1.90242160979816,1.9484506773559,1.28971023056401,395.626352747312,405.198633018944,1.32091016004204,105.6,140.445414891266,23623.5410369452,0.9,105.7,43.7736,-79.4625583333333,990,6.54569693624188,7.25885584909321,3.8,33.8548535058881,27.8,253.8,48.4,0.8,2.3
2018-08-09 16:32:30.400,178.6,39.5069573806463,1.89937769323914,1.94505671961027,1.28173628984661,395.755774156656,405.273540173961,1.31255654233452,105.2,140.483101928554,23484.7622707961,0.9,102.5,43.7735966666667,-79.46254,990,6.54780253418119,7.2549447068562,4,33.8563860837554,27.8,183.3,48.4,1.7,3.6
2018-08-09 16:32:31.400,178.3,39.513531072557,1.90207677190949,1.94772896801745,1.41652020647658,395.377501086293,404.867149902103,1.45051920919094,105.3,140.457902655018,23438.8642268744,0.9,106.7,43.7735933333333,-79.46252,990,6.54426777734369,7.25627752330559,4.4,33.8586506607324,27.8,205.5,28.4,1.2,3.3
2018-08-09 16:32:32.400,177.6,39.5222026086177,1.90399778700631,1.94986980730521,1.3970379049258,395.356394567505,404.881598255039,1.43069429997079,107.2,140.471797208154,23525.7681497989,0.9,107.1,43.77359,-79.462505,990,6.54410768632524,7.25816262188071,4,33.8603402588259,27.8,200.2,53.4,1.1,3.7
2018-08-09 16:32:33.400,177.7,39.5263051154052,1.90394715005514,1.94981981925731,1.4963443649275,395.89096904698,405.429394467953,1.53239573480397,104.9,140.49306508681,23526.5990117218,0.9,109.9,43.77359,-79.46249,990,6.54288209290396,7.25191169955415,3.7,33.8619740738593,27.8,236.2,96.2,1.4,2.5
2018-08-09 16:32:34.400,178.1,39.5316557028096,1.90292646013492,1.94857291690877,1.52640778777789,395.632013355034,405.122238700375,1.56302394408021,109.2,140.462252867378,23425.5544156266,0.9,107.1,43.7735883333333,-79.462475,990,6.53821636392561,7.25753913015258,3.5,33.8642145328967,27.8,253.9,80,1.4,1.9
2018-08-09 16:32:35.400,178.3,39.5333502432439,1.90388715332852,1.94935637814331,1.28817826208097,395.589623219694,405.037172433226,1.31894943254714,112.6,140.496932875106,23325.1140018492,0.9,107.2,43.7735833333333,-79.46246,990,6.54229804820557,7.26080276634236,3.5,33.8660993022225,27.8,238,98.9,1.6,2.6
2018-08-09 16:32:36.400,178.5,39.5344258898132,1.90257537688352,1.94816589191736,1.64648271896912,394.896963462604,404.359658083194,1.68595472079168,107.4,140.501371639809,23401.728571758,0.9,105.7,43.7735783333333,-79.462445,990,6.54170020184428,7.26226942532527,3.3,33.8677175735451,27.8,207.5,87,2.2,3.5
2018-08-09 16:32:37.400,178.6,39.5398389125487,1.90607367738559,1.95188305517351,1.52516455208485,394.460337432712,403.940581755918,1.56181592627599,109.2,140.446527830387,23469.2993189599,0.9,109.9,43.773575,-79.4624333333333,990,6.54144909634362,7.26231366947864,3.3,33.8694734308306,27.8,236.2,111.5,2.3,4.4
2018-08-09 16:32:38.400,178.5,39.5361104843113,1.89968293786759,1.94497670231265,1.41145915460162,395.21001678532,404.632859393451,1.44511231478188,102.6,140.480434734495,23287.4663156699,0.9,110.3,43.773575,-79.462425,989.9,6.54202162230894,7.26026961964227,3.3,33.8713942595865,27.8,238.4,110.8,2.5,4.3
2018-08-09 16:32:39.400,178.2,39.5319950284546,1.90366860107147,1.94890124038782,1.69527722584242,394.930131565147,404.313962678253,1.7355572229321,112.3,140.481025548503,23209.3610561968,0.9,111,43.773575,-79.4624166666667,989.9,6.54719219938088,7.26056582574235,2.9,33.873252331424,27.8,244,133.3,3.1,4.5
2018-08-09 16:32:40.400,178.3,39.5343408341571,1.90544919435141,1.95113263890569,1.51833983073919,395.61932800984,405.104430816431,1.55472431522336,108.1,140.456426383745,23413.8481116693,0.9,114.7,43.773575,-79.4624066666667,989.9,6.54399698481616,7.25618629041311,3.1,33.8749451392229,27.8,265.8,134.7,3.2,4.2
2018-08-09 16:32:41.400,178.4,39.5321716763864,1.90345093741255,1.94880090749332,1.49886117824347,395.02337203916,404.434923485754,1.53456756477838,113.3,140.500902606923,23270.7069554423,0.9,113,43.7735733333333,-79.4623933333333,989.8,6.54086865196515,7.25840062721,3.3,33.8769895039033,27.8,242,113.6,2.9,6
2018-08-09 16:32:42.400,178.8,39.5307596301011,1.90002869951201,1.94542505581818,1.28714299242728,394.920138048372,404.355917624376,1.31788707624166,109.8,140.481780588262,23335.3533741742,0.9,109.3,43.7735733333333,-79.46238,989.8,6.54635372111358,7.25975553445925,3.5,33.8788438412814,27.8,233.2,109.5,3.8,7
2018-08-09 16:32:43.400,178.8,39.5351002457549,1.90187294191764,1.94735487688934,1.45284211134342,394.887287459503,404.330799942642,1.48758421038916,110,140.475237816885,23355.935773318,0.9,109.7,43.77357,-79.46237,989.9,6.54853038184351,7.25999404780214,3.5,33.8804420476004,27.8,235.3,111.4,3.9,6.5
2018-08-09 16:32:44.400,178.6,39.5432220906989,1.90220888046289,1.94798390383517,1.65372994245629,394.920493747568,404.423990147959,1.69353086527273,110.4,140.506592073546,23498.7335115548,0.9,108.5,43.7735666666667,-79.46236,989.9,6.5391617352669,7.26127124918238,3.5,33.882270696366,27.8,246.3,130.9,3.4,5
2018-08-09 16:32:45.400,178.5,39.5512190066799,1.90221917351477,1.94774542153475,1.47901002219297,395.743200615903,405.214666744643,1.51441818887902,111.3,140.479633893583,23374.1119443966,0.9,105.2,43.7735616666667,-79.462345,989.8,6.53247471178432,7.24800245810138,3.5,33.8841817351477,27.8,252.5,135,2.8,4.4
2018-08-09 16:32:46.500,178.2,39.5581057888451,1.8974982804404,1.94246219614136,1.22635321538545,395.786928500461,405.165620316564,1.25542248413458,106,140.465491742539,23147.7976242482,0.9,101.9,43.7735566666667,-79.4623333333333,989.9,6.54015162333991,7.25742362975512,3.7,33.8861689576725,27.8,239.2,123.3,3.9,6.8
2018-08-09 16:32:47.500,177.8,39.5604924504756,1.89984434565886,1.94483886634353,1.41137573249616,395.926264871713,405.303067353872,1.444803648058,106.2,140.477397768432,23135.2912760758,0.9,99.4,43.7735566666667,-79.4623216666667,989.8,6.53944196089901,7.25943205474867,3.5,33.8883143000338,27.8,232.7,116.2,3.8,7.3
2018-08-09 16:32:48.400,177.7,39.5652799164553,1.8985276488262,1.943570099613,1.43961645697958,396.521707478732,405.929134445719,1.47377111677115,102.3,140.450071155624,23174.9127510522,0.9,96.3,43.7735533333333,-79.46231,989.9,6.54230185503072,7.25882800531648,3.7,33.8898774302804,27.8,228.2,112.2,3.5,6
2018-08-09 16:32:49.400,177.9,39.5668684433128,1.90129838516167,1.94633787047911,1.51067282930747,395.943496918696,405.322869543264,1.54645761582316,109.6,140.489080895892,23140.3848002715,0.9,93.2,43.7735483333333,-79.4622983333333,989.8,6.54415803787271,7.25637880837976,3.3,33.8915207925229,27.8,224.8,112.2,3.4,7.6
2018-08-09 16:32:50.400,177.9,39.5708184374598,1.90353120635258,1.94846463503626,1.49261178237623,395.951336149351,405.297907603177,1.52784616011015,108,140.501283117223,23060.9694236936,0.9,91,43.7735433333334,-79.4622866666667,989.8,6.54030331610923,7.26055303379267,3.5,33.8934110373284,27.8,230.4,134.6,4.9,8.7
2018-08-09 16:32:51.400,178.4,39.5782821890249,1.90182786432985,1.9464163394864,1.65893322165393,396.49171494155,405.787438079156,1.69782060533463,106,140.480297610808,22907.9246231893,0.9,94.3,43.7735416666667,-79.462275,989.8,6.53925012523788,7.25849475396162,3.3,33.8953896462061,27.8,227.3,116.8,4.3,6.5
2018-08-09 16:32:52.400,178.6,39.5833901777389,1.90206767596338,1.94656836177142,1.31430286135865,395.794260049791,405.05411687234,1.34505349904615,102.2,140.474268580804,22860.8032759181,0.9,93,43.7735383333333,-79.46226,989.8,6.54112455701265,7.26429672435962,3.5,33.8973991222302,27.8,225.6,115.9,3.5,6.4
2018-08-09 16:32:53.400,179,39.5834537066515,1.90151734199982,1.94610878772025,1.42446500706449,396.183890192703,405.474577618643,1.45787155261472,104.2,140.498970353107,22913.0292769923,0.9,90.5,43.773535,-79.4622466666667,989.8,6.53749720554578,7.26150268562914,3.8,33.8987108192787,27.8,231.1,125,3.4,4.9
2018-08-09 16:32:54.400,179,39.582270283946,1.90059532471779,1.94520403531116,1.58353730798543,397.143092937845,406.464425373232,1.62070373317686,102.4,140.433942227877,22932.6024827092,0.9,89.1,43.773535,-79.4622333333333,989.8,6.54050857153303,7.25694485620636,3.5,33.9012637022209,27.8,242.5,118,2,2.8
2018-08-09 16:32:55.400,178.6,39.5717662306939,1.90489522112984,1.9493106565253,1.71145872663334,397.561689821549,406.831513460732,1.75136053366105,104.8,140.461801694462,22785.34804629,0.9,90,43.773535,-79.4622283333333,989.8,6.54082383276964,7.25172672273794,1.6,33.9025812296106,27.8,237.6,116.1,1.9,4.2
2018-08-09 16:32:56.400,178.5,39.5603548717346,1.90130808363817,1.94560446229325,1.54441328689946,397.406039374927,406.664675203071,1.58039385813408,120.1,140.486212326271,22767.0751001188,0.9,94.3,43.773535,-79.46223,989.7,6.54353292702254,7.25672940821681,0.5,33.9045972645074,27.8,212.7,106.6,3.9,7.1
2018-08-09 16:32:57.500,178.5,39.5608300365153,1.90012946454839,1.94413494506492,1.5125004133232,397.697226546548,406.907525816243,1.54752814349922,126.7,140.44328736169,22634.7946209028,0.9,91.7,43.7735366666667,-79.4622333333333,989.6,6.54677686560687,7.26392882958451,0.3,33.9064496806372,27.8,198.2,101,2.4,4.2
2018-08-09 16:32:58.500,178.6,39.558991141646,1.90146260700372,1.94550617456172,1.67510664202286,397.830048666327,407.044871541305,1.71390758951712,138.7,140.496535442492,22638.3837130336,0.9,90.7,43.7735366666667,-79.4622366666667,989.7,6.54160541756683,7.25999897856161,0.1,33.9084302628608,27.8,194.5,104.6,1.9,2.9
2018-08-09 16:32:59.400,178.9,39.5584242855129,1.90229957229468,1.94615530413289,1.58944233778943,397.481562858209,406.645201171127,1.62608763712848,149.6,140.483247284543,22534.556623016,0.9,90.6,43.7735366666667,-79.4622366666667,989.6,6.54107534899102,7.26176598617381,0.1,33.910071698405,27.8,218.1,131.3,1.8,3.7
2018-08-09 16:33:00.500,179.4,39.5607932029198,1.89906531339153,1.94270650852672,1.54109235069346,397.037642508886,406.161727472389,1.57650770446336,164.2,140.438267232239,22464.210839518,0.9,90.7,43.773535,-79.4622383333333,989.8,6.53997998263389,7.26225705606251,0,33.9118015384394,27.8,240.9,139.1,1.4,2.5
2018-08-09 16:33:01.500,179.9,39.5577346142462,1.90232053972109,1.94567281182739,1.55618487048697,397.843233420716,406.909891983762,1.59164940309095,173.2,140.499242034093,22281.7496479636,0.9,90.6,43.7735333333333,-79.4622416666667,989.6,6.53767999340801,7.25593699794726,0,33.9140110065442,27.9,225.4,149.3,2.2,5.3
2018-08-09 16:33:02.500,180.3,39.5594450427497,1.90378392719311,1.94688039440641,1.54114059888958,397.970731800067,406.979897833537,1.57602862550531,202.2,140.459424805569,22136.498480328,0.9,90.5,43.7735333333333,-79.4622433333333,989.7,6.5393088806156,7.25833503342706,0,33.9152895609121,27.9,217.8,134.6,3,5.1
2018-08-09 16:33:03.500,180.5,39.5653992960696,1.90242334095832,1.94548147211338,1.46503099231092,397.964886930356,406.972177036399,1.49818938342695,196.4,140.438636170831,22132.5696921641,0.9,90.3,43.7735333333333,-79.462245,989.7,6.54449115476885,7.25825154669004,0,33.9174583433635,27.9,229.3,138.2,2.7,5.7
2018-08-09 16:33:04.400,180.6,39.56415208472,1.90079957662121,1.9440402692082,1.45613645379739,398.567420519448,407.634356140228,1.48926172518419,224.1,140.49778452547,22242.6424355076,0.9,90.5,43.773535,-79.4622466666667,989.6,6.54299763029741,7.25480524579911,0,33.919056247403,27.9,221,135.9,4.1,8.9
2018-08-09 16:33:05.500,180.7,39.5668620405591,1.90280075798109,1.94618404970185,1.43103916295105,398.416535492972,407.500358318752,1.46366599572001,219.8,140.456852912128,22291.4558613167,0.9,90.3,43.773535,-79.4622483333333,989.6,6.53850751067589,7.24950379856835,0,33.9212501366706,27.9,234.2,143.5,4.8,8.2
2018-08-09 16:33:06.500,180.6,39.5645227402904,1.90174721713105,1.94490704530082,1.68537652730679,397.541609940652,406.563728588735,1.72362165641576,243,140.497721701258,22191.118274131,0.9,90.6,43.773535,-79.46225,989.6,6.54282371908323,7.25801749799941,0,33.9228063605594,27.9,226,134.4,3.5,6.7
2018-08-09 16:33:07.500,180.6,39.5628447891111,1.90473248496983,1.94790884763063,1.43186780470314,398.029687318888,407.052251400554,1.46432541934311,233.2,140.504434331065,22165.696024151,0.9,90.9,43.773535,-79.4622516666667,989.7,6.53875850141903,7.25289724487485,0,33.92457515798,27.9,230.6,142.5,3.1,6.1
2018-08-09 16:33:08.500,180.6,39.5602447422582,1.90347859793144,1.94648877318848,1.21240899926802,397.815570789199,406.804543984935,1.239805724337,226.6,140.457091408744,22096.3586251558,0.9,90.9,43.7735366666667,-79.4622533333333,989.6,6.54125097252111,7.25308423711751,0,33.9265518900415,27.9,232.9,145.3,3.1,7.7
2018-08-09 16:33:09.500,180.5,39.5529401876005,1.90086811226388,1.94390528006688,1.26624569041769,397.539559606586,406.540170987547,1.29491480492606,236.3,140.499626782841,22139.4843190487,0.9,90.7,43.7735383333333,-79.4622533333333,989.6,6.53954036247562,7.25932690675031,0,33.9281628260778,27.9,227.8,133.4,3.5,7.8
2018-08-09 16:33:10.500,180.4,39.5518464847946,1.90517616014301,1.94843854323739,1.28530496250563,397.813543483303,406.846990522599,1.31449164743354,249,140.477655143168,22203.484877348,0.9,90.7,43.7735383333333,-79.462255,989.6,6.53433512219211,7.26019473577804,0,33.9304687763822,27.9,224.3,134.5,4,7.4
2018-08-09 16:33:11.500,180.4,39.5540453267784,1.89703170070009,1.94011115653749,1.56709479188874,397.697762763662,406.7291704241,1.60268141193561,218.1,140.450414930183,22204.7761283508,0.9,90.4,43.7735383333333,-79.462255,989.5,6.54953501548587,7.25696571868845,0,33.9319620696167,27.9,219.1,128.1,3.8,7.5
2018-08-09 16:33:12.500,180.3,39.5539176711108,1.90003543453625,1.94299741738062,1.44323202188532,398.268485813771,407.273841627085,1.47586620388262,235.3,140.501696422262,22111.3601741528,0.9,90.5,43.7735366666667,-79.462255,989.7,6.54488023075084,7.25650252564435,0,33.9339659937792,27.9,216.3,126.5,3.9,6.9
2018-08-09 16:33:13.400,180.3,39.5575180777103,1.90426379158473,1.94739588548134,1.46792764083228,397.887038710249,406.899331651476,1.50117741974975,222.3,140.479516670222,22148.6592122301,0.9,90.7,43.7735366666667,-79.462255,989.6,6.54113163394624,7.26359782645193,0,33.9354541420711,27.9,218.9,128.3,4.4,8.1
2018-08-09 16:33:14.500,180.3,39.5623453833328,1.89740482207552,1.94009191588954,1.66397009915511,398.298880285909,407.259518172153,1.70140241556543,242.1,140.474478758991,22002.317847666,0.9,90.9,43.773535,-79.462255,989.6,6.54622077596757,7.2643329326556,0,33.9376097903525,27.9,221.4,129.5,4,7.7
2018-08-09 16:33:15.400,180.2,39.5642029027371,1.89993380641832,1.94268128063919,1.57961598403775,398.273025967952,407.233831255956,1.6151565772409,210.1,140.507918602425,22004.2240264268,0.9,90.9,43.7735333333333,-79.4622533333333,989.6,6.54673042134084,7.25962171143012,0,33.9395392200173,27.9,219.3,128.3,3.3,6.1
2018-08-09 16:33:16.400,180.1,39.5650608769034,1.9015316967296,1.94418556136746,1.55290055237958,399.150830329335,408.104346751632,1.58773419046048,215.6,140.473506537491,21939.3356402378,0.9,90.5,43.7735333333333,-79.4622533333333,989.6,6.54061437444445,7.26113514633905,0,33.9412641964074,27.9,221,137.6,2.8,5.1
2018-08-09 16:33:17.400,179.9,39.56818043345,1.90136927978023,1.94384938835247,1.58299504477292,399.510420159552,408.436219622983,1.61836202885856,199.7,140.459105528077,21853.6111085243,0.9,90.5,43.7735316666667,-79.4622516666667,989.7,6.54456615047604,7.25558692529988,0,33.9431034579237,27.9,222.5,126.9,2.3,4.8
2018-08-09 16:33:18.400,179.6,39.5669097811417,1.90226060040342,1.94470724221304,1.4424365603317,400.203473204239,409.133425934364,1.47462242981334,105.7,140.473310006724,21826.5337365223,0.9,89.2,43.7735316666667,-79.4622516666667,989.6,6.53919391382576,7.2555126001793,0.1,33.9451766008517,27.9,222.2,128.4,2.1,4.2
2018-08-09 16:33:19.500,179.5,39.5574475725018,1.90035057385829,1.94235752113899,1.41070623429308,399.015554132919,407.835779122278,1.44188973357511,149.1,140.469267184287,21626.9630141531,0.9,87.4,43.7735333333333,-79.46225,989.6,6.54590630121289,7.2569735282033,0,33.9470922108772,27.9,225.4,145.1,2.2,4.7
2018-08-09 16:33:20.500,179.4,39.5576661510092,1.89840506318779,1.94029952937408,1.36267124155761,400.039033972036,408.867266394717,1.39274327164322,256.4,140.46452095869,21591.948308914,0.9,87.2,43.7735333333333,-79.46225,989.5,6.54134958443417,7.25539823757796,0,33.9484951227676,27.9,228.5,140.4,2.4,4.7
2018-08-09 16:33:21.500,179.3,39.5559652880852,1.90100756916002,1.94274792642891,1.65481258184624,399.307404573947,408.07501777388,1.69114612384381,235.1,140.493370721649,21485.3214854835,0.9,87.7,43.773535,-79.46225,989.6,6.5415149432415,7.25441056536759,0,33.9507140928173,28,237.7,153.4,2.8,5.8
2018-08-09 16:33:22.400,179.2,39.5552989118793,1.90038934846054,1.94204232976851,1.492187677274,400.099279710794,408.868642728176,1.52489456710571,215.2,140.47088965274,21447.9610545646,0.9,88.2,43.773535,-79.4622516666667,989.6,6.53825423362701,7.25844504808628,0,33.9526680507444,28,244.6,158.5,2.7,5.9
2018-08-09 16:33:23.500,179.2,39.5552990601782,1.90312046631124,1.94443043089874,1.42109906941353,399.068666892924,407.731034835313,1.45194588987444,192.3,140.46563157505,21245.1376393161,0.9,87.9,43.7735366666667,-79.4622516666667,989.7,6.5439272524581,7.26686718707169,0,33.9543195628975,28,254.6,167.4,2.5,4.9
2018-08-09 16:33:24.400,179.2,39.5530130299058,1.9056408586293,1.94728290414344,1.46790228246934,398.677613826985,407.389590591255,1.49997884443471,200.6,140.493896545336,21384.9103246509,0.9,88,43.7735366666667,-79.4622516666667,989.6,6.54489452273624,7.25771544773288,0,33.955980408108,28,248.5,156.2,3.1,6.5
2018-08-09 16:33:25.400,179.3,39.5601747504279,1.9035882616232,1.94499346873211,1.37541776958466,399.907653602015,408.606173594411,1.40533562877487,212.4,140.44008551606,21288.3658304473,0.9,87.8,43.7735366666667,-79.4622533333333,989.5,6.54415805987453,7.25583767162132,0,33.9583460733702,28,241.4,150.9,3.6,7.4
2018-08-09 16:33:26.500,179.6,39.555905680066,1.90164265303393,1.94290113308758,1.45024080004562,398.445107015573,407.089926980223,1.48170544920899,37.5,140.469491204704,21235.5787212405,0.9,87.8,43.7735383333333,-79.4622533333333,989.7,6.54705741760876,7.25919784707267,0,33.9598051994636,28,237.2,145.5,3.7,7.5
2018-08-09 16:33:27.500,179.7,39.5532305849385,1.90227192994478,1.94387926068683,1.52085539660381,398.433309386497,407.147961322282,1.55412035035834,193.4,140.494120996683,21404.2480177554,0.9,87.7,43.77354,-79.4622533333333,989.6,6.53849687313214,7.26066030206009,0,33.9615428380956,28,235.1,149.8,4.7,9.2
2018-08-09 16:33:28.500,179.7,39.5550407572694,1.90195222636037,1.94351994187399,1.24425860730021,398.990603848849,407.71063696388,1.27145296831946,216.6,140.432184608962,21387.9900490817,0.9,87.7,43.7735416666667,-79.4622516666667,989.6,6.54110854032482,7.25316969748795,0,33.9640803356579,28,252.5,167.8,4.2,9.1
2018-08-09 16:33:29.500,179.8,39.5560836321643,1.90016871522244,1.94130664374318,1.51404472291845,399.215510313864,407.858160943641,1.54682201536522,19.4,140.474303969705,21190.5237824103,0.9,87.7,43.7735416666667,-79.4622516666667,989.6,6.54186941538619,7.24935960752594,0,33.965251725232,28,255,160.1,4.3,7.5
2018-08-09 16:33:30.500,179.8,39.5551844617738,1.90025419616585,1.94173861361017,1.56574232151471,398.657272997974,407.360496439487,1.599924577422,197.1,140.491735644996,21364.8953489054,0.9,87.7,43.7735433333334,-79.46225,989.7,6.54694599373541,7.25892594922154,0,33.9674653228435,28,238.2,149.1,4.6,8.2
2018-08-09 16:33:31.500,179.7,39.5626471704638,1.90457187562739,1.94629706765627,1.34394534506985,398.6636004441,407.397594950899,1.37338885519335,190.7,140.436006906549,21438.6512466682,0.9,87.8,43.7735433333334,-79.46225,989.7,6.54166122198898,7.25490511974921,0,33.9694058060853,28,229.3,146.9,3.7,7.2
2018-08-09 16:33:32.500,179.7,39.5499801716052,1.90139631289872,1.94288419734603,1.60532968156444,397.416814502434,406.088359829411,1.64035770361552,286.7,140.510907265138,21353.8545784075,0.9,87.5,43.7735433333334,-79.4622483333333,989.6,6.54458112721982,7.26442167643407,0,33.9710473092502,28,235.1,152,4.2,8.5
2018-08-09 16:33:33.500,179.7,39.55126,1.902812,1.944356,1.380707,398.4773,407.1771,1.410851,84.5,140.4733,21366.2,0.9,88.2,43.7735433333334,-79.4622483333333,989.5,6.542432,7.2526,0.1,33.97278,28,237.8,155.5,4.5,8.2
2018-08-09 16:33:34.500,179.6,39.5622299688779,1.8999174840004,1.94164393655807,1.33052882665782,397.861210470222,406.599060314612,1.3597496205305,82.2,140.439119910595,21490.0116263652,0.9,85.9,43.7735433333334,-79.4622466666667,989.7,6.54844469715368,7.2603285516721,0.5,33.9752509592206,28,241.4,156.5,4.9,10.3
2018-08-09 16:33:35.500,179.6,39.5603657701034,1.89808164609438,1.93977410458088,1.15561162560231,397.371120628976,406.099507981072,1.18099421102764,86.3,140.508743104536,21493.1889899468,0.9,83.7,43.7735433333334,-79.4622466666667,989.5,6.54150229092489,7.259577389704,1.1,33.9765992482769,28,239.9,155.1,5.5,9.6
2018-08-09 16:33:36.500,179.6,39.5619771870458,1.9032756297627,1.94499242690328,1.55320502686691,398.143452797702,406.870091920921,1.58724945048448,86.1,140.455809349133,21448.2611751918,0.9,83.5,43.7735433333334,-79.4622466666667,989.6,6.5453956083887,7.25398475079092,1.2,33.9784574976305,28,250.5,168,4.3,7.3
2018-08-09 16:33:37.400,179.6,39.5623950771135,1.8984432790353,1.93989471525776,1.47600694007377,396.929010648341,405.595751162269,1.50823455706403,85.2,140.482181004076,21367.7058384931,0.9,83.5,43.7735416666667,-79.4622466666667,989.7,6.54642190973499,7.26861468359228,2.2,33.9808397322139,28,244.8,150,3.2,5.5
2018-08-09 16:33:38.500,179.6,39.5601961880065,1.89327571215459,1.93469932025823,1.24596221036334,398.004584181523,406.712743662872,1.27322341587363,83.4,140.517519870353,21411.0838670693,0.9,76,43.7735416666667,-79.4622433333333,989.5,6.54909360259346,7.25846056888251,3.5,33.9821106547809,28,242.8,169.8,3.2,5.8
2018-08-09 16:33:39.500,179.7,39.5600549350616,1.89904687770907,1.94093508333702,1.3169933728094,398.071316989161,406.851698590879,1.34604130569747,78.8,140.446778030219,21581.2282684813,0.9,70.2,43.7735433333334,-79.4622266666667,989.7,6.54716590152771,7.25379358224645,4.2,33.9840998160141,28,247.7,161.5,3.5,4.9
2018-08-09 16:33:40.500,179.9,39.5621021741883,1.89707205724881,1.93880195099192,1.63247830123795,399.300054471208,408.083474743698,1.66839183903932,74.5,140.495636021365,21523.4365329896,0.9,69,43.7735466666667,-79.46221,989.5,6.54012430048045,7.25650559923712,4.4,33.9859944085461,28,236,152.8,3.4,4.8
2018-08-09 16:33:41.500,180.1,39.565423426936,1.89756266814115,1.93871378865531,1.2686284827417,398.320899798078,406.958920211276,1.29614107391591,73.1,140.497281712113,21225.7779690901,0.9,70.4,43.7735483333333,-79.4621916666667,989.6,6.54640959992698,7.25752452094081,4.2,33.987735688801,28,243.7,158.6,4,5.6
2018-08-09 16:33:42.500,180.1,39.5694079868588,1.89817428858083,1.93944671334706,1.52401924068594,398.108811726055,406.764839220187,1.55715570458713,72.1,140.447984488975,21280.181621138,0.9,74.2,43.7735516666667,-79.462175,989.6,6.54132592601881,7.25568859279441,4,33.9893569313695,28,220.4,133.2,4.1,5.7
2018-08-09 16:33:43.500,180.3,39.5709036782092,1.89829732663627,1.93946595067035,1.51785638650343,398.151635512328,406.78637256592,1.55077468331668,75,140.509525349817,21226.6049805794,0.9,79.4,43.7735533333333,-79.4621583333333,989.6,6.53831857574867,7.26234422083424,3.8,33.9917874796375,28,237.2,148.8,4.9,7.5
2018-08-09 16:33:44.500,180,39.5765190021476,1.89724504380544,1.9384611185337,1.75992206524032,398.773405323538,407.43641032608,1.79815650267497,76.2,140.4821267282,21262.2136970024,0.9,82.9,43.7735533333333,-79.46214,989.7,6.5374261299113,7.2551678970048,4,33.9933661480401,28,229.2,139.1,4.4,7.4
2018-08-09 16:33:45.500,179.6,39.58348616938,1.89675886284717,1.93764386284717,1.56326722213418,399.225796523296,407.831125311237,1.59696346883443,77.4,140.450055827123,21100.2204546778,0.9,82.2,43.773555,-79.4621233333333,989.6,6.53850541508103,7.25100741662162,4,33.9952208935338,28,226.4,136.8,5.5,8.6
2018-08-09 16:33:46.500,179.7,39.584350316001,1.89791278214463,1.93877509772447,1.53678364924665,399.279648364035,407.876168590025,1.56987197842441,77,140.493952746658,21076.2540482067,0.9,82.4,43.7735566666667,-79.4621083333333,989.6,6.54232588019398,7.25595869969075,4.2,33.9973717411343,28,227.5,141,4.6,7.3
2018-08-09 16:33:47.500,179.7,39.5863966206386,1.89472024835411,1.93533104160065,1.40465134057136,400.41148119282,408.993880606826,1.43476144500877,77.4,140.478341539263,20983.9609033847,0.9,80,43.77356,-79.46209,989.4,6.54340178291901,7.25180408827737,4.2,33.9990597090311,28,232.3,142.3,4.6,6.6
2018-08-09 16:33:48.500,179.6,39.5925359870719,1.8971279939074,1.9379508589048,1.86865041676714,400.029363600568,408.637339539839,1.9088668859698,76,140.469366349655,21065.1381803967,0.9,80.3,43.77356,-79.4620716666667,989.6,6.54373382314191,7.25389361584573,4.2,34.0011610979023,28,230.8,140,4.2,6.3
2018-08-09 16:33:49.500,179.5,39.5970254239104,1.89583459654764,1.93622142245289,1.51952455780856,400.228176310889,408.754220677483,1.55189422621371,76.6,140.51066157061,20858.4820038303,0.9,80.5,43.7735616666667,-79.4620533333333,989.4,6.54524359226282,7.25968631294561,4,34.0031315210902,28,229.9,142.9,4.8,8
2018-08-09 16:33:50.500,179.6,39.6019760791929,1.89791175310505,1.93862088256087,1.4906310503172,400.08351675662,408.665169011543,1.52260326267921,77,140.452850286934,20999.0793181104,0.9,82.6,43.773565,-79.4620366666667,989.5,6.54372122441362,7.26074362388593,4,34.0044976481909,28,232.4,140.3,4.8,6.5
2018-08-09 16:33:51.500,179.8,39.6051932413393,1.89378243149098,1.93428532873116,1.65933119355482,399.732482958835,408.281657043374,1.69482243605618,76,140.480697753649,20939.3075675084,0.9,84.5,43.77357,-79.462025,989.6,6.54986705622038,7.26018136602517,4,34.0064762611664,28,232.7,140.7,4.5,6.3
2018-08-09 16:33:52.500,180.1,39.6097014354523,1.89114253033173,1.93174475554126,1.89946060161945,400.585039846044,409.185360382533,1.94024370623735,80,140.463418358482,21018.2926580989,0.9,88.8,43.7735716666667,-79.46201,989.5,6.5426483432703,7.26178363305813,4,34.0089257335774,28,232.6,141.7,3.9,5.4
2018-08-09 16:33:53.400,180.1,39.6133775280341,1.89840326835236,1.93868291058483,1.82861999513871,400.41220106313,408.907935667768,1.86741925198897,80.3,140.465879181336,20776.6717077406,0.9,88.8,43.7735716666667,-79.461995,989.5,6.53842362140258,7.25579622484414,4.2,34.0103132750303,28.1,237.8,138.1,4,6.2
2018-08-09 16:33:54.500,180.1,39.6197363043894,1.89579475664218,1.93608808371168,1.96896788542259,399.937147055556,408.437358389588,2.01081650053012,77,140.479677856794,20811.5298273139,0.9,81.8,43.773575,-79.4619783333333,989.5,6.5373679776599,7.26063524690644,4.2,34.0122731691233,28.1,239.8,153.5,4.1,5.5
2018-08-09 16:33:55.500,179.8,39.6237849626605,1.89392894548172,1.93416378080657,1.59000557590802,400.774153509779,409.288221825677,1.62378392840814,75.4,140.487588872283,20802.0975205292,0.9,76.2,43.7735766666667,-79.4619633333333,989.5,6.54136182579998,7.25818103921057,4.2,34.0139109708745,28.1,247.1,167.9,3.8,4.6
2018-08-09 16:33:56.500,179.5,39.6281297838895,1.89422511753815,1.93440264042365,1.41671114320717,400.156339471301,408.64385945157,1.44676067020387,75,140.468121815217,20769.8991514601,0.9,74.4,43.7735816666667,-79.4619516666667,989.5,6.53592243487898,7.26240663930011,4,34.0155613490105,28.1,231.1,144.3,4,5.7
2018-08-09 16:33:57.400,179.5,39.6337424604214,1.89648050380642,1.93644573562564,1.40700901337568,400.194196819387,408.627519283001,1.43665518944926,75,140.472320205137,20638.3141428185,0.9,74.5,43.773585,-79.461935,989.6,6.53956910220445,7.26031175628264,4.2,34.0178001994073,28.1,224.3,135.1,3.4,4.7
2018-08-09 16:33:58.500,179.8,39.632505056798,1.89710846017448,1.93688513833134,1.65313632689674,399.976479305238,408.3627528657,1.68779774054356,75.4,140.490054030325,20536.2406832964,0.9,75.8,43.7735883333333,-79.4619183333333,989.5,6.5393224361845,7.26379688562998,4.4,34.0193155169152,28.1,226.9,133.5,3.6,5.5
2018-08-09 16:33:59.500,179.9,39.6371525934342,1.89415561028405,1.9339733711417,1.71072231902543,400.055804684563,408.465508413862,1.7466844852893,76,140.437100349569,20588.4950236799,0.9,74.6,43.77359,-79.4619016666667,989.5,6.54379269862761,7.25874886147648,4.4,34.0220747564275,28.1,214.8,134.4,4.4,6.5
2018-08-09 16:34:00.500,180.5,39.63290761712,1.89615412760791,1.93602534022881,1.74744180601551,400.245809162575,408.661989030882,1.78418612436398,76.3,140.475126159542,20594.5553781527,0.9,73.5,43.7735916666667,-79.4618833333333,989.4,6.5413813680506,7.25579137224736,4.2,34.0234093689551,28.1,217,130.9,3.6,5.5
2018-08-09 16:34:01.500,180.9,39.637568177537,1.89722868448605,1.93702408627455,1.65775340535397,399.848202175731,408.235225509886,1.69253252700475,76.2,140.478950320782,20544.5470530824,0.9,75.1,43.773595,-79.46187,989.5,6.5381377860858,7.25780259704652,4,34.0252141752399,28.1,219.6,133.8,3.9,5.7
2018-08-09 16:34:02.500,180.8,39.6481369220476,1.89479017758895,1.93434434397702,1.34036105536939,399.91332938717,408.261584966083,1.3683433035068,76.6,140.435990416039,20448.3912576565,0.9,76.1,43.7735966666667,-79.4618566666667,989.5,6.53950649309839,7.25864383843675,4.2,34.0274728145301,28.1,219.6,128.8,3.8,5.4
2018-08-09 16:34:03.500,180.6,39.6435733698153,1.89532551107789,1.93510353055187,1.44225992616663,399.748752338242,408.138548447253,1.4725284856629,75.2,140.509014356352,20556.0646262142,0.9,77.9,43.7735983333333,-79.4618383333333,989.5,6.54267664841298,7.26329859123671,4.4,34.0287916179182,28.1,223.8,133.5,3.6,5.1
2018-08-09 16:34:04.500,180.5,39.6447053467631,1.89357022172373,1.93320047980512,1.58770524253527,399.315419380723,407.672565185939,1.6209352172734,74,140.480213274957,20499.5339634804,0.9,79.8,43.7736016666667,-79.461825,989.3,6.54198827166266,7.26254399036625,4.2,34.030687976054,28.1,228.4,130,3.5,5.2
2018-08-09 16:34:05.500,180.7,39.6498179677117,1.89693730155185,1.93675503180912,1.78606792479397,399.720649467766,408.110990857206,1.82355265898822,76,140.442914602647,20558.9363143458,0.9,80.8,43.7736033333333,-79.46181,989.4,6.53740801735239,7.25757534429748,4.2,34.0327691546714,28.1,215.4,126.2,4.6,7.5
2018-08-09 16:34:06.500,181.1,39.6507875315773,1.89399325381774,1.93398803615827,1.56620018217009,399.720105399102,408.160801113301,1.59927348168335,75.3,140.496060728289,20679.8214567737,0.9,79.7,43.773605,-79.461795,989.4,6.53918593284613,7.25813797339854,4.4,34.0348141259927,28.1,210.3,116.8,4.1,5.8
2018-08-09 16:34:07.500,181.3,39.6607369412018,1.89339563520342,1.93323557866204,1.56908599637334,399.176808205578,407.576040340678,1.60210391168823,73,140.465622621634,20607.7500815884,0.9,78.4,43.77361,-79.4617783333333,989.4,6.54199665014976,7.26009161973226,4.2,34.0364403599781,28.1,225.6,134.8,3.3,4.3
2018-08-09 16:34:08.500,181.4,39.6675048768403,1.89735337820285,1.93751813605752,1.71832467746539,398.824809096029,407.26762276935,1.75470396014346,72,140.463247013161,20730.3414020924,0.9,80.5,43.7736133333333,-79.461765,989.3,6.53797767571566,7.26212647595735,4,34.0383192746301,28.2,234.3,139.1,3.1,4
2018-08-09 16:34:09.500,181.6,39.6715899290219,1.89392586116967,1.93440400769731,1.80091192506997,398.856435576862,407.381090052341,1.8394007277549,70,140.482448183793,20925.5324187186,0.9,80.1,43.7736183333333,-79.4617533333333,989.5,6.54022468921624,7.25489489449629,4,34.0402730841782,28.2,228.9,148.1,2.7,4
2018-08-09 16:34:10.500,181.6,39.678046225511,1.89293188771295,1.93346848758901,1.66924323418095,398.270586535511,406.799446677309,1.70499248791497,73.7,140.435298179947,20965.846280697,0.9,76.7,43.7736233333333,-79.4617383333333,989.4,6.53944077817786,7.25774566897465,4.4,34.042047783438,28.2,236.2,148.3,3.4,5.1
2018-08-09 16:34:11.400,181.8,39.677099975281,1.89468779259249,1.93510255519049,1.55072044162996,398.622949131073,407.125790100757,1.58379467307615,72.8,140.472011106135,20885.2030326474,0.9,74.9,43.7736283333333,-79.461725,989.3,6.5364366442953,7.25662199225264,4.6,34.0439667917548,28.2,233.3,155.5,3.1,3.1
2018-08-09 16:34:12.500,181.7,39.6768287238446,1.89300354018282,1.93385816513929,1.44289430845581,397.912687124091,406.500246001504,1.47402842232096,73.8,140.475680232273,21125.6577371006,0.9,75,43.7736316666667,-79.46171,989.4,6.54145895902976,7.25941997604463,4.4,34.0458102837923,28.2,250.7,179.2,3.9,6.1
2018-08-09 16:34:13.400,181.7,39.6807581336943,1.89775098945556,1.9391024021517,1.34892790897537,398.283361874171,406.961863365006,1.37832446539364,75.9,140.442606011433,21325.0887382196,0.9,78.1,43.7736333333333,-79.4616966666667,989.4,6.54135667060913,7.25361457716897,4.4,34.0481700913738,28.2,255.7,180.5,5.2,7.7
2018-08-09 16:34:14.500,181.7,39.6835713689407,1.89590924654132,1.93737699638153,1.51986720179341,397.356555973084,406.04770404632,1.55310873746286,76.8,140.492827400466,21404.2161059559,0.9,76.7,43.7736366666667,-79.4616816666667,989.3,6.53694118288283,7.2563951392238,4.4,34.0493703299932,28.2,248.8,161,4.7,5.6
2018-08-09 16:34:15.500,181.4,39.6916570488,1.89501654309326,1.93655492907324,1.35838489050845,397.000310135119,405.702531972666,1.3881586124922,77.2,140.483904673342,21449.764255287,0.9,77,43.7736383333333,-79.4616683333333,989.3,6.53656365248765,7.26043738534406,4.4,34.0514885455413,28.2,240.6,143.6,4,6.4
2018-08-09 16:34:16.500,181.1,39.6972174938226,1.89269715721393,1.93439770034017,1.28813379135485,397.14102399783,405.890836861573,1.31651609964856,76.3,140.457716634201,21557.0782955819,0.9,74.1,43.77364,-79.461655,989.3,6.5357130690135,7.25624089944487,4.2,34.0535700049419,28.2,211.8,127.3,4,6.1
2018-08-09 16:34:17.500,181,39.6960540777249,1.89209519523886,1.93401853299574,1.41381225009192,396.63761638369,405.42596569077,1.44514471616944,77.2,140.486585309609,21676.7066843788,0.9,74.3,43.7736416666667,-79.46164,989.3,6.53833739368809,7.25570422214194,4,34.0554024949699,28.2,227,151.9,3.9,5
2018-08-09 16:34:18.500,181,39.6988684512942,1.89218385311009,1.93437706494106,1.65840711726324,396.548277465144,405.390739632821,1.69538672148287,78.2,140.435318080699,21812.2405182049,0.9,78,43.7736433333333,-79.4616283333333,989.3,6.5414428928134,7.25873989066819,4,34.0571328405405,28.2,245.1,149.8,3.1,4.3
2018-08-09 16:34:19.500,181.1,39.6992185776856,1.89124181740397,1.93364624975867,1.65596456411905,397.171828080517,406.076830942218,1.69309259230924,78.6,140.462296614944,21929.5102713304,0.9,77.6,43.7736466666667,-79.461615,989.3,6.53738936081215,7.25671246973152,4,34.0588775974311,28.2,239,141.6,2.9,4.2
2018-08-09 16:34:20.500,181.3,39.7003205762797,1.89130361688148,1.93359133118168,1.68111690193974,398.276086101294,407.181188919156,1.7187035858511,79.2,140.486499799255,21870.2214551632,0.9,79,43.7736466666667,-79.4616016666667,989.4,6.5367519335041,7.2533407327457,4.4,34.0614173488162,28.2,230.6,147.5,3.8,7
2018-08-09 16:34:21.500,181.5,39.7079968396675,1.89089527856745,1.93300375877106,1.74084542347994,398.481680495693,407.355417314091,1.77961339694606,77.9,140.446079139709,21783.7692427865,0.9,78.4,43.77365,-79.4615866666667,989.4,6.53580431770171,7.24755331261147,4.4,34.0628687083312,28.2,231.1,138.3,4.8,6.1
2018-08-09 16:34:22.500,181.4,39.710392813394,1.89236259338687,1.93438317928624,1.63882818836757,397.991115858947,406.828676400761,1.67521906444014,78.9,140.499553701833,21723.1678386346,0.9,81.8,43.7736516666667,-79.4615716666667,989.3,6.53869643757388,7.25048463865051,4.2,34.0649223052331,28.2,228.9,137,5.5,10.3
2018-08-09 16:34:23.500,181.6,39.7143613829416,1.8872440571064,1.92925748513131,1.53226889604194,397.230064954539,406.073089211104,1.56637829449437,81.2,140.470257197509,21776.9078896702,0.9,86.6,43.7736533333333,-79.4615583333333,989.3,6.54233875314906,7.25153509965638,4.2,34.0666874853395,28.2,226.1,133.8,7,10.6
2018-08-09 16:34:24.400,182,39.7201179580613,1.88873395734557,1.93104146489831,1.4188721453401,397.257498134728,406.156171104341,1.45065289583605,81.5,140.457259054496,21909.4154149298,0.9,89.8,43.7736566666667,-79.4615466666667,989.3,6.53892196232421,7.25612938847943,4,34.0687459978654,28.2,227,130.2,6.4,12.3
2018-08-09 16:34:25.500,182.3,39.7196028436283,1.89061708430542,1.93304201107015,1.18886047874967,396.763357437099,405.666740077629,1.21553788832466,81.5,140.493568308816,21947.4942459319,0.9,92.4,43.77366,-79.4615333333333,989.2,6.53781730665702,7.25843890727024,3.8,34.070596231945,28.2,230.4,133.4,6.5,10
2018-08-09 16:34:26.400,182.8,39.7237985042054,1.89057369753388,1.93307107353065,1.21999008316778,396.88973763997,405.811348416071,1.24741231232152,84.2,140.463433125724,21984.4958275554,0.9,92.4,43.77366,-79.4615216666667,989.3,6.53423738883946,7.25538515891349,4,34.0725630966811,28.2,230.8,133.3,5.6,8.5
2018-08-09 16:34:27.400,182.9,39.7295207578823,1.89003653708396,1.93245200633633,1.39424112106501,397.075892075107,405.986895400547,1.42552989796621,87.5,140.452341213802,21949.0219076459,0.9,95.6,43.77366,-79.46151,989.4,6.53692918788898,7.25474898052096,3.7,34.0744721324425,28.2,231.4,125.1,4.7,6.9
2018-08-09 16:34:28.500,182.8,39.7319705465963,1.88653621589668,1.92880513594149,1.34033492901012,396.987478180363,405.882191824633,1.37036709204565,92.8,140.487548907692,21914.566000177,0.9,97.4,43.7736566666667,-79.461495,989.2,6.53935683478293,7.25410289127044,3.7,34.0758992573484,28.2,228.4,117.4,4.8,8.5
2018-08-09 16:34:29.500,183.1,39.7347714724317,1.88866773750831,1.93098588423857,1.17069271184647,397.802433265625,406.715700077955,1.19692508871456,96.3,140.458626532286,21915.1804728928,0.9,103.3,43.773655,-79.4614866666667,989.3,6.53374219928193,7.25031785213097,3.3,34.0782946563061,28.2,226.8,115,5.2,8.8
2018-08-09 16:34:30.500,183.3,39.731037530497,1.88910974517463,1.93134037878734,1.43602300053274,397.884176937099,406.778808813797,1.46812355673247,99.6,140.491889339809,21865.7890503158,0.9,106,43.7736533333333,-79.4614766666667,989.4,6.53500652620583,7.25532091203071,2.9,34.0799381142757,28.2,228,109,5,8.8
2018-08-09 16:34:31.500,183.3,39.7285590659423,1.88783045866512,1.9296447139568,1.47820856689998,397.419006956149,406.221643973094,1.51094852632826,100.4,140.489660138145,21669.4853045916,0.9,110.9,43.7736533333333,-79.4614683333333,989.3,6.53662750851635,7.25612725183806,2.2,34.0818090513776,28.1,222.4,103.1,5.2,8.8
2018-08-09 16:34:32.500,183.4,39.7315182610531,1.88868273494999,1.93034094394636,1.4784109483915,397.247999600308,406.010017543366,1.51102625415384,95.3,140.466161907002,21580.693820732,0.9,119.3,43.7736566666667,-79.4614683333333,989.2,6.53554157843245,7.25511115555018,0.7,34.0834988642849,28.1,234.4,115.6,4.6,9
2018-08-09 16:34:33.500,183.8,39.7332531235475,1.88943854200302,1.93079130317363,1.34144363644035,397.30157810885,405.996921139497,1.37079570842917,95.9,140.502660735254,21417.1935096736,0.9,120.4,43.7736566666667,-79.461465,989.2,6.53675424457237,7.25106275963406,0.3,34.0856831273889,28.1,232.9,112.3,5.1,9.4
2018-08-09 16:34:34.500,184.6,39.7386725162461,1.88612352234694,1.92693793522526,1.38365240058938,396.975108361944,405.565280615289,1.41359911012595,92.6,140.487432900586,21180.6341189516,0.9,118.7,43.7736583333333,-79.4614633333333,989.2,6.54039996176842,7.25432745843968,0.1,34.0874752904056,28.1,229.6,109.8,4.8,10.3
2018-08-09 16:34:35.500,185.2,39.7391674943928,1.88289576376236,1.923358660407,1.3322420254809,397.069130788285,405.602067074806,1.36087265412557,91.3,140.464377807799,21037.7058301081,0.9,117.2,43.77366,-79.46146,989.2,6.54407247781196,7.25779983084729,0.1,34.0892558568288,28.1,232.3,115.9,6.1,12
2018-08-09 16:34:36.500,185.2,39.7338235619683,1.88329325280574,1.9236246196115,1.37898072740593,398.023819939357,406.547729855364,1.40852240248458,107.2,140.495268605511,20966.5000000442,0.9,115.5,43.7736616666667,-79.46146,989.1,6.5366588692888,7.25410976752244,0.1,34.0909937750657,28.1,235.1,117.5,5.9,11
2018-08-09 16:34:37.500,185,39.7272570783482,1.88351630295477,1.92343048323752,1.24365287581569,397.776853416086,406.206294966401,1.27000687832232,99,140.463966326592,20751.6607701628,0.9,113.1,43.7736616666667,-79.4614616666667,989.2,6.53807022643796,7.25517289053633,0,34.0929322794563,28.1,224.7,109.7,5.6,11.1
2018-08-09 16:34:38.500,184.7,39.7237204501584,1.8861636691969,1.92614723187741,1.29303012456908,398.199221379034,406.64031577847,1.32043398582343,139.7,140.46457660268,20758.2142190883,0.9,112.5,43.7736616666667,-79.4614633333333,989.1,6.53700347132808,7.25089665216644,0,34.0947042423389,28.1,217.3,106.3,5.6,10.7
2018-08-09 16:34:39.500,184.4,39.7221375902207,1.88665959189921,1.92640781693116,1.43085747637245,398.552602649159,406.949265519078,1.46102736533471,106.5,140.497604303961,20633.1669770224,0.9,113.6,43.77366,-79.4614666666667,989.1,6.53772732609032,7.25252968396293,0.1,34.0963401258893,28,217.8,107.4,5.2,10.4
2018-08-09 16:34:40.500,184.2,39.7263910498586,1.88764190905529,1.9270441268834,1.15447241765454,398.267047803339,406.580387079378,1.17857062582214,106.9,140.467684542049,20447.07710162,0.9,112.9,43.77366,-79.4614683333333,989.1,6.53567882455468,7.2517295759409,0.3,34.0985205139777,28,223.5,109.7,5.1,9.6
2018-08-09 16:34:41.500,184.1,39.7342543709498,1.88774117872073,1.92709244206629,1.26582452131234,398.192097466275,406.492697466275,1.29220948603247,108.5,140.474939234406,20420.1050492871,0.9,115.4,43.7736583333333,-79.4614683333333,989.2,6.53850691875225,7.2539156478128,1.4,34.1001317553227,28,227.4,106.9,4.5,7.9
2018-08-09 16:34:42.500,184.1,39.7387110798734,1.88839053087119,1.92761648696606,1.35984593884886,398.710072679421,406.992164742241,1.38809999006375,117.3,140.492017695706,20349.4350317294,0.9,119.6,43.7736566666667,-79.4614683333333,989.2,6.53982837764217,7.25310663693793,2.4,34.1019442668563,28,218,95.3,3.9,8.1
2018-08-09 16:34:43.500,184,39.7416912917864,1.88688061642979,1.92592826661192,1.18143730287301,398.530764038571,406.777996547678,1.20588561323237,122.6,140.464421667351,20274.5513788097,0.9,129,43.773655,-79.4614633333333,989.2,6.53860741339391,7.25577460169808,3.7,34.1038721096732,28.1,226.8,73.7,4.2,6.7
2018-08-09 16:34:44.500,184,39.746612234245,1.88695789255041,1.92602576905806,1.23949315218172,398.451365814246,406.700975980761,1.26515395163887,134,140.475549396941,20284.3231307503,0.9,140.1,43.773645,-79.4614483333333,989.1,6.53576006494276,7.25219691102803,4.8,34.1059366570647,28.1,206.6,52.2,4.5,10.2
2018-08-09 16:34:45.500,183.8,39.7519018440915,1.8881084969573,1.92719046553218,1.42807506408478,398.890127819855,407.146912107295,1.45763496371965,142.6,140.470257515235,20279.5415785235,0.9,151.4,43.77363,-79.4614333333333,989.2,6.53729344578754,7.25168034591274,5.9,34.107713237514,28.1,209,39.4,5.2,11
2018-08-09 16:34:46.500,183.5,39.7527645502359,1.88694895008357,1.92604939119643,1.42045659897276,398.799072008946,407.062930896087,1.44989131736639,148.7,140.469396089756,20301.0951885076,0.9,162.1,43.7736116666667,-79.4614183333333,989.1,6.54219165854793,7.2551262332137,6.8,34.1092490092902,28,193.4,34.6,4.4,12
2018-08-09 16:34:47.500,183.4,39.7553472062438,1.88832332640417,1.92747193237414,1.34496245287981,398.795775303705,407.063503231757,1.37284399706271,148.1,140.483468327636,20310.701217246,0.9,153.4,43.7735933333333,-79.4614033333333,989,6.53793315518334,7.25387751366733,7.7,34.111317929954,28,199.4,37.5,4.8,11.6
2018-08-09 16:34:48.500,183.3,39.7600644783295,1.88789589411944,1.92708556601538,1.25485388697087,398.596881555551,406.870978087516,1.28090224038379,146.2,140.485447431397,20335.9572456494,0.9,153.1,43.7735733333333,-79.461385,989.1,6.53711458580002,7.25391915830001,8.5,34.1132059274594,27.9,211.7,43.2,3.9,10
2018-08-09 16:34:49.500,183.3,39.7618040437402,1.88668647798711,1.92580759391913,1.36442397032616,398.430330305302,406.691787889432,1.3927147575561,149.8,140.47950038188,20313.8668515187,0.9,152.5,43.773555,-79.4613683333333,989.1,6.54070993265636,7.2505801086066,8.8,34.1150250052135,27.8,216.4,51.8,4,11.8
2018-08-09 16:34:50.500,183.1,39.763003711705,1.89038057207374,1.92954355386119,1.30639027740114,398.655766637976,406.914709741187,1.33345215993342,158.8,140.486258562751,20296.5061725642,0.9,170.4,43.7735333333333,-79.461355,989.1,6.54089815064438,7.24902681901002,8.8,34.1168481886224,27.8,220.3,41.4,4,10.4
2018-08-09 16:34:51.500,182.5,39.7655334588211,1.88962758578223,1.92907961085692,1.17298301676457,398.203051751512,406.516909781981,1.19747562889526,168,140.460543340358,20451.4885115757,0.9,184.6,43.7735083333333,-79.4613483333333,989.1,6.54130614648976,7.2553978874724,9,34.1190298522365,27.8,217,34.1,4.1,11.6
2018-08-09 16:34:52.400,182.1,39.7687914267381,1.88989886466004,1.92972866545008,1.28538153878857,398.280448732457,406.67427365037,1.31247037328054,173,140.44361683251,20640.1234511718,0.9,186.3,43.7734866666667,-79.461345,989.2,6.54047944915595,7.25294829689779,9.2,34.1207527088022,27.8,214.9,31.9,5,13.4
2018-08-09 16:34:53.500,181.9,39.7719999589774,1.89108172582314,1.93098504990013,1.44045873503712,398.249886698251,406.653228564244,1.47085366830733,177.9,140.47216648154,20664.6580628977,0.9,184.4,43.7734583333333,-79.4613416666667,989.1,6.54177078281274,7.25199701792323,9.4,34.1226910850951,27.7,222.2,29.2,4.7,13.5
2018-08-09 16:34:54.500,181.8,39.7810125031682,1.89148773020558,1.93162163392134,1.38468941652834,398.057763952074,406.503802481186,1.41406490147688,183.2,140.46147272517,20777.2577511173,0.9,189.7,43.7734316666667,-79.4613433333333,989,6.53849132186629,7.2534741962839,9.6,34.1247911342466,27.7,218.2,24.1,2.7,10.1
2018-08-09 16:34:55.500,181.6,39.7866942407664,1.89375877460182,1.93416085382903,1.30059121570573,398.407273164706,406.906895338259,1.32833853383544,186.5,140.467609395242,20888.4531626584,0.9,188.6,43.77341,-79.4613483333333,989,6.53610834808342,7.25131964481513,9.6,34.1265838141083,27.7,223.9,20.9,3.8,11.1
2018-08-09 16:34:56.500,181.2,39.7827809363044,1.89380200236803,1.93430640573193,1.33360640722415,398.078311500353,406.592318583358,1.36213036526663,188,140.492558822635,20939.9817423673,0.9,192.2,43.773385,-79.4613516666667,989,6.53717482712976,7.25730645367034,9.6,34.1282847179551,27.7,215.8,20.1,3.8,13.9
2018-08-09 16:34:57.400,181.2,39.7812890263842,1.89410752046015,1.93463556367051,1.34912942203836,397.827848102209,406.340118093912,1.37799768846907,188.4,140.464001866255,20948.770209526,0.9,190.3,43.7733633333333,-79.461355,989,6.53670481538805,7.25440000339628,9.6,34.1303694612533,27.7,221.2,23.3,4.4,12.9
2018-08-09 16:34:58.500,181.4,39.7800587448237,1.89455031721282,1.93502601261227,1.30201392853924,397.967153394346,406.469374398789,1.32983046495221,185.6,140.468519663421,20917.3139585137,0.9,187.3,43.773335,-79.4613533333333,989.1,6.53935743992061,7.25379584678832,9.4,34.1322482091708,27.7,235.7,29.3,4.3,14.2
2018-08-09 16:34:59.500,181.2,39.7794701216601,1.89591252232976,1.93657427569447,1.33474515061292,397.987493880527,406.523102606907,1.36337662674498,183.3,140.477109017437,20996.6374867062,0.9,184,43.77331,-79.4613533333333,989.1,6.54183274027052,7.2566104811841,9.4,34.1338761032288,27.7,225.4,25.1,4.4,12.8
2018-08-09 16:35:00.500,181.2,39.7788945999325,1.89761280944712,1.93855425668363,1.37418742615589,398.377256781976,406.97238646883,1.40383562098003,184.4,140.443091186685,21119.6806880562,0.9,191.9,43.7732883333333,-79.461355,989,6.53931100502193,7.25357802864923,9.6,34.136023270191,27.7,226,22.5,4.2,11
2018-08-09 16:35:01.500,181.2,39.7768907247341,1.89641055376554,1.93735633688932,1.25584155897728,398.696312276352,407.304734396153,1.28295452552133,182.2,140.467010166825,21135.1026278386,0.9,186.2,43.773265,-79.461355,989.1,6.53679890168686,7.24713189830142,9.6,34.1376563872098,27.7,235.3,32.8,4.1,11.5
2018-08-09 16:35:02.500,181.7,39.7788222226429,1.89828222444648,1.93928014841866,1.19427691637991,398.57279319661,407.180905055406,1.22006856353306,182.8,140.473035394538,21140.8059111386,0.9,186.9,43.7732383333333,-79.461355,989,6.53498599783269,7.24871385813535,9.6,34.1395307384563,27.7,238.9,36.4,4.5,12.9
2018-08-09 16:35:03.500,182.5,39.7811276453613,1.89812905281258,1.9392240421487,1.42074871625039,398.490725425755,407.118102311199,1.45152129586494,185.5,140.453988362303,21191.3821272434,0.9,193.7,43.7732133333333,-79.4613583333333,989.2,6.54161725502815,7.25125237495283,9.6,34.1414832568796,27.7,230.5,27.3,4.3,12
2018-08-09 16:35:04.500,182.9,39.7815629742829,1.89902973086993,1.94033264298273,1.4946806148892,398.477788370943,407.144484868075,1.52718906263307,186.3,140.48386485564,21286.6791032503,0.9,196.2,43.77319,-79.4613633333333,989.1,6.54128017708431,7.25576379566911,9.6,34.1431777157743,27.7,238.2,33.5,4.5,13.2
2018-08-09 16:35:05.500,182.9,39.7867058048641,1.90383489206053,1.94531297840544,1.49695968942148,398.454783121029,407.135796491717,1.52957840083893,183,140.466552219079,21322.1607646736,0.9,183.8,43.7731666666667,-79.4613666666667,989,6.53537181516741,7.25608716744421,9.4,34.1452632230322,27.7,241.4,32.3,4.5,11.8
2018-08-09 16:35:06.500,182.8,39.7854844098205,1.90477476003945,1.9464512985754,1.49238155554713,398.716209365226,407.440184194167,1.52502294486629,182.4,140.463431901872,21411.6673846118,0.9,185.9,43.7731416666667,-79.4613666666667,989.2,6.53637520974057,7.25565651604834,9.4,34.1472211512095,27.7,234.1,29.4,3.8,12.8
2018-08-09 16:35:07.500,182.8,39.7801936739373,1.90239646523481,1.9441221612527,1.355380390542,398.430995335598,407.169852570499,1.38510635360675,182.6,140.493348850114,21462.4349448559,0.9,186.1,43.7731183333333,-79.46137,989.1,6.53681059081663,7.25857394257283,9.4,34.1489408279641,27.7,227.2,27.4,4.7,13.2
2018-08-09 16:35:08.500,183,39.7846576920204,1.90347081819323,1.94520305489927,1.35421286688794,398.428865053829,407.16406254274,1.38390195366945,181.7,140.451777904987,21453.7218426796,0.9,187.3,43.7730966666667,-79.4613716666667,989,6.53789570753142,7.25672811102914,9.2,34.1508164992607,27.7,224,27.8,4.9,13.8
2018-08-09 16:35:09.500,183.3,39.7870606904213,1.90402419611867,1.94581502718258,1.28875021863792,398.90726302661,407.662695718109,1.31703719869277,178.4,140.467983968154,21477.1504675741,0.9,185.8,43.773075,-79.46137,989.1,6.53828761010223,7.25582560175385,9,34.1527130202144,27.7,226,32.7,4.7,12.7
2018-08-09 16:35:10.500,183.3,39.7843011492647,1.9049455961429,1.94679025681745,1.24940808102667,398.646242680613,407.402955970894,1.27685269536321,178.6,140.48606430035,21493.9996182227,0.9,182.4,43.7730533333333,-79.4613683333333,989,6.53619356503359,7.25172721554012,9,34.1546995859336,27.7,231.1,37.3,4.8,13.3
2018-08-09 16:35:11.500,183.2,39.7838982633004,1.90702889282332,1.94899734324704,1.07894874028601,398.432271295056,407.200637385988,1.10269018870255,182.2,140.462202945251,21533.2448325904,0.9,189.8,43.77303,-79.4613683333333,989.1,6.5387308360773,7.25219605542405,9,34.1564877783326,27.6,230.2,34.9,5.2,13.3
2018-08-09 16:35:12.500,183,39.781450791926,1.91084885196548,1.95288210432224,1.21001621047343,398.822708389235,407.595764530397,1.23662065843968,183.7,140.485328156156,21523.9840204871,0.9,193.7,43.7730083333333,-79.4613716666667,989,6.54090136268305,7.25456207791586,9,34.1580876570947,27.5,230.4,34.3,5.4,14.6
2018-08-09 16:35:13.500,183,39.7785147145035,1.91405112460293,1.95625687841721,1.42722431833687,399.066103961862,407.865687418021,1.45869202970786,182.3,140.484021273445,21574.7645949195,0.9,186.9,43.7729866666667,-79.4613733333333,989,6.53671745236187,7.24964448328169,8.8,34.1600618868081,27.5,237.6,34.1,5,14.7
2018-08-09 16:35:14.500,182.9,39.7797863742282,1.91792466910286,1.96045312367599,1.4084323313473,398.77367222611,407.61620475981,1.4396638482918,185.3,140.474470344978,21693.3095034644,0.9,189.7,43.772965,-79.461375,989,6.53467747216419,7.25073484525022,9,34.1620375028555,27.5,224.6,31.6,7,17.6
2018-08-09 16:35:15.500,182.9,39.7810366336373,1.91952231590231,1.96202603621853,1.38563127484114,398.985937453179,407.820649443178,1.4163144680945,190.4,140.501521673629,21663.2958900114,0.9,196.2,43.7729416666667,-79.4613816666667,988.9,6.53763224046775,7.25055408292079,9.2,34.1637473022504,27.4,226.1,28.3,6.9,17.2
2018-08-09 16:35:16.500,183.2,39.7813068327122,1.9208105549731,1.96340441063693,1.3232216693226,399.034368877213,407.882823983474,1.35256199271233,192.8,140.479549494972,21693.7001480937,0.9,200.5,43.7729183333333,-79.4613883333333,989,6.53779497527403,7.25025620244171,9.2,34.1656820461215,27.4,224.6,27,7.3,17.9
2018-08-09 16:35:17.500,183.3,39.7789410255632,1.92383350323953,1.96627810765018,1.17180779165511,398.707628932438,407.50409184097,1.19768358362306,191.3,140.472782203446,21586.1866660804,0.9,190.7,43.772895,-79.461395,989,6.53900604470246,7.25332095416065,9.2,34.1675760075166,27.4,228.1,24.6,6.7,15.7
2018-08-09 16:35:18.500,183.5,39.7752418064292,1.92489449583597,1.96725704982096,1.11238435086062,398.552367173163,407.323662825392,1.13687337647505,187.2,140.483600571299,21533.8954208876,0.9,186.4,43.7728733333333,-79.4614016666667,988.9,6.53752198542274,7.25132195066191,9.2,34.1692204323628,27.4,228.2,27.8,6.3,16.5
2018-08-09 16:35:19.500,183.7,39.7743090419451,1.92498765770332,1.96749498443494,1.09769753880149,398.576296288515,407.377682695945,1.12194064271176,185.6,140.456418949093,21604.9720197035,0.9,177,43.7728533333333,-79.461405,988.9,6.53643609588576,7.24925827681626,9.2,34.1712270045352,27.4,229.6,23.1,5.6,14.2
2018-08-09 16:35:20.500,183.8,39.7699333449066,1.92239929851732,1.96471198596993,1.18836618752045,398.394070537686,407.162845018181,1.2145182916153,181.9,140.475002597956,21536.3099270282,0.9,184,43.77283,-79.4614066666667,988.9,6.53992765722568,7.25319555885999,9.2,34.1732053213953,27.5,213.6,23.5,6.2,17
2018-08-09 16:35:21.500,183.4,39.7626828367311,1.91947776248602,1.96161684621935,1.22231452143439,398.083109961292,406.822373132905,1.24915181717628,179.5,140.485143934623,21481.7479435694,0.9,176.7,43.7728066666667,-79.4614066666667,988.9,6.54024289761718,7.25463004555693,9.4,34.1749604514409,27.5,221.5,29.9,6.8,16.9
2018-08-09 16:35:22.500,183.3,39.7582422911851,1.9170380571858,1.95911071821923,1.17131330748217,398.400179364358,407.143733085594,1.19702061655759,181.2,140.470525901868,21475.2539715199,0.9,181.5,43.7727816666667,-79.4614083333333,988.9,6.54184283036966,7.25280791875838,9.2,34.1770381085543,27.4,227.5,33.3,5.9,15.1
2018-08-09 16:35:23.500,183.1,39.7580785920559,1.91379375451467,1.95570694585068,1.21729203612404,398.832099277607,407.566646570063,1.24395123468064,182.6,140.491646931376,21430.9767149118,0.9,184.1,43.77276,-79.46141,988.9,6.54171038628616,7.249441812282,9.2,34.17894404332,27.3,226.9,32.3,6.4,17.2
2018-08-09 16:35:24.500,182.9,39.7616977955649,1.91145670727074,1.9534563724906,1.28133909027508,398.733181242378,407.494233440305,1.30950149593607,181,140.484098436865,21499.9349955252,0.9,184.5,43.7727333333333,-79.4614116666667,988.9,6.53999797485969,7.25054302238221,9.2,34.1806516557109,27.3,229.4,35.4,7.3,19.1
2018-08-09 16:35:25.500,182.8,39.7662186654363,1.91080621904237,1.95295526123688,1.27398838838349,398.742344759087,407.537852498738,1.30209192812424,182.4,140.471445786533,21581.9647513232,0.9,187.1,43.7727116666667,-79.4614133333333,989,6.53528873134197,7.25253922895774,9.2,34.1825919734663,27.2,227.7,34.3,8.5,20.9
2018-08-09 16:35:26.500,183.1,39.7719176040049,1.9080444887785,1.94995007785905,1.17001789544496,398.57210848131,407.325843418122,1.19571704226106,186.1,140.476290835521,21490.5637719379,0.9,194.1,43.7726883333333,-79.4614166666667,988.9,6.53504242481811,7.25300073965124,9.2,34.1846674524085,27.1,227.5,34.3,7.8,19.4
2018-08-09 16:35:27.500,183.3,39.7747989278199,1.90577063419866,1.94747480939124,1.28079982819015,398.60075529216,407.323406588584,1.30882536078858,184.4,140.468250946014,21414.4999859087,0.9,193.2,43.772665,-79.46142,988.8,6.5381482263481,7.2540224477892,9.2,34.1864595164715,27,226.3,31.6,8.4,20.4
2018-08-09 16:35:28.500,183.2,39.7717026530948,1.90540114461307,1.94676363814436,1.35108404511135,398.505360610653,407.156150605635,1.3804195106654,183,140.468201714223,21246.6277778274,0.9,185.6,43.7726433333333,-79.4614233333333,988.8,6.53967221560737,7.25300700233601,9,34.1881324489684,27,233.3,36.8,7.7,19
2018-08-09 16:35:29.500,183.3,39.7661564409324,1.90523501234017,1.94623435324093,1.31928891839332,398.398083742916,406.971387331002,1.34767906389478,179.3,140.480731553264,21066.0605722759,0.9,185.6,43.7726216666667,-79.4614233333333,988.8,6.5424958566272,7.25210828818647,8.8,34.1900011746751,27,228,40,8.2,19.9
2018-08-09 16:35:30.500,183.3,39.7603591903007,1.90537492344351,1.9464006698835,1.22948839367195,398.489454884041,407.069632276076,1.2559567234931,173.9,140.480756878894,21077.9473832307,0.9,177.9,43.7726016666667,-79.4614183333333,988.8,6.54118537530746,7.25404763140075,8.7,34.191935062964,27,238.6,50.2,8.5,18
2018-08-09 16:35:31.500,183.4,39.7525811990348,1.90641967542766,1.94727348884182,1.31268284546225,398.567933636615,407.109080020403,1.340796180671,179.4,140.480706437539,20980.0378830415,0.9,179.3,43.7725783333333,-79.4614166666667,988.8,6.53948150525738,7.25429222441932,8.7,34.1935762182596,27,239,47.5,6.9,14.7
2018-08-09 16:35:32.500,183.4,39.7460510490296,1.90733535639374,1.94795914940805,1.21460236216363,399.049436887793,407.548736887793,1.24047521886673,188.2,140.485426456332,20854.6213736416,0.9,196.4,43.7725566666667,-79.4614216666667,988.7,6.53964613228166,7.24936302109295,8.8,34.1952535639374,27.1,243.3,44,5.9,14.5
2018-08-09 16:35:33.500,183.4,39.7502885583157,1.90618729794435,1.94657601266716,1.27194392469717,398.961413331145,407.414820651501,1.29887981573083,191.2,140.446971030152,20748.7650397479,0.9,201.2,43.772535,-79.4614283333333,988.8,6.53950977236775,7.25003331682291,9.2,34.1972684404147,27.1,235.3,32.9,6.3,16.5
2018-08-09 16:35:34.500,183.6,39.7506917523424,1.90446671824258,1.94454551865038,1.40468840277379,398.649320732422,407.038873713408,1.43425118496976,188.2,140.460530860749,20611.1345053163,0.9,194,43.7725116666667,-79.46143,988.8,6.53818095151065,7.25549621191357,9.4,34.1992969003317,27.1,230.1,29.6,6.6,17.1
2018-08-09 16:35:35.500,183.4,39.7499740276011,1.90270855816168,1.94257471472496,1.35284853916381,398.921867483546,407.280199169759,1.38119421970783,186.7,140.48429744319,20522.3210970351,0.9,185.4,43.7724866666667,-79.4614316666667,988.8,6.53607784773314,7.25270778420854,9.6,34.200880255681,27.1,237.1,40.2,6,13
2018-08-09 16:35:36.500,183.4,39.7514292948012,1.90335083516679,1.94314688361975,1.15903172847386,399.031500698839,407.37455090301,1.1832666208852,184.1,140.45420700485,20480.0716004272,0.9,185.2,43.77246,-79.4614316666667,988.8,6.53605751688456,7.2503097421086,9.6,34.2027795178273,27.1,242.1,37.8,5.4,14.8
2018-08-09 16:35:37.500,183.9,39.7437325405735,1.90433114148075,1.94423427870539,1.20059170139213,398.80146837613,407.157883487677,1.22575455813407,183,140.475550084186,20523.7572669654,0.9,187.4,43.7724366666667,-79.461435,988.9,6.53544898599225,7.25094153388523,9.8,34.2047920342828,27.1,241.9,41.4,5.6,14.6
2018-08-09 16:35:38.500,184.3,39.7366782943156,1.90357126019645,1.94325754333124,1.32525121531455,398.334641402089,406.6392222535,1.35287897307003,181.3,140.485750089237,20422.4740777636,0.9,183.9,43.7724133333333,-79.461435,988.9,6.53732804527273,7.25337850099687,9.8,34.2067332247649,27.1,248.2,49.2,5.8,14.7
2018-08-09 16:35:39.500,184.3,39.7417954614247,1.90511244714272,1.94464961803947,1.3538258487256,398.323511547359,406.589884893449,1.38192135320503,182.6,140.453550564495,20331.1495936331,0.9,185.6,43.7723916666667,-79.4614383333333,988.9,6.536135436079,7.25244844209796,9.8,34.2086477820301,27.1,248.9,47.8,5.8,14.8
2018-08-09 16:35:40.500,184,39.7473807761777,1.90237617394398,1.94174583116649,1.35489261681569,398.318080750397,406.561230910384,1.38293258324501,181.9,140.479256631567,20275.27239331,0.9,187.8,43.772365,-79.46144,988.9,6.53667691851125,7.25688882053368,10,34.2105405578777,27.1,247,53.1,7.4,18.1
2018-08-09 16:35:41.500,184,39.7485769714087,1.90242403407979,1.94174769502642,1.38339860652781,398.526162261122,406.76384492697,1.41199483884577,183.4,140.486919620386,20251.7049135316,0.9,187.6,43.77234,-79.4614416666667,988.8,6.54148295590894,7.25824374495328,10.1,34.2122204189647,27.1,248.4,47.5,7.7,16.6
2018-08-09 16:35:42.500,183.9,39.7537509197671,1.90399058076887,1.94341653868839,1.33379945975841,398.530019668842,406.782398368077,1.36141739231314,183.9,140.455999739475,20286.9147448349,0.9,188.8,43.77231,-79.4614433333333,988.9,6.54227938934355,7.25427391952847,10.1,34.2140191583904,27.1,252.8,45.4,4.8,12
2018-08-09 16:35:43.500,183.9,39.7613312737211,1.90697678180692,1.94636173208041,1.39962980918678,398.1699645042,406.393395909675,1.42853217872272,183.6,140.478345900114,20235.1919821746,0.9,193.2,43.7722833333333,-79.461445,988.9,6.53900882948908,7.25510346898895,10.3,34.216021388347,27.1,253.6,47.8,4.9,16
2018-08-09 16:35:44.500,183.8,39.7702784273393,1.91143865651844,1.95082810504984,1.2773126382225,398.334188953829,406.542706124113,1.30363498742462,182,140.461696540592,20190.9996847746,0.9,185.4,43.7722583333333,-79.461445,988.9,6.53436804914469,7.25570747483181,10,34.2178270608565,27.1,249.8,53.1,7.4,17.2
2018-08-09 16:35:45.500,183.9,39.7756269038873,1.91008774436604,1.94949890398128,1.29339093872328,398.833555221996,407.062755094269,1.32007934605631,184.3,140.45389777813,20215.9599088584,0.9,185.1,43.772235,-79.461445,988.9,6.53395374469785,7.25117779476405,10.1,34.2197124380669,27.1,253,45.1,6.7,17
2018-08-09 16:35:46.500,184.2,39.7758809754331,1.91100439358797,1.95029896127637,1.24803971350572,398.945778913224,407.148937439212,1.27370692866829,187.8,140.483567832231,20147.7825441426,0.9,195.4,43.77221,-79.4614483333333,988.9,6.53687740954512,7.25137614757725,10.1,34.2214988327089,27.1,239.9,38.9,7,17
2018-08-09 16:35:47.500,184.3,39.780700920105,1.91194604195419,1.95137710825777,1.421089899935,398.642712993514,406.864054400392,1.45041069148931,188.6,140.455759269733,20206.6352085609,0.9,197,43.772185,-79.4614533333333,988.8,6.53855961975102,7.25225504195419,10.3,34.2237084032301,27,229.7,28.7,6.6,14.7
2018-08-09 16:35:48.500,184.1,39.7839554095768,1.9102498758654,1.94966947280158,1.43605726718759,398.3891800463,406.610302256542,1.46569388198781,187.3,140.482393340376,20218.6474003484,0.9,186,43.77216,-79.4614566666667,988.9,6.53857022765211,7.25237862335467,10.3,34.2254689033621,27,241.7,40.3,4.9,15.2
2018-08-09 16:35:49.500,184,39.782144974586,1.90962863052631,1.94911560704129,1.3589694851382,398.125016049497,406.357318045302,1.38706872975973,185.5,140.488475616692,20258.8509346161,0.9,188.9,43.7721316666667,-79.4614633333333,988.9,6.53796516360665,7.25647442930573,10.3,34.2273327592786,27,245.6,50.3,6.3,17
2018-08-09 16:35:50.500,183.5,39.7824232754463,1.9085450925381,1.94795161699444,1.38079482490126,398.038484554123,406.256873756167,1.40930338619145,183.3,140.441488514036,20229.605787226,0.9,187,43.7721033333333,-79.461465,988.9,6.53751378446121,7.25443848987896,10.3,34.2293460332279,26.9,257.9,59.6,7.6,16.5
2018-08-09 16:35:51.500,183.3,39.7813467343452,1.90175175961116,1.94095693461506,1.31401093032405,398.368807699764,406.581296992766,1.34109936191899,184.3,140.482559147453,20198.9354476615,0.9,188.1,43.7720783333333,-79.46147,988.7,6.54263658688503,7.25759251987308,10.5,34.2311355104365,26.9,262.4,60.2,6.9,16.9
2018-08-09 16:35:52.500,183.6,39.7822037291483,1.90278239650419,1.94208352209771,1.38929311024384,398.688661016015,406.92342598009,1.41799071605089,183.8,140.470577024243,20236.7253829166,0.9,197.2,43.7720516666667,-79.4614766666667,989,6.53918666190996,7.25159424598484,10.7,34.2330804672466,26.9,264.5,57.3,7.5,15.7
2018-08-09 16:35:53.500,183.9,39.7933787680206,1.90074133483809,1.93988886068826,1.31498744789459,398.763163466729,406.976054821122,1.34207531727624,182.7,140.435809528496,20180.4120464406,0.9,190.7,43.772025,-79.4614766666667,988.8,6.54034538813592,7.24817203147877,10.9,34.2349745876702,26.9,255.2,52.7,5.6,16.3
2018-08-09 16:35:54.500,184.1,39.7963055615937,1.89771295562851,1.93672678786332,1.28932034364547,398.007490024494,406.189868009124,1.31582673944684,183.2,140.48389841005,20144.3521709577,0.9,188,43.7719983333333,-79.4614783333333,988.7,6.5400003093003,7.25736384556046,11.1,34.2369323204469,27,264.3,63.8,7.9,17.4
2018-08-09 16:35:55.500,184,39.7951990186101,1.8974216665317,1.93629478419635,1.22215723999021,397.843526726773,405.99437125025,1.24719848202754,183.4,140.473062605417,20076.1774736302,0.9,187.8,43.7719716666667,-79.46148,988.8,6.53709131017472,7.25828874808511,11.1,34.2388120400726,27,267.4,62.4,8.4,18.5
2018-08-09 16:35:56.500,183.8,39.7938507107458,1.89698091521501,1.93572725999348,1.28255536261279,398.219602644149,406.353354657681,1.30875076689208,184,140.4841288542,20016.4090841918,0.9,193.4,43.7719433333333,-79.4614833333333,988.7,6.53702529631717,7.25479847900409,11.2,34.2409286731756,27,265.1,53.5,7.5,14.4
2018-08-09 16:35:57.500,183.9,39.7915660223129,1.89870634577468,1.93742573231831,1.49737467416086,398.615625611129,406.744460505421,1.52790881884715,184.9,140.501646174505,19985.1354472872,0.9,191.3,43.771915,-79.4614883333333,988.7,6.53651754479737,7.25309503160956,11.4,34.2423980607394,27.1,253.7,50,8.2,18.7
2018-08-09 16:35:58.500,183.9,39.7926310634351,1.89626736216936,1.93477187406274,1.3872959865513,398.366035999228,406.454892350236,1.41547137157439,185.4,140.466511621532,19901.0924517088,0.9,198.8,43.771885,-79.4614916666667,988.7,6.54063651329857,7.25481338059962,11.6,34.244119876401,27.1,252.8,49.2,7.4,17.7
2018-08-09 16:35:59.500,183.6,39.7941696944201,1.89726453793569,1.93565017698414,1.20013337533205,398.071000697585,406.12475490189,1.22441660831465,183.5,140.486550697214,19830.7957917135,0.9,194.1,43.771855,-79.461495,988.8,6.53887762059866,7.25869743416091,11.6,34.2460132711211,27.1,251.6,46.9,7.4,17.5
2018-08-09 16:36:00.500,183.1,39.7989752373904,1.89564202552806,1.93375884835713,1.45562705727092,398.127952720818,406.133321227093,1.48488292340062,180.2,140.474575322847,19711.230417203,0.9,184,43.7718266666667,-79.461495,988.8,6.5415075200974,7.25608478419634,11.6,34.2480162036617,27,256.5,52.4,6.4,14.9
2018-08-09 16:36:01.500,182.7,39.8007634791709,1.89563297606765,1.93385614814252,1.28106491975857,398.159211736768,406.187534582412,1.30688336165819,179.4,140.440162514791,19765.142498936,0.9,182.4,43.7718,-79.461495,988.8,6.53930474404497,7.25316922838395,11.6,34.2499437568928,27,266.6,57.9,6,13.8
2018-08-09 16:36:02.500,182.5,39.7965708580704,1.89715544219672,1.93535857888833,1.20547821799731,398.686754829788,406.715059606912,1.22975147261787,178.6,140.489046186533,19739.4291084959,0.9,184,43.77177,-79.4614933333333,988.8,6.53721974959646,7.25673489574306,11.6,34.2516089692945,27,255.4,47.9,5.6,12.7
2018-08-09 16:36:03.500,182.4,39.796221646471,1.89561566443466,1.93370763219766,1.22502345638052,398.433129343143,406.439551588954,1.24964036300102,176.2,140.486512401605,19698.9499026674,0.9,178.5,43.77174,-79.4614916666667,988.8,6.54150547571641,7.25847760437013,11.6,34.253597775419,27.1,253,32.9,4.4,12.8
2018-08-09 16:36:04.500,182.2,39.8023079092698,1.8962547687786,1.93418649489468,1.31430713073608,398.691676792981,406.666929904732,1.34059457875813,175.7,140.475779328328,19611.2662398448,0.9,176.1,43.77171,-79.4614883333333,988.9,6.54192727209348,7.25327018705136,11.8,34.2554078520936,27.1,227.9,29.1,4.9,13.7
2018-08-09 16:36:05.500,182.1,39.8044804367981,1.89747125824298,1.93553576733477,1.26773725010165,398.369937860756,406.361475202424,1.2931658750854,172.4,140.499172285517,19666.0418939305,0.9,176.4,43.7716766666667,-79.4614833333333,988.7,6.54187127446786,7.25713807369717,12,34.2574272864977,27.1,217.5,22.4,4.1,15
2018-08-09 16:36:06.500,182,39.8033743120819,1.89600460275064,1.93396167785472,1.20322575923341,398.048593935949,406.01734320093,1.22731476402829,167.8,140.492245461828,19626.5837976278,0.9,173.7,43.771645,-79.461475,988.9,6.54396618751752,7.2583773199116,11.8,34.2590507805995,27.1,210.6,25.5,4.3,14
2018-08-09 16:36:07.500,182.1,39.8095144143433,1.89758027328415,1.93554102681681,1.52704770849758,398.253521819263,406.22058543599,1.55759800140279,167.7,140.456146179773,19612.658035885,0.9,168.9,43.7716166666667,-79.461465,988.9,6.53774030565832,7.25307891163826,11.4,34.261280194004,27.1,222.2,30.8,4.1,13
2018-08-09 16:36:08.500,182.2,39.8114355388679,1.90075062849883,1.93882395549388,1.66773052026174,398.64407397859,406.62917075893,1.70113643118138,167.1,140.469504905266,19637.3945849085,0.9,171.9,43.7715883333333,-79.4614533333333,988.9,6.53812535239361,7.25527363169068,11.4,34.2628307557697,27.1,241.5,6.4,1.9,5.9
2018-08-09 16:36:09.500,182.5,39.8117952556686,1.9012035565028,1.93935009678659,1.51079770963484,399.05047497721,407.057143298265,1.54110916665076,169.9,140.469066575319,19669.6289146051,0.9,173.7,43.77156,-79.4614466666667,988.9,6.54027539983374,7.2545992646811,11.2,34.2644460613444,27.2,81.6,358.6,0.4,7.2
2018-08-09 16:36:10.500,182.8,39.8125669189301,1.89912313850291,1.93731993503343,1.17790659249513,398.618779950213,406.636259022713,1.20159401982226,168.7,140.471150584007,19716.5436830483,0.9,169.6,43.7715333333333,-79.4614416666667,989,6.54059013366507,7.26063899191406,11.2,34.2663294775037,27.3,234.4,355.6,0.1,5.2
2018-08-09 16:36:11.500,183,39.8140929575662,1.89579862177527,1.93395558854274,1.42409972739701,398.740056693343,406.765707227669,1.4527635529698,169.6,140.483211322522,19730.3195039874,0.9,160.1,43.7715033333333,-79.4614333333333,988.9,6.54388177701515,7.25575682573313,11.4,34.2683033800757,27.4,107.4,346.4,0.5,5.7
2018-08-09 16:36:12.500,183.1,39.8186526498618,1.89717092062036,1.93529120737105,1.37160453375164,398.990582461323,407.007695689454,1.39916625462685,166.4,140.466477192335,19697.5523549077,0.9,162.4,43.7714766666667,-79.461425,989,6.54325496700931,7.25204612396757,11.4,34.2704524030924,27.4,221.3,19.4,1.9,8.8
2018-08-09 16:36:13.500,183.2,39.8195755914708,1.8994454947748,1.93762171031512,1.12244554384004,399.023412806643,407.043223282974,1.14500419913289,167.7,140.48069782003,19702.5272685282,0.9,162.4,43.7714466666667,-79.461415,988.9,6.5374147951116,7.2561931715379,11.6,34.2722898571744,27.4,233.9,45.2,4.5,13.5
2018-08-09 16:36:14.500,183.3,39.8163221864565,1.89844494782065,1.93663348987131,1.33694157411019,400.0583274654,408.105791710091,1.36383593201954,168.7,140.486889853524,19719.0268211569,0.9,167.7,43.7714166666667,-79.4614066666667,989,6.54100643764755,7.25421361889493,11.6,34.2739487195584,27.3,254.9,29.3,3.5,8.9
2018-08-09 16:36:15.500,183.5,39.8168490780135,1.89654375646245,1.93476386828277,1.48672367242586,400.58874951526,408.661682178766,1.51668550914701,169.3,140.482742765959,19754.5884657066,0.9,162.7,43.7713883333333,-79.4614,989,6.54419510082664,7.25305337076448,11.6,34.2763755468864,27.3,200.9,11.4,0.5,8.3
2018-08-09 16:36:16.500,183.4,39.8177290997182,1.89501296325395,1.93328419476856,1.31593359962577,400.090774424718,408.170877961879,1.34250790607587,169.1,140.480908938852,19795.9509415151,0.9,164.3,43.77136,-79.4613916666667,989,6.54172522227399,7.25280925271856,11.8,34.2781892669813,27.3,213.6,37.5,6.9,18.8
2018-08-09 16:36:17.500,183.4,39.8229703912896,1.89496521527637,1.93317138054718,1.24219738145212,400.808393747604,408.889427251792,1.26724221293175,171.1,140.481089173646,19763.3133204924,0.9,165.9,43.77133,-79.461385,988.9,6.54249176634278,7.25238973346735,12,34.2805392186487,27.2,216.2,29.2,6.7,19
2018-08-09 16:36:18.500,183.2,39.8302764308954,1.89866046571884,1.93697513339742,1.28148468130146,401.688934580939,409.79490866915,1.30734480090781,172.4,140.458529944921,19780.3640812735,0.9,170,43.7712983333333,-79.4613783333333,988.8,6.53908075306772,7.24935384877884,12.4,34.2823515759575,27.2,214,32.6,8.1,20.3
2018-08-09 16:36:19.500,182.8,39.8339196599034,1.89167537666008,1.93015869573135,1.11407657176155,401.269940628378,409.433253976392,1.13673384731102,172.3,140.49343353451,19938.0303841407,0.9,167.3,43.7712666666667,-79.4613716666667,989.1,6.54874362645125,7.2526483870952,12.7,34.2842467196945,27.2,216.3,32.4,4.8,13.7
2018-08-09 16:36:20.500,182.6,39.834653523618,1.89060745806012,1.92882947913604,1.03819260134303,401.350461099438,409.464560167406,1.05918281898727,170.4,140.485452785419,19816.2650497118,0.9,169.8,43.7712366666667,-79.4613616666667,989,6.55061409457707,7.25485537989881,12.5,34.285715526372,27.2,250,53,5.6,14.9
2018-08-09 16:36:21.500,182.4,39.8430093880897,1.8945303672965,1.93286166866195,0.954140527575865,401.000005796181,409.113368065533,0.973444399056102,168,140.438537926121,19831.5644365281,0.9,167.4,43.771205,-79.4613466666667,989.1,6.54251665464953,7.25813940917649,12.7,34.2876550336171,27.2,255.3,57.1,6.3,15.9
2018-08-09 16:36:22.500,182.1,39.8434224661739,1.89312518787378,1.93129918609206,1.08093875508678,400.517692611183,408.593907450564,1.10273243935476,164.6,140.488211726674,19765.9679403571,0.9,159.6,43.771175,-79.4613316666667,989.1,6.54015057970964,7.25992122545733,12.5,34.2893832117593,27.2,255.9,65.7,7.5,16
2018-08-09 16:36:23.500,182.1,39.8414994451149,1.89078809065392,1.92906589890707,1.09172376124439,401.016990931376,409.135203154508,1.11382420003086,166.9,140.471145359645,19842.4101216837,0.9,160.5,43.771145,-79.4613216666667,989,6.54161234457686,7.25480426090321,12.5,34.2914129166532,27.2,260.5,66,6,12.9
2018-08-09 16:36:24.500,182.5,39.8431368977975,1.89067031207914,1.92903792112095,1.17242547882066,401.59109835861,409.740615288325,1.19621812539062,171.3,140.433824273988,19889.3348881186,0.9,172.4,43.771115,-79.4613166666667,989.1,6.53926955453829,7.25313842887203,12.5,34.2927717711841,27.2,260.2,63.5,6.5,14.3
2018-08-09 16:36:25.500,182.8,39.8409654343191,1.88829836525478,1.92641348601068,1.32473799260879,401.258336866859,409.357645900697,1.35147457218789,176.5,140.484821200847,19785.5054221401,0.9,180.1,43.7710833333333,-79.4613166666667,989.1,6.54665952154738,7.2537625347759,12.5,34.2950896525447,27.2,258,57.1,6.2,13.3
2018-08-09 16:36:26.500,182.9,39.8464685851737,1.8914373335472,1.92969029799328,1.27913887904224,401.109394089617,409.221520512233,1.30500769339207,178.2,140.475181829011,19823.3798414744,0.9,185.1,43.7710533333333,-79.4613183333333,989.1,6.54150002712351,7.25272904375514,12.4,34.2965117790708,27.3,265.9,61.2,6.3,13.8
2018-08-09 16:36:27.500,182.9,39.8566955030741,1.88759560299888,1.92568056170732,1.24486701616801,400.033391695684,408.104586934017,1.2699837524275,178.7,140.475874890969,19777.1203858752,0.9,188.9,43.77102,-79.4613183333333,989.1,6.54375669904904,7.25678659611354,12.2,34.299014385728,27.3,263.1,36.5,4.8,11.3
2018-08-09 16:36:28.500,182.9,39.8632509945136,1.88670448659135,1.92468613221324,1.15968550367143,400.394607936156,408.455050553279,1.18303131665788,180.4,140.500554972568,19733.9061731411,0.9,188.1,43.77099,-79.4613166666667,989,6.54395033944997,7.25318381963858,12,34.3007306177723,27.3,227.5,32,4.8,14.1
2018-08-09 16:36:29.500,182.9,39.8669539073972,1.88708164790768,1.92509947154781,1.22263191273581,400.249946464627,408.313670311794,1.24726397528691,183.9,140.479761860843,19748.7945994119,0.9,190.5,43.77096,-79.46132,989.1,6.5421453583034,7.2537183097435,12,34.3024298795409,27.2,238.4,40.8,5,13.3
2018-08-09 16:36:30.500,182.7,39.8696266749235,1.888057983816,1.92599749791362,1.28184281353926,400.408731381335,408.454708869199,1.30759978782108,184.4,140.452355555925,19698.5587405237,0.9,195.9,43.77093,-79.4613233333333,989.1,6.54076596311843,7.25102593868864,12,34.3044765422596,27.2,259.7,44.1,5,12.7
2018-08-09 16:36:31.500,182.4,39.8691276517175,1.89005157327629,1.92807672591204,1.25872671617023,400.237820951931,408.290025452328,1.28405033851463,183.8,140.462912132185,19721.6558101352,0.9,190.5,43.7709,-79.4613266666667,989,6.54266964175265,7.26192852573187,12,34.3062827004988,27.1,248.2,36,4,11.8
2018-08-09 16:36:32.500,182.3,39.8666812366462,1.88779599524319,1.92550251286954,1.5072268051518,399.843352623548,407.829699943964,1.53732509153738,182.4,140.479420463682,19582.5705351243,0.9,188.1,43.7708716666667,-79.4613283333333,989,6.5480458048768,7.25787260924193,11.8,34.3079064258828,27.1,244.1,27.8,3.7,12.4
2018-08-09 16:36:33.500,182.3,39.8722557668897,1.88763648656556,1.92563110159061,1.23002093580388,399.453692050308,407.493881023641,1.2547692056697,182,140.443504465817,19730.7811884185,0.9,189.8,43.7708416666667,-79.46133,989,6.54499689756869,7.25766196048694,11.8,34.3100851699903,27.1,226.5,23.8,3.6,12.3
2018-08-09 16:36:34.500,182.4,39.8692692849414,1.88865767766453,1.92671838943566,1.29461809863553,399.840534211977,407.898261384669,1.32070782360049,182.3,140.494518151627,19754.2233663458,0.9,186.1,43.7708116666667,-79.4613333333333,989.1,6.54312380638488,7.25967151154492,11.8,34.3124796149545,27.1,236.5,26.2,3.2,10.9
2018-08-09 16:36:35.500,182.1,39.870890875788,1.88814847140125,1.92633986322465,1.17195819823787,398.792286091742,406.858622767365,1.19566122343157,184.2,140.467578646016,19825.93017937,0.9,193.3,43.77078,-79.4613383333333,989.1,6.54530140688751,7.26136861398938,12,34.3139130330681,27.1,242,29.8,3,10.3
2018-08-09 16:36:36.500,181.7,39.8783346875797,1.88778146448038,1.92608160135869,1.17447428508263,398.830113897538,406.921667080466,1.19830310450735,183.3,140.438496863202,19884.8101308466,0.9,186.2,43.77075,-79.46134,989,6.54495928424044,7.26048910769086,12.2,34.3158289818001,27.1,246.6,30.5,3.1,9.6
2018-08-09 16:36:37.500,181.7,39.8788824600156,1.88798118074679,1.92617773682614,1.17820648621159,399.190388743679,407.26659892921,1.20204344274212,184.7,140.499408801634,19830.216438273,0.9,189,43.77072,-79.4613433333333,989.1,6.54344955853753,7.25443252823415,12.2,34.3180383750292,27.1,261.9,19.8,1.5,6.5
2018-08-09 16:36:38.500,181.6,39.8892657020907,1.88960995309929,1.92787504985341,1.24366848829354,399.161580085365,407.244663512667,1.26885354433633,184.9,140.478698920407,19848.1673689661,0.9,191,43.77069,-79.4613483333333,989.1,6.54466231749234,7.26043193590096,12,34.3198845598934,27.2,270.1,2.3,0.4,6.7
2018-08-09 16:36:39.500,181.4,39.8999623381501,1.88905126350195,1.92734226064535,1.3227386717749,399.650622690145,407.751419547879,1.34954998375968,182.2,140.45752095736,19866.9364829043,0.9,184.5,43.77066,-79.4613483333333,989.1,6.5483365700412,7.25753007330977,11.8,34.3220925597357,27.3,297.4,7.3,0.7,6.7
2018-08-09 16:36:40.500,181.3,39.9042856664552,1.88840832088251,1.92676425238635,1.35114383702398,399.231652425308,407.340413760166,1.37858758483244,181.7,140.49065436836,19906.6868571589,0.9,180.7,43.77063,-79.4613483333333,989.1,6.54540913058872,7.25385360675018,11.8,34.323840219879,27.4,185.8,1.6,0.4,6.9
2018-08-09 16:36:41.500,181.3,39.9018497724902,1.88755626520431,1.92600251869131,1.21148985009874,399.274118417864,407.406702460991,1.23616492926547,187.2,140.485205759106,19961.8715162923,0.9,194.1,43.7706033333333,-79.4613533333333,989.1,6.5446104926542,7.25221850437151,11.4,34.3260111592569,27.4,140.4,359.2,0.3,8.6
2018-08-09 16:36:42.500,181.5,39.90664224502,1.887970224502,1.92642993671479,1.23838720680004,399.081491013388,407.211124145239,1.2636135510085,197.2,140.474678476497,19964.2099073304,1,205.7,43.7705783333333,-79.4613666666667,989.1,6.54055615763075,7.2626021792763,11.2,34.3267129947565,27.4,169.1,355.8,1.3,8.3
2018-08-09 16:36:43.500,181.9,39.910449204267,1.89098123598305,1.92952478178257,1.22040942333072,398.974034411919,407.106247711901,1.24528539750472,210,140.44927892014,19975.6492099318,0.9,228.2,43.7705583333333,-79.4613916666667,989.1,6.53949201234652,7.25748995229286,10.9,34.3282748414199,27.4,183.6,349.9,1.7,9.3
2018-08-09 16:36:44.500,182.4,39.9168863130018,1.88721726125858,1.92591330699314,1.34153152013882,398.759528521091,406.93581420221,1.36903998779799,215.7,140.494783785235,20092.3114504402,0.9,237.1,43.77054,-79.4614166666667,989.2,6.54264323034118,7.26495865526425,11.2,34.3299329802128,27.4,173,344.5,2.4,9.9
2018-08-09 16:36:45.500,182.6,39.9254622969205,1.88648173124816,1.92511726562273,1.29014487932002,400.787920011754,408.996329386912,1.31656773712472,215.9,140.435002030879,20069.5802341763,0.9,234,43.77052,-79.4614433333333,989.1,6.54605612658017,7.25326238742819,11.4,34.3324644062636,27.5,196.3,0.4,1.9,9.5
2018-08-09 16:36:46.500,182.7,39.9250440464314,1.88701895794794,1.9256949609746,1.34237101442153,401.307231815482,409.532409211873,1.3698833470672,201.6,140.469214328468,20084.2291756983,0.9,209.8,43.7704933333333,-79.4614516666667,989.2,6.54532579853235,7.25631150146249,10.7,34.3347989606195,27.5,216.6,4.3,2.5,11.1
2018-08-09 16:36:47.500,183,39.916910539451,1.88810332207077,1.9270194460869,1.43665975110386,403.344010037115,411.65745734306,1.46627149824023,168.5,140.493588801433,20195.0872774685,0.9,160.1,43.770465,-79.4614366666667,989.2,6.54764627916427,7.25353341978627,9.6,34.3368446301273,27.5,227.5,12.4,2.6,10.1
2018-08-09 16:36:48.500,183.3,39.9080891812666,1.88882956380158,1.92791279478958,1.36555687250093,403.92928104538,412.287218718534,1.39381177184482,133.2,140.451567197957,20272.0062544818,0.9,112.7,43.7704466666667,-79.461405,989.2,6.54313274933427,7.24970728839047,9.2,34.3387312877261,27.5,194.5,15,2.4,8.4
2018-08-09 16:36:49.500,183.5,39.8974938715827,1.88800971742976,1.9272181734345,1.34153097726146,404.346089309306,412.743275230823,1.36939008285008,103.2,140.493069828571,20344.7257234853,0.9,89,43.7704466666667,-79.4613716666667,989.2,6.54190207703142,7.25727392033193,9,34.3427597321636,27.5,176.7,24.8,1.5,7.1
2018-08-09 16:36:50.500,183.3,39.8835727826836,1.88539699474172,1.92461861617663,1.18878150304661,404.686581426397,413.105200614491,1.21351103882697,60.5,140.466587466751,20378.8443310049,0.9,55.9,43.7704633333333,-79.4613466666667,989.1,6.54729035970501,7.25351284516786,7.7,34.3422329991134,27.6,228.9,14.1,1.2,3.1
2018-08-09 16:36:51.500,183.5,39.8662398443934,1.88790004014261,1.92738823194376,1.48731431106302,404.302794798311,412.759343035724,1.51842630732194,30.5,140.449134631271,20487.9353352117,0.9,39.2,43.7704866666667,-79.461335,989.2,6.54649850328793,7.25882902454547,8.3,34.3442982868684,27.7,284.4,332.3,1,3.5
2018-08-09 16:36:52.500,183.9,39.848354544378,1.88785594369414,1.92744722992873,1.23683375089608,404.090975639135,412.565345905589,1.26277098037195,20,140.50011523099,20540.6953331106,0.9,34,43.7705083333333,-79.461325,989.2,6.54361967521752,7.26293316403797,9,34.3467267957408,27.7,282.5,332.2,1.4,4.3
2018-08-09 16:36:53.500,184.2,39.8437703935538,1.88758558001995,1.92723785747832,1.15398293699284,404.112910146574,412.602224817129,1.17822490246901,11.1,140.470052301128,20575.0675393449,0.9,33.5,43.7705366666667,-79.4613216666667,989.2,6.54297548443864,7.2556042698457,10,34.3482714670555,27.7,249,334,1,4.1
2018-08-09 16:36:54.500,184.4,39.8372857399853,1.88627491004524,1.92592991004524,1.21385674334147,404.767359247976,413.276692502622,1.23937564264173,5.9,140.486780877569,20590.0385167734,0.9,27.8,43.770565,-79.46132,989.2,6.53583398135597,7.25583575944334,10.5,34.350654276295,27.7,239.7,336.7,1.2,4.5
2018-08-09 16:36:55.500,184.1,39.8335769364074,1.88851652075679,1.92838978243171,1.37499809387054,404.744338507357,413.290094115684,1.40403053149722,2.3,140.499709157659,20677.3665566973,0.9,24.8,43.770595,-79.4613166666667,989.2,6.53917129253412,7.26032654427347,10.9,34.3546110242355,27.7,242.9,343.6,1,5
2018-08-09 16:36:56.500,184.1,39.8343253063223,1.88526797161608,1.92514901901505,1.26385597732489,404.53728000805,413.094818851585,1.29059058705602,2.2,140.487899075633,20715.6242799708,0.9,22.2,43.7706216666667,-79.4613166666667,989.3,6.5408066639119,7.25369990238919,11.2,34.3565420346134,27.7,225,0.4,0.8,5.2
2018-08-09 16:36:57.500,184.4,39.8406093597429,1.88577407572355,1.92581398994269,1.54781914539474,404.418496494382,413.005363067528,1.58068466824523,4,140.433145911356,20791.295728109,0.9,19.3,43.77065,-79.4613166666667,989.3,6.53986101085891,7.25863068151197,11.4,34.356899456308,27.7,36,5.2,0.7,6.7
2018-08-09 16:36:58.500,184.3,39.8394518036906,1.88864814905058,1.92856815562211,1.3905082476833,405.40047652452,413.969281460194,1.41989919664687,4.4,140.486908892644,20699.1380424604,0.9,15.7,43.7706816666667,-79.4613133333333,989.2,6.54042740953608,7.25179433640605,11.6,34.3574021001121,27.7,99.7,12.5,0.6,5.8
2018-08-09 16:36:59.500,184.2,39.8366401073955,1.88555052725637,1.92559155377053,1.11276615117278,404.780824462305,413.376448418182,1.13639533944959,2.7,140.482375208825,20793.7647364577,0.9,16.5,43.7707116666667,-79.4613133333333,989.3,6.54591991393804,7.25582227812212,11.6,34.360054585698,27.7,125.6,18.5,1.1,5.6
2018-08-09 16:37:00.500,184.3,39.842808335769,1.8867190740237,1.92659356828139,1.16164275777347,405.774809166757,414.350674096807,1.18619313875061,4.2,140.440057955735,20697.1144529212,0.9,19.8,43.77074,-79.46131,989.3,6.54581992816874,7.25180767279216,11.6,34.3621163165586,27.7,116.6,0.4,0.4,5.7
2018-08-09 16:37:01.500,184.1,39.8467007741063,1.8858535458795,1.92587411366947,1.16309161750653,406.077959926506,414.695579223568,1.1877740697365,3.7,140.506019719698,20780.6381125291,0.9,17.9,43.77077,-79.461305,989.3,6.54536318607511,7.25908212178607,11.6,34.3645027271709,27.7,169.8,0.4,0.9,3.9
2018-08-09 16:37:02.500,183.6,39.85115,1.887956,1.928047,1.32896,405.8053,414.4225,1.35718,2,140.4898,20793.32,0.9,15.9,43.7707966666667,-79.4613,989.2,6.543265,7.255474,11.6,34.3651,27.7,211,340.5,0.7,6
2018-08-09 16:37:03.500,183.3,39.86059,1.886181,1.926475,1.22526,405.3315,413.9905,1.251435,5,140.5307,20915.94,0.9,13.7,43.7708266666667,-79.461295,989.3,6.545313,7.255877,11.8,34.36653,27.7,291.3,321,2.8,9.9
2018-08-09 16:37:04.500,183.2,39.86755,1.88491,1.925425,0.9841432,404.0703,412.7554,1.005296,4.2,140.4791,21041.85,0.9,15.7,43.7708566666667,-79.4612933333333,989.2,6.544179,7.258967,12,34.36811,27.7,275,304.7,4.4,10.4
2018-08-09 16:37:05.500,183,39.8742489672224,1.88585608992971,1.92647709440514,1.27370568240238,405.143262102655,413.870046488578,1.30114068587916,3.5,140.465375924711,21085.6598580978,0.9,15.1,43.7708883333333,-79.4612933333333,989.3,6.54421002956545,7.2549133689343,12,34.3706858072918,27.7,300.3,331.5,1.7,11.2
2018-08-09 16:37:06.500,183,39.87928,1.887582,1.928267,1.009797,407.7912,416.5807,1.031562,2,140.4511,21099.03,0.9,14.7,43.77092,-79.4612916666667,989.2,6.540453,7.257549,12,34.37233,27.7,288.2,313.8,4.5,13.1
2018-08-09 16:37:07.500,183,39.8815513287396,1.88924629769915,1.93033029769915,1.21153504227717,407.404518108827,416.264144456493,1.23788198422077,4,140.471589020288,21283.8158824869,0.9,15.9,43.77095,-79.4612883333333,989.2,6.53709430955349,7.25921187347018,12,34.3737256932158,27.6,284.6,308.2,5.7,13.7
2018-08-09 16:37:08.500,183.1,39.8848879634098,1.88481306635695,1.9258970505897,1.38262720863525,406.795344363074,415.66241549396,1.41276505349065,2.6,140.489379258544,21332.3961341742,0.9,16.3,43.77098,-79.4612883333333,989.2,6.54460491656062,7.26167827169623,11.8,34.3759768043196,27.6,287.1,305,6.7,17
2018-08-09 16:37:09.500,183.2,39.8937255003193,1.88696220215666,1.92803874592345,1.18857493164109,406.016535294765,414.855063729325,1.21444808053927,1.1,140.475119681201,21304.9807975159,0.9,14.9,43.77101,-79.4612866666667,989.2,6.54150556869119,7.25666351497247,11.8,34.3777148742274,27.5,281.3,302,7,15
2018-08-09 16:37:10.500,183.4,39.9006618329758,1.88580139589928,1.92668579788133,1.26539862489955,405.179292383855,413.963778427786,1.29283341343148,357.4,140.460979957579,21220.5314962905,0.9,11.3,43.7710416666667,-79.4612883333333,989.2,6.54050477750001,7.25748571620989,12,34.3797845336193,27.5,273.5,306.6,5.6,12.3
2018-08-09 16:37:11.500,183.7,39.898541820166,1.88799470634522,1.92912763581122,1.18351815976005,404.506552869391,413.319513930177,1.20930295356201,355.5,140.484086068145,21322.4230557314,0.9,10,43.7710733333333,-79.4612933333333,989.2,6.54373588401332,7.25932991183249,12,34.3815068041432,27.5,284.1,317.3,4.2,10.5
2018-08-09 16:37:12.500,183.9,39.8973183713582,1.88455202898338,1.92542974085725,1.3733035089381,403.903832687787,412.664831011321,1.40309153827627,353.3,140.461875157169,21230.3566075205,0.9,6.5,43.7711033333333,-79.4613,989.3,6.54931516365891,7.25887016587275,12,34.3833410651996,27.5,262.7,315.2,3.7,10
2018-08-09 16:37:13.500,183.8,39.896530849291,1.88378187911991,1.92455253913147,1.38575346994137,403.537232512485,412.271034257321,1.41574648238973,352.4,140.465388068434,21184.6443440659,0.9,3.6,43.77113,-79.4613033333333,989.2,6.54420403567895,7.2545306723582,11.8,34.3852922472025,27.5,272.5,313.2,4.5,11.7
2018-08-09 16:37:14.500,183.4,39.9026760327078,1.88943911205317,1.9300467278012,1.08177067233659,402.95357464563,411.613827280396,1.10502034332424,354.6,140.499436474861,21039.6990623883,0.9,5,43.7711583333333,-79.461305,989.1,6.5402195929742,7.25865637565087,11.8,34.3872942568142,27.5,272.5,314.2,4.5,10.7
2018-08-09 16:37:15.500,182.9,39.9086009229705,1.88754192529668,1.92815310839096,1.32957198979294,402.349861581362,411.006638445577,1.35817945345149,351.8,140.454258991263,21062.3279833276,0.9,4,43.7711883333333,-79.46131,989.1,6.54382854641791,7.25494288493629,12,34.3892753551511,27.4,278.7,320.6,3.7,9.9
2018-08-09 16:37:16.500,182.6,39.9083435816164,1.89005664894158,1.93048286937309,1.19064884207344,402.267369108622,410.871436780778,1.21611552627118,349.6,140.502024100089,20941.0655484228,0.9,1.3,43.7712166666667,-79.4613166666667,989.1,6.54293157090788,7.25568698939885,11.8,34.3911463224308,27.4,268.8,318.8,3.1,9.1
2018-08-09 16:37:17.500,182.5,39.9138525809945,1.88774837077784,1.92807872166336,1.35352423510436,401.595891978405,410.17579122894,1.38244315255544,348.2,140.497369926562,20917.6593040917,0.9,356.6,43.771245,-79.4613283333333,989.2,6.54839219833623,7.26049978969717,11.8,34.3933122053998,27.4,275.9,332.9,2.5,9.6
2018-08-09 16:37:18.500,182.3,39.9218618326605,1.89032304853716,1.93048635748801,1.22901855683992,401.633240562777,410.166721367792,1.25513232179421,349,140.468337377478,20804.8928564409,0.9,354.8,43.7712766666667,-79.4613316666667,989.2,6.54241313148638,7.25645821879606,12,34.3953844404001,27.5,278.7,329.5,2.4,7.9
2018-08-09 16:37:19.500,181.7,39.922645411951,1.88982349598919,1.92964585160034,1.1772499633642,401.736334716264,410.201702013341,1.2020566324006,349.3,140.487904014276,20636.9902458601,1,351.1,43.7713066666667,-79.4613333333333,989.2,6.54241712301945,7.25446681676397,12,34.3969289491502,27.5,242.8,317.6,2.5,5.7
2018-08-09 16:37:20.500,181.7,39.9248361719799,1.88774902018097,1.92749196915854,1.01504896558901,401.09370815963,409.537890781286,1.03641599288122,349.9,140.484021373335,20618.8449254257,0.9,350.7,43.771335,-79.46134,989.2,6.55150019249814,7.25876729586484,12,34.3989425834453,27.5,211.7,336,1.6,4.4
2018-08-09 16:37:21.500,182,39.9284301521451,1.89348006479596,1.93307816826845,1.24997178264623,400.764243362067,409.145241864022,1.27611091212798,348.8,140.464925374511,20484.0717432667,0.9,350.4,43.7713616666667,-79.46135,989.2,6.53984368436414,7.25048711881091,12,34.4021310347249,27.5,191.8,329.2,1.9,3.1
2018-08-09 16:37:22.500,182.2,39.9370714235335,1.89049184204219,1.93018943810842,1.17033003604014,400.108752320696,408.510492251548,1.19490404982367,345.9,140.465166897161,20566.8316323615,0.9,349.8,43.7713883333333,-79.46136,989.3,6.54421775514577,7.25622244670584,11.4,34.4032726330913,27.5,210.8,294.4,2.8,5.9
2018-08-09 16:37:23.500,182.4,39.9429218404153,1.88880250608866,1.92840824265947,1.48270541541112,399.766359639053,408.149023250147,1.51379576166575,348.3,140.527770321908,20538.1233528726,0.9,354.3,43.771415,-79.4613683333333,989.2,6.54781924523883,7.25950189155681,11.4,34.4042416883112,27.6,224.3,274.7,4.5,7.7
2018-08-09 16:37:24.500,182.6,39.9482064214397,1.89118177997174,1.93084381697594,1.12158225684915,400.347634855386,408.743737979688,1.14510404324936,349.5,140.473957567038,20541.0675359682,0.9,351.2,43.771445,-79.461375,989.1,6.54124052558723,7.25570116995136,11.6,34.4066354110337,27.6,214.6,269.8,4.9,6.3
2018-08-09 16:37:25.500,182.4,39.9546353388809,1.88933048707695,1.92898392710264,0.992679704660695,400.057917147902,408.454405665158,1.01351039111021,348.6,140.470657557803,20556.5857198112,0.9,345.6,43.771475,-79.4613816666667,989.2,6.54520875554015,7.25684403432919,11.6,34.407497747459,27.6,213,286.7,4.2,5.5
2018-08-09 16:37:26.500,182.1,39.9562508829976,1.88926762572705,1.92873506971677,1.29669640396053,400.538009660711,408.905289207199,1.32378730113659,347.1,140.488460068279,20462.7454726878,0.9,346.5,43.7715033333333,-79.46139,989.2,6.54677018090277,7.25468495123493,11.8,34.4085273220939,27.7,217.8,285.7,3.1,4.2
2018-08-09 16:37:27.500,181.8,39.9610478751301,1.88978887987642,1.92909830742837,1.04823509239451,400.691053161016,409.02570689738,1.0700397676718,348.3,140.442265371418,20377.0220337015,0.9,353.1,43.7715333333333,-79.4614,989.2,6.53912296290121,7.25415619780455,11.8,34.4100449970124,27.7,198.5,308.2,3,3.4
2018-08-09 16:37:28.500,181.9,39.9609532295774,1.89034275080546,1.92965922314426,1.32759967874832,400.730600556402,409.065205142226,1.35521154537046,349.7,140.476505249269,20374.8028032133,0.9,354.9,43.7715616666667,-79.46141,989.2,6.54319090535842,7.25598334462037,12,34.4122040521006,27.7,200.9,306.2,2.1,2.3
2018-08-09 16:37:29.500,182.2,39.9667267052892,1.88969169084431,1.92896476423768,1.26654158204881,400.543516276849,408.868079180621,1.29286420586178,346.3,140.486523493256,20360.0208971332,0.9,351.1,43.7715916666667,-79.46142,989.2,6.54234509459987,7.25453422494396,12.2,34.4141929756892,27.8,163.7,132.9,3.8,1.1
2018-08-09 16:37:30.500,182.1,39.9715544221027,1.88835651862271,1.92752822199236,1.16477558775168,400.561225528441,408.870362920065,1.18893431338029,345.8,140.42699887096,20322.1813071307,0.9,346.3,43.7716216666667,-79.46143,989.2,6.54668412174874,7.2527763183377,12.4,34.4158385159748,27.8,166.2,179.2,3.5,1
2018-08-09 16:37:31.500,182.1,39.9742033264993,1.88967848111156,1.92875536324751,1.37140303053293,399.723878153238,407.989885586606,1.39976183073723,350.5,140.479218439404,20260.1378441272,0.9,342,43.7716533333333,-79.4614383333333,989.2,6.54466179054896,7.25273997391431,12.5,34.4170536180734,27.8,178.9,320.9,2.5,5.1
2018-08-09 16:37:32.500,182.1,39.9817326004413,1.89109027131613,1.93039624828322,1.34804066507762,400.692875557978,409.021026380581,1.37605746395702,354.9,140.462382660347,20361.2057703847,0.9,347.4,43.7716883333333,-79.4614416666667,989.2,6.54221536483086,7.24903429453401,12.5,34.419362711135,27.8,231.3,311.5,2.7,6.8
2018-08-09 16:37:33.500,182,39.9909533030284,1.88968877513708,1.92877750807847,1.4476088343275,402.222539305245,410.542567271062,1.47755171416345,356.1,140.441706467704,20265.9670255676,0.9,353.2,43.7717183333333,-79.461445,989.2,6.5479709206481,7.25537044705737,12.5,34.4210237175748,27.8,279.5,328.8,2.7,9
2018-08-09 16:37:34.500,182,39.994309319034,1.89019872117487,1.92888628608813,1.45822396848414,402.806769515192,411.051077598186,1.48806860205026,354.2,140.496132975851,20056.6176407278,0.9,357.4,43.77175,-79.4614516666667,989.2,6.54913249737293,7.25839362366592,12.4,34.4232092698933,27.8,265.3,319.2,2.6,9.4
2018-08-09 16:37:35.500,182.1,39.9939451148561,1.89166751282248,1.93056592994942,1.37776120409736,403.126117769521,411.415540531923,1.40608937923595,355.1,140.448763329463,20148.5531037493,0.9,356.8,43.7717783333333,-79.461455,989.2,6.54644664079889,7.25967794448943,12,34.4252467650474,27.7,255.2,310.4,3.2,9.3
2018-08-09 16:37:36.500,181.9,40.0021376172983,1.89418988217165,1.9334571658818,1.34902635269607,403.63210709337,411.999581197761,1.37698678118297,356.4,140.440793165512,20309.3421652408,0.9,358.1,43.7718116666667,-79.4614583333333,989.2,6.54082682894056,7.26000214149757,12,34.4271051034296,27.7,250.9,294.7,4.2,8.4
2018-08-09 16:37:37.500,181.7,40.0013610233803,1.8919791391743,1.93100114747431,1.60528719033449,403.423072210054,411.743613750693,1.63839815632232,359.2,140.498179254292,20208.1554277365,0.9,359.9,43.7718366666667,-79.4614583333333,989.2,6.54479581605242,7.25673276867041,11.8,34.4285424388728,27.7,236.4,292.8,4,7.9
2018-08-09 16:37:38.500,181.8,40.0074491563305,1.89409022365251,1.93308993854697,1.3786939716698,402.954315301572,411.251052201497,1.4070792467381,3.7,140.454813104828,20174.4704886152,0.9,5.4,43.7718633333333,-79.4614533333333,989.2,6.54424972635142,7.25260292159917,11.6,34.4304334958814,27.7,240.5,288.6,4.2,9
2018-08-09 16:37:39.500,182,40.0113465786905,1.89175033590173,1.93088316795086,1.3259972278051,402.852555719177,411.185799044985,1.35342355849234,4.9,140.493144765373,20266.4773501812,0.9,8.2,43.7718966666667,-79.4614483333333,989.3,6.54410084958122,7.2563265247542,11.6,34.4320536377054,27.7,243.6,275.6,5,8.6
2018-08-09 16:37:40.500,182.2,40.0180069835749,1.89169248379288,1.93066176720373,1.48496434567907,402.378028893405,410.667074335491,1.5155544959138,5.8,140.499545502304,20184.461205303,0.9,12.4,43.7719216666667,-79.4614416666667,989.1,6.54881544177504,7.25699204626443,11.4,34.4340637637568,27.7,236.4,269.8,5.5,7.9
2018-08-09 16:37:41.500,182.2,40.0177493605266,1.89037421417026,1.92926268141396,1.57738377406603,401.434766158733,409.693018245046,1.60983715951563,2.6,140.468127540168,20157.1633057236,0.9,11,43.7719483333333,-79.4614366666667,989.2,6.54964430867273,7.25854884529561,11.4,34.4358678082651,27.7,233,269.8,4.7,6.5
2018-08-09 16:37:42.500,182.2,40.0189962747231,1.89282015791605,1.93162641161867,1.39153633027782,401.211438028983,409.437073719982,1.42006737309476,2.7,140.470794078927,20090.1310246244,0.9,10,43.7719766666667,-79.461435,989.2,6.54627898686629,7.26088182662198,11.6,34.4379713692676,27.7,244.4,285.3,4.4,8.6
2018-08-09 16:37:43.500,182.2,40.0234208994779,1.89375538914832,1.93264528822608,1.56558208014615,400.960733478879,409.194945624589,1.59773204722278,3.3,140.469725920689,20122.9478440351,0.9,11.1,43.7720066666667,-79.4614316666667,989.1,6.54702958589989,7.26574810701757,11.6,34.4397409820679,27.7,261.5,289.5,5.5,12.1
2018-08-09 16:37:44.500,182.2,40.0299630014601,1.89255464906404,1.93128124038205,1.55077612831239,401.358991869843,409.571844672982,1.5825093130556,3.7,140.467879024113,20052.1405065607,0.9,12.5,43.7720366666667,-79.4614266666667,989.2,6.54321089702693,7.24981885678266,11.8,34.4412388787442,27.7,254.4,277.8,7.2,13.3
2018-08-09 16:37:45.500,182.1,40.0375861345607,1.89425486136849,1.93299775959009,1.32766525646277,401.069367731148,409.272342457963,1.35481818853649,3.7,140.46321151702,20042.7429901525,0.9,12.1,43.7720666666667,-79.461425,989.1,6.54182451178364,7.25891045939226,11.8,34.4434196732373,27.7,270.8,320.7,5.5,9.8
2018-08-09 16:37:46.500,181.9,40.0422769899785,1.89066719062014,1.92931240910865,1.57702426617468,400.645429098067,408.834701461222,1.60925834079019,4.2,140.489873762196,20030.8543483381,0.9,11.3,43.772095,-79.4614216666667,989.1,6.54552494894659,7.26446784977011,11.8,34.4447391186373,27.7,330.4,354.1,1.9,10
2018-08-09 16:37:47.500,181.9,40.0515915319617,1.88925298286346,1.92794028798012,1.47526924478276,401.305933586647,409.523677655679,1.50547979011469,3.6,140.465864389894,20066.6120521324,0.9,13.3,43.772125,-79.46142,989.1,6.54834133471229,7.25637974987697,11.8,34.4468935610106,27.7,351.8,347.7,2.1,10.7
2018-08-09 16:37:48.500,182.3,40.0571944837165,1.89020437241155,1.92891375888971,1.50564966392379,400.874840520986,409.0843714152,1.53648746403405,3.8,140.462622486246,20068.0378852752,0.9,9.2,43.772155,-79.4614183333333,989.1,6.54575288719046,7.25874082958808,11.8,34.4486268752337,27.6,310.1,334.4,2.2,10.8
2018-08-09 16:37:49.500,182.8,40.0599072863934,1.89446781885972,1.93317586631731,1.31077659770295,400.205414028619,408.382550525791,1.33755865453815,4.3,140.488181147376,20023.1461773109,0.9,6.7,43.7721866666667,-79.4614166666667,989.1,6.54736717792746,7.25545268926723,11.8,34.4503952333756,27.6,270.7,291.1,4.2,9.7
2018-08-09 16:37:50.500,183.2,40.0641635469164,1.89445894691293,1.93317526079286,1.59787173143187,400.331876858937,408.513323445584,1.63052615638338,3.5,140.448487337275,20027.2778512279,0.9,5.3,43.7722216666667,-79.4614116666667,989.1,6.54536092730572,7.25481759367797,11.8,34.4517977731199,27.6,251.2,275.6,5.9,10.8
2018-08-09 16:37:51.500,183.7,40.0680612206979,1.8909742906643,1.92955606422057,1.38020632296544,400.463087227608,408.633868706154,1.40836231892097,2.4,140.454822446734,19995.2302570123,0.9,5.3,43.7722516666667,-79.4614116666667,989.1,6.5497237423924,7.25739705568947,12,34.454020808406,27.6,236.2,256.5,6.1,7.4
2018-08-09 16:37:52.500,184.1,40.0662183609723,1.89395243707407,1.93248521510263,1.48365247857655,400.178013904453,408.319735979492,1.51382989721383,1.8,140.49254926569,19939.3853335837,0.9,3.6,43.77228,-79.46141,989.1,6.5443678757291,7.25816617077158,12,34.4559518170718,27.7,219.4,276.9,4.4,6.2
2018-08-09 16:37:53.500,184.2,40.0710020040821,1.89327105968,1.93220985532481,1.42029204454261,400.820047165701,409.063687342639,1.44949872096256,1.9,140.463596440962,20152.4706138319,0.9,2.4,43.7723133333333,-79.4614066666667,989.1,6.54530316924014,7.25890691275873,12.2,34.4577802538276,27.7,238.5,273.7,4.1,7.3
2018-08-09 16:37:54.500,184.1,40.0763427145746,1.89382047290426,1.93254788710449,1.55421448703064,400.723692887862,408.918275270643,1.58599798242793,2.3,140.487916350484,20039.5525292638,0.9,2.2,43.77234,-79.4614066666667,989.1,6.54993301680966,7.26175606463741,12.2,34.4593382524865,27.7,230.1,277.2,4.7,7.4
2018-08-09 16:37:55.500,184.2,40.0805687797891,1.893052,1.93163362839376,1.49987648097536,400.613680611813,408.77843536264,1.53044418305223,3.8,140.491937811574,19973.3882730604,0.9,6.2,43.7723683333333,-79.4614016666667,989.1,6.54667619763729,7.25750793031119,12.4,34.4608127700889,27.7,236.7,260.7,4.4,5.7
2018-08-09 16:37:56.500,184.4,40.0853888343326,1.89383974513286,1.93257172966349,1.47312875642021,401.32777384514,409.535544579513,1.50325582939552,3.5,140.470395031321,20041.7104186763,0.9,9.4,43.7723983333333,-79.4614,989.1,6.54492596653762,7.25220362339472,12.4,34.4629635890532,27.8,215.4,266.4,5.1,4.9
2018-08-09 16:37:57.500,184.7,40.0911795210831,1.89567019810215,1.93446007128046,1.41060425037659,400.958779674831,409.163336555457,1.43946840200554,2.1,140.469638141072,20052.1146128637,0.9,11.7,43.7724316666667,-79.4613983333333,989.1,6.54765668389145,7.25705097889114,12.4,34.4647091311614,27.8,222.4,253.9,5.6,10
2018-08-09 16:37:58.500,184.5,40.0952680844051,1.89454198979129,1.93332115396546,1.33608315796801,400.39548182085,408.591159432461,1.36343130968429,1.2,140.482281842886,20058.400622068,0.9,11.4,43.7724633333333,-79.4613966666667,989.1,6.54599438849878,7.2575797263672,12.4,34.4672432834834,27.8,226.5,250.1,6.3,8.2
2018-08-09 16:37:59.500,184.6,40.0959791553259,1.89710006078041,1.93595980835806,1.3953665815744,400.642920632384,408.849528712077,1.42395060555702,359.5,140.464664206729,20072.5857419502,0.9,12,43.7724916666667,-79.461395,989.1,6.54276654815957,7.25732953924751,12.4,34.4687868914569,27.8,213.5,250.6,6.3,6.4
2018-08-09 16:38:00.500,184.4,40.0921952589972,1.89608198165939,1.93495591299343,1.49782045770876,400.717369200761,408.932821228516,1.52853078282827,357.2,140.482081956928,20090.0405659905,0.9,9.7,43.7725266666667,-79.4613983333333,989,6.54599868450686,7.25624377097863,12.4,34.4705096974995,27.8,226.4,272.6,4.6,8.4
2018-08-09 16:38:01.500,184.5,40.0907383538463,1.89543219096363,1.93414378339083,1.40222762123369,400.569199568301,408.750310307659,1.43086637830602,1,140.490943486183,20014.8553955215,0.9,16.2,43.7725583333334,-79.4613983333333,989.1,6.54488721111339,7.25638241097879,12.4,34.4720758978344,27.8,235.1,278.5,5,8.6
2018-08-09 16:38:02.500,184.7,40.0929858128188,1.89626121104467,1.93499573809086,1.40141327247173,400.343581210216,408.521246886596,1.43003854255658,5.1,140.4758064312,20017.7485934612,0.9,13.1,43.7725883333333,-79.461395,989.1,6.54963789195859,7.25884616512801,12.5,34.4740733914834,27.8,232.9,279.6,4.5,6.4
2018-08-09 16:38:03.500,185,40.0975237408636,1.89468112493763,1.93334173044703,1.50482788488371,400.296140090687,408.4641215947,1.5355334900955,7.4,140.469102635656,19996.8266252044,0.9,12.9,43.7726233333333,-79.4613883333333,989.1,6.55037024587496,7.25899646429913,12.5,34.475776288898,27.8,223.7,265.8,4.5,5.8
2018-08-09 16:38:04.500,185,40.0999772163761,1.89530116547897,1.93405870980649,1.43033371471797,400.159410095474,408.342482259235,1.45958130488589,8.7,140.48841297905,20039.6618115624,0.9,15.9,43.7726516666667,-79.46138,989.1,6.54840731715497,7.2621425916712,12.4,34.4773388805373,27.9,225.4,278.8,4.6,6.4
2018-08-09 16:38:05.500,184.8,40.1010450435523,1.89537991500782,1.93418373997778,1.23463979869696,400.246219118952,408.440419989997,1.25991663487034,5.6,140.458965574688,20062.2630735874,0.9,15.8,43.772685,-79.461375,989.2,6.54677245130137,7.2578040348418,12.4,34.4793735545653,27.9,241.5,279.5,4.7,7.3
2018-08-09 16:38:06.500,184.7,40.1013084069239,1.89785551035781,1.93669848543883,1.22305737973153,400.169704161789,408.359840692387,1.24809009871747,3.4,140.48170280662,20056.1442634584,0.9,13.3,43.7727133333333,-79.4613716666667,989,6.54925371478258,7.25746951770839,12.4,34.4813119463107,27.9,237.4,277.8,4.6,6.9
2018-08-09 16:38:07.500,184.7,40.1032385635937,1.89929178137212,1.93814790891841,1.21212916593396,400.329528949947,408.519605460735,1.23693111302559,3.5,140.490330114785,20048.0321347377,0.9,13,43.7727433333333,-79.4613716666667,989,6.54888618148358,7.25695004536613,12.4,34.483185387774,27.9,222.3,264.9,4.6,5.8
2018-08-09 16:38:08.500,184.7,40.1064385871962,1.89986284449893,1.9388581307388,1.36199746453059,400.650636929369,408.874190427785,1.38995261168184,2.4,140.46622944461,20112.6802122675,0.9,7.5,43.7727783333333,-79.4613716666667,989.1,6.54623208489338,7.25538971483031,12.4,34.4847399129799,27.9,226.3,289,4.4,5.8
2018-08-09 16:38:09.500,184.7,40.1062083828862,1.90058688804389,1.93955542591554,1.30862463905387,400.733548096442,408.949925245644,1.3354562371774,1.5,140.483546724075,20091.3854511421,0.9,6.1,43.7728116666667,-79.461375,989.1,6.54710292945971,7.25144234137976,12.4,34.4868391701414,27.9,230.8,267,4.1,6.1
2018-08-09 16:38:10.500,184.6,40.1079581345496,1.90216868494877,1.94119280792483,1.17877940354318,400.618543745732,408.837414846075,1.20296507879991,1,140.465834207525,20103.0742759419,0.9,6.9,43.7728433333333,-79.461375,989.1,6.54597599492594,7.25712838620296,12.5,34.488566968073,27.9,222.9,280.3,4.7,5.5
2018-08-09 16:38:11.500,184.5,40.1104538524068,1.90464718660859,1.94378701943904,1.37928411304093,400.662087267738,408.895516401489,1.40762752370951,0,140.466827802467,20135.8227380958,0.9,9.1,43.7728733333333,-79.4613766666667,989.1,6.54643930216323,7.25822474572103,12.5,34.4901721744935,27.9,230.4,303.9,4.3,6.1
2018-08-09 16:38:12.500,184.4,40.1168227586737,1.90564956870562,1.94482961172003,1.3661948193811,400.322270130503,408.552805757938,1.3942831329813,1,140.490302225247,20145.5153900054,0.9,9.5,43.7729033333333,-79.4613783333333,989.2,6.54497065703498,7.26156669202165,12.5,34.4921475407259,27.9,239,302.4,3.3,6.6
2018-08-09 16:38:13.500,184.3,40.1222127668572,1.90361282649966,1.94273667459812,1.35754058649717,400.409951889815,408.639226645648,1.38544032451688,5.1,140.470363127683,20138.2187372376,0.9,11.2,43.7729366666667,-79.4613716666667,989.1,6.54764804423354,7.2614155091379,12.7,34.4940505262541,27.9,231.7,284,4.9,7.1
2018-08-09 16:38:14.500,184.2,40.1271672098863,1.90290353546348,1.94205364471435,1.36375981895726,400.715165452768,408.95934702004,1.39181192079052,6.9,140.462547748379,20158.915752347,0.9,13.5,43.7729683333333,-79.4613633333333,989.1,6.54942191561801,7.25994890453971,12.9,34.4956604461077,27.9,236.3,287.9,4.9,7.1
2018-08-09 16:38:15.500,184.3,40.1287437442679,1.90742111011863,1.94680610475861,1.22542006825036,400.51739106659,408.787450407902,1.25072235262888,6.6,140.490496033588,20230.6827854189,0.9,14.4,43.7730016666667,-79.4613583333333,989.2,6.54541382526349,7.26045696670775,13.1,34.4973574349356,27.9,227.7,303.6,3,4.9
2018-08-09 16:38:16.500,184.5,40.1318952174115,1.90939780596205,1.94886600548464,1.2767007825705,400.316580810761,408.591448123571,1.30309472614058,4,140.464701723874,20252.1453026303,0.9,11.2,43.773035,-79.461355,989.1,6.54330926985216,7.25642887950996,13.1,34.4995355961807,28,236,275.2,4.3,7.8
2018-08-09 16:38:17.500,184.4,40.1340411522909,1.90986352483718,1.94950540389995,1.33326513425296,400.814171216997,409.133746122403,1.3609377243372,2.7,140.452444133441,20334.5568579635,0.9,11,43.7730666666667,-79.4613516666667,989.1,6.5434068692804,7.25748115007606,13.3,34.5015291072411,28,235.7,289.9,5,6.7
2018-08-09 16:38:18.500,184.2,40.1284353200441,1.90717693007152,1.94687316834779,1.18866820511708,400.769023214547,409.110688213776,1.21340623011439,0.6,140.492453694221,20389.6824275165,0.9,4.9,43.7731033333333,-79.4613516666667,989.2,6.54959671268246,7.25868585618709,13.3,34.5031214053054,28,245.4,322,3,7.6
2018-08-09 16:38:19.500,184.1,40.1295226052896,1.90938026828335,1.94927302048489,1.20486751062031,400.327168812479,408.691208633527,1.23004697243618,3.2,140.470749559691,20465.4224445455,0.9,7.9,43.773135,-79.46135,989.2,6.54750182221193,7.25779458924756,13.3,34.5048295180911,28,258.3,298,4.6,10.2
2018-08-09 16:38:20.500,184.1,40.1360971071044,1.91259955311137,1.95271284497748,1.43910236211512,400.228259462232,408.622271136877,1.46928528843147,3.7,140.447584998168,20542.340744968,0.9,8,43.7731733333333,-79.461345,989.1,6.5440357643714,7.25864882996489,13.3,34.5070498976823,27.9,250.4,300.1,4.1,7.1
2018-08-09 16:38:21.500,184.2,40.1385487718174,1.91352186498607,1.95384778206567,1.46883896459019,399.745612720228,408.169998776964,1.49979331330592,4.6,140.471046059766,20639.4546151937,0.9,8.3,43.7732066666667,-79.4613383333333,989.3,6.54317839570249,7.26566441418218,13.3,34.5089466164932,27.9,243.3,298.3,3.8,6.8
2018-08-09 16:38:22.500,184.1,40.142977918784,1.91254258196266,1.9530421965761,1.47220658338795,400.052268744785,408.523719349456,1.50338224766243,3.6,140.473941008011,20736.8121662674,0.9,8.1,43.77324,-79.461335,989.2,6.54718812639887,7.26165436010392,13.5,34.5104926035747,27.9,255.3,315.2,2.1,7.2
2018-08-09 16:38:23.500,184.1,40.1464140063626,1.915676765259,1.95622996029335,1.33349940996198,400.054805437769,408.523720909205,1.36173198409149,2.6,140.467709407996,20730.4964727735,0.9,4.5,43.7732733333333,-79.4613316666667,989.3,6.54938044352419,7.25823671303892,13.5,34.5124772801881,27.9,233.6,314.6,2.2,5.9
2018-08-09 16:38:24.500,184.5,40.1451266283735,1.919022502068,1.95974011231382,1.18042590983309,399.668256163107,408.148311291544,1.20548535946877,1.9,140.492961748716,20777.0289954118,0.9,7.2,43.773305,-79.461335,989.1,6.54378246156604,7.25734602869558,13.5,34.5141266496065,27.9,250.1,311.8,3.5,7.2
2018-08-09 16:38:25.500,184.6,40.1498821963329,1.91987045451426,1.96089512589937,1.35499712541261,399.660232018753,408.200331541191,1.38394993941177,3.7,140.461173203276,20921.4221417144,0.9,3.7,43.7733383333333,-79.4613316666667,989.3,6.54139705072177,7.25544059715984,13.7,34.5161278312916,27.9,224.3,331.7,1.5,6.5
2018-08-09 16:38:26.500,184.6,40.1562161089561,1.91968515006982,1.96077229690166,1.33371687997041,399.622105082762,408.175359888688,1.36226243947487,6.6,140.475543691866,20954.8463646048,0.9,6.4,43.7733733333333,-79.4613283333333,989.1,6.54068454583799,7.25907861432142,13.7,34.5179070889648,27.9,246.2,309.2,2.4,7.1
2018-08-09 16:38:27.500,184.1,40.1606636754314,1.91860936544996,1.95962433336209,1.41064038398859,399.44648129108,407.985685639236,1.4407986384258,9.2,140.509222319087,20930.132690138,0.9,10.3,43.7734066666667,-79.4613216666667,989.3,6.54237754599018,7.2602825654327,13.7,34.5195844420228,27.9,255.4,307.7,3.2,8
2018-08-09 16:38:28.500,183.6,40.1651783533906,1.91727059099584,1.95838582197156,1.39995089847519,399.920201333134,408.496445881669,1.4299662437766,9.8,140.474374365857,20994.5524573059,0.9,12,43.77344,-79.4613116666667,989.2,6.54663908056501,7.26197527774389,13.7,34.5213043791886,27.9,250.4,305.3,3.7,7.3
2018-08-09 16:38:29.500,183.5,40.1679232848617,1.91483674646548,1.95604786881506,1.25981658697711,399.803838319021,408.40846704873,1.28693184275585,11,140.488084049671,21068.6646549764,0.9,14.9,43.7734716666667,-79.4613016666667,989.2,6.5500382528903,7.26231180809333,13.5,34.5232892691025,27.9,252,308.8,2.7,6.9
2018-08-09 16:38:30.500,183.2,40.1709201793397,1.91535237640061,1.95665926965893,1.3793614076304,399.932718733678,408.557818625632,1.40911011376468,15.7,140.499497104589,21111.0715514129,0.9,8,43.7735066666667,-79.46129,989.2,6.54829805683615,7.25942650799289,13.5,34.5250590103707,27.9,247.7,323.7,2.9,6.7
2018-08-09 16:38:31.500,183.1,40.1785266520093,1.91659983180947,1.95795247783958,1.54041394267202,399.828113956491,408.454918024041,1.57364949703443,20.7,140.463398571703,21120.6150135722,0.9,13.7,43.7735366666667,-79.4612716666667,989.3,6.54324081704515,7.26099554795224,13.5,34.5269681850779,27.9,237.7,339.5,2.5,5.5
2018-08-09 16:38:32.500,183.2,40.1861214824563,1.91336431034329,1.95467627376146,1.55061653162618,399.782147561583,408.414063759452,1.58409378644242,24.9,140.441608239834,21135.2618992066,0.9,21.6,43.7735666666667,-79.4612516666667,989.3,6.54365910045876,7.26347650308194,13.5,34.5288027814087,27.9,160.7,355.2,0.5,4.8
2018-08-09 16:38:33.500,183.4,40.1882476195703,1.91473849455962,1.95622092762593,1.34477875806744,399.87787593387,408.541228325277,1.37390793655556,25.3,140.480774078457,21205.6690021511,0.9,26,43.7735933333333,-79.461235,989.2,6.53979539392877,7.26509243458179,13.3,34.5302578962474,27.9,226.7,305.1,2.3,3.8
2018-08-09 16:38:34.500,183.6,40.1907000498104,1.91355269791257,1.95512812120479,1.36715632439585,399.352158055021,408.0288168406,1.39686094118929,24.4,140.476689440226,21264.8909943077,0.9,28.7,43.773625,-79.4612133333333,989.2,6.54560383064542,7.26208535052188,12.9,34.5323325725807,27.9,219.7,353.4,2.5,2.6
2018-08-09 16:38:35.500,183.6,40.1937625463149,1.91351771666666,1.95514190645398,1.47281019235589,399.162793244717,407.845642566881,1.50484509069057,22.8,140.478422186998,21289.5145796883,0.9,31.3,43.77365,-79.4611983333333,989.2,6.54869079146268,7.26440344735152,12.5,34.5341875824639,27.9,196.8,0.4,2.1,2.7
2018-08-09 16:38:36.500,183.5,40.1971180296085,1.91550086121838,1.95734457822891,1.27386592639358,399.116725294296,407.835354945955,1.30168552297738,26.5,140.479540636838,21377.7504824423,0.9,32.6,43.7736816666667,-79.461175,989.2,6.54665996680074,7.26174975603389,12.2,34.5360874586012,28,209.2,337.7,2.4,2.3
2018-08-09 16:38:37.500,183.4,40.20423738918,1.9149524747575,1.95694356040695,1.25093727987721,399.309746649022,408.065836828096,1.2783675816302,36.1,140.45067860787,21457.5093104399,0.9,29.5,43.7737,-79.4611516666667,989.3,6.54167423548577,7.25683695713181,11.8,34.5378812867652,28,192,36.5,2.9,2.5
2018-08-09 16:38:38.500,183.1,40.2115095548988,1.91457488461342,1.95661795134703,1.27431270604658,399.280954093247,408.04904138058,1.30229242335546,51.1,140.477055295366,21487.8282070285,0.9,16.6,43.7737183333333,-79.4611166666667,989.2,6.53887213861423,7.25839837604361,11.8,34.5397841101133,28,190.4,52,2.8,3.7
2018-08-09 16:38:39.500,182.9,40.216619638912,1.91173590375596,1.95398191913051,1.15066933870549,399.067590549643,407.886297479934,1.17609651454824,65.3,140.484214843193,21620.6027571037,0.9,31.1,43.7737266666667,-79.46107,989.3,6.54104359283443,7.26124873383915,12.5,34.5416294249851,28.1,193.3,44.3,2.2,4.5
2018-08-09 16:38:40.500,182.8,40.2246810869384,1.90938059176228,1.95167563988944,1.21344140486412,399.660173415334,408.513028248782,1.24031522825041,75.5,140.453144779544,21670.9806532144,0.9,45.8,43.77373,-79.4610283333333,989.3,6.53766350686943,7.25881336445067,13.1,34.543593013407,28.1,169.6,25.2,1.9,7.7
2018-08-09 16:38:41.500,183,40.2307119913469,1.90686152053506,1.94895307980357,1.22779836750424,400.105755906313,408.937636032092,1.2549010380304,81.5,140.467014979486,21596.9634027648,0.9,57.2,43.773735,-79.4609766666667,989.3,6.54094148951,7.25434729016079,13.8,34.5454052132918,28,173.1,30.9,1.4,8.3
2018-08-09 16:38:42.500,183.5,40.2329490126717,1.90568808298397,1.94779777033844,1.23881096109017,399.92753753408,408.76469311347,1.26618848028101,85,140.489654205749,21619.0938139391,0.9,66.1,43.7737366666667,-79.460935,989.4,6.54643153776725,7.25782959548985,14,34.5471822166233,28,170.3,47.4,3.8,8.9
2018-08-09 16:38:43.500,184,40.2383130828841,1.90630694872955,1.94843370451683,1.39845892479322,399.838814064086,408.67469969071,1.42936134900983,88.3,140.466631236281,21620.8256060045,0.9,75.3,43.7737366666667,-79.4608833333333,989.2,6.54545037894935,7.25827426677978,14,34.5489999825383,27.9,189.6,39.8,2.8,7.4
2018-08-09 16:38:44.500,184.3,40.2382616016924,1.90398485395351,1.94604794485212,1.32154478901272,399.329823832858,408.151787331033,1.35073576141861,92.2,140.484351010209,21614.4617125414,0.9,81.5,43.7737333333333,-79.4608416666667,989.3,6.54802610586872,7.25931273634848,13.7,34.5507946673084,27.9,205.6,29.1,2.2,6.7
2018-08-09 16:38:45.500,184.2,40.2388729853728,1.90226721854175,1.94442694420617,1.21349113557085,398.920392808411,407.761543022859,1.2403863005401,96.1,140.495356395032,21682.2120150234,0.9,88.9,43.77373,-79.460795,989.3,6.54437820571206,7.26204995963902,13.5,34.5525187278857,27.9,216.8,25.2,1.5,6.1
2018-08-09 16:38:46.500,184.2,40.2443494737101,1.90262418804167,1.944791205144,1.14196658757584,398.79354002644,407.631784569434,1.16727953076387,101.3,140.461050023432,21682.0110636309,0.9,96.1,43.77372,-79.4607516666667,989.3,6.54527266469659,7.26229934204651,13.3,34.554457444024,27.9,223.6,30.6,2.3,6.1
2018-08-09 16:38:47.500,184.2,40.2450238336332,1.90217381755183,1.94440130989015,1.08111562796387,398.567666979166,407.415600232978,1.10512029388188,104.8,140.472460049948,21717.3384376251,0.9,101.3,43.7737116666667,-79.4607083333333,989.3,6.54604095540616,7.26099216384149,13.3,34.5564591687246,27.9,233.4,18.4,1.4,5.8
2018-08-09 16:38:48.500,184,40.2433977248162,1.90242736978941,1.94474416175007,1.15144113978237,398.39446848947,407.256172412804,1.1770530415614,106,140.492979168542,21759.5667333458,0.9,104.8,43.7737016666667,-79.460665,989.3,6.54337254010923,7.26198198299812,13.7,34.5581704972978,27.9,210.2,20.1,1.4,7.4
2018-08-09 16:38:49.500,184,40.2472968522689,1.90170764540706,1.94408420106378,1.2026992819493,398.229873903877,407.103835535962,1.22950266831185,108,140.457287042982,21797.8029733097,0.9,102.1,43.77369,-79.46062,989.4,6.5457839914706,7.26342435248455,13.8,34.5601490047439,27.9,203.7,24.2,2.1,8.7
2018-08-09 16:38:50.500,184,40.2449893410781,1.90061002724818,1.94307369720516,1.25170184383246,397.925570776123,406.816154231985,1.27966695907937,108.3,140.470215887794,21854.073685324,0.9,104.9,43.7736783333333,-79.4605733333333,989.3,6.54560599254525,7.26356752425748,14,34.5620277696093,27.9,176.5,33.5,3.2,10.5
2018-08-09 16:38:51.500,183.9,40.2380605369428,1.90136174909832,1.94389834209648,1.5023679615978,397.637204809827,406.533025240793,1.53599107419152,109.3,140.48400670249,21882.1451087583,0.9,106.3,43.7736666666667,-79.4605266666667,989.3,6.54305737225323,7.26487451002101,14,34.5637261255716,27.8,190,33.1,2.9,8.5
2018-08-09 16:38:52.500,183.7,40.2350346586949,1.90009235736496,1.9427278494841,1.53307940058009,396.896224571224,405.802012663034,1.56747664626252,110,140.47548721384,21946.1186854305,0.9,106.8,43.773655,-79.4604833333333,989.3,6.54276429929375,7.2675886443731,13.8,34.5655886338852,27.8,215,37,2.7,8.3
2018-08-09 16:38:53.500,183.4,40.2297169602324,1.89662632520852,1.93918430681375,1.2591900808437,396.637762444913,405.537871254236,1.28744537025929,109.5,140.500317425202,21946.5289639602,0.9,109.5,43.7736416666667,-79.4604383333333,989.4,6.54555933884363,7.26568015869424,13.8,34.5674417425202,27.7,210,27.2,2,7.8
2018-08-09 16:38:54.500,183.2,40.2245389947832,1.89710227067032,1.93976282747324,1.17483340575314,396.94742664097,405.873680512962,1.20125065998036,107.3,140.485346128008,21992.7583476587,0.9,105.1,43.77363,-79.4603933333333,989.3,6.54164004067444,7.26252860700927,13.7,34.5694179800046,27.7,252.6,19.8,1.6,4.2
2018-08-09 16:38:55.500,183.3,40.2236210019798,1.89961515086764,1.94252742326416,1.16888281776203,397.116888929724,406.08774322176,1.19528793991514,103.8,140.46867558009,22090.9532807847,0.9,103.3,43.7736233333333,-79.4603433333333,989.3,6.54100679577,7.25972065902695,13.5,34.5711982405608,27.7,274.8,12.6,2.6,2
2018-08-09 16:38:56.500,183.1,40.226358539949,1.899325,1.94212781669585,1.17045634865549,397.175219101943,406.125806041702,1.19683414670182,100.5,140.473580351345,22039.0101701448,0.9,97.1,43.7736166666667,-79.4602933333333,989.2,6.54335754563907,7.25961961457497,13.7,34.5729364324367,27.8,288.2,348.4,2.8,2.1
2018-08-09 16:38:57.500,182.8,40.2276615764938,1.89969957323618,1.94227443009362,1.20253850690668,397.559580955765,406.46935988035,1.22948715041829,99.6,140.46830524388,21920.0068289203,0.9,97.1,43.7736133333333,-79.4602516666667,989.3,6.54371920357288,7.26326784967618,13.5,34.5746304551837,27.8,286.2,5.5,2.5,2.8
2018-08-09 16:38:58.500,182.9,40.2271417236022,1.89779356503332,1.94031356503332,1.25432872504506,397.73500762487,406.646308073486,1.28243201196864,98.1,140.464546359558,21914.1135784607,0.9,99.5,43.7736083333333,-79.4602016666667,989.2,6.54500694340789,7.26127552879532,13.5,34.5765632695021,27.9,260.1,11.7,2.1,5.3
2018-08-09 16:38:59.500,183.2,40.2252905562687,1.89749437186155,1.93997933350028,1.19012757087445,397.554045921232,406.45533235943,1.21677712229035,96.4,140.480188818479,21899.7239562481,0.9,95.5,43.7736033333333,-79.4601533333333,989.2,6.54653362470906,7.26338283791159,13.5,34.5783182928932,27.9,215.4,30.6,1.9,6.9
2018-08-09 16:39:00.500,183.5,40.2259807082626,1.89818009118606,1.94062773487424,1.09307148397827,398.025551992829,406.926282083009,1.11751501161008,96,140.483626687018,21872.983987789,0.9,94.8,43.7736016666667,-79.4601066666667,989.2,6.54571441142905,7.26351673487118,13.5,34.5800973312982,27.9,209.1,44.3,2.4,6.3
2018-08-09 16:39:01.500,183.8,40.2280968167565,1.8981828974035,1.94052334510986,1.15836022986291,398.525362980497,407.41477358191,1.1841938399996,94.7,140.461611570304,21819.0999831661,0.9,96.1,43.7736016666667,-79.4600616666667,989.2,6.5436074035338,7.26094372242211,13.5,34.5820655229364,27.9,215.1,25.2,1.5,6.1
2018-08-09 16:39:02.500,184.2,40.2276925740935,1.89881934947243,1.94097949187944,1.42110101210018,398.583485951963,407.433341097991,1.45264632313008,94,140.477421183692,21721.0046505141,0.9,93,43.7736016666667,-79.4600166666667,989.2,6.54246168817757,7.26352143636775,13.5,34.5840421853505,27.9,211.5,28.3,2.2,6.2
2018-08-09 16:39:03.500,184.3,40.2281232755596,1.89904461369977,1.941085046337,1.41469006329475,398.761210671407,407.588812340681,1.44601132573902,92.9,140.474153525607,21658.0786674347,0.9,96.1,43.7736,-79.4599683333333,989.2,6.54236278235505,7.26068971551544,13.5,34.5857803831033,27.9,197.6,29.5,1.7,7.2
2018-08-09 16:39:04.500,184.4,40.2284764032877,1.89883373914273,1.94081491230049,1.34852503313425,398.677412982238,407.491719781531,1.37833921310949,90.7,140.481724750154,21630.6750677155,0.9,90.9,43.7736033333333,-79.4599216666667,989.2,6.54215453292268,7.25810251125408,13.5,34.5875430213875,27.9,237.3,61.6,2.5,4.4
2018-08-09 16:39:05.500,184.3,40.2291787021378,1.89627042396701,1.93818165521204,1.27882331908747,398.219247023512,407.020692422696,1.30708785636414,90,140.503133931357,21624.0842566442,0.9,92.2,43.773605,-79.4598766666667,989.2,6.54399661422723,7.26320838047827,13.1,34.5892565218821,27.9,234.8,48.9,3.2,4
2018-08-09 16:39:06.500,184.3,40.2330134697713,1.89515878069854,1.93702906331481,1.24675325854303,398.259238463093,407.058105850304,1.27429777594035,86.5,140.474350073223,21615.7767645234,0.9,86.4,43.7736066666667,-79.4598383333333,989.2,6.54766069130429,7.26509402642811,12.7,34.5910058663968,27.9,247.2,18.8,2.2,3.5
2018-08-09 16:39:07.500,184.2,40.2353380663261,1.8956721510203,1.93756334438769,1.2512446790546,397.778977666404,406.569303318718,1.27889504173464,81.8,140.478530594071,21620.7317296147,0.9,80.3,43.7736133333333,-79.4597916666667,989.2,6.5465120552798,7.26581855091495,12.4,34.5930092237628,27.9,263.9,0.4,2,2.7
2018-08-09 16:39:08.500,184.5,40.2364690748821,1.89644971948854,1.93842237554544,1.26043150662252,397.447929772932,406.244454866462,1.2883292997321,79.9,140.481882566184,21653.1874040547,0.9,79.7,43.7736216666667,-79.45975,989.1,6.54682628181467,7.26377020161907,12.2,34.5948548023069,27.9,261.7,351,2.5,1.4
2018-08-09 16:39:09.500,185.3,40.2379574305194,1.89771537899886,1.93973258849021,1.38412043739516,397.638127661255,406.442266531204,1.41476572987155,76.2,140.456618124009,21661.3600471871,0.9,79.9,43.7736283333333,-79.4597066666667,989.1,6.54729042730623,7.2609911539069,12.2,34.5968357039862,28,253.6,66.1,3.5,0.7
2018-08-09 16:39:10.500,186,40.2371840859461,1.8973165991641,1.93932973624688,1.41370844323728,397.434596540027,406.235241706916,1.44501233065267,74.3,140.479769776422,21663.9008012525,0.9,76.8,43.7736383333333,-79.4596666666667,989.1,6.54600553863452,7.26204787710419,12.2,34.598543014187,28,254,163.6,4.1,0.9
2018-08-09 16:39:11.500,186.5,40.2367841875594,1.89651420222792,1.93861077740614,1.39206577530868,397.353672652676,406.173711513772,1.42296476082435,73.2,140.490944048243,21714.8905727136,0.9,76.2,43.77365,-79.459625,989.1,6.54315524895469,7.26338625001774,12.2,34.6004891210193,28,251.1,179.2,3.9,0.8
2018-08-09 16:39:12.500,186.3,40.2416370566035,1.8965454656369,1.93873009470133,1.27776297063075,397.634530126586,406.478995346059,1.30618302949298,71.6,140.480185828038,21758.6294492612,0.9,76,43.7736566666667,-79.4595833333333,989.2,6.5421489507087,7.2626614614626,12,34.6024013375696,28.1,257.9,236.9,3.6,0.6
2018-08-09 16:39:13.500,186.1,40.2462522542983,1.89685934345148,1.93899197940988,1.29884426957222,397.740920568886,406.57542475059,1.32769065696322,70.6,140.487210740819,21729.021441311,0.9,71.1,43.773665,-79.459545,989.1,6.54296911802165,7.26494275122025,11.4,34.6040034281468,28.2,257.9,222.1,3.7,1.6
2018-08-09 16:39:14.500,186.1,40.2478708759202,1.89414204694752,1.93610720526221,1.38303424845366,397.835950891062,406.650133620737,1.41367567897139,70.1,140.489183076985,21675.0855563028,0.9,74.1,43.7736733333333,-79.4595033333333,989,6.54611796992183,7.26542187248751,11.1,34.6058784168532,28.2,258.6,223.1,3.4,0.5
2018-08-09 16:39:15.500,186.1,40.2550938373545,1.89623086997608,1.93825828888458,1.21133817167149,398.329794971477,407.15827648354,1.2381822600597,69.7,140.45456354282,21683.1497466814,0.9,76.8,43.77368,-79.4594683333333,989,6.54476254998383,7.25784684369078,10.5,34.6078269269483,28.2,253.5,324,2.7,1.1
2018-08-09 16:39:16.500,186.1,40.2564866094065,1.89724714079638,1.93918077603271,1.24947575335079,398.313513539946,407.117120555082,1.27708251995363,69.6,140.464294216529,21624.2740034967,0.9,72.7,43.77369,-79.459435,989,6.54169729617698,7.25820034243979,9.6,34.6096238189988,28.2,249.7,142.2,2.7,0.5
2018-08-09 16:39:17.500,186.1,40.2570910957783,1.8947151643757,1.93655960375335,1.18513207055869,397.987018699856,406.776373454123,1.21130106775097,71.9,140.484226334403,21607.4715975498,0.9,78.4,43.7736966666667,-79.4594033333333,989.1,6.54374568750935,7.26271424106765,9.4,34.6112504029642,28.2,244.9,162.7,3.5,2.8
2018-08-09 16:39:18.500,186.1,40.2640975986822,1.89529559430809,1.93709336273621,0.983645565541814,397.625288556493,406.394220929691,1.0053414567614,73.2,140.451021257748,21577.4018795924,0.9,82.2,43.7737016666667,-79.4593733333333,989.1,6.54626095477915,7.26332937930924,9,34.6133464832317,28.2,247.5,173,5.2,4.4
2018-08-09 16:39:19.500,185.9,40.2664006201143,1.896762838096,1.938618862496,1.16133054344369,397.319337368686,406.086906457372,1.18696434792756,72.4,140.479799865143,21590.261597417,0.9,79.6,43.77371,-79.459345,989,6.54607337247315,7.26582891870856,9.2,34.6151001213257,28.2,251.5,175.5,5.1,5.7
2018-08-09 16:39:20.500,186,40.2707250566925,1.89402923481174,1.93591923075015,1.41674184902795,397.535858250085,406.328132179682,1.44807715364767,71.2,140.50016535793,21638.2227525782,0.9,75.9,43.7737183333333,-79.459315,988.9,6.5464811096631,7.2628808774757,9,34.6166656879335,28.2,249.8,182.3,5.1,5.6
2018-08-09 16:39:21.500,186.1,40.2770772789068,1.89450002052577,1.93633809445321,1.41055992164814,398.079201466426,406.870329385886,1.44171218466688,69.8,140.454963309817,21606.6306278008,0.9,73.2,43.7737283333333,-79.4592866666667,989,6.54809759303405,7.26410040516652,9.2,34.6186880259965,28.2,250.8,176.4,5.7,5.8
2018-08-09 16:39:22.500,186.3,40.2764868777931,1.89635143970322,1.9381577072125,1.3663170639548,398.013187765074,406.787564192906,1.39643831873005,69.6,140.479939513416,21569.8885930894,0.9,73.1,43.773735,-79.4592566666667,989.1,6.54585152090844,7.26421769314984,9.4,34.6203376437322,28.2,251.8,182.8,5.5,5.7
2018-08-09 16:39:23.500,186.5,40.2781695209941,1.89567899458196,1.93741571902328,1.2555267103654,397.88296961753,406.643046343989,1.28317043310984,69.3,140.488266299897,21542.3143906204,0.9,69,43.773745,-79.4592283333333,988.9,6.54460488557972,7.26451307786351,9.4,34.6220344482079,28.2,255.4,194.8,5.2,4.9
2018-08-09 16:39:24.500,186.7,40.2849656518278,1.89582245879467,1.93741639633586,1.34450289072521,398.445261754498,407.187050265548,1.37399508021885,71.4,140.453634886702,21468.7911370856,0.9,73.5,43.7737516666667,-79.4591983333333,988.8,6.54560745841299,7.25952829105688,9.6,34.6238116770188,28.2,251.7,173.1,4.4,3.3
2018-08-09 16:39:25.500,186.9,40.2900155336182,1.89595326188539,1.93740565471104,1.32447826626718,398.333712110749,407.042780631099,1.35343939812351,72.9,140.482757219425,21395.9880181848,0.9,75.2,43.7737566666667,-79.4591683333333,989,6.5447151417135,7.26336308156166,9.4,34.6256365022341,28.2,240.2,152.8,4.3,3.6
2018-08-09 16:39:26.500,186.9,40.2936657541634,1.89538013929873,1.93671536132579,1.0985577445705,398.322083847901,407.008884332549,1.12251856231061,70.7,140.486586705049,21342.9966707655,0.9,74.2,43.773765,-79.45914,989,6.54468185268019,7.26542287790792,9.2,34.6274467101223,28.2,238.2,147.3,4.7,4.3
2018-08-09 16:39:27.500,187.2,40.2922126860868,1.8956163242018,1.93676317680093,1.14857974764247,398.312279740654,406.958172978639,1.1735046367261,68.4,140.478864893762,21245.2216423417,0.9,69.4,43.773775,-79.4591133333333,989,6.5467577010567,7.26634522571299,9.2,34.6294106481366,28.2,243,160.6,3.9,1.9
2018-08-09 16:39:28.500,187.3,40.2881506361564,1.89671342136996,1.93789070878653,1.37792876080503,398.091085349782,406.733559827113,1.40784752371494,68.6,140.497692193712,21248.5467648909,0.9,67.4,43.7737833333333,-79.4590833333333,988.9,6.54687833125979,7.26663189291132,9.2,34.6312406235,28.2,248.2,183.8,3.5,3.3
2018-08-09 16:39:29.500,187.5,40.2905874982634,1.89556111723134,1.93663700692226,1.25637344862418,398.667424175942,407.306335394706,1.2836063254733,71.7,140.486075358345,21209.9446457631,0.9,70.1,43.7737916666667,-79.4590533333333,988.9,6.54483846061383,7.26126508165362,9.8,34.6330849688619,28.3,250.6,175.1,4.7,4.1
2018-08-09 16:39:30.500,187.5,40.2981351491861,1.89692235837065,1.9378836133147,1.22839885339158,398.77501986387,407.385895043288,1.25492238720938,72.7,140.458420362295,21136.8803671429,0.9,71.6,43.773795,-79.4590183333333,988.9,6.54196919946941,7.26492400865301,10,34.6350401303795,28.2,247.5,171.3,4.3,3.2
2018-08-09 16:39:31.500,188,40.3014705385494,1.89483493352161,1.93555433602212,1.32992528170872,398.754046474422,407.3230765571,1.35850164850308,73.2,140.463325998521,21037.3631128605,0.9,70.4,43.7738016666667,-79.458985,988.9,6.54324701677753,7.26796158495665,10.1,34.6368112860119,28.2,250.1,167.8,4.6,3.7
2018-08-09 16:39:32.500,188.4,40.3027486417831,1.89719872828467,1.93786306642565,1.45094872597729,399.269894361363,407.827754600537,1.48204763867913,71.8,140.476701935134,20984.0283957222,0.9,70.4,43.7738083333333,-79.4589516666667,988.9,6.54191676042726,7.2630974371075,10.3,34.63861324769,28.2,243,157.6,4.6,3.6
2018-08-09 16:39:33.500,188.5,40.3057690697676,1.89509199911508,1.93558276959029,1.38838263270478,399.468603564205,408.003719855912,1.4180502637714,71.5,140.454647295247,20919.2653197647,0.9,70.3,43.773815,-79.4589166666667,988.9,6.54570411261399,7.25755827211815,10.5,34.6404174380688,28.2,251.5,182.7,4.6,3.4
2018-08-09 16:39:34.500,188.6,40.3057458374459,1.89601246152423,1.93659323427392,1.22493881311337,398.930346053816,407.468647025982,1.25115281230761,70.4,140.485985960319,20954.503807402,0.9,69.6,43.773825,-79.4588833333333,988.9,6.54343850914645,7.26235095173638,10.7,34.6423284015987,28.2,252.4,185.2,4.4,2.9
2018-08-09 16:39:35.500,188.5,40.3087941279038,1.89594614706267,1.9364470679322,1.18959097797823,398.830394032682,407.350070453517,1.21500199165651,69,140.487123863141,20914.7445440708,0.9,67.4,43.7738333333333,-79.4588483333333,988.9,6.54544249557957,7.26358186455665,10.7,34.6439939085307,28.2,253.8,199.9,4,2.2
2018-08-09 16:39:36.500,188.7,40.3143827554957,1.89550723098708,1.93596791707489,1.21627783497664,399.02983688078,407.547391644726,1.24223975411815,70,140.44900486498,20899.3818238321,0.9,69.4,43.773845,-79.458815,988.8,6.54469378055536,7.26467370536099,10.7,34.6460243043904,28.3,252.1,184.6,3.9,1.6
2018-08-09 16:39:37.500,189,40.3141263548846,1.89647921857712,1.93698761957227,1.19265194349754,398.896291276231,407.416777909726,1.21812635676206,70.5,140.486227761381,20913.2734262293,0.9,71,43.7738533333333,-79.4587816666667,988.8,6.54205348059153,7.26327961723893,10.7,34.6478603250456,28.3,245.9,147,3.9,2.5
2018-08-09 16:39:38.500,189.2,40.3107104764392,1.89671039570156,1.93716753803906,1.15073932689472,398.644237480364,407.147391783534,1.175285013619,69.6,140.47380739622,20884.5532970335,0.9,71.6,43.773865,-79.4587483333333,988.9,6.54361273774457,7.26416579960559,10.5,34.6497642066475,28.3,244.4,165.5,4.2,2.7
2018-08-09 16:39:39.500,189,40.3124636692121,1.89729841161583,1.93769883554194,1.17838576198452,398.713795584252,407.203909661591,1.20347804420135,70,140.440681613791,20849.8610771899,0.9,70.8,43.7738716666667,-79.458715,988.8,6.54623707948786,7.26586731312817,10.1,34.6517758744829,28.3,245.3,152.1,4.2,2.8
2018-08-09 16:39:40.500,188.5,40.3082629199853,1.89815248535669,1.93859279088064,1.22951307157204,398.90893975765,407.407880385708,1.25570885919861,70.8,140.487977029809,20861.0266624756,0.9,73,43.7738766666667,-79.45868,988.8,6.54663168906588,7.26329952283824,10.1,34.6534640628058,28.3,236.5,136.9,4.4,3.7
2018-08-09 16:39:41.500,188.3,40.3061054161461,1.8968685870484,1.93720939537416,1.06869275208999,398.945355674976,407.429834174805,1.09142397664676,72.4,140.475253153394,20824.3609783876,0.9,74.7,43.7738833333333,-79.4586433333333,988.8,6.54732263175834,7.26970013726764,10,34.6553762231657,28.3,227.2,114,4,3.4
2018-08-09 16:39:42.500,188.4,40.3081339878176,1.89668529907523,1.93703938366462,1.12043036606984,398.829552422068,407.315066621082,1.14427001700826,73.1,140.474416917879,20832.7259353768,0.9,75.7,43.77389,-79.4586116666667,988.8,6.54594276593953,7.26767728874832,9.8,34.6571056645993,28.3,231.8,124.1,3.5,3
2018-08-09 16:39:43.500,188.5,40.3130968917916,1.89497940078892,1.93535856815397,1.23924630933557,398.952764653671,407.453890879945,1.26565398372538,71.3,140.500601404977,20863.9880157733,0.9,72.9,43.7738966666667,-79.4585783333333,988.8,6.54609714961787,7.26353544663564,9.6,34.6589732363814,28.3,231,116.9,3.9,3.4
2018-08-09 16:39:44.500,188.8,40.3164111228408,1.89751488489355,1.93780955191236,1.15522080661752,398.839136325573,407.308733650527,1.17975625751977,70.1,140.478165663557,20794.1186273914,0.9,71.7,43.773905,-79.4585466666667,988.9,6.54402301549201,7.26490216595849,9.4,34.660677057372,28.3,227.7,114.9,3.8,2.9
2018-08-09 16:39:45.500,189.3,40.3171210809171,1.89892026975266,1.93947270125291,1.14473059882133,398.846653811876,407.364088748865,1.16917867713867,70.6,140.46815134573,20908.7133200147,0.9,72.8,43.773915,-79.4585133333333,988.7,6.5427633794909,7.26648737602452,9.6,34.6627545893482,28.3,216.6,90.8,3.4,3.6
2018-08-09 16:39:46.500,189.7,40.3211100941459,1.89986289066142,1.94070427661414,1.32760542118994,398.789588993244,407.362378204052,1.35615020251844,71,140.470184069519,21044.7642507751,0.9,73.1,43.773925,-79.45848,988.8,6.53927243952712,7.2662439804475,9.8,34.6644089790037,28.3,216.4,97.1,3.5,4.2
2018-08-09 16:39:47.500,189.7,40.3253338613985,1.89888980279486,1.93962295311407,1.23714646777045,398.885163626742,407.441715445443,1.26368859034139,71.1,140.471457972762,21000.740827572,0.9,73.1,43.77393,-79.4584483333333,988.7,6.54220604153737,7.26514394863111,10,34.6663007860688,28.3,214,79.3,3.7,4.2
2018-08-09 16:39:48.500,189.6,40.3262701953516,1.89740929471896,1.93822850623706,1.19646823504036,398.701873292128,407.279169991159,1.22220866784414,71.7,140.458381778463,21060.1327444899,0.9,72.1,43.773935,-79.4584166666667,988.7,6.54203585888485,7.26789837990608,10.1,34.6683375547221,28.3,215.4,106.3,3.8,4.9
2018-08-09 16:39:49.500,189.3,40.3303816962284,1.89659537527023,1.93758994982824,1.16421544906781,398.365000316544,406.97562189745,1.18937883608243,72.5,140.490984093451,21157.6182605342,0.9,71.2,43.77394,-79.4583783333333,988.7,6.54674651327849,7.26949749353428,10.5,34.6701281823708,28.3,217.4,100.5,4.3,4.7
2018-08-09 16:39:50.500,189.2,40.3346932924112,1.8992377033304,1.94045772972609,1.28560255847939,398.324412150665,406.969490694765,1.31350772552041,70.8,140.477930443407,21242.463536532,0.9,69.3,43.7739466666667,-79.4583416666667,988.7,6.54725188167063,7.26968770921499,10.7,34.672158821406,28.3,218.2,75.5,3.4,4.8
2018-08-09 16:39:51.500,189.2,40.3364560219037,1.89861633538771,1.93988719944713,1.31169243115464,398.245984192082,406.9027589594,1.34020510014063,69.6,140.452635870097,21274.7098443954,0.9,69.4,43.773955,-79.4583066666667,988.7,6.54072161272718,7.26598319286899,10.9,34.6740482565556,28.3,205.8,81,3.3,4
2018-08-09 16:39:52.500,188.9,40.3376860749714,1.90041381524901,1.94182807365027,1.44124632112639,397.807433661646,406.476685249893,1.47265733676699,69.7,140.488341262576,21327.6612605706,0.9,68.8,43.773965,-79.45827,988.8,6.54059878644472,7.27041701595903,11.2,34.6757535001592,28.3,214.5,90.8,3.7,4.5
2018-08-09 16:39:53.500,189,40.3407599173746,1.90008124728233,1.94161900535742,1.21510561529993,398.049448185035,406.751418624244,1.24166574169036,71.8,140.460975832503,21393.7981386639,0.9,71.9,43.773975,-79.4582316666667,988.7,6.54453856152361,7.26434594886336,11.4,34.6776732134824,28.3,210.1,85,3.9,4.9
2018-08-09 16:39:54.500,189.7,40.3460514983358,1.89797631742677,1.93960650547125,1.02990898545659,398.273776921177,407.00943621008,1.05249798657198,71.2,140.444918501664,21463.1848245304,0.9,76,43.7739883333333,-79.458195,988.6,6.53895856331855,7.26247267915577,11.6,34.6795745213897,28.3,210.3,77,3.7,4.3
2018-08-09 16:39:55.500,189.9,40.3435954956391,1.89916596977859,1.94080343890716,0.956077892211741,397.992621532086,406.718286459805,0.977039629525255,69.7,140.490284720559,21453.8266679876,0.9,71.6,43.774,-79.458155,988.8,6.54422943076188,7.26806261989945,11.8,34.6814228897996,28.3,215,75.2,3.7,4.9
2018-08-09 16:39:56.500,189.8,40.3403080745306,1.89776183059089,1.93938480280873,1.15801636227965,397.86429264519,406.59048530614,1.1834159242803,69.3,140.466726770798,21461.8728632219,0.9,70,43.7740116666667,-79.4581166666667,988.6,6.54245389130923,7.26468275593955,11.8,34.683254226744,28.3,203.5,39.7,3.2,4.2
2018-08-09 16:39:57.500,189.8,40.3379534645989,1.89625931042905,1.93807323675976,1.38635693830361,397.919009325179,406.693267347084,1.41693209308878,68.9,140.486356307424,21574.6144477302,0.9,71.9,43.7740233333333,-79.458075,988.7,6.54527210509191,7.2646876248223,11.8,34.6852081049583,28.3,215.3,98.1,4.2,6.2
2018-08-09 16:39:58.500,190,40.3437702613453,1.89846892429997,1.9402451169617,1.20204254599292,398.12727577084,406.888158616028,1.22849888445446,68.4,140.503661094303,21531.4771560991,0.9,70.5,43.7740366666667,-79.4580366666667,988.7,6.5439659911812,7.26659086707435,11.8,34.6868775513357,28.3,221.4,116.6,4.5,4.2
2018-08-09 16:39:59.500,190.3,40.3455695816265,1.89618892428032,1.93782414602094,1.03550348660793,398.075652287438,406.816307934027,1.05824219337631,70,140.472783677351,21485.6037199023,0.9,71.8,43.7740483333333,-79.458,988.7,6.54608371586028,7.26677149369664,11.8,34.6889970713852,28.3,220.3,119.5,5.3,5.9
2018-08-09 16:40:00.500,190.3,40.3468285388392,1.89449180197509,1.93611189739675,1.21676264342105,397.580341226234,406.31471761637,1.24349473878928,71.5,140.478616032104,21496.4774774227,0.9,74.5,43.7740566666667,-79.4579633333333,988.7,6.54976436727003,7.26998259740148,11.6,34.6909716032104,28.2,220,99.1,5.2,4.1
2018-08-09 16:40:01.500,190.4,40.3533484032457,1.89876196537961,1.94073920628754,1.09919195610563,398.082458691585,406.883188547826,1.12348707195853,70.4,140.483454996875,21629.5399732639,0.9,72.6,43.7740666666667,-79.457925,988.6,6.54665177479912,7.26986793518067,11.8,34.6930559962498,28.2,216.3,57.6,3.2,3.5
2018-08-09 16:40:02.500,190.3,40.3545282442732,1.8966123403991,1.93828839795836,1.18462989525965,398.116718381899,406.86505634315,1.2106565567138,70.2,140.465531545185,21501.6927100846,0.9,71.4,43.774075,-79.4578866666667,988.7,6.54283023167363,7.26746607653011,11.8,34.6944976005833,28.2,232.3,90.8,3.2,2.3
2018-08-09 16:40:03.500,189.9,40.3552468417542,1.89653104631304,1.93817168280316,1.34509224745645,398.19228624902,406.934939808265,1.37462595448337,69.2,140.47582543216,21484.221444662,0.9,71.1,43.7740866666667,-79.4578483333333,988.7,6.54143461436279,7.26790583346354,11.8,34.6965085902151,28.2,228.6,57.2,3.2,3.2
2018-08-09 16:40:04.500,189.7,40.3618474534452,1.89629126799335,1.93795713432693,1.35530515967109,398.803719176927,407.566463843906,1.38508429866415,70,140.484383400094,21500.0545402054,0.9,71.1,43.7740966666667,-79.4578133333333,988.7,6.54463517805854,7.26335176925045,11.8,34.6985476466954,28.3,190.1,59.5,2.8,6.7
2018-08-09 16:40:05.500,190.1,40.3666164302835,1.89697827821686,1.93845562521053,1.38559187031602,398.511097016362,407.224567484164,1.41588666047082,73.4,140.482266904238,21397.1358589886,0.9,74.2,43.7741066666667,-79.4577683333333,988.7,6.54162443541886,7.26314760454185,12,34.7004115603536,28.3,190.6,50.4,2.7,5.9
2018-08-09 16:40:06.500,190.1,40.3720464005483,1.89755287731625,1.93893761881614,1.23041582625832,398.445516534656,407.135377969245,1.25725159999709,71.8,140.472000419211,21343.8889679338,0.9,74.7,43.774115,-79.4577283333333,988.7,6.54463637465392,7.26360163996212,12,34.7022793227725,28.3,195.8,61.8,2.9,5.4
2018-08-09 16:40:07.500,189.7,40.3693160228998,1.89746065109295,1.93862590239407,1.28317583113869,398.489646749143,407.13486301145,1.31101290047986,71.4,140.487968888624,21234.1075446304,0.9,72.4,43.7741233333333,-79.4576916666667,988.7,6.54633973903043,7.26371461464089,11.8,34.7039092917769,28.3,216.1,99,4.7,4.7
2018-08-09 16:40:08.500,189.6,40.3716647192623,1.8974311675954,1.93867746735317,1.27060139332588,398.851666411405,407.521811275137,1.29822087682051,70.5,140.445250021181,21275.3710890611,0.9,72.6,43.7741333333333,-79.4576533333333,988.7,6.54579003385798,7.25841887952548,11.6,34.7061939748645,28.3,226.5,114.2,3.7,2.1
2018-08-09 16:40:09.500,189.8,40.3736122148591,1.89998106419968,1.94144268608364,1.29391214346438,398.796452333834,407.499117294139,1.32214860328111,69.4,140.466758872778,21356.2378822049,0.9,72.7,43.774145,-79.4576166666667,988.7,6.54402145476891,7.26242294006963,11.4,34.7080405543818,28.3,238.5,144.3,4.8,2.9
2018-08-09 16:40:10.500,189.9,40.3769285998949,1.89800186138209,1.93908771472943,1.09018810448323,397.951465220364,406.565753703775,1.11379310882672,71.2,140.494757841019,21187.8993914884,0.9,73.2,43.7741533333333,-79.4575816666667,988.7,6.54589582145162,7.26830478779311,11.1,34.7097996265023,28.3,240.1,138,4,1.5
2018-08-09 16:40:11.500,189.9,40.385503696834,1.89703177094086,1.93813170477156,1.17026412328009,398.569319481205,407.204623561294,1.19561981191009,71.5,140.448976866316,21206.2890092013,0.9,75.8,43.7741633333333,-79.4575483333333,988.7,6.54552006357787,7.26283739222828,10.9,34.7114917427834,28.4,238.5,112.8,3.5,2.2
2018-08-09 16:40:12.500,189.9,40.3876122329874,1.89740507973585,1.9386453488027,1.18217780396228,397.852162993847,406.499390594221,1.20787199189824,70.6,140.497173715333,21272.4109760296,0.9,74.6,43.7741733333333,-79.4575133333333,988.6,6.5455237822431,7.2692483915889,10.7,34.7135967336465,28.4,238.7,122.5,3.7,2.3
2018-08-09 16:40:13.500,189.6,40.3920971383488,1.89739075745638,1.93857854211023,1.30033741009907,397.980206542957,406.619274352713,1.32856318752442,69.3,140.478750821202,21246.242121957,0.9,71.9,43.7741833333333,-79.45748,988.6,6.54538480515057,7.2687291535948,10.3,34.7154680028893,28.4,235,113.3,3.4,1.9
2018-08-09 16:40:14.500,189.1,40.3944661935434,1.89920530676386,1.94033456870616,1.31392649160585,398.605401301984,407.23762026573,1.34238101686119,68.1,140.447825241596,21197.0256253996,0.9,69.4,43.774195,-79.4574483333333,988.6,6.54281408621835,7.26032079213476,10.1,34.717354310876,28.4,230.1,121.8,3.9,2.6
2018-08-09 16:40:15.500,189,40.3908254230546,1.89516791203229,1.93607640630071,1.22835504497059,398.279181331288,406.876290938695,1.25487065160599,69.5,140.497188255276,21129.487559971,0.9,72.1,43.774205,-79.4574183333333,988.6,6.55022218055474,7.26303120629673,9.8,34.7191418841059,28.4,226.7,108,3.7,3
2018-08-09 16:40:16.500,189.1,40.3908857000173,1.89847911407865,1.93950902065811,1.32860587398897,398.431623265993,407.042540458283,1.35731991487756,70.3,140.482556273366,21154.776670791,0.9,74.3,43.7742116666667,-79.457385,988.6,6.54692021042809,7.26530316401812,9.6,34.7209279110004,28.4,231.8,126.7,3.4,2.4
2018-08-09 16:40:17.500,189,40.3931936866442,1.89746788253813,1.93862106159842,1.03140199278151,398.311936154293,406.950775129502,1.05376859863701,72.4,140.483335793562,21228.1008647706,0.9,75.7,43.7742183333333,-79.4573533333333,988.6,6.54410964493186,7.26513274167597,9.4,34.7229712125414,28.4,232.4,126.3,3.5,3.5
2018-08-09 16:40:18.500,188.9,40.3963313967209,1.89741625708927,1.93831449335942,1.23830228425573,398.020498496451,406.599845283845,1.26498898578613,71.3,140.494125529452,21100.1342500201,0.9,74.5,43.774225,-79.457325,988.6,6.54311371311785,7.26482236158423,9.4,34.7245825708927,28.4,225.1,102.9,3.7,3.1
2018-08-09 16:40:19.500,188.6,40.3986676107356,1.89491389249545,1.9358036173339,1.26019688151463,398.030861246875,406.619906827355,1.28739009033386,70.9,140.481187957117,21122.8853007011,0.9,70.6,43.7742333333333,-79.4572933333333,988.5,6.5459897891134,7.27364750562044,9.4,34.7270408892273,28.4,219.5,83.8,3.3,4.2
2018-08-09 16:40:20.500,188.3,40.4077437001074,1.8993567871184,1.94017244088878,1.24946423051942,398.68289669891,407.25025940775,1.27631484426683,71,140.442527152008,21037.1960476512,0.9,72.9,43.77424,-79.457265,988.7,6.54332283393561,7.26419826166902,9.4,34.7284990904861,28.4,204.8,82.8,3.4,5.4
2018-08-09 16:40:21.500,188.2,40.4128526558143,1.90022401251923,1.94091138176998,1.08709496197907,398.106059641012,406.630251967222,1.11037330127061,73.9,140.468508544462,20962.9732566406,0.9,73.9,43.7742416666667,-79.45723,988.6,6.54216024135425,7.26764494670455,9.6,34.730461156477,28.4,205.2,89.2,4,6.7
2018-08-09 16:40:22.500,188.1,40.4132165545101,1.89977199059075,1.9405253773093,1.09267876951687,398.682765214926,407.235099736325,1.11611787986704,75.8,140.48221094635,21001.0013537537,0.9,77.8,43.7742466666667,-79.4571966666667,988.5,6.5451101407946,7.26200267624125,9.8,34.7323335329324,28.3,200.7,87.9,4.5,6.7
2018-08-09 16:40:23.500,188.2,40.419258629303,1.89901849421027,1.93961669622627,1.05841155388959,398.050280573472,406.5599481769,1.08103904593072,77.7,140.440489537142,20930.9526820557,0.9,76.7,43.77425,-79.4571633333333,988.6,6.54125791980564,7.26850654419671,10.1,34.7343600216915,28.3,210.2,96.4,3.9,4.9
2018-08-09 16:40:24.500,188.2,40.4153431960822,1.89633664997836,1.93694250093094,1.31317278397943,398.526586660652,407.06019535754,1.34129288506631,81.1,140.501716963508,20963.972827147,0.9,82.7,43.774255,-79.4571283333333,988.5,6.55128017144481,7.26666293362922,10.3,34.7360686693248,28.3,218.1,86.2,3.9,5.4
2018-08-09 16:40:25.500,188.4,40.4173557239584,1.89722445384742,1.93773935878236,1.2874880421639,398.253621152208,406.758290046085,1.31498219698306,83.3,140.489794893638,20908.4637636873,0.9,84.9,43.7742616666667,-79.45709,988.6,6.55139230934704,7.27031296686635,10.9,34.7377300773069,28.3,206.6,74.5,4,6.3
2018-08-09 16:40:26.500,188.7,40.4285537916161,1.8969067328144,1.93723572930921,1.16955677361913,398.328498383548,406.797018967805,1.19442229884053,82.9,140.438680370055,20817.5656144894,0.9,83.5,43.7742666666667,-79.4570483333333,988.5,6.54375754528442,7.26928437741117,11.4,34.7400366231723,28.2,202.2,54.9,3.3,7.2
2018-08-09 16:40:27.500,189,40.4349492939749,1.89466086933653,1.9348390735101,1.13434266885983,398.883092874546,407.34176895249,1.15839810374648,80.2,140.506050352685,20765.5735686542,0.9,79.4,43.7742733333333,-79.4570066666667,988.5,6.5520769054068,7.26213671271382,12,34.7415685930349,28.2,178,44.8,2.5,7.5
2018-08-09 16:40:28.500,189.4,40.435854582889,1.89797734799595,1.93823263154997,1.04730626607683,398.552081884845,407.005311201842,1.06951962795448,81,140.47451084896,20769.3301405548,0.9,78.6,43.7742783333333,-79.4569616666667,988.4,6.54628963835595,7.26912915461033,12.5,34.7433012632557,28.2,191,22.9,2.6,7.4
2018-08-09 16:40:29.500,189.3,40.4384840472327,1.89692308709169,1.93701177492894,1.13796532474806,398.465049545174,406.886015606317,1.16201375672446,81.4,140.43660744039,20696.1633743819,0.9,78.4,43.7742833333333,-79.4569166666667,988.5,6.54209479848156,7.26455109246949,13.1,34.7453953357882,28.2,119.4,6.9,0.5,5.8
2018-08-09 16:40:30.500,188.9,40.4396072574917,1.89977437398156,1.93984387095192,1.23510271013794,398.635151651188,407.042884682473,1.26115196451753,84.8,140.504353327105,20655.5868819469,0.9,82.1,43.7742866666667,-79.4568716666667,988.5,6.5434859150053,7.26612683770834,13.5,34.7472181816683,28.2,225.5,53.7,2.7,4.5
2018-08-09 16:40:31.500,188.9,40.4443759291374,1.89837622398427,1.93826232147529,1.54600915079595,398.850083779521,407.23012471179,1.57849038212141,97.6,140.46899007616,20578.0589740423,0.9,94,43.7742766666667,-79.4568283333333,988.5,6.54461430044069,7.26828783779521,13.1,34.7491113942281,28.2,219.5,42.2,2.8,5.8
2018-08-09 16:40:32.500,188.9,40.4504623019487,1.89530412897088,1.93534125710238,1.19767461007185,398.233126799345,406.64566339856,1.22297218220082,112.5,140.468810972916,20687.5344015409,0.9,120.5,43.7742616666667,-79.4567866666667,988.5,6.54429136769318,7.27180697309249,12.9,34.7509823786065,28.1,186.9,44.8,2.3,8.7
2018-08-09 16:40:33.500,188.9,40.4537711073493,1.89676341573477,1.93662056482908,1.22342514226646,398.419103184458,406.791278806586,1.24913362669473,122,140.507728975868,20580.9704387663,0.9,131.9,43.7742416666667,-79.4567483333333,988.6,6.54733671270936,7.27090986599864,12.9,34.7527742144022,28.1,209.8,51.4,3.7,9.7
2018-08-09 16:40:34.500,188.8,40.4593427972163,1.89787413974956,1.9379672814969,1.01543680824433,398.579261145168,406.999276947473,1.03688804912776,131.4,140.468839905319,20688.0650846675,0.9,135.6,43.774215,-79.4567183333333,988.5,6.54168564134264,7.26312547976906,13.1,34.7544934941179,28,218.9,37.8,3.2,8.7
2018-08-09 16:40:35.500,188.6,40.4645805796412,1.89387122431012,1.93396338353978,1.14856518848554,398.60793697524,407.046066933055,1.17287975900312,135.7,140.45764712066,20730.2407507938,0.9,145.9,43.7741883333333,-79.4566883333333,988.5,6.54771273370907,7.26119155189304,13.5,34.7568242066816,27.9,197.8,32,3,10.4
2018-08-09 16:40:36.500,188.7,40.4691293067337,1.89562948274954,1.93566342003105,1.24375977565071,398.437859420305,406.85254704181,1.2700268144147,136.4,140.471668062542,20682.2757361143,0.9,135,43.7741616666667,-79.456655,988.6,6.54677341202149,7.27086193385981,13.8,34.7584647410577,27.9,220.5,35.4,2.8,9.7
2018-08-09 16:40:37.500,189.2,40.4655758244062,1.89464057948537,1.93494393910854,1.24203201219087,397.872577558228,406.336104328326,1.26845207911612,127.8,140.476066832902,20828.9180525678,0.9,128.7,43.77414,-79.4566133333333,988.5,6.54761259235309,7.27485345530076,14.2,34.7603214684151,27.9,235.2,40.6,2.7,8
2018-08-09 16:40:38.500,189.6,40.4634125775205,1.89412961186296,1.9343333347126,1.2207500050522,398.172934822053,406.624352527599,1.24666116509459,114.3,140.444405891304,20784.3835833416,0.9,100.1,43.7741266666667,-79.4565666666667,988.4,6.54367016593277,7.26705011259378,14.4,34.7624077357249,27.9,232.1,29.7,2.1,7.5
2018-08-09 16:40:39.500,189.4,40.4471863800925,1.89615491914987,1.9362794377149,1.22031033709867,398.122600774001,406.547069678938,1.2461329501099,99.1,140.500945706492,20722.0603702799,0.9,85.6,43.77413,-79.4565166666667,988.5,6.54447672910747,7.26664506683413,14.2,34.7644060914122,27.9,264.1,15.3,1.7,4.6
2018-08-09 16:40:40.500,189.4,40.43455,1.89393,1.933897,1.178681,397.8576,406.2535,1.203554,89.8,140.4726,20666.54,0.9,77.9,43.7741366666667,-79.4564666666667,988.5,6.546295,7.265506,14.6,34.76641,28,261.9,41.1,2.9,2.3
2018-08-09 16:40:41.500,189.4,40.42409,1.89898,1.93934,1.239517,398.226,406.6897,1.265861,82.6,140.4402,20811.27,0.9,75.1,43.774145,-79.456415,988.4,6.54624,7.269552,14.6,34.7684,28.1,259.8,29.4,3.3,1.3
2018-08-09 16:40:42.500,189.3,40.4140349142318,1.89555275592846,1.93589515928176,1.25914517255718,398.138294421021,406.611911485968,1.2859437168772,78.7,140.506118115141,20839.4917777981,0.9,75.8,43.7741533333333,-79.4563616666667,988.6,6.54685956917414,7.27005217352133,15,34.7701279244592,28.2,256.9,67.2,3.8,0.9
2018-08-09 16:40:43.500,189.3,40.40927,1.896743,1.937111,1.156415,398.2014,406.6761,1.181027,75.7,140.4565,20838.97,0.9,76.4,43.774165,-79.456305,988.5,6.541692,7.260925,15.3,34.7719,28.2,249,90.8,4.2,1
2018-08-09 16:40:44.500,189.5,40.41284,1.896731,1.937185,1.108627,397.9507,406.4383,1.132273,72.6,140.4343,20882.84,0.9,72.6,43.7741766666667,-79.4562533333333,988.5,6.537702,7.266067,15.7,34.77424,28.2,258,295,4.1,1
2018-08-09 16:40:45.500,189.6,40.4096089632299,1.89552417626675,1.93587545589371,1.00712767334972,397.533228891408,405.995787909689,1.02856779154081,71.6,140.506238898676,20844.0728164737,0.9,72.6,43.77419,-79.4562,988.5,6.5438164595174,7.26706553416625,15.9,34.775974972378,28.2,260.7,335.9,3.8,2
2018-08-09 16:40:46.500,189.6,40.410290161632,1.89546752685408,1.93601615895392,1.05827704929803,398.279826524734,406.80013637718,1.08091586591433,72.7,140.460983636768,20944.6607091901,0.9,74.4,43.7742016666667,-79.456145,988.5,6.54567848930912,7.26654713934004,16.2,34.7780297897835,28.3,263.2,337,2.9,3.4
2018-08-09 16:40:47.500,190,40.4161089119333,1.89911499148635,1.93975947137276,1.18623939629253,397.564941237255,406.073561102578,1.21162689975297,74.1,140.479502144278,20953.1706787097,0.9,76.7,43.7742116666667,-79.4560866666667,988.4,6.54256536364308,7.26997099308479,16.6,34.7799364628762,28.3,256,355.3,3,3.2
2018-08-09 16:40:48.500,190.3,40.4230779444358,1.89197240944296,1.93244499582456,1.40109302526881,397.879779371982,406.391182885147,1.43106485144756,74.4,140.505780040083,20943.7931785471,0.9,77.3,43.77422,-79.4560283333333,988.5,6.54882874767499,7.26610203045479,16.8,34.78172830299,28.3,251.7,3.3,2.8,5.2
2018-08-09 16:40:49.500,190.2,40.4310590186145,1.89521556963956,1.93561677870255,1.29280212973738,398.074463813762,406.560480946007,1.32036111677407,74.1,140.462357763397,20872.6852390462,0.9,76.6,43.7742316666667,-79.4559766666667,988.5,6.54289009208702,7.26501508014115,16.8,34.7836177773111,28.3,222.1,18.3,1.7,6.7
2018-08-09 16:40:50.500,189.6,40.4376148719278,1.89626803762999,1.93673982792229,0.980067345601051,399.924773317153,408.460309697223,1.00098512171227,75.1,140.471511277779,20896.9238713119,0.9,78.7,43.7742416666667,-79.455915,988.5,6.54441098348641,7.26236118070229,16.6,34.785497867542,28.3,257.2,353.1,2.4,4.9
2018-08-09 16:40:51.500,189.6,40.4399253293838,1.89800747419593,1.93858777579384,1.13181582302284,401.923282481435,410.516486290521,1.15601395619489,75,140.469601610414,20932.7957203077,0.9,79.4,43.7742516666667,-79.45586,988.4,6.53698891309559,7.26191514518741,16.6,34.7877759005381,28.3,250.3,9.2,1.7,5.3
2018-08-09 16:40:52.500,189.8,40.4393155248135,1.89525648061869,1.93565029000548,1.09483886442081,405.164818669085,413.800060517209,1.1181743995752,73,140.467424033238,20868.0714583411,0.9,76.2,43.7742633333333,-79.4558133333333,988.5,6.55150741654207,7.26573074304849,16.4,34.7893875586675,28.3,237.6,352.8,1.3,4.4
2018-08-09 16:40:53.500,189.6,40.4420150440147,1.89791706051182,1.93864675597343,1.27533751207365,410.136553994793,418.938189493762,1.30270656313514,71.9,140.46400504513,21009.5157638011,0.9,74.5,43.7742766666667,-79.4557566666667,988.4,6.54515413496839,7.26836875277374,16.6,34.7915532282884,28.3,265.3,357.3,2.4,4.3
2018-08-09 16:40:54.500,189.7,40.4370078685819,1.89711547440632,1.93790825562243,1.25250899902554,411.106285662202,419.946304064188,1.2794409455122,71.7,140.502762930425,21050.3430489246,0.9,71.9,43.77429,-79.4557033333333,988.5,6.54676038230996,7.2657278593723,16.4,34.7933322384447,28.3,223.2,15.6,1.7,5.6
2018-08-09 16:40:55.500,189.9,40.4365886214715,1.89612263602424,1.93706941255927,1.23542279661175,411.978008027083,420.874681951351,1.26210214842894,71.8,140.475155572802,21138.5130678936,0.9,75.6,43.774305,-79.4556533333333,988.5,6.54765396704965,7.26517091744146,16.2,34.7949998226179,28.3,246.9,15.4,2.6,5.3
2018-08-09 16:40:56.500,190.1,40.4468116899719,1.89822414658596,1.9395012305386,1.21012093394173,412.933677202713,421.912884973552,1.23643499460302,72.6,140.434319338045,21282.1014461393,0.9,76.5,43.7743183333333,-79.4556016666667,988.5,6.54485601248848,7.26968465051359,16.1,34.797217645955,28.3,164.8,29.5,2.3,10.2
2018-08-09 16:40:57.500,190.2,40.4529380508988,1.89432244445866,1.93553711198315,1.21958731065754,412.950942763019,421.935441060489,1.24612057072141,73.6,140.499164497828,21293.5688073435,0.9,77.3,43.7743266666667,-79.4555466666667,988.5,6.54477082024534,7.27078415318339,15.9,34.7991078623903,28.2,169.5,22.3,1.8,10.1
2018-08-09 16:40:58.500,190.1,40.461344597168,1.89802579674141,1.93954361474346,1.02346674772288,414.459404645221,423.525529423356,1.04585607565113,74.1,140.455515737561,21406.1166057842,0.9,76.3,43.7743366666667,-79.4554916666667,988.5,6.54614645183093,7.26644813846393,15.9,34.8012792101557,28.2,175.1,22.7,1.7,8.8
2018-08-09 16:40:59.500,189.9,40.4682596882384,1.8960321577341,1.9376937046605,1.20080032330691,414.957873854419,424.07579258328,1.22718588433874,73.9,140.473423460884,21500.5148531541,0.9,73.3,43.7743483333333,-79.4554366666667,988.5,6.54768002612587,7.26746089338543,15.7,34.8029821892809,28.2,167.8,34.3,2.4,9
2018-08-09 16:41:00.500,189.8,40.4691499419726,1.89772685190874,1.93944532640095,1.10615453088769,413.421017298797,422.509381430791,1.13047209773838,74.8,140.49964900868,21510.3625338348,0.9,75.9,43.7743583333333,-79.455385,988.5,6.54173223162865,7.27050193483723,15.5,34.8053649770317,28.2,182,35.4,3.1,10.3
2018-08-09 16:41:01.500,190.4,40.4684051471341,1.89550140981867,1.93712604637006,1.01571530089876,412.283533384876,421.337153115467,1.03802059800899,74.3,140.461078054174,21487.8249615251,0.9,77,43.7743716666667,-79.4553366666667,988.6,6.54794716243254,7.26598640083498,15.3,34.8069412183798,28.1,174,35.2,2.6,9.1
2018-08-09 16:41:02.500,190.4,40.4666558563845,1.89619624324687,1.93790278103586,1.16182144695669,410.143704589163,419.164786427736,1.18737680833366,74.1,140.491955293703,21521.5369974101,0.9,77.9,43.77438,-79.455285,988.5,6.54267838302502,7.27517074586198,15,34.8090811172519,28.1,173,24.7,2.3,8.6
2018-08-09 16:41:03.500,189.9,40.4627160515442,1.89655462628907,1.93845930335081,1.28036219446644,408.23024819587,417.250095154606,1.30865414936059,73,140.502424252551,21617.4487602443,0.9,74.9,43.7743916666667,-79.4552366666667,988.5,6.54265560644375,7.27019419148873,14.8,34.8108660979394,28.1,158.4,25.1,2,9.6
2018-08-09 16:41:04.500,189.9,40.4590521091296,1.89748614298536,1.93918892505859,1.10105867801286,408.034996867053,417.0027775209,1.12525657225722,72.3,140.461240078448,21505.3889909751,0.9,73.5,43.7744033333333,-79.4551866666667,988.5,6.54318285701464,7.26066931314508,15,34.8131006859242,28.1,161.6,29.2,2.3,8.8
2018-08-09 16:41:05.500,189.9,40.4601374643844,1.89910651865577,1.94078541001934,1.28683512713205,406.404856083088,415.324115443314,1.31507764047551,73.2,140.486023004749,21475.3675843039,0.9,74.6,43.774415,-79.4551366666667,988.5,6.54139705154724,7.26710244325,15.1,34.8148744867714,28.1,164,31.1,2.2,9.5
2018-08-09 16:41:06.500,190.1,40.4651728089173,1.89606766570972,1.93755605139987,1.16866953189709,405.34404858372,414.21346025181,1.19424209557015,73.1,140.482944403059,21412.5511933357,0.9,73.2,43.774425,-79.455085,988.5,6.54317376751037,7.26810392187359,15.3,34.8168179514526,28,157.4,30,2.5,9.3
2018-08-09 16:41:07.500,190.4,40.4687288246588,1.89148533115795,1.93286644366537,1.27651633426938,404.164872814859,413.007046693291,1.30444604594631,72.7,140.464677124211,21409.3748922939,0.9,73.9,43.7744366666667,-79.4550316666667,988.5,6.54898247601526,7.26830147789234,15.5,34.8186654874063,28,180.7,32.5,2.4,8.5
2018-08-09 16:41:08.500,190.4,40.4736275208129,1.89269344503519,1.93396498376599,1.02115217862672,403.179826780434,411.971447954656,1.04341893833684,73.3,140.476331145463,21340.3111511386,0.9,74.6,43.774445,-79.4549766666667,988.5,6.55197058001589,7.26377940577465,15.7,34.8202512476349,28,176.9,30.7,2.3,8.8
2018-08-09 16:41:09.500,190.2,40.4767841883083,1.89354666600338,1.93475510933811,0.997206443823298,402.202373201813,410.955378715191,1.01890843657944,73.7,140.484526454919,21299.1969982721,0.9,74.4,43.774455,-79.4549233333333,988.5,6.55019122272777,7.26768345319122,15.9,34.8226607560932,28,180.8,24.2,1.9,8
2018-08-09 16:41:10.500,190.2,40.478842979896,1.89889758024605,1.94021799818464,1.06188308951147,401.464926484293,410.20092382176,1.08499024711295,76.4,140.480042156931,21296.9602111408,0.9,75.1,43.774465,-79.4548683333333,988.5,6.54060538727756,7.2707122643728,16.2,34.8240958992799,28,192.2,25.8,1.7,8.2
2018-08-09 16:41:11.500,190.1,40.4805133071151,1.89828099193769,1.93944015776864,1.04489548885018,401.165516058696,409.863603716413,1.06754664501332,82,140.476527444041,21221.9306960918,0.9,80.9,43.77447,-79.4548116666667,988.4,6.54512039996084,7.26815323209791,16.6,34.8262133169469,28,208.9,24,1.5,7.6
2018-08-09 16:41:12.500,189.9,40.4842752352074,1.89474045749972,1.93561586250096,1.26655770171519,400.398643666511,409.036562386112,1.29387918997013,87.2,140.490254595621,21117.5331768413,0.9,77.6,43.7744716666667,-79.454755,988.5,6.54838615015989,7.27038591480649,16.6,34.8282439314082,28,176.8,28.2,2,9.3
2018-08-09 16:41:13.500,189.7,40.4895786018446,1.89928506579407,1.94048268920296,1.17065901490121,400.831814069657,409.526388619742,1.19604858831927,92.5,140.448727172945,21230.6680515536,0.9,87,43.7744716666667,-79.4546983333333,988.5,6.54315900290689,7.26522821543157,16.4,34.8300122887395,28,195.8,31.6,2.3,8.6
2018-08-09 16:41:14.500,189.8,40.488299708338,1.89601903365425,1.93685858606612,1.31019758660739,400.268770544221,408.890570270019,1.33841913175845,93.9,140.475021422775,21085.8009195591,0.9,96,43.7744666666667,-79.4546416666667,988.4,6.54527077390042,7.26263848672642,16.4,34.8313827530218,28,202.5,40.6,2.9,8.2
2018-08-09 16:41:15.500,189.8,40.4903374494219,1.89447027710677,1.93522201061578,1.28716664549404,399.896859894595,408.498953413283,1.31485211575805,89.9,140.487348914224,21057.8358649101,0.9,91,43.7744666666667,-79.4545866666667,988.5,6.54461584405486,7.26187808036572,16.4,34.8335627163216,28,222.2,25.2,3.4,7.2
2018-08-09 16:41:16.500,189.9,40.4929818570253,1.89758468861379,1.93844660820781,1.02569172781182,399.692524777993,408.299250421368,1.04777629128286,86,140.453171952007,21079.5792606775,0.9,82.3,43.7744716666667,-79.4545366666667,988.4,6.54534098788032,7.26661642382433,16.4,34.8357602348325,28,239.4,10.4,1.2,7.8
2018-08-09 16:41:17.500,189.9,40.4861960822669,1.89641920700768,1.93715232865302,1.26663901762474,398.958323469592,407.527527033005,1.29384667807935,80.7,140.501271942645,21027.4311804998,0.9,77.1,43.77448,-79.454475,988.5,6.54402607656551,7.26751762417161,16.4,34.8375102518854,28,173.9,11.5,1.4,8.9
2018-08-09 16:41:18.500,190.2,40.4790861221875,1.89558623421169,1.93623107493191,1.15968356818064,398.797310181262,407.348246886078,1.18455082685532,77.2,140.468224637946,20991.5771096964,0.9,77,43.7744916666667,-79.4544216666667,988.5,6.54375986155662,7.26426143781278,16.4,34.8396374989065,28,214.9,14.7,1,7.7
2018-08-09 16:41:19.500,190.3,40.4729265403901,1.89750339804391,1.9382913831501,1.2468919657856,399.00230462923,407.579259627289,1.2736981685083,75.7,140.459450549741,21043.4127749742,0.9,79.6,43.7745033333333,-79.4543666666667,988.4,6.54268186954904,7.26794718442551,16.4,34.8411860755677,28,196.1,11.2,1,9.5
2018-08-09 16:41:20.500,190.2,40.4663785643325,1.89418762690977,1.93473980932617,1.07767141871227,397.964759372384,406.48467906298,1.1007432063361,74.8,140.494786532312,20959.946407669,0.9,80.2,43.7745133333333,-79.4543116666667,988.5,6.54694628397137,7.26973733500105,16.4,34.8435363187704,28,160.3,10.6,0.6,9.5
2018-08-09 16:41:21.500,190.3,40.4656370299875,1.89441585883385,1.9350371356685,1.06347605313152,398.18562387422,406.723730166599,1.08627658697908,73.6,140.46805255227,20992.2424678058,0.9,76.3,43.774525,-79.4542583333333,988.4,6.5501705479633,7.27390159041231,16.2,34.8452197642649,28,203.7,5.6,0.8,7.2
2018-08-09 16:41:22.500,190.1,40.4695897177248,1.89855430643587,1.93947373485035,1.00267213446004,398.325900409587,406.910941654143,1.02427803419783,74,140.443575598472,21098.0588940318,0.9,75.8,43.774535,-79.454205,988.4,6.54076601132376,7.27021119014296,16.2,34.8470270194865,28,236.4,21.1,2.1,4.7
2018-08-09 16:41:23.500,189.5,40.4715441033196,1.8941964737828,1.93473778761461,1.14792734148959,398.262811203755,406.78675782263,1.17249691444566,74.6,140.49840106418,20954.4263878139,0.9,76.6,43.7745433333333,-79.4541583333333,988.5,6.54385680687303,7.27145827436302,16.2,34.8491874239962,28,235.5,1.7,1.6,7
2018-08-09 16:41:24.500,189,40.4743563577029,1.89505085063416,1.93545891691132,1.09233636165635,398.508681801162,407.006185340296,1.11562666995686,75.2,140.471847876204,20877.918493288,0.9,78.2,43.7745533333333,-79.4541016666667,988.4,6.55102398288362,7.26693692026956,16.1,34.8509383783356,28,262.2,358.7,0.6,7.8
2018-08-09 16:41:25.500,189.1,40.478366343337,1.8981805562406,1.93872984894434,0.932734112550477,397.986895905569,406.488792513968,0.952659153785577,74.8,140.485526125766,20915.4692067194,0.9,78.7,43.7745633333333,-79.45405,988.5,6.54103604132575,7.26458959405219,16.1,34.8529255272644,28,196.5,15.5,1.1,7.8
2018-08-09 16:41:26.500,189,40.4812398821563,1.8989696624616,1.93953949495343,0.824625281335419,397.895601261028,406.396301261028,0.842241953029772,73.7,140.49784040412,20917.4009849317,0.9,76.3,43.7745766666667,-79.453995,988.4,6.54218280890831,7.26609240402149,16.1,34.8545948316413,28,226.3,10,0.9,6.8
2018-08-09 16:41:27.500,189.2,40.4823616278689,1.89811028558149,1.93856954533594,1.02426848588606,398.269090877355,406.758518486665,1.04610225566103,73,140.473459115912,20870.9033754971,0.9,70,43.7745883333333,-79.4539416666667,988.3,6.54473269127452,7.27004361323887,16.2,34.8566706479997,28,212.3,14,0.5,8.2
2018-08-09 16:41:28.500,189.1,40.4868439597359,1.89681148119843,1.93705357334237,1.025159914088,398.568249661009,407.024216392472,1.04691097471526,72.5,140.444394580588,20775.0650572791,0.9,71,43.774605,-79.4538883333333,988.4,6.54535598243708,7.27244031160513,16.4,34.8588181062133,28,176.7,27.2,1.9,8.9
2018-08-09 16:41:29.500,189.3,40.4840281518334,1.89422834065265,1.9345981669539,1.11347420063884,398.789275140342,407.288403209346,1.13720499149246,73.9,140.470632297514,20867.4053123176,0.9,73.1,43.7746183333333,-79.4538333333333,988.5,6.54921178546167,7.27608215565074,16.4,34.8607659692033,28,192.7,32.4,2.3,7.5
2018-08-09 16:41:30.500,189.6,40.4877686016846,1.89370825406147,1.93409118266777,1.14191965432962,399.156929345366,407.66900915821,1.16627155683993,73.3,140.475088527778,20879.7885424436,0.9,73.2,43.7746316666667,-79.45378,988.4,6.54620005218991,7.27392253963009,16.4,34.8627008665704,28,193.1,16.9,1.2,8
2018-08-09 16:41:31.500,189.9,40.4958959968048,1.89386709993783,1.93400632551695,1.1040883923151,399.392792040467,407.857583463206,1.127489320122,72.8,140.459369337001,20754.1608133497,0.9,71.7,43.7746466666667,-79.453725,988.4,6.54736771436924,7.27023333822663,16.4,34.864950976835,28,190.5,17.5,1.5,7.5
2018-08-09 16:41:32.500,190.1,40.4970182789027,1.89563745857269,1.93577260151423,1.07797609521249,399.607389672982,408.06786977823,1.10080050771333,73.8,140.500438681198,20732.9777601952,0.9,75.3,43.77466,-79.4536716666667,988.5,6.55010120585189,7.27318278065864,16.2,34.8668781388606,28,174.9,18.8,0.9,8.5
2018-08-09 16:41:33.500,190.1,40.5020971641673,1.89488442654467,1.93514119422113,1.09270303087092,399.676030545898,408.167064501108,1.11591667875324,73.1,140.459312275544,20802.7051283745,0.9,77.2,43.77467,-79.4536183333333,988.4,6.53905119510104,7.27471600370912,16.1,34.8680612199561,28,146,16.3,1.1,10.2
2018-08-09 16:41:34.500,189.8,40.5080807191617,1.8940862530774,1.93429090309312,0.96444426577917,399.937906894595,408.427147211051,0.984910063293977,73,140.444655305168,20785.3126647301,0.9,77.5,43.77468,-79.4535666666667,988.4,6.54287591508833,7.2684489189731,15.9,34.8705903435866,28,132.1,14,1.5,10.6
2018-08-09 16:41:35.500,189.7,40.5048062482045,1.89457209345757,1.93471249318772,1.20003315404525,399.701391846923,408.169804104796,1.22545658424583,72.3,140.495738432068,20747.4370317466,0.9,76.5,43.7746933333333,-79.453515,988.4,6.54730477634609,7.26778187507123,15.5,34.8724807965875,27.9,131.2,13.4,1.5,10
2018-08-09 16:41:36.500,189.4,40.5057283163252,1.89507974185499,1.9353810203089,1.16400511670053,399.435024387084,407.929549181099,1.18875882298974,73.7,140.465059620278,20823.4366234557,0.9,77.4,43.7747016666667,-79.453465,988.4,6.54680941213749,7.2704627934211,15.1,34.8743821830826,27.9,148.2,9.9,1,8.7
2018-08-09 16:41:37.500,189.1,40.505224759879,1.89536107594965,1.93549802394635,1.18259688526344,399.1943549948,407.64788119421,1.20763961728873,74.2,140.480658200796,20737.3629188519,0.9,79.2,43.77471,-79.453415,988.4,6.5466008060093,7.26765649199995,15.1,34.8761624400445,27.9,133.6,10.9,0.8,9.9
2018-08-09 16:41:38.500,189.1,40.5024461237719,1.89503864254327,1.93514379424126,1.16722593786,398.916443612473,407.358575074393,1.19192397511233,73.2,140.493418162654,20724.2527381054,0.9,73.7,43.77472,-79.4533683333333,988.4,6.5463421553335,7.26862852264435,15,34.8781220038466,27.9,115.1,16.8,1.7,10.5
2018-08-09 16:41:39.500,189.3,40.5054083161736,1.89721011902899,1.9374281509007,0.99884239091498,398.727774671611,407.180201226435,1.02001795433613,71.2,140.463672923417,20758.4010958686,0.9,69.3,43.7747316666667,-79.4533166666667,988.4,6.54639263854913,7.27144420857286,15,34.8801623889411,27.9,154.1,22,1.5,8.3
2018-08-09 16:41:40.500,190,40.506840824627,1.89438969125273,1.93438085487355,1.00985931054869,398.767611098777,407.185801155454,1.03117417802755,70.8,140.478853046034,20674.0142864796,0.9,73.6,43.7747483333333,-79.45327,988.4,6.54858671324402,7.27115139382996,14.8,34.8822123607442,27.9,207.2,13.1,1.3,7.4
2018-08-09 16:41:41.500,190.2,40.5084537153394,1.89399154678214,1.93394589839749,1.21331899551275,398.317092719353,406.719746962544,1.2389138295245,73.3,140.495835479525,20659.5812939376,0.9,78.7,43.7747566666667,-79.4532183333333,988.4,6.5449805307171,7.2683129444289,14.8,34.8840516671329,27.9,79.9,0.7,0.6,9.4
2018-08-09 16:41:42.500,190.1,40.5115102898825,1.89396970183388,1.93408583622204,1.21262224213549,398.754465873128,407.200344441376,1.23830634008392,74.1,140.464238910824,20741.4454941211,0.9,78.8,43.7747666666667,-79.453175,988.4,6.54821832280448,7.26969188189388,14.8,34.8861996706344,27.9,20.6,349.2,0.8,8.6
2018-08-09 16:41:43.500,190.1,40.513635069131,1.89681128141939,1.93696231881679,1.25900647532271,398.363533909045,406.795907887601,1.28565717425053,74.1,140.463838167838,20728.6571918627,0.9,78,43.7747833333333,-79.4531266666667,988.3,6.54861749747855,7.27340930436972,14.8,34.8883404666914,27.9,313,340.5,1.1,6.9
2018-08-09 16:41:44.500,190,40.5102197959171,1.89413444723971,1.93418463647908,1.22499057017141,398.060096567515,406.476870837003,1.25089320746312,74.8,140.469858024119,20706.540557775,0.9,75.5,43.7747933333333,-79.453075,988.4,6.54788105322531,7.27457946382279,14.8,34.890046871522,27.9,288.6,314.1,2.3,2.2
2018-08-09 16:41:45.500,190.3,40.5093277371008,1.89416459916458,1.93433059253444,1.18879265332244,397.826994868921,406.262954324097,1.21400136923405,72.9,140.463113562983,20764.8425324306,0.9,77.7,43.7748033333333,-79.4530283333333,988.3,6.54935898601806,7.27633383929086,15,34.8920358792162,27.9,272.7,332.7,2.6,4.1
2018-08-09 16:41:46.500,190.5,40.5142326160852,1.89527830311129,1.93543648437602,1.03005160846296,398.489756952524,406.933106791614,1.05187637214032,71.3,140.462007758533,20748.7376794093,0.9,75.3,43.774815,-79.4529733333333,988.4,6.54481749655193,7.27470547702013,15,34.894075048273,27.9,277.3,337,2.4,4.1
2018-08-09 16:41:47.500,190.8,40.517780733479,1.89389287045335,1.93395532454947,1.03207637108239,399.305246094352,407.752080493587,1.05390783297343,70.1,140.49213303113,20715.5292616058,0.9,73.1,43.7748266666667,-79.452925,988.4,6.54599862996999,7.27050086393363,15,34.8958422358684,27.9,259.9,0.4,1.9,4.7
2018-08-09 16:41:48.500,190.9,40.5221446687734,1.89808626595097,1.93822346838534,1.05038959428158,399.665175735154,408.116626178584,1.07259780403358,71.5,140.465939495888,20708.2916767778,0.9,71.5,43.774835,-79.4528733333333,988.4,6.54683219514541,7.27143537639604,15.1,34.8977452350006,27.9,226.7,27.2,2.1,5.4
2018-08-09 16:41:49.500,191.4,40.5276801025878,1.89695105871983,1.93693507457636,1.21213576058671,399.630090490609,408.053461759244,1.23768355818742,72.4,140.45570802307,20642.8743373539,0.9,71.5,43.7748466666667,-79.4528233333333,988.3,6.54341211011557,7.27496874153264,15.3,34.8996335821098,27.9,195.7,33.9,2.1,5.9
2018-08-09 16:41:50.500,191.4,40.5281535508164,1.89460584412383,1.93457350589367,1.29725741428016,399.891939948047,408.327761215401,1.32462296330662,72.7,140.481998033266,20659.3486835334,0.9,72.1,43.7748566666667,-79.4527733333333,988.4,6.54459028363745,7.27076662084171,15.3,34.9015334259583,27.9,211,39.2,2.4,4.4
2018-08-09 16:41:51.500,191.3,40.53203083931,1.89642600658838,1.93649369836872,1.29327540062081,399.739583614121,408.185187538791,1.32060047596182,74.4,140.45296261801,20690.5565977111,0.9,74.5,43.7748633333333,-79.4527216666667,988.3,6.54119983013641,7.27132176540335,15.3,34.9035915496883,27.9,227.5,37.9,2.9,3.8
2018-08-09 16:41:52.500,191.1,40.528816191699,1.89632801371399,1.93609797238652,1.25688666318448,399.848510082893,408.234076128919,1.28324697953367,74.7,140.483754591734,20541.1095659489,0.9,75,43.77487,-79.45267,988.3,6.54299573954557,7.27189348240105,15.3,34.9056419727204,28,231.9,19.3,2.2,4.8
2018-08-09 16:41:53.500,191.1,40.5251764467918,1.89633370888859,1.93602741205746,1.25305426514215,399.506651683978,407.869113095931,1.2792852607595,74.7,140.483160355663,20502.8129124507,0.9,74.7,43.77488,-79.4526166666667,988.4,6.54731662798056,7.27486639072366,15.5,34.9073574274635,28,235.9,9.1,1.4,5.7
2018-08-09 16:41:54.500,191.1,40.5254239632132,1.89614638914954,1.93594595692594,1.29022112153013,398.98824517357,407.362998146783,1.31730294327616,73.1,140.46501902214,20558.3485089281,0.9,72.6,43.7748916666667,-79.452565,988.4,6.55030817834935,7.27304249284991,15.5,34.9095646044245,28,230.4,9.6,1.6,6.1
2018-08-09 16:41:55.500,190.8,40.5266547170106,1.89475270263578,1.93441570643381,1.21487208432469,399.023776876477,407.376580294705,1.24030266128889,72.6,140.499597911083,20503.9075919761,0.9,68.8,43.7749033333333,-79.4525116666667,988.4,6.55261869433057,7.2681917121669,15.5,34.9114153626759,28.1,242,7.2,1.3,6.1
2018-08-09 16:41:56.500,190.6,40.5315564654912,1.89413871128271,1.93387577124197,1.12342292875651,398.560603773119,406.922002910939,1.14699377296049,72.5,140.486260622063,20547.9697541165,0.9,69.1,43.7749166666667,-79.4524583333333,988.3,6.54926761245528,7.26760899490234,15.5,34.913399956891,28.1,228.8,12.1,1.1,6.3
2018-08-09 16:41:57.500,190.3,40.5362258108366,1.89425005526408,1.9341334207288,1.16730695805908,398.102580087602,406.484551604185,1.1918842282187,73.3,140.469662221374,20620.6222848103,0.9,74.1,43.7749283333333,-79.452405,988.4,6.54925995868708,7.27192794962479,15.5,34.9151688077522,28.1,227.1,6.9,1.2,5.6
2018-08-09 16:41:58.500,190.1,40.5367861973184,1.89381464945845,1.93369350256829,1.13423743774263,398.091293820569,406.474087720518,1.15812132606654,73.6,140.485517571944,20623.0938236191,0.9,79.4,43.7749383333333,-79.4523483333333,988.4,6.55100643708117,7.27183182966449,15.7,34.9172272018568,28.1,243.6,5.5,1.6,5.4
2018-08-09 16:41:59.500,189.9,40.5412991682737,1.89466975933675,1.93458337402879,1.25938393864412,398.544174390312,406.940022867513,1.28591897330417,72.9,140.469107796194,20631.524652479,0.9,77.4,43.7749516666667,-79.452295,988.4,6.54871161144499,7.26959762202957,15.9,34.9192291090773,28.1,276.8,348.9,1.2,6.4
2018-08-09 16:42:00.500,189.8,40.5460145084132,1.89659131261307,1.93662880127946,1.30764524951731,398.512017869555,406.924678069805,1.33524944114656,72.3,140.465262202749,20673.6859171179,0.9,74.9,43.7749633333333,-79.4522433333333,988.4,6.54268329300463,7.27112941065223,16.1,34.9210856918368,28.1,288.5,349.8,1.1,6.3
2018-08-09 16:42:01.500,189.8,40.5476981253987,1.89741606352953,1.93754215879342,1.15048271731289,398.450006410657,406.876264732263,1.17481666873689,73.6,140.487918010995,20709.6209653961,0.9,75.9,43.7749766666667,-79.45219,988.4,6.54569942199285,7.27508327850231,16.1,34.9233151307037,28.1,229.8,11.3,1.1,7.5
2018-08-09 16:42:02.500,189.9,40.55049388506,1.89724645003667,1.93750740549371,1.29552332554683,398.678493979802,407.138693966142,1.32301648339058,73.3,140.484891831514,20779.6661967735,0.9,73.5,43.7749916666667,-79.4521383333333,988.5,6.54654838042195,7.27650784369615,16.2,34.9251736132325,28.1,186.1,18.2,1.2,7
2018-08-09 16:42:03.500,190.3,40.5523231542653,1.89301870718298,1.93337052969764,1.22855249608122,399.082003909168,407.588960127942,1.25472888462682,72,140.483909740215,20871.5054921081,0.9,72.2,43.7750083333333,-79.4520833333333,988.4,6.54735812729195,7.26977368226756,16.1,34.9270550570894,28.1,224.5,8.4,1.7,6.4
2018-08-09 16:42:04.500,190.4,40.5509264265268,1.8934662705899,1.934031723039,1.06503433066664,399.492514775541,408.051110567842,1.08785134478398,72.8,140.48545072042,20974.4759192425,0.9,73.3,43.7750216666667,-79.45203,988.4,6.54540127177013,7.26901077525475,16.2,34.9290442824109,28.1,219.4,13.7,1.1,6.7
2018-08-09 16:42:05.500,190.6,40.5496341063666,1.89485134501113,1.93552693353659,1.18810900508718,400.716966491745,409.318813789111,1.21361829920823,73,140.467557108747,21015.0159829662,0.9,74,43.77503,-79.451985,988.4,6.54617883026958,7.26870466053917,16.2,34.9310777805007,28.1,218.2,12.7,1.5,6.3
2018-08-09 16:42:06.500,190.5,40.5482108929755,1.89390145004043,1.93470800789577,1.19830786447483,400.972178465188,409.611654180032,1.22412035705964,73.2,140.448282602968,21091.7910730615,0.9,75.9,43.7750416666667,-79.451925,988.4,6.54972837435376,7.27234114752079,16.4,34.9329242063802,28.1,246.4,3,1.6,5.5
2018-08-09 16:42:07.500,190.5,40.5445017062152,1.89252123179082,1.93334198224918,1.04423565297177,400.777141431632,409.421691249606,1.06675703979755,72.7,140.481239324532,21114.0731302243,0.9,76.3,43.7750533333333,-79.4518733333333,988.5,6.55223893149708,7.26920093561566,16.2,34.9349907344621,28.1,245.3,356.4,1.6,4.7
2018-08-09 16:42:08.500,191,40.5462844762209,1.89202571735208,1.93275839153413,1.15096554843536,400.578854894528,409.202764394119,1.17574378750695,72.2,140.471103203145,21074.9694665815,0.9,76.4,43.7750666666667,-79.451825,988.4,6.55331535660804,7.27266322546152,16.2,34.9371195463309,28.1,261.6,352.7,1.7,5.8
2018-08-09 16:42:09.500,191.3,40.5462060111971,1.89250125516347,1.93328342625285,1.20669833426123,400.91404105228,409.553480501859,1.23270275241979,73.3,140.464415332211,21094.8234436444,0.9,76,43.775075,-79.4517716666667,988.3,6.55124963657345,7.27269027270147,16.2,34.9389957647218,28.1,290.3,334.6,1.9,6.1
2018-08-09 16:42:10.500,191.3,40.5391811193961,1.89171310232645,1.93257393065818,1.18762642964054,401.528312156049,410.201196061432,1.21327852578761,74,140.489281883326,21143.014171676,0.9,75.5,43.7750883333333,-79.4517166666667,988.4,6.55155473212345,7.27189735697242,16.2,34.9407827090503,28.1,299,320.3,2.3,6.3
2018-08-09 16:42:11.500,191.1,40.5365712538294,1.89393550680266,1.93493132399914,1.14942923536845,402.520411414823,411.233324374789,1.17431088768244,73.5,140.455103192232,21187.1768670591,0.9,74.1,43.7750983333333,-79.45166,988.4,6.55081940345848,7.27294171500546,16.4,34.9426712643712,28.1,304.4,331.5,2.2,6.1
2018-08-09 16:42:12.500,190.8,40.5378959991995,1.89346101281808,1.93454933210764,1.19866033058128,403.516000348176,412.272332430727,1.22467132670886,74.3,140.463594625139,21239.1802857783,0.9,71,43.7751083333333,-79.4516066666667,988.4,6.5521160746467,7.27159631788383,16.6,34.9447524390744,28.1,288.9,334.9,2.1,5.5
2018-08-09 16:42:13.500,190.7,40.5382177508621,1.89168571032762,1.93266676272418,1.20684287816367,404.562506897397,413.326878399985,1.23298769823264,71.8,140.490905684484,21204.4434128488,0.9,70,43.7751233333333,-79.4515533333333,988.4,6.55344745627564,7.27121896048249,16.6,34.9465760726723,28.1,275.5,334.7,2.5,4.7
2018-08-09 16:42:14.500,190.7,40.5385818259689,1.89227590964764,1.93320825632027,1.12281510844129,405.146285033134,413.910180533574,1.14710016144517,70.9,140.457682402173,21173.3453480467,0.9,69.3,43.7751383333333,-79.4515,988.5,6.5542150646002,7.27234686117391,16.8,34.9485772510364,28.1,271.4,332.9,3.1,3.5
2018-08-09 16:42:15.500,190.6,40.5382820812201,1.8944564684267,1.9354458275155,1.09949674549092,405.088178185607,413.85289801772,1.12328290701151,72.4,140.468199643401,21178.303128975,0.9,71.4,43.7751533333333,-79.4514433333333,988.4,6.54805532257663,7.27033535258798,16.8,34.9504529264213,28.1,272.8,334.7,2.6,4.7
2018-08-09 16:42:16.500,190,40.5394415158375,1.89477990984495,1.93556827087966,1.12893144500675,404.374136472237,413.079103986142,1.15324154996652,73.7,140.491964261691,21073.2428991272,0.9,74.5,43.7751633333333,-79.4513833333333,988.3,6.54779151569336,7.27241861727185,16.8,34.9522941875773,28.1,268,336.5,3.1,4
2018-08-09 16:42:17.500,189.7,40.5489122335181,1.89437508190537,1.93503404858726,1.08872047711682,404.201541073803,412.876925944972,1.1120901444586,74.3,140.458706117586,21012.0790592966,0.9,75.2,43.7751733333333,-79.4513266666667,988.3,6.55201836211769,7.27083141897819,17,34.9544447678521,28.1,267,357.6,2.4,5.3
2018-08-09 16:42:18.500,190,40.5539723421254,1.89544452444721,1.93607210306454,1.15990681254496,403.614457320381,412.265712587694,1.18476886372107,73.2,140.466254611526,20984.6194840115,0.9,72,43.7751866666667,-79.45127,988.4,6.54982091760628,7.26933956151037,17,34.9564315395574,28.1,263.7,351.4,1.9,5
2018-08-09 16:42:19.500,190.1,40.5518152431775,1.89614689227134,1.93673811704038,1.04520590137094,402.832911438937,411.456502120126,1.06757382790831,71.8,140.489723909458,20958.6663663249,0.9,73.2,43.7752016666667,-79.451215,988.4,6.54833032612291,7.270415354774,16.8,34.958256518158,28.1,264.1,356.6,2.7,4.6
2018-08-09 16:42:20.500,189.9,40.5537730032942,1.89805911147145,1.93874472606634,1.01042701345715,402.029170207287,410.646887204078,1.03208160600611,72,140.459873579085,20985.644987284,0.9,78.4,43.775215,-79.4511666666667,988.4,6.54678094940175,7.27111468316579,16.8,34.9603822827237,28.1,271.8,336.8,2.2,5
2018-08-09 16:42:21.500,189.9,40.5545990778079,1.89703536339914,1.93748517169899,1.05826030486292,402.106338471076,410.68008298359,1.08082964715317,72.5,140.466133744667,20877.1158862544,0.9,79.8,43.7752316666667,-79.4511083333333,988.4,6.54800013400561,7.27102066774382,16.6,34.9626133080878,28.1,263.8,343,3.1,3.1
2018-08-09 16:42:22.500,190.1,40.5567041389508,1.89372818394552,1.93399070431015,1.10596406094967,403.693074171272,412.276031199331,1.12947979237051,72.9,140.487926281971,20818.3565820005,0.9,79.2,43.7752483333333,-79.4510516666667,988.4,6.55203458868928,7.26705137215642,16.6,34.9642926805913,28.1,261.1,351,3.1,3.3
2018-08-09 16:42:23.500,190.2,40.5651399849701,1.8945756422142,1.93481912522288,1.22243951722096,404.448969265324,413.040090752002,1.2484063225298,73.9,140.455686132671,20799.5875308674,0.9,77.9,43.7752583333333,-79.450995,988.4,6.54898194043282,7.26696487284096,16.4,34.9662109336311,28.1,263.1,343.5,3.3,3
2018-08-09 16:42:24.500,190.3,40.5696472765425,1.89542809097371,1.93557819171151,1.18323012654367,405.42778770097,414.015805020833,1.20829436446968,74.1,140.465548416083,20743.1026743828,0.9,75.2,43.7752683333333,-79.45094,988.4,6.54790619741433,7.27098387156058,16.4,34.9679857853589,28.2,253.8,353.1,3.1,2.3
2018-08-09 16:42:25.500,190.3,40.5719838216029,1.89477766375005,1.93481858995513,1.10548412996622,406.583005370153,415.175113067304,1.12884696505542,74.6,140.489719874439,20695.0352473134,0.9,76.2,43.7752783333333,-79.4508883333333,988.4,6.55446683519278,7.26874685001351,16.1,34.9701424036917,28.2,258.3,10.9,3.5,2.4
2018-08-09 16:42:26.500,190.2,40.5761263539321,1.89414241768933,1.93420487154162,1.10444482266704,406.482395759218,415.079817326278,1.12780727622879,73.7,140.46115256699,20712.7347745227,0.9,75.2,43.7752883333333,-79.4508383333333,988.4,6.55422783000543,7.27037732169014,15.9,34.972443908939,28.2,246.4,0.4,2.7,3.5
2018-08-09 16:42:27.500,190.6,40.5783394528995,1.8953366432646,1.935422262161,1.12197827287263,405.971954215066,414.558089701929,1.1457093101235,72.3,140.474957109536,20711.4579609398,0.9,72.4,43.7753016666667,-79.4507866666667,988.4,6.55158687732386,7.27181922817408,15.7,34.9741326440113,28.2,256.4,3.9,2.7,4.4
2018-08-09 16:42:28.500,191,40.5813154560844,1.89634949831868,1.93642293737714,1.19452892223193,405.702150079324,414.275327206415,1.21977499238486,72.3,140.480571260275,20694.276741335,0.9,71.4,43.7753116666667,-79.450735,988.4,6.54796569843071,7.26839585447204,15.7,34.975711630396,28.2,254.6,354.6,2.7,2.8
2018-08-09 16:42:29.500,191.5,40.5856421048657,1.89585473331003,1.93600246455878,1.13254422719167,405.880623335978,414.475674215726,1.15652538016869,73.1,140.466962924791,20737.1419304211,0.9,71.4,43.77532,-79.4506833333333,988.4,6.54478528066491,7.26874557354708,15.9,34.977689224311,28.2,248.6,3.9,2.4,4.7
2018-08-09 16:42:30.500,191.5,40.5919026670847,1.89504678403679,1.93523047208005,1.00432316011234,405.66199419472,414.263748325169,1.02561960432862,72.2,140.493504225418,20763.9693517785,0.9,69.4,43.775335,-79.4506333333333,988.4,6.54769350604434,7.26838433852464,15.9,34.9797575217306,28.2,252.6,2.5,2,4.2
2018-08-09 16:42:31.500,191.9,40.5979387489032,1.89267767031383,1.93281140973684,1.02546629500951,406.293102937743,414.90837368501,1.04721109540732,72.3,140.479308651759,20764.2136710725,0.9,68.7,43.7753466666667,-79.45058,988.5,6.54981747369689,7.2627846643153,16.2,34.981658086196,28.2,251.8,355.6,2.2,4.2
2018-08-09 16:42:32.500,192.1,40.6020059529425,1.89429954475881,1.93448567619597,1.03947880336564,407.280638074225,415.920774273785,1.06153136417033,76.2,140.467884994797,20773.4241679956,0.9,68.4,43.7753616666667,-79.4505233333333,988.5,6.54834786138292,7.26493452510326,16.4,34.9837468532547,28.2,246.3,4.7,1.7,5.4
2018-08-09 16:42:33.500,192.1,40.6057364744211,1.89597746804026,1.93629523553368,1.08994711263598,407.625943919797,416.29406966421,1.11312501752222,88.2,140.493733245932,20822.0788908657,0.9,80.6,43.77536,-79.4504633333333,988.4,6.55012000348876,7.26822160093166,15.9,34.9854397748194,28.2,222.3,29.2,1.7,7.9
2018-08-09 16:42:34.500,192,40.6099816999594,1.89245362477626,1.93271917944401,1.10384836977773,408.470090845342,417.161046166797,1.12733463603274,99.1,140.474646349486,20833.5188449189,0.9,90.7,43.7753466666667,-79.4504066666667,988.5,6.5532767729766,7.26297547294293,15.9,34.9871468942952,28.2,208.9,31.4,2.1,6.5
2018-08-09 16:42:35.500,192,40.6156561463074,1.89363729781211,1.93399650239676,1.06776671188415,408.951614245418,417.667631951246,1.09052227759961,105.2,140.46007663546,20868.1569930957,0.9,98.4,43.7753333333333,-79.450355,988.5,6.55164211339343,7.25989557871147,15.7,34.9892690354809,28.2,239.2,43.8,2.9,5.3
2018-08-09 16:42:36.500,191.9,40.6204693641448,1.89406242601502,1.93452186794629,1.07653586358369,408.220599352453,416.940714703279,1.09953203623682,109.3,140.481177906499,20914.4387660893,0.9,108.3,43.7753166666667,-79.4503033333333,988.5,6.55196055843629,7.26491504353998,15.5,34.9913021727757,28.1,248.7,37.8,3.2,6.2
2018-08-09 16:42:37.500,191.8,40.6245519807577,1.89318130010536,1.9336735858187,1.05613309562839,407.329733618477,416.041963510404,1.07872141857411,108.5,140.472770588469,20940.6961701466,0.9,112.1,43.7753033333333,-79.4502533333333,988.5,6.5541300143854,7.26853507444489,15.3,34.9932181392421,28.1,231.7,27.5,2.2,5.9
2018-08-09 16:42:38.500,191.7,40.6255713138192,1.89288104098862,1.93341922827889,0.956882982269633,406.209758406537,414.909204893547,0.977375589620329,100,140.461788007848,20967.186828252,0.9,104.1,43.7752983333333,-79.4502016666667,988.5,6.55313917897796,7.2676050114604,15.3,34.9952009700072,28.1,271.9,13.4,2.3,4.1
2018-08-09 16:42:39.500,191.3,40.6175752842408,1.89525226806026,1.93586685892852,0.99216115010129,404.93217370338,413.609697412038,1.01342369069554,88.3,140.481005055458,20980.1010920202,0.9,88.2,43.7753016666667,-79.4501533333333,988.5,6.54863867069507,7.26808733499875,15,34.9971965431117,28.1,283.3,348.4,2.4,3.2
2018-08-09 16:42:40.500,191.1,40.6065276221751,1.89616379232382,1.93676224506143,1.11485700945834,404.408684245869,413.06745179942,1.1387266954983,81.3,140.479557484926,20962.2053829703,0.9,82,43.7753083333333,-79.4501033333333,988.4,6.54933848579006,7.26736870760251,14.8,34.9991418610853,28.1,294.1,319.1,2.7,3.6
2018-08-09 16:42:41.500,191.1,40.6011454314794,1.89526599816146,1.93576169380915,1.130426489752,403.250060358474,411.866286441398,1.15458123573278,74.5,140.460394265079,20919.9439228061,0.9,76.4,43.77532,-79.4500533333333,988.4,6.55025294060614,7.27085290536474,15,35.0011313737922,28.2,279.5,325.8,2.8,3.8
2018-08-09 16:42:42.500,190.9,40.5994630695049,1.89517345768751,1.93551952641807,1.18409405777405,402.419233612081,410.986301979415,1.20929878442854,67.3,140.476287998197,20845.0770469257,0.9,69.8,43.7753383333333,-79.450005,988.4,6.54824955192807,7.27127096871802,15.1,35.0030953085272,28.2,286.2,313.8,2.9,5
2018-08-09 16:42:43.500,190.9,40.5944423101846,1.89668730238939,1.93701056287835,1.00845310498572,402.312985223558,410.86601826694,1.02988988135055,61,140.468329528313,20817.1368312107,0.9,67.7,43.77536,-79.4499566666667,988.4,6.54796397011758,7.26793397319134,15.3,35.005156385588,28.2,279.9,321.7,3.1,4.7
2018-08-09 16:42:44.500,191.3,40.5888339203101,1.89477798477293,1.93509137525671,0.949073083284437,402.82935014551,411.399868768935,0.969265756022488,56.2,140.470765864456,20832.6691638835,0.9,64.1,43.775385,-79.4499133333333,988.4,6.55248757674853,7.26660851139743,15.5,35.0070273916174,28.2,276.9,334.1,2.4,5.1
2018-08-09 16:42:45.500,191.3,40.5825635313114,1.8945810421904,1.93490424864486,1.12562407370643,403.752560262648,412.345808594251,1.14958146848015,53.2,140.495286129531,20839.863700073,0.9,62.6,43.775405,-79.4498733333333,988.5,6.55265470111104,7.26907418612803,15.7,35.008811805107,28.2,261.8,337,2.3,4.9
2018-08-09 16:42:46.500,191.2,40.5787391102858,1.89646392274687,1.93689191490721,1.16515938975253,403.471311351537,412.072261827222,1.1899970557118,51.8,140.474345833183,20872.43451919,0.9,62.7,43.7754333333333,-79.4498316666667,988.4,6.55119875317425,7.26860864877071,15.7,35.010547017271,28.2,258.1,339.8,2.2,5
2018-08-09 16:42:47.500,190.9,40.5822296264068,1.89554327978239,1.93586582226176,1.06858093930001,402.707991037744,411.274388768426,1.09131491279955,50.7,140.474399029133,20828.9488006972,0.9,63,43.7754583333333,-79.44979,988.3,6.54993766774811,7.26857563726565,15.7,35.0125338575269,28.2,270.4,337.5,1.9,6.6
2018-08-09 16:42:48.500,191,40.5896923275471,1.89472627565209,1.93500086217395,1.0212213434746,402.48486802463,411.040059356539,1.04292811896765,49.3,140.476901776788,20813.6015641194,0.9,60.9,43.775485,-79.4497516666667,988.4,6.54939136874035,7.27118185906119,15.1,35.0143724195674,28.2,253.2,350,1.6,4.7
2018-08-09 16:42:49.500,191.3,40.5938709086701,1.89574554429517,1.93597598784104,1.10661932545899,402.135023351596,410.668875443764,1.13010001684389,53,140.46348915888,20780.3664604519,0.9,59.8,43.775505,-79.4497116666667,988.3,6.54781588666641,7.26965591096558,14.6,35.0161222851853,28.2,254.6,316.4,2.9,3.6
2018-08-09 16:42:50.500,191.3,40.5983547873426,1.89533450511255,1.93529754180871,1.02707335666252,401.701851625272,410.171727953801,1.04873786640623,58.1,140.463066631301,20649.5012331097,0.9,61,43.7755216666667,-79.4496666666667,988.4,6.54759295534658,7.26806209219792,14.8,35.0181746986194,28.2,252.9,331.5,2.7,2.8
2018-08-09 16:42:51.500,191.1,40.60259146263,1.89561775408897,1.93555183136119,1.14411415596002,401.64472249367,410.106012008091,1.16822291665505,62.1,140.48544411938,20631.9185219223,0.9,64.2,43.7755333333333,-79.4496183333333,988.3,6.54963337500598,7.26710080024207,15,35.0201604381201,28.2,250.4,353.6,2.9,2
2018-08-09 16:42:52.500,191.1,40.6095838215868,1.89545813987804,1.93544243902265,1.19296571627714,401.333934672209,409.800003812742,1.21813125468906,64.6,140.482694443997,20659.0486346243,0.9,67.1,43.7755483333333,-79.4495733333333,988.3,6.55171360439882,7.27096100822675,14.8,35.0219152496942,28.2,246,349.4,2.1,3.8
2018-08-09 16:42:53.500,191,40.6190715744303,1.89493914941629,1.93483981486717,1.03552257347414,401.962779167013,410.426589735574,1.05732924494136,67.2,140.445728643908,20621.9891175626,0.9,69,43.7755616666667,-79.4495283333333,988.3,6.55143821354202,7.27055243217021,14.8,35.0238005320881,28.2,258.7,338.6,2.3,3.9
2018-08-09 16:42:54.500,191.1,40.6259739770912,1.89558562438714,1.93545794271776,1.1347956164206,402.090122339919,410.547741079679,1.15866534580325,70.1,140.473557856033,20600.8451063828,0.9,69,43.7755733333333,-79.44948,988.4,6.54914754827928,7.27247847954674,14.4,35.0256308346987,28.2,262.7,338.3,2.4,3.8
2018-08-09 16:42:55.500,191.2,40.6324412546657,1.89636035988132,1.93643897434276,1.22255223507095,401.656445517354,410.145244156036,1.24838962794626,71.9,140.462314457161,20697.1828723648,0.9,73,43.7755866666667,-79.449435,988.4,6.54657659845182,7.26941760440968,13.7,35.027561479856,28.2,265.9,351.5,2.3,3.4
2018-08-09 16:42:56.500,191.5,40.6407270549811,1.89636527060348,1.93668354682872,0.98698821253262,401.259569777711,409.790684537793,1.00796376767066,73.2,140.440162467051,20818.3161041741,0.9,74.8,43.775595,-79.4493916666667,988.4,6.54876185221236,7.27329378542726,13.1,35.0295391161445,28.2,269.6,340.7,1.7,4.1
2018-08-09 16:42:57.500,192.2,40.6423320487911,1.89601900834654,1.93651204624139,0.966479281378068,401.20419858833,409.772664131389,0.987124001385423,74.8,140.477714194464,20910.3541947307,0.9,76.2,43.7756016666667,-79.44935,988.3,6.54664770097447,7.27420088210214,12.9,35.0314619685461,28.2,289.7,345.9,1.3,5.2
2018-08-09 16:42:58.500,192.6,40.6439699636821,1.89279114138207,1.93325139601126,1.04179733457446,401.953083478038,410.545265856551,1.06406674915239,74.4,140.460707079296,20928.7518762194,0.9,73.4,43.7756116666667,-79.4493083333333,988.3,6.54900586296527,7.27164332905394,12.7,35.0333840557541,28.2,285.3,339.4,1.4,4.9
2018-08-09 16:42:59.500,192.6,40.6473874122087,1.8940013501905,1.93458248989175,0.89803214247035,403.444642332191,412.088939665458,0.917268751337745,73.2,140.460262950674,20976.703405078,0.9,71.9,43.7756216666667,-79.449265,988.3,6.55082533382262,7.26602511503226,12.5,35.0352151562172,28.2,283,335.3,1.7,4.3
2018-08-09 16:43:00.500,192.5,40.6474541594385,1.89481820023526,1.9356131591133,1.02064357286065,404.427374309293,413.134640084346,1.04262560138684,71.4,140.490582476307,21076.1742071588,0.9,71.9,43.7756333333333,-79.44923,988.4,6.54855258820661,7.26714875921656,12.4,35.0369758405616,28.2,286.6,328.1,1.8,4.4
2018-08-09 16:43:01.500,192.4,40.6489786432759,1.89474807574858,1.93589764580134,1.03032510403866,405.009233153141,413.805172833096,1.05269384195767,71.9,140.463276949512,21256.2031000738,0.9,68.9,43.7756433333333,-79.4491916666667,988.3,6.55012935314071,7.2696278530827,12.4,35.0392436617728,28.2,291,319.2,1.9,4.3
2018-08-09 16:43:02.500,192.4,40.6533407204998,1.89630863291553,1.93777443409332,1.02282685870616,405.227740157039,414.088648971227,1.04519399958285,73.2,140.478586750838,21398.6890228453,0.9,69.6,43.7756516666667,-79.4491516666667,988.4,6.54624094285497,7.2678368423287,12.4,35.0411101233549,28.2,296,295.3,2.8,3.8
2018-08-09 16:43:03.500,192.1,40.6597479887675,1.89564772267386,1.93720036487363,1.09036267331335,404.731886387073,413.603666196286,1.11426365647639,73.2,140.481021077471,21450.0571784223,0.9,71.1,43.77566,-79.4491116666667,988.4,6.54828876867758,7.26943872872667,12.4,35.0430928462373,28.2,288.8,311.6,2.7,3.6
2018-08-09 16:43:04.500,191.9,40.6612609621406,1.89461754757157,1.93629514856381,0.891858243903919,404.325479976397,413.219897592601,0.911470020913986,75.1,140.456818146204,21524.7594809824,0.9,72.6,43.7756683333333,-79.44907,988.4,6.54726086871857,7.27108726778094,12.5,35.0450630208885,28.2,288.2,317.6,2.5,3.9
2018-08-09 16:43:05.500,191.7,40.6627040851858,1.89496747704003,1.93661796867921,0.984473793767362,403.600041043999,412.471098519976,1.00610751035438,75.4,140.478819156749,21507.1249726065,0.9,75.5,43.775675,-79.44903,988.3,6.54622329571206,7.26993199466508,12.5,35.0470163679909,28.2,288.9,329,2.3,4
2018-08-09 16:43:06.500,191.6,40.6668261849914,1.89565947247066,1.93711116087399,1.1242547265192,403.097292107825,411.911717037889,1.14883624225481,74.2,140.485781590938,21398.7373988034,0.9,79.1,43.7756816666667,-79.4489866666667,988.4,6.54540586132538,7.26612735294362,12.5,35.0491136818124,28.2,291,336.5,1.7,4.7
2018-08-09 16:43:07.500,191.9,40.6724924176035,1.8950193010799,1.93653393281066,0.983590442189036,402.179811544392,410.990418038475,1.00513215459442,72,140.468002170119,21437.5026134603,0.9,75.4,43.77569,-79.4489466666667,988.3,6.54813038417155,7.26776118565084,12.4,35.0507081224852,28.2,317,316.6,1.9,4.7
2018-08-09 16:43:08.500,191.9,40.6769072614248,1.89610544649656,1.93752053050102,1.0610944904444,401.336211506046,410.1022463762,1.08426452666276,69.8,140.473811219043,21375.2082997998,0.9,68.7,43.7757016666667,-79.448905,988.3,6.54606275000077,7.26917340577812,12.4,35.0526781578414,28.2,295.2,294.8,2.7,6.3
2018-08-09 16:43:09.500,191.8,40.6779992845578,1.89449242275445,1.93560464774257,1.17617949613771,400.859256324542,409.558227609018,1.2017015761151,69.4,140.483557397289,21239.8028408247,0.9,68.1,43.775715,-79.4488666666667,988.3,6.5497242399666,7.27184543351635,12.2,35.0547103140394,28.2,312,275.2,3.7,5.9
2018-08-09 16:43:10.500,191.9,40.6810015245422,1.89571046915192,1.93671181370677,0.908039248054138,400.697917032501,409.364387132365,0.927682249684156,69.9,140.449122378784,21170.551625652,0.9,69,43.7757266666667,-79.4488266666667,988.4,6.54742876071746,7.27121660210693,12,35.0570166335449,28.2,274.9,250.8,4.4,3.1
2018-08-09 16:43:11.500,192,40.6818140538066,1.89562693979891,1.93659480078509,1.09634840840193,400.14245666534,408.790224697069,1.12004216740385,73.5,140.456904474608,21154.6176292423,0.9,72.6,43.7757366666667,-79.4487883333333,988.4,6.54623273742738,7.27157462482616,11.8,35.0584811758933,28.2,274.2,258.8,3.8,2.7
2018-08-09 16:43:12.500,192.2,40.6841384595795,1.89467772693456,1.93544160097194,1.13215220678194,399.970137282245,408.575443767758,1.15651441247346,75.6,140.481146619627,21061.614250558,0.9,78.2,43.7757433333333,-79.4487483333333,988.4,6.54582993338783,7.26670432638301,11.8,35.06033817,28.2,267.6,269.8,3.5,1.3
2018-08-09 16:43:13.500,192.5,40.6917872534068,1.89550158543422,1.93632148087056,1.16468078381267,399.310493583852,407.909702494138,1.18976361078748,76.6,140.4554698081,21081.0811937284,0.9,76.4,43.7757483333333,-79.4487066666667,988.3,6.54995848238918,7.26710245732664,11.8,35.0624962739539,28.2,266,251.6,3.5,1
2018-08-09 16:43:14.500,192.5,40.6967243345419,1.89229489116808,1.93302032876516,1.09486806416701,399.415120419904,408.011360929006,1.11843305958569,74.4,140.46068598574,21068.480627412,0.9,73.5,43.775755,-79.44867,988.4,6.55068205812045,7.26827324363623,11.6,35.0641823550971,28.3,260.2,302.3,3.3,1.3
2018-08-09 16:43:15.500,192.4,40.699827372425,1.8941576952894,1.93483222278998,1.0128511799865,399.023407562904,407.592012949559,1.03460155603907,73.1,140.484453918158,21022.4729388056,0.9,70.7,43.7757633333333,-79.4486316666667,988.3,6.55038082473378,7.27254279843283,11.6,35.06619011681,28.3,273.8,283.7,3.1,1.8
2018-08-09 16:43:16.500,192.5,40.7048554624458,1.89503464642389,1.93569284398923,0.881895810039969,398.395462171521,406.943063759562,0.900817092807701,74.2,140.452905862473,21004.2904526173,0.9,73.2,43.7757716666667,-79.4485883333333,988.4,6.54823517733978,7.27103981291808,12,35.0685211459411,28.3,267.3,304.8,2.9,1.4
2018-08-09 16:43:17.500,192.2,40.705479045605,1.89257235965649,1.93284592851197,0.866999095296219,398.737182211783,407.222270956263,0.885446973569414,77.2,140.484538584785,20836.5116295376,0.9,73.3,43.7757766666667,-79.4485433333333,988.2,6.55182780833568,7.26829939313159,12.2,35.0700268474423,28.3,260.6,314.5,2.9,0.8
2018-08-09 16:43:18.500,192.2,40.7111721197218,1.89558783879408,1.93602992015989,0.944219260592869,398.253432536952,406.750030825423,0.964366804439713,76.8,140.473931081127,20889.0034840862,0.9,80.8,43.7757833333333,-79.4484983333333,988.3,6.54547075545083,7.27167922416085,12.7,35.0714131744259,28.3,261.2,269.8,3.1,0.3
2018-08-09 16:43:19.500,192.3,40.7183031879458,1.89608057873323,1.93630462126615,1.07212348855577,398.629075658826,407.085496816956,1.09486167791631,75.1,140.443917433113,20773.1691215272,0.9,78.1,43.7757933333333,-79.4484533333333,988.3,6.54492987104707,7.27185813051099,12.9,35.0737507897059,28.4,271,323.7,3.1,2.1
2018-08-09 16:43:20.500,192.3,40.7179870191126,1.89358971601485,1.93368871351038,1.15098392416221,398.48458949242,406.922899913284,1.17535725328402,75.1,140.48866708221,20736.9271737169,0.9,75.8,43.7758016666667,-79.4484083333333,988.3,6.54773667327048,7.27533717269666,12.9,35.0754759819229,28.4,271.9,300,3.1,2
2018-08-09 16:43:21.500,191.9,40.7207598125103,1.89399121106119,1.93408749884966,1.14059090828761,398.414879596321,406.849395394387,1.16473777415131,75,140.478250124915,20731.4010576584,0.9,78.4,43.7758083333333,-79.4483633333333,988.3,6.54498247527817,7.27185672277399,12.9,35.0775910932744,28.4,269.3,290.1,3.2,1.9
2018-08-09 16:43:22.500,191.8,40.7278358833805,1.89356137107845,1.93348826963723,1.00673426942626,398.350274100552,406.749730781286,1.02796509743979,75.5,140.474995704367,20650.2629671472,0.9,79.7,43.7758183333333,-79.4483216666667,988.2,6.54480430673153,7.26261747213434,12.9,35.079800226821,28.4,267.2,244.6,4,1.7
2018-08-09 16:43:23.500,191.6,40.7323997783287,1.89359465133608,1.93342347379312,1.00804806241854,398.368540252721,406.747567723205,1.02925047546968,75.3,140.496712409353,20600.1055355445,0.9,77.2,43.7758233333333,-79.448275,988.3,6.54812608265832,7.26872362584983,12.9,35.0815174849796,28.4,269.2,256.8,4.1,2.2
2018-08-09 16:43:24.500,191.5,40.7291258437601,1.89167238653267,1.93153473502214,1.05376815447277,397.54695251766,405.924364133976,1.07597431183204,73.8,140.477597857122,20637.9087369821,0.9,73.7,43.7758316666667,-79.4482333333333,988.3,6.5544033338412,7.27222062177454,12.9,35.0835883599496,28.4,269.2,269.8,4,2.9
2018-08-09 16:43:25.500,191.8,40.7286753535475,1.89074261834851,1.93055123927373,0.840865293797939,398.033381705417,406.413788938159,0.858571576869607,72.5,140.451893510307,20620.3768558245,0.9,76.5,43.7758433333333,-79.44819,988.2,6.55445747662991,7.268515292965,13.1,35.0854143977709,28.4,285.3,289.6,3.8,3.3
2018-08-09 16:43:26.500,191.3,40.7297425620459,1.89335874393007,1.93329405622582,0.938240714447414,398.089225245102,406.48580870131,0.958032767494549,71.5,140.487695887002,20656.6687029024,0.9,74.5,43.7758533333333,-79.448145,988.2,6.55009862467307,7.26266747441256,13.1,35.0871790107752,28.4,281.8,307.4,2.9,4.2
2018-08-09 16:43:27.500,190.8,40.7326488581874,1.89477409973211,1.93486688256913,0.928288237313113,397.377986699803,405.786513059369,0.947929983848305,71.5,140.478420469646,20721.4788602187,0.9,72.9,43.775865,-79.4481016666667,988.2,6.55112519964797,7.26703810896838,12.9,35.0888263125623,28.4,302.1,320.3,2.5,6.2
2018-08-09 16:43:28.500,191.1,40.7415515300472,1.89631830659257,1.93653038928831,0.99316798802788,397.144515001859,405.566143708588,1.01422979489696,71.9,140.449063584721,20765.1044160031,0.9,74.3,43.775875,-79.4480633333333,988.3,6.54871052561296,7.26905638040037,12.5,35.0908784495431,28.4,306.5,302.1,2.9,6.1
2018-08-09 16:43:29.500,191.5,40.7410363314128,1.89426625545438,1.93450246266846,0.902936307170144,397.296072455529,405.735142601987,0.922115045052047,73.5,140.49040138359,20799.3916665526,0.9,76.2,43.7758816666667,-79.448025,988.3,6.54938027482021,7.26284536118978,12.5,35.092979355406,28.4,303.3,294.7,3.1,4.5
2018-08-09 16:43:30.500,191.7,40.7452905024696,1.89516968610658,1.93545409675846,1.00248604600266,396.912866947874,405.349696300809,1.0237952644142,71.6,140.484603952286,20813.7724039032,0.9,73.8,43.775895,-79.4479833333333,988.3,6.54431963055853,7.26619685456021,12.5,35.0947393613687,28.4,292.3,280.1,3.8,5.1
2018-08-09 16:43:31.500,191.7,40.7524682286816,1.89334991332099,1.93387529188136,1.21268316538241,395.858219707417,404.331023598099,1.23864511063556,71.4,140.445753254522,20955.2791455853,0.9,70.6,43.7759083333333,-79.4479416666667,988.2,6.54930732159813,7.2641669163576,12.4,35.0967383797101,28.4,296.1,288.4,3.6,4.7
2018-08-09 16:43:32.500,191.7,40.7567936368799,1.89185258487497,1.93239594068955,1.2088236740524,395.470355664427,403.945354985851,1.23472879889118,72.6,140.492278233584,20980.7016731476,0.9,74.4,43.7759183333333,-79.4479,988.2,6.54938980253913,7.26714161517508,12.4,35.0986567702658,28.4,283.2,275.5,3.5,3.1
2018-08-09 16:43:33.500,191.6,40.7619647473452,1.89186729460594,1.93245189140584,1.10163293372663,395.530699450119,404.015587749449,1.12526487780837,73.2,140.462129504608,21001.4823478218,0.9,78.2,43.775925,-79.44786,988.2,6.54830642678865,7.26271499131458,12.2,35.1007400841253,28.4,276.9,259.5,4,2.9
2018-08-09 16:43:34.500,191.7,40.7690855740441,1.89312922705359,1.9339958699136,1.27770147721718,395.232019830798,403.76374094096,1.3052891169322,73.4,140.436531951363,21130.482998758,0.9,78,43.7759333333333,-79.44782,988.3,6.54867281441888,7.26288451850937,12,35.1026684757816,28.4,273.2,269.8,3.8,2.6
2018-08-09 16:43:35.500,192.2,40.7620663736224,1.89091860306434,1.93169231646326,1.11134826749848,394.472925340907,402.978935740864,1.13531549456026,73.7,140.492179861953,21107.7782620013,0.9,79.9,43.7759433333333,-79.4477816666667,988.2,6.55285281062357,7.26689557143031,11.8,35.104851320899,28.4,276.5,284.3,3.5,3.2
2018-08-09 16:43:36.500,192.6,40.7604806948186,1.89475141435058,1.93578125252801,1.07194351735789,394.86367169256,403.414382863539,1.09515692985397,73.9,140.465503253242,21195.7963699638,0.9,77.3,43.77595,-79.447745,988.3,6.54715062341649,7.2703120334816,11.6,35.106343025531,28.4,288.6,275.5,3.5,3.7
2018-08-09 16:43:37.500,193.1,40.7653960045716,1.89424005062753,1.93529518518923,0.958820068459378,395.670086367373,404.245815502716,0.97960158462499,73.8,140.474448863182,21214.1109889234,0.9,76,43.7759566666667,-79.44771,988.2,6.54549375809274,7.26040297809256,11.2,35.1085384287072,28.4,283.9,294.8,3.1,3.2
2018-08-09 16:43:38.500,193.3,40.76885203666,1.89283650060279,1.93382699206448,0.876658447562675,395.379903136715,403.942150723716,0.895643271176991,74,140.500403341077,21196.6291484849,0.9,76.2,43.7759633333333,-79.447675,988.2,6.54685270974536,7.26120942840026,11.4,35.1102802004646,28.4,275.9,282.6,2.6,2.3
2018-08-09 16:43:39.500,193.5,40.7683058526641,1.89439974492121,1.93537540364974,0.841205166434344,395.725758147412,404.285259338133,0.859400324310209,75.5,140.467728354842,21171.8558625605,0.9,77,43.77597,-79.4476366666667,988.2,6.54260507119788,7.26398622726623,11.4,35.1122289889161,28.4,275.5,245.4,4,3
2018-08-09 16:43:40.500,193.8,40.7696165645827,1.89409910609493,1.93493615869504,0.93098373520742,396.200051576214,404.742258208402,0.951055222779269,72.9,140.466483394654,21105.4865565957,0.9,79.9,43.77598,-79.4475983333333,988.2,6.54345476404583,7.26334726618221,11.4,35.114170814359,28.4,271.2,239.8,3.9,2.2
2018-08-09 16:43:41.500,193.9,40.7762198736572,1.89609296891013,1.93698292842028,1.00001425030707,395.737906860475,404.272256690151,1.02158046707208,74,140.468524173171,21110.4369932285,0.9,78.9,43.7759883333333,-79.4475616666667,988.1,6.54105669194974,7.26829825410666,11.2,35.1161981639427,28.4,271.5,244.2,4,2.8
2018-08-09 16:43:42.500,194.2,40.7765480643739,1.89613210360064,1.93694093178168,0.9964256822913,395.351529266972,403.860544594042,1.01787149810683,74.3,140.464505073519,21069.1174437683,0.9,78,43.7759966666667,-79.447525,988.1,6.53897524471386,7.26692572520449,11.2,35.1182122148902,28.5,272.4,242.8,4,2.8
2018-08-09 16:43:43.500,194.5,40.7802922009197,1.89196869074206,1.93268834068059,1.02203876337567,395.171305123191,403.676205123191,1.04403547492899,74.1,140.460303078465,21068.6897267631,0.9,79.2,43.7760066666667,-79.4474866666667,988.3,6.54948801775978,7.26703059866112,11.1,35.1201034664601,28.5,266.9,235.8,3.7,1.8
2018-08-09 16:43:44.500,194.6,40.775697120301,1.89259869625293,1.93355800234723,0.931063825915512,395.212093281388,403.765200218994,0.951212011426864,72.3,140.487531703186,21183.3497096232,0.9,75.6,43.776015,-79.4474483333333,988.2,6.54196845591698,7.26249445748989,11.1,35.1223915125044,28.5,268.1,246.1,3.6,2.3
2018-08-09 16:43:45.500,194.3,40.7718410815015,1.89376832936511,1.93472625786484,0.988073728276716,394.868386790041,403.40850259208,1.00944366438357,70.5,140.471938473781,21169.8949447948,0.9,71.3,43.7760233333333,-79.4474083333333,988.1,6.5409986623292,7.27000152867419,11.2,35.124172192075,28.5,275.4,277.2,3.5,2.8
2018-08-09 16:43:46.500,194.4,40.7735840901037,1.89663288106963,1.9376297994497,1.11718259716144,395.518467977694,404.067920532215,1.14133103430578,70.7,140.452587514972,21158.3762892382,0.9,71.8,43.7760366666667,-79.4473716666667,988.2,6.54186357361635,7.26801138252955,11.4,35.1259362288526,28.5,271.8,293.3,3,2.1
2018-08-09 16:43:47.500,194.5,40.7733981061041,1.89480676988118,1.93574605612384,0.865731869766744,396.335998338733,404.899188653426,0.884437089903324,73.2,140.492196915745,21148.9913201215,0.9,72.6,43.776045,-79.447335,988.3,6.54506600618806,7.26119685190423,11.4,35.1276427082139,28.5,278.4,305.1,2.6,2.4
2018-08-09 16:43:48.500,194.9,40.7772466864626,1.89433527958244,1.93541228106441,1.08517069106312,396.141928249203,404.731806947892,1.10870456024855,73.2,140.452837868999,21223.8507706273,0.9,74.3,43.776055,-79.4472983333333,988.3,6.54671194085143,7.26374965686655,11.6,35.1296222337608,28.5,256.1,307.4,2.9,0.5
2018-08-09 16:43:49.500,195.3,40.7825328355035,1.89319132144757,1.93407626119929,0.958140446371534,396.173262934208,404.728855965035,0.978834181427191,73.3,140.436545963517,21139.1059485224,0.9,76.8,43.7760616666667,-79.4472566666667,988.2,6.54754804801449,7.26195147984134,11.8,35.131655502069,28.5,265.8,269.8,3.3,1.7
2018-08-09 16:43:50.500,195.3,40.7836536592951,1.8959913676337,1.93695232437646,1.04537806900601,396.203701395054,404.763199464701,1.06796223297346,72.2,140.493168789897,21146.9800578631,0.9,73.2,43.7760666666667,-79.447215,988.2,6.54167104717553,7.26262955080057,11.8,35.13334447091,28.5,271.5,259,3.6,2.2
2018-08-09 16:43:51.500,195.3,40.7842882374958,1.89355979305656,1.93422622323742,0.962003965167868,396.294521910059,404.805513874714,0.982665689898659,71.3,140.451613536078,21024.8585366409,0.9,72.9,43.7760783333333,-79.4471766666667,988.2,6.54940979761543,7.261080660191,11.4,35.1354421642715,28.5,267.3,218.7,4.1,2.8
2018-08-09 16:43:52.500,195.1,40.7810632582683,1.89429444339063,1.93510309845839,0.955732648180594,396.044239152341,404.576277956354,0.976322003003497,72.7,140.466129103009,21088.6887736617,0.9,77.3,43.7760866666667,-79.4471383333333,988.2,6.54244663072089,7.26475254622869,11.6,35.1371892454391,28.6,261.1,206.6,4.4,2.2
2018-08-09 16:43:53.500,194.8,40.7812355103247,1.89590973719466,1.93669694341521,0.865396394332649,395.714938597397,404.228032899515,0.884014248002553,74.3,140.498226215404,21060.168766946,0.9,77.8,43.776095,-79.4471033333333,988.2,6.53800538368629,7.25961009859516,11.4,35.1393849091765,28.6,261.4,225.8,3.9,1.7
2018-08-09 16:43:54.500,195,40.781850526691,1.89299069768067,1.93382331807626,0.920410030649863,396.110470519091,404.654718341307,0.940263973291842,73.6,140.446909454467,21114.8612557645,0.9,79,43.7761033333333,-79.4470683333333,988.1,6.54822063004444,7.26505931033833,11.6,35.141033478095,28.6,259.9,224,3.9,1.3
2018-08-09 16:43:55.500,195.2,40.7848265372112,1.89320373603962,1.93419295221654,0.949657362005036,396.274865604371,404.854592751702,0.97021856134063,74.9,140.491570257501,21192.1333533322,0.9,77.2,43.7761116666667,-79.4470316666667,988.2,6.54073790178676,7.26375815748751,11.8,35.1430989441585,28.6,263.2,244,3.5,1.4
2018-08-09 16:43:56.500,195.3,40.7932184387203,1.89445944422339,1.93536046315679,1.16378971264685,395.725029942086,404.268653944236,1.18891504916609,75.2,140.471762947745,21133.4669994068,0.9,76.1,43.7761216666667,-79.4469883333333,988.1,6.54659340317664,7.26411735129875,12,35.1451219691315,28.6,263.6,250.7,3.6,1
2018-08-09 16:43:57.500,195.3,40.7967660528839,1.89537821059851,1.93625731586053,0.910715291721219,396.481752703007,405.032913230295,0.930357462253016,73.6,140.453205261704,21112.0536828205,0.9,72.9,43.77613,-79.44695,988.2,6.54228068377637,7.25891407848177,12,35.1466431580156,28.6,262.3,269.8,3.3,1
2018-08-09 16:43:58.500,194.8,40.7930380590576,1.89583488953047,1.93663982080559,0.741444223360158,396.101427341965,404.626922831879,0.757403028659929,73.4,140.485805060427,21069.8758241323,0.9,72.1,43.7761383333333,-79.44691,988.2,6.53936916912576,7.2640378322187,12.2,35.1486054536926,28.6,268.9,310.6,2.9,2
2018-08-09 16:43:59.500,194.8,40.7883150917111,1.89519135694352,1.93602043108183,0.898013312355299,396.417738758648,404.958132941289,0.917360360816739,75.6,140.480503209023,21089.6196315476,0.9,74,43.776145,-79.44687,988.1,6.53967275134091,7.25828967344704,12.2,35.1504463120355,28.6,277.7,308.1,2.7,2.6
2018-08-09 16:44:00.500,194.6,40.7902686283375,1.89701148766315,1.93780407359572,0.664167751470923,395.937194638103,404.451336326664,0.678450436308403,75.5,140.47784506451,21050.943876322,0.9,74.4,43.7761516666667,-79.4468283333333,988.1,6.54017621195087,7.26410426813851,12.2,35.1527430433443,28.6,260.6,348.9,2.6,1.6
2018-08-09 16:44:01.500,194.8,40.7985750998769,1.89608236266778,1.93694095696581,0.936035460757526,396.226741169185,404.764954570663,0.956206385783615,74.5,140.485226318812,21094.1124368078,0.9,74.7,43.77616,-79.4467866666667,988.2,6.54082725407944,7.26062455739527,12.4,35.1545953304649,28.6,264.9,334.2,2.3,2.4
2018-08-09 16:44:02.500,195.4,40.8072631441349,1.89369608577491,1.93429355048091,0.81482879274631,396.009596191175,404.499284758155,0.832298217895736,74.1,140.484005283689,20988.2025693008,0.9,75,43.7761683333333,-79.4467433333333,988.1,6.54390390815469,7.2705827764244,12.5,35.1563779038374,28.6,271.5,327,2.6,2.2
2018-08-09 16:44:03.500,196,40.8139817246193,1.89479920316319,1.93532681969806,0.879185682952278,396.143159526305,404.616320796026,0.897990451782023,71.4,140.4372310947,20941.1914209007,0.9,72.3,43.77618,-79.4467016666667,988.1,6.54356116438926,7.26228399834262,12.9,35.15865200847,28.6,264.2,331.9,2.5,2.2
2018-08-09 16:44:04.500,196,40.8110030851768,1.89518878602445,1.93597292829457,1.12115500323701,395.499409773437,404.010590568168,1.1452836531153,72.2,140.470150970567,21066.6846586925,0.9,72.3,43.7761883333333,-79.4466566666667,988.1,6.54212205571944,7.2635213774847,12.9,35.1600176021932,28.6,263.2,304.1,2.9,2
2018-08-09 16:44:05.500,195.9,40.8186361281221,1.89378587594452,1.93449995868943,0.815509607233578,395.180511280401,403.676360679055,0.833042398616848,73.3,140.48362278434,21046.2763332732,0.9,71.8,43.7761966666667,-79.4466133333333,988.1,6.54672491151378,7.25953157070979,12.9,35.1619861437951,28.6,268.7,260.9,3.5,1.9
2018-08-09 16:44:06.500,196,40.8273970871228,1.89712494181182,1.93842569593262,1.03310772058128,395.440664863951,404.049554510846,1.05560014499102,73.6,140.437617584901,21306.3832251942,0.9,72,43.7762083333333,-79.4465716666667,988.2,6.5381256470175,7.2641238559735,12.7,35.163958791794,28.6,265.6,254.4,3.9,1.7
2018-08-09 16:44:07.500,195.9,40.8291426010123,1.8929712699631,1.93408006797581,1.00404695414215,394.443484111013,403.009193394569,1.02585164512971,73.5,140.49655414682,21254.5814874835,0.9,72.9,43.7762183333333,-79.4465316666667,988.1,6.54333506456824,7.26229198863341,12.5,35.1660835790501,28.6,265.1,283.2,3.6,1.3
2018-08-09 16:44:08.500,195.8,40.8370259263046,1.89465495691626,1.93603688061243,0.87579355564612,394.335452800447,402.948179365077,0.894921353911187,74.3,140.486489433105,21374.3341632763,0.9,77,43.77623,-79.4464916666667,988.2,6.54162033571411,7.26190352097503,12.5,35.1677675521543,28.6,264.1,309.7,3.1,1.6
2018-08-09 16:44:09.500,195.7,40.8453305219502,1.89532812294584,1.9371570792133,0.975805718837889,393.540053113043,402.225213452947,0.997341509133967,73.1,140.427738636718,21592.7801539188,0.9,75.8,43.7762416666667,-79.44645,988.2,6.53644524547024,7.26372749546641,12.5,35.1701328027608,28.6,272.7,310.5,2.9,2
2018-08-09 16:44:10.500,195.6,40.8426743890157,1.89054044949208,1.93230656313876,1.06422570566007,393.411052417935,402.102372423596,1.08773686705802,71.1,140.503773420131,21614.8040209447,0.9,70.3,43.7762533333333,-79.4464066666667,988.1,6.54355637281738,7.26483285611513,12.5,35.171863021517,28.6,268.9,325.2,2.7,2.6
2018-08-09 16:44:11.500,195.2,40.84021,1.891114,1.932864,1.05195,393.5179,402.2056,1.075173,71.8,140.464,21600,0.9,72.1,43.776265,-79.4463633333333,988.2,6.552884,7.262792,12.5,35.17391,28.6,265.5,343.1,2,3.1
2018-08-09 16:44:12.500,194.9,40.8439215897332,1.89288512730237,1.93499151867728,1.00528045100519,393.086390774525,401.83030609913,1.02764200776473,72,140.411230448356,21760.2776680524,0.9,72.4,43.776275,-79.4463216666667,988.2,6.54241081920921,7.26699387400029,12.5,35.1758100976618,28.6,270.7,335.9,2,3.1
2018-08-09 16:44:13.500,194.7,40.8425921139294,1.89288937640731,1.93477793659311,0.947100706517146,393.349893273037,402.054631597099,0.968059737698566,73.7,140.504303780946,21650.4501304282,0.9,71.4,43.77628,-79.4462783333333,988.2,6.54276670335556,7.27175912631274,12.9,35.1774641219975,28.6,276,308.4,2.4,3
2018-08-09 16:44:14.500,194.6,40.84937,1.891158,1.933097,0.8696492,393.6215,402.3505,0.8889346,75.2,140.4528,21695.05,0.9,73.4,43.776285,-79.4462333333333,988,6.546867,7.263464,12.9,35.17945,28.6,274.7,282.1,3.3,2.4
2018-08-09 16:44:15.500,194.2,40.8510185738513,1.89315460964684,1.93514339104907,0.894828981845071,393.587298064315,402.316866627289,0.914675740135474,74.6,140.466090213978,21698.107102907,0.9,73.8,43.776295,-79.4461883333333,988.2,6.54370765927286,7.26446924913011,13.1,35.1812549756431,28.6,277.9,293.7,3.4,2.7
2018-08-09 16:44:16.500,193.4,40.85282,1.89313,1.935105,0.7974555,394.4698,403.2163,0.8151372,75.3,140.5033,21691.62,0.9,75.9,43.776305,-79.4461433333333,988.1,6.543434,7.264548,13.1,35.18346,28.6,273.3,306.1,3,2.8
2018-08-09 16:44:17.500,193,40.8632374442298,1.89397904062339,1.93630277894127,1.08753119954276,394.705101601623,403.525344047527,1.1118337551713,75.3,140.461961358192,21857.8868342349,0.9,79.5,43.776315,-79.4460983333333,988.2,6.54029057023442,7.26125216775502,13.5,35.1854250152628,28.6,272,331.8,2.9,2.5
2018-08-09 16:44:18.500,192.9,40.86558488556,1.89488887425514,1.93682147313023,1.10436738951024,394.187999994427,402.910978080968,1.12880565033324,71.9,140.465861463496,21650.0163986195,0.9,76,43.7763216666667,-79.44605,988.3,6.54016846316208,7.26021941632803,13.3,35.1870284540848,28.6,277.3,342.2,1.9,4
2018-08-09 16:44:19.500,192.9,40.8658010622497,1.89296555310554,1.93493049339607,0.861640242515778,393.938547262299,402.671786168887,0.880741693907676,64.4,140.469172030316,21688.224331384,0.9,65.9,43.7763383333333,-79.4460066666667,988.1,6.54572910942463,7.26903399818861,13.1,35.189480282827,28.6,277.6,326.2,2,4.5
2018-08-09 16:44:20.500,192.9,40.8631471173128,1.89356799001069,1.93537170636139,0.974539587160972,394.358924297869,403.065196573879,0.99605465990874,53.6,140.453862378979,21600.0319851872,0.9,53.7,43.77636,-79.4459716666667,988.2,6.53936520332905,7.26089997988613,12.7,35.191091957078,28.6,288.3,294.6,3.1,5.1
2018-08-09 16:44:21.500,193.2,40.8657640354819,1.89268116333536,1.93432448779933,0.906636662072603,395.089312862025,403.782105027608,0.926584742132465,38.2,140.483418329644,21528.4490317482,0.9,43.6,43.7763866666667,-79.4459483333333,988.1,6.54631208352448,7.2639391186163,12.2,35.1930659645181,28.6,295.9,302.3,4.2,7.2
2018-08-09 16:44:22.500,193.7,40.8633378113952,1.89469552977298,1.93641024896968,1.26833611752879,394.437675716891,403.121771326232,1.29625935727326,17.8,140.480520915549,21542.214281913,0.9,33.1,43.7764166666667,-79.44594,988.1,6.54391574915945,7.26739299403674,11.6,35.1951730088572,28.5,284.9,289.9,3.5,9
2018-08-09 16:44:23.500,193.9,40.854600612388,1.89297182341006,1.93468186356953,0.880531629015952,394.889998346568,403.59116357012,0.899933576719239,2.3,140.473026943883,21559.2988920575,0.9,23.2,43.7764483333333,-79.445945,988,6.5457371236183,7.26596668613297,12,35.1967484135542,28.5,278.7,293.5,6.1,13.7
2018-08-09 16:44:24.500,193.8,40.838755284828,1.89432087717541,1.93605181411739,0.97470468329804,395.728450110296,404.446280802497,0.996177840148115,350.2,140.477858537867,21554.9658432801,0.9,10.4,43.77648,-79.4459583333333,988.2,6.54161500567169,7.26386073327259,12.4,35.198677555758,28.4,272.9,301.5,6.1,14.3
2018-08-09 16:44:25.500,193.8,40.8279312561963,1.89667764295693,1.9384073296372,0.885523995104709,395.742816117191,404.449811424688,0.90500696262186,344.1,140.477822668274,21527.8902579886,0.9,2.1,43.77651,-79.445975,988.2,6.53786854838986,7.26348561440137,12.7,35.201018043575,28.3,268,301.6,6.6,15.9
2018-08-09 16:44:26.500,193.9,40.8305858198646,1.8923226029122,1.93405168305781,0.895552578415361,395.161652804983,403.875835099315,0.915301322831204,343.7,140.434645258453,21576.2522102975,0.9,358.9,43.7765416666667,-79.44599,988.1,6.54543643534049,7.26656911427946,12.9,35.2028712624026,28.2,258.1,302.2,6.3,14.2
2018-08-09 16:44:27.500,193.9,40.8282252556368,1.89305822022957,1.93481982688432,0.821841611181653,395.025429801058,403.739722037955,0.839970312935753,345,140.472258130442,21583.7884518785,0.9,358.8,43.7765733333333,-79.4460016666667,988,6.5438565442939,7.26271065361867,12.9,35.2046458130442,28.2,258.1,298.5,6.2,13.9
2018-08-09 16:44:28.500,194.1,40.8338558122548,1.89106745100094,1.93269813160534,1.03709785854319,394.668625290816,403.356909458272,1.05992774558386,345.1,140.481013707787,21539.985209601,0.9,358.7,43.776605,-79.4460133333333,988,6.54286243387325,7.26064848530702,13.1,35.2062091021349,28.2,252,304.3,5.8,12.3
2018-08-09 16:44:29.500,193.9,40.8472121455032,1.8928121819227,1.93472767141772,0.953219239760889,394.57122827705,403.308957452317,0.974329984742336,344,140.43185525249,21665.1312384104,0.9,357.2,43.7766383333333,-79.4460283333333,988,6.54562902529931,7.27068260056204,13.5,35.2087402488251,28.2,254.4,308.4,5,12.1
2018-08-09 16:44:30.500,193.9,40.850848696883,1.89340947450434,1.93519107457107,0.734588862039445,394.799115022651,403.511083411271,0.750801076207094,341.4,140.504319063482,21590.4592884883,0.9,355.9,43.77667,-79.4460433333333,988,6.53788766164104,7.2673105422408,13.7,35.2101815355782,28.2,254,303.7,5.2,12.1
2018-08-09 16:44:31.500,193.7,40.8485795125995,1.89381698318015,1.93575382209167,1.03718497297226,395.12297760776,403.872466901053,1.06015213922303,341.2,140.484128420094,21664.1690504458,0.9,355.1,43.7767033333333,-79.4460583333333,988,6.5408953486145,7.26242774748725,13.7,35.2120261734321,28.2,251.4,320.3,3.8,9.8
2018-08-09 16:44:32.500,193.7,40.844331287316,1.89591003535368,1.93781154308872,0.85686717131005,394.954671166056,403.683609729796,0.875805396797765,340.7,140.439352375339,21623.1696300154,0.9,353.3,43.7767366666667,-79.446075,988,6.54282984586565,7.26064105686379,13.8,35.2141263812056,28.2,260.9,322,3.3,11.6
2018-08-09 16:44:33.500,193.9,40.8410066874919,1.89669145274399,1.93856221588616,0.742566653317379,393.883846890066,402.579035190434,0.758961405889582,340.6,140.498313601818,21598.7993386067,0.9,352.6,43.7767666666667,-79.4460933333333,988,6.54142963122269,7.26800436213156,13.7,35.2161154602251,28.2,253.2,311.8,4,11.1
2018-08-09 16:44:34.500,193.8,40.8488444951537,1.89535170557767,1.93735222194027,1.015086145044,393.679097581718,402.402902703344,1.03758177154715,341.8,140.462479800457,21679.1653075795,0.9,353.1,43.7768,-79.4461083333333,988,6.54307156181122,7.26584886197272,13.8,35.2181483926263,28.2,249.2,311.4,4.1,11.1
2018-08-09 16:44:35.500,193.6,40.8576695226714,1.89697679400233,1.9392334914527,1.12640967958969,393.57582871932,402.342917992096,1.15150163340657,343.4,140.442783326095,21790.2739533503,0.9,354.5,43.7768333333333,-79.44612,988,6.5395379731283,7.26282578429676,14,35.2198731805014,28.2,252.9,316.1,4.2,11.8
2018-08-09 16:44:36.500,193.7,40.8586828505695,1.89357745609112,1.93572549484155,0.962483249742314,392.615440741062,401.354439312169,0.983906273689985,344.4,140.501518929514,21773.7038678243,0.9,355.5,43.7768666666667,-79.4461316666667,987.9,6.54680378256006,7.26381837994699,14,35.2219581840645,28.2,258.4,313.1,4.5,12.7
2018-08-09 16:44:37.500,193.8,40.8596275173192,1.8938423783769,1.93640219290694,0.940276912036079,392.407379812816,401.225736826742,0.961406174769579,342.5,140.472347861184,21978.4465563168,0.9,353.2,43.7769016666667,-79.4461466666667,988,6.53937591171461,7.26460939788939,14,35.2240305892082,28.2,260.8,313.4,4.5,12.4
2018-08-09 16:44:38.500,193.7,40.8569896248069,1.89448735446697,1.93727920001138,0.836924816228581,391.555847572471,400.400164331539,0.855829175727826,342,140.476429727348,22088.5744115307,0.9,351.7,43.776935,-79.44616,987.9,6.54086542995107,7.26307359737103,13.8,35.2262172677907,28.2,271.8,316.5,5.1,13.9
2018-08-09 16:44:39.500,193.6,40.8594265476899,1.89417033204895,1.93724316529567,0.842947063953604,391.254808653278,400.151788698908,0.862115394241967,345.7,140.496601224412,22233.9621074847,0.9,353.6,43.7769683333333,-79.44617,988,6.54458181083717,7.26032024769628,13.5,35.2277793940047,28.2,260.4,308.6,5.7,13.8
2018-08-09 16:44:40.500,193.7,40.8671984392018,1.89124918059645,1.93427083605093,0.835568382557511,390.717927917564,399.60592366755,0.854578981610569,348.6,140.468320437508,22241.8752104812,0.9,355.2,43.777,-79.4461766666667,987.9,6.54777117238541,7.26398310247109,13.1,35.2296760906245,28.2,261.4,308.5,4.8,12.4
2018-08-09 16:44:41.500,193.9,40.8782064820245,1.89219333252429,1.93552287360193,0.976237306597403,390.944327119265,399.896613934101,0.998590458701068,348.4,140.445535773654,22386.4260211206,0.9,357.6,43.7770266666667,-79.446185,987.9,6.55000794662336,7.26501794540979,12,35.231872176674,28.2,265.4,308.6,4.7,13.2
2018-08-09 16:44:42.500,194,40.8793278675357,1.89426139811212,1.93796164829978,0.908916460797692,391.134787325318,400.15823635667,0.929885408578589,349,140.498865024834,22549.6661389823,0.9,356.5,43.7770533333333,-79.4461933333333,987.8,6.54145590778296,7.26021337917078,11.2,35.2334624087651,28.2,260.9,298.7,6,13.5
2018-08-09 16:44:43.500,193.9,40.8846839424098,1.89292206148285,1.93666570655157,0.980193737745058,391.218752170153,400.259466136241,1.00284576597217,354,140.471633907897,22587.2146752266,0.9,359.7,43.7770833333333,-79.4461983333333,987.9,6.5447917266581,7.26487005502174,10.9,35.2355760951138,28.1,260.4,300.4,5.7,12.4
2018-08-09 16:44:44.500,193.6,40.8912303032367,1.89394061060023,1.93784401146312,1.0599748852305,391.452544104705,400.526784677902,1.08454926372175,4.8,140.43965053931,22655.7880197456,0.9,5.9,43.7771083333333,-79.4461916666667,987.9,6.54087588184944,7.26063540487155,11.4,35.2375384289682,28.1,269.8,304.3,4.7,11.1
2018-08-09 16:44:45.500,193.5,40.8956654659598,1.89168815777101,1.93568801235557,1.1977236657961,391.260163738686,400.360779465764,1.22558239876586,24.3,140.498754584563,22730.8795713069,0.9,17.1,43.7771366666667,-79.4461716666667,987.9,6.54352082742244,7.26856996458402,12.5,35.2395400605273,28.1,251.4,272.7,5,8.5
2018-08-09 16:44:46.500,193.5,40.9049840449102,1.89247301757637,1.93644406900591,0.978370250409583,391.770719626942,400.873463461362,1.0011019134587,44.8,140.473834714944,22707.2091683715,0.9,30.5,43.7771583333333,-79.4461333333333,988,6.548785307821,7.26489090462954,13.5,35.2412368849333,28.2,234.7,250.1,4.6,3.4
2018-08-09 16:44:47.500,193.7,40.9192930872668,1.89341179222053,1.9372734935031,0.967873231915162,393.069929581695,402.175456806102,0.990301339718919,60.9,140.441893001934,22640.8239642787,0.9,46.3,43.7771733333333,-79.446085,988,6.5437340619331,7.26160051895358,14,35.2434841968314,28.2,221.1,60.4,3.5,2.7
2018-08-09 16:44:48.500,193.8,40.9259929929827,1.89303308332162,1.93665717678463,0.710615665718249,393.163166246728,402.223513284358,0.7269881955305,70.5,140.496847343757,22525.6644630208,0.9,63.8,43.777185,-79.446035,987.9,6.54320663581057,7.26021352716692,14.6,35.2455126328122,28.3,214.7,69.9,3.8,3.6
2018-08-09 16:44:49.500,194,40.9344903721816,1.89703131731105,1.94067100294206,1.13966859608286,393.606355962067,402.660878500664,1.16588527807038,72.7,140.465952223894,22486.6039603777,0.9,72.8,43.777195,-79.4459833333333,988,6.54129385269383,7.26425438354084,15.1,35.2471516630686,28.3,228.1,90.8,4.3,2.5
2018-08-09 16:44:50.500,193.6,40.9417934465258,1.89723607669955,1.9408363256752,1.14524469716899,394.39159172622,403.455053175103,1.1715631383611,72.1,140.446398366809,22464.6268234664,0.9,72.1,43.7772066666667,-79.44593,988,6.54306181856615,7.25947583295719,15.7,35.2494323134983,28.4,240.8,54.5,4.1,1.7
2018-08-09 16:44:51.500,193.4,40.9389347343432,1.89363084317803,1.93699534683807,1.1031208564653,394.674988153716,403.713099023991,1.12838622798855,72.8,140.496658376375,22387.4259572042,0.9,69.9,43.7772166666667,-79.4458783333333,988,6.54530681607358,7.26014548699692,15.9,35.2509522079096,28.4,242.2,41.7,3.9,1.7
2018-08-09 16:44:52.500,193.6,40.9399378350359,1.89509932424844,1.93832174401086,0.962022743927496,394.892731038469,403.899261440956,0.983964270648063,73.9,140.4631647344,22299.0064714553,0.9,69.4,43.7772266666667,-79.4458233333333,988,6.54485525173662,7.25666373900239,16.1,35.2529740478373,28.4,240,28.7,3.2,3.2
2018-08-09 16:44:53.500,193.6,40.9417193788773,1.89608467297723,1.93930120860598,1.04967821341668,395.621160386938,404.638323047922,1.07360640163894,75,140.478633831766,22284.5305000621,0.9,69.2,43.7772383333333,-79.4457683333333,988,6.54140620343945,7.25357090147674,15.9,35.2548104493429,28.4,243.6,13.7,3,3.2
2018-08-09 16:44:54.500,193.7,40.9423613769057,1.89631021855665,1.93929931464867,0.893919592697719,395.764358062163,404.736431503391,0.914183184379964,73.9,140.497491525215,22167.6653310167,0.9,69.2,43.77725,-79.4457166666667,988.1,6.54430161185378,7.26088790206585,15.7,35.2567736749752,28.4,249.5,15.3,2.9,2.8
2018-08-09 16:44:55.500,193.6,40.9459721589043,1.89429218088343,1.93705504023181,0.970683012070347,395.538066553608,404.467180119866,0.992595835912829,72.4,140.459868556066,22076.1712389728,0.9,66.7,43.777265,-79.445665,988,6.54851645906851,7.26094563176106,15.7,35.2587711461122,28.4,243.5,36.4,3.2,2.4
2018-08-09 16:44:56.500,193.4,40.951685491511,1.89486887691651,1.9376942122108,0.98724673296639,396.357768768854,405.315792358331,1.00955778617456,72.8,140.465607379523,22101.193628796,0.9,67.5,43.777275,-79.4456133333333,988,6.54866468208,7.26016070018602,15.5,35.260956560795,28.4,252.4,110,4.2,0.6
2018-08-09 16:44:57.500,193.4,40.9502207978003,1.89523331895997,1.93776519369158,1.02219586189007,396.076429901496,404.965027431442,1.04513645074565,72.2,140.466707195457,21949.0125898382,0.9,70.7,43.7772866666667,-79.4455616666667,988,6.54546732871127,7.26452957647938,15.7,35.2625463761865,28.5,239.1,57.5,4.2,2.3
2018-08-09 16:44:58.500,193.6,40.9458916493545,1.89642642304862,1.93888947267984,1.01199106843291,396.18927254918,405.060398589438,1.03465048621247,72.1,140.463054150277,21900.7789715736,0.9,69.9,43.7772983333333,-79.4455066666667,988.1,6.5435283910262,7.26377432787361,16.1,35.2643633452673,28.5,240,47.7,3.7,2
2018-08-09 16:44:59.500,193.4,40.9490929990308,1.89552619508922,1.9379692377479,1.08255504698979,395.829163028729,404.692280189125,1.10679407527089,74.6,140.458204885307,21900.8949563845,1,71.7,43.7773066666667,-79.4454516666667,988.1,6.54824627415627,7.26056730394776,16.4,35.2663475675978,28.6,240.7,20.7,3.3,3.3
2018-08-09 16:45:00.500,193.1,40.9489136428254,1.896702727892,1.93922412640848,0.946470235134557,395.425205388847,404.290099387473,0.967686953572184,74.6,140.492187151838,21926.8638430054,0.9,73.1,43.7773166666667,-79.4453966666667,988.1,6.54780386088336,7.26567959837381,16.6,35.2681134768386,28.6,237,17.2,2.6,5.2
2018-08-09 16:45:01.500,192.7,40.9487723033953,1.89526341563911,1.93781813719205,0.81930263367715,395.987390693399,404.878634144631,0.837698041238832,73.5,140.465984976532,21960.1810442252,0.9,72.2,43.7773316666667,-79.4453416666667,988.1,6.54868517900143,7.26296464559253,16.8,35.2703094912949,28.6,236,6,1.7,5.3
2018-08-09 16:45:02.500,192.6,40.9537216716397,1.89553451204362,1.93810368857347,0.942673712884452,396.100824404822,404.996304102105,0.963847601125202,71.9,140.449083502927,21964.3219729559,0.9,71.5,43.777345,-79.4452866666667,988.1,6.54669695558067,7.26211800237169,16.8,35.2723673022583,28.5,257.8,3.6,1.4,6.4
2018-08-09 16:45:03.500,192.4,40.9536044982958,1.8936290507307,1.93631508568011,1.07177271712224,395.448595717254,404.362795942804,1.09593245444137,70.3,140.484982525473,22044.9306539863,0.9,68.7,43.7773633333333,-79.4452333333333,988.1,6.54932366065201,7.2604416166662,17,35.2742053325779,28.4,238.2,19,2.2,4.9
2018-08-09 16:45:04.500,192.6,40.9599693753893,1.89434089183576,1.93704566200402,1.05475687609664,394.985464199149,403.889872591917,1.07853735783261,70.2,140.443299300603,22046.5550166143,0.9,68.8,43.7773783333333,-79.4451766666667,988.1,6.54920985565415,7.26597790978833,17.2,35.2760888858112,28.4,233,17.4,2.8,4.1
2018-08-09 16:45:05.500,192.6,40.963652930064,1.89406478432679,1.9370204419085,1.07991470822072,394.987873035073,403.945790990626,1.1044060326338,71.7,140.453467360805,22176.1218368691,0.9,71.7,43.7773916666667,-79.44512,988.2,6.54759983417148,7.26104179052386,17.2,35.2779900886281,28.4,262.6,353.9,2.2,5.6
2018-08-09 16:45:06.500,192.8,40.96176640027,1.89445504147872,1.93745095596494,0.96282380085043,394.677679489695,403.635269283989,0.984676092892275,72.5,140.485796686523,22192.2984144015,0.9,73.9,43.777405,-79.4450633333333,988.1,6.54998684252549,7.26210059835544,17.2,35.2798475725275,28.4,254.7,351,2,6.3
2018-08-09 16:45:07.500,193,40.9665420026764,1.89503842304971,1.93808908021731,1.04115218472332,395.100080902152,404.075879004962,1.06480775052657,73.8,140.45445476659,22213.2090687228,0.9,73.7,43.7774183333333,-79.445005,988.1,6.54862437321883,7.2601115490041,16.8,35.281693096119,28.4,297.1,344.8,1.6,6.9
2018-08-09 16:45:08.500,193,40.9725821983741,1.89357693310706,1.93670817158987,1.10008022804161,395.183539559591,404.184852387192,1.12513299734437,74.4,140.474373024949,22270.3478708615,0.9,74.5,43.77743,-79.44495,988.2,6.55254770116054,7.26257977087137,16.6,35.2839546216453,28.4,248.9,350.5,1.3,6.7
2018-08-09 16:45:09.500,192.9,40.9761258203459,1.89416187974001,1.93740109396408,0.799477428380107,395.645651647299,404.677217714104,0.817727620209594,74.4,140.490415257122,22317.9566747032,0.9,76.9,43.7774416666667,-79.444895,988.2,6.55243464330695,7.26099741116314,16.2,35.2859323793085,28.4,276.7,346.4,1.9,6.4
2018-08-09 16:45:10.500,192.6,40.9818437368811,1.89492811717481,1.93817801607428,0.895066307444051,395.39809634517,404.422758254576,0.915491649981495,74.8,140.462126536976,22314.774054285,0.9,76,43.7774533333333,-79.4448416666667,988.1,6.54973656508795,7.25923943695885,16.1,35.2880264622467,28.4,275.3,348,1.6,5
2018-08-09 16:45:11.500,192.5,40.9854293371276,1.89369810775905,1.93686231197389,1.01110057518565,395.363287777339,404.375115677281,1.03414289694051,73.1,140.479068802611,22285.6407816744,0.9,75.8,43.77747,-79.4447883333333,988.3,6.55050821959762,7.26027609424688,15.9,35.2897212441543,28.4,257.9,7.2,2.7,3.1
2018-08-09 16:45:12.500,192.3,40.9862210746522,1.89343141042439,1.93667151848284,0.84899913855959,396.63606473493,405.694163693894,0.868389368401963,72.3,140.464208624902,22327.3847638849,0.9,74.6,43.7774833333333,-79.4447366666667,988.3,6.55157281840567,7.25994286189695,16.1,35.2915683830781,28.4,252.9,352.8,2.6,3.5
2018-08-09 16:45:13.500,191.9,40.9868908635568,1.89431534078936,1.93743386763369,0.844204353870983,397.691429798491,406.743782482924,0.863421375833133,73,140.461447921622,22255.5864407365,0.9,73.5,43.777495,-79.4446816666667,988.2,6.55159454737584,7.26130184121752,15.9,35.2934502386163,28.4,255,354.1,2.8,3.2
2018-08-09 16:45:14.500,191.9,40.9880055833011,1.89660863813786,1.93980403721828,0.89879932432297,397.764051742516,406.823089237683,0.919271191319381,75.1,140.478439257014,22267.8439056799,0.9,74.5,43.7775033333333,-79.44463,988.3,6.54645153467783,7.26484489306027,15.5,35.2954086802027,28.4,254.7,7.2,2.8,2.9
2018-08-09 16:45:15.500,191.8,40.9878729635296,1.894091018311,1.93711750160569,0.826687101152052,397.750136519816,406.785635907858,0.845466045612996,78.5,140.48357294082,22211.9162947108,0.9,78.6,43.77751,-79.4445783333333,988.2,6.55047907614377,7.25949395340984,15.3,35.2975067635599,28.4,227,50.8,3.2,4.5
2018-08-09 16:45:16.500,192,40.9894862671669,1.89628957371018,1.93931175452768,0.880145890111784,397.759222073131,406.783430830808,0.900114098581095,81.4,140.468317648944,22184.2138525203,0.9,83.1,43.7775116666667,-79.4445266666667,988.2,6.54475305909938,7.25648579497891,15,35.299379037671,28.4,223.5,60.4,3.8,4.8
2018-08-09 16:45:17.500,191.7,40.9935932189818,1.89497263991392,1.93791096608212,0.880966700389182,398.614779682507,407.646883127586,0.900929044292809,87.4,140.473109447321,22156.7313625287,0.9,86.5,43.77751,-79.4444766666667,988.1,6.54946021354913,7.26239285093709,14.2,35.3015084123436,28.4,226.2,37.2,2.8,5.6
2018-08-09 16:45:18.500,191.4,40.996399136086,1.89629536091588,1.93913941241992,0.878167118405064,402.848744198014,411.950485274605,0.898005786755629,94.6,140.474796108128,22094.5396692214,0.9,99.5,43.7775016666667,-79.4444283333333,988.2,6.55017717611559,7.26391485944328,13.3,35.3032891686478,28.4,224,54.8,3,5.7
2018-08-09 16:45:19.500,191.3,41.0022326644422,1.89640291047288,1.93915511030604,0.988379828609724,407.393583387922,416.577889965609,1.01066242999959,99.6,140.443232851894,22047.0731133879,0.9,106.8,43.7774916666667,-79.4443866666667,988.2,6.55625773686489,7.25799933579222,12.5,35.3054008929273,28.4,230.5,64.2,3.3,5.5
2018-08-09 16:45:20.500,191.1,41.0042688703895,1.89634515453471,1.93903326749576,0.987032255891826,407.836064176903,417.016917166044,1.0092569538487,98.2,140.464831439032,22015.2502566614,0.9,103.9,43.7774883333333,-79.4443466666667,988.2,6.551025850731,7.25944763082684,12,35.3072269119631,28.4,233.8,56.7,3.4,4.5
2018-08-09 16:45:21.500,191.2,41.0101755288227,1.89511512198782,1.93751117810477,0.845598959663564,406.463379658255,415.556534649355,0.864517655839827,92.9,140.478852624059,21881.8504174949,0.9,97.8,43.7774866666667,-79.4443133333333,988.2,6.55455742096494,7.26265589528909,11.2,35.3091066892755,28.4,240.5,70.2,2.4,4.5
2018-08-09 16:45:22.500,191.5,41.0155201986974,1.89634591482913,1.93864423292996,0.823066295999263,405.811814579241,414.863397882881,0.841421689793064,86.7,140.463284237257,21818.2428533172,0.9,87.6,43.77749,-79.4442783333333,988.3,6.5522137920475,7.25627187011498,10.7,35.3111630485435,28.4,252.6,144.6,4.1,3.3
2018-08-09 16:45:23.500,191.1,41.0106879127137,1.89615506537374,1.93830181823524,0.975244047670439,404.937773569949,413.938433802786,0.99691921420418,81.6,140.499507032015,21743.8709758485,0.9,81.2,43.7774966666667,-79.4442416666667,988.2,6.54983418942574,7.25868981348473,10.1,35.3128211076596,28.4,257.6,161.8,4.5,3.2
2018-08-09 16:45:24.500,190.5,41.0062329375976,1.89672415475119,1.9388368703047,0.972405748880376,404.211992169676,413.186715879304,0.993992052889796,79.8,140.478826233918,21720.7381423809,0.9,80.6,43.7775016666667,-79.4442116666667,988.3,6.55047167369058,7.25835927268802,9.4,35.3148312028853,28.5,252.8,159.2,5.2,5.3
2018-08-09 16:45:25.500,190.3,41.0047382886596,1.89735995967259,1.93946622569969,0.921812593830277,403.147312183813,412.094056197191,0.942253666037873,78.3,140.461866746612,21710.4518464615,0.9,82.5,43.777505,-79.4441833333333,988.2,6.5483770591203,7.25996185466247,8.5,35.3166954874142,28.5,243.6,146.5,5.3,5.6
2018-08-09 16:45:26.500,190.5,41.0070223130823,1.89543661036578,1.93724992011888,1.12342496963003,402.308160657997,411.183123795792,1.14820777442685,77.4,140.487632162485,21584.0022987198,0.9,78.9,43.777505,-79.4441583333333,988.2,6.547799055789,7.26102614915243,7.2,35.3187678392582,28.5,248.5,170.1,5.2,6
2018-08-09 16:45:27.500,190.2,41.0137357882594,1.89569853740658,1.93745325210022,1.04253930748791,401.436740992504,410.278714390062,1.06550078008291,75.8,140.461661364013,21551.1030868387,0.9,76.7,43.7775083333333,-79.4441366666667,988.2,6.55045375646626,7.26418911497772,6.4,35.3206197179098,28.5,262.4,185.7,4.7,5.1
2018-08-09 16:45:28.500,190.3,41.0165634747152,1.89618522894799,1.9378266103093,1.04326545268604,401.035744968523,409.842642427835,1.06617594429035,76.6,140.46468982748,21488.5668656481,0.9,76.6,43.7775133333333,-79.4441216666667,988.3,6.54892171162974,7.26173176298084,5.7,35.3224279659846,28.6,259.5,185.1,4.2,5
2018-08-09 16:45:29.500,190.5,41.0155087351478,1.89412823772507,1.93564796616073,1.01748533086052,400.057524895959,408.826819470541,1.03978809526497,77.2,140.490361048362,21449.8389908416,0.9,80.9,43.777515,-79.4441033333333,988.2,6.55229029443238,7.2585386705244,5.7,35.3244974946762,28.6,256.2,175.7,3.9,4.5
2018-08-09 16:45:30.500,190.6,41.0194055323159,1.89433785653855,1.9357381238294,1.04941525747327,399.510673625761,408.241880043763,1.07234972349558,74.4,140.473834642103,21387.3406191522,0.9,77.6,43.7775183333333,-79.444085,988.3,6.55336271405926,7.25881514882196,4.8,35.3265131214133,28.6,258.6,194.4,3.7,4.7
2018-08-09 16:45:31.500,190.8,41.0227944771618,1.89586311342743,1.93721522466045,1.06612686379233,399.392585173768,408.104036943307,1.0893806184639,74.2,140.474746083426,21346.1027565857,0.9,76.4,43.77752,-79.44408,988.2,6.55198975657113,7.26075657573589,2.4,35.328232411523,28.6,267.9,199.8,4.4,6.2
2018-08-09 16:45:32.500,191.5,41.0162108437735,1.89502312261444,1.9362545782862,1.00370445109457,398.60241563313,407.275155161037,1.02554715930144,71.7,140.483660451393,21294.411373857,0.9,77.2,43.7775183333333,-79.4440766666667,988.2,6.55135067874504,7.2656150980769,1.4,35.3300565168925,28.6,276.5,201.9,3.9,6.7
2018-08-09 16:45:33.500,192.2,41.0100876197406,1.89691493747401,1.93813650786307,0.901446027244992,398.481598230644,407.141069469915,0.921036304823524,70.1,140.461595440161,21268.8805902666,0.9,73.6,43.7775183333333,-79.4440816666667,988.3,6.55083268387512,7.26792084901061,0.5,35.3322718974671,28.7,270.4,197.8,4.3,8.5
2018-08-09 16:45:34.500,193.5,41.0070128658744,1.89737200394547,1.93863903442646,0.917333288224722,398.518347297412,407.186080072744,0.937285586235982,68.7,140.442348360208,21286.752293314,0.9,72.7,43.77752,-79.4440833333333,988.2,6.54989230415998,7.26344735817737,0.3,35.3340353791594,28.7,265.1,190.5,4.7,8.7
2018-08-09 16:45:35.500,194.4,41.0044329177296,1.89388510045414,1.93501459101485,0.890534462941784,398.08194291773,406.727023543759,0.909873038165149,65.4,140.474844432141,21255.1759446701,0.9,71.6,43.77752,-79.4440866666667,988.2,6.55286363674755,7.26439424652883,0.1,35.3356166542184,28.7,245.3,168.4,4.1,8.5
2018-08-09 16:45:36.500,195,41.0122049645932,1.89459695284896,1.93583797982436,0.934843458627427,397.854203433835,406.514470068661,0.955190404518717,64.7,140.465039485229,21303.6965999852,0.9,71.1,43.7775216666667,-79.44409,988.2,6.55293388737752,7.25965607761051,0,35.3377354377876,28.7,243.9,177.6,4.7,8.6
2018-08-09 16:45:37.500,195.1,41.017596193383,1.8951285025638,1.93637055005495,1.08009060735828,397.427247257662,406.076046033757,1.10359671116123,66.8,140.459046915822,21298.5189549503,0.9,71,43.7775233333333,-79.44409,988.2,6.55422963562141,7.25786277942255,0,35.3399054736906,28.7,244.2,169.3,4.3,8.3
2018-08-09 16:45:38.500,195,41.0150628188843,1.89470100162112,1.93604715133688,1.12056407505618,397.263980858052,405.932964594062,1.14501580678026,65.6,140.498845114585,21355.7584422201,0.9,70.6,43.7775233333333,-79.4440883333333,988.3,6.55330843697805,7.25622792576395,0,35.3417245776337,28.7,247,175.5,4.7,9.5
2018-08-09 16:45:39.500,194.7,41.015302240659,1.89401403830021,1.93525675867382,1.0701172990601,396.903714893156,405.546278193857,1.09342105880194,75.4,140.468104435046,21310.9494541597,0.9,70.6,43.7775216666667,-79.4440866666667,988.3,6.55274447544531,7.25772427646811,0,35.3437327464416,28.7,242.3,171.8,5.7,10.7
2018-08-09 16:45:40.400,194.6,41.0183223438011,1.89180254677785,1.93286426483612,1.08076529057539,396.328383623005,404.930639606538,1.10422505834863,62.4,140.462732016677,21243.7305989593,0.9,70.4,43.7775216666667,-79.4440866666667,988.3,6.55336518966067,7.25971966922201,0,35.3457432483506,28.7,247.8,181.1,5.1,9.8
2018-08-09 16:45:41.500,194.6,41.0181477746538,1.89290723364998,1.93409834632308,1.08408059831102,396.159878574295,404.780630123288,1.10767083513937,49.4,140.488194368965,21297.209774811,0.9,70.4,43.7775216666667,-79.4440866666667,988.2,6.5517512280268,7.26321521943484,0,35.3475478590014,28.7,247.9,177.2,4.8,9.8
2018-08-09 16:45:42.500,194.5,41.0188605089691,1.89381782615325,1.93498339307025,1.02940781682754,396.161298620113,404.772668480593,1.0517834449133,94.7,140.454096611975,21274.5492733167,0.9,70.3,43.7775216666667,-79.444085,988.3,6.55319817599297,7.26349872129164,0,35.3496434600653,28.7,248.4,174.3,5.1,10.5
2018-08-09 16:45:43.500,194,41.016442101852,1.89295878117131,1.93409611476275,1.00571498622989,396.161244462608,404.770621845015,1.02756960566941,160.8,140.466065751272,21269.7063134712,0.9,70.3,43.7775216666667,-79.4440833333333,988.3,6.55406938401271,7.25992672352897,0,35.3516615074189,28.7,233.5,161.3,4.9,9.8
2018-08-09 16:45:44.500,193.6,41.0100496964963,1.89289835498234,1.93411202569573,0.84611793213048,396.326227753041,404.955333681572,0.864539378199971,263.3,140.488125179109,21308.8017461672,0.9,70.3,43.7775216666667,-79.4440816666667,988.3,6.55450462607792,7.25729442398529,0,35.3534520642611,28.6,232.8,167.6,6,12
2018-08-09 16:45:45.500,193.3,41.0071177404657,1.89333519347632,1.9344983880564,0.849268659277714,396.385095380976,405.00290402741,0.867726547187568,242.5,140.472710811575,21278.5630309314,0.9,70.2,43.7775216666667,-79.44408,988.3,6.55180685470951,7.25683917541878,0,35.3552377515033,28.6,246.1,181,6.7,13.2
2018-08-09 16:45:46.500,193.3,41.0098825055166,1.89184899963385,1.93282263856787,1.03837139664365,396.548461169282,405.136898895706,1.06085941276673,7.2,140.487952333956,21198.9664747935,0.9,70,43.7775233333333,-79.4440766666667,988.2,6.55450621498092,7.26032555698488,0,35.3570695376221,28.6,254,184.2,6.2,11.4
2018-08-09 16:45:47.500,193.2,41.0186344198211,1.89131794072226,1.93214377983565,1.10172842895867,396.340020208491,404.895421407956,1.1255095011015,234.9,140.48750914384,21129.9069517342,0.9,69.9,43.777525,-79.444075,988.3,6.55688784980032,7.25975152038051,0,35.3588264954374,28.6,255.6,186.1,5.2,9.4
2018-08-09 16:45:48.500,192.9,41.0275636543386,1.89128085288136,1.93204703130352,1.11426660635003,396.192631856562,404.732554849672,1.13828426411967,225.9,140.45791928055,21100.105891099,0.9,69.9,43.777525,-79.444075,988.2,6.55058993410773,7.2570587410716,0,35.3608277911968,28.6,252.7,183.3,4.8,9.8
2018-08-09 16:45:49.500,192.7,41.0331864575719,1.89092398752037,1.93158547844902,1.09097498955541,396.41057727755,404.934765421293,1.11443546931335,253.4,140.452275732835,21050.7291315499,0.9,69.9,43.777525,-79.444075,988.1,6.54955534721255,7.25626119658274,0,35.3626808647591,28.6,250.9,179.2,5.4,10.1
2018-08-09 16:45:50.500,192.6,41.0351644081816,1.89068180734161,1.93113490115824,1.10098750753769,396.436975824753,404.919160148289,1.1245435673249,113.6,140.468649855889,20947.760541085,1,69.9,43.777525,-79.444075,988.1,6.55066523543089,7.25416506173726,0,35.3645035797323,28.6,252.6,183.5,5.4,10.7
2018-08-09 16:45:51.500,192.5,41.0357996262001,1.88896465971037,1.92932474355729,1.09108730137297,396.274273573145,404.741228204074,1.11440021302578,121.8,140.456702568444,20919.4074355729,1,69.9,43.7775266666667,-79.4440766666667,988.2,6.55319394120697,7.25682283924222,0,35.3664501461944,28.6,254.7,180.9,5.2,9.2
2018-08-09 16:45:52.500,192.3,41.0334787521595,1.88727208478405,1.92741661315615,1.05907481554817,396.364731893688,404.79587366113,1.0816011986711,216.3,140.467883255814,20828.1447933555,1,70,43.7775266666667,-79.4440783333333,988.2,6.55525803428571,7.25909992784053,0,35.3685471136213,28.6,254.6,184.1,4.4,8.3
2018-08-09 16:45:53.500,192.3,41.0311148540103,1.88738735856888,1.92717542027758,0.929790507281456,396.482596939,404.840942464272,0.949404725726281,223.4,140.485236611792,20645.9968182369,0.9,69.9,43.7775266666667,-79.4440783333333,988.2,6.55699485352164,7.25847530690061,0,35.3703336434608,28.6,246.5,167.3,4.3,8.1
2018-08-09 16:45:54.500,192.2,41.033775963755,1.88991429809095,1.92955598129672,0.906668542401949,396.875290066631,405.19985259207,0.925684121283025,241.6,140.451749675372,20544.4276073393,0.9,69.9,43.777525,-79.44408,988.2,6.55401775627649,7.25846465723551,0,35.3721826717694,28.6,234.5,166.2,4.1,9.4
2018-08-09 16:45:55.500,192.1,41.0341971750867,1.89011304349684,1.92961868980554,1.06064511781131,396.729638217627,405.021837010806,1.08281338183388,224.9,140.467064452533,20473.398914351,0.9,69.9,43.777525,-79.4440816666667,988.2,6.54970710781995,7.25873438491226,0,35.3743269673132,28.6,230.6,161.3,5.5,10.5
2018-08-09 16:45:56.500,192.1,41.0325374468092,1.89046707154069,1.92988468727679,1.04285285609186,396.568866157112,404.837646579779,1.0645969926054,228.6,140.475598586344,20424.8539068877,0.9,69.9,43.7775233333333,-79.4440833333333,988.1,6.5471877493931,7.25934314165468,0,35.3762142953012,28.6,232.8,165.3,5.3,10.1
2018-08-09 16:45:57.500,192.1,41.032054172382,1.88932885563376,1.92860890629099,0.95062325220538,396.906957433184,405.158690967647,0.970390798757317,204.8,140.440125601203,20366.7679639166,0.9,69.9,43.7775216666667,-79.444085,988.2,6.55024682116685,7.25867900925447,0,35.3783377712567,28.6,234.5,164,5.2,10.1
2018-08-09 16:45:58.500,192.1,41.0287879675717,1.88697641041876,1.92604007153145,0.996710320345739,396.798281196582,405.012590763261,1.01734138728761,303.2,140.46707882023,20281.663997769,0.9,69.8,43.77752,-79.4440833333333,988.1,6.55265936505468,7.25578130645897,0,35.3800488608702,28.6,229.3,160.3,5,9.4
2018-08-09 16:45:59.500,192.1,41.0264165543435,1.88707672247355,1.92600428482518,1.05161877179941,396.476058952202,404.654748558262,1.07331461007587,311.6,140.476811799936,20211.584142706,0.9,69.9,43.7775183333333,-79.4440833333333,988.1,6.54988876708449,7.25920778144729,0,35.3817844850506,28.6,234.2,161.3,4.3,9
2018-08-09 16:46:00.500,192.2,41.0280856960219,1.88827794623595,1.92708171287314,0.997479325596898,396.648251121476,404.799295585263,1.01797763727861,268.4,140.467278552878,20136.1432314108,0.9,70,43.7775183333333,-79.4440833333333,988.1,6.54813513194163,7.26186510313384,0,35.3837166056446,28.6,221,152.2,4.7,8.7
2018-08-09 16:46:01.500,192.1,41.0287979601948,1.88730057989028,1.92597232339605,1.03918528828454,396.766669377932,404.896608681642,1.06047667765901,268.6,140.493698673161,20079.0819130801,0.9,70.7,43.7775183333333,-79.4440833333333,988.1,6.54946979600747,7.25831490546571,0,35.3855647263544,28.6,221,150.3,4.4,8.5
2018-08-09 16:46:02.500,191.8,41.0322157842181,1.88604916449738,1.92464591017784,1.03523171619486,396.63702846937,404.753930473311,1.05641654513462,238.4,140.479106082863,20053.9506631106,0.9,70.2,43.7775183333333,-79.4440833333333,988.1,6.55340892520434,7.25867275605537,0,35.3875549550287,28.6,220.2,152.5,3.8,7.8
2018-08-09 16:46:03.500,191.5,41.0410896387767,1.88616492170289,1.92480186748733,1.08813305414058,396.716847591203,404.843432380586,1.11042417981602,221.6,140.465052108739,20073.3868378533,1,70.3,43.7775183333333,-79.4440833333333,988.2,6.55493970477657,7.25780791262423,0,35.3893979367827,28.6,224.1,156,4.6,8.7
2018-08-09 16:46:04.500,191.3,41.0504773798167,1.88730743814571,1.92592290329938,1.04946945227554,396.26277684771,404.370681196576,1.07094632992181,200.2,140.470138168544,20050.5511964549,1,70.3,43.77752,-79.4440833333333,988,6.55359311101938,7.26023018208081,0,35.3913511939552,28.6,229.6,159.6,4.6,8.7
2018-08-09 16:46:05.500,191.3,41.0537022373991,1.88756583038552,1.92612749064521,1.0266635355982,396.072106776356,404.163606708877,1.04763801388636,223.7,140.463568015541,20020.2885246904,1,70.3,43.77752,-79.4440833333333,988.1,6.55332547563644,7.26135388434753,0,35.3931950379305,28.6,231.4,159.8,4.6,8.1
2018-08-09 16:46:06.500,191.4,41.0527937745282,1.88731665280971,1.92588402194835,1.15019514184843,396.403937212745,404.504540405281,1.17369977370427,228.5,140.462395976047,20025.8757931347,1,70.5,43.77752,-79.4440833333333,988,6.55579933653957,7.25708537280653,0,35.3950646824039,28.6,236.7,176.8,3.8,7.6
2018-08-09 16:46:07.500,191.5,41.0477629504716,1.8857984656027,1.92436349779108,0.988960710554093,396.146473054369,404.247917904033,1.00918330041662,127.1,140.478826180793,20040.6571892583,0.9,70.4,43.77752,-79.4440833333333,988.1,6.55638341087855,7.26007616759791,0,35.3970683047583,28.6,243.5,169.4,3.9,6.8
2018-08-09 16:46:08.500,191.8,41.0463124170161,1.88516910397614,1.92382031608817,1.11269203694454,395.919566868757,404.037053151786,1.13551571595892,123.4,140.481824225737,20090.9154366015,0.9,70.5,43.7775183333333,-79.4440816666667,988.1,6.5563484659728,7.26294929619902,0,35.3989589103892,28.6,246.9,184.6,3.1,6.7
2018-08-09 16:46:09.500,192.2,41.0477496356065,1.88918893622363,1.92798294224526,1.17605636753994,396.186616544003,404.322154535195,1.20020681740464,219.8,140.46267265501,20121.4273272651,0.9,71.4,43.7775183333333,-79.44408,988.1,6.5485310867944,7.25628296804944,0,35.4009291175766,28.6,250.5,172.7,2.8,5.3
2018-08-09 16:46:10.500,192.5,41.0481620334745,1.88905233589526,1.92779851037826,1.01183495238829,395.885679078447,404.005695582496,1.03258887480789,233.9,140.474917126136,20098.6861209802,0.9,71,43.7775166666667,-79.4440783333333,988.2,6.55013105326476,7.25680872729513,0,35.4030036624018,28.6,244.9,166.6,3.1,6.7
2018-08-09 16:46:11.500,192.8,41.0519123594809,1.88907987199537,1.92793908211566,1.13609117336424,395.970268454049,404.115655236681,1.15946901526718,324.5,140.461893031128,20156.0135024906,0.9,71,43.7775166666667,-79.4440766666667,988,6.55188129312965,7.25219178297875,0,35.404777981376,28.7,225.9,157.3,3.7,7.6
2018-08-09 16:46:12.500,193,41.0558723384,1.89029715233002,1.9292444982223,1.03346903006595,395.989865317695,404.148856386438,1.05476609982162,35.5,140.454680025771,20188.0052325264,0.9,70.7,43.7775166666667,-79.444075,988.1,6.54822499479827,7.25004738058674,0,35.4065044105085,28.7,240,172.5,4.8,9.3
2018-08-09 16:46:13.500,193.1,41.0576767407548,1.88834901009777,1.92735131757731,0.981435788842338,395.435892773949,403.603312865265,1.00171210127563,242.1,140.482427114277,20236.3034543417,0.9,70.9,43.7775166666667,-79.444075,988.2,6.54970730282281,7.25701150064789,0,35.408564997234,28.7,244.4,172.3,5,10
2018-08-09 16:46:14.500,193.1,41.0605193349683,1.88825940038741,1.92730875874384,1.25954423396483,395.687948139251,403.870781245101,1.28558835940015,247.2,140.464795556978,20261.1650632692,0.9,70.5,43.7775166666667,-79.4440733333333,988.1,6.55098495571194,7.25835166009103,0.1,35.4105006998649,28.7,246.9,170.9,5.2,10.5
2018-08-09 16:46:15.500,193,41.0620430775287,1.88868840006423,1.92782921701612,1.25534544786355,395.64643107571,403.845728378677,1.28135434219914,259.5,140.476837151929,20303.1259142039,0.9,72.5,43.7775166666667,-79.444075,988.2,6.54832790133327,7.25663214625203,0.1,35.4124249960635,28.7,253.8,182.4,5.2,9.8
2018-08-09 16:46:16.500,192.8,41.064718510605,1.88775158801618,1.92697871180718,1.06035206295352,395.543738102362,403.763052028761,1.08238508231771,272.1,140.480886847428,20356.7673886444,0.9,75.2,43.7775183333333,-79.444075,988.1,6.54950882587997,7.25419883174507,0.1,35.4143112765836,28.7,248.5,168.8,5.5,11
2018-08-09 16:46:17.500,192.6,41.0728754285124,1.88709591527419,1.92632303674394,1.07692705353469,395.286250195645,403.503126326794,1.09931329366379,325,140.454002374677,20363.7738165745,0.9,78.8,43.7775183333333,-79.444075,988.1,6.55427420389791,7.25410324416035,0,35.4163726693045,28.7,242,158.3,5.8,10.6
2018-08-09 16:46:18.500,192.4,41.079241568604,1.88561361350854,1.92492029551712,1.07351600561278,395.087893042284,403.323780607083,1.09589156107106,84.8,140.475003151317,20419.9971008253,0.9,78,43.77752,-79.444075,988.2,6.55681956839612,7.25695856760875,0.3,35.4182245984165,28.7,230.7,152.6,4.9,8.5
2018-08-09 16:46:19.500,192.3,41.0811501225918,1.88755922047516,1.92692284143413,1.04434744918359,395.262448038013,403.505401829374,1.0661258694514,80.3,140.483055798272,20428.2839939525,0.9,73.9,43.77752,-79.4440766666667,988.2,6.55243144526134,7.25662528610367,0,35.4200635729158,28.7,226.6,164.9,3.8,7.1
2018-08-09 16:46:20.500,192.3,41.0793988436848,1.88921290885234,1.92870222200294,1.02066542868512,395.089798165324,403.348190555593,1.04199802485095,65.4,140.459187857824,20474.5798887523,0.9,73.2,43.77752,-79.4440783333333,988.2,6.54882106319395,7.25373169595759,0,35.4219191546669,28.7,234.1,161.2,3.4,7.1
2018-08-09 16:46:21.500,192.4,41.0770383251094,1.88869769969397,1.92834782936292,1.00967622085935,394.73812976704,403.025072675221,1.03087318645082,82.8,140.475127329166,20561.8554151735,0.9,73.9,43.7775216666667,-79.4440783333333,988.2,6.54904686131164,7.25585640151118,0.1,35.4237680098687,28.7,236.5,157.7,3.8,7.1
2018-08-09 16:46:22.500,192.5,41.0744079598043,1.88937030408337,1.92904143522362,0.988512584514159,394.617163970803,402.902941169867,1.00926872959528,113.4,140.484476856353,20565.0877863218,0.9,71.4,43.7775216666667,-79.4440783333333,988.2,6.54826186018563,7.25464403338091,0,35.4257534658352,28.7,232,162,4.2,9
2018-08-09 16:46:23.500,192.6,41.0744938481461,1.89108367566224,1.93091346957044,0.919007111064457,394.833938431446,403.149954685128,0.938360655275683,85.5,140.476116562684,20627.4312934135,0.9,71.2,43.7775216666667,-79.4440783333333,988.1,6.54292145426687,7.25146321350786,0,35.4275823537376,28.7,242.6,176.5,4.4,8.6
2018-08-09 16:46:24.500,192.8,41.0717887035985,1.88997812409236,1.92985992707241,0.925607155102661,394.499384836797,402.824176720344,0.945139146047984,160.9,140.481247275924,20665.9229420024,0.9,71,43.7775233333333,-79.4440766666667,988.2,6.54398254434225,7.25576586543967,0,35.4294121681059,28.7,258.8,194.5,4.1,6.9
2018-08-09 16:46:25.500,193,41.0695591867924,1.88847178926473,1.92831493083272,1.06126302576434,394.61190140865,402.937480924592,1.08365383992282,104.5,140.483504819779,20662.1467769032,1,70.3,43.7775233333333,-79.444075,988.1,6.54737138527018,7.25559348270608,0,35.4314031020822,28.7,262.8,186.4,2.8,4.9
2018-08-09 16:46:26.400,193.2,41.0725281123705,1.88795642339712,1.92787750639366,1.08737607175529,394.626452352414,402.970832851839,1.1103680991998,266.5,140.448223119616,20707.2322097148,1,70.7,43.777525,-79.444075,988.2,6.55075550331694,7.25499093356029,0,35.4336699813014,28.7,235.4,161.6,3.8,7.4
2018-08-09 16:46:27.500,193.3,41.0678313761926,1.88753914269957,1.92740616062385,1.14849025459264,394.209522036266,402.535655883995,1.17274492428732,254.2,140.452354252244,20684.1596273559,0.9,70.7,43.777525,-79.4440733333333,988.3,6.5526531298556,7.25519580491699,0,35.4355464170524,28.7,236.3,176.1,4.4,9
2018-08-09 16:46:28.400,193.5,41.0651778764553,1.88727866215067,1.92716385142664,1.06747882618234,394.399023112234,402.734169854265,1.09003512302841,272.7,140.479477271928,20696.3633284957,1,70.7,43.7775266666667,-79.4440733333333,988.3,6.55201128566609,7.25354232504909,0,35.437317801824,28.7,253.8,175.3,5,10.5
2018-08-09 16:46:29.500,193.5,41.0719199367028,1.88675429186512,1.92670414339381,1.09613347759245,394.649555966356,403.005828131558,1.11934384763576,331,140.450490913665,20734.9575097349,0.9,70.8,43.7775266666667,-79.4440733333333,988.2,6.54985328592992,7.25127136270433,0,35.4392331103157,28.8,237.1,163,6.8,13
2018-08-09 16:46:30.500,193.6,41.0730261499059,1.88655107380451,1.92653398770512,1.07981854725785,394.425041311495,402.784181163816,1.10270312525809,31.1,140.478310581348,20753.5635185201,0.9,71.4,43.7775283333333,-79.4440733333333,988.2,6.54840022628919,7.25237849336645,0,35.4409125707925,28.8,227.9,150.1,6.2,12.3
2018-08-09 16:46:31.500,193.6,41.0741682651767,1.8892773580615,1.92922449656321,1.06185322811167,394.197756228167,402.532703332956,1.08430424110937,50.5,140.483110423148,20706.3056395226,0.9,71.8,43.7775283333333,-79.444075,988.1,6.54664718282273,7.25377565681755,0,35.4426124544983,28.8,226.5,159.6,5.2,9.8
2018-08-09 16:46:32.500,193.6,41.0780472683812,1.88850367762562,1.92860025622064,0.911706258974839,394.114378019034,402.482198881856,0.93105312324152,71,140.445923897659,20790.5609014554,0.9,72,43.7775283333333,-79.444075,988.2,6.54799081790092,7.25297485047498,0,35.4444956996857,28.8,231.3,164.9,5.3,11
2018-08-09 16:46:33.500,193.6,41.0789537499258,1.88725269999802,1.92750643126027,0.900689721939055,394.013568733796,402.417684986047,0.919902343502728,30.6,140.478484383721,20884.000443795,0.9,71.8,43.7775283333333,-79.444075,988.1,6.54988021888916,7.25346568769421,0,35.446597750282,28.8,240,166.1,5.6,10.8
2018-08-09 16:46:34.500,193.5,41.0849717935612,1.88760707354913,1.9279536077428,0.904435189083366,394.63675316267,403.071918324011,0.923766332178524,66,140.479099483821,20927.0054581157,0.9,71.8,43.77753,-79.444075,988.3,6.5468838967672,7.25041650708934,0,35.4484766451635,28.8,238.1,167.4,5.7,11.7
2018-08-09 16:46:35.500,193.5,41.0903903614191,1.88810992456377,1.92845161703313,1.0306438929113,394.08028359609,402.500173752413,1.05266292888956,106.5,140.448554777195,20918.845652463,0.9,71.7,43.77753,-79.4440766666667,988.2,6.54879122540029,7.25573207295795,0,35.4503643816565,28.7,240,168.3,5.8,10.8
2018-08-09 16:46:36.500,193.4,41.0872681102981,1.88847173982246,1.92889413199035,1.09817364713428,393.632527954641,402.058039907024,1.12167973616091,94.3,140.481351859408,20955.9934420237,0.9,71.7,43.7775316666667,-79.4440766666667,988.3,6.5478284713346,7.25975069798553,0,35.4520570509929,28.7,241.1,172.3,5.5,11.1
2018-08-09 16:46:37.500,193.4,41.0844543862382,1.88731416792768,1.92783361607616,1.05653555358599,393.544433046997,401.993457443918,1.07921757940045,22.2,140.479121539522,21017.7641648134,0.9,71.5,43.7775333333333,-79.4440766666667,988.3,6.54890834996448,7.25464401631191,0,35.4537897603258,28.7,241.9,165.1,5.5,11
2018-08-09 16:46:38.500,193.3,41.0853590942235,1.88785224461292,1.92838818480115,1.07594700583753,393.644909564067,402.097312326939,1.09904961417822,88.2,140.453925776718,21020.6920655534,0.9,71.2,43.7775333333333,-79.4440766666667,988.3,6.55220889424529,7.25273387379933,0,35.4560365479233,28.7,231.9,170.2,6.4,14.3
2018-08-09 16:46:39.500,193.4,41.0837963876106,1.88848253012345,1.92897538059523,0.856174907521348,393.730259811285,402.172645342371,0.874535551795911,55.9,140.482580788795,20992.0438373929,0.9,71.2,43.777535,-79.4440783333333,988.4,6.54822007790638,7.25817744737799,0,35.4577775925484,28.7,248.9,177.1,7.1,13.7
2018-08-09 16:46:40.500,193.4,41.0826485935782,1.88720808289475,1.92761679977908,0.941966499662796,394.446978196185,402.892904224759,0.962134060867598,248,140.478863923802,20963.2899877751,0.9,71.2,43.777535,-79.44408,988.3,6.55224642840235,7.25124515833667,0,35.4596831143951,28.7,254.1,184.6,6.2,10.9
2018-08-09 16:46:41.500,193.4,41.0853444423085,1.88672125818149,1.92700785426338,0.949384449019787,394.745613112888,403.174579379428,0.969658022565756,189.9,140.448674940527,20906.359206154,0.9,71,43.7775366666667,-79.44408,988.2,6.55126097236615,7.25097916227322,0,35.4617068429411,28.7,253.3,181.5,5,9.8
2018-08-09 16:46:42.500,193.3,41.0861154388623,1.88699913489601,1.92725046982062,0.881910492215907,394.760845549917,403.181408654327,0.900722252064429,9.5,140.457793609661,20885.205677553,0.9,71.1,43.7775366666667,-79.4440816666667,988.2,6.54816500614598,7.25311693486742,0,35.4631716954191,28.7,253.7,183.6,5.1,9.7
2018-08-09 16:46:43.500,193.2,41.0879001393668,1.88773212569216,1.92804350075508,1.00974840060349,394.599503625198,403.025831222723,1.0313122127954,264.7,140.47157744547,20907.6953140745,1,71.1,43.7775366666667,-79.4440833333333,988.3,6.54341350003117,7.25040236722924,0,35.4650973187921,28.8,255,184.9,4.8,8.7
2018-08-09 16:46:44.500,193,41.0912842360697,1.88582058385397,1.92592510474929,1.02113529047955,394.287180192854,402.672203554447,1.04285289495611,123.4,140.445784513188,20823.3941612186,1,71.2,43.7775366666667,-79.444085,988.3,6.55027717868782,7.25517653559357,0,35.4672848785444,28.8,263.4,187.4,3.6,7.3
2018-08-09 16:46:45.500,192.9,41.0887805469158,1.88591007382289,1.9259267596465,0.921776199561913,394.163356008838,402.526932323776,0.941335100325591,40.3,140.480704039511,20777.6659005172,0.9,71.1,43.7775366666667,-79.444085,988.3,6.54990087120061,7.257757326017,0,35.4690349250916,28.8,246,173.3,4.5,7.9
2018-08-09 16:46:46.500,192.8,41.0896587372067,1.88509452301695,1.92522812912999,1.00355173247564,394.362411796095,402.758377922196,1.02492101826397,50.9,140.477863069584,20846.0996167855,0.9,71.2,43.7775383333333,-79.444085,988.2,6.54642860083148,7.25298987292498,0,35.4705266364446,28.8,247.5,167.5,3.5,8.5
2018-08-09 16:46:47.500,192.7,41.0939208744006,1.88544244623186,1.92576461378144,0.993603114274236,394.00737866689,402.433649252362,1.0148509441132,52,140.441644443364,20938.2068358773,0.9,71.3,43.7775383333333,-79.444085,988.3,6.55091527301229,7.25247879859222,0,35.4725266433385,28.8,254.1,183.8,4,8.5
2018-08-09 16:46:48.500,192.6,41.0900989765689,1.88628631399114,1.92679506400894,0.995637410224082,393.431916564014,401.880987873036,1.01701933217761,39,140.483684666331,21023.8585025962,0.9,71.3,43.77754,-79.4440866666667,988.2,6.54589594505417,7.25492738946646,0,35.4744427558578,28.8,247.4,176.9,5.6,10.9
2018-08-09 16:46:49.500,192.4,41.0892024853271,1.88481709455736,1.92538036660462,1.20610208987932,393.006273589424,401.464232007468,1.23206024285635,325.6,140.464072580474,21067.9150887945,0.9,71.2,43.77754,-79.4440866666667,988.3,6.54564629295248,7.25451608976219,0,35.4760956868307,28.8,248.4,175.9,5.8,11.1
2018-08-09 16:46:50.500,192.4,41.0918899505275,1.88594785014778,1.92671838902698,1.10656407994964,393.292495312476,401.794760227816,1.13048083606263,246.9,140.468432233807,21160.632827847,0.9,71.4,43.7775416666667,-79.4440866666667,988.3,6.5432955021088,7.25052752590508,0,35.4777902285629,28.8,245.3,172,5.3,10.9
2018-08-09 16:46:51.500,192.3,41.0932941522588,1.88415673290075,1.92496571548137,1.01018402017237,392.309456102049,400.80654922461,1.03206364266169,211.8,140.495580296797,21199.9240258197,0.9,71.5,43.7775416666667,-79.4440866666667,988.3,6.54409190129222,7.25199912232537,0,35.4802813935506,28.8,250.5,182.9,5.8,11.8
2018-08-09 16:46:52.500,192.3,41.0975010039675,1.88435388492646,1.92521484169798,1.06349556398608,392.024825728971,400.525660446166,1.0865572487955,222.9,140.468031042554,21224.1150198377,0.9,71.8,43.7775416666667,-79.4440883333333,988.3,6.5453489376938,7.25174607899922,0,35.481797705899,28.8,254.4,177.8,5.8,11.2
2018-08-09 16:46:53.500,192.2,41.0998979987326,1.88669628806449,1.9277158961222,1.057851030077,392.290543288887,400.819558602445,1.0808498718231,77.6,140.469392039776,21278.9865190463,0.9,71.7,43.7775416666667,-79.4440883333333,988.2,6.54128725155389,7.25676500740926,0,35.4833790121621,28.8,247,177.5,5.4,10.1
2018-08-09 16:46:54.500,192.2,41.1000964021688,1.8838179419546,1.92482757919298,1.01382474099224,392.572048961557,401.118077898483,1.03589532759606,64.8,140.496443195379,21305.503196894,0.9,71.2,43.77754,-79.44409,988.3,6.54670122889029,7.25105723002151,0.1,35.4854301191401,28.8,254.1,185.1,5.4,10.5
2018-08-09 16:46:55.500,192.2,41.1016054926475,1.88579305488839,1.92670194326423,0.982796867335677,392.838328149925,401.360269207443,1.00411754742853,80.4,140.468883374774,21232.631757008,0.9,73.6,43.77754,-79.44409,988.2,6.54692825329747,7.25663919559041,1.2,35.4875001446804,28.8,253.2,177.7,5.7,10.5
2018-08-09 16:46:56.500,192.3,41.1041990749358,1.88985986957286,1.93098931638197,0.929878302290152,393.220110269057,401.777816282116,0.950114043638472,82.5,140.464931637389,21299.6283073439,0.9,74.6,43.77754,-79.4440883333333,988.3,6.54131349489984,7.25255846344378,3.1,35.4892810823344,28.8,235.5,152.9,4.5,9.5
2018-08-09 16:46:57.500,192.4,41.1042302822071,1.88498321148758,1.9259745004811,1.09625901369131,392.828109686191,401.370679233023,1.12009551095517,77.6,140.481870444266,21283.5638848848,0.9,72.5,43.7775416666667,-79.4440716666667,988.2,6.54681090884934,7.25473752225093,5.5,35.49063837017,28.8,235.8,161.4,5.4,8.4
2018-08-09 16:46:58.500,192.5,41.1002775454879,1.8856988635388,1.9266141582934,1.15427590423348,392.215680629402,400.725733735825,1.1793198537764,75.6,140.401457038278,21236.6340126126,0.9,70,43.7775483333333,-79.444045,988.3,6.54838872574795,7.25564781783096,7.2,35.4923962913815,28.8,241.9,164.1,5.3,6.1
2018-08-09 16:46:59.500,192.6,41.0996771001698,1.88633520407469,1.9274573254669,1.34915880969947,392.470006451657,401.025805042495,1.37857699408027,76,140.463398675731,21334.7618472109,0.9,68.4,43.7775516666667,-79.4440133333333,988.2,6.54886527198649,7.25091020407418,7.9,35.4942824431241,28.8,253.4,173.9,6,7.3
2018-08-09 16:47:00.500,192.7,41.1026917031839,1.88501703567373,1.92581824388829,1.2574948545744,392.493169164895,400.988604689462,1.28472056019811,76.5,140.482470932578,21186.2431185973,0.9,72.1,43.7775533333333,-79.4439816666667,988.2,6.54587889319618,7.25290604000993,8.1,35.4960004212968,28.8,242.6,155.2,5.2,6.1
2018-08-09 16:47:01.500,192.6,41.1102033738596,1.88712350779863,1.92824878211997,1.07988565302993,392.369354267261,400.919975624225,1.10341159077629,78,140.470855832989,21327.5664181307,0.9,78.8,43.7775566666667,-79.4439483333333,988.3,6.54018606565532,7.25058011515784,8.3,35.4977338382458,28.8,238.7,156.2,5.9,6.4
2018-08-09 16:47:02.500,192.7,41.1156974053373,1.887726363216,1.92899977359098,1.15319882792717,391.967572989776,400.537612140915,1.17841339688677,79.5,140.472281603405,21396.2997313866,0.9,80.5,43.7775583333333,-79.4439183333333,988.2,6.54227355943586,7.25402071501448,8.3,35.499410503029,28.8,247.2,159.3,5.2,5.9
2018-08-09 16:47:03.500,192.9,41.1197853943632,1.88661494799531,1.92770565121531,0.983181785291172,392.13306739145,400.673930186271,1.00460003777238,78.6,140.481794086282,21316.0669651701,0.9,82.9,43.7775616666667,-79.4438866666667,988.3,6.54374452940931,7.24942947867886,8.5,35.5015178029222,28.8,243.2,148,5.5,6.5
2018-08-09 16:47:04.500,193.2,41.1248086126172,1.88603447572901,1.92699224183692,1.13344706540313,392.205805538959,400.723212640456,1.15805916916331,76.4,140.44310112365,21254.9490507044,0.9,79.6,43.7775633333333,-79.443855,988.3,6.54214239975653,7.25645193705,8.1,35.5033867178703,28.8,239.6,143.7,5.4,5.9
2018-08-09 16:47:05.400,193.4,41.1254220456083,1.8838153862791,1.92454707194924,1.60432127292724,392.714971355631,401.206113408006,1.63900056744747,78.2,140.47440142622,21163.9401768375,0.9,78.3,43.7775633333333,-79.443825,988.3,6.54762389888813,7.25390855943621,7.2,35.505223863175,28.8,243.2,150.6,5.5,7.8
2018-08-09 16:47:06.500,193.6,41.125649917256,1.8817840417726,1.92232336294859,1.41386645869037,392.935522224533,401.400498795051,1.44432851070197,77.7,140.492336066041,21088.5376730768,0.9,78.2,43.777565,-79.44381,988.2,6.55257293637806,7.25420485556017,5.5,35.5067173373241,28.8,242.3,166.4,5.7,7.7
2018-08-09 16:47:07.400,193.5,41.1287789246784,1.88433251980623,1.92495947679337,0.924289222286871,393.037420729844,401.511567740352,0.944214151633635,78.8,140.448362868179,21105.5279421259,0.9,79,43.77757,-79.4438,988.2,6.54609651553893,7.25348748732986,2,35.5090632687813,28.8,248.3,166.3,6.5,10.9
2018-08-09 16:47:08.500,192.8,41.1323639217536,1.88265871087141,1.92295301524467,1.16259474524248,393.566993407503,401.990494471025,1.18746580883511,62.8,140.488001600897,20954.5451750511,0.9,80.2,43.7775833333333,-79.44379,988.3,6.54357658052843,7.25294235359192,0.7,35.5106327680719,28.8,248.6,167.2,6.8,12.4
2018-08-09 16:47:09.400,192.5,41.1360226028031,1.88317785017674,1.92345935439729,1.02865087301819,393.78274501406,402.205704992376,1.05065229721122,53,140.473345267046,20942.0443054785,0.9,78.2,43.777595,-79.4437866666667,988.4,6.54218195887875,7.25684911401914,0.3,35.5126086922738,28.8,244.9,165.6,6.7,12.5
2018-08-09 16:47:10.500,192.2,41.1387385141998,1.88161988003057,1.92153847283372,1.32607657350832,393.745660728653,402.098937448389,1.35419547534591,52,140.45009967287,20774.3449029795,0.9,76.7,43.7775983333333,-79.4437816666667,988.3,6.54171398703354,7.25362160645546,0.1,35.5142813573228,28.8,241.4,166.7,6.3,12
2018-08-09 16:47:11.500,192,41.1355636151391,1.88274846039801,1.92253980017076,1.21615400586361,394.296782109486,402.630292731272,1.24185950695915,47.3,140.485841337887,20697.6401466751,0.9,75.8,43.7776016666667,-79.4437783333333,988.2,6.54487931970247,7.25854323267281,0,35.5158780445962,28.8,242,164.2,6.5,12.7
2018-08-09 16:47:12.500,192.1,41.134237374372,1.88363527736745,1.92321663175483,1.15303296685986,394.382912114428,402.670126774278,1.17726247557669,48.3,140.479081540398,20580.6177706135,0.9,75.6,43.7776033333333,-79.4437766666667,988.2,6.54104027139668,7.25683177682725,0,35.5179539078078,28.8,235.5,158.6,5.3,10.1
2018-08-09 16:47:13.400,192.3,41.1329470923393,1.88358318238862,1.92302096862226,1.2377951354118,395.126457257034,403.399351887971,1.26371046144109,27.1,140.453223508307,20508.0759029545,0.9,75.3,43.7776066666667,-79.4437766666667,988.3,6.53629362356632,7.24896254088724,0,35.5194458661227,28.8,236.5,162.7,5.6,11.2
2018-08-09 16:47:14.500,192.7,41.1280944950804,1.88256311766308,1.92167270146385,0.87015863103623,395.128656827812,403.337209770008,0.888245854030928,327.1,140.477925415741,20351.6455184655,0.9,75.2,43.77761,-79.443775,988.2,6.54173836172138,7.25286183676453,0,35.5214229633454,28.8,244.4,169.3,6.2,12.3
2018-08-09 16:47:15.500,193.2,41.1255175089608,1.88245917273228,1.92148449500275,1.2068982446941,395.251793135663,403.445728851303,1.23191711935169,79.4,140.483752159153,20309.9093249438,0.9,75.3,43.7776116666667,-79.4437733333333,988.3,6.54625380104892,7.25048911748738,0,35.5233150160254,28.8,239.1,155.1,6.2,11.9
2018-08-09 16:47:16.500,193.7,41.1291622344789,1.8819878542732,1.92082091272874,1.11481882370969,395.200089346317,403.35463525445,1.13782427110114,343.3,140.442328980751,20216.7007755997,0.9,75.2,43.7776133333333,-79.44377,988.4,6.54603694467347,7.25096084867405,0,35.5251691865629,28.8,237.3,164.1,5.9,10.2
2018-08-09 16:47:17.400,194.1,41.1316291640848,1.88157160454615,1.92011688499646,0.994953659342654,395.328374877146,403.426876493145,1.01533796913863,327.5,140.456844521611,20074.4137236091,0.9,74.4,43.777615,-79.4437666666667,988.2,6.54979999599381,7.25211300347252,0,35.5266880510445,28.8,247.7,176.6,5.9,10.8
2018-08-09 16:47:18.500,194.4,41.1359308103421,1.88173997394663,1.92014168306589,1.23552822551549,395.304902461049,403.372133286402,1.26074023381079,151.9,140.483981330943,19999.5079895055,0.9,74.3,43.777615,-79.443765,988.3,6.54285221432662,7.25114992621513,0,35.5287849927274,28.8,245.5,179.2,4.9,9.1
2018-08-09 16:47:19.500,194.7,41.1482231300303,1.8810855674149,1.9192237622022,1.27030348267983,395.931463640848,403.958784909578,1.29605773953729,289.2,140.445308664103,19871.6187473457,0.9,74.6,43.777615,-79.443765,988.2,6.55218150286462,7.2502051883231,0,35.5304206111717,28.8,271.9,185.1,3.5,5.4
2018-08-09 16:47:20.500,194.8,41.1518153065592,1.88097490996142,1.91910591467771,1.1379328965783,396.014542661144,404.042428912392,1.16100043423833,194.4,140.46402462483,19869.019182501,0.9,74.5,43.7776133333333,-79.443765,988.2,6.54877881906722,7.24988099542669,0,35.5321981977985,28.8,237.5,141.9,1.4,4.8
2018-08-09 16:47:21.500,195,41.1502734741795,1.87933183351821,1.91718398396948,1.29553826942334,396.147957558172,404.126882834592,1.32162829707102,138.6,140.491438038973,19743.7960940596,0.9,74.6,43.7776116666667,-79.4437666666667,988.2,6.54783064213243,7.25093222978668,0,35.5340096687644,28.9,234.4,163.5,4.3,9.1
2018-08-09 16:47:22.500,195,41.1535477658001,1.88375361844968,1.92166782404948,1.14778866329096,396.655079947519,404.638707546851,1.17089045838764,38.7,140.450870609112,19730.1668053421,0.9,74.7,43.77761,-79.4437666666667,988.3,6.53929804477007,7.25572431788207,0,35.53569110632,28.9,233.5,155,4.9,8.7
2018-08-09 16:47:23.400,195,41.1515150849393,1.88359839893764,1.92135325635044,1.19345424618536,399.336517625822,407.340705520435,1.21737428830724,145.5,140.488095367116,19649.7506410147,0.9,75,43.7776066666667,-79.4437666666667,988.2,6.54376428722402,7.25564597023125,0,35.5375792021247,28.9,234.5,162.3,3.9,7
2018-08-09 16:47:24.500,195.1,41.1522610172256,1.88560798407758,1.92343596761142,1.16746503073084,405.865949470266,414.008285100351,1.19088606582929,204.2,140.467044610525,19666.9561499566,0.9,74.8,43.777605,-79.4437666666667,988.2,6.53969703812751,7.25805039508438,0,35.5392961250151,28.9,234.7,181.6,2.7,5.3
2018-08-09 16:47:25.600,195.2,41.1526152175248,1.88439083437785,1.9223210323263,1.17026410033736,413.135867702262,421.451758938053,1.19382023986383,10.3,140.455563113793,19731.5003911616,0.9,75,43.7776033333333,-79.4437683333333,988.2,6.54586730915749,7.26124932533888,0,35.5412042137864,28.9,257.3,175.1,3.5,6
2018-08-09 16:47:26.500,195.2,41.1562999172596,1.88353262601567,1.92140064021492,1.16679252888482,418.227278701563,426.635717756929,1.19025129219529,180.4,140.478208284665,19708.6583305795,0.9,75,43.7776016666667,-79.44377,988.2,6.5459832556077,7.25537989214007,0,35.5430294083293,28.9,251,161.7,3.2,7.2
2018-08-09 16:47:27.400,195.3,41.1561323143577,1.88277226766828,1.92063707758382,1.15749030605601,424.318707609944,432.852192382011,1.18076883784639,34.5,140.483852890206,19714.5567163927,0.9,75.1,43.7776,-79.4437716666667,988.3,6.54808028236682,7.25537321454439,0,35.5446405224676,28.9,244.8,171.2,3.9,7.4
2018-08-09 16:47:28.500,195.3,41.1531330687269,1.88566988596329,1.92368369180423,1.53284471279835,430.442216300977,439.119662377885,1.56374673841497,21.9,140.472158790542,19760.808904496,0.9,75,43.7776,-79.4437716666667,988.2,6.54653853380268,7.25040830745533,0,35.546347470504,28.9,228.3,151.9,4.6,9.2
2018-08-09 16:47:29.600,195.4,41.1527224909114,1.8882395172372,1.92628311200967,1.58444070324168,436.845455375186,445.64678570301,1.61636266187276,319.5,140.46188068196,19749.4729581914,0.9,75,43.7775983333333,-79.4437733333333,988.2,6.54194436677295,7.2586468317982,0,35.5481218192931,28.9,226.6,163.3,5.6,9.7
2018-08-09 16:47:30.500,195.3,41.1457540228108,1.88885067346864,1.92690035447617,1.50319495602293,444.955356522459,453.918663747778,1.53347577253632,13.7,140.488437083974,19746.5035613194,0.9,74.8,43.7775983333333,-79.4437733333333,988.2,6.54374747710585,7.25419169885102,0,35.5498515425601,28.9,233.4,159.8,4.1,8.8
2018-08-09 16:47:31.600,195.2,41.14215782308,1.89080199845733,1.92893825679866,1.62172750789279,452.769955531702,461.902202113434,1.65443819137145,293.9,140.4436079848,19770.9361236532,0.9,74.4,43.7775983333333,-79.443775,988.2,6.54422040637067,7.25369923658133,0,35.5517414222667,28.9,231.7,154.7,4.7,8.2
2018-08-09 16:47:32.500,195,41.1432250504637,1.89020340874309,1.9283969732839,1.5097454283615,456.284501127348,465.504179170014,1.54025064687279,301.4,140.441156275974,19805.8806933651,0.9,74.6,43.7775966666667,-79.4437766666667,988.2,6.54743806399329,7.25054550054752,0,35.5534913145639,28.9,258.2,201.1,3.5,6.9
2018-08-09 16:47:33.400,194.8,41.1426145409835,1.88894794989875,1.927153524051,1.43696771189144,458.093286669925,467.358670990615,1.46603144710345,225.1,140.492454376833,19824.8577042471,0.9,74.5,43.777595,-79.4437783333333,988.2,6.54948586858328,7.25762879283749,0,35.5550099717047,28.9,300.4,224.2,3.1,5.1
2018-08-09 16:47:34.500,194.6,41.1421131389078,1.89291348594769,1.93132052205064,1.79472323256767,458.063054171134,467.357227225603,1.83113870171106,290.2,140.447456390819,19886.6296641927,0.9,74.3,43.777595,-79.4437783333333,988.3,6.54081811424448,7.2573183389162,0,35.5572999721321,28.9,270.1,190.4,3.9,6.4
2018-08-09 16:47:35.600,194.3,41.1434554797058,1.89181046794023,1.93032334204723,1.27115674909343,452.867711850181,462.087093619774,1.29703334310301,48.3,140.490809675257,19951.716378967,0.9,74.4,43.7775933333333,-79.44378,988.3,6.54842096175764,7.26096792150431,0,35.5588335852252,28.9,253.6,158.6,2.9,6
2018-08-09 16:47:36.400,194.1,41.1466877549975,1.88841746602392,1.92666410557124,1.49278519176718,449.495339134898,458.599165880124,1.5230190307665,66.1,140.499954487684,19851.3345818589,0.9,74.3,43.7775933333333,-79.44378,988.2,6.55436476149096,7.25727044538295,0,35.560381829862,28.9,243.6,168.3,4.5,8.5
2018-08-09 16:47:37.500,194,41.1487816041675,1.88976225107716,1.92818797644606,1.60054239755966,449.699916911013,458.844141845242,1.63308862160362,271.3,140.456842110229,19928.7337918,0.9,74.3,43.7775916666667,-79.44378,988.3,6.54626230783147,7.25089588758711,0,35.5623548997217,28.9,221.3,144.5,4,7.3
2018-08-09 16:47:38.500,193.9,41.1499745051517,1.89017688037497,1.92850824139158,1.34055185783737,450.253247842756,459.384053565815,1.36773814361038,308.4,140.473296901694,19876.1059945841,0.9,74.5,43.77759,-79.44378,988.2,6.54553917728392,7.24980438038706,0,35.5640094276941,28.9,227.9,151.8,3.1,7.5
2018-08-09 16:47:39.500,193.9,41.1559459541271,1.8861219198402,1.9243743889394,1.32326523130392,449.388247308973,458.502182280466,1.35010186591492,298.2,140.464119716691,19877.562372599,0.9,74.2,43.7775883333333,-79.4437783333333,988.3,6.5490227883345,7.25764777051167,0,35.5657546035436,29,230.6,155.5,3.7,7.8
2018-08-09 16:47:40.500,193.9,41.1590830954071,1.88486688335648,1.92326551459611,1.43740441531484,451.01196283579,460.199875318171,1.46668635429937,195.5,140.463406274862,19965.0376081391,0.9,74.2,43.7775866666667,-79.44378,988.2,6.55426822286198,7.25907141072155,0,35.5673849005523,29,234,161.5,4.5,9
2018-08-09 16:47:41.600,193.9,41.1615615116825,1.88890604020961,1.92746494315951,1.36244454224107,450.022586852966,459.20907128263,1.39025626128439,34.8,140.458071986353,20005.1016917784,0.9,74.9,43.7775833333333,-79.44378,988.3,6.54803097581487,7.26537511864374,0,35.569492768971,29,238.4,166.2,4.3,8.5
2018-08-09 16:47:42.500,194,41.15777,1.886369,1.924996,1.435623,449.7132,458.9218,1.46502,233.7,140.493,20065.85,0.9,74.7,43.7775816666667,-79.4437816666667,988.3,6.547907,7.256878,0,35.57109,29,251.1,182.1,4.6,8.5
2018-08-09 16:47:43.600,194,41.15392,1.884175,1.922926,1.515704,450.5949,459.862,1.546876,63.3,140.4721,20152.09,0.9,75.4,43.77758,-79.4437833333333,988.3,6.555913,7.253621,0,35.57305,29,261.6,182.4,4.1,7.9
2018-08-09 16:47:44.500,193.9,41.1597580863521,1.88707730667219,1.92566487963434,1.44631839292987,450.36541299685,459.574624383442,1.47589353356003,77.6,140.437740942042,20038.6066587166,0.9,75.4,43.77758,-79.4437833333333,988.2,6.54820337871441,7.25749205489656,0.3,35.574841790415,29,256.5,183.1,3.7,6.4
2018-08-09 16:47:45.600,193.9,41.16219,1.884627,1.923192,1.326507,446.6007,455.7394,1.35365,75.4,140.4978,20052.28,0.9,74.6,43.7775783333333,-79.4437833333333,988.3,6.557631,7.259613,1.8,35.57674,29,237.1,154.9,3.4,6.3
2018-08-09 16:47:46.400,193.9,41.16428,1.882824,1.921543,1.374707,441.3407,450.4167,1.402978,71,140.4619,20150.25,0.9,72.1,43.7775783333333,-79.443785,988.2,6.553844,7.259902,2.7,35.57797,29,246.9,182.2,2.8,5
2018-08-09 16:47:47.600,193.9,41.16081,1.887708,1.926494,1.304517,436.268,445.2319,1.331321,72.7,140.474,20133.06,0.9,77.9,43.77758,-79.4437733333333,988.3,6.545899,7.255902,3.7,35.58006,29,251.9,170.9,3.3,5.1
2018-08-09 16:47:48.600,193.8,41.1620706503978,1.88539691514733,1.92415462917444,1.26966387121296,431.972980050821,440.852922085123,1.29576416070643,88.3,140.500247405109,20142.5798799825,0.9,81.9,43.77758,-79.44376,988.4,6.54671931178665,7.2569969098165,3.7,35.581597319298,29,246.1,155.7,5,8.5
2018-08-09 16:47:49.600,193.5,41.1679166048926,1.88658494788212,1.92538413788718,1.31359434389029,428.125210523335,436.93008768867,1.34061047789489,104.8,140.464924213755,20151.5564371105,0.9,103.6,43.7775766666667,-79.443745,988.3,6.54453642951525,7.25749840974974,3.8,35.5833687376054,29,238.6,100.2,4.5,6.6
2018-08-09 16:47:50.500,193.3,41.1740607403877,1.88194546982503,1.92051699035829,1.15455988132674,424.671832020257,433.37552618762,1.17822293465378,123.4,140.449605273178,20083.6527472843,0.9,126.7,43.77757,-79.443735,988.3,6.55725239388185,7.25371406415875,4,35.5857943530531,29,211.9,68.7,4,8.5
2018-08-09 16:47:51.600,193.1,41.179965317338,1.88175147279709,1.9205597104913,1.12295284636844,420.430266586529,429.101076560733,1.14611221810054,146.7,140.50184799232,20206.9896761252,0.9,152.1,43.77756,-79.44373,988.3,6.5544329669725,7.25788714250645,4.6,35.5869312499951,29,219.7,57,4.9,10.9
2018-08-09 16:47:52.600,193.1,41.1879226036403,1.88217819574094,1.92102066181541,1.65980747681617,417.877751650121,426.501416189917,1.69406202313816,162.1,140.465715212754,20219.635113218,0.9,164.5,43.77755,-79.4437266666667,988.2,6.5526703153112,7.25082348086599,5,35.5888791599318,29,225,48.4,4.9,10.7
2018-08-09 16:47:53.600,193.1,41.1974696338182,1.88428870328588,1.92305777140654,1.41012936578489,414.344558645136,422.869754014059,1.43914311835124,168.3,140.44812296711,20160.4696984458,0.9,170.1,43.7775366666667,-79.4437216666667,988.4,6.54512993806651,7.25867584625319,5.3,35.5905610446943,28.9,235,50.6,4.9,9.7
2018-08-09 16:47:54.600,192.9,41.1972061694149,1.8830490066254,1.92178705027605,0.969788577765743,411.768265999911,420.238914498077,0.989741138102297,172.9,140.4934727076,20156.9453072969,0.9,174.1,43.7775216666667,-79.4437216666667,988.2,6.55166775228815,7.26305555556372,5.7,35.5923200360174,28.8,216.6,29.5,3.8,9.3
2018-08-09 16:47:55.600,193,41.1963325971358,1.88189418865188,1.92075165335871,1.42630283625405,410.284199011019,418.755683073701,1.45575374548925,167.1,140.467202286946,20230.3355013194,0.9,168.7,43.7775066666667,-79.4437166666667,988.2,6.55251489851351,7.2564139465446,5.9,35.5942107968659,28.7,227.8,43.5,3.6,8.8
2018-08-09 16:47:56.600,192.7,41.1945707122925,1.88316335582462,1.92197976899777,1.36851349342286,409.66406075183,418.108326840654,1.39672199090193,165.9,140.439282933926,20196.3914745875,0.9,163.3,43.77749,-79.4437116666667,988.3,6.54930113912313,7.2600241445074,6.2,35.59574695398,28.6,236.6,48.8,3.1,7.9
2018-08-09 16:47:57.500,192.5,41.1852209500549,1.88034052234229,1.91928523770159,1.36439323290257,408.187548362509,416.641753477267,1.39265036470174,169.1,140.496747720681,20291.1662774907,0.9,168.4,43.777475,-79.4437116666667,988.3,6.55481953158589,7.25809313901369,6.4,35.5977395185847,28.6,238.2,45.5,3.3,7.6
2018-08-09 16:47:58.500,192.3,41.1863761050039,1.88068363053574,1.91934475248803,1.49412800888546,406.714193037484,415.074986079338,1.52484226904314,175.3,140.466623169186,20142.8496205877,0.9,177,43.77746,-79.44371,988.2,6.5527546807771,7.25948609344275,6.8,35.5992598135516,28.6,240.7,38.7,2.6,7.2
2018-08-09 16:47:59.600,192,41.1941593356697,1.87986420635681,1.91855476723058,1.15728843408656,406.512478157545,414.879017978076,1.18110733914451,174.4,140.426828277846,20166.320632727,0.9,180.6,43.77744,-79.4437083333333,988.2,6.5530594708443,7.26424864176639,7.2,35.6013358903862,28.6,236.5,30.1,2.3,6.7
2018-08-09 16:48:00.600,192,41.1914812762399,1.87848723723849,1.91713778465734,1.35879704843106,405.450063342414,413.792258478347,1.38675636990532,176.4,140.498664225653,20160.4147368797,0.9,176.2,43.77742,-79.4437083333333,988.2,6.55570919323489,7.25581801764435,7.7,35.6029561191389,28.6,246.7,26.1,1.3,4.7
2018-08-09 16:48:01.600,192.6,41.1972815919039,1.87735143552828,1.91587418172057,1.08227914278535,403.721069664737,412.005410265622,1.10448749245069,172.7,140.459476058824,20107.2891769139,0.9,173,43.7774,-79.443705,988.3,6.55400814918367,7.26585548070806,8.1,35.6048173137888,28.7,269.4,15.7,0.8,4.3
2018-08-09 16:48:02.600,192.7,41.1980372831938,1.87913642556984,1.91770419094318,1.45316385390929,403.126097772108,411.399918632888,1.48298988069673,173.6,140.470998817517,20111.5068336809,0.9,169.2,43.7773766666667,-79.4437,988.2,6.54899500002116,7.26087198439292,8.8,35.6064901529542,28.7,258.7,13.8,0.7,4.9
2018-08-09 16:48:03.600,192.6,41.1993940739712,1.87772433692539,1.91617843725463,1.22157744781139,401.827170767324,410.056187969023,1.24659338480404,172.1,140.497147231259,20068.0205151959,0.9,173.6,43.7773533333333,-79.443695,988.2,6.55436870819718,7.26100199893263,9,35.6081761742809,28.7,216.7,12.6,0.7,6.2
2018-08-09 16:48:04.600,192.2,41.2067243984235,1.878659561143,1.91695041438209,1.26235208399413,401.312956609186,409.492673587981,1.28808229631303,169.3,140.462201520456,19975.2179208502,0.9,171.6,43.77733,-79.44369,988.2,6.55105368466775,7.25505852977068,9.6,35.6098674944951,28.7,230.4,20.7,1.5,7.1
2018-08-09 16:48:05.600,192,41.2104954720954,1.87623055911795,1.91442205292481,1.2999547760758,400.670468906844,408.826256087015,1.32641411885782,167.9,140.449685201896,19949.2535946915,0.9,166.8,43.7773033333333,-79.4436833333333,988.3,6.55309056619583,7.26275415939431,9.8,35.6115550619314,28.7,241,28.2,1.4,7.4
2018-08-09 16:48:06.600,192.1,41.2110705214659,1.87833253568482,1.91638424938969,1.46098755815035,400.486217259607,408.59932162982,1.4905836795004,168.2,140.46081882571,19855.8043554146,0.9,171.6,43.777275,-79.443675,988.2,6.5545347594515,7.26097148251598,10,35.6131556883715,28.7,241.2,27,2.1,7.1
2018-08-09 16:48:07.600,191.9,41.2084675183968,1.88026922072099,1.91836034623548,1.08570793074023,401.670664856802,409.807802386424,1.10770202706925,168.4,140.468986837403,19856.0905637535,0.9,168.8,43.7772483333333,-79.4436683333333,988.2,6.54885211927828,7.2664943901384,10,35.6150187860141,28.7,242.9,28.8,1.4,7.3
2018-08-09 16:48:08.600,192.3,41.2094680492216,1.87832015392786,1.91642726344139,1.01686997767138,401.196690442288,409.335997247739,1.03749901551352,169.1,140.438895276313,19884.3090632061,0.9,166.3,43.77722,-79.44366,988.3,6.54895583517801,7.26684248295376,10,35.6171777188725,28.7,227.3,36.4,3.4,11
2018-08-09 16:48:09.600,192.5,41.2092696648718,1.87638190598493,1.91439975872961,1.12156437717032,402.002759045077,410.147771266081,1.14428878477539,167.7,140.490792077576,19858.7720789097,0.9,168.2,43.777195,-79.4436516666667,988.2,6.55227642956734,7.26224257539314,10,35.6184753419422,28.7,244.4,51.2,4.3,11.8
2018-08-09 16:48:10.600,192.6,41.2100700635804,1.87997279477803,1.91807900590624,1.15588507281332,402.155673544727,410.307152409316,1.17931476168839,169,140.453711801663,19866.8270569018,0.9,168.7,43.7771683333333,-79.443645,988.3,6.55199016327591,7.25947456281098,10.1,35.6200245351951,28.6,249.1,52.3,4.8,11.2
2018-08-09 16:48:11.600,192.5,41.2124377809476,1.87888757692248,1.91688205259848,1.10455657462136,401.370050277207,409.486555037812,1.12689319415745,169.1,140.459723660383,19821.0983200816,0.9,172.5,43.7771416666667,-79.4436383333333,988.2,6.55547008923347,7.26563988499112,10.3,35.6221523835897,28.5,254.1,53.6,3.7,10.6
2018-08-09 16:48:12.600,192.4,41.2117687242728,1.87543762928303,1.91336834637014,1.07547692746097,400.62053561273,408.723178669332,1.09722715654279,169.1,140.483856229602,19824.2708298859,0.9,172,43.777115,-79.4436283333333,988.2,6.55662344539102,7.25933544931297,10.5,35.6237228769768,28.4,255.6,50.1,3.4,9.6
2018-08-09 16:48:13.600,192.4,41.2238997307636,1.87939255045606,1.9175119774613,1.00523231752648,399.974087726214,408.086732787656,1.02561939964418,168.4,140.420174942638,19879.6180995306,0.9,172.7,43.77709,-79.44362,988.2,6.55800948518695,7.26072349742478,10.7,35.6255206792108,28.4,253.6,46.3,3.3,9
2018-08-09 16:48:14.500,192.7,41.2258864109189,1.87780910267665,1.91584795046686,1.15556978792822,399.442170516885,407.533822096641,1.17897040076912,169.8,140.457269762962,19855.1127739797,0.9,172,43.777065,-79.4436166666667,988.1,6.55688946323528,7.26103580622477,10.7,35.6272178854566,28.4,261.4,44.3,3.1,8.5
2018-08-09 16:48:15.600,192.9,41.22424299958,1.88281031520119,1.92116083397482,0.845713800886366,399.189493761393,407.320471044295,0.862934397230512,170.3,140.468787597895,19962.1171411414,0.9,172.9,43.777035,-79.44361,988.2,6.54775268086571,7.26811654048467,10.7,35.6284719888826,28.4,253.4,48.6,4,9.8
2018-08-09 16:48:16.600,192.9,41.2288786130508,1.87736375198656,1.91542005116785,1.20231063079399,398.875627419949,406.96118908019,1.22668657217906,169.9,140.410413526372,19868.0707193479,0.9,175.9,43.77701,-79.443605,988.2,6.55423941289441,7.26041004280104,10.5,35.6298391981703,28.4,253.1,42.8,3.9,9.5
2018-08-09 16:48:17.600,192.9,41.2294114936288,1.87780604585954,1.91573934113135,0.93983666324974,399.045438745515,407.106416631327,0.95882138174452,169.3,140.45826927118,19800.6050459982,0.9,171.6,43.776985,-79.4436,988.2,6.55548349795365,7.26550426967173,10.3,35.6322251986764,28.4,249.2,31.7,3.2,10.1
2018-08-09 16:48:18.600,192.9,41.234604693376,1.87851540929648,1.91663936087711,0.945544488042757,399.470981794884,407.578073337597,0.964729160357078,169,140.469814137962,19890.8473848777,0.9,169.1,43.7769583333333,-79.4435916666667,988.2,6.5563884538282,7.26522495738692,10.1,35.6341184699863,28.4,219.5,31.3,3.7,11.9
2018-08-09 16:48:19.600,193,41.2411773765066,1.87753854894012,1.91532208063277,1.08990466427445,399.368291276258,407.405081581739,1.11183679100967,169.1,140.428125093361,19726.7690515209,0.9,174.1,43.7769366666667,-79.4435883333333,988.2,6.55462488693419,7.26415473823178,10,35.6360392585087,28.4,212.8,25.7,4.2,13.3
2018-08-09 16:48:20.600,192.8,41.2398641959166,1.87386697510025,1.91147091743252,1.04199671906799,398.662101506602,406.662200878018,1.06289948943086,168.4,140.483166695053,19672.4510456894,0.9,172.8,43.7769133333333,-79.44358,988.2,6.56193800354789,7.26604194776654,9.6,35.637923163615,28.3,206.4,18.2,4.3,12.8
2018-08-09 16:48:21.600,192.2,41.248395154265,1.88048713220407,1.91842813639847,0.783898295144182,399.027090114942,407.077799491833,0.799714230530349,169.4,140.450798846542,19776.8716551724,0.9,175.5,43.7768916666667,-79.4435733333333,988.2,6.55091148239564,7.26652002996572,9.4,35.6388053849566,28.3,201.7,24.1,4.2,11.1
2018-08-09 16:48:22.600,192.2,41.2548737666971,1.87661293694422,1.91448193694422,0.874741407173455,398.822032428494,406.869951205219,0.892393079871271,169.1,140.473825040679,19780.2100068113,0.9,174.9,43.77687,-79.443565,988.1,6.55210256386935,7.26592851871212,9.4,35.6403093789023,28.3,199.9,10.3,3.9,12.8
2018-08-09 16:48:23.600,192.6,41.2625798055256,1.87596924719446,1.9138061102521,0.815012163001109,399.265483234911,407.318462144656,0.831446110237666,169.9,140.478045492791,19770.7576325638,0.9,176.6,43.776845,-79.4435583333333,988.1,6.5535711356214,7.27126547820493,9.4,35.6421263829102,28.3,182.7,9.8,3.9,12.6
2018-08-09 16:48:24.600,192.9,41.271292442149,1.87454941201681,1.9121807095494,1.1274213155994,399.617923469721,407.640272520197,1.15006465245711,169.4,140.440688141098,19680.0638950762,0.9,178.4,43.7768216666667,-79.4435533333333,988.1,6.55742871852584,7.26715200500703,9.4,35.6444685754883,28.2,178.1,5.1,3.4,12.2
2018-08-09 16:48:25.600,192.9,41.2720260205019,1.87604014982099,1.91337375457795,0.928752926037565,400.531422235737,408.502053541889,0.947235699463003,166,140.465518843588,19511.902498274,0.9,173.4,43.7767966666667,-79.4435416666667,988.1,6.55723941151338,7.26812894954985,9.4,35.6460729183946,28.2,186.4,14.2,4.1,13.2
2018-08-09 16:48:26.600,192.6,41.2712462217952,1.87422286938193,1.91158378152512,1.08221691590414,400.848449810139,408.838841024459,1.10378875821868,168.2,140.481063863003,19544.193022407,0.9,176.8,43.7767733333333,-79.4435366666667,988.1,6.56095813783214,7.26451726136897,9.4,35.6476844883237,28.2,195,18.4,4,11.5
2018-08-09 16:48:27.600,192.6,41.2747617876858,1.87774751044858,1.91525943303303,1.12472270853683,400.274046369425,408.270216063641,1.14717836400622,165.3,140.4604136258,19585.4723617851,0.9,180.7,43.7767483333333,-79.44353,988.1,6.55201151372765,7.27025199167812,9,35.6492293679443,28.2,192.1,11.4,3.4,12.9
2018-08-09 16:48:28.600,192.6,41.2783015625374,1.87575958115091,1.91288031250748,1.41899502887736,400.327463376831,408.249758051338,1.44707616398056,157.4,140.483063432172,19405.4997957112,0.9,160,43.77673,-79.4435166666667,988.1,6.5575181791355,7.26084437113746,9,35.6506901658129,28.2,186,19.1,5,14
2018-08-09 16:48:29.600,192.7,41.2828113145354,1.87636285739246,1.91348094520073,1.42697881163862,400.726392638724,408.653457457177,1.45520269522185,167.2,140.475767062195,19398.1173068633,0.9,169.2,43.776705,-79.44351,988.1,6.56074719857164,7.25862017121605,9,35.6523070311323,28.2,185.5,13.3,5.1,14.7
2018-08-09 16:48:30.600,193.4,41.2885403511722,1.8767921457636,1.9140294309181,1.16479459093817,400.153137130005,408.092503245282,1.18790501874449,177,140.458740668855,19454.8264272638,0.9,198.4,43.77668,-79.4435116666667,988.1,6.55963742098625,7.26507260207727,9.4,35.6547472166556,28.2,172,0.2,4.6,13.7
2018-08-09 16:48:31.600,193.5,41.2942194602107,1.8789359707206,1.9162001778253,1.22739083779713,399.419215069737,407.340653181167,1.25173536766762,178.5,140.504746693951,19446.7312225137,0.9,194.9,43.776655,-79.4435133333333,988.2,6.55836317047083,7.27036491653397,10,35.6564307965033,28.1,167.9,353.3,4.2,13.1
2018-08-09 16:48:32.600,193.9,41.299593738683,1.87808335727398,1.915357874738,1.51894146567794,399.534399031515,407.464036655406,1.54909079876878,174,140.469087214093,19460.9121385657,0.9,184.8,43.77663,-79.4435133333333,988,6.55618517570024,7.26927334169157,10.3,35.6574873242877,28,184.5,1.6,3.9,13.1
2018-08-09 16:48:33.600,194.1,41.2991113579715,1.87822886529973,1.91541369136094,1.27009266219656,399.83969243089,407.755690188016,1.29523846768633,170.3,140.45095694194,19413.5286437108,0.9,174.4,43.7766033333333,-79.4435066666667,988.1,6.55605539463942,7.26323855214529,10.3,35.6593041714893,28,189.3,7.3,3.9,13.2
2018-08-09 16:48:34.600,193.7,41.2950983660595,1.87557490154641,1.91262797314362,1.12456140780779,399.814451402182,407.71310570182,1.14677614883925,169,140.494251080812,19372.8814154846,0.9,181.5,43.7765783333333,-79.4434966666667,988,6.56459987011908,7.26736232480754,10.3,35.6610432773252,28,184.7,9.6,3.7,12.7
2018-08-09 16:48:35.600,193.3,41.2921973359982,1.87823926159186,1.91523483889122,1.16624997664455,399.297357661866,407.162257423621,1.18921971198954,171,140.473737105429,19316.3278584005,0.9,183,43.7765516666667,-79.44349,988.1,6.55847897834785,7.26642627826901,10.5,35.6633736662974,28,178.4,2.7,3.3,11.8
2018-08-09 16:48:36.600,192.8,41.295733363258,1.8806193823918,1.91770614493104,1.08300066215429,399.345401980142,407.220677151664,1.10435577039447,168.6,140.462797333769,19339.0480462791,1,180.2,43.7765233333333,-79.4434816666667,988,6.55257641828719,7.26655169679967,10.9,35.6650340496314,28,177.8,4.5,2.9,11.3
2018-08-09 16:48:37.600,192.5,41.2985019639965,1.88018481295852,1.91704865184771,1.25205494536678,399.269804209278,407.098109470676,1.27659330738519,168.3,140.490213382696,19229.4883457139,0.9,179,43.776495,-79.4434716666667,988,6.55060792866966,7.26522790469271,10.7,35.6661381690397,28,190.9,14.8,2.3,10.1
2018-08-09 16:48:38.500,192,41.3035146618883,1.87931371917452,1.91602888061244,1.4037972295364,398.91968142949,406.713297220014,1.43121317058602,168,140.468167359148,19162.360329568,0.9,181.1,43.77647,-79.443465,988.1,6.55304718662821,7.26722610210586,10.9,35.6686761787196,28,194.2,7.1,2.1,10
2018-08-09 16:48:39.500,191.9,41.3145944340382,1.87927197369716,1.91609796439976,1.18630251166105,398.867506215901,406.683679395302,1.20954253951061,168.2,140.453179844816,19219.1273198169,0.9,177.2,43.776445,-79.4434566666667,988,6.55581990524888,7.26518975501192,11.2,35.670768170515,28,181.5,4.8,2,9.7
2018-08-09 16:48:40.500,191.9,41.3187947439369,1.87689531909078,1.91350699653956,1.27348822394729,398.26295607256,406.031558735995,1.29832276398188,168.5,140.460303035546,19133.0520994017,0.9,175.1,43.7764166666667,-79.4434516666667,988,6.56362872383241,7.26739146900752,11.4,35.6727473815971,28,176.7,4.1,1.7,9.4
2018-08-09 16:48:41.600,191.7,41.3221832763721,1.87883241956403,1.91551841353728,1.04918644882199,398.870823893356,406.65921422387,1.06967128514647,167.6,140.454694800984,19152.1121463509,0.9,177.7,43.7763866666667,-79.4434466666667,988,6.55791764644408,7.2696044348407,11.6,35.6741113018519,28,169.4,358.8,1.7,9.1
2018-08-09 16:48:42.600,191.4,41.32924148481,1.87878049275373,1.91523004731073,1.19919767288339,398.989244828368,406.729756383316,1.22246696572314,165.5,140.46088085572,19031.0781898997,0.9,178.9,43.776365,-79.44344,988,6.55943486033019,7.26981646133045,10.9,35.6751239784312,28,180.2,5,1.4,8.9
2018-08-09 16:48:43.600,191.2,41.3290486168961,1.87804060146775,1.91452525019114,1.43216303389238,399.174551823704,406.929231322763,1.45998807380925,164.5,140.479632809746,19056.5775208878,0.9,175.9,43.7763433333333,-79.443435,988.1,6.56160896423094,7.26845453594532,10.7,35.6768919214024,28,167.8,0.4,1.7,9.3
2018-08-09 16:48:44.600,190.9,41.3294513290475,1.87857496785981,1.91495867659858,1.19044592150142,399.458172055396,407.194802640887,1.21350380379873,163,140.435652701535,18999.8233721615,0.9,175.2,43.7763166666667,-79.4434266666667,988.1,6.56224091461187,7.27071577892483,10.7,35.6787995118133,28,163.5,2,1.7,8.7
2018-08-09 16:48:45.600,191.5,41.3313206636134,1.87849839498508,1.91475281994501,1.15829915358081,399.241022445604,406.946350723598,1.18065399882921,165.5,140.438455136248,18934.5027323111,0.9,170.4,43.7762866666667,-79.4434233333333,988,6.55905678818421,7.27356444071449,10.9,35.6803976146095,28,166.9,359.3,1.7,9.3
2018-08-09 16:48:46.600,191.9,41.3353526655979,1.87937361834418,1.91562846371397,1.23497331359713,400.006889049049,407.723383795049,1.25879749792213,167.4,140.462119223449,18925.8056035453,0.9,171.6,43.7762483333333,-79.4434216666667,988.1,6.55748205358665,7.2725920799516,11.6,35.6823108223479,28,161.5,358.4,1.6,9.2
2018-08-09 16:48:47.400,192.4,41.3389669757409,1.87852344029095,1.91479174259702,1.26191273689291,401.060371967611,408.803511502402,1.28627631860412,167,140.434253497058,18941.0016334251,0.9,174.6,43.7762133333333,-79.443415,988,6.56047397827747,7.27108169571659,12.2,35.6835120934413,28,164.2,359.1,1.3,8.3
2018-08-09 16:48:48.500,193.4,41.3383669110186,1.87567861040293,1.91186776032708,1.15900815449012,401.093232234232,408.83184782997,1.18137668383482,167.2,140.456789532512,18928.6232396365,0.9,176.2,43.77618,-79.4434083333333,988.1,6.56316078552375,7.2689250876389,12.7,35.685058923085,28,152,353.1,1.1,8.5
2018-08-09 16:48:49.600,194.5,41.3426592809113,1.87658451027899,1.91273109232126,0.851312937858278,401.682908272411,409.420044182961,0.867710335997293,168.5,140.464747198679,18897.863542331,0.9,178.5,43.7761383333333,-79.4434016666667,988,6.56134905953511,7.26942439208851,13.1,35.6874974593198,28,118.6,344.8,1.2,9.2
2018-08-09 16:48:50.600,195.1,41.3457625682103,1.88078321822494,1.91703897550879,0.863211053322116,401.800223659734,409.545697458315,0.879848863280106,168,140.440214603761,18912.2338283925,0.9,175.7,43.7760983333333,-79.4433916666667,988,6.55592126497944,7.26676912228372,13.3,35.6888234904372,28,113.1,343.6,1.9,10.1
2018-08-09 16:48:51.600,194.7,41.3429085746302,1.87806775941281,1.91418014560361,0.97944191404686,401.694744855072,409.418807661363,0.998275315577192,167.7,140.462285924473,18865.8569979083,0.9,174,43.776065,-79.4433816666667,988,6.55948195329076,7.26712602894815,13.3,35.6906460311893,28,131.6,348.4,1.9,10.1
2018-08-09 16:48:52.600,194.2,41.3474574670406,1.87610339503679,1.91216925311449,1.03658094819352,401.790862874387,409.514910909629,1.05650791327161,168.4,140.466857424376,18861.2738220526,0.9,168,43.7760316666667,-79.4433733333333,988.1,6.5617436857775,7.26758444753708,13.3,35.6920853274596,28,138.8,350,1.5,9.8
2018-08-09 16:48:53.400,193.3,41.3530335654313,1.87940605283697,1.91552088957138,1.06930956871609,402.125306001018,409.852696787183,1.0898602424735,167.6,140.468515906062,18853.9829048662,0.9,172.6,43.7759983333333,-79.4433616666667,988,6.55924599696311,7.26995018096495,13.3,35.6941107683006,28,127.7,348.5,2,10.2
2018-08-09 16:48:54.600,192.9,41.352815121274,1.87804009583254,1.91419215981583,1.11391123834726,402.595935988229,410.345716517942,1.13535508679039,168.1,140.500433565122,18886.0658071483,0.9,167.1,43.7759633333333,-79.4433466666667,988.1,6.56279708603095,7.27180140670685,13.3,35.6955934941618,28,107.7,342.3,2.2,9.6
2018-08-09 16:48:55.600,192.6,41.3530338818351,1.88060555310487,1.91670870026683,1.03760548075287,403.191235918643,410.931581341749,1.05752404929543,168.8,140.45878945561,18836.0447668225,1,170.7,43.7759266666667,-79.4433383333333,988.1,6.55790435767895,7.27117649599751,13.3,35.6970847006377,28,94,351.9,0.3,6.8
2018-08-09 16:48:56.600,192.3,41.3525617156506,1.87967917945088,1.915676518519,1.09033786117481,403.437740979665,411.163896129009,1.1112192336958,167.2,140.46089271206,18790.9931015568,0.9,170.9,43.775895,-79.4433266666667,988.1,6.5594930511341,7.26778192520895,13.1,35.6988466093188,28.1,64.5,341.3,1.1,7.3
2018-08-09 16:48:57.600,192.1,41.3581671712269,1.87681915994042,1.91274444073256,0.962438086039966,403.943562388579,411.675726347097,0.980858502309775,163.9,140.48583266549,18782.163965468,0.9,174.4,43.775865,-79.4433133333333,988.2,6.56516301679172,7.26698191007278,12.5,35.7005285332083,28.1,46.6,4.6,0.6,6.7
2018-08-09 16:48:58.500,191.4,41.3639603669874,1.87545309173062,1.91136324488472,0.873574500190729,404.942375122382,412.695900716836,0.890298046436397,161.1,140.468827167256,18787.6091178868,0.9,174.9,43.7758366666667,-79.4433,988.1,6.56813607735381,7.26586590809952,12.5,35.7024441677656,28.1,246.3,11.5,1,7
2018-08-09 16:48:59.600,190.4,41.3655953382338,1.87622904966452,1.91215135323051,1.13720399605898,405.905034935442,413.676531846117,1.15897958759436,159,140.479036932547,18786.3975950791,0.9,165.9,43.775805,-79.4432816666667,988.2,6.56539322827786,7.26921138402687,12.4,35.7042840230442,28.2,352.8,354.7,0.5,5.1
2018-08-09 16:49:00.600,189.9,41.3665087440728,1.87933158421117,1.91542434745607,1.16484170754492,406.95234240166,414.767976365521,1.18721128514321,159,140.483027412533,18843.3529350255,0.9,167.8,43.7757733333333,-79.443265,988.1,6.55987754604664,7.269716505908,12.7,35.7063519938485,28.2,356.2,4.3,0.5,6.1
2018-08-09 16:49:01.600,189.3,41.370573585738,1.87857292815599,1.91467819313872,1.06522195555056,407.517875092018,415.350235022899,1.0856953156135,157.5,140.460990343064,18857.2485886882,0.9,169.4,43.7757416666667,-79.4432516666667,988.2,6.56430471397263,7.26846040330421,12.7,35.7074126200444,28.2,309.7,17.3,1.4,4.4
2018-08-09 16:49:02.600,189.4,41.3746823885777,1.88016857956253,1.91620355678285,1.05828060791876,407.848149058333,415.664908079479,1.07856604857669,161.8,140.454157576719,18805.6488057879,0.9,170.8,43.7757083333333,-79.4432466666667,988.1,6.55904216044817,7.26761935481634,13.1,35.7096602575094,28.2,249.2,19.4,0.7,8.2
2018-08-09 16:49:03.600,190.1,41.3764142382819,1.88129366395651,1.91730294712117,1.02436763426838,409.12478430492,416.955666643099,1.04397503815162,165.2,140.491458194466,18781.1302399705,0.9,172.6,43.7756733333333,-79.44324,988.2,6.55891396168768,7.27067236701413,13.3,35.7113630927687,28.2,211.7,11.5,1.6,8.9
2018-08-09 16:49:04.600,190.4,41.3823218823045,1.87987929977413,1.91599049056238,1.05611092529111,410.408481506448,418.292092077375,1.07639758129721,168.5,140.465753110416,18847.2381864021,0.9,178,43.77564,-79.4432333333333,988.1,6.5603493041053,7.27064844906829,13.5,35.7129578306448,28.2,195.3,5.6,1.5,10.1
2018-08-09 16:49:05.600,190.6,41.3838277466191,1.87872584158193,1.91475949324916,1.13538724709903,411.24519724301,419.132888266444,1.15716431817678,170.8,140.454976497148,18819.0276416303,0.9,181.5,43.775605,-79.4432283333333,988.1,6.56493360632243,7.27250102330761,13.5,35.7147867428188,28.2,188.9,2.3,1.5,9.8
2018-08-09 16:49:06.600,190.7,41.3801277406054,1.87793445182427,1.91409227262363,1.20746446937278,411.69856970683,419.625412037287,1.23071081633341,173.1,140.497415252398,18890.2671209316,0.9,182,43.7755733333333,-79.443225,988.2,6.56287137439487,7.27014620077795,13.1,35.7161714395714,28.2,177.6,2.3,1.3,10
2018-08-09 16:49:07.600,191,41.3813799770361,1.87783136340944,1.91416856638945,1.15560573584047,413.112786226981,421.106722367653,1.17796812519139,168.7,140.453944851059,18983.19269763,0.9,174.6,43.7755433333333,-79.4432133333333,988.2,6.56188836008524,7.26773930937694,13.1,35.7182946082059,28.3,205.7,6.5,1.1,8.7
2018-08-09 16:49:08.600,191.2,41.3850069354326,1.87747806071083,1.91373684811251,1.18125662251698,417.72603492096,425.793266834204,1.20406844771078,168.4,140.436073448707,18946.4844575157,0.9,176.9,43.775515,-79.4432116666667,988.2,6.56626254204267,7.27094045732134,13.1,35.7198394244087,28.3,202,7.6,0.6,8.3
2018-08-09 16:49:09.500,191,41.3882936038692,1.87730379135691,1.91361749323273,1.19274985673464,426.000972866535,434.241662275809,1.21581602151865,170,140.481196558993,18976.5348054701,0.9,177.8,43.775485,-79.443205,988.1,6.56283336051747,7.27088841764063,13.1,35.7209617635043,28.3,191.4,8.7,0.6,8.7
2018-08-09 16:49:10.400,190.3,41.3966146174422,1.87794657446466,1.91447378928664,1.13740014098323,434.962210449475,443.422775202735,1.1595258055857,170.5,140.447676776082,19079.8298493997,0.9,187,43.7754466666667,-79.443195,988.1,6.56000714814573,7.26738145050479,13.1,35.722996898896,28.3,142,347.8,1.5,9.7
2018-08-09 16:49:11.400,189.6,41.3995934253972,1.87752015327418,1.91414714470152,1.1862033231832,439.954713209466,448.537615457713,1.20934281679521,168.4,140.459747133,19135.2357783826,0.9,179.7,43.7754116666667,-79.4431866666667,988.2,6.56641472564061,7.26560719757197,13.3,35.7249232806299,28.3,140.8,354.8,1.2,8.5
2018-08-09 16:49:12.600,189.4,41.3966087574875,1.87768752891237,1.91436470555844,1.12857669054806,441.643689633053,450.270420072399,1.15062054932907,167.5,140.475626097184,19158.8855438756,0.9,174.3,43.77538,-79.4431783333333,988.2,6.56340854692953,7.26506489015187,13.1,35.7265696457292,28.2,137.2,357.8,0.8,8.5
2018-08-09 16:49:13.600,189.1,41.3950418115253,1.87710786463914,1.91392442838426,0.99036395003004,441.528612883092,450.18829859346,1.0097733867115,167.1,140.44991122365,19235.8546798427,0.9,177.2,43.7753516666667,-79.4431716666667,988.4,6.56474244894601,7.26329914002902,12.4,35.7280903825621,28.2,140.9,355.5,0.8,8.4
2018-08-09 16:49:14.600,188.4,41.3922682552667,1.87819837768768,1.91522013577789,0.954091695060219,439.637459592354,448.30332433571,0.97289706525513,166.9,140.468731477594,19330.4056099322,1,176.5,43.7753183333333,-79.44316,988.2,6.56459464155141,7.26706540595826,12.4,35.7298214166004,28.2,78.3,348.1,0.5,7.2
2018-08-09 16:49:15.600,187.6,41.394455165345,1.87834438362872,1.91542873708021,1.1056041470916,437.031526380666,445.659941942409,1.12743159733066,165.7,140.468383539238,19361.069301581,1.6,174.5,43.77529,-79.4431466666667,988.2,6.56268338257645,7.27240571663056,12.5,35.7317713366808,28.2,113,356.4,0.5,7.6
2018-08-09 16:49:16.600,187.6,41.3987151913463,1.87812006923059,1.91531998908636,1.04193738112534,434.669351865229,443.278953105612,1.06257495368757,165.1,140.469991677893,19422.4721052912,1,173,43.7752566666667,-79.4431366666667,988.3,6.56097604759624,7.27630991774023,12.9,35.7332695812502,28.2,182.3,1,1.1,9.5
2018-08-09 16:49:17.600,188.1,41.3993855039503,1.87739960810926,1.91476323043722,1.03019980134973,433.318952446487,441.942752204308,1.05070676323709,165.1,140.479418588679,19513.5545204903,1,173.9,43.7752216666667,-79.443125,988.3,6.56076292606501,7.27445796608388,12.7,35.7349897946312,28.2,186.4,4.4,1.3,8.8
2018-08-09 16:49:18.600,188.7,41.4020868592704,1.87897327515031,1.9165325811279,1.12285245645272,431.780440082544,440.411496228306,1.14529662805631,165.5,140.428453680034,19597.7045044176,1,176.2,43.7751916666667,-79.4431066666667,988.3,6.56250796481192,7.27429214258552,12.5,35.7368559557886,28.2,293.9,16.1,0.7,5
2018-08-09 16:49:19.600,189.3,41.4053474521878,1.88152294983863,1.91917207378822,1.15454831893055,430.658220725801,439.275741373026,1.17764961665992,167.4,140.448158586546,19617.5961915866,0.9,177.8,43.77516,-79.4431066666667,988.3,6.56369375666447,7.2730171911139,12.4,35.7384531566421,28.2,297.6,27.6,1.5,5.7
2018-08-09 16:49:20.600,190.2,41.4099933374926,1.88053084179774,1.91828984179774,1.11557380492602,429.428695433467,438.051262887045,1.13797299503247,165.8,140.480302084565,19683.8790606743,0.9,178.8,43.7751266666667,-79.4431033333333,988.3,6.5629732561443,7.26877355248965,12.4,35.7402707332939,28.2,282.3,31,1.7,6.1
2018-08-09 16:49:21.600,190.6,41.4153592824773,1.87884242282385,1.91660204523274,1.10667488183846,428.674700721993,437.289971867042,1.12891592928057,165.6,140.447282752091,19701.4739879346,0.9,176.5,43.7750933333333,-79.4430983333333,988.3,6.5644162482735,7.26817044271529,12,35.7421277266164,28.2,277.7,27,1.8,6.1
2018-08-09 16:49:22.600,190.7,41.4168218964195,1.87893244138037,1.91669338450166,1.10828305929853,428.602980785851,437.216705346664,1.13055603646371,165.7,140.447458346807,19701.227817649,0.9,166.2,43.7750533333333,-79.4430883333333,988.3,6.56430219050008,7.2682010892462,11.4,35.7438204521822,28.2,295.4,23,1.2,5.5
2018-08-09 16:49:23.600,191,41.418297113289,1.87902323560112,1.91678551081501,1.10990509396506,428.530642859478,437.142807509578,1.13221027598263,166.4,140.447635454574,19700.9795261842,0.9,167.3,43.775025,-79.44309,988.3,6.56418714992337,7.26823199984953,11.1,35.7455277634814,28.2,295.7,42.1,2,5.1
2018-08-09 16:49:24.600,192.2,41.4197459261306,1.8791124047502,1.91687598821436,1.11149809679951,428.459599666549,437.07023232585,1.133834907254,167.3,140.447809392394,19700.7356787404,0.9,170.3,43.7749883333333,-79.4430833333333,988.3,6.5640741683894,7.26826235720239,11.6,35.7472045166328,28.2,295.5,28.5,1.3,4.9
2018-08-09 16:49:25.600,193.4,41.421219803953,1.87920311655749,1.91696803090512,1.11311865915329,428.387327400948,436.996401565461,1.135487645228,167.5,140.4479863394,19700.4876126485,0.9,174.8,43.7749566666667,-79.4430766666667,988.3,6.56395923223445,7.26829323974832,11.2,35.7489102782141,28.2,277.2,30.7,1.6,6
2018-08-09 16:49:26.500,193.9,41.4226668768579,1.87929217861981,1.91705839964658,1.11470974888747,428.316369526607,436.923913540149,1.13711032541526,166.5,140.448160068331,19700.2440580508,0.9,171.9,43.7749383333333,-79.44307,988.3,6.56384638638448,7.26832356064382,10.9,35.7505850176862,28.2,283,43.6,1.9,5.2
2018-08-09 16:49:27.600,192.1,41.4241427812346,1.87938301515413,1.9171505688943,1.11633253948401,428.243997888,436.849981263853,1.13876533587288,163.9,140.448337258637,19699.9956508727,0.9,174.1,43.7749216666667,-79.4430483333333,988.4,6.56373129219447,7.26835448565267,9.8,35.7522931246575,28.2,297.5,42.4,2.1,4.2
2018-08-09 16:49:28.600,191.5,41.4256064037708,1.87947309578592,1.91724197114924,1.11794182591608,428.172228495003,436.776664220122,1.14040657404621,164.3,140.448512974441,19699.7493108322,0.9,178.1,43.774895,-79.443045,988.3,6.56361715576875,7.26838515331691,10.1,35.7539870174983,28.2,299.4,31.8,1.8,4
2018-08-09 16:49:29.600,191.5,41.4270703129244,1.87956319405798,1.91733339130325,1.11955142749062,428.100445047587,436.703332818899,1.14204813361906,167.3,140.448688724655,19699.5029225515,1,175.2,43.774865,-79.443045,988.3,6.56350299699198,7.26841582698673,9.4,35.7556812420497,28.2,299.2,30.8,1.5,3.8
2018-08-09 16:54:00.500,198.5,41.8043567507033,1.9058691826117,1.94416648174023,1.6198419545542,415.199557057584,423.542778423125,1.65238113845583,18.6,140.47314180608,19698.5808342861,0.9,75,43.7734033333333,-79.4423416666667,988.3,6.52996294480198,7.28029316593694,0.5,36.2167049929322,28.5,90.1,5.2,1.9,4.4
2018-08-09 16:54:01.500,198.6,41.8006964250033,1.90869976743762,1.94743329900892,1.33256276889017,416.066475797553,424.509658353388,1.35960116468769,12,140.467553331571,19889.2367286913,0.9,75.1,43.773405,-79.4423433333333,988.3,6.52580209031314,7.27733968505353,0.5,36.2180157137571,28.4,83,2.8,1.7,3.5
2018-08-09 16:54:02.500,198.6,41.7989675251394,1.9132857493412,1.95221079376574,1.1989025813281,417.584083030013,426.079386113471,1.22329647038725,11.9,140.450218894639,19938.6065612691,0.9,75,43.773405,-79.442345,988.3,6.52096448911784,7.2778654650458,0.3,36.2198231020559,28.4,82.3,356,2,3.9
2018-08-09 16:54:03.500,198.6,41.7959099344584,1.90411235885479,1.94244523606107,1.23573230685587,419.144415338667,427.582405974517,1.26062018489315,7.7,140.461166438961,19734.1662168649,0.9,75,43.7734066666667,-79.442345,988.3,6.52972910739615,7.27638517760857,0.3,36.2214528271546,28.4,60.9,351.1,1.6,2.8
2018-08-09 16:54:04.500,198.5,41.7982059605873,1.91025615055887,1.94903040567968,1.45377923587059,421.159774447177,429.708581890509,1.48328390453188,9.5,140.433216029661,19894.3609117085,0.9,75,43.7734066666667,-79.4423466666667,988.3,6.53073972745718,7.27374894065815,0.1,36.2232546607543,28.4,63.9,345.3,1.3,2.3
2018-08-09 16:54:05.600,198.4,41.7955002522391,1.91188832003045,1.9507223259804,1.33237256026653,422.136652970202,430.710903224976,1.35941489852633,6.4,140.48688507137,19907.2764354291,0.9,75,43.7734066666667,-79.4423466666667,988.3,6.5264380916225,7.27942737620677,0.1,36.2253690916859,28.4,73.5,0.4,1.2,2.6
2018-08-09 16:54:06.500,198.4,41.7978614592043,1.9089144012227,1.94726319597791,1.54353116701761,422.551910422452,431.040693469438,1.5745298120378,7.7,140.430867416359,19693.642243889,0.9,75,43.7734083333333,-79.4423483333333,988.3,6.53032439771329,7.27429352996226,0.1,36.2270179908857,28.4,66.3,343.2,0.9,1.6
2018-08-09 16:54:07.500,198.4,41.7972941677001,1.90796870406378,1.94666583831868,1.37732638191882,422.069014997437,430.62940720329,1.40526306920489,348.1,140.470773592165,19878.6975222535,0.9,75,43.7734083333333,-79.44235,988.2,6.53095100448654,7.2751450294878,0.1,36.2283886255381,28.4,59.2,346.1,0.9,1.9
2018-08-09 16:54:08.500,198.4,41.7990301927786,1.91463668455959,1.9535783755515,1.44452067410719,421.744462304773,430.322224716269,1.4738975669402,339.8,140.463510892042,19933.5182146768,0.9,74.9,43.7734066666667,-79.44235,988.3,6.53472627110035,7.27555738937856,0.1,36.2296840071851,28.4,62.1,347.4,0.7,1.2
2018-08-09 16:54:09.600,198.5,41.8033348609178,1.91507350483917,1.95409045719619,1.22097063517265,420.759223873372,429.331595439972,1.24584660670546,356.7,140.467078872845,19966.8013683348,0.9,74.9,43.7734066666667,-79.44235,988.2,6.53461805113542,7.28072810152964,0.1,36.2313477362174,28.4,63.8,53.3,0.3,0.5
2018-08-09 16:54:10.600,198.6,41.8069942198102,1.90919975569411,1.94809200626343,1.2445661836418,419.99740962467,428.553118679317,1.26992733967205,337.6,140.456444305243,19964.2208313607,0.9,74.9,43.7734066666667,-79.4423516666667,988.3,6.53147093279962,7.2819237961293,0.3,36.2329123234609,28.4,24.7,255.4,0.3,1.5
2018-08-09 16:54:11.500,198.7,41.8139238767682,1.90908005945158,1.94809691514649,1.51940222751647,419.241416259569,427.809694286256,1.55045600194255,339.8,140.46554617763,20028.1761312516,0.9,74.9,43.773405,-79.4423516666667,988.2,6.53238851835339,7.28252414863373,0.1,36.2348467956249,28.4,318.6,243.6,1.3,2.6
2018-08-09 16:54:12.500,198.8,41.8122370713633,1.90788981242309,1.94683472704738,1.47865476033409,418.722322285419,427.269514797462,1.50883850907703,335.6,140.476213471817,20004.1665024703,0.9,74.9,43.773405,-79.4423516666667,988.2,6.52915638521925,7.28712994968175,0.1,36.2364339328035,28.4,318.2,237,1.3,2.6
2018-08-09 16:54:13.500,198.8,41.8122346772698,1.90961853970071,1.94863216602266,1.5688315801816,418.73972256158,427.294660093051,1.60088400124047,328.5,140.43354122882,20021.0438677137,0.9,74.9,43.773405,-79.4423516666667,988.3,6.53069041363119,7.28175647771527,0.1,36.2382245014271,28.5,314.3,262.4,0.8,1.7
2018-08-09 16:54:14.500,198.9,41.809891161919,1.9088932564845,1.94779886776725,1.44951457955793,418.190771287376,426.714064888465,1.47905910188253,328.8,140.489115212249,19974.1597001704,0.9,75,43.773405,-79.4423516666667,988.2,6.53183327504321,7.28227942883701,0.1,36.239909542511,28.5,357.3,303.5,1.2,1.7
2018-08-09 16:54:15.600,198.9,41.8125078114035,1.9115887660417,1.95045975605957,1.31015595505851,418.039084100928,426.539725016295,1.33679447102697,14.9,140.459659636937,19929.1909101665,0.9,75,43.773405,-79.4423516666667,988.3,6.53152694583354,7.28299566984265,0.1,36.2414286545646,28.5,6.7,269.8,0.5,1.1
2018-08-09 16:54:16.600,198.9,41.8145457720381,1.90594457254399,1.94486114082298,1.19913757640106,416.926839640603,425.439751655855,1.22363144391593,333.9,140.481156434126,20009.7763213988,0.9,74.9,43.7734033333333,-79.4423533333333,988.2,6.53107279126435,7.28020802637963,0.1,36.2429036898757,28.5,333.6,269.8,0.7,1.4
2018-08-09 16:54:17.500,198.9,41.8211689582524,1.90716326705795,1.94628275019711,1.42396246455398,415.635942443073,424.161397486615,1.45316703968195,331.3,140.463361687555,20099.5226671082,0.9,75,43.7734033333333,-79.4423533333333,988.2,6.5347023780818,7.28007869048544,0.1,36.2445177055605,28.5,7,269.8,0.5,1.1
2018-08-09 16:54:18.500,198.8,41.822803036718,1.91064413066638,1.94963641878967,1.61519452659869,414.885264837433,423.352225637518,1.64815219408957,20,140.484058617409,19999.638828415,0.9,75,43.7734033333333,-79.4423533333333,988.3,6.53232868975579,7.28187385582573,0.1,36.2463904168179,28.5,0.5,285.2,0.6,1.4
2018-08-09 16:54:19.500,198.7,41.8237697671964,1.91048428938866,1.94943709496803,1.68850496973881,413.692416619417,422.127192336623,1.72291690702055,28.8,140.472404603312,19981.6762401879,0.9,75,43.7734033333333,-79.4423533333333,988.3,6.53585294473393,7.2853130312604,0.1,36.2480609800171,28.5,356.1,283.1,0.6,1.1
2018-08-09 16:54:20.500,198.7,41.8256572568873,1.90910958771596,1.94816587487698,1.30930763968988,412.68002487177,421.122593879708,1.33609116566237,48.9,140.434297549837,20047.7674550662,0.9,74.9,43.7734016666667,-79.442355,988.3,6.53460462909738,7.28264403125427,0,36.2493761352502,28.5,47.8,0.4,0.2,0.4
2018-08-09 16:54:21.500,198.7,41.8265945681899,1.90883261577786,1.94796203789159,1.3802589391045,411.092569623709,419.519316614506,1.40854315853394,43,140.471745899666,20087.0753314097,0.9,74.9,43.7734016666667,-79.442355,988.3,6.53325715377823,7.28762428647897,0,36.2509806941054,28.5,130.8,36.2,0.2,0.4
2018-08-09 16:54:22.500,198.7,41.8303523981935,1.91092165980656,1.95036480346898,1.17266484146144,409.658128732485,418.113854038979,1.19689263840369,48.4,140.439768295262,20223.3385324113,0.9,74.9,43.7734016666667,-79.442355,988.2,6.53003902653751,7.29147847093048,0.1,36.2528998977932,28.5,118.9,40.8,0.2,0.4
2018-08-09 16:54:23.500,198.7,41.8257547535927,1.90708633168154,1.94609724025852,1.04838049402009,409.564197079823,417.942257972208,1.06983197723397,69.2,140.480969886026,20045.893389122,0.9,74.9,43.7734016666667,-79.442355,988.2,6.53322720589898,7.29050298423356,0.3,36.254126462566,28.5,145.3,90.8,0.2,0.3
2018-08-09 16:54:24.500,198.7,41.8274968020057,1.9051318906012,1.94412921822603,1.33146612138101,409.494417333836,417.87659647166,1.35872078489847,66,140.459397667131,20059.0243468234,0.9,75,43.7734016666667,-79.442355,988.3,6.53274669984236,7.29038926236715,0.1,36.2560655219231,28.5,162,90.8,0.2,0.3
2018-08-09 16:54:25.500,198.6,41.8289195594855,1.90266009967388,1.94129170765524,1.22023506257146,409.150379519492,417.457878165495,1.24502835289044,328.1,140.485840636483,19900.1222498101,0.9,75,43.7734016666667,-79.4423533333333,988.3,6.53251665259604,7.2880404929484,0,36.2576102045984,28.5,148.9,90.8,0.2,0.2
2018-08-09 16:54:26.500,198.6,41.8324883516741,1.90542565709952,1.94388023309212,1.14037240341236,408.744148126249,416.993137368499,1.16339899758423,3.8,140.446910282643,19782.1390555927,0.9,75,43.7734,-79.4423533333333,988.3,6.53561799476458,7.28690039637317,0,36.2590775609636,28.5,0,37.6,0,0.4
2018-08-09 16:54:27.500,198.6,41.8393911996499,1.90701508056012,1.94586565694833,1.38049312734538,408.622220568898,416.946816196634,1.40861270871268,35.3,140.444056576875,19965.7008468373,0.9,75,43.7734,-79.4423533333333,988.3,6.53327605203736,7.28985576849167,0,36.2607745938928,28.5,120.1,0.4,0.2,0.3
2018-08-09 16:54:28.500,198.6,41.843517756976,1.90525840246736,1.94440075898771,1.25561198119489,408.417386160845,416.808102960759,1.28141150953694,82.2,140.465505866466,20130.8285090248,0.9,75,43.7734,-79.4423516666667,988.2,6.53537280130259,7.28837789884042,0,36.2623699164506,28.5,75.3,0.4,0.2,0.2
2018-08-09 16:54:29.500,198.5,41.8480652410721,1.90673282733071,1.94584015828535,1.12292982097973,408.151620968139,416.522919836731,1.14596239023151,171.7,140.436218723635,20098.0016908105,0.9,75,43.7733983333333,-79.44235,988.3,6.5330701832105,7.28797662245743,0,36.264358252976,28.5,165.7,143.5,0.1,0.7
2018-08-09 16:54:30.500,198.4,41.8482543806836,1.90768363447515,1.94695303084666,1.21625838893245,408.167544826547,416.56977697628,1.24129929932362,311.4,140.460520477619,20169.9320409682,0.9,75,43.7733966666667,-79.4423483333333,988.3,6.52905638935319,7.28851184158201,0.1,36.2657931808952,28.5,232.2,179.2,0.5,0.8
2018-08-09 16:54:31.500,198.4,41.8547767843113,1.90698511720914,1.94627194321396,1.31228718196941,408.364551634758,416.777571508403,1.33931933822078,310.3,140.457451123921,20185.7126662789,0.9,75,43.773395,-79.4423466666667,988.3,6.53708062510261,7.29001971018457,0.3,36.2674360962167,28.5,216.6,151.9,0.4,0.9
2018-08-09 16:54:32.500,198.2,41.857206041145,1.90559131926641,1.94453817169923,1.29177462339743,407.503153790297,415.831653684724,1.31817691443015,304.3,140.480468679693,20028.5418566632,0.9,75.1,43.7733933333333,-79.4423466666667,988.3,6.53871090069693,7.29502592905191,0.3,36.2690210747787,28.5,259.1,160.1,0.2,0.9
2018-08-09 16:54:33.500,198,41.8547933519483,1.90495559476445,1.94383986924899,1.18253946453873,407.556142714207,415.875147656455,1.20667736063458,306.6,140.447607056602,20003.6941704865,0.9,75.1,43.7733916666667,-79.4423466666667,988.3,6.5355247770391,7.29243696253443,0.3,36.2707238643086,28.5,219,143.6,0.8,1.8
2018-08-09 16:54:34.500,197.7,41.8480671800192,1.90546044803144,1.9443663304118,1.2821123339267,407.730993764725,416.055956339024,1.30829286358791,320.2,140.471238416354,20009.2104207355,0.9,75.1,43.77339,-79.442345,988.2,6.53132772361946,7.2864966878162,0.3,36.272193794084,28.5,216.1,149.2,1.1,1.9
2018-08-09 16:54:35.500,197.5,41.8454122940577,1.90707792801526,1.94613536646323,1.33549741473103,407.519370307724,415.865424080164,1.36284040679922,323.4,140.462196701037,20069.001725724,0.9,75.1,43.77339,-79.442345,988.3,6.53454617064608,7.28368547347718,0.3,36.2736865135892,28.5,237.2,169.7,0.8,1.7
2018-08-09 16:54:36.500,197.3,41.8457091921587,1.90737788190567,1.94654049860204,1.17221182981428,407.391828648053,415.756447589244,1.19627928827771,313,140.447603410558,20119.0287930617,0.9,75.1,43.7733883333333,-79.442345,988.2,6.53535591030533,7.28546450486397,0.3,36.2755660928993,28.5,248.2,179.2,0.9,1.9
2018-08-09 16:54:37.500,197,41.8439192087512,1.90774122167332,1.94694805274771,1.17774887959213,406.785142603051,415.145127662466,1.20195008321256,314.5,140.460251975491,20137.4942598121,0.9,75.1,43.7733866666667,-79.442345,988.2,6.53153232372201,7.28698595054446,0.1,36.2768776492759,28.5,256.4,184.4,1.3,2.8
2018-08-09 16:54:38.500,196.7,41.8441400380064,1.90274238133214,1.94192971416585,1.18547677951491,406.495912774088,414.867817797016,1.20988762445553,313.3,140.458221244404,20179.5876300321,0.9,75,43.773385,-79.442345,988.3,6.53246745668509,7.28755429034883,0.1,36.2787229447032,28.5,247.6,179.2,1.6,3.6
2018-08-09 16:54:39.500,196.6,41.8412376969331,1.90389926529456,1.94305932810938,1.22745573106597,406.295840896341,414.652684466323,1.25269908393129,319,140.475317047691,20153.7712469672,0.9,75,43.7733833333333,-79.4423433333333,988.3,6.53119721228181,7.29194464892888,0.1,36.2800340478753,28.5,258.9,185.5,2,3.7
2018-08-09 16:54:40.500,196.5,41.8400881565483,1.90562625838951,1.94473393048873,1.124609742891,406.708641401297,415.055176543542,1.14768178650042,334.2,140.458299744544,20109.2851016904,0.9,75,43.7733816666667,-79.4423433333333,988.2,6.53076783182356,7.28914752651963,0.3,36.2814891657128,28.5,241.4,150.1,1.1,2.3
2018-08-09 16:54:41.500,196.6,41.836198708872,1.90421811274183,1.94312190550663,1.0354610595291,406.084131436147,414.380508436004,1.05660839727662,339.4,140.493039170417,20021.15978796,0.9,75,43.7733833333333,-79.4423433333333,988.3,6.53542155652573,7.29336600623763,0.3,36.2828729159524,28.5,243.9,168.7,1.8,3.6
2018-08-09 16:54:42.500,196.6,41.8357029879553,1.90669043614053,1.94570502047759,1.03229301729474,406.427357805274,414.743591148685,1.05341213464675,335.4,140.460613825199,20051.5002739885,0.9,75,43.7733833333333,-79.4423433333333,988.3,6.5344195382423,7.28877611379571,0.3,36.2845017349522,28.5,246,179.2,1.6,2.6
2018-08-09 16:54:43.500,196.6,41.8359746439003,1.90688629048451,1.94590004119102,1.39057701850429,407.349498362761,415.683544514421,1.4190269587307,335.4,140.459261109269,20048.9410096461,0.9,75,43.7733816666667,-79.4423433333333,988.4,6.53482723191076,7.28332315781739,0.3,36.2864574500702,28.5,261.7,200.9,1.4,2.6
2018-08-09 16:54:44.500,196.5,41.8390542695861,1.90925431287413,1.94834209049646,1.30450573368488,408.32944857658,416.689125928871,1.33121279937335,333.3,140.460805459396,20061.9906279282,0.9,75.1,43.7733816666667,-79.4423416666667,988.3,6.53594165642897,7.28722916418855,0.1,36.2878976192413,28.5,261.2,179.2,0.9,1.9
2018-08-09 16:54:45.500,196.5,41.8430833286863,1.90821252652505,1.94729500580448,1.20241816031641,409.560185999451,417.948478910353,1.22704461472023,337,140.469971732909,20070.0137759912,0.9,75.1,43.77338,-79.44234,988.2,6.5342380718386,7.28730576278872,0.3,36.28961244018,28.5,310.5,225.1,0.8,1
2018-08-09 16:54:46.500,196.5,41.8453627959513,1.90457757820679,1.94361922470272,1.20693622353148,411.150632546086,419.578775071669,1.23167705502661,332.4,140.472396807343,20087.0889404282,0.9,75.1,43.7733783333333,-79.4423383333333,988.3,6.53513675017427,7.2861895040545,0.3,36.2909796783008,28.5,314.6,148.6,0.4,0.7
2018-08-09 16:54:47.500,196.4,41.8474182192837,1.90472937330771,1.94375383735031,1.12960551658633,412.089205990186,420.532240750632,1.15275112473265,326.2,140.457049998372,20077.0416272568,0.9,75.1,43.7733766666667,-79.4423383333333,988.3,6.53726460096733,7.28907908385174,0.1,36.2925377739417,28.5,147.8,52.5,0.6,1.4
2018-08-09 16:54:48.500,196.5,41.8449625990774,1.90526778953987,1.94428853666465,1.31467626702639,412.820467427651,421.275353516592,1.34160612182837,322.7,140.487496740155,20069.7795879476,0.9,75.1,43.7733766666667,-79.4423383333333,988.3,6.53877166105028,7.2886008270811,0.1,36.29403960589,28.5,126.2,55.5,0.7,1
2018-08-09 16:54:49.500,196.4,41.8461277624818,1.90606754622401,1.94514184272425,1.41581489457476,413.705531929224,422.186507391172,1.44483660690695,331.3,140.458067125546,20088.340550363,0.9,75.2,43.773375,-79.4423383333333,988.3,6.53661198274374,7.28846160000945,0.1,36.2957337711099,28.5,113.8,335.3,0.4,1
2018-08-09 16:54:50.500,196.4,41.8470247240238,1.90620127387525,1.94535453081126,1.09501087196232,413.779595578525,422.278533152278,1.11750716295251,340.4,140.459444477549,20126.4844308454,0.9,75.2,43.7733733333333,-79.4423383333333,988.3,6.53393856340131,7.29109681461281,0.1,36.2974948344143,28.5,43.7,318.2,0.7,1.3
2018-08-09 16:54:51.500,196.3,41.8517585795871,1.90673172748638,1.94587143904927,1.26774389746918,413.708910471657,422.201048138517,1.29376555255251,337.6,140.462045398778,20114.0391505176,0.9,75.2,43.77337,-79.4423383333333,988.2,6.53008337451728,7.28936814058977,0.1,36.298770423359,28.5,56.6,313.6,0.5,1.1
2018-08-09 16:54:52.500,196.3,41.8554640485938,1.90733074668526,1.94650869908947,1.37708234281616,413.643083391375,422.139535407625,1.4053768686505,342.2,140.460215035335,20127.075799875,0.9,75.2,43.7733683333333,-79.44234,988.4,6.52897216259314,7.29125051677131,0.1,36.3001135547137,28.5,21.6,320.7,0.7,1.5
2018-08-09 16:54:53.500,196.4,41.8571305987404,1.90672541133254,1.94603265494873,1.35985917656729,413.912069456186,422.444884972116,1.38789685758746,347.6,140.444171826424,20198.5625617324,0.9,75.2,43.773365,-79.4423416666667,988.3,6.53481084162344,7.28961729336273,0.3,36.3016539050813,28.5,54.6,343.9,1,1.9
2018-08-09 16:54:54.500,196.4,41.8614901537102,1.90475088408613,1.94399365200847,1.23555700677625,414.25156986265,422.78627152574,1.26101360007288,323.8,140.457576779609,20186.783876764,0.9,75.2,43.7733633333333,-79.4423433333333,988.3,6.53670183217866,7.28170404409828,0.1,36.303441397253,28.5,70.4,352,1.1,2.2
2018-08-09 16:54:55.500,196.4,41.8675409616812,1.90667067272471,1.94584950856436,1.26971747481523,413.725330129602,422.226885624569,1.295809344651,293.2,140.463391700511,20134.873906691,0.9,75.2,43.7733616666667,-79.4423433333333,988.2,6.53609293491788,7.28210856543886,0.1,36.3050137522868,28.5,70.2,11.2,0.7,1.1
2018-08-09 16:54:56.500,196.3,41.8711476190736,1.90798602310399,1.94722564231272,1.08989706404162,412.995225950498,421.488834256871,1.1122908082537,329,140.43839933814,20151.454008626,0.9,75.2,43.77336,-79.442345,988.3,6.53504327624766,7.28687834744101,0.1,36.3069243543169,28.5,90.5,14.5,0.8,1.2
2018-08-09 16:54:57.500,196.2,41.8642511426761,1.90890888450465,1.94824921463521,1.00281297859769,412.806800245188,421.314227575467,1.02347021073502,330.5,140.468206888796,20192.5291883454,1,75.2,43.7733583333333,-79.442345,988.3,6.53222790003803,7.28771580805099,0.3,36.3082226860185,28.5,89.8,0.4,0.7,1.7
2018-08-09 16:54:58.500,196.1,41.8614851090348,1.90736000250238,1.94659339861625,1.14543718077954,412.43064521136,420.914135266807,1.16900019124494,329.5,140.462081649505,20154.9325751282,0.9,75.2,43.7733583333333,-79.442345,988.3,6.53193771854965,7.28627723358174,0.3,36.3094412529704,28.5,102,25.1,0.7,0.9
2018-08-09 16:54:59.500,196,41.8641081590111,1.90507784755009,1.94435569355553,1.14313913356536,411.741212389331,420.230225666068,1.16670825128108,335.3,140.462814743337,20200.867803946,1,75.1,43.7733566666667,-79.4423466666667,988.4,6.53243186954961,7.28931611423973,0.5,36.3111037244301,28.5,116.9,36.1,0.4,0.5
2018-08-09 16:55:00.500,195.9,41.8704739413321,1.90305341276907,1.94198994339874,1.24376901578914,411.440733373648,419.85886710959,1.26919632985463,335.5,140.443157532339,20049.8428316628,1,75.1,43.7733566666667,-79.4423466666667,988.3,6.53480459413536,7.28970241587445,0.5,36.3126312666096,28.5,129.8,90.8,0.4,0.3
2018-08-09 16:55:01.500,195.8,41.8721500925936,1.9045472271811,1.9432704589335,1.2757853642839,410.956083530204,419.311646913721,1.30172156236898,331.7,140.458541716133,19926.911854673,1,75.1,43.773355,-79.4423466666667,988.3,6.5372799454933,7.29047599081069,0.5,36.3140670336206,28.5,199,152.5,0.4,0.6
2018-08-09 16:55:02.500,195.9,41.8731048419542,1.90747093066875,1.94663226165021,1.28381000051118,411.199010069749,419.641246154392,1.31018767095208,327.1,140.460158062587,20117.4221219853,1,75.1,43.773355,-79.442345,988.3,6.53748637441576,7.28946504491891,0.5,36.3156559379445,28.5,213.8,179.2,0.2,0.3
2018-08-09 16:55:03.500,196,41.8767160769563,1.9074094094891,1.94662114412635,1.38840090379283,411.378328404732,419.835288108242,1.41694535423083,314.6,140.462263309777,20143.2440017648,0.9,75,43.7733533333333,-79.442345,988.3,6.53709188610678,7.28624434236051,1.1,36.3174543079634,28.5,159.7,90.8,0.4,0.4
2018-08-09 16:55:04.500,196.2,41.8768999808855,1.9052344479602,1.94432787584803,1.32524488862949,411.158737914377,419.595314036202,1.35243258491115,315.4,140.4813494749,20106.3024155911,0.9,75.1,43.7733533333333,-79.442345,988.4,6.5345443409762,7.28260232286346,1.1,36.3190474307484,28.5,168.2,179.2,0.4,0.2
2018-08-09 16:55:05.500,196.4,41.8804020884893,1.90322560385188,1.9422981697622,1.26985875035589,411.136330376427,419.576787425995,1.29592852763733,312.2,140.465088353957,20116.4932428709,0.9,75,43.7733533333333,-79.4423466666667,988.3,6.53735492697982,7.28542678942399,0.7,36.320411949793,28.5,181.9,241.1,0.1,0.4
2018-08-09 16:55:06.500,196.5,41.8838419566141,1.90563968400778,1.94458970878759,1.27987105029564,410.708598193198,419.103123360992,1.30603042380531,319.7,140.466451677947,20029.6989649118,0.9,75,43.7733516666667,-79.4423483333333,988.3,6.53833242026567,7.28834606975169,0.7,36.3219636189856,28.5,308.7,269.8,0.1,0.4
2018-08-09 16:55:07.500,196.7,41.8862785924935,1.90885985410888,1.94790485886207,1.35165381431031,410.482322261806,418.87855192521,1.37930257908043,325.2,140.453832253362,20044.5214909518,0.9,75,43.77335,-79.44235,988.3,6.53807193665944,7.29005699612719,0.7,36.3237159802127,28.5,101.3,0.4,0.1,0
2018-08-09 16:55:08.500,196.9,41.8853332626287,1.90776088276618,1.94689389589476,1.37234527806025,410.841067183326,419.268520240316,1.40049477483283,328.4,140.47795670805,20100.2374686319,0.9,75,43.77335,-79.4423516666667,988.4,6.5415707539177,7.28861447062944,0.7,36.3251938848798,28.5,155.4,119.6,0.3,0.5
2018-08-09 16:55:09.500,197,41.8829925704515,1.90878632885749,1.947901833973,1.28704553158093,411.929505010802,420.370952434907,1.31342289219231,329.7,140.452808974808,20080.8873664611,0.9,75,43.77335,-79.4423516666667,988.4,6.53805022776202,7.28300402064345,0.7,36.3267998205038,28.5,193.8,150.8,0.5,0.9
2018-08-09 16:55:10.500,197.1,41.8803442075753,1.91096089728891,1.95006169473302,1.3067017828215,411.842305870983,420.269253016576,1.33343991311895,327.5,140.458265066206,20051.1895067189,0.9,75,43.7733483333333,-79.4423516666667,988.4,6.53654917860499,7.28712366176381,0.7,36.3281783667734,28.5,241.4,179.2,0.9,2.1
2018-08-09 16:55:11.500,197.1,41.8795001227675,1.91104033572752,1.95011113566897,1.3396649704342,411.307723480043,419.716854597445,1.36705547239583,326.5,140.478519976582,20035.1699348141,0.9,75,43.7733483333333,-79.4423533333333,988.4,6.53670099406687,7.2881449698061,0.5,36.3296047139649,28.5,243.8,165.8,1.1,2.1
2018-08-09 16:55:12.500,197.1,41.8781349280629,1.91056249226149,1.94959065724323,1.15386280046886,411.011653740169,419.407582478793,1.17743208400129,326.4,140.46809712654,20018.52938838,0.9,75,43.7733466666667,-79.4423533333333,988.3,6.53583474033927,7.28428115852471,0.5,36.3311963278648,28.5,234.9,195,0.9,1.7
2018-08-09 16:55:13.500,197,41.8749133140449,1.90902867361418,1.9481321003183,1.13238721798348,410.830927232214,419.246152653563,1.15558668292743,327.5,140.46650965543,20072.3100883918,0.9,75,43.7733466666667,-79.4423533333333,988.4,6.53991501159191,7.28424243928847,0.3,36.3327111239701,28.5,12.8,295.4,0.8,2.1
2018-08-09 16:55:14.500,196.9,41.8724955693062,1.90751467485891,1.94654237549949,1.27722253430228,410.167710012236,418.559805833415,1.30335212280989,324.8,140.468469657354,20049.9206975033,0.9,75,43.773345,-79.4423533333333,988.3,6.54249153287721,7.28681454446782,0.1,36.3344206783154,28.5,22.2,300.9,1.9,3.6
2018-08-09 16:55:15.500,196.7,41.8690880647053,1.90806150394001,1.9469957579709,1.1658237832342,409.530066937933,417.886661292932,1.18961361011419,304.2,140.487737095885,19997.2220567197,0.9,75,43.7733433333333,-79.4423533333333,988.4,6.53637759327029,7.28820860078683,0.1,36.3357844354413,28.5,334.5,333.4,0.7,2.6
2018-08-09 16:55:16.500,196.4,41.8719654438924,1.90701692652632,1.94598264447078,1.11406198110896,409.80579616134,418.179338841909,1.13682732919341,288.1,140.449975877743,20023.7097822444,0.9,74.8,43.7733416666667,-79.4423533333333,988.3,6.5338195062518,7.28587508805363,0.1,36.3374076769454,28.5,57,312.6,1.9,2
2018-08-09 16:55:17.500,196.1,41.8734753431568,1.90813247802802,1.94727134600296,1.24649786707233,409.225870522142,417.619676204469,1.27206876026401,288,140.463664654228,20099.2910228691,0.9,75,43.7733416666667,-79.4423533333333,988.4,6.53564424220891,7.28777335772385,0.1,36.338998468437,28.5,18.9,316.4,1.3,2.1
2018-08-09 16:55:18.500,195.7,41.8760630035247,1.90740174578846,1.94656377208831,1.29935585725986,408.704353683389,417.095622103379,1.32603405930608,312.1,140.445673721874,20118.4680464495,0.9,74.9,43.77334,-79.4423533333333,988.4,6.53428176247832,7.28983034523596,0.1,36.3406105218054,28.5,32.3,329.1,1.4,2.1
2018-08-09 16:55:19.500,195.3,41.8771398157857,1.90798435779602,1.94711437811691,1.18637853310548,408.360196249953,416.735163166697,1.21071025469355,307.6,140.453502202929,20096.6236805753,0.9,75,43.7733383333333,-79.4423516666667,988.3,6.53451239150864,7.28942978548991,0.1,36.3421039369468,28.5,71,350.6,1.3,2.3
2018-08-09 16:55:20.500,195.1,41.8753140182248,1.90695728408495,1.94596804047087,1.25970766372321,407.418578638506,415.753337370489,1.28547254870434,317.2,140.469455639557,20047.3113702372,0.9,75.1,43.7733383333333,-79.4423516666667,988.3,6.53704752702361,7.29357920304672,0.1,36.3434562726001,28.5,58.3,337.8,0.9,1.8
2018-08-09 16:55:21.500,194.9,41.8727038908236,1.90666338472924,1.94561894789309,1.27477112889605,407.437257265367,415.761862166986,1.30081639617796,318.4,140.468306577573,20022.4602215741,0.9,75.1,43.7733383333333,-79.4423516666667,988.3,6.5313115643392,7.29238874072784,0.1,36.3448271652446,28.5,49.9,339.9,1,2
2018-08-09 16:55:22.500,194.8,41.8676847417637,1.90935184912024,1.94835528133755,1.41242894732175,407.847942468976,416.179356873339,1.44128085076848,317.4,140.472142365264,20018.7724474537,0.9,75.1,43.7733366666667,-79.44235,988.2,6.52811484116056,7.28870953291905,0,36.346300594341,28.5,77.3,11.7,1.5,3.5
2018-08-09 16:55:23.500,194.8,41.8655221098626,1.90957966417483,1.94847259301466,1.43019087604728,407.613438454074,415.915443572885,1.45932486857539,318.3,140.433547440956,19960.7437457099,0.9,75.1,43.7733366666667,-79.44235,988.3,6.53293983018508,7.29038462794858,0,36.3478908988691,28.5,70.6,4.2,1.7,3.1
2018-08-09 16:55:24.500,194.7,41.8618350980946,1.9067760799454,1.94581861983271,1.16843512644514,407.548834623691,415.893773079861,1.19234283154551,166.1,140.462646910189,20064.9473910477,0.9,75.1,43.7733366666667,-79.4423483333333,988.2,6.53426955308537,7.29208043169013,0.1,36.3493295525435,28.5,75.5,354.4,1.5,2.7
2018-08-09 16:55:25.500,194.6,41.8648684371719,1.90549260393017,1.94460968633681,1.19329030590964,407.698643948277,416.06813125367,1.21778326317059,176.5,140.446312213205,20115.719187777,0.9,75.1,43.773335,-79.4423483333333,988.3,6.53589094242411,7.29024519676886,0,36.3512293578079,28.5,83.9,21.6,1.4,2.7
2018-08-09 16:55:26.500,194.5,41.8684405265281,1.90494762909067,1.9440327607227,1.20862401585062,408.005232495278,416.376514115201,1.23342145767138,157.8,140.450597496444,20105.0924202035,0.9,75,43.7733333333333,-79.4423466666667,988.2,6.53770586957814,7.29159519348211,0,36.352628422836,28.5,92.3,12.9,1.8,3.9
2018-08-09 16:55:27.500,194.4,41.8699661062379,1.90334686010072,1.94224129616942,1.17262595686836,409.106832831604,417.466763833282,1.19658708382562,128.9,140.457364148004,20025.5234203138,0.9,75,43.7733316666667,-79.4423466666667,988.4,6.53965962347671,7.28877610613451,0.1,36.3540594769728,28.4,83.4,6.2,1.9,4.2
2018-08-09 16:55:28.500,194.2,41.8759238633976,1.90571278854428,1.94461154969776,1.1043059777551,409.839344582499,418.204826980899,1.12684444247586,132.9,140.472459065213,20003.3741996833,0.9,75,43.77333,-79.4423466666667,988.2,6.53697148818166,7.28962591637468,0,36.3556672110469,28.4,73.2,356.7,2.4,4.5
2018-08-09 16:55:29.500,194.1,41.8815470560778,1.90779193263446,1.94683069680477,1.15338721456217,410.515401243547,418.915713648226,1.17699076712884,161,140.469017736773,20052.5266949059,0.9,75,43.7733283333333,-79.442345,988.3,6.53641881322583,7.29452351705289,0,36.3569229785308,28.4,75.3,7.2,2.3,3.8
2018-08-09 16:55:30.500,193.9,41.8880243512823,1.90679867481197,1.94577706647123,1.23127730594106,411.734304617578,420.150851065063,1.25644711187672,166.8,140.450820926189,20032.3667591392,0.9,75,43.7733266666667,-79.4423433333333,988.2,6.54016332163071,7.29412271618397,0,36.3581997878976,28.4,72.1,356.6,2,3.9
2018-08-09 16:55:31.500,193.8,41.8943841318803,1.90588691563209,1.94487278522943,1.16676569697929,413.107785173361,421.558068612791,1.19063064739224,84.3,140.479207895206,20045.3453163426,0.9,75,43.7733266666667,-79.4423416666667,988.3,6.54041221132381,7.29260136943902,0,36.3596810873925,28.4,78.7,19,1.8,3
2018-08-09 16:55:32.500,193.7,41.899785859004,1.9062797121731,1.94530367708652,1.14110295041108,414.268326197983,422.748918476986,1.16446259594567,17.3,140.447356851954,20060.6356858451,0.9,75,43.773325,-79.4423416666667,988.3,6.53904269132257,7.2919457965823,0,36.3614930524025,28.4,100.1,20.8,1.3,2.2
2018-08-09 16:55:33.500,193.6,41.8992769293968,1.90370827660068,1.94267918121069,1.18211417391984,414.343257011064,422.825282494508,1.20631321725313,321.7,140.465551277406,20060.3939951431,0.9,75,43.773325,-79.44234,988.2,6.53508280552273,7.29101623981609,0,36.3631973325238,28.4,75.4,349.2,1,2
2018-08-09 16:55:34.500,193.4,41.8984900083098,1.90237592684813,1.94126991936698,1.16357784133733,414.865220862291,423.347153281235,1.1873683484053,239.4,140.471739900328,20035.4428346665,0.9,75.2,43.773325,-79.44234,988.2,6.53844169989988,7.29408958851816,0,36.3648593765552,28.4,67.9,342.9,1.1,2.5
2018-08-09 16:55:35.500,193.1,41.8981965076741,1.90639664236729,1.94536495505021,1.17573161130271,415.853419705778,424.353826252773,1.1997652219124,247.1,140.477611165971,20031.3678924735,0.9,75.1,43.773325,-79.4423383333333,988.4,6.53954305701389,7.29389174483364,0,36.3662249593396,28.4,65,354.6,1.3,2.5
2018-08-09 16:55:36.500,192.9,41.8984777834818,1.9070962968127,1.94624672780343,1.21428415092046,416.99831023923,425.558838920803,1.23921273865966,201.3,140.464432067624,20115.8473014847,0.9,75.1,43.7733233333333,-79.4423383333333,988.3,6.53647580450827,7.29246725756772,0,36.3674403283767,28.4,84.2,355.7,0.9,2
2018-08-09 16:55:37.500,192.8,41.8995441968549,1.90610335148096,1.94511107960666,1.2247316081779,418.645537641536,427.212940110723,1.24979573905593,251.9,140.470925494114,20054.3378340168,0.9,75.1,43.7733233333333,-79.4423366666667,988.3,6.53703535255658,7.28925776948711,0,36.3689128422024,28.4,75.4,0.4,1,1.7
2018-08-09 16:55:38.500,192.7,41.9001846730219,1.90723387360269,1.94629584064992,1.04027844478574,419.998897924891,428.600917029683,1.06157591444878,236.9,140.473851853593,20070.0066851211,0.9,75.1,43.7733233333333,-79.442335,988.2,6.5357900342077,7.29192603946585,0,36.3706570185558,28.4,87,0.4,0.8,2
2018-08-09 16:55:39.500,192.6,41.9043068880157,1.90663542578503,1.94556486219739,1.13837238277529,421.316789543177,429.919172531774,1.16160419276675,217,140.427013216847,20009.4917564565,0.9,75.2,43.7733233333333,-79.442335,988.2,6.53674882856556,7.29254907607059,0,36.3726574400851,28.4,57.6,333.8,0.9,1.6
2018-08-09 16:55:40.500,192.4,41.9034214640272,1.9048572142184,1.94370535372202,1.31990707925739,424.01885254758,432.666415071834,1.3468270499785,144.6,140.468292865022,19986.4994405052,0.9,75.2,43.7733233333333,-79.4423333333333,988.3,6.54366816172261,7.29181958855731,0,36.3737713950362,28.4,104.5,52.1,0.5,1
2018-08-09 16:55:41.500,192.3,41.9059571098341,1.90700876519032,1.94605944101744,1.30755261811474,426.660471309443,435.397502504471,1.33432650534875,121.8,140.443401639237,20066.5857908868,0.9,75.1,43.7733216666667,-79.4423333333333,988.2,6.53734352864752,7.28855459243187,0.1,36.3753803307142,28.4,102.6,0.4,0.4,0.7
2018-08-09 16:55:42.500,192.2,41.9020913173758,1.90847251014673,1.94741121381143,1.39394029447908,429.445358772944,438.207420500689,1.42237547712018,133.6,140.461735811569,19995.3255751762,0.9,75.2,43.7733216666667,-79.4423316666667,988.3,6.53474461619066,7.28572729014533,0.1,36.376714301362,28.4,91,0.4,0.7,1.6
2018-08-09 16:55:43.500,192.1,41.8982325679312,1.9101903780267,1.94916223710407,1.40743274581179,431.162736997253,439.959487780352,1.43614631222847,127.6,140.463014183135,19994.342502535,0.9,75.1,43.7733216666667,-79.44233,988.2,6.53843262300639,7.28989648532648,0.1,36.3783213819645,28.4,61.7,352,0.8,1.7
2018-08-09 16:55:44.500,192,41.8984893773268,1.90950806358831,1.94855487314758,1.65148072188305,432.053246176299,440.888151898648,1.68525365937559,143.5,140.475032514711,20038.7319714185,0.9,75.1,43.7733216666667,-79.4423283333333,988.4,6.54111492119612,7.2954068974661,0,36.3797304490213,28.4,44.7,317.4,0.4,1.2
2018-08-09 16:55:45.500,191.9,41.8994310009434,1.91039206727806,1.9493907967399,1.67074170129465,433.647258331346,442.499502547577,1.70485004431034,183.1,140.464728375858,20005.1906138515,0.9,75.2,43.77332,-79.4423266666667,988.3,6.53990875047495,7.29570045939753,0,36.3812232176565,28.4,62.1,0.4,0.6,1.6
2018-08-09 16:55:46.500,191.9,41.9077784013382,1.90913746177248,1.94810728846144,1.54065806992914,434.411648093653,443.278894254189,1.57210582293909,194,140.423182836119,20003.7933889641,0.9,75.1,43.77332,-79.4423266666667,988.3,6.53735706899657,7.29281672341126,0,36.3828528829432,28.4,57.4,340.2,0.9,1.8
2018-08-09 16:55:47.500,191.9,41.9106476371799,1.91148840952211,1.95043797261887,1.38334755480527,434.024139883057,442.868033395103,1.41153765373766,221.6,140.472804888936,19969.5614655838,0.9,75.2,43.7733183333333,-79.442325,988.2,6.53800549913604,7.29369980685445,0,36.3840911330949,28.4,75.6,14.2,0.7,1.3
2018-08-09 16:55:48.500,191.9,41.9163116778891,1.91052637126001,1.9494406743471,1.38905085273408,434.205290794358,443.04940950585,1.41734373515813,260.5,140.436260268049,19961.8876618191,0.9,75.1,43.7733183333333,-79.442325,988.3,6.54038921719193,7.28758481391664,0,36.3856624375914,28.4,89.2,5.1,0.8,2.1
2018-08-09 16:55:49.500,191.9,41.9151216937875,1.90839616769023,1.94717569186128,1.58431940048047,433.357936948895,442.164029311718,1.6165097870422,333.6,140.454463122412,19915.7655936768,0.9,75.2,43.7733183333333,-79.4423233333333,988.3,6.54331488969491,7.28974965003558,0,36.3869868022914,28.4,72,356.5,1.2,2.5
2018-08-09 16:55:50.500,192,41.9098682698871,1.90912163263067,1.94781479511787,1.54515823672857,432.776819038911,441.548048234881,1.57647544569906,356,140.461356936667,19864.6637548632,0.9,75.2,43.7733183333333,-79.44232,988.1,6.53742018172538,7.29305527728755,0.1,36.3886115058041,28.4,67.5,0.4,1.2,2.7
2018-08-09 16:55:51.500,191.9,41.9075736714947,1.91154602103284,1.95037869367926,1.61829447151666,432.530932192302,441.317774447067,1.65117230565004,336.1,140.47294545424,19910.4092771346,0.9,75.2,43.7733166666667,-79.4423183333333,988.3,6.53501992781426,7.29184626573465,0,36.3903952906513,28.4,73.2,351.9,1.7,3.6
2018-08-09 16:55:52.500,191.7,41.9062903316615,1.91211601317435,1.95105678146178,1.514072150775,432.258669058261,441.061763379072,1.54490498401304,320.2,140.46103512028,19958.9626171543,0.9,75.1,43.773315,-79.4423166666667,988.3,6.53554807178828,7.29234180645911,0.1,36.3917495502098,28.4,50.4,334.2,1.7,3.3
2018-08-09 16:55:53.500,191.6,41.9063757380094,1.91161166561051,1.95050411339326,1.56165841878008,431.96975840706,440.758396959081,1.59342951493577,300.2,140.456204217197,19939.7921298393,0.9,75.1,43.7733133333333,-79.4423166666667,988.3,6.53262449207881,7.28968193936385,0.1,36.3933531728518,28.4,67.9,354.1,1.3,2.5
2018-08-09 16:55:54.500,191.5,41.912717985549,1.90782985227803,1.94649100944669,1.59892516661536,430.954047989559,439.68721506255,1.63132719262726,285.6,140.489609296849,19862.1152469389,0.9,75,43.7733133333333,-79.4423166666667,988.4,6.53837204198839,7.29312941279189,0,36.3947816214625,28.4,65.3,0.4,0.9,1.7
2018-08-09 16:55:55.500,191.5,41.920511580937,1.90722920968257,1.9459930815705,1.50997746211047,430.356515962504,439.103463884014,1.5406644404088,290.8,140.430851078473,19919.9873912518,0.9,75.1,43.7733133333333,-79.442315,988.3,6.54046337102783,7.29251802984943,0,36.3962206822435,28.4,75.5,9,1.1,2.3
2018-08-09 16:55:56.500,191.4,41.9178773765242,1.90969703815589,1.94848450856074,1.44433283085874,430.725154988386,439.473493709563,1.47366853654059,23.2,140.475659992046,19906.4399089602,0.9,75.1,43.7733116666667,-79.442315,988.2,6.53726104993718,7.29018540176258,0,36.3979002078584,28.4,64.6,351.3,1.1,1.9
2018-08-09 16:55:57.500,191.4,41.9135811422056,1.90764029692726,1.94628098707634,1.52867931717433,430.886024725935,439.613868630391,1.55964223101581,74.9,140.469718851295,19853.3486074734,0.9,75.2,43.7733116666667,-79.442315,988.2,6.53657606201865,7.28417268082828,0,36.3992523613146,28.4,64.2,0.4,0.9,1.8
2018-08-09 16:55:58.500,191.4,41.9134373616486,1.9091101230389,1.947981504549,1.46809822246446,430.024646903789,438.780146041422,1.49798494464171,77.2,140.471355537446,19954.3330973532,0.9,75.1,43.7733116666667,-79.442315,988.3,6.53686655191144,7.28503339987731,0,36.4003157007536,28.4,97.1,23.7,0.6,0.9
2018-08-09 16:55:59.500,191.4,41.9130660204497,1.91057727211373,1.94930140958508,1.50626685413196,429.433325804313,438.137156576817,1.53679218898142,22.6,140.463671237335,19865.5220349868,0.9,75.2,43.77331,-79.442315,988.3,6.53510226050224,7.2905513376413,0.1,36.4020171307595,28.4,75.5,341.6,0.2,0.8
2018-08-09 16:56:00.500,191.4,41.9127010152647,1.90609305316799,1.9447633399624,1.55104020204028,428.323400628426,437.01314783466,1.58250728059811,22.8,140.470995301718,19884.4445403515,0.9,75.2,43.7733083333333,-79.4423133333333,988.4,6.53595549964231,7.29096857387496,0.1,36.4036397332247,28.4,11.3,299.4,0.6,1.5
2018-08-09 16:56:01.500,191.4,41.9125368351336,1.90809590604982,1.94672258691394,1.46861576876601,427.680039698616,436.337886692733,1.49834756355043,8.3,140.49189928672,19841.9525331651,0.9,75.2,43.7733083333333,-79.4423133333333,988.3,6.53486237538333,7.29248087099916,0.1,36.4052069146109,28.4,329.2,269.8,0.5,1.1
2018-08-09 16:56:02.500,191.4,41.9204867097197,1.90348161743099,1.94198822371664,1.52115283285541,427.350669872858,435.995752928941,1.55192488644384,24.7,140.432398953183,19828.3744238357,0.9,75.2,43.773305,-79.4423133333333,988.2,6.54445418967459,7.29288083549192,0,36.4068566481702,28.4,210.1,179.2,0.3,0.8
2018-08-09 16:56:03.500,191.4,41.9202430000554,1.90710943923544,1.94569156874148,1.63382782696379,427.614038190005,436.264806140702,1.66688098184697,26.4,140.482593359245,19829.3088852738,0.9,75.1,43.7733033333333,-79.4423133333333,988.2,6.53778395757379,7.28578205915624,0,36.4080443196565,28.4,243.4,179.2,0.9,1.7
2018-08-09 16:56:04.500,191.3,41.9209169247248,1.90688934409404,1.94555463336223,1.42181551332586,427.519988889718,436.188688944469,1.45064176238636,39,140.431851883077,19873.7383999826,0.9,74.9,43.7733,-79.4423133333333,988.3,6.53908336101908,7.29083993005633,0,36.4097990099031,28.4,243.8,158.6,0.7,1.2
2018-08-09 16:56:05.500,191.3,41.9188594627629,1.90605854041249,1.94445155182356,1.38769320371515,426.318515295572,434.905612348052,1.41564288025896,279.3,140.462904231265,19744.6507879395,0.9,75,43.7732983333333,-79.4423133333333,988.2,6.53609930143551,7.29203881014497,0,36.4107778526139,28.4,228.3,165.4,0.7,1.5
2018-08-09 16:56:06.500,191.4,41.9208837402459,1.90779407302779,1.94605402678561,1.42657642819864,425.287495105715,433.816329738386,1.45518554051065,178.4,140.466141459216,19660.0709174221,0.9,75.2,43.7732966666667,-79.442315,988.3,6.53205855544734,7.29072096254034,0,36.4123590532001,28.4,251.4,190.3,0.7,1.4
2018-08-09 16:56:07.500,191.3,41.9260377981576,1.90757893209195,1.94614799121474,1.14911365750397,424.411071847213,432.992116442029,1.17233234354826,213.9,140.466210717919,19818.0828257803,1,75.1,43.773295,-79.442315,988.3,6.53862111396225,7.29368512906574,0,36.4139202111528,28.4,276.5,220.3,0.5,0.8
2018-08-09 16:56:08.500,191.2,41.9300791178003,1.90746003581149,1.94599699104713,1.410440085679,423.620674860548,432.179075795987,1.43892820499642,346.7,140.465666069809,19802.9988581339,0.9,75.1,43.7732916666667,-79.4423166666667,988.3,6.53519881127558,7.28638933073531,0,36.4157596036645,28.5,324.5,301.7,0.4,0.5
2018-08-09 16:56:09.500,191.1,41.9329305991145,1.90870091843292,1.94723344220805,1.35714680578021,423.345881837117,431.892298254153,1.38454440936402,317.6,140.425117463707,19788.2508986718,0.9,75.2,43.77329,-79.4423183333333,988.3,6.53476420053171,7.29103325917667,0.1,36.4172765275641,28.5,273.9,150.3,0.3,0.6
2018-08-09 16:56:10.500,191,41.9316625734828,1.90750847790233,1.94597440437098,1.3102259482436,421.522971276738,430.02319737848,1.3366477423547,300.6,140.487360663644,19766.9770214836,0.9,75,43.7732883333333,-79.44232,988.3,6.53579891546123,7.29241487499215,0.1,36.4187174632657,28.5,210.6,145.6,0.4,0.8
2018-08-09 16:56:11.500,190.9,41.9391911665672,1.90454326132397,1.94265779663916,1.40755284890232,419.36487639579,427.757489640742,1.43571843381891,283.3,140.425915012818,19619.8327297984,0.9,75,43.773285,-79.4423216666667,988.4,6.53733742941176,7.29245503887621,0.1,36.4201788339947,28.5,124,51.1,0.2,0.5
2018-08-09 16:56:12.500,190.9,41.9414268263205,1.89961062309822,1.93750688273289,1.31417702474339,416.882458719451,425.199209065838,1.34039519131449,246.4,140.460992211272,19559.5129961245,0.9,75,43.7732833333333,-79.4423233333333,988.3,6.53934974537427,7.28987480388622,0.1,36.4214464199385,28.5,153.5,0.4,0.2,0
2018-08-09 16:56:13.500,190.9,41.9480151139798,1.90222489466052,1.9401480329498,1.57141118036642,415.089867527484,423.365199361256,1.60273863857331,166.7,140.4657406395,19546.6279214583,0.9,75,43.7732816666667,-79.442325,988.4,6.53486860026257,7.28504832583579,0,36.422798640979,28.5,75.4,0.4,0.5,1.1
2018-08-09 16:56:14.500,190.9,41.9546537710567,1.89987924660402,1.93808411722758,1.40470006126985,413.479814443257,421.794462227462,1.43293792426397,102.5,140.46146016624,19712.6575500811,0.9,75.1,43.77328,-79.4423283333333,988.3,6.53602118403342,7.29044659736432,0,36.4244458318637,28.5,75.4,11.2,0.7,1.4
2018-08-09 16:56:15.500,190.8,41.9587324913899,1.89739776025394,1.93515232665369,1.23822499265667,411.702843042345,419.895001587757,1.26286885699428,106.9,140.464504311849,19509.7210819706,0.9,75.1,43.7732783333333,-79.44233,988.4,6.5368570790804,7.2954687357877,0,36.4258612935547,28.5,90.9,17.6,0.8,1.6
2018-08-09 16:56:16.500,190.8,41.9614839237357,1.90082015796312,1.93893778651798,1.25733052991295,410.07191280737,418.294985757653,1.28254556796882,227.1,140.454095048008,19658.7207548629,0.9,75.1,43.7732766666667,-79.4423316666667,988.3,6.53421274295129,7.28906999453493,0,36.4272790285305,28.5,85,0.4,1,1.8
2018-08-09 16:56:17.500,190.7,41.9551312863157,1.89636006428929,1.93401643999225,1.20826955452077,409.732816580515,417.869016428246,1.23226584406869,251,140.491937967005,19470.6302221436,0.9,75.1,43.773275,-79.4423333333333,988.2,6.5395498594267,7.28829428526011,0,36.4288883562412,28.5,82.3,7.3,1,2.2
2018-08-09 16:56:18.500,190.6,41.9598320353392,1.90026611907389,1.93804346846477,1.28029395833961,409.064353283716,417.196555502632,1.30574708511359,252.2,140.42612441551,19492.5154196989,0.9,75.1,43.773275,-79.442335,988.2,6.53191214102086,7.29155533092169,0.1,36.430746138194,28.5,75.5,354.7,1.2,2.5
2018-08-09 16:56:19.500,190.7,41.9565423955925,1.89866889340612,1.93657259521124,1.49175666720525,408.462420687008,416.616637294964,1.52154019086884,237.3,140.491847100419,19572.5450636594,0.9,75.1,43.773275,-79.4423366666667,988.3,6.53457228923053,7.29022254640295,0.1,36.4321248638275,28.4,75.7,5,1.3,2.6
2018-08-09 16:56:20.500,190.8,41.9536618913284,1.8994355267577,1.93724865132148,1.3210602267836,408.997223534851,417.139386758022,1.34736214933994,238.6,140.464786441058,19519.0621986055,0.9,75.1,43.7732733333333,-79.4423383333333,988.3,6.53765973955466,7.28946131827095,0.1,36.433913677683,28.4,80.4,5.1,1.4,2.7
2018-08-09 16:56:21.500,190.9,41.9536792921185,1.89896331843683,1.93675122109064,1.46810226001941,409.044692020604,417.184401755223,1.49731637583663,224.3,140.466739825077,19511.09062042,0.9,74.9,43.7732733333333,-79.44234,988.2,6.53690936258705,7.28842275201177,0.1,36.4354078763554,28.4,80.4,8.1,1.2,2.1
2018-08-09 16:56:22.500,191,41.9513942975838,1.90027778490636,1.93827314125725,1.50593351256573,409.592621105601,417.782256542998,1.53604363410961,249.6,140.467989739549,19602.6243082166,0.9,74.7,43.7732716666667,-79.4423416666667,988.1,6.53025641050183,7.28322848585831,0.1,36.436776590356,28.4,86,16.2,1,1.9
2018-08-09 16:56:23.500,191,41.9523587028582,1.89938121384283,1.93727274223086,1.36251158475343,409.588881171533,417.759880536114,1.38969460451047,193.2,140.45636745408,19559.105013182,0.9,74.9,43.7732716666667,-79.4423433333333,988.3,6.53659140736934,7.28343495565578,0,36.4378384376287,28.4,87.1,0.4,0.8,1.4
2018-08-09 16:56:24.500,191,41.9518129972303,1.89959655315673,1.9375457339062,1.34209947058207,408.758682422195,416.924786327694,1.36891100192217,207.1,140.49566957555,19586.5001565695,0.9,75.1,43.77327,-79.4423433333333,988.3,6.53225947651458,7.29114331379857,0,36.439405694908,28.4,75.4,0.4,0.5,0.8
2018-08-09 16:56:25.500,191.1,41.9532861435209,1.89830987940522,1.93617163467095,1.46206430236694,409.632117072384,417.802193195398,1.49122409807698,157.5,140.426657558342,19554.8041137463,0.9,75.5,43.77327,-79.4423433333333,988.3,6.53641132562288,7.28869264511164,0,36.4407808089454,28.4,50.3,342.5,0.5,1.1
2018-08-09 16:56:26.500,191.1,41.9503285746539,1.89927093272746,1.93706941959521,1.37066523841823,410.208957235796,418.372764090424,1.39794446457064,84.5,140.49468571374,19513.3208875096,0.9,75.4,43.77327,-79.442345,988.3,6.53367607113196,7.28692488405788,0.1,36.4427327962718,28.4,62,349.4,0.8,1.7
2018-08-09 16:56:27.500,191.2,41.9512299029104,1.90126062405995,1.93902041108224,1.17487090677042,410.578959505465,418.733262639312,1.19820446730233,87.2,140.458513506284,19473.6324272404,0.9,75.2,43.77327,-79.442345,988.2,6.5321008863235,7.28463973049377,0.1,36.4438756974301,28.4,57.1,341.4,0.7,1.3
2018-08-09 16:56:28.500,191.3,41.9533357686219,1.89592710748209,1.9334198890185,1.48679418732295,411.534494478004,419.672788983086,1.51619231765539,80.6,140.466348431511,19392.1506121896,0.9,75.2,43.77327,-79.442345,988.2,6.5345865325779,7.27832075264539,0.1,36.4450641890935,28.4,41.7,335.9,0.5,0.9
2018-08-09 16:56:29.500,191.4,41.9501760573325,1.90099603508203,1.93864789554126,1.24016447033526,411.655866037808,419.809330189039,1.26472653116693,71.7,140.468033372637,19421.9419385616,0.9,75.3,43.77327,-79.442345,988.2,6.52899465241559,7.27994675750904,0.1,36.4466397877601,28.4,87.2,0.4,0.5,1
2018-08-09 16:56:30.500,191.4,41.9501043402317,1.89668316775637,1.9341412485139,1.48097252729643,411.633190714826,419.762480952626,1.51021824317404,63.6,140.451966104517,19366.5204245251,0.9,75.3,43.77327,-79.442345,988.2,6.53791042886448,7.28764030893359,0.1,36.4480690493166,28.4,93.2,14.4,0.5,1.2
2018-08-09 16:56:31.500,191.3,41.9443785097191,1.89802195776344,1.93567729526978,1.39517475369598,412.170564684175,420.347677753798,1.4228525813497,71.4,140.467713241608,19453.1590871426,0.9,75.3,43.77327,-79.442345,988.3,6.5317001583871,7.2766225016395,0.1,36.4495214600166,28.4,77.1,0.4,0.6,1.2
2018-08-09 16:56:32.500,191.3,41.9417170219498,1.89793869534529,1.93580343080274,1.12362945095069,412.97930290603,421.218398946721,1.14604302782712,92.4,140.424601759113,19560.1113865534,0.9,75.3,43.77327,-79.4423466666667,988.4,6.53448480841734,7.28240976010693,0.3,36.4509458191066,28.4,64.4,348.6,0.7,1.5
2018-08-09 16:56:33.500,191.3,41.9375608466457,1.89872140358843,1.93629231755674,1.54992933801191,413.979558060906,422.17110217879,1.580587862491,91.3,140.495936830435,19403.3149038423,0.9,75.3,43.77327,-79.4423466666667,988.2,6.53613290192259,7.27815094506486,0.3,36.4524764348573,28.4,48.7,12,0.5,1.1
2018-08-09 16:56:34.500,191.3,41.9453375165285,1.89833726079039,1.93606826009414,1.21006939084505,413.467161738958,421.685077532534,1.23411530870533,89.2,140.424805281981,19488.2838574059,0.9,75.3,43.77327,-79.442345,988.2,6.53299284789606,7.2820550432449,0.3,36.454061085972,28.4,87.8,353.6,0.8,2
2018-08-09 16:56:35.500,191.2,41.9449520176334,1.89464147123012,1.93215454508281,1.63724530662522,413.966368046323,422.162608398992,1.66965795780795,72.9,140.468972355204,19414.9651265507,0.9,75.3,43.7732683333333,-79.442345,988.3,6.53984355521122,7.2777761976125,0.1,36.4553865302709,28.4,70.4,352.7,1.1,2.4
2018-08-09 16:56:36.500,191.1,41.9413657407442,1.9056064719393,1.94352003667962,1.18895386903939,413.892503763096,422.127094306265,1.21260451724662,68.6,140.471183911114,19507.4433608866,0.9,75.3,43.7732683333333,-79.442345,988.3,6.52968814643064,7.28692497638544,0.1,36.4567351106161,28.4,65.8,355.9,1.3,2.5
2018-08-09 16:56:37.500,191,41.941106867673,1.89794635605326,1.93553136609032,1.32428423339749,414.347199556206,422.552487327215,1.35050696300126,65.4,140.444723952153,19418.5312695055,0.9,75.1,43.7732683333333,-79.442345,988.2,6.53269791932174,7.28091665511318,0,36.4582041039019,28.4,69.2,352.5,1.1,2.2
2018-08-09 16:56:38.500,190.8,41.9406489252137,1.89517873804291,1.93297065263263,1.53889514993174,414.210392786767,422.470250490181,1.56958540964506,63.2,140.473115365809,19551.273555629,0.9,75,43.7732683333333,-79.4423466666667,988.3,6.53568694646986,7.28406240642276,0.1,36.459666338376,28.4,67.1,0.4,1,1.7
2018-08-09 16:56:39.500,190.8,41.9539159779916,1.90293994120397,1.94086059901733,1.04620828415757,415.037966385086,423.30865177311,1.06705770793842,79.7,140.424593994565,19538.3176189777,0.9,75.2,43.7732683333333,-79.4423466666667,988.3,6.53331610408441,7.28635401970574,0.1,36.4611612433901,28.4,90.7,26.4,0.5,0.9
2018-08-09 16:56:40.500,190.8,41.9579190493052,1.89745676482607,1.93519178703739,1.52557321409422,413.594260214336,421.819527946809,1.55591097087058,115.9,140.498847290724,19499.3498205894,0.9,75.1,43.7732666666667,-79.4423466666667,988.4,6.53521150866551,7.28043563106969,0.1,36.46254548084,28.4,54.7,346.9,0.4,1.1
2018-08-09 16:56:41.500,190.8,41.9648991349773,1.90132571839385,1.93926808396287,1.0706892263699,412.870818914716,421.110085524742,1.09205314855964,115.3,140.427300254884,19565.6065484998,0.9,75,43.7732666666667,-79.4423466666667,988.3,6.52960661614074,7.29134453753749,0.1,36.463839666315,28.4,59,347.7,0.9,1.9
2018-08-09 16:56:42.500,190.8,41.9666883330532,1.89764085980519,1.93544718034955,1.46194456513834,412.344892409132,420.560023183652,1.49106998645624,87,140.504558957119,19533.8759050331,0.9,75,43.7732666666667,-79.4423466666667,988.4,6.53084784581415,7.28462005284694,0,36.465511025308,28.4,22.1,294.6,0.7,1.7
2018-08-09 16:56:43.500,190.8,41.969942640151,1.89673361416243,1.93432956764686,2.00097720762913,411.63497121588,419.793977615692,2.040636713695,92.4,140.474858448915,19435.7868176038,0.9,75,43.7732666666667,-79.4423466666667,988.3,6.53614020475342,7.27709208291801,0,36.4665726024551,28.4,58.8,11.5,0.7,2.2
2018-08-09 16:56:44.500,190.8,41.9735469922799,1.89930660933509,1.93703978428637,1.50402135186943,411.417718613408,419.591447226059,1.5339012164553,331.8,140.437274518439,19480.1980528015,0.9,75,43.7732666666667,-79.4423466666667,988.4,6.53391829572224,7.28504773392828,0.1,36.4684015915155,28.4,84.2,0.4,1.3,2.4
2018-08-09 16:56:45.600,190.8,41.9650473425434,1.8940728227548,1.9316946749171,1.72349014539595,412.638831434417,420.835081407135,1.75772335257089,331.7,140.479212502468,19476.0616663375,1,74.9,43.7732666666667,-79.4423483333333,988.2,6.54207168483223,7.27810308520322,0.1,36.469621478377,28.4,78.2,0.4,1,1.6
2018-08-09 16:56:46.500,190.8,41.9676605492772,1.90005276745546,1.93766598793259,1.13669876312458,413.20792875347,421.387773646957,1.15920264531125,10.4,140.450748051675,19411.767918457,0.9,74.9,43.773265,-79.4423483333333,988.3,6.53343804543726,7.28348716154776,0.1,36.4716835418925,28.4,67.6,350.2,0.8,2
2018-08-09 16:56:47.500,190.8,41.9611711536422,1.89558670097246,1.93316030668289,1.64656815746275,413.701584532251,421.901763505721,1.67920544792001,354.2,140.50357320526,19436.0741740102,0.9,75.1,43.773265,-79.44235,988.4,6.5392955546008,7.27717973022273,0.3,36.47265606866,28.4,72.1,348.4,1.4,3.3
2018-08-09 16:56:48.500,190.8,41.964968022774,1.90074681592016,1.93848321788493,1.24409256517019,413.36142473757,421.568224572356,1.2687913557239,349.4,140.428801982565,19467.1129466482,0.9,75.2,43.773265,-79.44235,988.2,6.53020306905308,7.28487112380209,0.3,36.4740874628269,28.4,85.5,19.8,1.4,2.9
2018-08-09 16:56:49.500,190.8,41.96693,1.901288,1.938867,1.368485,413.5144,421.6875,1.395533,353,140.5083,19381.78,0.9,75.3,43.7732633333333,-79.44235,988.3,6.529899,7.275744,0.3,36.47603,28.4,94.3,9,1.6,3
2018-08-09 16:56:50.600,190.8,41.97495,1.89811,1.935648,1.287915,411.6942,419.836,1.313385,5.3,140.4553,19392.76,1.6,75.3,43.7732633333333,-79.4423516666667,988.3,6.535573,7.287841,0.3,36.47695,28.4,74.5,0.4,2.2,4.6
2018-08-09 16:56:51.600,190.8,41.97513,1.896443,1.933866,1.324937,412.426,420.5645,1.351082,4.2,140.4347,19351.39,1.6,75.1,43.7732633333333,-79.4423516666667,988.2,6.529939,7.285973,0.3,36.47891,28.4,76.8,0.4,2.5,4.6
2018-08-09 16:56:52.500,190.8,41.97121,1.897733,1.935257,1.199228,411.5732,419.7113,1.22294,359.4,140.4823,19389.83,1.6,75.1,43.7732633333333,-79.4423516666667,988.2,6.530259,7.283955,0.3,36.47967,28.4,82.8,4.6,2.3,4.5
2018-08-09 16:56:53.500,190.8,41.975925219815,1.89673876784694,1.93422142353958,1.22561649636355,411.025584805199,419.1480330317,1.24983644071105,0.2,140.424319530876,19378.6079737179,0.9,75.1,43.7732616666667,-79.4423516666667,988.3,6.53461196493153,7.27973492748497,0.3,36.4816683081888,28.3,78,2.2,2.3,4.3
2018-08-09 16:56:54.500,190.8,41.97734,1.898942,1.936591,1.103969,411.6731,419.835,1.125857,12.3,140.4696,19440.65,0.9,75.1,43.7732616666667,-79.4423516666667,988.3,6.524675,7.281185,0.1,36.48286,28.3,71.3,352.6,2.2,3.9
2018-08-09 16:56:55.600,190.8,41.977858606573,1.89813925935394,1.93578813220893,1.46404688044917,411.155657608002,419.310782788885,1.4930864745146,22,140.434279243353,19448.8400268425,1.6,75.1,43.7732616666667,-79.4423516666667,988.2,6.53891024932763,7.28257605767933,0.1,36.4841210833166,28.3,80.5,8.4,1.7,3.3
2018-08-09 16:56:56.500,190.8,41.9727776206899,1.89447042426887,1.93180843360411,1.26300182781044,411.060767413209,419.162286440349,1.28789452956738,14.5,140.504297531146,19328.0464229669,0.9,75.1,43.7732616666667,-79.4423533333333,988.2,6.53721379940997,7.278918998518,0.1,36.4860603832437,28.3,77,0.4,1.7,3.3
2018-08-09 16:56:57.500,190.9,41.9702447847654,1.89628286425493,1.93373055134373,1.25758871519858,410.261023682107,418.362816894673,1.2824215876837,18,140.431145032896,19365.4592065093,0.9,75.1,43.7732616666667,-79.4423533333333,988.2,6.53748438078913,7.28339076160347,0.1,36.4870729801186,28.2,64.2,349.6,1.5,3.3
2018-08-09 16:56:58.500,190.9,41.9706024177509,1.89370670475898,1.93072645084428,1.52605649930585,409.199351691796,417.198785015982,1.55588896811739,14.5,140.467070679301,19174.0891273044,0.9,75.1,43.77326,-79.4423533333333,988.2,6.53827326808834,7.28112308609111,0.1,36.489362275046,28.2,65.6,356.6,1.6,3.4
2018-08-09 16:56:59.500,190.9,41.968191689317,1.8969543744072,1.93436078029729,1.35058130067001,409.628594592246,417.706029155672,1.3772138802342,14.6,140.484274271702,19337.7679484301,0.9,75.1,43.77326,-79.4423533333333,988.3,6.53474312389909,7.2814441199732,0.1,36.4907573679913,28.2,81.3,356,1.7,3.3
2018-08-09 16:57:00.500,190.9,41.9794252506669,1.89700911606381,1.93439306047944,1.42405672358118,410.920540285057,419.018427900019,1.45211977549424,32.2,140.42191897435,19325.8284429815,0.9,75.1,43.77326,-79.4423516666667,988.2,6.53413395987683,7.27694646473652,0.3,36.4929579093741,28.2,62.5,342.3,1.6,3.3
2018-08-09 16:57:01.600,190.9,41.9758470633071,1.89901197058167,1.93657892096775,1.31668010702338,412.94076531917,421.109716307385,1.34272574435739,40.6,140.483966398222,19398.5603561394,1,75.1,43.77326,-79.4423516666667,988.2,6.52462872274419,7.28016746031802,0.3,36.4934162646076,28.2,59.3,344,1.4,2.7
2018-08-09 16:57:02.500,191,41.9777257253037,1.8960829248752,1.93337657809382,1.40266237450256,415.801017086697,423.979355331298,1.43025152019423,30.4,140.443119628205,19289.6038042174,1,75.1,43.77326,-79.4423516666667,988.3,6.53663423245276,7.2761639527057,0.1,36.4949047122807,28.2,67.9,354.1,1.4,3
2018-08-09 16:57:03.500,191,41.9711842823608,1.89278846849518,1.92998059702072,1.19189342059374,417.230745663454,425.429219778319,1.21531258593667,15,140.499746124113,19271.0702384482,0.9,75.2,43.7732583333333,-79.44235,988.3,6.53766055550849,7.28831992537682,0.1,36.4959974294892,28.2,75.4,0.4,1.3,3
2018-08-09 16:57:04.500,191,41.9734949548507,1.89354314346521,1.93064764798014,1.45471697228586,419.547854497378,427.769129286096,1.48322334748982,13.9,140.443818088648,19218.8340663295,0.9,75.2,43.7732583333333,-79.44235,988.2,6.53626663049902,7.2842721330718,0.1,36.4978741465028,28.3,73.8,357.7,1.8,3.9
2018-08-09 16:57:05.500,191,41.9735841185563,1.89314985925823,1.93026800578331,1.3506004352484,419.926614163974,428.160024259698,1.37708208237196,9.6,140.494454257653,19229.7903729203,0.9,75.2,43.7732583333333,-79.44235,988.4,6.53602099825494,7.2887872680722,0.1,36.499680257254,28.3,72.3,356.2,2.1,4.2
2018-08-09 16:57:06.500,191,41.9763398503329,1.89446706120321,1.93166765142135,1.54142903033295,420.863224270953,429.127319684041,1.57169623047991,20.3,140.485002178186,19257.9011365327,0.9,75.1,43.7732583333333,-79.44235,988.1,6.53373975605511,7.28164549714351,0.1,36.5013866224569,28.3,68.7,351.4,2.5,5
2018-08-09 16:57:07.500,191,41.9793252622461,1.89355332928956,1.93067358782585,1.51855551678974,421.295970011321,429.55490257236,1.54832471746515,26,140.42025670588,19226.6428289071,0.9,75.1,43.7732583333333,-79.4423483333333,988.2,6.5333115548663,7.28099395366234,0.1,36.50217404877,28.2,69.6,353.4,2.5,4.8
2018-08-09 16:57:08.500,190.9,41.9775964030619,1.89253901990044,1.9296644963142,1.35398148922583,420.730667237123,428.984072196623,1.38054224609587,23.2,140.483835721926,19239.278801811,0.9,75.1,43.7732583333333,-79.4423483333333,988.2,6.53468839811284,7.28150876523029,0.1,36.5028191813183,28.2,70.1,354,2.4,4.6
2018-08-09 16:57:09.500,190.9,41.9846622955744,1.89279232047732,1.92984466820008,1.38185015946844,420.523696740695,428.755688444849,1.40890170033661,7.7,140.417914316999,19199.5892361128,0.9,75,43.7732583333333,-79.4423483333333,988.2,6.54216832276897,7.28801412846927,0.1,36.504223090869,28.2,72,358,2.4,4.5
2018-08-09 16:57:10.500,190.9,41.9785673155757,1.89185871879309,1.92909836346537,1.45049235989359,418.73129145818,426.973786311853,1.47904739203884,351.2,140.4717492506,19304.3111605058,0.9,75,43.7732583333333,-79.4423483333333,988.4,6.5398398593109,7.28493779531721,0.1,36.5063397119427,28.2,74.4,354.6,2.3,4.7
2018-08-09 16:57:11.500,190.8,41.9747905819299,1.89335345930702,1.93032432557895,1.26777288857185,417.915328869349,426.075758526367,1.29252913171206,356.7,140.449972665788,19152.6406940346,0.9,75,43.7732583333333,-79.4423466666667,988.3,6.53636254700006,7.28354058045602,0.1,36.5084245927193,28.2,72.9,0.4,2.2,4.6
2018-08-09 16:57:12.600,190.8,41.9726017968285,1.89346237586602,1.93049295507176,1.50899293458683,416.156229356279,424.294932589044,1.53850448230615,349.6,140.484159503308,19181.7608586646,0.9,75,43.7732583333333,-79.4423466666667,988.2,6.53450659093502,7.28724963112231,0,36.5098412336183,28.2,76.6,6.4,2.3,4.4
2018-08-09 16:57:13.500,190.8,41.9738581332429,1.89437196460522,1.93158342886517,1.53816959944384,415.22869888706,423.385101523862,1.56839302343796,333.8,140.451522276104,19264.7388475482,0.9,75.1,43.7732583333333,-79.4423466666667,988.2,6.53738128176164,7.28458420750382,0.1,36.5107477168666,28.2,84.1,6.4,2.2,3.4
2018-08-09 16:57:14.600,190.8,41.9745955460045,1.89340400926247,1.93023414611394,1.18981596718738,414.085018528244,422.139600832231,1.21295944216857,302.9,140.423190858914,19080.4832608213,0.9,75.1,43.7732583333333,-79.442345,988.1,6.54201191291249,7.28690823831045,0.1,36.5123299540297,28.2,61.6,335.1,1.1,2.2
2018-08-09 16:57:15.500,190.7,41.9749651365495,1.89413505194932,1.93114680311489,1.16601262262016,413.6662799658,421.749382150445,1.18879684348074,306.8,140.483972438977,19165.5164473366,0.9,75.3,43.7732583333333,-79.442345,988.3,6.53729862381819,7.27759290369385,0.1,36.5141240908501,28.2,63.2,14.8,0.7,1.8
2018-08-09 16:57:16.500,190.7,41.9830740062328,1.89219172545322,1.92919933155608,1.17763519917563,414.221251579231,422.322560462837,1.20066668043254,312.2,140.424089910603,19182.6745369519,0.9,75.3,43.7732583333333,-79.442345,988.3,6.53818993191759,7.28140476367846,0.1,36.5156336338284,28.2,94.8,8.3,0.7,1.4
2018-08-09 16:57:17.500,190.7,41.974825121873,1.89245528944836,1.92943791741501,1.23393228900738,415.491728904747,423.61129257136,1.2580460326331,309.8,140.496023015555,19167.5057693233,0.9,75.3,43.7732583333333,-79.442345,988.2,6.54201257083868,7.28319307119949,0.3,36.5168877016517,28.2,79.2,352.3,0.7,1.5
2018-08-09 16:57:18.500,190.7,41.9702218550076,1.89372032726452,1.93065919696906,1.12205226600452,416.143752746224,424.261052761483,1.14393841771073,301.3,140.453408747399,19132.7924497845,0.9,75.2,43.7732566666667,-79.4423433333333,988.2,6.54283758742206,7.28163530173397,0.3,36.5187455451866,28.2,66.2,342.3,0.6,1.1
2018-08-09 16:57:19.600,190.7,41.9743321268143,1.89470905592051,1.9317206181095,1.1384414387774,415.862149006959,423.985578111669,1.16067882924696,286.6,140.477501492891,19159.6476745775,0.9,75,43.7732566666667,-79.4423433333333,988.3,6.53672437074191,7.28066049373153,0.1,36.5198155223638,28.2,80.1,12.4,0.9,2.2
2018-08-09 16:57:20.500,190.6,41.97672135321,1.89684498506977,1.93386647016229,1.32309766444789,415.627490884994,423.739500021008,1.34892100695039,255.9,140.459602102278,19143.7798133021,0.9,75,43.7732566666667,-79.4423433333333,988.2,6.53313011478143,7.28310470185052,0.1,36.5211661697509,28.2,69.8,354.8,2,4.1
2018-08-09 16:57:21.500,190.6,41.9769538503654,1.8955127456381,1.93256198427809,1.32193607104907,414.918804154175,423.028645425132,1.34777448120229,253.5,140.4585366247,19170.8620481024,0.9,75.1,43.7732566666667,-79.4423416666667,988.2,6.5388913597709,7.28312248460821,0.1,36.5227104561045,28.2,72.6,0.4,2,3.6
2018-08-09 16:57:22.500,190.6,41.9794136107657,1.89386513349739,1.93084316231405,1.40163990331776,415.800609916533,423.919100802457,1.42900654250737,244.8,140.484510025613,19151.1008685577,0.9,75.2,43.7732566666667,-79.4423416666667,988.2,6.54306717906125,7.27878510655704,0.1,36.5243075351809,28.2,72.4,356.9,2.1,4
2018-08-09 16:57:23.600,190.6,41.9847289103184,1.89251087627042,1.92940812343308,1.41655249513722,416.406020736472,424.524509563336,1.4441707883461,257.4,140.427705639426,19123.680497548,1,75.1,43.7732566666667,-79.4423416666667,988.2,6.54490494572006,7.27899101257415,0.1,36.5253057683035,28.2,77.8,5,2.2,4.8
2018-08-09 16:57:24.600,190.6,41.9864334081549,1.89342279997258,1.93026452559648,1.39538799338987,415.223264033807,423.302540564559,1.42253937871682,302.4,140.495047118497,19086.404812221,1,75,43.7732566666667,-79.4423416666667,988.2,6.54605138428986,7.287538791354,0.1,36.5255423379247,28.2,76.4,4.3,2.4,4.2
2018-08-09 16:57:25.600,190.6,41.9863877626316,1.89274308120293,1.92959564508704,1.41976912386977,415.22250556381,423.30712935708,1.44741248845895,310.1,140.454045826164,19098.6570244028,1,75.1,43.7732566666667,-79.4423416666667,988.2,6.54392368598182,7.28668220329505,0.1,36.5272468199848,28.2,81.1,4,2.1,4.2
2018-08-09 16:57:26.600,190.6,41.9865977296026,1.89272588535733,1.92960199458551,1.14789743513615,415.459583183181,423.55409871458,1.17026371433735,301.7,140.47155733653,19110.8725695052,1.1,75.1,43.7732566666667,-79.4423416666667,988.2,6.54293843473557,7.28509258560009,0.1,36.5285150344437,28.2,73.2,354.7,2.1,4
2018-08-09 16:57:27.600,190.6,41.9827698856135,1.89194710174486,1.92889656202787,1.42077044778115,414.859084771355,422.96130664164,1.44851889525707,262.8,140.464174474058,19155.9679049519,1,75.1,43.7732566666667,-79.4423416666667,988.3,6.54765411304319,7.28054532627228,0.1,36.530148954481,28.2,74.6,357.4,1.9,3.3
2018-08-09 16:57:28.600,190.6,41.9807142722305,1.89484375164887,1.93187228940191,1.58472298041992,413.968757050243,422.058495235373,1.61569063563899,265,140.459083261317,19167.1755230935,1,75.2,43.7732566666667,-79.4423416666667,988.3,6.54197495906171,7.28947378064593,0.1,36.531475437799,28.2,82.4,4,1.4,2.6
2018-08-09 16:57:29.500,190.6,41.9796334772185,1.89447273456183,1.93154801139036,1.49469739308575,413.877694469366,421.977361855459,1.52394771652603,271,140.456316921452,19194.553772488,0.9,75.2,43.7732566666667,-79.4423416666667,988.2,6.53931244334578,7.28806459562166,0.1,36.532898391787,28.2,76,0.4,1.1,1.8
2018-08-09 16:57:30.500,190.6,41.9788921108636,1.89274192866245,1.92983346631944,1.31597917364645,413.411092999942,421.512603386943,1.34176801956712,271.8,140.432306485488,19220.0930188602,0.9,75.2,43.7732566666667,-79.4423416666667,988.3,6.54105769916412,7.28203904435674,0.1,36.5345601077414,28.2,81.7,8.1,1,1.9
2018-08-09 16:57:31.500,190.6,41.9712427525685,1.89302579822474,1.93014636775563,1.26656329210221,412.216468300348,420.299796126681,1.29140104691018,265,140.488284422871,19232.2230287422,0.9,75.2,43.7732566666667,-79.4423433333333,988.2,6.54249163322267,7.28491807103413,0.1,36.535465340837,28.2,76.4,0.4,1.1,2
2018-08-09 16:57:32.500,190.6,41.9734176577166,1.89069122433787,1.92768955140295,1.13917944895516,412.124153555176,420.189067820917,1.16146619534272,258.5,140.422087263957,19193.3647520771,0.9,75.2,43.7732583333333,-79.442345,988.2,6.54668744094856,7.28557102700748,0.1,36.5374689993671,28.2,86.9,0.4,0.8,1.7
2018-08-09 16:57:33.500,190.7,41.9699763400622,1.88995165434971,1.92681452318467,1.505400242331,411.692285163096,419.722355743575,1.5347631347116,260.2,140.46611992591,19131.7572869115,0.9,75.2,43.7732583333333,-79.4423483333333,988.3,6.54759217018802,7.28822067252684,0.1,36.5384381951465,28.2,70.2,351,0.9,1.8
2018-08-09 16:57:34.500,190.7,41.9724710615749,1.89243950905389,1.92937081929774,1.40615873088226,412.149257713775,420.192615164792,1.43359607782878,264,140.465702078053,19141.8693196416,0.9,75.2,43.7732583333333,-79.44235,988.3,6.54445347916087,7.28297743006866,0.1,36.5399619811255,28.3,62.7,339.7,0.7,1.2
2018-08-09 16:57:35.600,190.7,41.9769806672687,1.89422635334638,1.93127117757814,1.30281747184498,413.374435280225,421.458700126577,1.32828049046488,238.6,140.451537992753,19181.699558911,0.9,75.2,43.7732583333333,-79.4423516666667,988.2,6.53950613146246,7.27903360271059,0.1,36.5408858661835,28.3,50.1,322.5,0.6,1.1
2018-08-09 16:57:36.600,190.7,41.9795759480611,1.89315235280053,1.92992205755409,1.56783268988295,413.772972769752,421.809519306374,1.5982767063784,316.6,140.457241790635,19052.4711162821,0.9,75.2,43.7732583333333,-79.4423516666667,988.3,6.54287153154679,7.28194300700724,0.3,36.5423061507031,28.3,51.2,338,0.5,1
2018-08-09 16:57:37.600,190.7,41.9855568825273,1.89268586577019,1.92958757363415,1.28464985947983,414.886849477839,422.976091050632,1.30969836366374,321.6,140.440835179135,19124.4432599676,0.9,75.2,43.77326,-79.442355,988.3,6.54545104391454,7.28518227927084,0.3,36.5439341430084,28.3,63.7,337.5,0.6,1
2018-08-09 16:57:38.500,190.6,41.9861545375625,1.89171118181071,1.92847713822188,1.28417320706101,414.766815008413,422.827928926687,1.30913467599303,328.5,140.487796109973,19064.6787186789,0.9,75.2,43.77326,-79.4423566666667,988.3,6.54385545168531,7.28614867211457,0.3,36.5452367315004,28.3,108.1,18.8,0.6,1.1
2018-08-09 16:57:39.600,190.5,41.9921395732731,1.89440523165946,1.93141073682812,1.38126000296936,415.024167798775,423.131292765688,1.40824168147565,326,140.431470023605,19159.7971402515,0.9,75.2,43.77326,-79.4423583333333,988.3,6.54384722209094,7.28582723906353,0.3,36.5466424224702,28.3,99.4,314,0.2,0.5
2018-08-09 16:57:40.600,190.5,41.9938246069703,1.8933206959007,1.93029737430305,1.44915245473971,415.0757240083,423.182223051778,1.47745516707245,323.5,140.472547402692,19155.9764868877,0.9,75.2,43.77326,-79.4423583333333,988.4,6.54473036423732,7.28590016845752,0.1,36.5479115242926,28.3,293.7,220.3,0.2,0.3
2018-08-09 16:57:41.500,190.5,41.9955936124516,1.89580736511926,1.93278240255894,1.59756870399748,415.904957726503,424.01662994257,1.62873579623219,328.4,140.466784699925,19130.4348560786,0.9,75.2,43.77326,-79.44236,988.3,6.54225640733029,7.28507138520358,0.1,36.5495361620676,28.3,292.8,269.8,0.1,0.4
2018-08-09 16:57:42.400,190.5,41.9999924101406,1.89433827938444,1.9311459643744,1.37249828619026,416.308884150939,424.398039635451,1.39916687598104,358.6,140.446279007648,19060.1746831068,0.9,75.2,43.77326,-79.44236,988.3,6.54549314288921,7.28701508581089,0.3,36.5510307399598,28.3,16.4,297.6,0.3,0.6
2018-08-09 16:57:43.600,190.5,41.9975204282801,1.89522204699733,1.93229932881235,1.42552703317693,417.139570165691,425.300406265995,1.45341724986435,351.6,140.469206365491,19188.3804894776,1.6,75.2,43.77326,-79.44236,988.3,6.54471058288475,7.28647626515745,0.3,36.5524134154933,28.3,66,13.2,0.2,0.8
2018-08-09 16:57:44.400,190.5,42.0003475559851,1.89305469306191,1.93010863378139,1.54469537262232,418.537715989377,426.730079401948,1.57493038336929,349.8,140.463361027578,19198.0379656255,0.9,75.2,43.77326,-79.4423616666667,988.3,6.54802234549191,7.28432932545385,0.5,36.5537740976229,28.3,103.4,0.4,0.7,1.9
2018-08-09 16:57:45.600,190.6,42.0003977389803,1.89559787335742,1.93248736998691,1.52601842902525,419.731586021169,427.899855741592,1.55571612291247,351.3,140.48865455847,19089.197557742,0.9,75.3,43.7732616666667,-79.4423633333333,988.3,6.54851703955955,7.28422039418426,0.3,36.555047557742,28.3,75.3,352.3,1.1,2.4
2018-08-09 16:57:46.400,190.5,42.0048701013747,1.8971459508065,1.93408104054987,1.39655361641589,420.583007124726,428.771101429956,1.42374187999006,350.1,140.449359391407,19096.6849462043,1.6,75.3,43.7732616666667,-79.442365,988.3,6.54398077372026,7.2814041717153,0.3,36.5564716934927,28.3,77.5,5.9,1.3,2.6
2018-08-09 16:57:47.600,190.5,42.0026801976567,1.89658138646026,1.93352477412766,1.27720213698316,420.672365051194,428.866597685434,1.30208250020119,352.5,140.491924452744,19106.7162949085,1.6,75.2,43.7732616666667,-79.4423666666667,988.3,6.54296167892073,7.28449777630051,0.3,36.5579838790883,28.3,83.5,356.1,1.6,3.5
2018-08-09 16:57:48.500,190.5,41.9968348216343,1.8959596459272,1.93284648661081,1.21612214234324,420.215682093492,428.391205086682,1.2397829673669,26.5,140.45386228968,19084.2493632007,0.9,75.3,43.7732616666667,-79.4423666666667,988.3,6.54695270788109,7.28679867041915,0.1,36.5596148116815,28.3,82.5,5,1.7,3.7
2018-08-09 16:57:49.500,190.5,41.9927073842234,1.89658199451887,1.93344771665722,1.4393292638707,419.615667336608,427.77217990313,1.46730806679366,10.4,140.44392221782,19067.3232162871,0.9,75.1,43.7732616666667,-79.4423666666667,988.3,6.54586937890163,7.2908508321549,0.1,36.5613381658594,28.3,83.1,357.7,1.7,3.6
2018-08-09 16:57:50.500,190.5,41.990687217082,1.89635038761748,1.93315683681986,1.41080262073574,419.755670143357,427.902634268777,1.43818510064864,9.6,140.465019854057,19039.3195625373,0.9,75.2,43.7732616666667,-79.4423666666667,988.3,6.54474249975423,7.28971150797621,0.1,36.5631260335216,28.3,85,9.8,1.6,2.9
2018-08-09 16:57:51.600,190.5,41.9932286497247,1.89627253394393,1.93319918721872,1.4288520086729,419.437496727125,427.605257181203,1.45667568726774,0.5,140.439479703817,19101.170466504,0.9,75.2,43.7732633333333,-79.4423666666667,988.4,6.54665483472877,7.28999929227292,0.1,36.5646944419321,28.3,81.2,0.4,1.6,2.7
2018-08-09 16:57:52.500,190.5,41.9873250143425,1.89480551652757,1.93174339682624,1.3862097482597,418.959688899494,427.126943568709,1.41323265487539,0.3,140.487255079,19121.2033098831,0.9,75.2,43.7732633333333,-79.4423666666667,988.3,6.54357569598878,7.29224892234703,0.1,36.5659167811774,28.3,70.1,354.8,1.2,2.8
2018-08-09 16:57:53.600,190.6,41.9863937955226,1.89814611112361,1.93514229066067,1.34395809077016,418.575540605804,426.733869622325,1.37015404561917,349.2,140.458077412952,19117.9227533171,0.9,75.2,43.7732633333333,-79.4423666666667,988.3,6.54333861884584,7.28955075548125,0,36.5668191858291,28.3,84.3,7,1.5,2.9
2018-08-09 16:57:54.400,190.6,41.9918164838366,1.89801381206411,1.9349027050178,1.31803320488473,417.058889317349,425.164634605371,1.34365005822812,338.3,140.484889203523,19064.9331503305,0.9,75.2,43.773265,-79.4423683333333,988.3,6.54470862855259,7.29264045774418,0.1,36.5679019182956,28.3,63.9,344.6,1.2,2.2
2018-08-09 16:57:55.600,190.6,42.0018629347515,1.89533838398128,1.93221759956047,1.39995080444643,416.433692671427,424.536655869556,1.42719117040785,314.1,140.44985772484,19086.4798595435,0.9,75.2,43.773265,-79.4423683333333,988.4,6.54412769794041,7.29168763927061,0,36.5695611778375,28.3,65.7,351,1.2,3
2018-08-09 16:57:56.600,190.6,42.00738076284,1.89607927796369,1.93308159353317,1.49920006283352,415.442336059823,423.549898442406,1.52845828850055,327,140.443957888753,19141.8961545319,0.9,75.2,43.773265,-79.4423683333333,988.3,6.54321150154403,7.29076608883003,0.1,36.5710217554752,28.3,67.9,354.5,1.8,3.5
2018-08-09 16:57:57.600,190.6,42.0065689527272,1.89533301088669,1.93230614975895,1.62600488769041,413.979788649718,422.05550374023,1.65772684877954,328.8,140.465303737475,19134.1897762792,0.9,75.2,43.7732666666667,-79.4423683333333,988.4,6.54652321388171,7.29095216944874,0,36.5724626154446,28.3,82.1,2.7,1.7,3.9
2018-08-09 16:57:58.600,190.6,42.0123047610774,1.89640348871999,1.93336114181667,1.46090966102264,412.968658203384,421.016585972021,1.48937904197064,304.4,140.428753353102,19115.4729162675,0.9,75.1,43.7732666666667,-79.44237,988.3,6.54666781727284,7.29187726600117,0,36.5736858275214,28.2,71.1,0.4,2.3,4.5
2018-08-09 16:57:59.600,190.6,42.0094919618399,1.89678381267358,1.9338203228913,1.45773190094173,412.552419881887,420.607819745398,1.48619423405549,334,140.465494482147,19151.7467232683,0.9,75.1,43.7732666666667,-79.44237,988.4,6.54240808581745,7.28959940397433,0,36.5750010149948,28.2,77.4,4.3,2.3,4.1
2018-08-09 16:58:00.600,190.7,42.0072626845496,1.8964079570668,1.93339632182377,1.49587249222572,411.405225437731,419.429360274543,1.52504783513089,321.7,140.463249929963,19131.1839144137,0.9,75.1,43.7732683333333,-79.44237,988.3,6.54360226295707,7.28999242856137,0,36.5763546105897,28.2,80.1,6.3,2.1,3.6
2018-08-09 16:58:01.600,190.7,42.0046342776341,1.89521968211217,1.93221319025467,1.48327456243868,410.910593682347,418.931257518175,1.5122263315036,313.2,140.473507374125,19145.5568635986,0.9,75,43.7732683333333,-79.44237,988.4,6.54898323198095,7.28787394777316,0,36.5777646592535,28.2,88.1,14.2,1.5,2.7
2018-08-09 16:58:02.600,190.7,42.0020196950983,1.89510632208426,1.9322046904875,1.38165571179588,410.542669058064,418.579476865038,1.40870078786915,271.3,140.450700762254,19200.1677633194,0.9,75.1,43.7732683333333,-79.44237,988.4,6.54881367985319,7.29132629611173,0.1,36.5791437602578,28.2,93.4,26,1.3,2.1
2018-08-09 16:58:03.600,190.6,42.0011067893538,1.89437150287233,1.93149577214862,1.29824750066326,410.002522002782,418.037483568555,1.32368884000131,308.6,140.471510470255,19220.6567555773,0.9,75.1,43.7732683333333,-79.44237,988.3,6.54883416555557,7.2918711541815,0.1,36.5804575488584,28.2,79.3,335.7,0.6,0.8
2018-08-09 16:58:04.600,190.6,42.004650870132,1.89425634784343,1.93132683189878,1.34903030521794,409.388858126381,417.400583318258,1.37543280415734,301.4,140.46954437681,19194.4105888046,0.9,75.1,43.7732683333333,-79.44237,988.3,6.54911504409122,7.29082495332146,0,36.5821278986163,28.2,120.9,40.9,0.5,1.3
2018-08-09 16:58:05.600,190.6,42.0094950139088,1.89461585918455,1.93160256095914,1.29872795921994,409.070328335736,417.056256249406,1.32407768267293,311.6,140.444380191842,19148.2776402909,0.9,75.1,43.7732683333333,-79.44237,988.4,6.54498019750592,7.28825276095924,0.1,36.5837675395683,28.2,90.2,10.7,0.7,1.3
2018-08-09 16:58:06.600,190.6,42.0118734994473,1.89681081619909,1.93382716698036,1.40487647194644,408.710437187419,416.686485648774,1.43228893921662,294.1,140.483313634191,19141.480811299,0.9,75.1,43.7732683333333,-79.44237,988.3,6.54412843077591,7.29114199471181,0.1,36.5847580215709,28.2,87,9,1,2.4
2018-08-09 16:58:07.600,190.6,42.0141420667592,1.89742732366812,1.93458304767367,1.31915226412218,407.939595170075,415.927977840445,1.34498396434541,285.9,140.46331764954,19206.0246325777,0.9,75.1,43.77327,-79.44237,988.2,6.54144440492519,7.29536660670058,0.1,36.5860403785836,28.2,82.5,6.6,1.4,3
2018-08-09 16:58:08.600,190.7,42.0138497734052,1.8948901418333,1.93207120322314,1.37609286564313,407.512775484129,415.508941325735,1.4030959718622,299.2,140.470837083204,19244.215696032,0.9,75.1,43.77327,-79.44237,988.4,6.54469786996379,7.29268315999652,0.1,36.5874542273961,28.2,71.3,344.6,1.2,2
2018-08-09 16:58:09.400,190.7,42.0140501855186,1.89398551282837,1.93113206541256,1.4380466324109,407.412092766136,415.402596066988,1.46625192418346,322.9,140.45983409831,19235.5167824139,0.9,75.1,43.77327,-79.44237,988.4,6.54927869455406,7.28908569058232,0.1,36.5887352963488,28.2,57.9,344.8,0.7,1.3
2018-08-09 16:58:10.600,190.7,42.0144097354666,1.89513357898667,1.93214539477333,1.4299091976183,407.100812807098,415.051475957319,1.45783514524498,298.9,140.473047416891,19155.7389454222,0.9,75.1,43.77327,-79.44237,988.4,6.54831454879985,7.28791079214233,0,36.5902489489778,28.2,99,22,0.8,1.6
2018-08-09 16:58:11.600,190.7,42.0138669883929,1.89627393852826,1.93335257359498,1.36451141730234,406.775141765109,414.728963581338,1.39118862839829,234.8,140.47313291405,19178.2696767368,0.9,75.1,43.77327,-79.44237,988.4,6.54405987699567,7.2902013327708,0.1,36.5917170626374,28.2,95.4,0.4,1.1,2.2
2018-08-09 16:58:12.600,190.7,42.0140441953302,1.89774308578041,1.93488232200807,1.3456856028458,406.547973042547,414.504292344847,1.37201696225455,222.8,140.456878754173,19194.6882620383,0.9,75.1,43.7732716666667,-79.44237,988.3,6.54424575629006,7.29278408228365,0.1,36.593059776286,28.2,75.4,0.4,0.8,1.4
2018-08-09 16:58:13.600,190.8,42.0124295647656,1.89771392114988,1.93486685531156,1.44838179464566,406.358743965975,414.314404710223,1.47673480219293,229.1,140.471052026569,19201.9874874481,0.9,75.1,43.7732733333333,-79.44237,988.4,6.54682967770612,7.29456149905714,0.1,36.5944118710556,28.2,96.1,18.5,1,2
2018-08-09 16:58:14.600,190.8,42.007745325083,1.89739044169432,1.93457328586375,1.32129528719479,406.320995065097,414.283535146538,1.34719235208137,235.2,140.431550570025,19220.1126534409,0.9,75.1,43.7732733333333,-79.44237,988.4,6.54365381296432,7.29178624605951,0.1,36.5956995185664,28.2,84.4,7.2,1.4,3.2
2018-08-09 16:58:15.500,190.8,42.0016066284045,1.89757822162015,1.934617514523,1.4081370109243,406.37960353952,414.311789902334,1.43561914667361,234.5,140.462697934857,19145.4575215742,0.9,75.1,43.7732733333333,-79.44237,988.4,6.54261916619607,7.2887643317442,0.1,36.597034217345,28.2,71,355.1,1.9,3.6
2018-08-09 16:58:16.500,190.8,42.0034554555869,1.8985091006624,1.93561196245264,1.55008103209435,406.014205927417,413.948965562256,1.5803672603902,243,140.459326888134,19168.5088013328,0.9,75.1,43.7732733333333,-79.4423683333333,988.4,6.54525221528206,7.29078533643788,0.1,36.5986183057695,28.2,74.8,355.6,1.6,3.2
2018-08-09 16:58:17.600,190.8,42.0111813283865,1.89655100907414,1.93377595439377,1.48420892349744,405.693113017383,413.655987384059,1.5133427653602,244.2,140.44870722888,19250.0343562227,0.9,75,43.7732733333333,-79.4423683333333,988.2,6.54766158009672,7.29414279726744,0.1,36.6003960522855,28.2,78.7,5,1.3,3.3
2018-08-09 16:58:18.400,190.8,42.0123513810562,1.89572410871605,1.93294711192132,1.54637767127398,405.742599252104,413.709379658105,1.57674193666149,242.7,140.449627621125,19256.9887737858,0.9,75,43.773275,-79.4423683333333,988.4,6.54709904996863,7.29435759076211,0.1,36.6012193041298,28.2,71.7,354.7,2.1,4.5
2018-08-09 16:58:19.500,190.8,42.0089454059477,1.89581000231892,1.9330046542166,1.50031930503492,406.022149534175,413.987954048058,1.52975419355529,223.1,140.460253566603,19241.6339965692,0.9,75,43.773275,-79.4423666666667,988.4,6.54747149699466,7.29306363573863,0.1,36.6026193817199,28.2,65.7,349.6,2.5,5
2018-08-09 16:58:20.600,190.9,42.0039555905503,1.89704595286839,1.93431153076086,1.54716684843433,406.375159458227,414.358022744218,1.57755918004719,220.1,140.476693195931,19265.518312178,0.9,75,43.7732766666667,-79.4423666666667,988.5,6.54320837814172,7.28979722778156,0.1,36.6041502976305,28.2,66.9,348,2.3,4.3
2018-08-09 16:58:21.600,191,42.0002552413852,1.89579559022062,1.93302715129777,1.46329895569619,406.452624510602,414.435032713277,1.49203900919934,285.9,140.446063566306,19260.9142386363,0.9,75,43.7732783333333,-79.442365,988.4,6.54447285330847,7.29032528372751,0,36.6054531818585,28.2,66.6,355.8,1.7,3.1
2018-08-09 16:58:22.600,191.1,41.9992250494556,1.89584204055766,1.93291133652866,1.33756788623759,406.612873771238,414.563463551652,1.3637233405818,340.4,140.471209287758,19178.2830063157,0.9,75,43.77328,-79.442365,988.4,6.54563199744086,7.29109427993103,0.1,36.6066618747373,28.2,78.2,0.4,2.4,5.7
2018-08-09 16:58:23.600,191.2,42.0009408565219,1.89526905334738,1.93229963634867,1.30302959324219,406.478457862144,414.420435156577,1.32848828567146,339,140.45634034972,19164.1404063655,0.9,75,43.7732816666667,-79.442365,988.3,6.54479813876889,7.2935884584912,0.1,36.6080591451247,28.2,73.9,355.7,2.8,5.7
2018-08-09 16:58:24.600,191.3,42.0011974464046,1.89456158742859,1.93168353040654,1.39659799728905,406.143530552641,414.101371051395,1.42395978903587,342.3,140.453667638925,19217.154011947,0.9,75,43.7732833333333,-79.4423633333333,988.3,6.54325530523675,7.29202162228198,0.1,36.6095448636433,28.2,85,0.4,2.9,5.8
2018-08-09 16:58:25.400,191.3,41.9995054730167,1.89441954853114,1.93141840321817,1.43408214733743,406.028655411761,413.958541997758,1.46209376001586,24.3,140.459280557352,19156.1464969142,0.9,75.1,43.7732833333333,-79.4423633333333,988.3,6.54623332058584,7.28928571662141,0.1,36.610846838359,28.2,72.8,351.5,3.3,6.2
2018-08-09 16:58:26.400,191.4,41.9972777704676,1.89662582960738,1.93359732390655,1.41397651382433,405.809810123303,413.720446416702,1.44154021206654,358.9,140.462746718808,19120.6737965046,0.9,75.1,43.7732833333333,-79.4423633333333,988.3,6.54301965989168,7.2913440287503,0.1,36.6121562781824,28.2,64.1,356.2,2.8,5.3
2018-08-09 16:58:27.600,191.4,41.9974590450984,1.89620398332853,1.93313442033578,1.48728956426142,405.660972671086,413.56158020435,1.51625684026557,291.4,140.476938260726,19103.9014446014,0.9,75.2,43.7732833333333,-79.4423633333333,988.4,6.54372885799786,7.287493430541,0.1,36.6134726024041,28.2,72.6,358.5,2.5,4.8
2018-08-09 16:58:28.600,191.4,42.0037539489681,1.89283382864214,1.92962551392318,1.38083940137074,405.507695234534,413.389685082898,1.40768055223842,264.1,140.467579863185,19066.7670495499,0.9,75.3,43.773285,-79.4423616666667,988.2,6.5470992933965,7.28544036237362,0.1,36.6148984297343,28.2,69.2,3.7,2,3.8
2018-08-09 16:58:29.600,191.5,42.0100045754682,1.8940267044524,1.93086046391331,1.39273071471968,404.984214061766,412.860062481295,1.41981811229705,311.2,140.489085492579,19076.3596419857,0.9,75.3,43.773285,-79.4423616666667,988.3,6.5425421833561,7.28806879157471,0.1,36.6163429014841,28.2,84.7,12.9,2,3.8
2018-08-09 16:58:30.600,191.5,42.013223753294,1.89639208472203,1.93332909173658,1.58158248331562,404.598654870724,412.47915700246,1.61238833590818,339.9,140.452988075264,19105.3244328524,1,75.2,43.773285,-79.4423616666667,988.3,6.54217102176291,7.28993165279877,0.1,36.6178745358429,28.2,82,0.4,1.9,3.4
2018-08-09 16:58:31.600,191.4,42.0082265119471,1.89604707405332,1.93288536046754,1.51193222362179,404.179109649793,412.031811619948,1.54131684163275,352,140.454781753643,19058.5276082134,1,75.1,43.7732866666667,-79.4423616666667,988.2,6.54440925132406,7.29260452783579,0.1,36.6191432969033,28.2,72.7,352.4,1.9,4.3
2018-08-09 16:58:32.600,191.4,42.0000979875931,1.89581535531418,1.93261062455274,1.47472269124443,404.042733896169,411.884576864221,1.50335104951405,342.7,140.473463470179,19039.0208664568,1.2,75.1,43.7732866666667,-79.4423616666667,988.3,6.54299982197537,7.28923505505841,0.1,36.6204236443558,28.2,73.2,6.9,1.7,2.9
2018-08-09 16:58:33.500,191.4,41.9982493809232,1.89567588489837,1.93254996277061,1.44931872729843,403.644862819373,411.496338732618,1.47751102316227,11.5,140.469387472172,19080.4077921006,0.9,75.2,43.7732866666667,-79.4423616666667,988.3,6.54281407467073,7.28880984105401,0.1,36.621858674709,28.2,74.4,352.8,2.1,4.7
2018-08-09 16:58:34.600,191.4,41.998635375534,1.89490315296198,1.9316653074686,1.39564789850275,403.250271454786,411.073465729497,1.42271810261898,350.3,140.472200738231,19031.1002219748,0.9,75.2,43.7732866666667,-79.4423616666667,988.4,6.54387328283424,7.29119550493487,0,36.6230870729603,28.2,70.3,0.4,2.1,3.6
2018-08-09 16:58:35.400,191.4,42.0005718496103,1.89451721693243,1.93117475466572,1.48914282352721,403.395910441182,411.201346102533,1.51795660605138,336.8,140.467481146942,18981.9679994566,0.9,75.2,43.7732883333333,-79.4423616666667,988.3,6.53981517785939,7.29035787226896,0.1,36.6244485290811,28.2,68.3,350.5,2.2,3.9
2018-08-09 16:58:36.600,191.5,42.0009382934719,1.89297294958532,1.92948409858391,1.42336158644464,403.610925899034,411.395672537769,1.45081743303261,6.5,140.472357563061,18922.8902135308,0.9,75.1,43.7732883333333,-79.4423616666667,988.3,6.54192676199287,7.28652978399978,0.1,36.6257348351629,28.2,68.4,355.2,2.3,5
2018-08-09 16:58:37.600,191.5,42.0047761361966,1.8925697188568,1.92905900487353,1.49028161854524,403.661710418539,411.444327435195,1.51901922345593,354.2,140.433112900653,18915.4563650942,0.9,74.9,43.7732883333333,-79.4423616666667,988.3,6.54639769234468,7.28656638254489,0.1,36.6273234712437,28.2,72.4,354,2.1,4.1
2018-08-09 16:58:38.600,191.5,42.0085964198376,1.89474139190858,1.93127920470716,1.58178535607869,403.633295152506,411.416807733938,1.61228814113198,339.3,140.454748625262,18918.8465147169,0.9,75.1,43.7732883333333,-79.4423616666667,988.3,6.54550958605887,7.28928152076303,0.1,36.628780168209,28.2,70.7,357.3,2.2,3.8
2018-08-09 16:58:39.600,191.5,42.0132427645206,1.8963338034105,1.93289809983699,1.52110925197833,404.16863828886,411.961623245207,1.55043672037559,312.7,140.458416042374,18916.7248030458,0.9,75.1,43.7732883333333,-79.4423616666667,988.4,6.54527177945525,7.29178874259088,0,36.6302073330228,28.2,70.2,354.3,2,3.5
2018-08-09 16:58:40.600,191.5,42.0140039400518,1.8959996603367,1.93250460413297,1.534873113944,405.103761832406,412.903507769685,1.56442183052595,343.3,140.445773610941,18889.9725458136,0.9,75.1,43.77329,-79.4423633333333,988.3,6.54342188266915,7.29003003595184,0.1,36.6315140501014,28.2,75.4,356.8,1.8,4.3
2018-08-09 16:58:41.600,191.5,42.0121280035761,1.89603436614125,1.93248988175051,1.6026237291452,405.998904128234,413.805169833752,1.63343832986042,351,140.463652541943,18864.5146575702,0.9,75.1,43.7732933333333,-79.4423633333333,988.4,6.54038759839963,7.28639833253865,0.1,36.6326920023841,28.2,69.8,355.6,2,3.6
2018-08-09 16:58:42.600,191.6,42.013032371069,1.89516093485697,1.93155091677508,1.72815704046257,406.39499971225,414.198322231095,1.76133424471,261.1,140.46143342925,18839.4926151971,0.9,75.1,43.773295,-79.442365,988.3,6.54203368052183,7.28735466427794,0.1,36.6340221573905,28.2,88.5,12.4,1.9,3.6
2018-08-09 16:58:43.400,191.6,42.0102958764633,1.89318941125214,1.92952163409729,1.57450292700264,406.576078222776,414.378665625592,1.60471119065774,269,140.469148189677,18829.4721290204,0.9,75.1,43.7732966666667,-79.442365,988.3,6.54363252998269,7.28749113634969,0.1,36.635382792739,28.2,75.6,351.7,2.1,4.4
2018-08-09 16:58:44.400,191.6,42.0098972183596,1.8923022996818,1.92868604472464,1.45541462040363,406.730049290087,414.550331613221,1.48339877815124,335.3,140.441381015916,18864.4734452871,0.9,75.1,43.7732983333333,-79.4423666666667,988.3,6.54246234159124,7.28835312428376,0.5,36.6370074335372,28.2,58.1,341.8,2.1,3.7
2018-08-09 16:58:45.400,191.7,42.0104264679605,1.89429383024154,1.93073666780567,1.54685162477755,406.799546948022,414.625648084166,1.57661057048948,341.3,140.462885719679,18875.1527296004,0.9,75.1,43.7732983333333,-79.4423666666667,988.3,6.54406667945265,7.29089382815073,0.5,36.6382613101346,28.2,61.6,346.1,1.6,2.9
2018-08-09 16:58:46.400,191.8,42.0124621409746,1.89492430457099,1.93138795527397,1.55097703963191,407.293444365415,415.130867746034,1.58082206135816,337.6,140.457601567368,18879.4815975034,0.9,75.1,43.7733,-79.4423666666667,988.3,6.54750812322044,7.28648095508493,0.3,36.6395795493348,28.2,70.8,345.2,1.2,2
2018-08-09 16:58:47.600,191.9,42.0123221188902,1.89458412891371,1.930944370496,1.45428082866064,407.513688486944,415.334546075642,1.48219423619356,346.8,140.46958326509,18830.2350434993,0.9,75.1,43.7733,-79.4423683333333,988.3,6.54459351157649,7.28539695242895,0.3,36.6408910213447,28.2,67.5,344.6,0.8,1.4
2018-08-09 16:58:48.400,192.1,42.0072487180169,1.8940932285621,1.93041488171086,1.44164661305032,407.490344159496,415.304430149577,1.46929247524852,332.8,140.487169681821,18815.2651764434,0.9,75.1,43.7733016666667,-79.4423683333333,988.3,6.54604804294982,7.28855164380159,0.3,36.6425336528924,28.2,64.7,344.7,0.8,1.5
2018-08-09 16:58:49.600,192.2,42.0082210001125,1.89317634173096,1.92943598297202,1.46404266897441,407.48550690467,415.290003679827,1.49208382263736,343,140.451430277606,18792.7799102441,0.9,75.1,43.7733033333333,-79.4423683333333,988.3,6.54570554764922,7.28625595457524,0.5,36.6438817430598,28.2,68.4,340.1,0.5,1.1
2018-08-09 16:58:50.600,192.3,42.0128760735793,1.89432383654438,1.93066820209826,1.48304512936014,407.247232345022,415.060732783772,1.51150082814737,341.7,140.46064412045,18824.899715487,1.6,75.1,43.773305,-79.4423683333333,988.3,6.54297492658395,7.28423189025752,0.3,36.6450447398827,28.2,125,32.5,0.4,0.5
2018-08-09 16:58:51.500,192.4,42.0131185130235,1.89465506079666,1.93114034093574,1.52367999332383,407.167186948712,415.008105975966,1.55302219957836,344.2,140.464637544818,18893.4526115451,0.9,75.1,43.7733066666667,-79.4423666666667,988.4,6.54340374001125,7.28537228871296,0.3,36.6463613398987,28.2,111.7,23.6,0.5,1
2018-08-09 16:58:52.700,192.5,42.0088086742708,1.89276622785614,1.9290204193708,1.45170276672276,406.759919709036,414.551083653391,1.47951568435997,343.4,140.484205380468,18794.231247469,1.6,75.1,43.7733083333333,-79.4423666666667,988.4,6.5467011674993,7.29057947535491,0.3,36.6476715892334,28.2,99.7,0.4,0.7,1.4
2018-08-09 16:58:53.600,192.5,42.0087617388836,1.89386434561648,1.93009160479419,1.54602907989143,406.711682748264,414.491556071627,1.57560910755963,342.2,140.458659962887,18769.7929580557,1.6,75.1,43.77331,-79.4423666666667,988.2,6.5447230014955,7.28924827086527,0.3,36.6492121298104,28.2,74,338,0.6,1.1
2018-08-09 16:58:54.700,192.7,42.0112016089892,1.89360561892032,1.92984731703262,1.4551993031215,406.557969298675,414.339107312147,1.48305551422041,3.8,140.472784813511,18779.751664252,1.6,75.1,43.7733116666667,-79.442365,988.3,6.54607099101382,7.2896994954628,0.3,36.6505339078655,28.2,68.2,336.9,0.4,0.8
2018-08-09 16:58:55.600,192.7,42.0158152704953,1.89386519478466,1.93006905886663,1.36596556251793,406.338443266461,414.106200276264,1.39207819023535,353.2,140.481296073999,18757.8518097148,0.9,75.1,43.7733133333333,-79.4423633333333,988.4,6.546796254013,7.2892227463487,0.3,36.6516389554361,28.2,94.9,327.3,0.3,0.9
2018-08-09 16:58:56.600,192.8,42.0221142425401,1.89438306915848,1.93071213601444,1.46609075882463,406.320095435208,414.112250678368,1.49420940426607,330.8,140.437923343314,18816.4532712457,0.9,75.1,43.773315,-79.4423633333333,988.3,6.54892581598358,7.28813924410948,0.3,36.6529245310274,28.2,4.9,290.4,0.6,1.4
2018-08-09 16:58:57.600,192.8,42.0227570599001,1.89375015725268,1.93014734561428,1.56524681809841,406.454005343402,414.265909784051,1.59533076234619,344.4,140.45884634622,18857.2637159935,0.9,75.2,43.773315,-79.4423633333333,988.3,6.54800786763486,7.28220353922235,0.5,36.6544703623276,28.2,36.4,331.1,0.7,2
2018-08-09 16:58:58.600,192.7,42.023622251756,1.89335239634,1.929862181184,1.63418742748917,406.20482913516,414.03767425724,1.66570146407957,350.5,140.44501371924,18918.268907212,1.6,75.2,43.7733166666667,-79.4423633333333,988.4,6.546322912896,7.2809294111712,0.3,36.655970391992,28.2,69.9,348.1,1.1,2.4
2018-08-09 16:58:59.600,192.6,42.0206824744054,1.89300384299618,1.9296137902621,1.56589740196401,405.776835905047,413.624369228394,1.59618063736911,353.1,140.452241962559,18972.63695631,1.6,75.2,43.7733183333333,-79.4423633333333,988.4,6.54953991770393,7.28849339745524,0.3,36.6571724534334,28.2,71.6,351.3,1.1,2
2018-08-09 16:59:00.600,192.6,42.0147227275899,1.89342971226338,1.92991053650856,1.52012960239349,405.656133641469,413.471876292982,1.54941677697813,1.8,140.456541036732,18902.7452655741,1.6,75.2,43.7733183333333,-79.4423633333333,988.3,6.54920158565284,7.28664872829076,0.5,36.6586180002347,28.2,85.7,352.8,0.8,1.5
2018-08-09 16:59:01.600,192.6,42.0106587119684,1.89261770235765,1.92899725044242,1.53108208954442,405.471886090886,413.265861892299,1.56051213352016,2.8,140.471968001201,18859.4518585237,1.6,75.1,43.77332,-79.4423633333333,988.3,6.54997287754511,7.28701583251522,0.7,36.6598402638545,28.2,81.7,345.3,0.6,1.3
2018-08-09 16:59:02.600,192.6,42.0131370511476,1.89404758382927,1.9304374347984,1.61102511392332,405.738337833707,413.533846688696,1.64197726591502,3.4,140.463990933244,18850.944624555,1.6,75.2,43.77332,-79.4423633333333,988.2,6.54435516653099,7.28474891231283,0.7,36.6611476888009,28.2,78,16,0.6,1
2018-08-09 16:59:03.700,192.5,42.0187145228266,1.89576869510248,1.93228098889713,1.5294864457363,405.66471620761,413.477869776332,1.55894036965304,2.4,140.42821278886,18896.2438202896,1.7,75.2,43.77332,-79.4423633333333,988.3,6.54277347739109,7.28463343197979,0.5,36.662561010224,28.2,113.7,0.4,0.5,1
2018-08-09 16:59:04.500,192.5,42.0171495031035,1.8935198815244,1.93000474957249,1.49811205788565,405.502930799774,413.316361994184,1.5269775820768,0.1,140.468339157949,18904.1437905641,1.7,75.2,43.77332,-79.4423633333333,988.3,6.54604245772645,7.28581650608447,0.5,36.6638715630192,28.2,109.7,11.9,0.6,1.2
2018-08-09 16:59:05.700,192.5,42.0222372834529,1.8946112459715,1.93106466599705,1.55843954910958,405.489526293036,413.29150293533,1.58842469843166,0,140.439686638744,18877.6343540852,1.7,75.2,43.77332,-79.4423633333333,988.3,6.54699424436715,7.2842645580677,0.5,36.6652794604955,28.2,70.1,0.4,0.3,0.4
2018-08-09 16:59:06.600,192.5,42.022036924282,1.89599654629639,1.93256054592955,1.50141688038146,405.566070700269,413.387389035403,1.53036933958772,4.1,140.46575043079,18920.0929702254,1.6,75.2,43.77332,-79.4423616666667,988.3,6.54456839741828,7.28233228740546,0.5,36.6666021681324,28.2,121.1,29.8,0.5,1
2018-08-09 16:59:07.500,192.5,42.0214910892713,1.89559576103436,1.93230332370791,1.37962692498396,405.719981307101,413.576621623631,1.40634062796903,9,140.471566486027,18996.7463638693,1.6,75.1,43.77332,-79.4423616666667,988.3,6.54524157922783,7.27975023780684,0.5,36.6678923324973,28.3,136.7,54,0.5,1
2018-08-09 16:59:08.600,192.5,42.0204664610684,1.89546078823169,1.93204454747082,1.56289323185863,405.624520381705,413.453404236383,1.59304728214832,6.2,140.467808669641,18935.221748626,1.6,75.1,43.77332,-79.4423616666667,988.3,6.54791520181017,7.28314076518353,0.5,36.6690662819743,28.3,151.4,51.3,0.6,0.9
2018-08-09 16:59:09.500,192.6,42.0226689134367,1.8948486627472,1.9314209554459,1.74768422001445,405.504561504283,413.331136642364,1.78141735320216,11.5,140.46491570726,18935.2279319384,1.6,75.1,43.7733216666667,-79.4423616666667,988.4,6.54684047728105,7.28591216669532,0.5,36.6704425343054,28.3,151,310.9,0.4,0.6
2018-08-09 16:59:10.600,192.6,42.0267375773099,1.89359579646792,1.93007965950852,1.62009956885259,405.505377100854,413.318266224082,1.6513192245331,42.8,140.449043233859,18902.7597960728,0.9,75.1,43.7733216666667,-79.4423616666667,988.3,6.54635740178454,7.28565937249715,0.1,36.6717811786136,28.3,111.6,58.9,0.2,0.7
2018-08-09 16:59:11.600,192.6,42.0288233598641,1.89464577285744,1.93129331257971,1.57000606606666,405.667002728488,413.513576066932,1.60037545127657,39.9,140.483888090711,18975.4022365281,0.9,75.1,43.7733216666667,-79.44236,988.4,6.54951362695069,7.2817909319494,0.1,36.673043207143,28.3,251,245.2,0.4,1.3
2018-08-09 16:59:12.600,192.7,42.0353838668357,1.89577068395771,1.93234098459572,1.50233285889448,405.864685994642,413.693967430678,1.53131810288042,50.6,140.448938916609,18925.446553086,0.9,75.1,43.7733216666667,-79.4423583333333,988.3,6.54729456782341,7.28218897051347,0,36.6744134968099,28.3,351.5,262.5,1.1,2.1
2018-08-09 16:59:13.600,192.7,42.0390473268533,1.89709779822649,1.93372494676847,1.57486675518824,405.693570849233,413.5262601603,1.60527702689031,123.7,140.477788524933,18941.2674176461,0.9,75.1,43.7733216666667,-79.4423583333333,988.2,6.54750930927181,7.27794908220916,0.1,36.6758342774002,28.3,339.1,269.8,1.2,2.7
2018-08-09 16:59:14.600,192.8,42.0396354262394,1.89401271607894,1.93057087077569,1.52588346216219,404.97845329423,412.795330234502,1.55533858960438,22.8,140.469168152166,18936.4626995949,0.9,75.1,43.7733216666667,-79.4423566666667,988.4,6.55028155671264,7.28434374452707,0.1,36.6771636613791,28.3,330.4,252.8,0.8,1.7
2018-08-09 16:59:15.600,192.8,42.0391411372376,1.89301030522218,1.92955817346767,1.57091700841358,404.868564514912,412.685147179385,1.60124764802342,39,140.451669070766,18940.9181302132,0.9,75.1,43.7733216666667,-79.4423566666667,988.4,6.54974479595392,7.28398035728333,0.1,36.6782526769157,28.3,329.8,263.5,1.2,2.5
2018-08-09 16:59:16.600,192.8,42.035329020081,1.89306558545548,1.92953234068602,1.46918723235363,404.605108274925,412.399077800392,1.49749160482968,117.5,140.469705997587,18899.1761474957,0.9,75.2,43.7733216666667,-79.442355,988.3,6.5497340015565,7.28365504537794,0,36.679577118297,28.3,354.2,313.4,0.7,1.2
2018-08-09 16:59:17.600,192.8,42.0365271277481,1.895188389585,1.93178869168002,1.61162688481651,404.317723647753,412.125946851691,1.64275721829337,71.9,140.445834151758,18946.260671729,0.9,75.2,43.7733216666667,-79.442355,988.4,6.54776209115042,7.27862373401424,0,36.6811834500445,28.3,60.7,0.4,0.7,1.2
2018-08-09 16:59:18.600,192.8,42.0381586387663,1.89196681291956,1.92852727243842,1.61830562171828,403.677075001279,411.477682732904,1.64957792852349,25.2,140.455596416797,18957.5329632075,0.9,75.1,43.7733216666667,-79.442355,988.3,6.55163715972671,7.27993173358009,0,36.6826455014567,28.3,45,331.5,1.1,2.6
2018-08-09 16:59:19.500,192.8,42.0382357798946,1.89303223660395,1.92953895335,1.52998826145637,403.180189164906,410.955370598829,1.55949431208182,24.3,140.437844399567,18919.8142462675,0.9,75.1,43.7733216666667,-79.4423533333333,988.3,6.5492104158885,7.28178286509178,0.1,36.6839037895473,28.3,53.7,0.4,1,1.6
2018-08-09 16:59:20.600,192.9,42.0372677200082,1.89326980730021,1.92982163074595,1.3988397395849,402.39284596606,410.161542578363,1.42584441351088,205.8,140.484194193339,18940.6422230949,0.9,75.2,43.7733216666667,-79.4423533333333,988.4,6.54876017764973,7.28469492009816,0.3,36.6855057196812,28.3,333.9,248.7,0.2,1.5
2018-08-09 16:59:21.600,192.9,42.0359074335214,1.89531019613217,1.93184480478111,1.67705780607344,401.899165030887,409.646448568357,1.70938050094322,245.9,140.457479935535,18912.0643808752,0.9,75.1,43.7733216666667,-79.4423516666667,988.3,6.54927351995702,7.28370118246036,0.3,36.686944340317,28.3,317.7,246.3,1.5,3.1
2018-08-09 16:59:22.400,193,42.0363529708503,1.89687575720985,1.93339382758517,1.59961932532574,402.455301797439,410.203290671497,1.63041610864287,270.2,140.425296967062,18888.1716990031,0.9,75.1,43.7733216666667,-79.44235,988.4,6.54497349427231,7.27758732285079,0.1,36.688264100208,28.3,322.9,237.1,1.1,2.4
2018-08-09 16:59:23.600,193,42.0340719329416,1.89603031911078,1.93258267545901,1.65359046695859,401.864754654029,409.611977064854,1.6854697772405,290.7,140.465921298345,18913.6418603243,0.9,75.2,43.7733216666667,-79.44235,988.2,6.54840624032146,7.27687636969155,0.1,36.689238736094,28.3,325.2,254.9,0.9,1.3
2018-08-09 16:59:24.600,193,42.0376536985259,1.89296158442133,1.92948168995818,1.72058905511351,401.787489905241,409.53899078945,1.75378362142925,297.3,140.438445713689,18927.4614397891,0.9,75.2,43.7733216666667,-79.44235,988.3,6.55509676042054,7.27617653576854,0.1,36.6908567166314,28.3,349.5,289.6,0.5,1
2018-08-09 16:59:25.600,193,42.0328053430947,1.89300342938283,1.92956791054131,1.51546036509902,401.672010617248,409.430496704134,1.5447303862782,265.9,140.474950337356,18949.4000176377,0.9,75.2,43.7733216666667,-79.4423483333333,988.5,6.55084076061758,7.27763532033022,0.1,36.6920224968854,28.3,12.6,307.5,0.6,0.7
2018-08-09 16:59:26.600,193,42.0346199904673,1.89326404867923,1.92985078523666,1.64602527359752,401.769740471388,409.533965193004,1.67783516765959,342.6,140.454562456135,18958.5712854025,0.9,75.1,43.7733216666667,-79.4423466666667,988.3,6.54837654374706,7.27554569455113,0.1,36.6931433312149,28.3,21.5,286.4,0.5,1.4
2018-08-09 16:59:27.600,193,42.0419788796073,1.89344688384687,1.9300970595668,1.55848231995095,401.265405444528,409.032534419146,1.58864806636173,350.6,140.478655850336,18989.0376302028,0.9,75.1,43.7733216666667,-79.4423466666667,988.3,6.55264092697241,7.27630534903317,0.1,36.6947184725604,28.3,105.8,65.4,0.5,0.8
2018-08-09 16:59:28.600,193,42.0459944576655,1.89266416376965,1.92918013312562,1.67182991583106,401.275033907953,409.017016939629,1.70408114630021,34,140.459972398844,18928.2319976695,0.9,75.1,43.7733233333333,-79.442345,988.3,6.55205531328658,7.27612330280886,0.1,36.6958682411621,28.2,126.4,32,1.2,1.2
2018-08-09 16:59:29.600,192.9,42.0490429415669,1.89370921591403,1.93024731396626,1.61639995429562,400.538873619681,408.266954991417,1.64758624352348,6.5,140.477144574904,18928.9981944001,0.9,75.1,43.7733233333333,-79.4423433333333,988.3,6.54930772816441,7.28480578733294,0.9,36.6972938840577,28.2,8.1,52.8,0.3,0.5
2018-08-09 16:59:30.600,192.9,42.0503677138604,1.89329470929875,1.92973176001611,1.71516305341572,400.310532854636,408.014523240394,1.74816883089305,7.7,140.492768811587,18881.6579401658,0.9,75.1,43.7733233333333,-79.4423416666667,988.3,6.55039942546044,7.28266015208377,0.9,36.6984987585274,28.2,176.6,140.5,1,0.8
2018-08-09 16:59:31.600,192.9,42.0559467184127,1.89301239553325,1.92950464183896,1.67484640734829,400.780886734157,408.506834506383,1.70713185450826,1.5,140.425682810273,18912.6742725284,1,75.2,43.7733233333333,-79.4423416666667,988.3,6.54878838723003,7.2799887086535,0.5,36.6999708959626,28.2,158.5,52.3,0.8,1.2
2018-08-09 16:59:32.600,192.9,42.0511762428423,1.89694457397169,1.93344405752362,1.610279973306,400.87491545905,408.588191913775,1.64126384050967,356.8,140.477638957396,18877.7854361808,0.9,75.1,43.773325,-79.44234,988.3,6.54179805764263,7.27700875102175,0.7,36.701249209554,28.2,154.3,101.3,0.8,1.6
2018-08-09 16:59:33.600,192.8,42.0490444027493,1.89608455563718,1.93264354478294,1.6259055081993,400.839796247437,408.568594965634,1.65725563064856,355,140.468238398648,18916.7949099268,0.9,75.1,43.773325,-79.44234,988.3,6.541778636847,7.27503491502294,0.5,36.7027034847807,28.2,147.5,64.3,0.4,0.8
2018-08-09 16:59:34.600,192.8,42.046024636666,1.89336045955737,1.92983683205778,1.76182193685552,400.868029118285,408.590928625854,1.79576261218421,351.3,140.471863473632,18901.1917732475,0.9,75.2,43.773325,-79.4423383333333,988.2,6.54514981513905,7.27721705044099,0.5,36.7038547843953,28.2,169.3,90.8,0.4,0.4
2018-08-09 16:59:35.600,192.8,42.0513865827861,1.8913167136229,1.927732977339,1.65995572937348,401.022120056091,408.743570369467,1.69191758647191,351.2,140.458903018012,18890.6889538123,0.9,75.2,43.773325,-79.4423383333333,988.2,6.54860700771683,7.27964428714878,0.5,36.7051026410194,28.2,191.8,244.8,0.4,0.7
2018-08-09 16:59:36.600,192.8,42.053440487477,1.89156562103763,1.92786298113576,1.56224630721743,400.909871987741,408.602893119596,1.59222567206969,356.4,140.463113609714,18827.7195473106,0.9,75.2,43.773325,-79.4423366666667,988.3,6.55124543342074,7.27931923525577,0.7,36.7068702029191,28.2,222.1,164.8,0.5,1.2
2018-08-09 16:59:37.600,192.7,42.0536830550927,1.89179096763893,1.92810494606489,1.57551586103707,400.761703055488,408.45447545827,1.60575884974115,356.6,140.468708745372,18833.8387018658,0.9,75.2,43.773325,-79.442335,988.2,6.54958702476717,7.27972609773185,0.7,36.7084908064822,28.2,216.3,163.4,1,1.6
2018-08-09 16:59:38.600,192.6,42.0548964054216,1.89235270367667,1.92878477303556,1.51726064683162,400.892911167391,408.610867856451,1.54646938442044,353.5,140.430157912473,18888.2904814229,0.9,75.2,43.773325,-79.4423333333333,988.3,6.54380367313435,7.28225109664954,0.7,36.7104521108154,28.2,226.5,161.2,0.8,1.9
2018-08-09 16:59:39.400,192.6,42.0503420137475,1.89280216959457,1.92917586245146,1.75947877295799,401.563589562734,409.28036032287,1.79328701720534,349.4,140.486762667296,18854.4882705079,0.9,75.2,43.773325,-79.4423333333333,988.4,6.54608654620979,7.27462204499603,0.9,36.7112284030154,28.2,214.8,142.3,1.2,1.9
2018-08-09 16:59:40.600,192.5,42.0513602075383,1.89350258529144,1.93005264704394,1.5883855195829,401.530516718955,409.281164449894,1.61904083793003,353.2,140.432407102659,18937.2657943949,0.9,75.2,43.7733266666667,-79.4423316666667,988.4,6.54566162931532,7.27915115070618,1.6,36.7127753349169,28.2,167,104.4,1.2,1.6
2018-08-09 16:59:41.600,192.4,42.047745996291,1.89303414475905,1.92947555829112,1.66075610267488,401.73785346813,409.471434343604,1.69272442823055,359.1,140.44919467879,18886.891344764,0.9,75.2,43.7733266666667,-79.4423316666667,988.4,6.54722233957487,7.27731226763816,2,36.7139900085804,28.2,195.7,137.2,0.9,1.2
2018-08-09 16:59:42.600,192.3,42.0415365031387,1.89493172294582,1.93131761035822,1.66121303858344,402.232633193887,409.956161381744,1.69311146399513,359.8,140.47396893602,18839.9612651238,0.9,75.2,43.7733266666667,-79.44233,988.3,6.54281720551436,7.27009632547391,1.8,36.71537830436,28.2,199.3,126.9,1,1
2018-08-09 16:59:43.600,192.3,42.0435347681314,1.89310332750167,1.9295492451258,1.56160040370542,401.370894096579,409.098101108537,1.59166301698828,1.3,140.441016121649,18888.4640120942,0.9,75.3,43.7733283333333,-79.44233,988.3,6.54449933162238,7.27680856454481,1.6,36.717250718872,28.2,206.1,124.6,1.1,1.1
2018-08-09 16:59:44.600,192.2,42.0371553862561,1.89634255751244,1.93293472629022,1.44342207969364,402.083482454931,409.842072855427,1.47127455359171,2.9,140.471387874311,18930.8467269219,0.9,75.3,43.7733283333333,-79.4423283333333,988.2,6.5409013747572,7.27668254514364,1.2,36.7186538807927,28.2,174.6,69.5,0.8,0.5
2018-08-09 16:59:45.700,192.1,42.0344416623744,1.89547411053107,1.93187916313024,1.68654737045481,402.210778063154,409.935810288892,1.71893426818164,2.8,140.434649666882,18844.4432458104,4.4,75.3,43.7733283333333,-79.4423266666667,988.3,6.54042634908881,7.27126819343293,1.1,36.7202054775634,28.2,176.1,145,0.5,0.6
2018-08-09 16:59:46.700,192.1,42.032365899587,1.89475094953898,1.93116771094777,1.69136843143371,402.262357158515,409.993875124801,1.72387639595932,3.3,140.492763364587,18857.6510616862,4.4,75.3,43.7733283333333,-79.4423266666667,988.2,6.54608365404527,7.27150163821717,1.1,36.7212261434248,28.2,241.1,224.5,0.5,0.8
2018-08-09 16:59:47.500,192,42.0344996801381,1.89247988579953,1.92887207715751,1.54236409352981,402.44338125724,410.182347713475,1.57202370786408,4.4,140.452305316986,18867.0992929325,1,75.3,43.7733283333333,-79.442325,988.3,6.55200627610063,7.27212364337868,1.1,36.7225344528635,28.2,289.2,248.3,0.3,1
2018-08-09 16:59:48.600,191.9,42.0359012728356,1.89508929744205,1.93156375266536,1.68208265384709,402.518670330321,410.265827395416,1.71445758233826,5,140.458571411526,18883.2706457368,1,75.3,43.7733283333333,-79.442325,988.3,6.54617353247412,7.27213231392141,0.9,36.7238133979568,28.3,320.6,291.5,0.2,1
2018-08-09 16:59:49.500,191.9,42.0358493843194,1.89480182735638,1.93126734925972,1.49706667268706,402.198586188132,409.938901106272,1.52587761316734,2.5,140.4794951223,18881.5497773142,1,75.3,43.77333,-79.442325,988.3,6.54839691908534,7.27820242091158,0.7,36.7252926569043,28.3,330,254.9,0.3,1.3
2018-08-09 16:59:50.600,191.9,42.04326050341,1.89592628067522,1.9324887234562,1.46024673826534,402.300460901817,410.058796997669,1.4884072301722,2.1,140.426493355373,18920.0539956871,1.2,75.3,43.77333,-79.4423233333333,988.2,6.54283118710656,7.27789155527482,1.1,36.7268568873442,28.3,6.6,298.4,0.5,1.5
2018-08-09 16:59:51.600,191.9,42.0380925255256,1.89342647439026,1.92998550856404,1.71463453559247,402.090970027068,409.85459888308,1.74774105245059,2.9,140.482800420927,18942.3663250691,1.2,75.3,43.77333,-79.4423233333333,988.3,6.54335556415934,7.27729654915604,0.9,36.7278028380913,28.3,43.8,318,0.2,1.1
2018-08-09 16:59:52.600,191.8,42.0334081744944,1.89433026839956,1.93083560155049,1.75414649755214,402.50163793285,410.258231472901,1.78794980656565,3.3,140.461343149412,18906.5662903149,1.2,75.3,43.77333,-79.4423233333333,988.3,6.54065584860899,7.27083566073825,0.7,36.7292905897554,28.3,53,291.5,0.5,1
2018-08-09 16:59:53.600,191.6,42.0365558493026,1.892881806855,1.92937725031702,1.90624527905091,402.12944590437,409.882730238126,1.94299901976297,4.7,140.482121033536,18915.770181767,1,75.3,43.7733316666667,-79.4423233333333,988.3,6.54688456411164,7.27387934705982,0.5,36.7305126151895,28.3,324.6,251.6,0.7,1.7
2018-08-09 16:59:54.600,191.6,42.0424962862379,1.8951469423115,1.93178832262151,1.5585947161529,401.96998976425,409.741710089823,1.58872631948304,6.8,140.451834676372,18967.301559603,1,75.3,43.7733316666667,-79.4423216666667,988.3,6.54360963906533,7.27064225703668,0.5,36.7319708277126,28.3,320.3,257,0.5,1.2
2018-08-09 16:59:55.600,191.5,42.04552324592,1.89599207887306,1.93257736011678,1.70539006534018,401.553385833795,409.30165575355,1.73829559725477,10.8,140.479023937272,18930.5570809625,1,75.3,43.7733316666667,-79.4423216666667,988.3,6.54049272849415,7.27460766407483,0.5,36.7325397621046,28.3,308.4,247.7,0.4,0.9
2018-08-09 16:59:56.600,191.5,42.0486879787566,1.89511333904304,1.93160987547328,1.75664141460873,402.41296342553,410.162633578135,1.79047008322054,13.3,140.470222738374,18894.0309821817,1,75.3,43.7733316666667,-79.4423216666667,988.3,6.54063056637764,7.26821582161047,0.5,36.7338165569525,28.3,300.3,247.5,0.3,0.7
2018-08-09 16:59:57.600,191.4,42.0581276226234,1.89285638431951,1.92934438431951,1.54708866937221,402.052814235284,409.803014235284,1.57691067907642,8.7,140.41921456709,18911.9523045951,1,75.3,43.7733333333333,-79.4423216666667,988.2,6.5428134397266,7.27104484341661,0.5,36.7350321865501,28.3,306.8,244.5,0.3,0.8
2018-08-09 16:59:58.600,191.3,42.0526496140601,1.89214548060555,1.92856381387391,1.63847704292626,401.459100766679,409.185931546571,1.67001237833874,19.2,140.488563361705,18883.5039793817,1,75.3,43.7733333333333,-79.4423216666667,988.3,6.54860101780265,7.27343767691076,0.3,36.7369072590042,28.3,266.9,312.9,0.1,0.4
2018-08-09 16:59:59.600,191.2,42.0581284633464,1.89125204379706,1.92766828068723,1.69075431748317,401.617442646162,409.350641064506,1.72331019727726,105.8,140.421627119729,18891.4246526905,1,75.3,43.773335,-79.4423216666667,988.2,6.55177159509589,7.27647867965768,0.1,36.7375832595227,28.3,56.7,304.7,0.1,0.5
2018-08-09 17:00:00.600,191.2,42.0562073711537,1.89411345407083,1.93068583113061,1.6865369767664,402.213252707691,409.979431474646,1.7191012251415,101,140.465984925426,18942.7729675791,1,75.3,43.773335,-79.44232,988.3,6.54532239584449,7.26686219566403,0.1,36.7377835703498,28.3,331.4,0.4,0.2,0.3
2018-08-09 17:00:01.500,191.2,42.0562822291995,1.89540801654413,1.93179561369419,1.85917407213442,401.802051612011,409.515836831174,1.894864105706,175.6,140.470606533027,18836.4823752902,1,75.3,43.773335,-79.44232,988.3,6.54139790798136,7.27256480062957,0,36.739046349475,28.3,3.6,257.6,0.4,1.4
2018-08-09 17:00:02.500,191.2,42.0529553984705,1.89519734249092,1.93171891008852,1.43475956501144,402.270923418959,410.022951648742,1.4624039084594,183.1,140.446079505028,18906.3457920394,1,75.3,43.7733366666667,-79.44232,988.2,6.54376467494189,7.27582701808875,0.3,36.7401025520323,28.3,333.4,249.5,0.9,1.9
2018-08-09 17:00:03.500,191.2,42.0527589627343,1.89347899501612,1.92994779947294,1.49589969660879,402.799508948298,410.557424545678,1.52471025095653,180.2,140.468934037493,18896.0921361131,1.2,75.3,43.7733366666667,-79.44232,988.4,6.54713581212087,7.26759423401308,0.5,36.7416867691034,28.3,316.8,228.5,0.8,1
2018-08-09 17:00:04.600,191.1,42.0605214472153,1.89225320202141,1.92865544851803,1.65380802204532,402.805578702264,410.554638269685,1.68562380385871,183.7,140.42535265125,18874.6502012864,1.2,75.3,43.7733383333333,-79.4423216666667,988.3,6.54485036565424,7.2697027202671,0.3,36.7426932601987,28.3,320.4,199.9,0.6,0.5
2018-08-09 17:00:05.400,191,42.0590537734311,1.89347032916141,1.92982236930445,1.52355096172779,402.603884301097,410.333357360993,1.55280184399499,190.3,140.50261507527,18836.9908477035,1,75.3,43.77334,-79.4423233333333,988.2,6.5492801052314,7.27745809272283,0.1,36.7440438626139,28.3,137.1,90.8,0.1,0.4
2018-08-09 17:00:06.400,190.9,42.0600906412298,1.89394879900921,1.9304505327556,1.68052182450333,402.26834730898,410.02119085211,1.71291110835117,195.8,140.436043404308,18908.3781873685,1,75.3,43.77334,-79.442325,988.3,6.55241535773251,7.27624101496404,0.3,36.7452169395449,28.3,55,0.4,0.1,0.6
2018-08-09 17:00:07.600,190.7,42.057901299064,1.89381844088582,1.93029012925762,1.75458101560197,402.824000015029,410.581593698123,1.78837055265761,355.5,140.461011855274,18894.1872892058,1,75.3,43.7733416666667,-79.4423266666667,988.3,6.54988724627546,7.26927577312471,0.1,36.7466962195884,28.3,26.7,292.8,0.4,0.7
2018-08-09 17:00:08.600,190.5,42.0539651231083,1.89478326159511,1.93147991631905,1.79724290094156,402.696302683023,410.49551148466,1.83205056220948,18.9,140.477052760736,18999.4674004114,1,75.3,43.7733433333333,-79.4423283333333,988.3,6.54952893521472,7.27425273415145,0.5,36.7478205357873,28.3,333.1,269.8,0.8,1.4
2018-08-09 17:00:09.600,190.3,42.0585723204476,1.89243118732252,1.92898397016276,1.55803566432814,402.493467370594,410.267628202541,1.58812919613931,17.3,140.430520870923,18949.1602111781,1,75.2,43.7733433333333,-79.4423283333333,988.2,6.55401702990447,7.275645807671,0.5,36.7491198810544,28.3,319.6,247.2,0.2,0.8
2018-08-09 17:00:10.600,190.2,42.0586505586302,1.89199317936999,1.92841156416456,1.58981758729757,402.761246616327,410.514069550582,1.62042039650276,19.4,140.486161627374,18885.4902912573,1,75.1,43.773345,-79.44233,988.3,6.55255630038424,7.28029916613514,0.3,36.7502679528763,28.3,285,220.6,0.5,1.3
2018-08-09 17:00:11.600,190.2,42.0674914520674,1.89121548192234,1.92781222945788,1.57628360318827,402.945195518763,410.74262016781,1.60678601460113,26.5,140.452174096117,18983.523244936,1,75.2,43.773345,-79.44233,988.3,6.55335396504545,7.27580192051459,0.3,36.7515595757423,28.3,277.3,200.4,0.9,1.7
2018-08-09 17:00:12.600,190.2,42.0676632395417,1.89418858231481,1.93076600083714,1.74726087698114,403.530078947835,411.322443035232,1.78100082741287,51,140.494029660839,18944.5168885886,1,75.2,43.7733466666667,-79.4423316666667,988.2,6.5518260660121,7.26724678999736,0.1,36.7525917702409,28.3,261.2,197.7,0.6,1.1
2018-08-09 17:00:13.600,190.4,42.0683957699026,1.89542759888363,1.93192127363464,1.7004789606671,404.321322365305,412.105864666279,1.73321965892258,11,140.445448905332,18889.8742884113,1,75.2,43.7733466666667,-79.4423333333333,988.4,6.55259546579838,7.27047955573153,0.3,36.7541702810988,28.3,278.5,223.7,0.8,1.3
2018-08-09 17:00:14.600,190.5,42.0654837933964,1.89579284658599,1.93247069609712,1.67862332365395,404.092041863684,411.910089173349,1.71110038827569,12.9,140.492800330982,18980.0885197132,1.2,75,43.7733483333333,-79.442335,988.3,6.55089273539432,7.27387167970022,0.3,36.7553353771838,28.3,280.2,226.9,0.3,0.7
2018-08-09 17:00:15.600,190.6,42.0609730463185,1.88968945515149,1.92604046115427,1.58782409167681,405.404694481832,413.203189096993,1.61836901936994,18.1,140.495296828241,18873.3246679522,1,75.1,43.7733483333333,-79.4423366666667,988.3,6.56539420626549,7.26969990448541,0.3,36.7568133751467,28.3,316.1,255,0.5,1.2
2018-08-09 17:00:16.600,190.8,42.0647574024303,1.89257284757249,1.92909396086752,1.528691600216,406.475327362481,414.319291566487,1.55819125745273,18.8,140.412519412433,18932.0361263062,1,75,43.7733516666667,-79.4423383333333,988.3,6.55975942629263,7.27175399870228,0.3,36.7580805461187,28.3,321.9,250.1,0.5,0.9
2018-08-09 17:00:17.600,191,42.0610796109282,1.89412012425455,1.93066676345156,1.65691718369718,406.536683100153,414.380792512405,1.68888755811702,36.7,140.494177578619,18929.6439635771,1,75,43.7733516666667,-79.44234,988.3,6.55201585728692,7.26646386713726,0.3,36.7590744697845,28.3,287.1,179.2,0.2,0.2
2018-08-09 17:00:18.600,191.2,42.0711003410981,1.89395204037948,1.93054235434514,1.60463467685995,407.288798863296,415.157410630224,1.63563565834184,34.2,140.412317497775,18953.3634606951,1,75,43.7733533333333,-79.44234,988.3,6.55364920001737,7.27392252088227,0.1,36.7605961447149,28.3,152.5,117,0.3,0.4
2018-08-09 17:00:19.600,191.5,42.0622045016883,1.89129829815725,1.92779480600095,1.53116465223311,407.586932490112,415.452093746263,1.56071159972949,35.6,140.479802101303,18931.7312019295,1,75,43.773355,-79.4423416666667,988.3,6.55931503199231,7.26565089966228,0.1,36.7618208378196,28.3,174.9,63.6,0.2,0.5
2018-08-09 17:00:20.600,191.8,42.06492,1.891457,1.928021,1.688274,408.4308,416.3262,1.72091,40,140.4646,18964.49,0.9,75,43.7733566666667,-79.4423416666667,988.4,6.561302,7.271294,0.3,36.76287,28.3,219.1,135.1,0.3,0.6
2018-08-09 17:00:21.600,192,42.0666,1.891105,1.92749,1.646168,408.6713,416.5342,1.677841,38.4,140.4545,18876.99,0.9,75.2,43.7733583333333,-79.4423433333333,988.4,6.55779,7.275059,0.3,36.76423,28.4,225.5,135.7,0.5,0.7
2018-08-09 17:00:22.600,192.2,42.06114,1.895213,1.932004,1.794989,409.4965,417.446,1.829835,38.3,140.4636,19043.04,0.9,75.2,43.77336,-79.4423433333333,988.3,6.556616,7.273414,0.3,36.7655,28.4,197.8,120.7,0.3,0.4
2018-08-09 17:00:23.400,192.4,42.06248,1.896455,1.933074,1.609676,410.2113,418.1322,1.640758,46.1,140.4172,18943.64,0.9,75.2,43.7733633333333,-79.442345,988.3,6.552163,7.273459,0.3,36.76686,28.4,242.6,239.8,0.3,0.4
2018-08-09 17:00:24.600,192.4,42.06503,1.895511,1.932164,1.737732,411.7357,419.6973,1.771335,45.2,140.5078,18969.91,0.9,75.2,43.7733666666667,-79.442345,988.3,6.557843,7.270736,0.3,36.76802,28.4,304.3,90.8,0.1,0.3
2018-08-09 17:00:25.600,192.4,42.0698925624643,1.89546209883311,1.9320566048021,1.78814917518954,411.788247700846,419.738396582037,1.82267221694225,45.8,140.429203972828,18940.60673881,1,75.2,43.7733683333333,-79.4423466666667,988.3,6.55419754041768,7.27345630641289,0.3,36.7694258523052,28.4,194.9,90.8,0.4,0.6
2018-08-09 17:00:26.600,192.3,42.0686672995871,1.89455092731104,1.93124070327688,1.67806976972963,411.353451204568,419.319795863928,1.71056761094242,45.6,140.466865133666,18998.2802380076,0.9,75.3,43.7733716666667,-79.4423483333333,988.4,6.54985993044853,7.27312664235154,0.3,36.7704480119004,28.4,201.2,133.8,0.4,0.8
2018-08-09 17:00:27.400,192.2,42.0643229162385,1.89495147931651,1.93169770355074,1.61512937203072,412.008637836604,419.998184922535,1.64644983101808,47.3,140.470800878273,19022.8510458226,0.9,75.3,43.7733733333333,-79.4423483333333,988.3,6.55676443903465,7.27020806142819,0.1,36.7716805389,28.4,207,122,0.4,0.9
2018-08-09 17:00:28.600,192.2,42.0672078854039,1.89399164666099,1.93077658799803,1.77633652394212,411.499894956053,419.491864533209,1.81083543663103,55.5,140.435441064248,19051.6371077807,0.9,75.3,43.773375,-79.44235,988.2,6.55570226192068,7.27601644880701,0.3,36.7732773397028,28.4,207.3,128.4,0.7,1.3
2018-08-09 17:00:29.600,192.1,42.0682780902435,1.89534179454737,1.93215799250598,1.80043502455456,413.006892170209,421.029391898916,1.83540766946517,72.7,140.485070099395,19054.4870475292,0.9,75.2,43.773375,-79.4423516666667,988.4,6.54909280797832,7.26284956518936,0.1,36.7744670513023,28.4,233,179.2,0.6,1
2018-08-09 17:00:30.400,192.1,42.0842656618093,1.89541946010425,1.93229534484421,1.73329492566309,413.249229217182,421.289077982617,1.76701518428922,52.6,140.455465642071,19083.9953971979,0.9,75.3,43.773375,-79.4423516666667,988.3,6.54689388281708,7.26301609431248,0.3,36.7756699208155,28.4,265.7,171.8,0.6,1.4
2018-08-09 17:00:31.600,192.2,42.0842326655629,1.89525050796279,1.93196681106381,1.97198151203248,413.806798176709,421.823496399667,2.01018327702778,22.1,140.496225247556,19004.8766955217,0.9,75.4,43.773375,-79.4423533333333,988.4,6.54821934282034,7.26610038658151,0.1,36.7769230310102,28.4,251.9,198.4,0.8,1.1
2018-08-09 17:00:32.400,192.3,42.0810743949284,1.89553518370669,1.93234598845447,1.61040936785411,412.904154631751,420.922840356056,1.6416844102066,47.2,140.43860265444,19050.176198005,0.9,75.6,43.7733766666667,-79.4423533333333,988.4,6.55103573541951,7.26804777814985,0.1,36.7778837507419,28.4,266,165.8,0.6,1.2
2018-08-09 17:00:33.600,192.4,42.0777436067507,1.89960623959536,1.93654499903848,1.81554616200265,412.361359416223,420.380042488787,1.85085084841333,125.2,140.498316279413,19074.8598228346,0.9,75.6,43.7733766666667,-79.4423533333333,988.3,6.55197424230679,7.27657499664755,0,36.7796285664656,28.4,224.9,143.1,0.7,1.3
2018-08-09 17:00:34.600,192.5,42.0745581731179,1.89678537021599,1.93360437400232,1.67340138793935,413.359464588264,421.383322045157,1.70588385428458,36.1,140.487650010443,19041.7594678252,0.9,75.5,43.7733766666667,-79.4423533333333,988.3,6.55468735401742,7.26858578764772,0.1,36.7807601388321,28.4,225.3,154.2,0.6,0.9
2018-08-09 17:00:35.600,192.6,42.0750649578432,1.89792168918096,1.93478916230583,1.73103399480734,413.877330643011,421.917008299776,1.76465939608937,42,140.418690742995,19054.9446188101,0.9,75.5,43.7733766666667,-79.4423533333333,988.2,6.55443566353418,7.26399723686914,0.3,36.7824396794308,28.4,217.5,143.6,0.4,1
2018-08-09 17:00:36.600,192.7,42.0748412233598,1.89394244830521,1.93086301537363,1.75246168057923,413.481458040409,421.541929751151,1.78662424830198,95.8,140.488530662006,19121.2544961388,0.9,75.6,43.7733783333333,-79.4423533333333,988.3,6.55404339498794,7.26638068517728,0.1,36.7830437586493,28.4,229.9,156.3,0.5,1
2018-08-09 17:00:37.600,192.7,42.0830238482467,1.89807465463241,1.93501076706111,1.5684314021744,413.510349067718,421.55715885538,1.59895237317584,138.3,140.410599482354,19088.2115727344,0.9,75.5,43.7733783333333,-79.4423516666667,988.4,6.55007900969244,7.2656982919133,0.3,36.7850121429326,28.4,238.8,161.7,0.6,1.2
2018-08-09 17:00:38.600,192.8,42.0768894879472,1.89733997506262,1.93425768944337,1.61888987351728,413.491632818008,421.537192119761,1.65039091557949,133,140.48386636741,19086.1309476462,0.9,75.1,43.7733783333333,-79.4423516666667,988.4,6.55259858819541,7.2628376374062,0.3,36.7856125669163,28.4,251.1,167.6,0.8,1.7
2018-08-09 17:00:39.600,192.8,42.0792638758962,1.8983675384789,1.93543120798478,1.75801754789934,413.664871957858,421.741172809622,1.79233987453326,126.6,140.461486228581,19149.7901733426,0.9,75,43.7733783333333,-79.4423516666667,988.3,6.54949624531764,7.26173379850311,0.3,36.7867199361176,28.4,248.5,169,0.7,1.3
2018-08-09 17:00:40.600,192.8,42.0844652316142,1.89688989308703,1.93388762355814,1.70239290186646,413.087502351597,421.144515909495,1.73559601547909,109.1,140.462587719068,19131.1498612698,0.9,75.1,43.7733783333333,-79.4423516666667,988.3,6.55135973386066,7.26288128027521,0.3,36.7882057573766,28.4,249.4,162.5,0.6,0.8
2018-08-09 17:00:41.600,192.8,42.0832205021711,1.89693932251136,1.93389954194752,1.9301075189927,413.263635104342,421.31582507453,1.9677133980174,130.7,140.457675223591,19111.9928564807,0.9,75.2,43.7733783333333,-79.4423516666667,988.3,6.5510190450032,7.26492932949448,0.3,36.7892632291964,28.4,225.3,136.4,0.4,1
2018-08-09 17:00:42.600,192.8,42.0851695710973,1.89541099739845,1.9323790935852,1.55131332423848,413.125122072709,421.18269878422,1.58157047260832,164,140.420105036091,19130.8026254475,1,75.2,43.7733783333333,-79.44235,988.3,6.55592988288952,7.26658441711973,0.3,36.7908501516394,28.4,269.7,269.8,0.3,0.3
2018-08-09 17:00:43.600,192.9,42.081103441999,1.89604001015538,1.93307259886305,1.72280056972339,412.259732387775,420.312020646671,1.75645128339992,173.8,140.498606709243,19157.7402456649,0.9,75.2,43.77338,-79.44235,988.3,6.55716626482992,7.26865685423928,0.1,36.7918244129448,28.4,7.8,306.5,0.5,1
2018-08-09 17:00:44.600,193,42.0864759268526,1.89963954831584,1.93678070303605,1.83163817618804,413.059840156885,421.135976041452,1.86745075662289,63.1,140.431599349548,19176.9684297203,0.9,75.2,43.7733816666667,-79.4423483333333,988.4,6.54908549815197,7.26996035069491,0.1,36.7934218443436,28.4,354.2,283.4,1,2
2018-08-09 17:00:45.600,193,42.0835729666352,1.897255539577,1.93415940416357,1.77635924711101,412.991713134647,421.02487523273,1.81091087172614,37.6,140.469116211539,19080.1425706842,0.9,75.2,43.7733833333333,-79.4423483333333,988.4,6.5486674756163,7.2679185826837,0.3,36.7945418890387,28.4,10.6,285.2,0.9,1.6
2018-08-09 17:00:46.600,193.1,42.0870326395342,1.89750603723175,1.93451993599069,1.71653907791569,413.182093962401,421.241921824653,1.75002293154936,23.6,140.466444275495,19133.5733613574,0.9,75.2,43.7733833333333,-79.4423466666667,988.4,6.55195059452208,7.27141925161075,0.3,36.7957792667709,28.4,358.5,295.5,0.3,1
2018-08-09 17:00:47.600,193.1,42.0953257078977,1.89645573539713,1.9334952144648,1.74521140959503,413.485460124907,421.561127798589,1.77929644522753,39.8,140.436685937091,19156.5324914685,0.9,75.1,43.7733833333333,-79.442345,988.4,6.5457131948496,7.26406511506235,0.1,36.7971013981897,28.4,317.2,269.8,0.5,0.9
2018-08-09 17:00:48.400,193.2,42.0953352462177,1.89588766481795,1.93289685467991,1.76575692759897,412.943195045538,421.004080555754,1.80022601891329,89.2,140.480018594422,19146.8355204599,0.9,75.2,43.7733833333333,-79.442345,988.4,6.54990029781292,7.27169869772774,0.1,36.7982980977637,28.4,339.5,287.4,0.4,0.8
2018-08-09 17:00:49.600,193.3,42.0964105288228,1.89843454617419,1.93555286188009,1.79633476458608,412.610653278847,420.678084849437,1.83145421689266,54.3,140.463770323325,19177.1676082557,0.9,75.2,43.7733833333333,-79.4423433333333,988.3,6.54333690922417,7.27071933703816,0.1,36.7993799210678,28.4,337.9,286.4,0.4,1.2
2018-08-09 17:00:50.600,193.4,42.0934763272814,1.89834973267073,1.93554931743045,1.41059183207189,412.006859898099,420.080491778162,1.43823423583124,47.1,140.49516769506,19219.2040150508,0.9,75.2,43.7733833333333,-79.4423433333333,988.3,6.54503885796771,7.26693541810215,0,36.8003852517211,28.4,328,249.4,0.7,1.2
2018-08-09 17:00:51.400,193.5,42.087915002051,1.89924276269835,1.93649767491709,1.66212275987791,410.974606221885,419.03603544762,1.69472561079786,86.5,140.446964786451,19237.9783744348,0.9,75.3,43.7733833333333,-79.4423433333333,988.3,6.54720971733725,7.26283713323275,0,36.8019285050974,28.4,289.2,226.9,0.5,0.7
2018-08-09 17:00:52.400,193.6,42.0894483653676,1.89505108564171,1.93211357068678,1.66554716678142,409.411374221168,417.418474916866,1.69812260670788,99.2,140.489629332233,19182.4515309149,0.9,75.2,43.7733833333333,-79.4423416666667,988.3,6.5512105227751,7.26792617985272,0,36.8029535231687,28.4,295.1,241.2,0.3,0.7
2018-08-09 17:00:53.400,193.8,42.0873726431193,1.89592186160092,1.93286593404222,1.52640159675609,408.795764701113,416.761603142921,1.55614543701831,348.1,140.477734853585,19113.7171313811,0.9,75.3,43.7733833333333,-79.44234,988.3,6.5535308573439,7.26786877873067,0.1,36.8044099436251,28.4,325.9,217.1,0.5,1
2018-08-09 17:00:54.600,193.9,42.0917347477804,1.89503047945906,1.93197873046142,1.59253442872755,408.512437689231,416.477343096792,1.62358329702332,343.3,140.428823179458,19124.5552242972,0.9,75.2,43.7733833333333,-79.4423383333333,988.4,6.55408104580487,7.26497849027019,0.3,36.8057852125448,28.4,284.3,203.7,0.5,1.3
2018-08-09 17:00:55.600,193.9,42.0863268437124,1.89843867366431,1.93557274605075,1.48841044249365,407.658366078097,415.632230348266,1.51752411710566,343.7,140.484429881349,19185.0795418807,0.9,75.3,43.7733833333333,-79.4423366666667,988.3,6.55093143677608,7.26526330607998,0.9,36.8069998708137,28.4,264.5,199.5,0.5,0.9
2018-08-09 17:00:56.400,194,42.090859963199,1.89732779510297,1.93441236247568,1.59029447908696,407.180121473701,415.138757909037,1.62137824917797,336.8,140.420635473917,19171.0996064393,0.9,75.3,43.7733833333333,-79.442335,988.3,6.54824740836794,7.26902216501413,1.1,36.8083681403032,28.4,228.8,215.5,0.3,0.7
2018-08-09 17:00:57.400,194.1,42.0833524621958,1.89701958604855,1.93400856134106,1.6769015468459,406.960409549935,414.895386656142,1.70959912767389,334.2,140.474784545453,19125.2946597567,0.9,75.3,43.7733833333333,-79.4423333333333,988.3,6.54667824545494,7.26886156323102,0.9,36.8092980099011,28.4,246.3,215.2,0.3,0.9
2018-08-09 17:00:58.600,194.1,42.080742415804,1.89668572613375,1.93354211104874,1.64880946547093,406.809948956226,414.715047675932,1.68084960769147,334.6,140.460075146111,19061.487554909,0.9,75.3,43.773385,-79.4423316666667,988.3,6.55004485777946,7.26668800987855,0.9,36.8107880114104,28.4,239.9,207.7,0.3,0.7
2018-08-09 17:00:59.600,194.2,42.0868064885312,1.89723232570087,1.93426897710262,1.69778322332586,406.69988528818,414.639251784938,1.73092693758026,331.4,140.468584987257,19147.6237839927,0.9,75.3,43.773385,-79.4423316666667,988.3,6.54935111448692,7.27041917326622,0.7,36.81196235797,28.4,239.2,179.2,0.5,1.3
2018-08-09 17:01:00.600,194.1,42.0865204824391,1.89748085992037,1.93455174458351,1.74100593099885,405.830591472534,413.759261695868,1.77502262276015,337.4,140.457037507179,19162.4649272509,0.9,75.3,43.773385,-79.44233,988.4,6.54908460400337,7.27368275062485,0.7,36.8131297907516,28.4,235.4,167.3,0.8,1.4
2018-08-09 17:01:01.600,194,42.0864652779843,1.89857574893265,1.93559118682029,1.48362038247743,405.866401713052,413.779406248417,1.51254578866904,343.7,140.430616735874,19123.7650406748,1,75.3,43.773385,-79.4423316666667,988.3,6.54934125829442,7.26553154498185,0.9,36.8142878888063,28.4,245.8,169.5,0.9,1.7
2018-08-09 17:01:02.500,193.9,42.0842569245875,1.89882311694106,1.9358896541311,1.48098428135927,405.5176054961,413.43370104362,1.50989296875706,341,140.486482830555,19147.1675836644,1,75.3,43.773385,-79.4423316666667,988.3,6.54838326250025,7.27122627324502,0.9,36.8156079907029,28.4,222.8,164.5,0.8,1.3
2018-08-09 17:01:03.600,193.8,42.0859642602995,1.89604273372486,1.9329838115108,1.5960946972088,406.228137977833,414.142726369699,1.62719110053134,326,140.432027464103,19110.7951503304,0.9,75.3,43.773385,-79.4423316666667,988.3,6.54907654390398,7.27363121589191,0.9,36.816870783835,28.4,224.7,162.3,0.5,1
2018-08-09 17:01:04.600,193.7,42.0847528020912,1.89687111376623,1.93381479940583,1.44369483716129,406.476074270115,414.392684798309,1.47181139178059,317.8,140.471526599726,19104.0290221654,0.9,75.1,43.7733833333333,-79.4423316666667,988.3,6.54899702708104,7.26971689627485,0.5,36.8180671264927,28.4,185.6,90.8,0.4,0.6
2018-08-09 17:01:05.600,193.6,42.0871870161298,1.89735718823736,1.93424266610435,1.5221950566253,406.489239230256,414.391574039124,1.5517861635781,327.2,140.465138480523,19069.6335732512,0.9,75.1,43.7733833333333,-79.4423316666667,988.3,6.54927752074803,7.269888804161,0.3,36.8192208883404,28.4,153.8,30.6,0.3,0.7
2018-08-09 17:01:06.500,193.6,42.0901241362681,1.89824751192125,1.9350877367393,1.56795776976401,407.195069825245,415.097672112381,1.59838862768016,343.7,140.437749488774,19037.9997180398,0.9,75.1,43.7733833333333,-79.44233,988.3,6.55320625106076,7.27244969102972,0.3,36.8205841459794,28.4,147,33.5,0.7,0.5
2018-08-09 17:01:07.600,193.5,42.0879709753082,1.89907002089565,1.93586069217099,1.55601340474491,407.87548891307,415.77722660026,1.58615956283842,352.2,140.472713547399,19004.7622558674,0.9,75.1,43.7733816666667,-79.44233,988.3,6.55596081813774,7.26801752131362,0.3,36.8216503069931,28.4,265.7,222.7,0.4,0.9
2018-08-09 17:01:08.600,193.5,42.0872085866293,1.90061837476245,1.93747668928782,1.69653985294082,408.191521086082,416.107379301865,1.72944152018574,350.7,140.464137524687,19023.5334720882,0.9,75.1,43.7733816666667,-79.4423316666667,988.3,6.54901750174928,7.27028169670309,0.5,36.8227980625929,28.4,140.1,55.9,0.6,1.2
2018-08-09 17:01:09.600,193.4,42.0840776369394,1.89629643452615,1.93301247209891,1.54323625143997,409.002659876597,416.92177160203,1.5731158576533,347.4,140.490652781594,18994.1613582668,1,75.1,43.7733816666667,-79.4423316666667,988.3,6.55648660424332,7.27434781290721,0.7,36.8242841466962,28.4,339.2,297.1,0.2,1.3
2018-08-09 17:01:10.600,193.3,42.0840889429214,1.89555589649646,1.93232835317096,1.59824996774026,409.736959011847,417.685673602935,1.6292548620324,350.6,140.45330253938,19030.2494992537,1,75.1,43.7733816666667,-79.4423316666667,988.2,6.5613142321249,7.2722710127889,0.3,36.8252188373056,28.4,67.9,332.9,0.8,1.6
2018-08-09 17:01:11.600,193.3,42.0849642095171,1.89746902231552,1.93443456159718,1.55725296267643,410.431556696507,418.427362031054,1.58759311397619,352.7,140.489251406381,19109.2372013799,1,75.1,43.7733816666667,-79.4423316666667,988.3,6.55405994082761,7.27340073665622,0.3,36.826899835114,28.4,48.6,341.9,0.8,1.4
2018-08-09 17:01:12.600,193.3,42.0893182985895,1.89845895956812,1.9353717793191,1.45626813250386,411.244507666604,419.2404201999,1.48458229276287,346,140.467632040504,19072.4834520506,1,75.1,43.77338,-79.4423316666667,988.3,6.55304791345192,7.2748290405923,0.3,36.8278259435499,28.4,96.5,23.3,0.7,0.9
2018-08-09 17:01:13.600,193.2,42.0929486261315,1.89670805814021,1.93377011527379,1.49568950349651,411.332419761328,419.369756378612,1.52491158098155,357.2,140.436713738685,19165.4077428676,0.9,75.1,43.77338,-79.4423316666667,988.3,6.55594846400933,7.28169946273094,0.1,36.8293624377968,28.4,102.1,337,0.2,0.6
2018-08-09 17:01:14.600,193.2,42.0892825434666,1.89635601006401,1.93326576026179,1.62922021494208,411.815976311357,419.831376337115,1.66093070939491,349.6,140.47629961915,19091.9050008279,0.9,75.1,43.77338,-79.4423316666667,988.4,6.55962471627086,7.27613949787497,0.1,36.8305350050596,28.4,83.6,21,0.3,1.3
2018-08-09 17:01:15.600,193.1,42.094581158499,1.89792514484982,1.93485332655171,1.60493545291087,411.913650923325,419.928276336005,1.63616228289883,5.3,140.430505591772,19085.723781554,1,75.1,43.7733783333333,-79.4423333333333,988.4,6.55479782549716,7.27548296763873,0.1,36.8317343502579,28.4,88.7,20.6,0.7,1
2018-08-09 17:01:16.600,193,42.0897405022489,1.89783480591524,1.93472967493528,1.65150881265928,411.720368829242,419.724391869995,1.68361419810287,24.9,140.471808041433,19069.8115374135,1,75.1,43.7733783333333,-79.4423333333333,988.3,6.555867898119,7.27377288489836,0.1,36.8330283644542,28.4,130.7,67.2,0.4,0.8
2018-08-09 17:01:17.400,192.8,42.0922327067936,1.89768600698723,1.93455734515337,1.59979515907899,412.084522926695,420.091290559922,1.63087828529167,8.3,140.45646699699,19059.629523261,1,75.1,43.7733783333333,-79.4423333333333,988.4,6.55557492459197,7.27231710253681,0.3,36.8339313434871,28.4,137.6,33.8,0.4,0.7
2018-08-09 17:01:18.600,192.7,42.0974757753154,1.89638808972024,1.9331500387023,1.6017416738124,411.976976727529,419.963275320116,1.63279098142779,277.6,140.471580849463,19016.6259914113,1,75.1,43.7733783333333,-79.4423333333333,988.4,6.56097288816864,7.27348430761852,0.3,36.8354004825327,28.4,83.5,0.4,0.7,1.4
2018-08-09 17:01:19.600,192.5,42.1027026821913,1.89715913750129,1.93404679283187,1.66223911005391,412.362095692082,420.379960033486,1.69456299199275,226,140.453340755281,19072.9080218786,1,75.1,43.7733783333333,-79.442335,988.3,6.55639625593851,7.27163769530309,0.7,36.8363742102868,28.4,68.8,336.8,0.6,0.8
2018-08-09 17:01:20.600,192.5,42.1036655963202,1.89707852434395,1.93399764666717,1.83514395522026,412.613641871675,420.64357974491,1.87086133205658,207.6,140.438578193811,19089.740319481,1,75,43.7733783333333,-79.442335,988.3,6.5592800284806,7.27522888896546,0.9,36.8378572312466,28.4,66.4,16.7,0.6,1
2018-08-09 17:01:21.600,192.4,42.1035748421828,1.89715573791101,1.93397456676838,1.69589944994131,412.253069943566,420.253915535263,1.72881213023064,206.7,140.478149266991,19038.1333485269,1,75,43.7733783333333,-79.442335,988.3,6.56145409239188,7.27684907891689,0.9,36.8392407826891,28.4,80.3,18.9,0.7,1.5
2018-08-09 17:01:22.600,192.3,42.1057179634395,1.8990285622823,1.93595439039642,1.63415284515669,411.459344481098,419.460156420145,1.66592894298322,199.5,140.431675573212,19074.0195900434,1,74.8,43.7733783333333,-79.442335,988.4,6.5607310101352,7.281003517264,0.7,36.840821337901,28.4,73.1,7.6,1.2,2.3
2018-08-09 17:01:23.500,192.1,42.101425502835,1.89932129664226,1.93623454670771,1.6618826306169,411.23876231133,419.231186009545,1.69418112202559,199.8,140.472850981247,19064.4146323693,1,74.8,43.7733783333333,-79.442335,988.4,6.56128985259442,7.27810973641541,0.7,36.8421440610553,28.4,62.7,354.6,1.3,2.4
2018-08-09 17:01:24.600,192,42.101986600227,1.89867234295279,1.93551617883404,1.65157888931594,411.504266835785,419.489490655845,1.68362754550485,195,140.463216804791,19035.5985731046,1,75,43.7733783333333,-79.442335,988.4,6.56110210727941,7.27523810632575,1.1,36.8429265230743,28.4,64.7,354.8,1.6,3.2
2018-08-09 17:01:25.600,191.9,42.1075689905418,1.90036535334981,1.9373658627212,1.61798588771536,411.189730631122,419.195627034147,1.64948987994662,201.5,140.447589289606,19098.3182880416,1,75.1,43.7733783333333,-79.442335,988.4,6.55591593565559,7.27212787388483,1.1,36.8444917056418,28.4,67.8,3.7,2,3.9
2018-08-09 17:01:26.600,191.7,42.11086658772,1.89749849020141,1.93430350215599,1.58379661406436,410.593529024046,418.557619846549,1.61451212302606,206.1,140.468010501676,19027.5005108515,0.9,75.2,43.7733783333333,-79.442335,988.3,6.56218962607751,7.27423739372792,1.1,36.8454990693782,28.4,80.6,12.4,2,4
2018-08-09 17:01:27.700,191.6,42.1130370371548,1.89737971195336,1.93402683422228,1.62143247260225,410.044754866388,417.96458543362,1.65274993272184,202.6,140.461785799394,18948.5339804317,1,75.4,43.7733766666667,-79.4423366666667,988.3,6.56507111706489,7.2778869333043,0.9,36.8469025603711,28.3,69.2,356,2.1,3.2
2018-08-09 17:01:28.600,191.6,42.1082129266329,1.8958398986963,1.9325240552476,1.49880046069186,409.586766020853,417.512165815582,1.52780673987895,204.5,140.485164941072,18982.469463623,1,75.6,43.7733766666667,-79.4423383333333,988.2,6.56165945885607,7.27775487772276,0.9,36.8478739468051,28.3,68.1,357.1,1.5,2.6
2018-08-09 17:01:29.600,191.5,42.1078398972158,1.89415828197886,1.93091000033883,1.69173552668812,408.98935951318,416.924850561917,1.72455355509504,188.6,140.457995250467,19033.2500609913,1,75.6,43.7733766666667,-79.4423383333333,988.4,6.56678103156947,7.2797421287062,1.2,36.8490393211724,28.3,58.9,348,1.5,2.7
2018-08-09 17:01:30.400,191.5,42.111115747919,1.89369443304705,1.93027612005546,1.7523924628249,409.156361588467,417.060217690549,1.78624664010958,179.2,140.484190551813,18951.4893115345,0.9,75.5,43.7733783333333,-79.44234,988.3,6.56801833071741,7.28121895474967,1.2,36.8502389566653,28.3,51.2,340.3,1.3,1.6
2018-08-09 17:01:31.600,191.4,42.1163071848304,1.8956803341054,1.93232805258844,1.56381958017497,410.035666383657,417.962462249996,1.59405430316697,174.9,140.441450729106,18965.4076344923,0.9,75.6,43.7733783333333,-79.44234,988.3,6.56499579997758,7.28175054455273,1.1,36.851842422384,28.3,36,337.7,0.8,1.5
2018-08-09 17:01:32.400,191.4,42.1156570640368,1.89676923294421,1.93355449916167,1.61628737196354,409.924273476145,417.874173476145,1.6476332170944,176,140.436592642387,19024.6648933069,0.9,75.6,43.7733783333333,-79.44234,988.3,6.56137016048236,7.2832479722046,1.1,36.853065362257,28.3,43.4,344.2,1.2,1.7
2018-08-09 17:01:33.600,191.4,42.1147962725612,1.89510187177967,1.93181599332444,1.51166219555084,410.265323018355,418.21344441973,1.54094872305249,173.9,140.466679409581,19005.0139436938,0.9,75.6,43.7733783333333,-79.4423416666667,988.4,6.5640989273929,7.27850017704251,0.9,36.8540677406913,28.3,40.7,346.1,0.8,1.1
2018-08-09 17:01:34.600,191.4,42.1200227588363,1.89474642406,1.93140035527051,1.46221903696094,410.395866991539,418.335020302768,1.4905059912306,169.6,140.439098427278,18978.0096888327,0.9,75.6,43.7733783333333,-79.4423416666667,988.4,6.56579292833298,7.27477660081329,1.1,36.8554018258367,28.3,72,37.9,0.5,1
2018-08-09 17:01:35.600,191.4,42.1182148114962,1.89488916124004,1.93157271059634,1.48711772294295,410.007337002368,417.944750403875,1.51590693366416,167.8,140.475498169645,18991.556452099,0.9,75.5,43.7733783333333,-79.4423416666667,988.4,6.56718746940797,7.27559461396555,1.1,36.8561678807966,28.3,50.8,46.6,0.3,0.4
2018-08-09 17:01:36.600,191.4,42.122253124428,1.89716756224036,1.93403386054815,1.4741198150096,409.579638459049,417.538522517713,1.50276419372084,167.3,140.459036318269,19061.6104458194,0.9,75.6,43.7733783333333,-79.4423416666667,988.3,6.56278474384489,7.27834715021599,1.1,36.8574230828855,28.4,42.2,49.7,0.2,0.4
2018-08-09 17:01:37.600,191.5,42.1267531165137,1.89534475605328,1.93218735054858,1.48905904764681,408.885260412679,416.833203807154,1.51800082939049,166.8,140.461480238534,19067.494314639,0.9,75.6,43.7733783333333,-79.44234,988.3,6.5646784587186,7.28204872091701,1.1,36.8586508027527,28.4,49.5,34.7,0.3,0.7
2018-08-09 17:01:38.500,191.6,42.1260133574042,1.89410643612815,1.93084293251753,1.55689725209637,408.617416892657,416.542540339616,1.58709400200176,168.9,140.447736673815,19026.0299282586,0.9,75.6,43.7733783333333,-79.44234,988.4,6.56722301781679,7.27935779124634,0.9,36.8599330474268,28.4,35.7,0.4,0.5,0.7
2018-08-09 17:01:39.600,191.6,42.1222467674006,1.89644686865251,1.93325940893542,1.6466521449092,408.413065574255,416.340802199596,1.67861071154846,172.2,140.451155934939,19041.4513919975,0.9,75.6,43.7733766666667,-79.44234,988.3,6.56366804473763,7.27627009327681,0.5,36.8610057766838,28.4,65.8,33.3,0.3,1.1
2018-08-09 17:01:40.600,191.6,42.1189626860128,1.89560069459838,1.93231938788278,1.78914894322149,407.845281176147,415.745437338437,1.82380588448129,181.6,140.478061425801,19002.2995361742,0.9,75.6,43.7733766666667,-79.44234,988.3,6.56542116829201,7.2767835485859,0.3,36.8620773057189,28.5,87.1,14,0.7,1.5
2018-08-09 17:01:41.600,191.6,42.1201483425317,1.89677129262767,1.93359649044328,1.77126886062461,407.056410015643,414.959349102379,1.80565745895138,184,140.442079875677,19045.0367727886,0.9,75.6,43.7733766666667,-79.44234,988.4,6.56712380195219,7.27874922291302,0.3,36.863575538837,28.5,61.4,353.8,1,2.2
2018-08-09 17:01:42.600,191.5,42.1195293137356,1.89535921446035,1.93210490362421,1.66693759308777,406.349003380441,414.226942752237,1.69925633435295,170.9,140.468031411627,19018.4553476342,0.9,75.6,43.7733766666667,-79.44234,988.3,6.57062670783423,7.27823311429925,0.3,36.8646760956216,28.5,65.5,0.4,1,1.6
2018-08-09 17:01:43.600,191.4,42.1225092416678,1.89467509025829,1.93133928763202,1.55377943738643,406.363184806765,414.226830178222,1.58384410752492,168.6,140.455912205441,18983.8587074201,0.9,75.6,43.7733766666667,-79.44234,988.4,6.56909496407476,7.27819364556386,0.3,36.8658878563169,28.5,57.3,340.9,0.6,1.2
2018-08-09 17:01:44.600,191.2,42.1226809178339,1.89634763709675,1.93309668495155,1.45655340634832,405.821498531974,413.685869077479,1.48477954190825,179.7,140.453695694389,19010.440225526,0.9,75.6,43.7733766666667,-79.4423416666667,988.3,6.56690775461858,7.28253201616099,0.1,36.8672375723605,28.5,54,347.3,0.7,1.4
2018-08-09 17:01:45.600,191.1,42.1207416336302,1.89439263053844,1.93108664266362,1.48455367772533,405.990483580684,413.854441014788,1.51330880792225,179.3,140.473936631097,19001.7075874499,0.9,75.6,43.7733766666667,-79.4423416666667,988.3,6.56829362979655,7.27678373464172,0.1,36.8685857561892,28.5,63.7,0.4,0.8,1.4
2018-08-09 17:01:46.600,191,42.1220278996185,1.8939731259118,1.93065166138803,1.46526530098726,406.655400292404,414.530678437579,1.49364190931291,189.1,140.472712206548,18998.0697713171,0.9,75.6,43.7733783333333,-79.4423416666667,988.3,6.56912315876791,7.27302440208141,0.1,36.8699536235013,28.5,69.2,0.4,0.4,0.5
2018-08-09 17:01:47.600,191,42.1216740657233,1.89498481713054,1.93171933790648,1.47107300913389,406.72538536532,414.609802097273,1.49959040486063,306,140.475739755724,19016.4440525421,0.9,75.6,43.7733783333333,-79.44234,988.3,6.56715773833755,7.27509226152506,0.1,36.8708418901072,28.5,28.5,302.9,0.3,0.5
2018-08-09 17:01:48.600,191,42.1220439353152,1.89435411056525,1.93111761448523,1.54446312350019,406.610106771063,414.501189762829,1.57443240562161,319.1,140.460046422889,19037.5522116958,0.9,75.6,43.7733783333333,-79.44234,988.3,6.56900980537613,7.28080780903093,0.1,36.8720901167155,28.5,32.9,317.1,0.3,0.5
2018-08-09 17:01:49.600,191,42.1196439753829,1.89385994585849,1.9305344690314,1.62759031880047,407.006143907875,414.887780815298,1.6591082947814,316.5,140.490557900675,18997.0973260922,0.9,75.7,43.7733783333333,-79.44234,988.4,6.56854243482438,7.28145622376365,0.1,36.8734252652362,28.5,48.6,338.5,0.4,0.8
2018-08-09 17:01:50.600,190.9,42.1198056214924,1.89532485130158,1.93204442493479,1.6309665367486,407.824601436194,415.725606065931,1.66256367779569,320,140.45901548019,19005.3832682975,0.9,75.6,43.7733783333333,-79.4423383333333,988.3,6.56479724380964,7.27761943163144,0.1,36.874598694822,28.5,62.3,339.9,0.6,0.9
2018-08-09 17:01:51.500,190.9,42.1223674184174,1.89600184269459,1.93280384566728,1.63421562155678,407.891920762259,415.809199695131,1.66593397761421,324.5,140.451868548418,19040.7125549907,0.9,75.5,43.7733783333333,-79.4423383333333,988.3,6.56678185768152,7.28024667077275,0.1,36.875920445143,28.5,81.9,339.7,0.4,0.9
2018-08-09 17:01:52.600,190.9,42.1256243143234,1.89604658766979,1.93288122256366,1.53687135040622,408.022830644371,415.949514871195,1.56673154115098,332.9,140.461089093264,19056.8113884552,0.9,75.6,43.7733783333333,-79.4423366666667,988.3,6.56719045564143,7.27945897467442,0.1,36.877148098253,28.5,61.7,0.4,0.6,0.4
2018-08-09 17:01:53.600,190.8,42.1256569296215,1.89544434101638,1.93218272822524,1.51710139395506,408.160790362436,416.071948385853,1.54650729126157,335.4,140.435816690181,19013.8540663557,0.9,75.6,43.7733783333333,-79.4423366666667,988.3,6.56640530201525,7.27543622455036,0.1,36.8779899884176,28.5,228.4,161.2,0.5,1.2
2018-08-09 17:01:54.600,190.8,42.1208418155693,1.89363688780081,1.93037442032433,1.62286107795484,407.605119311254,415.513002977651,1.65434536034855,334.3,140.464983059034,19031.5306968376,0.9,75.5,43.7733783333333,-79.4423366666667,988.3,6.56778833516066,7.27678962441286,0.1,36.8790786526921,28.5,221,145.9,1,1.8
2018-08-09 17:01:55.600,190.7,42.1200872547843,1.89481213669893,1.93154296271388,1.53424432569634,407.100419477839,414.992122431664,1.56398775148313,339.5,140.45994025432,19016.569145621,0.9,75.5,43.7733783333333,-79.442335,988.3,6.56590803317983,7.27719761017278,0.1,36.8804659950995,28.5,194.7,143.9,0.9,1.8
2018-08-09 17:01:56.600,190.7,42.1185701378281,1.89518764152813,1.93194989707813,1.46641567373201,406.975992238905,414.87039728328,1.49486418590856,333.4,140.462756052656,19028.7073886403,0.9,75.5,43.7733783333333,-79.4423366666667,988.3,6.56551363520468,7.27518781968752,0.3,36.8816453228281,28.5,223.4,162.6,1.1,2.6
2018-08-09 17:01:57.600,190.6,42.1204345723896,1.89579568818098,1.93261914355886,1.52609529322726,406.679335715621,414.578578289025,1.55573852247219,318.6,140.447218066229,19053.7605401715,0.9,75.5,43.7733766666667,-79.4423366666667,988.5,6.56494261540427,7.27539635618753,0.5,36.8829337637722,28.5,216.4,155.1,0.8,1.9
2018-08-09 17:01:58.600,190.5,42.1208522513678,1.89595743872302,1.93270295690896,1.62298240906668,405.689055169512,413.551769944308,1.65443198892391,354.4,140.45695192851,19012.6300165814,0.9,75.5,43.7733766666667,-79.4423383333333,988.3,6.56387611125185,7.27708335191985,0.5,36.8841391558147,28.5,228.4,172.1,1.1,2.6
2018-08-09 17:01:59.600,190.4,42.1184880109627,1.8937803952266,1.93043452962069,1.60230847889409,405.326992806741,413.17212377113,1.6333182708627,353.1,140.466431082777,18987.5630867309,1.6,75.5,43.773375,-79.4423383333333,988.4,6.56394889829286,7.27669347338635,0.7,36.8854341898707,28.5,251.3,162.7,1.1,1.9
2018-08-09 17:02:00.700,190.4,42.1230799632726,1.89398842592436,1.93075497103247,1.53102015675207,405.499545132966,413.371197476046,1.56074814523658,346,140.445719490236,19042.5603885308,2.1,75.4,43.7733766666667,-79.4423383333333,988.4,6.56301622381465,7.27724392439188,0.7,36.8866904691685,28.5,217.4,192.9,0.8,1.1
2018-08-09 17:02:01.600,190.5,42.1263569341686,1.89513838389396,1.93194517198061,1.75048640440626,405.262662244057,413.133489588051,1.78448160522528,342.7,140.47540764008,19051.5186907185,1,75.3,43.7733766666667,-79.4423366666667,988.3,6.56200347100399,7.27719098551089,0.7,36.8879985006825,28.5,278.1,269.8,0.3,0.5
2018-08-09 17:02:02.700,190.7,42.1294813548909,1.89579401131353,1.93253225467337,1.5290739902162,405.154583431377,413.005898255435,1.55870547835,343.3,140.452533723127,19010.2703499828,1,75.3,43.7733766666667,-79.442335,988.3,6.56358001803989,7.27574939024561,0.9,36.8892140416176,28.5,79.5,0.4,0.5,0.9
2018-08-09 17:02:03.600,190.7,42.1329343926319,1.89522460229091,1.93195367517509,1.46293809319948,404.574272179049,412.414697728369,1.49128962979664,343.4,140.451700703535,19011.1469787548,0.9,75.2,43.773375,-79.442335,988.3,6.56674133149647,7.27415141098263,0.9,36.8903727311637,28.5,125.6,49.1,0.9,1.6
2018-08-09 17:02:04.600,190.8,42.1353022898992,1.89487816055806,1.93157705968319,1.51115388537568,403.946381929346,411.769597531149,1.54042296431264,340.5,140.467252092723,18999.1802047988,0.9,75.2,43.773375,-79.442335,988.4,6.56702714887659,7.2766729315184,0.7,36.8915046091264,28.5,128.3,33.6,0.7,0.9
2018-08-09 17:02:05.600,190.8,42.1357024151915,1.89513679462346,1.93191879680996,1.43147182883186,403.652235721661,411.486472851463,1.45926110147589,336.7,140.47324786326,19039.031060451,0.9,75.2,43.7733733333333,-79.4423366666667,988.4,6.56346405051836,7.2773703910419,0.7,36.8927789594517,28.5,117.3,0.4,0.6,0.9
2018-08-09 17:02:06.600,190.8,42.1342340534278,1.8964740694005,1.9333595861837,1.49456514653207,403.16028096213,411.001492106171,1.523634604656,341.7,140.475981619538,19078.3377915781,1.6,75.2,43.7733733333333,-79.4423366666667,988.4,6.56070705060333,7.27999108736251,0.7,36.8938194629378,28.5,53.7,336.3,0.2,1.1
2018-08-09 17:02:07.600,190.9,42.1346380252314,1.8953795772072,1.93216556752811,1.44746717038939,403.037048302402,410.859251230091,1.47555972386399,342.7,140.46714046328,19038.6407101916,1.6,75.1,43.7733733333333,-79.4423366666667,988.3,6.56330299205937,7.28316018644928,0.7,36.8951054514401,28.5,79.9,351.3,0.9,1.3
2018-08-09 17:02:08.600,190.8,42.133453367485,1.89478642787888,1.93156935626308,1.51202501377936,402.875293782438,410.696260107588,1.54137890118157,342.7,140.489039129988,19043.1562985954,1.6,75.1,43.7733716666667,-79.4423366666667,988.3,6.5641797911662,7.28152945959178,0.5,36.8963547655353,28.5,72.4,322.9,0.4,1.4
2018-08-09 17:02:09.700,190.8,42.1331744482804,1.89694372078879,1.93381772889702,1.51445104749452,403.065106619204,410.900092341521,1.54388915382395,340.7,140.448474053679,19067.8840428691,1.6,75.1,43.77337,-79.4423366666667,988.4,6.56137122309504,7.27865964211371,0.5,36.8975525079281,28.5,22.3,290,0.4,1
2018-08-09 17:02:10.700,190.8,42.13371,1.89675452124453,1.93362164964556,1.54700257056828,402.913924440762,410.745258369197,1.57707094166002,334.2,140.454365806486,19066.1546300777,1.6,75.1,43.77337,-79.4423366666667,988.3,6.560184220784,7.27760350510633,0.3,36.8987639572775,28.5,44.5,305.6,0.5,2.1
2018-08-09 17:02:11.600,190.8,42.1359025000551,1.89667347316899,1.93356961398166,1.53538543578408,402.533591945188,410.364113067087,1.5652521827594,347.7,140.458258173155,19081.7838250111,0.9,75.1,43.7733683333333,-79.4423366666667,988.3,6.56063788483491,7.27874032579788,0.5,36.8997660620672,28.5,8.9,296.9,0.7,1.5
2018-08-09 17:02:12.600,190.8,42.1366803695241,1.89788744821448,1.93478910175411,1.62098503829509,402.854669103197,410.687614903323,1.65249970876396,350.2,140.443786091573,19072.7030510013,0.9,75.2,43.7733683333333,-79.4423383333333,988.3,6.56171445967447,7.27751044206157,0.3,36.9010456256185,28.4,72.9,0.4,0.8,2.1
2018-08-09 17:02:13.600,190.8,42.1355886442113,1.89719023667191,1.93400911835782,1.64473106182911,403.31174033071,411.138797972893,1.67665245054194,347.1,140.467182189402,19037.5611078349,0.9,75.2,43.7733666666667,-79.4423383333333,988.4,6.56349494566632,7.27504114865512,0.3,36.9021484715635,28.4,71.7,348.8,1.1,2
2018-08-09 17:02:14.600,190.8,42.1379852359939,1.8961122662686,1.93297795959634,1.44297064138285,402.978441524465,410.813375371241,1.47102186358434,343.1,140.451709719955,19071.8502091713,0.9,75.2,43.7733666666667,-79.4423383333333,988.3,6.55971890556513,7.27831424048143,0.5,36.9033612883022,28.4,66.9,0.4,0.5,0.7
2018-08-09 17:02:15.700,190.7,42.1399697447541,1.89628665508709,1.93316758706563,1.43484871836884,402.46763116302,410.295258838929,1.46275309563791,339.3,140.453320834053,19077.9905876687,0.9,75.2,43.773365,-79.4423383333333,988.3,6.55884203971717,7.28334670882403,0.7,36.9043626379824,28.4,107.9,28.3,0.5,0.8
2018-08-09 17:02:16.700,190.7,42.141729223068,1.89576894673595,1.93258599959938,1.52595793552796,402.178331077253,409.988938325951,1.55559307329338,338,140.444880576688,19050.7125911095,0.9,75.2,43.773365,-79.44234,988.4,6.56467117340876,7.27671163596161,0.7,36.9056355066081,28.4,132.5,45.5,0.6,0.8
2018-08-09 17:02:17.700,190.6,42.1422327291695,1.89563962166989,1.93249966010951,1.62563372602092,401.656798564149,409.466866741225,1.65724474199266,338,140.47154556826,19073.7340596069,1.7,75.2,43.7733633333333,-79.44234,988.2,6.56099919504801,7.27230211114585,0.7,36.9069533884724,28.4,113.6,29.1,0.8,1.1
2018-08-09 17:02:18.700,190.5,42.1391041045698,1.89634450239624,1.93317228213305,1.50270131921642,401.771244971048,409.573802365782,1.53189047749771,337.9,140.469496993062,19050.4081825343,1.7,75.2,43.773365,-79.44234,988.3,6.55885562573514,7.27002562438913,0.7,36.9080677831028,28.4,128.4,90.8,0.5,0.4
2018-08-09 17:02:19.700,190.3,42.1360491559361,1.89782899162454,1.93462366357915,1.57019750884961,401.245146060453,409.024400594955,1.60064042476086,336.5,140.452121879732,19019.0952708819,0.9,75.2,43.7733633333333,-79.44234,988.3,6.55965530319548,7.27512568965024,0.5,36.9091734390923,28.4,183.5,143.6,0.7,1
2018-08-09 17:02:20.700,190.1,42.1365872953709,1.89812402633568,1.93487273950307,1.51411617691724,400.807764483629,408.567528255886,1.54343468866893,336.5,140.472775444819,18992.7393808339,0.9,75.2,43.7733633333333,-79.44234,988.3,6.55659395872226,7.2775718555233,0.5,36.9103119644114,28.4,222.3,184.7,1,2.1
2018-08-09 17:02:21.700,190.1,42.1422152603747,1.89751668989824,1.934176373336,1.51594076483797,400.786807008655,408.529861237319,1.54522548782075,335.7,140.443890387637,18953.4391836387,1.6,75.2,43.7733633333333,-79.44234,988.2,6.5586639346115,7.27491684808141,0.5,36.9118296573999,28.4,246.2,159.6,1,2.9
2018-08-09 17:02:22.600,190,42.1437502523175,1.89668826366071,1.93340158831114,1.63082425542798,400.739843446969,408.496771110753,1.66239068829521,333.6,140.461886328354,18988.8803801993,0.9,75.2,43.7733633333333,-79.44234,988.3,6.56059546300084,7.27424347359002,0.3,36.9130103824037,28.4,220.2,135.7,1.1,1
2018-08-09 17:02:23.700,190,42.1445682653162,1.89612889123996,1.93285734766329,1.57373177091718,400.562271268594,408.321249499819,1.60421607285219,283.7,140.473441259517,19002.1264725108,0.9,75.3,43.7733616666667,-79.4423383333333,988.3,6.55870047512396,7.27279138947955,0,36.9142639149144,28.4,212,145.1,0.5,1.7
2018-08-09 17:02:24.700,190,42.1448550034522,1.8963484139538,1.93307986507059,1.60183006156802,400.46695591535,408.223743697999,1.63285709431214,297.5,140.473915809369,19001.303003935,0.9,75.2,43.77336,-79.44234,988.3,6.55996328611862,7.27105834459906,0,36.9154557301412,28.4,223.7,146.9,0.9,2.3
2018-08-09 17:02:25.600,189.9,42.1425830046923,1.89575972003627,1.93249198931322,1.56274848548689,400.50019739341,408.260213720167,1.59302770448872,184.6,140.46441570513,19007.4532828091,0.9,75.2,43.77336,-79.44234,988.2,6.56077551085316,7.27197999018127,0,36.9166345293911,28.4,254.4,179.2,1.1,1.4
2018-08-09 17:02:26.600,189.8,42.1405925546795,1.89615761050769,1.9328964944649,1.49227624909382,400.452634661779,408.211492921137,1.52118860047088,167.4,140.461861398391,19006.8288871648,0.9,75.2,43.7733583333333,-79.4423416666667,988.4,6.55947683504037,7.27254874475959,0.1,36.9177812729945,28.4,289.4,156.3,0.4,0.7
2018-08-09 17:02:27.700,189.6,42.1419885887612,1.8951203352354,1.93181182622555,1.56868835366152,400.681670794086,408.439167654032,1.59905818202997,171.2,140.488497769859,18993.0070526223,0.9,75.2,43.7733566666667,-79.4423433333333,988.3,6.55960832328316,7.27233520642297,0.1,36.9189184085642,28.4,185.4,69.8,0.4,0.8
2018-08-09 17:02:28.700,189.5,42.1449478331595,1.89564632356434,1.93227717617623,1.4714002051528,400.370521667372,408.107143122551,1.49983555402677,196.6,140.450696375154,18957.3774706233,0.9,75.2,43.7733566666667,-79.442345,988.3,6.56518269324207,7.27482558955759,0,36.9204232009618,28.4,346.1,214.9,0.3,1.2
2018-08-09 17:02:29.700,189.4,42.145807705948,1.89696098443013,1.93360690594341,1.51184617857549,400.390259197378,408.125058591883,1.54105311087842,180.8,140.472673988755,18952.1693642303,0.9,75.2,43.7733566666667,-79.442345,988.2,6.55969240331429,7.27596909838155,0,36.9214507502675,28.4,291.5,202.4,1.2,1.7
2018-08-09 17:02:30.600,189.4,42.1485483124913,1.89602167294656,1.93262906047327,1.46474845911733,400.51705017274,408.249927554667,1.49303005422862,175,140.457371762356,18941.6132285569,0.9,75.2,43.773355,-79.4423466666667,988.3,6.56280109306054,7.27407123868595,0.1,36.9225561082776,28.4,237.1,179.2,0.7,1.2
2018-08-09 17:02:31.700,189.3,42.1469988714574,1.89618539770369,1.9327324079004,1.53614954790129,400.819993955825,408.545294771561,1.56575509519942,169,140.434659211561,18909.316111121,0.9,75.2,43.773355,-79.4423483333333,988.3,6.56411979598574,7.27107705095152,0.1,36.9239221686069,28.4,291.2,235,0.5,0.8
2018-08-09 17:02:32.700,189.3,42.1444660091388,1.89561656873213,1.93220987607582,1.58381453357173,400.512416936588,408.244010056372,1.61438796470888,170.9,140.459006882083,18938.6386267581,0.9,75.2,43.773355,-79.4423483333333,988.2,6.56410300475613,7.27204251849695,0.1,36.9250850000467,28.4,320,90.8,0.3,0.6
2018-08-09 17:02:33.700,189.3,42.1466264426447,1.89627366272502,1.93294551126349,1.55043830326331,400.274394992684,408.015318104945,1.58042256450127,155.9,140.448086522952,18972.0552751217,1,75.2,43.7733533333333,-79.4423483333333,988.3,6.5646278263688,7.27270040254194,0.1,36.9261893190867,28.4,165.3,90.8,0.4,0.9
2018-08-09 17:02:34.700,189.3,42.1459011561484,1.89670629227222,1.93339077182295,1.54178437053224,400.289357502157,408.031410377265,1.57160421523992,182.6,140.457254828456,18974.2311561484,0.9,75.2,43.7733533333333,-79.4423483333333,988.3,6.56330538835358,7.2730475790497,0,36.9272236039551,28.4,179.9,90.8,0.6,1.5
2018-08-09 17:02:35.600,189.4,42.1447805287292,1.89493686779264,1.931506266417,1.62112631797006,400.111272020702,407.832684052018,1.65240953385699,322.4,140.450830973859,18932.8581592086,0.9,75.2,43.7733516666667,-79.44235,988.3,6.56858850800464,7.27370856765551,0.1,36.9284456244932,28.4,68.2,344,1,1.6
2018-08-09 17:02:36.700,189.4,42.1428977778878,1.89624658012473,1.93291113494537,1.48392292595592,400.1581185472,407.895172140483,1.51260865200116,317.6,140.477842336289,18968.1027309887,0.9,75.2,43.7733516666667,-79.44235,988.4,6.56608600322557,7.27122618387665,0.1,36.9297989215201,28.4,57.8,339.6,1,1.3
2018-08-09 17:02:37.700,189.4,42.1438242517057,1.89601225443772,1.93276061932571,1.66108156518613,400.168752310383,407.924698094441,1.6932785181113,329.5,140.461854037128,19013.1944951384,0.9,75.2,43.77335,-79.44235,988.4,6.56501261488226,7.27449453281204,0.5,36.9310511877701,28.4,37.6,303.6,0.3,1.6
2018-08-09 17:02:38.600,189.4,42.1441831934663,1.89499066268511,1.93162160122522,1.83964972754149,400.154560867782,407.889648575804,1.87520978998823,322.9,140.449883457543,18963.6591550301,0.9,75.2,43.77335,-79.44235,988.3,6.56833688388563,7.27513761885383,0.3,36.9322228385228,28.4,104.8,50.9,0.7,1.8
2018-08-09 17:02:39.700,189.5,42.1418288069145,1.89404594661717,1.93055224102752,1.48057057953047,400.705560714024,408.42870005425,1.50911175647434,331.1,140.479656347656,18909.4445663341,0.9,75.2,43.7733483333333,-79.44235,988.3,6.57567199300126,7.27375452535704,0.3,36.9334714467851,28.4,141.3,72.8,0.8,1.4
2018-08-09 17:02:40.600,189.5,42.1453040534362,1.89388487833976,1.93049496744603,1.50352939505781,401.515969973087,409.277487921569,1.53260134684,183.7,140.440703755554,18963.9969744906,0.9,75.2,43.7733466666667,-79.44235,988.2,6.57474556267396,7.27400484196892,0,36.9347960729169,28.4,131.8,56.2,1,1.4
2018-08-09 17:02:41.600,189.5,42.1443603735373,1.89564735376274,1.93233166317387,1.54964792825488,402.895134683472,410.691946981494,1.57963765082242,171.2,140.47310949227,18984.5932181708,0.9,75.1,43.773345,-79.4423483333333,988.3,6.57022799219072,7.27927369870291,0.1,36.9363330565887,28.4,120.4,68,0.5,0.8
2018-08-09 17:02:42.600,189.5,42.1438646911592,1.89984102318086,1.93657011230325,1.65291590974678,405.969326678938,413.817703937052,1.68487054523362,160.8,140.473400818245,18965.8236186509,0.9,75.2,43.7733433333333,-79.4423483333333,988.4,6.56573144593506,7.2734355904916,0.1,36.9373682504409,28.4,160.6,104.7,0.1,0.9
2018-08-09 17:02:43.700,189.6,42.1451557608049,1.89818810006574,1.93488671601208,1.64239716621177,408.481095737181,416.37851548605,1.67415079471469,148.4,140.45861913441,18966.9612185338,0.9,75.2,43.7733416666667,-79.4423466666667,988.3,6.57184718549529,7.2727707322781,0.1,36.9381242665043,28.4,220.8,156.8,0.7,1.3
2018-08-09 17:02:44.700,189.6,42.1426536959017,1.89863560888168,1.93532478911479,1.61582896297796,409.707668462725,417.624818379924,1.64705324454542,304.4,140.459650498392,18957.6788201026,0.9,75.2,43.7733416666667,-79.442345,988.3,6.57051960362778,7.27137799656092,0,36.9393626163178,28.4,258.9,179.2,0.6,1
2018-08-09 17:02:45.600,189.7,42.1415618751627,1.89981145994809,1.93667322938901,1.56626232155939,410.694853225314,418.663407568641,1.59664959633136,19.8,140.454259817942,19033.3170858668,0.9,75.2,43.77334,-79.442345,988.4,6.56641850793151,7.26867693081861,0,36.9404171729522,28.4,303.4,269.8,0.3,0.4
2018-08-09 17:02:46.500,189.6,42.1459189637447,1.89838757095239,1.9351915369199,1.6102966398471,410.378075722853,418.333976197127,1.64151291752449,128.1,140.489174788163,19018.0508925872,0.9,75.4,43.7733383333333,-79.442345,988.3,6.56735410124413,7.27484464151732,0.1,36.9417204961006,28.4,125,0.4,0.3,0.4
2018-08-09 17:02:47.600,189.5,42.1545619121203,1.89931468133992,1.9361185090744,1.6703232853466,410.439495853316,418.39275153527,1.70269054968013,92.1,140.452889640455,19009.0933581967,0.9,75.3,43.7733383333333,-79.442345,988.3,6.5670318909639,7.27528351907808,0.3,36.942909759559,28.4,267.2,204,0.2,0.4
2018-08-09 17:02:48.600,189.4,42.1601999054762,1.89755023037781,1.9343300296743,1.50392570371422,410.331389030281,418.284702615678,1.53307576482313,66.5,140.480465750767,19014.0084436111,0.9,75.2,43.7733366666667,-79.442345,988.3,6.57361150253504,7.27645677599713,0.1,36.9441556320079,28.4,282.1,179.2,0.5,0.8
2018-08-09 17:02:49.600,189.3,42.1638239130156,1.89758261985551,1.93443445055639,1.47382753573165,410.132235390643,418.097094826964,1.50245006668888,71.5,140.451199296202,19050.3285810708,0.9,75.1,43.773335,-79.442345,988.3,6.57093097917736,7.27794530045735,0.1,36.9450158391983,28.4,223.5,142.8,0.9,2.4
2018-08-09 17:02:50.600,189.2,42.1644451265717,1.8980326265807,1.93494307594816,1.55340540002752,411.17877660676,419.174793695931,1.58361381777452,87.2,140.4279,19075.6598736208,0.9,75,43.773335,-79.442345,988.3,6.5720754304645,7.27213230366173,0.3,36.9464186709135,28.4,240.4,183.8,1.4,2.8
2018-08-09 17:02:51.700,189.1,42.1590840565738,1.8979586049889,1.93491982523385,1.62343443250611,411.47052727181,419.48360400009,1.65504995422037,96.6,140.46900308015,19102.2942688036,0.9,75,43.7733333333333,-79.4423466666667,988.3,6.56968556672875,7.27339790805983,0.5,36.9476756665919,28.4,274.2,202.4,1.1,2.2
2018-08-09 17:02:52.700,189.1,42.1623602126998,1.89664614633703,1.93346563714072,1.50935525889699,411.793755567142,419.787986735864,1.53866014478948,111.4,140.436612969338,19043.5714046961,0.9,75,43.7733316666667,-79.4423466666667,988.3,6.5758965438374,7.27089788658366,0.9,36.9491497716437,28.4,278.4,200.9,1,1.4
2018-08-09 17:02:53.700,189,42.1600703829939,1.89791856862515,1.93467611943022,1.55723625609293,412.136119384,420.118206557677,1.58739551433817,116.9,140.456631206017,18999.6615874708,0.9,75,43.7733316666667,-79.4423466666667,988.3,6.57029079264089,7.26887037810716,0.7,36.9502811216192,28.4,268.5,199.7,0.6,0.6
2018-08-09 17:02:54.700,188.9,42.1611366600773,1.89836687908401,1.93511427454127,1.52981422494247,412.411574489017,420.394612565251,1.55942729103239,122.5,140.453468536478,18989.5387841268,0.9,75,43.77333,-79.4423483333333,988.3,6.57109616179286,7.26935378826638,0.7,36.9516112759211,28.4,268.2,179.2,0.6,0.7
2018-08-09 17:02:55.700,188.8,42.1630920642415,1.89820667304706,1.9350232863979,1.52610670862583,412.73162686012,420.736729958564,1.5557067580633,111.6,140.471452859179,19026.5292705237,0.9,75,43.77333,-79.4423483333333,988.3,6.56765782255946,7.27105898061881,0.9,36.9526653041628,28.4,252.4,168.8,1.1,2.9
2018-08-09 17:02:56.700,188.7,42.1589173633643,1.89846835068592,1.93534210648093,1.69590909095395,412.916083227327,420.936175839153,1.72884926596557,107,140.459696554009,19053.0131696181,0.9,75,43.7733283333333,-79.44235,988.3,6.56722472962934,7.27430810671205,1.1,36.9536564559264,28.4,264,192.9,1.7,2.4
2018-08-09 17:02:57.600,188.7,42.1536810476264,1.89809580111238,1.93494215190291,1.59530991688007,413.580518760826,421.609145985112,1.62627956651733,115.3,140.455083769277,19042.8290072148,0.9,75,43.7733283333333,-79.4423516666667,988.3,6.56809851827075,7.27324897409616,0.7,36.954810628148,28.4,259.7,151,1.7,2.1
2018-08-09 17:02:58.700,188.6,42.1497099300934,1.89731425998766,1.93418787513554,1.64020192753333,413.79968464695,421.841766632471,1.67207883044106,115.9,140.489996383036,19064.1248034716,0.9,75,43.7733266666667,-79.4423516666667,988.3,6.57120341005964,7.27256806823578,0.5,36.9557843551602,28.4,281.2,223.6,0.9,1
2018-08-09 17:02:59.700,188.5,42.1511202536904,1.89704753921732,1.9338632531753,1.60245439164835,414.082664987004,422.118757951495,1.63355357046217,109.3,140.440076010779,19037.3362350415,0.9,75.1,43.7733266666667,-79.4423533333333,988.3,6.57455694861327,7.27137096254501,0.5,36.9573498846255,28.4,281.5,166.4,0.7,2.3
2018-08-09 17:03:00.600,188.5,42.1516843129956,1.89579187869441,1.93260973174507,1.57355601579984,413.348881216243,421.376534044737,1.60411592542038,118.9,140.484012935324,19051.0035503009,0.9,75.1,43.773325,-79.442355,988.4,6.57638569366942,7.2760570223349,0.3,36.9584352167902,28.4,268,191.9,1.2,2
2018-08-09 17:03:01.600,188.4,42.154162430045,1.89482047461608,1.93162877069783,1.49466931713709,413.142026211461,421.167541343673,1.52370441170623,103.2,140.464927697164,19055.4029009662,0.9,75.1,43.773325,-79.442355,988.3,6.57649068461569,7.27645817312654,0.1,36.959419735576,28.4,300.3,254.2,1,1.3
2018-08-09 17:03:02.600,188.4,42.156569164429,1.89547558221449,1.93220258385371,1.54595051828781,412.853510632274,420.852919192886,1.57590396881468,89.7,140.444868175396,19007.7134041846,0.9,75.1,43.7733233333333,-79.4423566666667,988.3,6.57912938149633,7.27506034201469,0.1,36.9603795842635,28.4,41,90.8,0.3,0.4
2018-08-09 17:03:03.700,188.4,42.1615307890333,1.89575681619859,1.93251147120992,1.62312266983716,412.537136041481,420.535120580282,1.65459165410467,104,140.468512990822,19018.7604086306,0.9,75.1,43.7733233333333,-79.4423583333333,988.2,6.57888274147454,7.27152228280245,0.1,36.9615120352724,28.4,219.7,138.4,1.1,2.7
2018-08-09 17:03:04.700,188.4,42.167070174521,1.89749021799505,1.93433538251342,1.49631304402936,412.132506925361,420.135247298427,1.52536758578244,139.4,140.440440261028,19047.9415026581,0.9,75,43.7733216666667,-79.4423583333333,988.2,6.57636583340247,7.27662400743867,0.1,36.9628839788636,28.4,209.5,142.5,0.9,1
2018-08-09 17:03:05.700,188.4,42.1651026731267,1.89792362220483,1.93478023369548,1.44360504017595,410.987669328982,418.968715144129,1.47163894429003,158.6,140.490429984661,19049.2313928424,0.9,75.1,43.7733216666667,-79.44236,988.3,6.57203880317149,7.27876929596421,0.1,36.9638393718965,28.4,292.9,198.4,0.4,1
2018-08-09 17:03:06.600,188.4,42.1641140778328,1.89725565334825,1.93411274460604,1.62505033402589,410.640143766981,418.617416773214,1.65661960468276,190.4,140.456171527889,19056.3382211923,1.7,75.1,43.7733216666667,-79.4423616666667,988.3,6.57133244614032,7.27677685152629,0.1,36.9651946779607,28.4,238.8,141.2,0.4,0.7
2018-08-09 17:03:07.600,188.3,42.1630806606337,1.89735571987738,1.93417594957062,1.77653290148772,409.774068097936,417.7260223239,1.81100735146776,194.4,140.482117832322,19036.4468308735,1.7,75.1,43.7733216666667,-79.4423616666667,988.2,6.57552550452051,7.27235236288244,0.1,36.9663898319021,28.4,245,179.2,0.5,0.8
2018-08-09 17:03:08.600,188.3,42.1662946525394,1.89618164916727,1.93299325499794,1.61140637910078,409.289777297529,417.23548021286,1.64268857440579,163.6,140.450966653555,19043.7505111189,0.9,75.1,43.77332,-79.4423633333333,988.2,6.57856119388066,7.27184007747359,0.3,36.9678725479174,28.4,293.5,220.7,0.3,0.5
2018-08-09 17:03:09.600,188.3,42.1711556037669,1.89804608632835,1.93493279401766,1.78225590580535,408.631645915941,416.573015768823,1.81689342314623,156.6,140.418028740679,19063.6246441771,0.9,75.1,43.77332,-79.442365,988.3,6.57408819201561,7.27462150725822,0.1,36.9688158101217,28.4,343.7,44.5,0.1,0.5
2018-08-09 17:03:10.700,188.3,42.1611080780908,1.89718632338315,1.93409957173324,1.59497168546161,408.322846382607,416.267556467105,1.62600389551135,155.3,140.479529118576,19085.5476518759,0.9,75.1,43.77332,-79.442365,988.3,6.57430093862878,7.27819989705653,0.1,36.9694712770614,28.4,85,23.8,0.4,0.9
2018-08-09 17:03:11.700,188.2,42.1606911379853,1.89774264426222,1.93466967159193,1.35074798359638,407.826597462709,415.762374687952,1.37703157739583,181.2,140.43221551694,19087.1639874641,0.9,75.1,43.77332,-79.442365,988.2,6.57587976941049,7.27835295923122,0.1,36.9710252613452,28.4,86.1,10.4,0.5,1.4
2018-08-09 17:03:12.600,188.1,42.1599689007289,1.89741949966519,1.93438008074457,1.44220550622278,407.151417306715,415.082651017568,1.47030003894271,197.5,140.461793058102,19107.5117628901,0.9,75.1,43.77332,-79.442365,988.3,6.57364524995881,7.28040578694884,0,36.9720990686232,28.4,86.4,20.6,0.8,1.6
2018-08-09 17:03:13.600,188,42.16211237578,1.89859993750065,1.935577426091,1.48489782547428,406.287841907724,414.200730622668,1.51381800615977,209.4,140.467023882397,19104.1261705568,0.9,75.1,43.77332,-79.4423666666667,988.3,6.57188744855857,7.28248185654287,0.1,36.9731697686921,28.4,108.8,30.2,1,2.4
2018-08-09 17:03:14.600,187.9,42.1612455675592,1.8970338792275,1.934015520628,1.44964480542839,405.822629402522,413.733937713348,1.47790540990826,219.3,140.451801885667,19121.7434239454,0.9,75.1,43.77332,-79.4423683333333,988.3,6.57044173684838,7.28131377302542,0.1,36.9742271142554,28.4,79.6,11.2,1.9,4.2
2018-08-09 17:03:15.700,187.9,42.154025430934,1.89710698384586,1.93408142409871,1.55267959196131,405.582513936296,413.487274175096,1.58294131975932,232.5,140.463399508352,19117.2810916174,0.9,75,43.77332,-79.4423666666667,988.3,6.57001948570311,7.27966700371451,0.1,36.9753507685345,28.4,81.9,0.4,2.5,4.2
2018-08-09 17:03:16.700,187.8,42.1582207458869,1.89718484853775,1.93422444365421,1.49324417324008,405.564932559637,413.482983485257,1.52239713970694,303.8,140.451465830484,19149.6334557307,0.9,75,43.77332,-79.4423666666667,988.3,6.57155365011467,7.27733607017174,0.1,36.9767620096545,28.4,68.1,357.7,1.6,3
2018-08-09 17:03:17.700,187.8,42.1575517671464,1.89625513806452,1.93323684099256,1.35451259763772,405.468132462531,413.375711837221,1.38092962566749,337.3,140.497485282382,19129.3619489826,0.9,75,43.77332,-79.4423666666667,988.2,6.5727857964665,7.27632229854094,0.1,36.9776726433747,28.4,69.1,351.3,1.3,2
2018-08-09 17:03:18.700,187.8,42.1582023286591,1.89803932992328,1.9350395806047,1.50516668057291,404.854329745116,412.746346778493,1.53450796376524,352.3,140.44860069128,19120.9332012636,0.9,75,43.77332,-79.442365,988.2,6.56787879644398,7.27445571297622,0.1,36.978858483903,28.4,88.1,9,1.2,2.9
2018-08-09 17:03:19.700,187.9,42.1568728258999,1.89506223908044,1.93190527384309,1.45456158288237,404.375068978554,412.236785243312,1.48284141672478,353.7,140.492848448899,19071.0448092275,0.9,75,43.77332,-79.442365,988.2,6.57398250123466,7.27636401766819,0.1,36.9798144276256,28.4,74.3,7.1,2.1,4.4
2018-08-09 17:03:20.600,187.9,42.1604922224942,1.89628363609105,1.93319909711174,1.49422803695998,404.399791867581,412.272371839432,1.52331691910415,21.6,140.468956235467,19095.6374048464,0.9,75.1,43.77332,-79.4423633333333,988.2,6.57261814894138,7.27437258462857,0.1,36.9813702924979,28.3,81.3,356.3,2.1,4.1
2018-08-09 17:03:21.700,188,42.1653001599786,1.89446734839868,1.93141227050996,1.62202360177845,404.369566293018,412.25551103523,1.65365610927967,13.5,140.41788113508,19128.7612453839,0.9,75.1,43.77332,-79.4423633333333,988.1,6.578045304019,7.27408644006531,0.3,36.9825056425521,28.3,66.7,0.4,1.9,3.2
2018-08-09 17:03:22.700,188,42.1617281711426,1.89478755784827,1.93181883060114,1.58406309280096,403.252861706346,411.13405889272,1.61502171009142,24.6,140.47698380666,19169.4197672262,0.9,75.1,43.77332,-79.4423616666667,988.3,6.57028565150268,7.2796249557521,0.3,36.9839544989873,28.3,73.1,356.4,1.4,2.9
2018-08-09 17:03:23.700,188,42.1695920032964,1.89446126180502,1.93138109274285,1.63660018996893,403.683295442813,411.550479099744,1.66849472842292,15.5,140.424501665899,19116.0780617504,0.9,75.2,43.77332,-79.4423616666667,988.2,6.57652046771705,7.28080139168228,0.3,36.984980648209,28.3,68,340.9,1.4,3
2018-08-09 17:03:24.700,188,42.1752481864687,1.89395484806981,1.93090702732231,1.46181240654915,404.231700586579,412.118408183089,1.49033188379622,352.4,140.483743281958,19137.0726843561,0.9,75.2,43.7733183333333,-79.4423616666667,988.2,6.57678905569493,7.27807537125886,0.3,36.9863230716138,28.3,51.9,341.6,1,2.3
2018-08-09 17:03:25.700,188,42.1762349860954,1.89517023175385,1.93211331776406,1.6075296434662,403.895047043083,411.768211095295,1.63886482113403,335.7,140.462397545399,19120.4497085672,0.9,75.2,43.7733183333333,-79.4423616666667,988.3,6.57316840062386,7.28002238584025,0.5,36.9874080141885,28.3,68.1,356.8,1.1,2.6
2018-08-09 17:03:26.700,188,42.1791611128649,1.89598978289443,1.93287316063713,1.62570449100967,404.970169001175,412.848166210761,1.65733013504354,327.7,140.46627027409,19082.0880085398,1.7,75.2,43.7733183333333,-79.4423616666667,988.1,6.56992436697292,7.27649858117975,0.5,36.9883319499892,28.3,98.8,12.1,1,2
2018-08-09 17:03:27.700,188,42.1738592559786,1.89469179351681,1.93146874931896,1.42752683245801,405.257199709769,413.123426979407,1.45523645123339,325.7,140.470908003409,19040.8655034504,1.7,75.2,43.7733166666667,-79.4423616666667,988.2,6.57760499555473,7.27829616126035,0.5,36.9895653651866,28.3,97.5,0.4,0.6,0.5
2018-08-09 17:03:28.700,188,42.1820761750191,1.89861321598171,1.93564481240405,1.63573441148467,405.222588611982,413.126295378866,1.66764169221683,316,140.423332753156,19131.4154216934,0.9,75.2,43.7733166666667,-79.4423616666667,988.2,6.57065391918817,7.27871800254046,0.3,36.9905516338785,28.3,87.8,330.4,0.2,0.6
2018-08-09 17:03:29.700,188,42.1741659081713,1.89409378415707,1.93102716403649,1.50130974894798,405.03115002198,412.928931929878,1.53058407107056,322.5,140.492215287809,19126.0731732503,1.7,75.1,43.7733166666667,-79.44236,988.2,6.57181699731301,7.2809620194347,0.5,36.991931125822,28.4,57.2,0.4,0.4,0.3
2018-08-09 17:03:30.700,188,42.1704786475525,1.89529671697264,1.93227986279999,1.44161152708472,405.535811629435,413.449035336804,1.46974128713525,335.2,140.430743052273,19139.5759639402,1.7,75.1,43.7733166666667,-79.44236,988.2,6.5705865840569,7.2813649128372,0.3,36.9929915316042,28.4,107,14.1,0.6,1.3
2018-08-09 17:03:31.700,188,42.1650476203124,1.89673378192051,1.93372378192051,1.55490600453938,406.23644219692,414.158880281825,1.58523018067951,344.2,140.464898178545,19129.0252138836,1.7,75.1,43.7733166666667,-79.4423583333333,988.2,6.56791941677393,7.27986224314589,0.3,36.9938246256697,28.4,101.8,24.3,0.8,1.5
2018-08-09 17:03:32.700,188,42.1667212639073,1.89617708507675,1.93315281720122,1.48106553084411,405.920962577556,413.836393594458,1.50994637470483,355.1,140.480727694201,19126.9769184017,1.7,75.1,43.7733166666667,-79.4423583333333,988.1,6.56672400097952,7.28374786567281,0.3,36.9953970443529,28.4,90.8,15.8,0.7,1.2
2018-08-09 17:03:33.700,187.9,42.1673421681632,1.89557719410615,1.93252674775513,1.54560404982474,406.795154424443,414.724593861177,1.57573191163691,28.4,140.428780195921,19119.8158292249,0.9,75.1,43.773315,-79.4423566666667,988.2,6.5723735279997,7.27573319694737,0.1,36.9961504148571,28.4,91.8,9.1,0.7,1.5
2018-08-09 17:03:34.700,187.9,42.1571218958925,1.89496372254318,1.93186669232463,1.57871644983896,406.688942038647,414.608793962037,1.60946010916657,181.1,140.48962005308,19101.9550554259,0.9,75.1,43.773315,-79.4423566666667,988.2,6.56273475852934,7.28021481303602,0,36.997371648319,28.4,87.2,10.1,0.9,1.8
2018-08-09 17:03:35.700,187.8,42.155611124777,1.89617915511649,1.9332300489778,1.46333028370809,406.730229045855,414.677667649077,1.49192284322622,222.3,140.460332898109,19165.2887240196,0.9,75.1,43.773315,-79.4423583333333,988.3,6.56873853496884,7.2817077838753,0,36.9987013149474,28.4,75.5,0.4,0.8,1.5
2018-08-09 17:03:36.700,187.7,42.1583499067247,1.89436227725802,1.9311696391105,1.77761618295562,407.203692441675,415.115658700892,1.81215320933558,289.8,140.48240816985,19059.7207236162,1.7,75.2,43.773315,-79.4423583333333,988.2,6.56904556577656,7.27468007654623,0,36.9997279028634,28.4,61.9,0.4,0.7,1.4
2018-08-09 17:03:37.700,187.7,42.1597957525725,1.89309619991209,1.9298918226848,1.73309920376622,407.335766492917,415.253038374715,1.76678420564835,4,140.45523643341,19066.0320208726,1.7,75.2,43.7733133333333,-79.4423583333333,988.2,6.57638158670788,7.27701969477286,0.1,37.0009520396939,28.4,82.2,11.3,1,2.1
2018-08-09 17:03:38.700,187.7,42.1671478815432,1.89591885173735,1.93277480253688,1.60811860190189,407.453731791131,415.374667679106,1.63938052072017,9.4,140.462338735929,19069.2104607824,1.7,75.2,43.7733133333333,-79.4423583333333,988.2,6.56913950222045,7.27928698694376,0.3,37.0019984359924,28.4,87.5,10.7,0.9,1.9
2018-08-09 17:03:39.700,187.7,42.1680784482635,1.89699190209755,1.93394281690135,1.74663463518601,407.004815484373,414.932852755912,1.78065745758607,8,140.466471805143,19106.8364032079,1.7,75.2,43.773315,-79.4423583333333,988.3,6.5625161584475,7.28102614294114,0.3,37.0031009076682,28.4,91.3,12.6,1,1.8
2018-08-09 17:03:40.700,187.6,42.171227176481,1.89456246674208,1.93145272821962,1.62878113422241,407.238942615661,415.168586704617,1.66049571918536,12.7,140.420936441741,19099.6929142432,0.9,75.2,43.773315,-79.44236,988.1,6.56968396207687,7.28438979330354,0.5,37.0041710778369,28.4,102.1,11,0.7,1.5
2018-08-09 17:03:41.700,187.6,42.1652330098527,1.89688855156475,1.93399575624229,1.50326527256566,407.655764749008,415.630536429813,1.53267209253159,8.1,140.500972215691,19186.9832770117,1.7,75.1,43.773315,-79.44236,988.3,6.56377582408735,7.28196370338164,0.5,37.0052226340637,28.4,94.7,13.5,0.8,1.5
2018-08-09 17:03:42.500,187.5,42.1644326418167,1.89961246919641,1.93675771068741,1.77914100219618,408.475628522203,416.462918797695,1.81393054026334,349.8,140.433870340624,19178.9932091273,1.7,75.2,43.773315,-79.44236,988.2,6.55938261022532,7.27810235009462,0.3,37.006568282005,28.4,87.7,350.1,0.7,1.3
2018-08-09 17:03:43.600,187.5,42.1681386751187,1.89848123279457,1.93535643696542,1.48328393898206,409.491525737359,417.445276258715,1.51209619438814,349.1,140.436076830915,19053.4399549826,0.9,75.1,43.7733166666667,-79.4423583333333,988.2,6.56176834999052,7.27788092831729,0.1,37.0078590934373,28.4,71.5,0.4,0.5,1
2018-08-09 17:03:44.600,187.5,42.1624914329884,1.89483384894599,1.931701658149,1.49139882548044,409.589275045564,417.558705834519,1.52041719434208,17.8,140.479481742312,19085.8743799108,0.9,75,43.7733166666667,-79.4423583333333,988,6.56767793439012,7.28211962279269,0.3,37.0086558323802,28.4,112.4,21.7,0.4,0.6
2018-08-09 17:03:45.700,187.5,42.1654669128614,1.89553048737505,1.9325243891096,1.57414992581312,409.823818208918,417.822097675448,1.60487200905609,7.9,140.414946860593,19142.9532074011,1.7,75,43.7733166666667,-79.4423583333333,988.3,6.56450545521262,7.28637501824492,0.3,37.0103554615444,28.4,126.2,27.4,0.3,0.6
2018-08-09 17:03:46.700,187.5,42.1583985028384,1.89515675292868,1.93206268641107,1.55782228549167,410.445047567936,418.437851367764,1.5881593044496,110.4,140.485290268606,19101.5665752076,0.9,75,43.7733166666667,-79.4423583333333,988.2,6.5713765802777,7.28244062904265,0.1,37.0109139430438,28.4,117.8,29.4,0.4,0.8
2018-08-09 17:03:47.700,187.4,42.1580027056179,1.89359308266933,1.93047541689272,1.47470249031788,409.887532790163,417.871079211837,1.50342536875718,139.5,140.442528925289,19105.3859666916,0.9,75,43.7733166666667,-79.4423583333333,988.2,6.57220125977561,7.28737805160888,0.3,37.0118451986786,28.4,102.1,30.6,0.3,0.8
2018-08-09 17:03:48.700,187.4,42.1550661343485,1.89663674470994,1.93353646604609,1.9323191016829,411.046134504141,419.043219313723,1.96991319694878,91.8,140.494668652847,19084.2043966202,0.9,75,43.7733166666667,-79.4423583333333,988.2,6.56757096348477,7.27981324345135,0.1,37.013356468386,28.4,56,0.4,0.3,0.6
2018-08-09 17:03:49.600,187.3,42.15169,1.896319,1.933226,1.31091,411.4803,419.4886,1.336424,123.1,140.4569,19090.7,0.9,75.1,43.7733166666667,-79.4423583333333,988.3,6.565317,7.271263,0.1,37.01424,28.4,44,332.7,0.3,0.6
2018-08-09 17:03:50.700,187.3,42.1513,1.895834,1.932728,1.4627,411.1371,419.1382,1.491165,132,140.455,19089.46,0.9,75,43.7733166666667,-79.4423583333333,988.3,6.568365,7.282098,0.1,37.01572,28.4,67.4,0.4,0.3,0.8
2018-08-09 17:03:51.700,187.3,42.15414,1.8941,1.930982,1.216012,411.5027,419.5153,1.239689,156.8,140.4991,19099.65,0.9,75,43.7733166666667,-79.4423583333333,988.3,6.572125,7.282263,0.3,37.01655,28.4,91.1,22.6,0.5,0.9
2018-08-09 17:03:52.700,187.3,42.1625534208374,1.89676274984318,1.93359693996999,1.4605597661688,411.408136978013,419.397623596719,1.48892384009465,158.6,140.407504067907,19049.8841441356,0.9,75,43.773315,-79.44236,988.2,6.56309020808023,7.28092693471339,0.3,37.0183826641892,28.4,60.9,0.4,0.4,0.7
2018-08-09 17:03:53.700,187.3,42.16088,1.896747,1.933845,1.66932,411.9834,420.0413,1.70197,135.3,140.5022,19183.62,0.9,75,43.7733133333333,-79.44236,988.2,6.557311,7.272801,0,37.01918,28.4,35.5,0.4,0.4,0.4
2018-08-09 17:03:54.700,187.3,42.1591846917841,1.89762693679503,1.93470243670826,1.4378930347386,411.733178001703,419.777618546986,1.46598669698285,342.9,140.459490571314,19163.7812103046,0.9,75.1,43.7733133333333,-79.44236,988.2,6.56580663432535,7.2757514882669,0,37.0207343792298,28.4,104.3,39.2,0.3,0.5
2018-08-09 17:03:55.700,187.3,42.1600089825554,1.89748125636567,1.93453545124048,1.77624041253954,411.136021676126,419.164719173136,1.8109277159848,332.2,140.450803364401,19153.9445172642,0.9,75.1,43.7733133333333,-79.44236,988.3,6.5620519536797,7.27919981655625,0.1,37.0215278730092,28.4,118.2,46.5,0.2,0.4
2018-08-09 17:03:56.700,187.4,42.1619280269756,1.89689414999713,1.93376965126509,1.68820076889524,410.605500011158,418.587647671674,1.7210197663593,349.2,140.478142647143,19069.2330455048,0.9,75.1,43.7733133333333,-79.4423616666667,988.2,6.56704739431241,7.27821513330392,0.1,37.0227186521848,28.4,162.4,90.8,0.2,0.3
2018-08-09 17:03:57.600,187.4,42.1666733092247,1.89866431124937,1.93569585665849,1.6633561334988,410.397541537429,418.40203093802,1.69579811456229,336.6,140.425177183658,19131.0437921131,0.9,75.1,43.7733116666667,-79.4423616666667,988.2,6.56341614460371,7.29101760182626,0.1,37.0232780268798,28.4,166.5,90.8,0.2,0.4
2018-08-09 17:03:58.700,187.5,42.1581279307111,1.89528142953939,1.93228395142118,1.45829102577277,411.89545065831,419.937266216326,1.48676322818451,327.4,140.466456892662,19149.9695521375,0.9,75.1,43.7733116666667,-79.4423633333333,988.3,6.56948391822589,7.28109141560503,0.1,37.0244399620743,28.4,164.3,128.9,0.3,0.6
2018-08-09 17:03:59.700,187.5,42.159296198034,1.89510868745502,1.9321035369094,1.53072933068644,412.515241044148,420.567835070654,1.56061026020284,325.9,140.431995142916,19147.1248592201,0.9,75,43.7733116666667,-79.4423633333333,988.2,6.56648377076446,7.28011622194788,0.5,37.0254129409321,28.4,274.7,216.4,0.3,0.7
2018-08-09 17:04:00.700,187.6,42.1596858879853,1.89871597748413,1.93584548879431,1.40963019100995,413.084965654503,421.162956611583,1.43719591858299,323.7,140.497531865029,19180.1204658907,0.9,75.2,43.7733116666667,-79.4423633333333,988.3,6.56421642082874,7.28599050888481,0.3,37.0267777286602,28.4,155.9,126.3,0.3,0.9
2018-08-09 17:04:01.700,187.6,42.1615514805058,1.89730282114075,1.93429840561078,1.50253760039191,415.017719335745,423.110128922668,1.53183538604833,309.8,140.447825841801,19126.1584984722,0.9,75.1,43.7733116666667,-79.4423633333333,988.2,6.56503417885925,7.27238042850581,0.1,37.0281989955176,28.4,237.6,179.2,0.9,2.2
2018-08-09 17:04:02.700,187.6,42.1724550890705,1.89867182318033,1.93561575962194,1.63378792791449,414.686614097384,422.755554365696,1.66557820436147,325.9,140.421749923012,19086.4106245856,0.9,75.1,43.77331,-79.4423633333333,988.2,6.56350145040709,7.27524183593366,0.3,37.0291618209807,28.5,241.5,166.6,0.9,1.9
2018-08-09 17:04:03.700,187.6,42.1684590570587,1.89742457432929,1.93437184337245,1.35894847497973,413.745619192762,421.802239814111,1.38541040786781,331.5,140.493901812148,19100.5449666785,0.9,75,43.77331,-79.4423633333333,988.3,6.56296284497489,7.28648469177154,0.5,37.0302796410442,28.5,223.1,150.3,1,2.5
2018-08-09 17:04:04.700,187.5,42.1734107643627,1.89615274722583,1.93316553238142,1.34481531734908,414.192600144189,422.277494522179,1.37106539361547,330.2,140.423153445143,19145.8671078933,1.7,75,43.77331,-79.4423633333333,988.2,6.57280637262928,7.28089129573476,0.5,37.0312514962333,28.5,244.6,184.2,1.6,2.7
2018-08-09 17:04:05.700,187.3,42.1705833735475,1.89807731078234,1.93510556090882,1.61039599968947,414.98113997773,423.076708435609,1.64181127073767,324.2,140.501819841374,19134.9492086632,1.7,75,43.7733083333333,-79.442365,988.2,6.56179439952835,7.2739042830268,0.5,37.0322888721114,28.5,224.8,154.9,1,2.3
2018-08-09 17:04:06.700,187.3,42.1746390079973,1.89966999766375,1.93661798113037,1.64730523760729,414.499187971359,422.561105562038,1.6793454973491,325.8,140.459587486147,19078.6126657096,1.7,75,43.7733083333333,-79.442365,988.2,6.562926486357,7.27461365576459,0.5,37.0333819834067,28.5,239.8,143.5,0.6,1.3
2018-08-09 17:04:07.600,187.2,42.1780918299027,1.8991935247302,1.93619052594911,1.63739994424581,414.29967908464,422.370581053774,1.66929787382413,324.8,140.449693656541,19108.5061568472,0.9,75,43.7733083333333,-79.4423666666667,988.2,6.56444164977869,7.28317510942695,0.5,37.0343084228054,28.5,219.8,166.2,0.8,2
2018-08-09 17:04:08.700,187.1,42.1783246964688,1.8975055635311,1.93440276485671,1.5615975034538,414.106970388707,422.159439512006,1.59196326209636,216.9,140.470440272649,19074.4820072355,0.9,75,43.7733083333333,-79.4423666666667,988.2,6.57172641741253,7.28087926937488,0,37.0354702681331,28.5,215.5,135.1,0.6,0.8
2018-08-09 17:04:09.700,187.1,42.1833193040698,1.89856585287298,1.93553279469497,1.50969864933377,414.322597799736,422.389856937268,1.53909372598538,167.3,140.460276226975,19099.2875978817,0.9,75.2,43.7733083333333,-79.442365,988.2,6.56682698422859,7.27816507582424,0.1,37.0367455145031,28.5,165.9,115.7,0.4,0.6
2018-08-09 17:04:10.700,187.1,42.1795689397649,1.90091061503331,1.93797113194272,1.49059616766473,413.600894445825,421.664523673178,1.51965741081318,122,140.500606134322,19123.4284003992,0.9,75.2,43.7733083333333,-79.442365,988.2,6.56439160898738,7.28263686078095,0.3,37.0379195198713,28.5,99.2,70.8,0.2,0.8
2018-08-09 17:04:11.700,187.1,42.1849878585329,1.90076927202749,1.93780128863405,1.61991274868759,413.540235262985,421.597090974516,1.65147314988292,70.8,140.44359792937,19110.3465599356,0.9,75.2,43.7733083333333,-79.442365,988.2,6.56119778439153,7.27299617432547,0.1,37.038727983601,28.5,154.6,90.8,0.5,0.8
2018-08-09 17:04:12.700,187,42.1844880204604,1.89892560944959,1.93581763486352,1.61039414532374,412.970041710379,420.993207535301,1.64168036706739,36.4,140.493608793465,19057.7051745022,0.9,75.1,43.7733066666667,-79.442365,988.3,6.56506929100371,7.28355276031721,0.3,37.0403081219546,28.5,138.9,51.8,0.4,1.2
2018-08-09 17:04:13.700,187,42.1853729542475,1.90101324251817,1.93812093065024,1.61350483429549,412.467813546893,420.519236154392,1.64500127103234,31.5,140.453429225972,19146.4052548881,0.9,75.1,43.7733066666667,-79.442365,988.3,6.56469680584689,7.27649850086148,0.1,37.0413092074313,28.5,118,28.3,0.8,1.9
2018-08-09 17:04:14.700,186.9,42.1839924438568,1.90085789448214,1.9379122487338,1.47579682728715,412.829555143673,420.877003348435,1.50456456837815,357.7,140.415789242007,19120.6606024495,0.9,75.1,43.7733066666667,-79.442365,988.3,6.56455560710882,7.27881116491094,0.1,37.0426754596799,28.5,104.1,22.6,0.8,1.7
2018-08-09 17:04:15.700,186.9,42.1833518281266,1.89908296390111,1.93601684663033,1.51824189967252,412.646250316131,420.671421321972,1.54776778429284,334.8,140.482717083525,19077.0468317435,0.9,75.1,43.773305,-79.442365,988.4,6.57340506950924,7.28028773875952,0.3,37.0435483656253,28.5,92.7,351.7,0.9,1.6
2018-08-09 17:04:16.700,186.9,42.1898931031474,1.90353907983791,1.94066774351818,1.46077586868885,413.054347689373,421.111037913742,1.48926737849076,335.2,140.421996408549,19131.8845754092,0.9,75.1,43.773305,-79.442365,988.2,6.56082311361869,7.27753556997619,0.3,37.0450177039578,28.5,52.5,340.7,0.6,1.1
2018-08-09 17:04:17.700,186.9,42.1897471289117,1.90342384695438,1.94050993811986,1.7448088192119,413.436813671694,421.492130646582,1.77880558183827,338,140.470542578235,19111.4582867968,0.9,75.1,43.773305,-79.442365,988.3,6.56462965925338,7.28228676419781,0.3,37.0460947432068,28.5,60.7,328.6,0.4,0.7
2018-08-09 17:04:18.700,186.9,42.1893576577649,1.90364767620332,1.9407068182683,1.48197564797295,414.104867525098,422.16642414017,1.51082628917054,323.6,140.463193556727,19095.6075553677,0.9,75.1,43.773305,-79.442365,988.2,6.5672995434939,7.27724749994861,0.7,37.0470903116177,28.5,63.7,336.5,0.4,0.7
2018-08-09 17:04:19.600,186.9,42.1891423060773,1.9014431320718,1.93851856390316,1.62217821113291,414.298175224437,422.376336381941,1.65380793495276,318.1,140.457632047958,19125.5295971922,0.9,75.1,43.773305,-79.442365,988.3,6.56881902650535,7.27007710072134,0.7,37.048405217032,28.5,79.6,0.4,0.4,0.3
2018-08-09 17:04:20.700,186.9,42.1925582359606,1.904601794743,1.94175670478492,1.65234956093541,414.06616488349,422.143850035875,1.68458251554095,314.5,140.46745711696,19134.7759992822,0.9,75.1,43.7733033333333,-79.442365,988.2,6.56305469621213,7.27975126638091,0.7,37.0492051703237,28.5,306,237,0.2,0.7
2018-08-09 17:04:21.700,186.8,42.200341467272,1.90351605149618,1.94056291282289,1.6731587230147,413.686999414261,421.738314379851,1.7057234722219,323.1,140.430197120119,19090.8844623455,0.9,75.2,43.7733033333333,-79.4423666666667,988.3,6.570804627959,7.27898082754974,0.7,37.0502228369209,28.5,178.4,129,0.4,0.6
2018-08-09 17:04:22.700,186.8,42.1997344781761,1.90242334015985,1.93937158715106,1.44621672874057,413.693346446294,421.727962175891,1.47430534044012,324.3,140.490005011639,19051.8132399271,0.9,75.2,43.7733016666667,-79.4423666666667,988.3,6.57285511574133,7.27442463721315,0.7,37.0509952679489,28.5,205.7,161.6,0.5,1
2018-08-09 17:04:23.700,186.7,42.2012135312135,1.90334683185045,1.94033474579444,1.40515194774088,413.549671660657,421.586125699293,1.43245825901727,320.4,140.442485590077,19062.5382809068,0.9,75.1,43.7733016666667,-79.442365,988.3,6.57171842576646,7.28355173098986,0.7,37.0525843257325,28.5,223.2,166.9,1.3,1.8
2018-08-09 17:04:24.700,186.7,42.1981295181842,1.90343764712402,1.94051267494956,1.39798174127772,413.14765424217,421.194935868069,1.42521050709891,324.9,140.500846774642,19105.851703923,0.9,75,43.7733016666667,-79.442365,988.2,6.5669990117037,7.2809918440298,0.7,37.0533675221402,28.5,255.3,170.8,1.8,5.4
2018-08-09 17:04:25.600,186.8,42.1935537735864,1.9038284590665,1.94087543419871,1.64068669766113,413.712067545378,421.762715480952,1.67261431556479,326.9,140.475963519359,19088.1189302853,0.9,75.1,43.7733016666667,-79.442365,988.3,6.56475997616055,7.27450234854482,0.7,37.0544251859167,28.5,249.6,173,3.5,7.9
2018-08-09 17:04:26.700,186.8,42.1961355165785,1.90286356307895,1.93988311689474,1.50481023126766,413.100463286826,421.137151384196,1.53408669032038,327,140.430712118425,19083.3793384244,0.9,75.1,43.7733016666667,-79.442365,988.3,6.56975628934201,7.2783108147106,0.7,37.0559105844737,28.4,249.4,169,3.4,7
2018-08-09 17:04:27.600,186.8,42.1893603345119,1.90328934295741,1.94041807777082,1.57921517135185,412.799836927325,420.852644203279,1.61002236089168,331.2,140.485295491721,19134.5627439526,0.9,75.1,43.7733016666667,-79.4423666666667,988.3,6.56830253287882,7.27946720809062,0.9,37.0566890868968,28.4,252.1,177.3,2.9,5.2
2018-08-09 17:04:28.700,186.8,42.1926670998874,1.90544672237242,1.94256909082604,1.54599272897397,412.499431452093,420.535867912905,1.57611190916007,333,140.42684041387,19109.9818288968,0.9,75.1,43.7733016666667,-79.4423683333333,988.4,6.56869681626314,7.27921166807864,1.2,37.0580038683394,28.4,247.6,177.4,3.1,7.8
2018-08-09 17:04:29.700,186.8,42.1884589308746,1.905020576388,1.94220003553311,1.51502626873836,411.727114317428,419.762703530838,1.54459509536979,332.9,140.470272966789,19143.0121821054,0.9,75.1,43.7733016666667,-79.4423683333333,988.3,6.56509878598424,7.27836074022297,1.4,37.0587629801361,28.4,254.4,184.8,4,6.6
2018-08-09 17:04:30.700,186.8,42.1906167379129,1.90212377709233,1.93924240430139,1.62069424509485,411.475189336093,419.504903509141,1.65232102677167,333.7,140.463537785923,19140.783938141,0.9,75.1,43.7733016666667,-79.44237,988.4,6.56553010638554,7.27318922532668,1.4,37.0601420968659,28.4,242.5,167.5,2.5,3.8
2018-08-09 17:04:31.700,186.9,42.1915734645626,1.90165007447754,1.9386694611546,1.5547727319401,409.681747283319,417.657128640809,1.58503757893798,335.5,140.443940923697,19095.4721766335,0.9,75.1,43.7733016666667,-79.44237,988.3,6.56752321837532,7.28093344031694,1.2,37.0613812279239,28.4,242.8,168.2,2,3.6
2018-08-09 17:04:32.700,186.9,42.1902319762539,1.90015679050157,1.93697981746064,1.65418392795348,408.875682114889,416.799326528914,1.68624043104055,340.7,140.455117318066,19010.610221538,0.9,75.1,43.7733016666667,-79.44237,988.3,6.57247787096042,7.28222833770128,1.2,37.0622872789494,28.4,251,183.3,1.9,5.1
2018-08-09 17:04:33.700,186.9,42.1861782624798,1.89914716074444,1.93593039860645,1.59912778466992,408.229595701844,416.136434355623,1.63010284604827,335.3,140.439295993125,19000.4717376304,0.9,75.1,43.7733016666667,-79.44237,988.3,6.5675298963868,7.27828253304746,1.4,37.0634495597242,28.4,254.9,186.7,2.4,4.3
2018-08-09 17:04:34.700,187,42.1774661663673,1.8979477216295,1.93456898590238,1.44565884901244,407.338234691988,415.197871548449,1.47355347476279,334.3,140.491396261448,18929.7683028083,0.9,75.1,43.7733016666667,-79.44237,988.2,6.56868219293041,7.27474340213825,1.2,37.064082339745,28.4,239.5,149.8,1,1.8
2018-08-09 17:04:35.700,187.1,42.1769237423968,1.89743865223722,1.93401245106325,1.4143640350065,406.505889707231,414.341310592513,1.44162603904984,334.7,140.445651132312,18910.4986649946,0.9,75.1,43.7733016666667,-79.4423683333333,988.2,6.56688827760723,7.27162909503615,1.4,37.0652908269343,28.4,225.8,188.7,1.1,2
2018-08-09 17:04:36.700,187.2,42.1730222499451,1.89577902123006,1.9320763635369,1.4712921814272,405.752378419887,413.521104333654,1.49946317442323,335.9,140.470150755087,18786.7857124078,0.9,75.1,43.7733016666667,-79.4423683333333,988.2,6.56882594265706,7.27510746859236,1.2,37.066321089954,28.4,199.1,139.7,1.1,1.7
2018-08-09 17:04:37.700,187.2,42.1771475568392,1.89484079041032,1.93113428400281,1.6205499144848,404.409655394687,412.15569582463,1.65159242254714,335.3,140.473107606484,18794.0549897015,0.9,75.1,43.7733016666667,-79.4423683333333,988.2,6.56947700785263,7.2779866655676,0.9,37.0675552707725,28.4,177.5,107.4,1,1.6
2018-08-09 17:04:38.700,187.3,42.1796628678513,1.89314350349713,1.92923635442147,1.49923374427322,404.430527854293,412.141058475089,1.52781817713647,336,140.429035442147,18708.5218711182,0.9,75.1,43.7733016666667,-79.4423683333333,988.3,6.56937316413068,7.27366179415254,0.7,37.0688073232572,28.4,188,150.5,0.9,1.8
2018-08-09 17:04:39.700,187.4,42.1733576019151,1.89324879983884,1.92918171264287,1.51914350174846,403.803483781204,411.467336345999,1.5479711636587,335.8,140.482278563997,18625.7640637737,0.9,75.1,43.7733016666667,-79.44237,988.3,6.56175820583288,7.27965925871686,0.5,37.0700261364188,28.4,253.3,175.9,1.5,2.7
2018-08-09 17:04:40.700,187.4,42.1723074823857,1.89130202724415,1.92706198941911,1.71541334663194,403.546839893048,411.176852092093,1.74784909475623,327.1,140.459865312487,18556.6535966042,0.9,75,43.7733016666667,-79.44237,988.2,6.57276667708699,7.27825282818318,0.3,37.0710274908764,28.4,190.5,140,0.9,1.3
2018-08-09 17:04:41.700,187.5,42.1652909586214,1.89117802044039,1.92680092375239,1.57462170370656,403.425863943314,411.024830554923,1.60428255226799,316.8,140.478271287514,18487.9180916256,0.9,75,43.7733016666667,-79.44237,988.2,6.57279193045652,7.26888766014058,0.3,37.0718045312557,28.4,269.9,194.4,1,1.2
2018-08-09 17:04:42.700,187.5,42.1611210783782,1.89086343325616,1.92633781681857,1.52455433995823,402.902320157661,410.461116366669,1.55315578452202,311.2,140.462086508367,18415.4060947164,0.9,75.1,43.7733016666667,-79.4423716666667,988.2,6.57266484354246,7.2728132275152,0.3,37.0730387002315,28.4,222.2,154.8,0.7,1.6
2018-08-09 17:04:43.700,187.6,42.1600626628443,1.88998508343673,1.92544723828232,1.53098842428056,402.286116324391,409.834344507537,1.55971155140884,321,140.468626271007,18417.7756927726,0.9,75,43.7733016666667,-79.4423716666667,988.2,6.57024821263699,7.27840502264057,0.3,37.0740602559013,28.4,257,184,0.9,2
2018-08-09 17:04:44.700,187.6,42.1552990276678,1.888814703247,1.924051703247,1.63022595856791,402.48996200425,409.99876544481,1.66063890303121,328.3,140.487778048044,18314.1549701447,0.9,75,43.7733016666667,-79.4423716666667,988.1,6.57278532572815,7.28000749328099,0.5,37.075169655944,28.4,243.2,164.6,1.3,2.3
2018-08-09 17:04:45.700,187.6,42.1578973038106,1.89008988579578,1.92527721513603,1.65865826958152,402.472380578316,409.965191904404,1.68953789965864,283.3,140.450496385297,18276.5961774804,0.9,75,43.7733016666667,-79.4423733333333,988.2,6.57417597020962,7.27692056627006,0.3,37.0763038654701,28.4,217.3,164.1,1.5,2
2018-08-09 17:04:46.700,187.7,42.1608128322587,1.88859394149904,1.92367157262026,1.56109712894805,402.294751492844,409.766735234469,1.59009111484136,269.1,140.491218268236,18234.6760058135,0.9,75,43.7733016666667,-79.4423733333333,988.2,6.57664634349647,7.27822897105317,0.5,37.0776534440652,28.4,230,172.6,0.8,2.6
2018-08-09 17:04:47.700,187.7,42.1621751811093,1.89148412514717,1.92665211055946,1.35649691778013,402.529754523895,410.01390862978,1.38171794031857,278.4,140.44655902305,18253.2943976387,0.9,75,43.7733016666667,-79.4423733333333,988.3,6.57179824920231,7.27558793214585,0.3,37.0782629929535,28.4,244.6,186.2,0.8,2.2
2018-08-09 17:04:48.700,187.8,42.1558685165041,1.89266090228536,1.92788005897741,1.42661227289206,402.498563329726,409.988329677203,1.45316063248556,306,140.43383025752,18268.293508881,0.9,75,43.7733,-79.4423733333333,988.1,6.56401291962202,7.27823271461706,0.1,37.0794192905331,28.4,237.9,149.2,0.8,1.9
2018-08-09 17:04:49.700,187.8,42.1530853111366,1.89084325777004,1.9260420787407,1.51871675458079,402.564366637591,410.058204739222,1.54698911485465,354.5,140.466170497414,18275.1538900428,0.9,75,43.7733,-79.442375,988.2,6.57095194133053,7.2796281323756,0.3,37.0808136356314,28.4,243.3,184.6,0.8,1.6
2018-08-09 17:04:50.700,187.9,42.157311545008,1.89087425528938,1.92591907185335,1.51875027685494,403.017243174477,410.486552936618,1.54689924292119,11.9,140.431713071486,18196.3133741969,1,75,43.7733,-79.442375,988.2,6.57448350206831,7.27809228271641,0.5,37.0822382188564,28.4,257.4,165.8,0.9,1.5
2018-08-09 17:04:51.700,187.9,42.1524063552929,1.88924641385366,1.92429658760358,1.55464559654994,402.808011956085,410.281002767835,1.58348917894459,23.7,140.466451429399,18214.3179642207,0.9,75,43.7733,-79.442375,988.2,6.57687968720669,7.27979930485549,0.7,37.0830326563242,28.4,220.8,147.2,1,1.6
2018-08-09 17:04:52.700,187.9,42.1517893243672,1.88965857481161,1.92469749437913,1.45704557537017,402.815244247266,410.284502209141,1.48406343970112,24.6,140.460563753015,18205.07047529,0.9,75.2,43.7733,-79.4423766666667,988.2,6.57714878769585,7.28187348418475,0.9,37.0840778498343,28.4,229.6,171,1.3,2.9
2018-08-09 17:04:53.700,188,42.1535907096227,1.88909889592201,1.92426348471387,1.58465229923412,402.607236357759,410.101557900785,1.61415023413853,8.1,140.471057459941,18274.3864155997,0.9,75.2,43.7733,-79.442375,988.1,6.57560666665542,7.28060529473518,1.1,37.0853854694362,28.4,252.1,187.3,1.6,3.1
2018-08-09 17:04:54.700,188.1,42.156440430944,1.88986961479626,1.92509798413356,1.73454406251848,403.029148774289,410.541734316768,1.76687077564315,358.4,140.461004964812,18299.256223857,0.9,75.1,43.7733,-79.442375,988.2,6.57466225366808,7.27765781069762,1.2,37.0862119748887,28.4,243.1,159,1.4,1.6
2018-08-09 17:04:55.700,188.2,42.159849278281,1.89211711674342,1.92749033330364,1.52067929924873,402.94128386628,410.474208070201,1.54910854144382,354.5,140.461432061982,18351.8247135006,0.9,75.1,43.7733,-79.442375,988.2,6.57538409977227,7.27717179826726,1.6,37.0874310191593,28.4,184.9,90.8,0.7,0.5
2018-08-09 17:04:56.700,188.3,42.1648369689333,1.89171597359393,1.92705499559899,1.60882431149747,403.056948671909,410.586402302743,1.63888022905639,358.9,140.476106877878,18338.2143524084,0.9,75.2,43.7733,-79.442375,988,6.57522245048862,7.27699485640403,2,37.0884957755484,28.4,158.7,163.5,1,1.4
2018-08-09 17:04:57.700,188.4,42.1704589245735,1.89214159200535,1.92746129944082,1.523358094862,403.349962314067,410.879187986778,1.55179442222243,353.9,140.4479055364,18324.7140180613,1.7,75.1,43.7733,-79.442375,988.1,6.57460268841448,7.27625515332026,1.8,37.0895804375525,28.4,235.8,183.3,1.7,3.3
2018-08-09 17:04:58.700,188.5,42.1695013100996,1.89207106972021,1.92743999553743,1.44752386276627,403.733321518911,411.280485272484,1.47458804475261,357.9,140.497636061967,18350.4220854576,1.7,75.1,43.7733,-79.442375,988.2,6.57327718016091,7.27474608372278,1.8,37.0907084211361,28.4,219.2,131.2,1.2,1.7
2018-08-09 17:04:59.700,188.5,42.1714577786889,1.89126487706557,1.92659306244464,1.40785844148995,404.477069528136,412.032535513583,1.43416743938708,354.9,140.461203471261,18337.1118159391,1.7,75.1,43.7733,-79.442375,988.3,6.57482330133291,7.27993165289503,1.8,37.0916605920692,28.4,187.5,130.2,1.1,1
2018-08-09 17:05:00.700,188.5,42.1713873182241,1.89341540269536,1.92896032955601,1.64395788342835,405.527567126598,413.140531790213,1.67481926045703,352.5,140.447630603416,18427.1291595765,1.7,75.1,43.7733,-79.442375,988.1,6.57540970443988,7.28020640602001,1.4,37.0926465868306,28.4,160.7,58.9,0.9,0.9
2018-08-09 17:05:01.700,188.5,42.1746855110367,1.89345199855409,1.92903069906016,1.60294747565439,406.632185452939,414.272984726601,1.63306685638995,356.7,140.465508268754,18443.8659382569,1.7,74.9,43.7733,-79.442375,988.2,6.57430024438018,7.27659194853486,1.4,37.0936612327452,28.4,191.9,204.2,0.4,0.6
2018-08-09 17:05:02.700,188.5,42.1796925392943,1.89282037398664,1.92844373981897,1.50372727988359,407.785535230093,415.460225946017,1.53202713597808,2,140.439335942706,18472.7448354957,2.1,75,43.7733,-79.4423733333333,988.3,6.57556156270529,7.27613074563331,1.8,37.0948633148975,28.4,183.7,179.2,0.3,0.8
2018-08-09 17:05:03.700,188.6,42.1781482874074,1.89252164170667,1.9282056735763,1.47229039875556,408.181874391111,415.878280407704,1.50005494427259,7,140.477360253037,18506.438430637,1.7,75.1,43.7733,-79.4423733333333,988.2,6.5769682403437,7.2772702434963,1.6,37.0959715532444,28.4,188.6,131.9,0.8,0.6
2018-08-09 17:05:04.700,188.6,42.1786140058323,1.89384920702772,1.92961776339689,1.60260051764015,408.901314378789,416.624078332002,1.63286899232052,7,140.458428404102,18536.5029781449,1.7,75.3,43.7733,-79.4423733333333,988.1,6.57597985942953,7.27926957686267,1.8,37.0971886939913,28.4,166.4,29.7,0.6,0.9
2018-08-09 17:05:05.700,188.9,42.1819418880347,1.89262068032536,1.92831706687041,1.46559957363057,408.955777044143,416.669064655869,1.49324347670945,12.7,140.459715187405,18511.7645396713,1.7,75.2,43.773305,-79.44237,988.2,6.58069006933416,7.27985749553095,2.2,37.0982924180674,28.4,135.7,328.3,0.5,0.8
2018-08-09 17:05:06.700,189.6,42.1830277025776,1.89157373578081,1.92727186772747,1.3190521990428,409.28503099884,417.009089256335,1.34394444056613,17.1,140.446027765149,18522.5283024415,1.7,75.2,43.77331,-79.442365,988.2,6.58273790001274,7.28006365001073,2.2,37.0993075365613,28.4,192.8,0.4,0.6,0.5
2018-08-09 17:05:07.700,190.3,42.1838856129469,1.89371491508586,1.929566189454,1.47668989722569,409.156960461867,416.902923262036,1.50464723496521,13.6,140.448710280604,18579.7940699402,1.7,75.2,43.7733133333333,-79.4423633333333,988.1,6.57718239632705,7.27791123217309,2,37.1003973771742,28.4,155.3,20.8,0.7,1.2
2018-08-09 17:05:08.700,191,42.1822296113584,1.89369649489467,1.92954247270497,1.60443312732015,409.177894084327,416.923171666293,1.63480782816239,6.7,140.478561053859,18577.2412369997,1.7,75.2,43.7733233333333,-79.4423633333333,988.2,6.57782979775189,7.27682009083207,2,37.1015624637004,28.4,150.2,60.1,1,1.6
2018-08-09 17:05:09.700,192.1,42.1829722724204,1.89440874761695,1.93021715669763,1.30039604912465,409.129919354875,416.863374529366,1.32497610015454,2.8,140.444898754202,18551.5247272092,1.7,75.2,43.7733416666667,-79.4423633333333,988.2,6.57805161335961,7.2821285697567,2.2,37.1029760405248,28.4,167.7,37.5,1,0.8
2018-08-09 17:05:10.700,193.5,42.1814201083649,1.89374207382544,1.92950611512641,1.42066258651355,409.101719829503,416.827816444226,1.44749312273961,357.9,140.474721868469,18535.4913408276,1.7,75.2,43.77337,-79.44237,988.2,6.57879512790287,7.27919824514925,2.9,37.1039176844886,28.4,128.4,316.5,0.5,1
2018-08-09 17:05:11.700,194.5,42.1811566623418,1.89324118100174,1.92903216620168,1.45589572834172,409.300313637012,417.037988664118,1.48342172502393,354.1,140.459971612068,18553.8253715749,1.7,75.1,43.7734166666667,-79.4423766666667,988.2,6.57947882599525,7.27915478103868,3.3,37.1047278023261,28.4,141.6,327.5,0.5,1.4
2018-08-09 17:05:12.700,196.5,42.1821645948253,1.89463642921728,1.93058897256808,1.5537707560218,409.178296989761,416.942824015634,1.58325536517663,355.5,140.446961950533,18622.5663883038,1.7,75.1,43.77347,-79.442375,988.3,6.57722601452607,7.28333293313172,4,37.1056322700622,28.4,118.5,302.7,0.8,2
2018-08-09 17:05:13.700,199.4,42.1799883312972,1.89318762200621,1.92912970752877,1.52000479045032,409.365556266208,417.137403574979,1.54886364355773,354.6,140.476990445784,18631.5004377423,1.7,75.1,43.773515,-79.4423833333333,988.3,6.58061692279635,7.28046785188571,4.4,37.1066274176239,28.4,206.1,251.1,0.3,2.1
2018-08-09 17:05:14.700,202.7,42.1826954695596,1.89257760836306,1.9284920224734,1.51761776518959,408.921802299973,416.681837664508,1.54641866820144,354.1,140.459309986974,18623.4661479193,1.7,75.1,43.773555,-79.442395,988.2,6.58090399551062,7.28172247698587,4.4,37.107902579045,28.4,271.7,252.9,0.8,3.4
2018-08-09 17:05:15.700,207.5,42.1843088290655,1.89307922125965,1.92902029884567,1.66268499013922,409.263810421115,417.033928165428,1.69425166541657,356.4,140.467598634707,18631.8730315475,1.7,75.1,43.7735983333333,-79.4423866666667,988.2,6.58292120329764,7.28198401642077,4.8,37.108879181049,28.4,292.1,246.6,1.1,3.4
2018-08-09 17:05:16.700,214,42.1864160338479,1.89333669968687,1.92929032441092,1.56506287038185,409.528920952812,417.305636515721,1.59478179486814,358.4,140.460401223321,18635.5237711498,1.7,75.2,43.773635,-79.4423783333333,988.3,6.58343399963137,7.27962373068305,4.8,37.1100478035314,28.4,219.5,233.8,0.8,1.8
2018-08-09 17:05:17.700,218.9,42.1851366542837,1.89318979155045,1.92914549689578,1.5019072383227,409.908571601164,417.693532453648,1.53043146402347,1.5,140.482375487004,18638.1133627128,1.7,75.2,43.7736533333333,-79.4423616666667,988.2,6.585497293698,7.27982277254864,4.2,37.1112855358561,28.4,233.2,224.2,1,2.2
2018-08-09 17:05:18.700,221.4,42.1835257669131,1.89323625464377,1.92916508020133,1.46004778256364,409.895415829023,417.674185494177,1.48775681107818,4,140.470993327948,18624.0833546622,1.7,75.2,43.7736533333333,-79.4423516666667,988.3,6.58606075430201,7.28179866633552,3.7,37.1123616667702,28.4,248.3,238.4,0.9,2.7
2018-08-09 17:05:19.700,221.5,42.1836509769387,1.89390279454376,1.92986488829882,1.39043243177515,409.472148826456,417.247357483261,1.41683733541965,7.6,140.458596885628,18634.56467718,1.7,75.2,43.7736383333333,-79.4423433333333,988.3,6.58660601177359,7.28638649533245,2.9,37.1135017228356,28.4,265.3,234.4,1.2,3.4
2018-08-09 17:05:20.700,219.8,42.1806246495848,1.89291359550977,1.92885740205266,1.56130758876681,409.696491573356,417.476088467266,1.59095403488775,8.4,140.478289254838,18634.8755370804,1.7,75.3,43.7736083333333,-79.4423433333333,988.3,6.58834172171342,7.2828623071309,2,37.1143865967713,28.4,299.3,250.9,1.2,2.5
2018-08-09 17:05:21.700,217.1,42.181650401199,1.89240119716088,1.92827970257012,1.58189096028262,410.037525172765,417.81161454353,1.61188296595982,4.3,140.433455887082,18606.692954426,1.7,75.2,43.7735933333333,-79.4423483333333,988.2,6.58807103002711,7.27924614981755,1.4,37.1154840993536,28.4,315.1,261.4,0.7,1.8
2018-08-09 17:05:22.700,215.2,42.1802838307477,1.89160429554125,1.92742527975998,1.51922881258153,410.880038442269,418.660730120924,1.54799969637991,6.1,140.453383500305,18584.8459975719,1.7,75.2,43.7735683333333,-79.44235,988.2,6.58759867003632,7.27393883502895,0.9,37.1164401578127,28.4,284.2,231,0.7,1.3
2018-08-09 17:05:23.600,211.6,42.1768567148018,1.89332182183089,1.92919040157187,1.52744642347405,411.836509959751,419.638619027506,1.55638715951203,351.9,140.458399362905,18592.3447016601,1.7,75.1,43.773535,-79.442365,988.3,6.58208173837154,7.27365028350058,0.5,37.1175373263965,28.4,241.3,179.2,0.7,1.4
2018-08-09 17:05:24.700,210.2,42.1757207708308,1.8938026077581,1.92974296656728,1.56586884053892,411.965118863892,419.783417782246,1.59558715280451,347.1,140.43907438401,18624.4233007872,0.9,75.1,43.7735433333334,-79.4423733333333,988.1,6.58101578076486,7.27702806915984,0.7,37.1188400426103,28.4,276.4,226.9,0.3,0.8
2018-08-09 17:05:25.700,211.3,42.1718176610637,1.89376044349567,1.92963224117213,1.68502304520001,411.880086915129,419.682096503228,1.71694257649608,345,140.460536040313,18590.2328858455,0.9,75.1,43.773575,-79.4423766666667,988.2,6.58300082254096,7.27977297642082,1.1,37.1197729820454,28.4,320.1,257.6,0.5,1.7
2018-08-09 17:05:26.700,213.4,42.1703139192047,1.89489350089479,1.93075427110716,1.75802570673328,412.124127289674,419.923515116153,1.79129999994577,345.6,140.457860824222,18573.4006375025,0.9,75.1,43.7735933333333,-79.442375,988.3,6.57872649764101,7.28118053988246,1.1,37.1204193250791,28.4,324,253.3,0.5,0.9
2018-08-09 17:05:27.700,214,42.1719991566098,1.89424775905117,1.9300117192119,1.49136473256731,412.234832230877,420.017887475585,1.51952348419742,346.8,140.46635717312,18530.3084254283,0.9,75.1,43.7735966666667,-79.4423783333333,988.2,6.57829340369534,7.2787486886936,1.2,37.1215720300946,28.4,111.5,336.8,0.2,0.5
2018-08-09 17:05:28.700,213.5,42.1755056636001,1.89241356236265,1.92817284090117,1.44655885163105,412.12202300094,419.90961726103,1.4738964434946,347.7,140.459657417287,18545.8612527089,0.9,75.1,43.773585,-79.4423833333333,988.3,6.5830905707211,7.27873522320439,1.1,37.1225863409921,28.4,68.6,269.8,0.2,0.5
2018-08-09 17:05:29.700,212.4,42.1781634264173,1.89197784388125,1.92776028431231,1.59355091477882,412.518307646195,420.320241705488,1.6236881361316,348.8,140.478773703624,18561.8455524562,0.9,75.1,43.77357,-79.4423866666667,988.2,6.58737054803424,7.27911583298128,1.1,37.1236058339651,28.4,323.7,255.4,0.8,2.4
2018-08-09 17:05:30.700,212,42.1818297580813,1.89176805813581,1.92747955247849,1.59001225942592,412.86963294237,420.663492392264,1.62002844827316,349.1,140.472228751623,18527.500337933,0.9,75.1,43.7735633333333,-79.4423966666667,988.2,6.58208290232871,7.28089807001534,0.9,37.1246272859913,28.4,343.7,252.3,1,2.7
2018-08-09 17:05:31.700,211.8,42.1862065334421,1.89160952651835,1.92730402690274,1.51690922523472,412.804934819802,420.594622444729,1.54553377788702,348.8,140.467278862668,18520.653689505,0.9,75.1,43.7735633333333,-79.4424066666667,988.2,6.5801674335469,7.28301679244729,0.7,37.1256475249854,28.4,286.5,221.7,1.1,2.5
2018-08-09 17:05:32.700,211.5,42.1866702622888,1.89242142025313,1.92816112827215,1.56129963895612,413.112820438209,420.914768538832,1.59078661302278,353,140.495651899377,18535.6802335664,0.9,75,43.773565,-79.4424116666667,988.2,6.5837814357965,7.282482163683,0.5,37.1267748492578,28.4,317.4,294.4,0.5,1.8
2018-08-09 17:05:33.700,211,42.1902448787706,1.89253893358729,1.9282309283019,1.65372251272751,414.25851900343,422.071030068578,1.68490858499996,352.8,140.45260365397,18510.0179685776,0.9,75.1,43.7735633333333,-79.442415,988.2,6.58326730828289,7.2827375400475,0.5,37.128046062276,28.4,31.8,308.8,1,2.5
2018-08-09 17:05:34.700,210.3,42.1942202998051,1.8925003317247,1.92820573259559,1.60468432157447,415.856615718737,423.702534722755,1.63495460348074,348.5,140.456811267112,18517.450923811,0.9,75,43.77356,-79.44242,988.2,6.58458220067843,7.27913966778932,0.5,37.1290798259196,28.4,20.2,269.8,0.7,0.8
2018-08-09 17:05:35.700,209.7,42.1991113996627,1.89359399318788,1.92940395413026,1.47298868527732,417.659663009539,425.55810583385,1.50084454128035,352.3,140.455278997986,18560.2119264813,0.9,75.1,43.7735583333333,-79.4424233333333,988.3,6.58260750212739,7.27592544618094,0.3,37.1301081075793,28.4,23.9,334.2,0.3,0.7
2018-08-09 17:05:36.700,209.3,42.2007874024925,1.89264761864952,1.92834774242995,1.56682160080718,418.86303676913,426.763870370284,1.5963704353843,350.1,140.443020224517,18513.394692494,0.9,75.1,43.7735583333333,-79.4424266666667,988.2,6.58220407263405,7.27758734482732,0.1,37.1314476754437,28.4,122.4,0.4,0.4,0.6
2018-08-09 17:05:37.700,209.1,42.1971700371467,1.89248917426863,1.92817980651645,1.6308012305278,419.2532850828,427.160045002091,1.6615544767709,351.5,140.463834174949,18510.0644221447,0.9,75.1,43.7735583333333,-79.4424283333333,988.2,6.58364722546348,7.28053202411719,0.1,37.1324030869458,28.4,114.6,294.1,0.4,0.8
2018-08-09 17:05:38.700,209.2,42.1961044757949,1.8935327511948,1.92930103466809,1.60672738954367,419.970034511306,427.903104149775,1.63707796739801,334.5,140.459195823094,18539.390196294,0.9,75.1,43.77356,-79.4424283333333,988.1,6.5839739057426,7.2821029633871,0.1,37.1335613950911,28.4,56.9,353.9,0.5,1.5
2018-08-09 17:05:39.700,209.2,42.193145737791,1.89352987207204,1.92922324509244,1.63874033586232,420.804417230764,428.736578155374,1.66963102859981,316.5,140.465960745218,18501.2470791139,0.9,75.2,43.7735566666667,-79.4424283333333,988.1,6.58478885433854,7.28353130577706,0.1,37.1345422556503,28.4,64.8,343,0.5,1.2
2018-08-09 17:05:40.700,208.7,42.1945172317069,1.89404579119006,1.92978785920943,1.67033065184309,421.393391404597,429.345359252539,1.70185229324017,313.4,140.445526643342,18521.090400798,0.9,75.2,43.7735533333333,-79.44243,988.2,6.58095610553278,7.27867886971559,0.1,37.1357462732203,28.4,62.3,322.8,0.4,0.6
2018-08-09 17:05:41.700,208.2,42.1941906160252,1.89266344072482,1.92838826033391,1.61418140811581,421.612521414577,429.570737547472,1.64465233018702,295,140.46910233834,18525.8638622703,0.9,75.2,43.7735533333333,-79.4424333333333,988.2,6.58206571777324,7.2787893587676,0,37.1369246660587,28.4,57,325.5,0.4,1.2
2018-08-09 17:05:42.700,207.3,42.1957770457102,1.89242332112693,1.92819844958898,1.49866007737789,422.242896701163,430.225274034532,1.52698907343738,312,140.472549802974,18553.8750180107,0.9,75.2,43.7735483333333,-79.44244,988.2,6.58393401987177,7.27882796529516,0,37.1380656960707,28.4,3.6,241.4,0.4,0.4
2018-08-09 17:05:43.700,206,42.2010311716429,1.89196217076222,1.92770793148541,1.5598506070206,422.546062744115,430.529447355743,1.58931590408283,310.7,140.45306443916,18543.111195185,0.9,75.2,43.7735366666667,-79.442445,988.2,6.58366569681242,7.27659275991446,0,37.1390949876294,28.4,75.5,300.3,0.1,0.5
2018-08-09 17:05:44.700,205,42.2021919236707,1.8912310002471,1.9269141831039,1.46106450451705,422.547229630106,430.519735836494,1.48862638878762,350.9,140.479225443095,18518.2409016278,0.9,75.1,43.7735216666667,-79.442445,988.2,6.58496039899955,7.27610582152769,0,37.139814054221,28.5,38.2,0.4,0.3,0.3
2018-08-09 17:05:45.700,204.5,42.2068986227909,1.89140368411686,1.9271347669455,1.5499121169152,422.659508263255,430.644073744788,1.57919100792239,319.2,140.451974526162,18541.0729556444,0.9,75,43.7735183333333,-79.442445,988.1,6.58634727525316,7.27495391111498,0,37.1410536100824,28.5,295.7,179.2,0.3,0.6
2018-08-09 17:05:46.700,203.8,42.2065647351623,1.89074795399294,1.92644966065802,1.66190556021074,422.415868988865,430.392040712347,1.69328643264047,186.3,140.461485476028,18532.4104638395,0.9,75.1,43.7735083333333,-79.4424466666667,988.2,6.58544602873491,7.27939491082096,0,37.1421427816447,28.5,301.1,251.4,0.4,1.3
2018-08-09 17:05:47.700,202.8,42.2059268678798,1.89245111365131,1.92817066962371,1.61741918524778,422.370959692606,430.343009810548,1.64794735047996,212.7,140.479226785444,18524.911384316,0.9,75.1,43.7735016666667,-79.4424533333333,988.2,6.58269310304889,7.28331525273525,0,37.1436900943539,28.5,336.5,234.9,0.6,0.8
2018-08-09 17:05:48.700,201.4,42.2106564251535,1.89307033994606,1.92877176575232,1.69063982726573,422.420032208112,430.386237435541,1.7225225324791,310.6,140.456054309328,18509.533606228,0.9,75,43.7734916666667,-79.4424583333333,988.2,6.58199541025602,7.28185280197929,0.1,37.1446453085192,28.5,237.7,133.8,0.6,0.8
2018-08-09 17:05:49.700,200.1,42.2138897004016,1.89342022850671,1.92911239665605,1.74456792956467,422.111292073446,430.068226277781,1.77745340145954,278.3,140.460633438379,18501.5424901246,0.9,75,43.7734866666667,-79.4424616666667,988.2,6.58044262632265,7.27982165109587,0.1,37.1452775030912,28.5,191.1,136.4,0.5,1.5
2018-08-09 17:05:50.700,199.2,42.2202136810099,1.89276189792354,1.92839379631789,1.69472295960308,421.852455175914,429.79396465283,1.72662814199103,267.1,140.447318842506,18477.3973732992,1,75,43.7734816666667,-79.4424633333333,988.2,6.58396801842521,7.28152360914836,0.1,37.1463256209234,28.5,215.4,155.1,1.4,3.1
2018-08-09 17:05:51.700,199.3,42.2216041357985,1.89266272884607,1.92832550389984,1.72148455522834,421.217971488057,429.154846140299,1.75392505983892,252.6,140.47381287464,18494.292608157,0.9,75,43.7734816666667,-79.44246,988.2,6.58214857458684,7.28487189744036,0.1,37.1474476208497,28.5,242.5,172.6,2,4.4
2018-08-09 17:05:52.700,199.5,42.2186898788265,1.89273900041604,1.92847200041604,1.58087792509632,419.932615220137,427.860506855655,1.61072259993652,212.6,140.463810372556,18529.1761909654,0.9,75.1,43.77348,-79.44246,988.2,6.58060456480901,7.28231276603237,0.1,37.1484896800993,28.5,243.1,158.8,2.4,4.4
2018-08-09 17:05:53.700,199.7,42.214774827521,1.89193052138426,1.92758514207229,1.48629411047923,419.077844951937,426.975547362699,1.51430260699804,218.8,140.474862951325,18496.8795506875,0.9,75.1,43.7734783333333,-79.4424583333333,988.1,6.58166915347093,7.28052084652907,0,37.1492878817827,28.5,230.4,159.4,1.8,1.9
2018-08-09 17:05:54.700,200.4,42.2107794999069,1.89248784809624,1.92801812333537,1.63850931957784,418.202849284508,426.054385253764,1.66926749929823,218.6,140.47226329938,18428.4502356854,1,75.1,43.7734766666667,-79.4424533333333,988.2,6.58403293267376,7.27926035913053,0,37.1503148252795,28.5,10.6,90.8,0.3,0.4
2018-08-09 17:05:55.700,201.1,42.2097342856049,1.89246032992703,1.92792631161902,1.51609926775434,416.994908758672,424.809671036523,1.5445123867637,147.8,140.42985495465,18395.9288656696,0.9,75.2,43.7734783333333,-79.44245,988.2,6.58437891654906,7.27790330040445,0.1,37.1514207323202,28.5,235.4,179.2,1,1.3
2018-08-09 17:05:56.700,201.7,42.2043314272475,1.89160641207653,1.92708896576802,1.54378855264763,415.436863436309,423.229453697206,1.57274866348587,111.2,140.465589866177,18412.2765102152,1,75.1,43.7734766666667,-79.4424466666667,988.1,6.5816190942447,7.27831870529841,0.1,37.1526107099245,28.5,308.2,197.7,0.4,0.8
2018-08-09 17:05:57.700,201.9,42.2027235779823,1.89187724519574,1.92737883824257,1.64660967030101,413.992592254748,421.761073036974,1.67750798734586,85.6,140.452159729585,18419.2334987912,1,75.2,43.7734733333333,-79.4424433333333,988.2,6.58058470140032,7.27648097209015,0.1,37.1536700202802,28.5,317.2,246.7,0.6,1.2
2018-08-09 17:05:58.700,201.6,42.2021437203939,1.89306122374682,1.92864199677958,1.58402144389941,412.831763880848,420.590848437731,1.61379103852133,104.5,140.449665428377,18448.1707661855,1,75.2,43.77347,-79.4424416666667,988.2,6.57969602398712,7.27900987100017,0.1,37.1544819771846,28.5,293.2,218.4,0.6,1.1
2018-08-09 17:05:59.700,201.2,42.1986691037992,1.89338085346365,1.92893529647729,1.69220577973988,411.792209222377,419.52479253001,1.72397754242178,102.6,140.471771952416,18431.7840283994,0.9,75.2,43.7734716666667,-79.44244,988.1,6.58173714481396,7.28064035665796,0,37.1555934560311,28.5,320.2,260.4,0.5,1.7
2018-08-09 17:06:00.700,200.8,42.2025972337536,1.89222737643271,1.92763800080867,1.68765281846989,410.927141245154,418.617042920751,1.71923727843988,20.4,140.449602779185,18369.7816289094,0.9,75.1,43.7734716666667,-79.4424383333333,988.1,6.58177955373449,7.28243392080808,0.1,37.1567477895906,28.5,334.8,256.1,0.9,1.3
2018-08-09 17:06:01.700,200.4,42.2021358676989,1.89221070172847,1.92772555321621,1.57178164601567,410.397023690611,418.09968722811,1.60127985699527,13.2,140.463501525435,18423.0564607658,0.9,75.1,43.77347,-79.442435,988.2,6.57950836836605,7.27837325949744,0.3,37.1576957061656,28.5,294,194.7,0.3,0.9
2018-08-09 17:06:02.700,199.9,42.2006673054624,1.89207349593269,1.92752190940468,1.60768473781253,409.163618113672,416.82941822958,1.63780172039595,16,140.454781068411,18390.5309288065,0.9,75,43.773465,-79.4424316666667,988.2,6.57943884669277,7.27827159351059,0.3,37.1590360162646,28.5,237.7,165.3,0.9,2
2018-08-09 17:06:03.700,199.5,42.1983643717882,1.89189747286551,1.92735755543046,1.66632205265258,408.41417047229,416.069206130771,1.69755470542944,59.1,140.479661005144,18398.4068494482,0.9,75,43.7734583333333,-79.4424283333333,988.2,6.57952523833317,7.27249998627327,0.1,37.1600272020835,28.5,221.6,137.1,1,1.6
2018-08-09 17:06:04.700,199.3,42.1986534173206,1.89250536791476,1.92792362250806,1.55670928260235,407.849974557189,415.482966969542,1.58584706602989,120,140.464162596085,18371.3276542486,0.9,75.1,43.7734533333333,-79.4424233333333,988.1,6.58250526281346,7.27309662480914,0.1,37.1607691138147,28.5,211.8,139.3,0.8,1.6
2018-08-09 17:06:05.700,199.1,42.203967111533,1.89188836238429,1.92721239365161,1.57079505184313,407.289934623622,414.894633491667,1.60012379996304,135.7,140.475334188235,18329.2317090166,0.9,75.1,43.7734466666667,-79.44242,988.2,6.58315091419306,7.2800616809148,0.1,37.1619183234386,28.5,206.8,133.5,0.8,0.8
2018-08-09 17:06:06.700,198.7,42.2093089663538,1.89225755289227,1.92766022708136,1.63475876850382,407.318333548437,414.939078017529,1.66534438748466,68.1,140.475874793454,18365.8940117272,0.9,75,43.7734416666667,-79.4424183333333,988.2,6.57844918415885,7.27629358915381,0,37.1629482228496,28.5,220.1,179.2,0.4,0.3
2018-08-09 17:06:07.700,198.6,42.2168552931406,1.89205161062496,1.92753768752875,1.63759522330751,407.416886541836,415.058101046409,1.66830878281292,15.6,140.43363061636,18410.0184298624,0.9,75,43.77344,-79.442415,988.3,6.57857266094019,7.2688953278961,0.1,37.1640093526254,28.5,246.9,166.2,0.7,1.8
2018-08-09 17:06:08.700,198.5,42.2183991021335,1.89114499460335,1.92669667988778,1.60674903349872,406.27055395373,413.908024404329,1.63695402089399,22,140.473161080083,18452.041485962,0.9,75,43.7734366666667,-79.4424133333333,988.1,6.57927793875008,7.27473689505517,0.1,37.16487147747,28.5,234.1,192.6,0.7,0.9
2018-08-09 17:06:09.700,198.1,42.2238531985018,1.89067311964522,1.92615046984982,1.40735957250813,405.578573444715,413.189020798049,1.43377308645631,13.3,140.4533751023,18418.7264368844,0.9,75,43.7734333333333,-79.4424133333333,988.2,6.58239890160432,7.28240180081984,0.1,37.1660355269444,28.5,219.8,138.3,0.6,0.6
2018-08-09 17:06:10.700,197.9,42.2252729733629,1.89096342900057,1.92627157103943,1.51786261456353,405.357433891462,412.926349609469,1.54619740266657,27.4,140.440553883436,18329.9134812787,0.9,75,43.7734283333333,-79.4424116666667,988.1,6.57942842964189,7.27886517961188,0,37.166975331464,28.5,240.2,153.3,0.2,0.4
2018-08-09 17:06:11.700,197.6,42.2231031690018,1.89241457900429,1.92770431373161,1.62021139734703,405.324936387162,412.883552256962,1.65042478529699,345.9,140.468728851049,18306.7841649077,0.9,75,43.7734233333333,-79.4424133333333,988.2,6.57932040717866,7.27455495768462,0,37.1677923638716,28.5,216.7,132.3,0.3,0.4
2018-08-09 17:06:12.700,197.2,42.2240115716999,1.89161900687621,1.9270339640391,1.60723411985999,405.238180692236,412.82505498287,1.637324269852,237.1,140.440934992811,18377.878298409,0.9,75,43.77342,-79.442415,988.1,6.58053892857523,7.27578704322764,0.1,37.1691760716378,28.5,75.4,0.4,0.1,0.2
2018-08-09 17:06:13.700,197.2,42.220913447745,1.89178138426975,1.92709889144549,1.66384281674525,404.877933087182,412.436481455289,1.69490222222387,235.2,140.46711563684,18326.6445861029,0.9,75,43.7734183333333,-79.4424133333333,988.2,6.58347886480396,7.26993074492996,0.1,37.1701706321431,28.5,146.3,63.2,0.1,0.4
2018-08-09 17:06:14.700,197.1,42.2147399117882,1.89458420172239,1.93003694768924,1.46370497240036,404.580498136242,412.15112647769,1.49108572413492,239.6,140.450935388217,18368.6462819837,1,75,43.773415,-79.4424116666667,988.2,6.57949901651146,7.27298468150434,0.1,37.1714103181846,28.5,260.3,137.1,0.2,0.5
2018-08-09 17:06:15.700,197,42.2146272435197,1.89499061134151,1.93051241639797,1.61910724140248,404.188103628286,411.764733258994,1.64945677022867,219.6,140.473988453236,18400.3344337758,0.9,75,43.77341,-79.44241,988.2,6.5775969686315,7.2770815838364,0.1,37.1722367355302,28.5,199.2,0.4,0.2,0
2018-08-09 17:06:16.700,197.1,42.2164973545456,1.89296478157598,1.92843132932614,1.52300904394927,404.20509955921,411.778365091584,1.55154469602201,300.6,140.463244237406,18391.5102635049,0.9,75,43.7734083333333,-79.4424083333333,988.1,6.58263852355193,7.27554327224958,0,37.1729428320472,28.5,355,297.1,0.2,0.4
2018-08-09 17:06:17.700,197.1,42.2166717297183,1.89416771495411,1.92958812936725,1.48018332450963,404.271258783451,411.830997026058,1.50786106194032,349.8,140.45619986514,18356.3310795795,0.9,75.1,43.773405,-79.4424083333333,988.2,6.58624210367361,7.27408580538032,0,37.1740627387793,28.5,165.8,65.6,0.2,0.4
2018-08-09 17:06:18.700,196.8,42.2157771803896,1.89545744374063,1.93094921917262,1.54998461035883,403.744197544873,411.30415237324,1.57900814011077,46.4,140.487603385716,18380.3421033621,0.9,75.1,43.7734033333333,-79.4424083333333,988.2,6.57977824755797,7.28064160372055,0,37.1750024802564,28.5,102.4,22.6,0.3,0.6
2018-08-09 17:06:19.700,196.5,42.2162156193698,1.89382614830183,1.92932195062716,1.63521118058387,403.619168985171,411.184302302701,1.66585977622628,18.7,140.443889985346,18398.2682273393,0.9,75.1,43.7734033333333,-79.44241,988.1,6.5822479490215,7.27867676503176,0.1,37.1761921808327,28.5,97.4,13.7,0.5,1
2018-08-09 17:06:20.700,196.2,42.2186532762218,1.8929480874643,1.92850986825809,1.59243309843245,403.678053206918,411.261784493216,1.62234783514106,8.1,140.481114868295,18440.1401581831,0.9,75.1,43.7734016666667,-79.44241,988.3,6.57908698838475,7.2768096353836,0.1,37.1769652696763,28.5,81.1,347.8,0.4,0.8
2018-08-09 17:06:21.600,196.3,42.2229433623248,1.89258833199968,1.92814986757108,1.69959203256438,404.240710946982,411.836290801451,1.73152611829012,358,140.475276801754,18443.3477598964,0.9,75.1,43.7734033333333,-79.4424083333333,988.2,6.58158807682627,7.2749325489355,0.3,37.1780605916974,28.5,10.1,269.8,0.4,0.6
2018-08-09 17:06:22.700,196.5,42.2263590428343,1.89153542312439,1.92697407554279,1.4879263524979,403.704882295018,411.268514750158,1.5158086238091,3.9,140.440686605284,18391.0218176662,1,75.1,43.773405,-79.4424083333333,988.2,6.58723257291007,7.27737898332075,0.5,37.179429954858,28.5,74.6,34.7,0.2,0.5
2018-08-09 17:06:23.700,196.8,42.2239767797786,1.89286533035098,1.92834241661727,1.56567058597299,403.64379974383,411.209081841934,1.5950173474157,3.3,140.471997313328,18397.5864264356,1,75.1,43.7734066666667,-79.442405,988.2,6.58135781535264,7.27788208534506,0.5,37.1804012378381,28.5,147.9,57.5,0.5,0.9
2018-08-09 17:06:24.700,196.9,42.2277947545805,1.89324467546307,1.92876832121943,1.55304630385208,404.178294757349,411.762063336605,1.58218699537485,5,140.434169760486,18417.76510141,0.9,75.1,43.7734083333333,-79.442405,988.2,6.57992319759231,7.27376045758875,0.7,37.1815453597728,28.5,127.3,18.5,0.5,0.7
2018-08-09 17:06:25.700,196.9,42.2257414507986,1.89204998964327,1.92763670466887,1.45108932163372,404.261929015972,411.865524870811,1.47838109366145,355.8,140.454269947969,18461.3668391604,0.9,75.1,43.77341,-79.4424033333333,988.3,6.5836441295162,7.27349026942388,0.9,37.1824790673542,28.5,119.6,13.2,0.5,0.9
2018-08-09 17:06:26.700,196.8,42.2226755272454,1.89398915191109,1.92955892902274,1.46147336542203,403.771926151016,411.354884668056,1.48891963274644,353.7,140.449274016946,18434.1050811531,0.9,75.1,43.7734133333333,-79.4424,988.2,6.58008577217858,7.27213304602526,0.7,37.183302745547,28.5,92.4,352.5,0.8,1.7
2018-08-09 17:06:27.700,197,42.2209289915697,1.89196819321076,1.92751384026934,1.60065149872459,404.050358833859,411.64153278385,1.63072538113333,358.9,140.470448740152,18441.1674795068,0.9,75.1,43.7734133333333,-79.4423966666667,988.2,6.58072911770166,7.27285615129215,0.5,37.1841337815269,28.5,75.2,336.4,0.6,1.7
2018-08-09 17:06:28.700,197.5,42.2220014977205,1.89151678389177,1.92692322685034,1.63316857374278,403.944626753698,411.505804134432,1.66373968102961,2.6,140.464473899505,18374.3643673067,0.9,75,43.7734183333333,-79.4423933333333,988.2,6.5827888653546,7.27640344103031,0.3,37.1849796365312,28.5,57.4,332,0.8,1.6
2018-08-09 17:06:29.700,198.2,42.2309126850254,1.89133113016836,1.92678873480856,1.56480178718048,404.1157958877,411.69199551182,1.59413678055828,32.2,140.4266088621,18402.4298626121,0.9,75,43.7734216666667,-79.44239,988.2,6.58595609058898,7.27992931998319,0.1,37.1864269126988,28.5,44.9,325.5,0.6,1.2
2018-08-09 17:06:30.700,198.9,42.2309324491348,1.89354955528492,1.92915298971304,1.62731727319531,404.362066920694,411.964987068529,1.65791519158308,40.8,140.482094460117,18455.2661136981,0.9,75,43.773425,-79.4423866666667,988.2,6.58188354713035,7.27717845256374,0.1,37.1874954819783,28.5,4.2,269.8,0.5,1.4
2018-08-09 17:06:31.700,199.5,42.2312617910436,1.89468141259291,1.93034943526079,1.72269908286105,404.557803134185,412.173673880446,1.7551293024493,355.6,140.446294347072,18477.3903824519,0.9,75,43.7734283333333,-79.4423833333333,988.2,6.57981143097062,7.27650459850699,0.1,37.188376485074,28.5,325.2,249,0.8,1.5
2018-08-09 17:06:32.700,200,42.2253709155665,1.89444781451878,1.93015564595133,1.65790571599366,404.368477934781,411.990287468347,1.68915373745965,355.2,140.486654920457,18499.8175710862,1.9,75,43.7734316666667,-79.4423783333333,988.2,6.57770207605397,7.27830886557903,0.1,37.1897480586859,28.5,301.9,249.8,0.6,1.1
2018-08-09 17:06:33.700,200.3,42.2231006436449,1.89272924836243,1.92850782202417,1.60673272656291,404.052492480155,411.690290855744,1.63710461969673,349.9,140.48721449731,18552.2670015144,1.9,75.1,43.7734333333333,-79.442375,988.1,6.58056543860467,7.27793005996971,0.1,37.1903446914593,28.5,325.8,262.7,0.6,1.6
2018-08-09 17:06:34.700,200.5,42.2311745668626,1.89378764510225,1.92950879471666,1.6596871867564,404.360799894995,411.987929817877,1.69099109866532,11.2,140.434983590063,18513.015754536,0.9,75.1,43.7734366666667,-79.4423733333333,988.2,6.57996351753353,7.277663705687,0.1,37.1911685038559,28.5,333.7,251.1,0.7,1.2
2018-08-09 17:06:35.700,200.6,42.2340635931039,1.89260950915229,1.92815987842072,1.47234363006469,404.34601405528,411.941011154526,1.50000296670728,0.9,140.47750615574,18437.1806274331,0.9,75,43.7734366666667,-79.4423716666667,988.1,6.58060746117124,7.27470550159636,0.1,37.192230425079,28.5,329.4,247.5,0.6,0.8
2018-08-09 17:06:36.700,200.7,42.2399344579885,1.89131321411548,1.92680540069563,1.64549434953071,404.236883866059,411.822639725371,1.67637308663662,358.1,140.464719575859,18419.9446530305,0.9,75.1,43.7734383333333,-79.44237,988.2,6.58333759317334,7.27072836152619,0.3,37.1933081112525,28.5,288.9,204.2,0.5,0.7
2018-08-09 17:06:37.700,201,42.2439922802689,1.8917750751941,1.92743901959076,1.51983696438213,403.728576099501,411.339708936369,1.54848426657319,1.3,140.475159490935,18503.2516856431,0.9,75.1,43.77344,-79.4423666666667,988.1,6.58266975610583,7.27558812718717,0.3,37.1943980957016,28.5,220.6,139.7,0.5,0.9
2018-08-09 17:06:38.700,201.4,42.2445328105226,1.89083876612574,1.9263731405644,1.44637580110737,403.43344433813,411.015209343744,1.47355829250868,7.4,140.459340163809,18446.432450245,0.9,75.1,43.7734433333333,-79.4423633333333,988.2,6.58323750949173,7.27401298014901,0.1,37.1954387579098,28.5,199,133.7,0.5,1.7
2018-08-09 17:06:39.700,201.8,42.2449108701687,1.89162784342786,1.92714596284043,1.41874114399506,403.578849272996,411.156624775296,1.44537972523282,354.4,140.458165381748,18430.3648142022,0.9,75,43.7734433333333,-79.4423616666667,988.2,6.57547994846362,7.27837114644451,0.3,37.1966605863957,28.5,229,158.8,0.9,1.7
2018-08-09 17:06:40.700,202.2,42.24479854438,1.89328760692962,1.92884094498293,1.55500229092441,404.302259796212,411.894509573735,1.58420319488793,352.6,140.464587798379,18432.5744607186,0.9,74.9,43.7734466666667,-79.4423583333333,988.2,6.5735084274624,7.27246029814434,0.5,37.1971235682503,28.5,205.9,111.9,0.5,0.9
2018-08-09 17:06:41.700,202.4,42.2515415233096,1.89304196090726,1.92855320733242,1.46453826111347,404.260002063607,411.84351347963,1.49201215040661,353.3,140.428975161351,18413.4943265222,0.9,74.9,43.7734466666667,-79.442355,988.2,6.57775081885225,7.27638329291051,0.5,37.1979052998173,28.5,207.6,138.1,1,1.3
2018-08-09 17:06:42.700,202.6,42.2583039408076,1.89179804208878,1.92726329558418,1.6241528903618,403.902177970415,411.474241344266,1.65460082333737,7.1,140.488960683246,18402.1517455419,0.9,74.9,43.7734483333333,-79.4423533333333,988.2,6.58303457935061,7.27212159188811,0.3,37.1993113020712,28.5,228.9,170.5,0.8,1.8
2018-08-09 17:06:43.700,202.7,42.2651063845593,1.89093811050783,1.92641150633864,1.62374938539697,404.261615662332,411.845470139365,1.65421078448801,358,140.449170425405,18414.3161020479,0.9,75,43.7734483333333,-79.44235,988.2,6.57884382892997,7.27495986288923,0.3,37.2002248436553,28.5,238.8,194.4,0.8,1.3
2018-08-09 17:06:44.700,203,42.2640207080922,1.89218946608437,1.92763441541377,1.45926397941222,404.281064565023,411.8541581223,1.48660046670943,352.7,140.460121643905,18387.8533830414,0.9,75.1,43.77345,-79.4423483333333,988.1,6.58189363784954,7.27391454197923,0.3,37.2013708288422,28.5,247.6,193,0.8,1.3
2018-08-09 17:06:45.700,203.1,42.2626644252768,1.8913981422279,1.92671274202743,1.51175628355501,404.245596369129,411.793237532644,1.53998151003274,3.2,140.485026298875,18328.7269810017,0.9,75.1,43.7734516666667,-79.442345,988.2,6.58050875627137,7.27823855305387,0.3,37.2019355205613,28.5,234,179.2,0.8,1.9
2018-08-09 17:06:46.700,203.2,42.2648882743791,1.89240154110924,1.92791562401013,1.62506335190398,404.247889299373,411.834349511756,1.65556363078993,4.8,140.428683570051,18421.1615405838,0.9,75.1,43.7734516666667,-79.4423433333333,988.1,6.58118782897456,7.27836276410116,0.3,37.2033779653786,28.5,264.2,210.2,0.8,1.2
2018-08-09 17:06:47.700,203.3,42.2567679740011,1.89503779888091,1.93060518519246,1.63893831305061,404.093445011116,411.677777578495,1.66969899747333,15.2,140.487513093709,18423.0340737444,0.9,75,43.77345,-79.4423416666667,988.1,6.57800058142451,7.27779404546365,0.3,37.2042895360782,28.5,277.6,179.2,0.2,0.4
2018-08-09 17:06:48.700,203.4,42.2540808244834,1.89446038788141,1.92995432479575,1.65096913649258,403.872882854244,411.439776483208,1.68190157559338,9.6,140.467189319137,18391.2323828534,0.9,75,43.7734483333333,-79.4423366666667,988.1,6.57956332979641,7.28041878170205,0.1,37.2051324016248,28.5,209,113.5,0.4,0.8
2018-08-09 17:06:49.700,203.5,42.2534722818664,1.89299208689961,1.92832968543041,1.63488715888803,404.292986257699,411.840206086292,1.66540768983616,15.7,140.460585006122,18325.6480195832,1,75,43.7734466666667,-79.4423333333333,988.1,6.58285205806041,7.27417432145218,0.1,37.2062009381037,28.5,216.7,131.3,0.5,1.2
2018-08-09 17:06:50.700,203.8,42.250585406828,1.89269980303,1.92809278647611,1.4428855377817,403.830020759601,411.381463604767,1.46986545302309,14.4,140.471564842944,18356.2530025187,1.7,74.9,43.773445,-79.44233,988.3,6.57981204683419,7.27648683812692,0.3,37.2070301795777,28.5,210.9,148.7,0.5,1.3
2018-08-09 17:06:51.700,204.1,42.2548083408063,1.89699496130673,1.9323934033089,1.63967325672132,403.929996330838,411.46737751473,1.67026795465479,13.4,140.436429449393,18318.3335834502,1.7,74.9,43.773445,-79.4423266666667,988.2,6.57665813984709,7.27682586507067,0.5,37.2081498437434,28.5,220.1,148.4,0.8,1.6
2018-08-09 17:06:52.700,204.2,42.2518527881085,1.89264917616618,1.92792011788596,1.55038330870069,404.372116728142,411.907866482308,1.57927552335757,12.1,140.49366084655,18294.602813306,1.7,74.9,43.7734466666667,-79.442325,988.1,6.58253882131407,7.2773220867004,0.7,37.208993462045,28.5,202.8,90.8,0.4,0.3
2018-08-09 17:06:53.700,204.2,42.2552186170882,1.89382802223117,1.92921611719526,1.64967496441893,403.875581806385,411.42236371916,1.68050115562508,11.8,140.44243568792,18343.0321897727,1,75,43.7734466666667,-79.4423233333333,988.2,6.57974718108631,7.28150542573938,0.5,37.210136780666,28.5,214.6,130.9,0.1,0.4
2018-08-09 17:06:54.700,204.1,42.257040025538,1.89364353000529,1.92911732838028,1.6061999416663,403.869107185229,411.434976738352,1.6362895485137,7.8,140.485578618742,18388.9499211052,4.8,75,43.7734466666667,-79.4423216666667,988.2,6.58100841764553,7.28104480185608,0.5,37.2108943737673,28.5,201.7,135.2,0.3,0.5
2018-08-09 17:06:55.700,204,42.2559639735717,1.89327697005102,1.9287181453877,1.64291810043595,404.034037212849,411.597383399364,1.67367262292525,8.2,140.450006911799,18375.4956263734,2.1,75,43.7734466666667,-79.4423216666667,988.2,6.58098538523234,7.27328146687055,0.5,37.2121737455991,28.5,223.6,166.2,0.6,1.2
2018-08-09 17:06:56.700,204,42.2605845891065,1.89314832993689,1.92871934220204,1.45599432337244,403.815210708842,411.402540211596,1.48334913562304,5.7,140.420725209952,18442.4636936623,2.1,75,43.7734466666667,-79.44232,988.2,6.57919227087668,7.27874069732217,0.7,37.2133921719018,28.5,226,154.5,0.7,1.1
2018-08-09 17:06:57.700,204,42.2475445053399,1.89390984713827,1.92936856212758,1.398355021317,403.741201101986,411.300249085791,1.42453587353778,358.5,140.487451226814,18378.3581511229,0.9,75,43.773445,-79.44232,988.2,6.57880589879679,7.27917760292361,0.9,37.2140795014056,28.5,221.8,167.3,0.6,1.1
2018-08-09 17:06:58.700,203.9,42.246957454269,1.89031535430135,1.92571784046455,1.51941605846785,403.129172801011,410.679053963063,1.54787150042512,358.7,140.424556660371,18383.8485125555,1.7,75,43.773445,-79.4423183333333,988.2,6.58069523675063,7.27419085277625,0.7,37.2152096892595,28.5,222.5,158.2,0.7,0.9
2018-08-09 17:06:59.700,203.7,42.2359539933303,1.8928689241565,1.92834122460784,1.481716355402,403.307666136765,410.865574115883,1.50948351056529,350.3,140.465601396433,18395.189997643,1.7,75,43.7734416666667,-79.4423183333333,988.1,6.58104882156283,7.28147060371901,0.7,37.2160095772988,28.5,216.2,158.6,0.5,0.8
2018-08-09 17:07:00.700,203.5,42.2318735488927,1.89119643587601,1.92637020043507,1.23797801032454,403.761848412921,411.271270213124,1.26100627158761,348.1,140.469884580187,18259.1088691862,1.7,75,43.77344,-79.4423183333333,988.1,6.58095337133623,7.27897330158055,0.5,37.2169769617945,28.5,198.3,124.5,0.5,0.7
2018-08-09 17:07:01.700,203.4,42.2335300775563,1.89398169898101,1.92943622747615,1.68460568268071,403.687611432768,411.24439092863,1.71614645790085,349.4,140.44405704592,18375.3570978003,1.7,75,43.7734366666667,-79.4423183333333,988.1,6.57633355958892,7.27625080908609,0.5,37.2183255335499,28.5,218.8,179.2,0.3,0.2
2018-08-09 17:07:02.700,203.4,42.2304424833064,1.89416383589272,1.92961867650698,1.425629795806,403.3577673191,410.907732549445,1.45231524470159,345.1,140.480814934681,18373.94772939,1.7,75,43.773435,-79.4423183333333,988.2,6.57584644765834,7.277534227061,0.5,37.219086343953,28.5,202.5,179.2,0.4,0.3
2018-08-09 17:07:03.700,203.5,42.2336771862155,1.89389004290166,1.92950965880724,1.59810297827537,403.334813295987,410.920625432572,1.62816071498027,339.4,140.45837066373,18460.3489905887,1.7,75,43.773435,-79.4423183333333,988.1,6.57134793263264,7.2815724581274,0.3,37.2199643405193,28.5,165.1,233.3,0.2,0.4
2018-08-09 17:07:04.700,203.4,42.2335207690369,1.89073717476956,1.92619154156038,1.57977302957289,403.572235007149,411.139685294207,1.60939622008173,342.7,140.495536554458,18406.0078149923,1.7,75,43.7734333333333,-79.44232,988.1,6.58416269618043,7.28303783920523,0.3,37.2206298227239,28.5,355.4,269.8,0.1,0.2
2018-08-09 17:07:05.700,203.3,42.2331680577376,1.89178482741083,1.92720180795702,1.58823489288762,403.905993721385,411.467648569243,1.6179688834726,348.4,140.455778569617,18377.2217573721,1.7,75,43.7734333333333,-79.44232,988.2,6.5824704273892,7.27009189595659,0.1,37.2215516033801,28.6,108.2,0.4,0.2,0.3
2018-08-09 17:07:06.700,203.2,42.2311818569671,1.89395014953438,1.92959375570664,1.72959521806156,403.796005695048,411.395250572001,1.76214658058228,351.1,140.47373001563,18471.8179061503,1.7,75,43.7734333333333,-79.4423216666667,988.2,6.57379136349536,7.27003767118721,0.3,37.2231384259727,28.6,94.1,0.4,0.2,0.3
2018-08-09 17:07:07.700,203.1,42.2374538000243,1.89229062303856,1.92776397846977,1.55774238900377,403.753977800754,411.322961841625,1.58694576620849,331.9,140.460854737866,18401.4468957548,1.7,75,43.7734333333333,-79.4423233333333,988.2,6.58346257924827,7.27251606580708,0.1,37.2237744313344,28.6,103,0.4,0.2,0.4
2018-08-09 17:07:08.700,202.8,42.2464988469879,1.8946030137805,1.93021484360279,1.63022688895126,403.889233136209,411.480952845978,1.66086994312673,322.5,140.408467967431,18449.8511661324,1.7,75,43.773435,-79.442325,988.1,6.57818106944805,7.27981371686965,0.1,37.2252808249751,28.6,88.3,0.4,0.2,0.4
2018-08-09 17:07:09.700,202.7,42.2381630861564,1.89094968442613,1.9265116667368,1.60628497744034,403.963757328877,411.560967975819,1.63649319694247,312.2,140.497027123643,18459.5284552547,1.7,75,43.773435,-79.4423266666667,988.1,6.58366644952496,7.27817437497693,0.3,37.2257991711636,28.6,87.2,0.4,0.2,0.3
2018-08-09 17:07:10.700,202.4,42.2384157497396,1.89279768896324,1.92828139549827,1.69452845237441,404.33021948732,411.909987473372,1.72629538054786,294.6,140.426687767769,18401.5013916978,1.7,75,43.7734333333333,-79.4423283333333,988.1,6.58408290063855,7.27470176187693,0.3,37.2270399447488,28.6,93.5,0.4,0.3,0.4
2018-08-09 17:07:11.700,202,42.2345526325288,1.89191174686243,1.92749084862698,1.51578206947773,404.344478973988,411.948440285599,1.54428619653058,305.9,140.451968208099,18458.4912773932,1.7,75,43.7734333333333,-79.4423316666667,988.2,6.57697368388579,7.27798359792436,0.5,37.2290534482435,28.6,108.2,40.5,0.3,0.6
2018-08-09 17:07:12.700,201.8,42.2339191933218,1.88865167645522,1.92414282568684,1.79395300417475,404.040799912649,411.633526021543,1.82766421832909,308.2,140.476753375077,18445.2245626972,1.7,75,43.7734333333333,-79.4423333333333,988.1,6.58751649015659,7.27982156228464,0.5,37.2287279510528,28.6,111.3,33,0.5,0.9
2018-08-09 17:07:13.700,201.5,42.2397383908486,1.89313320510499,1.92879927283491,1.51443982237002,404.54114868893,412.162677953825,1.54297118487307,309.5,140.428046442874,18491.5568238326,1.7,75,43.7734316666667,-79.4423366666667,988.3,6.58474542619354,7.27720920611485,0.5,37.229648911098,28.6,99.2,0.4,0.5,0.8
2018-08-09 17:07:14.700,201.2,42.2380900586065,1.89121270817635,1.92656804457862,1.65629244380172,404.251898177487,411.809225516548,1.68725612897074,310,140.468912330093,18351.4345126981,1.7,75,43.7734316666667,-79.4423383333333,988.1,6.58301185157369,7.27792763743274,0.5,37.2304837638719,28.6,64.4,329.6,0.4,0.8
2018-08-09 17:07:15.700,201.1,42.2405108817179,1.89177975684578,1.92724395545956,1.61833534450885,404.473029019416,412.055557482089,1.64867302920382,311.7,140.44956137939,18401.5929076209,1.7,75,43.7734316666667,-79.4423383333333,988.2,6.58325457379841,7.27808967321894,0.5,37.2314403306442,28.6,70.2,337.7,0.5,0.8
2018-08-09 17:07:16.700,201,42.2388284911687,1.89277424231453,1.92835049146059,1.47500218127573,404.33062254518,411.930161508774,1.50272510626918,312.9,140.485311076402,18448.8243230079,1.7,75,43.7734333333333,-79.44234,988.1,6.57872836078011,7.27764722625172,0.5,37.2326508997752,28.6,71.9,336.1,0.5,0.9
2018-08-09 17:07:17.700,200.8,42.2391585433844,1.896510129872,1.93214530300627,1.6525281047377,403.726040921474,411.311983704185,1.68357941255089,323.6,140.464678107789,18443.3387877629,0.9,75.1,43.7734333333333,-79.4423416666667,988.2,6.57497169350261,7.27610310862803,0.7,37.2343755036662,28.6,59.8,327,0.7,1.5
2018-08-09 17:07:18.700,200.6,42.2403706412222,1.89116411417466,1.9267381297171,1.5183884721592,404.189812058901,411.79302643759,1.54695133154922,321.4,140.456323769235,18463.6689966354,0.9,75.1,43.773435,-79.4423433333333,988.1,6.58813683161978,7.27873969663558,0.5,37.2349614313607,28.6,64.3,331.5,0.6,1.4
2018-08-09 17:07:19.700,200.3,42.2403014126459,1.89190576821641,1.92726222135092,1.74821316587631,403.802401970475,411.348615481513,1.78088300695837,323.9,140.504824614342,18345.017340451,1.7,75.1,43.7734383333333,-79.442345,988.1,6.58170202692543,7.28439451672807,0.5,37.2360330482488,28.6,71.6,339.6,0.7,1.1
2018-08-09 17:07:20.700,200,42.24188,1.892905,1.928435,1.521257,404.5359,412.1291,1.549812,298.7,140.4327,18424.37,0.9,75.1,43.77344,-79.442345,988,6.583438,7.281624,0.1,37.23689,28.6,71.4,0.4,0.5,1.1
2018-08-09 17:07:21.700,199.9,42.24029,1.892645,1.928281,1.645474,404.7337,412.3543,1.676456,353.1,140.5039,18480.76,0.9,75.1,43.7734416666667,-79.4423466666667,988.1,6.57647,7.281923,0.1,37.23743,28.6,69.7,0.4,0.6,1.1
2018-08-09 17:07:22.700,199.8,42.23418,1.892148,1.927736,1.956668,404.7419,412.3543,1.993469,359.1,140.464,18460.97,0.9,75.1,43.7734433333333,-79.4423466666667,988.1,6.582723,7.279748,0.1,37.23843,28.6,79.9,349.8,0.6,1.3
2018-08-09 17:07:23.700,199.7,42.23554,1.891911,1.927399,1.645509,404.4961,412.0837,1.676376,352.1,140.4175,18412.68,1.7,75,43.7734433333333,-79.4423466666667,988.1,6.582517,7.28457,0.1,37.23945,28.6,71.4,348.9,0.6,1.3
2018-08-09 17:07:24.700,199.6,42.2304948602743,1.891356291838,1.92686035487823,1.52888394217955,405.338128576224,412.946939608264,1.55758457713029,173.7,140.49794707541,18425.8160089626,0.9,75,43.773445,-79.4423466666667,988.1,6.58380360228932,7.27807960661956,0,37.2401409608768,28.6,78.9,7.6,0.8,1.4
2018-08-09 17:07:25.700,199.5,42.2351687650591,1.89270498721683,1.92821619806325,1.44987901236286,405.639080821352,413.24965213261,1.47708132187296,174.4,140.421265287631,18416.4025992714,1,75,43.773445,-79.4423466666667,988.2,6.57516573651013,7.28421820224507,0.1,37.2414824171995,28.6,58.6,344.2,0.5,1
2018-08-09 17:07:26.700,199.5,42.23513,1.89325124309943,1.92885969585236,1.48684285427418,406.407810447405,414.051512560261,1.51480629801554,20.5,140.470454083588,18460.6703390925,1,74.9,43.7734466666667,-79.442345,988.2,6.57733638035569,7.27389215838482,0,37.2425133618275,28.6,44.8,334.6,0.6,1.3
2018-08-09 17:07:27.700,199.5,42.2352571377383,1.89020237534541,1.9255964111189,1.59450726479939,406.640932535374,414.255212710333,1.62436515917502,348,140.472544165128,18380.6947490871,0.9,75.1,43.7734466666667,-79.442345,988.1,6.58007562757057,7.27943283693225,0.1,37.2433689090701,28.6,50.3,339.7,0.8,1.5
2018-08-09 17:07:28.700,199.5,42.2391357259711,1.89113252082246,1.92668319187179,1.70973591901992,407.330563468804,414.987733454967,1.741876821385,332.8,140.43425213888,18451.6128478942,0.9,75.1,43.7734466666667,-79.4423433333333,988.1,6.57986890154778,7.28025189393438,0,37.2442823748109,28.6,91.6,347.2,0.6,1
2018-08-09 17:07:29.700,199.5,42.2338302291986,1.89203749854603,1.92756705728403,1.74279244652846,407.318974794401,414.967965338787,1.77552036029,130.5,140.486400569091,18432.7764178735,0.9,75.1,43.7734466666667,-79.4423416666667,988.1,6.57915361545971,7.28305172486795,0.1,37.2450842694099,28.6,45.2,328.4,0.5,0.9
2018-08-09 17:07:30.700,199.5,42.2334559895687,1.89179172650973,1.92730551091083,1.59484152178434,407.462922029505,415.112022722922,1.62478014580021,126.7,140.445785304345,18426.7576945364,0.9,75.1,43.773445,-79.44234,988.1,6.57332257769485,7.28228792716116,0,37.2458724263619,28.6,28.8,333.9,0.4,0.6
2018-08-09 17:07:31.700,199.6,42.2317778200821,1.89155275697374,1.9270119400248,1.8172815524776,408.294961774074,415.94895238692,1.85135145000915,9.5,140.492404745797,18401.0486467961,0.9,75.1,43.773445,-79.44234,988.2,6.58340913950956,7.28036605110174,0.1,37.2467762529325,28.6,29.2,0.4,0.2,0.4
2018-08-09 17:07:32.700,199.6,42.2283396487983,1.89271156449682,1.9279877464364,1.40539311118483,407.518065294938,415.113501182518,1.4315903096148,168.4,140.460381932334,18297.0867301115,0.9,75.1,43.773445,-79.4423383333333,988.1,6.57906328248995,7.28613832856576,0.5,37.2477997114612,28.6,63.4,343.3,0.3,0.6
2018-08-09 17:07:33.700,199.5,42.2319319103464,1.88905203142937,1.9245608436784,1.70035371358919,409.071818587459,416.761380943446,1.73231523482986,171.1,140.465039004389,18450.6891779544,0.9,75.1,43.773445,-79.4423383333333,988.1,6.58434055981939,7.28120615647146,0.3,37.2491709669006,28.6,49.5,19.2,0.3,0.6
2018-08-09 17:07:34.700,199.3,42.2326102900047,1.89060447093362,1.92621815362012,1.70372338999069,409.132483161602,416.839461539223,1.73581561159714,173.4,140.497924298881,18489.026325673,0.9,75,43.773445,-79.4423383333333,988.1,6.57790902398581,7.28574095832281,0.3,37.2498520126767,28.6,84.3,0.4,0.3,0.5
2018-08-09 17:07:35.700,199,42.2376469779522,1.89317839623428,1.92864043569675,1.83900886861089,410.084047625118,417.765419589846,1.87345943817823,173.2,140.432892705251,18386.8602987439,0.9,75.1,43.7734433333333,-79.4423383333333,988.1,6.58003543621439,7.28459349939092,0.3,37.2506776399523,28.6,54.9,0.4,0.3,0.5
2018-08-09 17:07:36.700,198.8,42.2344417737748,1.89364186760024,1.92885856717775,1.47813453835998,410.04312144692,417.668731091873,1.50562522925107,181.5,140.502964832847,18257.6407064067,1.7,75,43.7734416666667,-79.44234,988.2,6.58428319187586,7.28625486634045,0.3,37.2520387010601,28.6,50.5,0.4,0.2,0.3
2018-08-09 17:07:37.700,198.7,42.2322439038382,1.89056808634485,1.92589631022045,1.82876451743239,410.324453566285,417.991914567073,1.8629363004931,183.3,140.460030577305,18343.5370913595,1.7,75,43.7734416666667,-79.4423383333333,988.2,6.58273388546108,7.28568423005708,0.3,37.2529935116918,28.6,139,90.8,0.1,0.3
2018-08-09 17:07:38.700,198.7,42.2372587469562,1.89090561177439,1.92636585344196,1.6722515295543,410.74241717551,418.445037428662,1.70361091440865,180.8,140.426166891103,18407.5832934424,1.7,75,43.7734416666667,-79.4423383333333,988.2,6.5833006502201,7.28591862396864,0.1,37.2539414806637,28.6,107.5,90.8,0.2,0.3
2018-08-09 17:07:39.700,198.5,42.2348483215341,1.89165011552289,1.92714700075254,1.74494527127635,410.979648243862,418.69166512085,1.77769034644504,177.4,140.487220532818,18419.2585304905,0.9,75,43.77344,-79.4423383333333,988.1,6.57940385209099,7.28647070708938,0.1,37.2545356773024,28.6,58.9,0.4,0.2,0.4
2018-08-09 17:07:40.700,198.4,42.2479289609558,1.88938066224215,1.92474979519819,1.53717652372282,411.753300410462,419.461301080444,1.56595182065311,189.6,140.421739996571,18375.9686375119,0.9,75.1,43.7734383333333,-79.4423383333333,988.2,6.58316263832379,7.28579764386888,0.3,37.2555663798091,28.6,23.9,304.1,0.3,0.5
2018-08-09 17:07:41.700,198.4,42.2466266231163,1.89396683194106,1.92939935072248,1.74881968027432,412.258325502533,419.970944205424,1.78153724255444,166.6,140.470324396985,18364.6790072272,0.9,75,43.7734383333333,-79.4423383333333,988.1,6.57845625188435,7.2817452704772,0.1,37.256765603015,28.6,353.1,233,0.3,0.5
2018-08-09 17:07:42.700,198.5,42.2424090712827,1.89304264902569,1.92842292490349,1.76242579971059,412.130284571873,419.832752454564,1.79536500855793,148.2,140.46703433645,18346.6816705577,1.7,75,43.7734366666667,-79.4423383333333,988.1,6.57929449324741,7.2827705143624,0.1,37.257654607088,28.6,322.2,251.8,0.6,1.2
2018-08-09 17:07:43.700,198.6,42.2404809643663,1.89014124410646,1.9255263182068,1.7500413102624,412.051967594428,419.765919730574,1.78280361428382,351.8,140.445058447101,18376.823898243,1.7,75,43.773435,-79.4423366666667,988.2,6.58243098581461,7.28268059776849,0.1,37.2593430207413,28.6,329.1,261.1,0.8,2.3
2018-08-09 17:07:44.700,198.6,42.2373708233322,1.89206572145932,1.9274552839998,1.45372542596433,412.179455873052,419.889112773705,1.48091429520653,344.1,140.478746260525,18360.968541602,1.7,75,43.7734333333333,-79.442335,988.1,6.57513573302527,7.28673812458022,0.1,37.2602188354043,28.6,332.1,269.8,0.9,1.9
2018-08-09 17:07:45.700,198.7,42.2436731973544,1.8929190541499,1.92814749605303,1.64013788789593,412.673479295923,420.353702410922,1.67066272002723,336.5,140.445013309151,18270.6943016852,1.7,75,43.7734333333333,-79.4423333333333,988.2,6.5790854322593,7.28177736714308,0.1,37.2614960960102,28.6,244.8,179.2,0.3,0.9
2018-08-09 17:07:46.700,198.7,42.2430182088016,1.89011408111259,1.92530860076506,1.81058853769586,412.832395499129,420.519520650702,1.8443022875683,355.2,140.494804769099,18280.0501119089,0.9,75,43.7734333333333,-79.4423316666667,988.2,6.5823871230143,7.28385287928032,0.3,37.2623561799037,28.6,163.4,90.8,0.2,0.4
2018-08-09 17:07:47.700,198.7,42.245066681725,1.89411414585327,1.92940378581777,1.67481260427209,413.694793247831,421.402565825007,1.70601669962577,352.1,140.456401680647,18290.5801798975,0.9,75.1,43.7734316666667,-79.44233,988.2,6.57706835425455,7.28242763442411,0.3,37.263718112832,28.6,72.5,353.5,0.8,2.3
2018-08-09 17:07:48.600,198.7,42.2467997728506,1.89489893159707,1.93020440826669,1.5732660589764,413.802739172276,421.512552920026,1.60257939069724,344.3,140.476849938456,18290.8407336944,1,75.1,43.7734316666667,-79.4423283333333,988.2,6.57446196989982,7.28781356850215,0.3,37.2645665448144,28.6,80.7,15.4,1.1,2
2018-08-09 17:07:49.700,198.8,42.2449155227533,1.89014952240393,1.92544705032131,1.59175014506723,415.240745631037,422.995091701671,1.62147454149319,311.3,140.491853280282,18332.1406127893,1,75.1,43.7734316666667,-79.4423266666667,988.1,6.57731170414586,7.28492526326143,0,37.2655103573424,28.6,124.3,65,0.7,1.2
2018-08-09 17:07:50.700,198.7,42.2494036742085,1.89190785564972,1.92728496636582,1.36642892503875,416.192736750254,423.975247389353,1.3919798224812,34.1,140.434348736052,18356.0953926181,0.9,75.1,43.77343,-79.442325,988.2,6.57821269956915,7.28956041961714,0,37.266691078327,28.6,147.2,113.8,0.7,1.2
2018-08-09 17:07:51.700,198.6,42.241548592989,1.8906003547705,1.92595253999219,1.66380113909905,417.041214679392,424.839411771326,1.69491094998871,311.2,140.497253575589,18355.659974446,1.7,75.1,43.7734266666667,-79.4423233333333,988.2,6.57728925081268,7.28385744172219,0,37.2673144375432,28.6,229.1,170.4,1,2.3
2018-08-09 17:07:52.700,198.5,42.2377327893665,1.89411649596726,1.92964438202734,1.61207405855153,418.0792305668,425.921035060426,1.64231061657232,212.2,140.437670617678,18411.3491346428,1.7,74.9,43.773425,-79.4423216666667,988.1,6.57696227907491,7.28623497008858,0,37.2686135531446,28.6,259,188.3,1.4,2.5
2018-08-09 17:07:53.700,198.5,42.2348985981535,1.89480028019976,1.93029256825218,1.84238855740874,419.305946185868,427.160193391052,1.87690068857048,203,140.435851592312,18387.1169195685,1.7,74.9,43.7734233333333,-79.44232,988.2,6.57604277107208,7.28578111056588,0,37.2690882585467,28.6,276.2,107.7,0.4,0.8
2018-08-09 17:07:54.700,198.4,42.2376869408772,1.8924063577507,1.92779934788405,1.63903968765169,418.99263027672,426.828988583203,1.66969463665347,323.1,140.480199670085,18359.5700829411,0.9,74.9,43.7734216666667,-79.4423183333333,988.2,6.57633936352422,7.28468285030449,0,37.2700669161335,28.6,204.1,143,1,2.5
2018-08-09 17:07:55.700,198.3,42.2431283692257,1.89427952388685,1.92979414135987,1.60005057442025,419.811226276323,427.68203229791,1.63004891997609,314.7,140.424387566377,18403.3876139239,1.7,74.9,43.7734183333333,-79.4423166666667,988.2,6.57874389909068,7.28498898884209,0,37.2712272814355,28.6,254.2,174.5,1.9,3.2
2018-08-09 17:07:56.700,198.3,42.2414562674346,1.89652341143487,1.93203680588729,1.66990531805047,419.435522758142,427.289705968922,1.70117383740214,247.8,140.469707905272,18381.4695420598,1.7,75,43.7734166666667,-79.442315,988.2,6.57877446712064,7.29309559107488,0,37.2722115648307,28.6,260.4,190.8,1.7,3
2018-08-09 17:07:57.700,198.2,42.243320115198,1.89411362237025,1.9295266927781,1.84338169783615,419.840712652564,427.69015865218,1.87784604408832,189.1,140.463115425547,18353.2150267418,0.9,74.9,43.7734166666667,-79.4423133333333,988.3,6.57998755382796,7.28143908535604,0.1,37.2732174930743,28.6,248.8,174.5,1,3.2
2018-08-09 17:07:58.700,198.1,42.2414563873243,1.89542016016324,1.93088486159073,1.6642194188107,419.732712738448,427.586146940956,1.6953579439349,260.6,140.453978460232,18366.8071381878,0.9,75,43.773415,-79.4423133333333,988.2,6.57368410241732,7.28409506450483,0,37.2744867411498,28.6,245,175.4,2.6,4.5
2018-08-09 17:07:59.700,198.1,42.2431178189494,1.89452759638782,1.93002361936086,1.70441427809615,418.614059773325,426.45721984779,1.73634729752391,327.8,140.46996836455,18391.350396885,0.9,75,43.7734133333333,-79.4423116666667,988.1,6.57512101699312,7.28806080641281,0.1,37.2750310741872,28.6,234.1,173.1,1.5,3.3
2018-08-09 17:08:00.700,198.1,42.2455783448119,1.89512209552018,1.93069834801631,1.60671753168125,417.698076773717,425.539443248164,1.63687996528675,336.4,140.43800057666,18426.8080175139,0.9,75,43.7734133333333,-79.44231,988.1,6.58018217096431,7.28975889332124,0.1,37.2760577318598,28.6,256.7,189.5,2.1,4.9
2018-08-09 17:08:01.700,198.1,42.2404301337248,1.89405336592191,1.92959827759852,1.59999315107418,416.355764069711,424.169405463426,1.6300186996522,337.6,140.492635066096,18421.0043448205,0.9,75,43.7734116666667,-79.4423066666667,988.2,6.57880228133793,7.29152065916283,0.1,37.2767641676046,28.6,259.6,187.5,3.2,7
2018-08-09 17:08:02.700,198.2,42.2369634858128,1.89258724563381,1.92802093770108,1.77309528940932,415.737252852657,423.520722163565,1.80629166788003,339.6,140.456396236313,18378.1294510739,0.9,75,43.7734116666667,-79.442305,988.2,6.58280601227417,7.28448223497,0.1,37.2777292275637,28.6,257.5,173.1,2.7,4.5
2018-08-09 17:08:03.700,198.2,42.2380198681391,1.89506108539432,1.93057741372143,1.9183379975333,414.642958029468,422.413960154842,1.9542844551514,171.7,140.478307035428,18396.6909497931,0.9,74.7,43.7734133333333,-79.4423033333333,988.2,6.58129239021304,7.28352970394353,0,37.2784366324726,28.6,240.8,182.4,2.3,4.4
2018-08-09 17:08:04.700,198.3,42.243904645816,1.89685601246747,1.93254920830092,1.62606919036051,413.065281687548,420.837961375593,1.65666640484151,162.4,140.456911355472,18469.5166149424,0.9,75,43.7734133333333,-79.4423033333333,988.2,6.57680653234177,7.28550586151034,0.1,37.2794376978711,28.6,251.7,174.6,2.3,3.8
2018-08-09 17:08:05.700,198.4,42.2433101947896,1.89679854171366,1.9324794442093,1.79041338643721,412.039940216325,419.791032072817,1.82409369745019,163,140.435804929651,18464.0697820003,1.7,74.8,43.773415,-79.4423016666667,988.1,6.57582394740341,7.28590654262449,0.1,37.2807627437609,28.6,233.8,164.2,1.1,2.9
2018-08-09 17:08:06.700,198.5,42.2386377812105,1.89364107115413,1.92928062739622,1.81146157106773,410.187285505253,417.907390696456,1.84555532908318,165.3,140.490987298092,18473.2106295601,1.7,74.7,43.773415,-79.4423,988.1,6.57590153725535,7.29193298192547,0.1,37.2809679326409,28.6,242.9,179.2,1.7,4.4
2018-08-09 17:08:07.700,198.7,42.2393448082075,1.89708283169816,1.93270972974662,1.75439319342964,409.653835176421,417.347031273345,1.78734001631029,166.9,140.441962543722,18433.7284441281,1.7,75,43.773415,-79.4423,988.2,6.57019744070844,7.28391180477801,0.1,37.2816671076707,28.6,258.2,185.1,2.2,4.5
2018-08-09 17:08:08.700,198.7,42.242610773821,1.89409133395687,1.92963065247694,1.73358743814496,407.615402546578,415.263624818333,1.76611460488447,158.7,140.470550921021,18417.76824432,1.7,75,43.773415,-79.4422983333333,988.3,6.57663079315629,7.28576316343536,0.1,37.2828543182811,28.5,267.6,195,2.3,4.4
2018-08-09 17:08:09.700,198.7,42.2451362156046,1.89400356910835,1.92933954593607,1.83285714847737,406.272337125908,413.851854146253,1.86705854631245,226.6,140.472343101806,18314.7616132733,1.7,75,43.773415,-79.4422966666667,988.1,6.57777798608306,7.29315542742938,0,37.2836288489393,28.5,259,192.4,2.2,4.8
2018-08-09 17:08:10.700,198.7,42.2481609991187,1.89551422338701,1.93105247706297,1.96838169585154,405.291038158081,412.889599079274,2.00528951619577,165.4,140.43465112482,18403.4174905611,1.7,75,43.7734166666667,-79.4422966666667,988.2,6.57532680077458,7.29303301159149,0,37.2849187815761,28.5,245.1,181.2,1.5,4.5
2018-08-09 17:08:11.700,198.7,42.2442919853844,1.89273183464101,1.92811118229325,1.56139028355583,404.834133190243,412.401319212081,1.59057753522308,134.2,140.490508023518,18349.0399002902,1.7,74.8,43.7734166666667,-79.4422966666667,988.2,6.57922119616953,7.28708014832417,0.1,37.2856224959261,28.5,254.2,175,2.2,4.2
2018-08-09 17:08:12.700,198.8,42.2457043837462,1.89438725199771,1.92968422430331,1.58727338182855,404.373802085077,411.908266306472,1.61684899968323,155.3,140.459802519977,18291.5051947013,1.7,74.8,43.7734183333333,-79.4422966666667,988.2,6.57673072977948,7.28582247279251,0.1,37.2866228468137,28.5,259.6,182,2,3.5
2018-08-09 17:08:13.700,198.9,42.2469562437823,1.89421111313735,1.92956461643436,1.92130647198392,403.445983530513,410.975935703429,1.95716293463698,154.3,140.464777599973,18321.9889430725,1.7,74.8,43.77342,-79.442295,988.1,6.57536945108489,7.28593379458721,0.1,37.2874061227011,28.5,251.1,167.6,1.6,2.5
2018-08-09 17:08:14.700,199.1,42.2494181456648,1.89427473423102,1.92975607324333,1.72319202137105,403.057804749445,410.607513202151,1.75547085932687,144.8,140.464001629722,18386.5403021097,1.7,74.8,43.7734216666667,-79.4422933333333,988.2,6.5742549178564,7.28840584411994,0,37.2884764427954,28.5,237.5,162.5,0.9,1.3
2018-08-09 17:08:15.700,199.4,42.2533126523181,1.89674031846559,1.9321917470144,1.52413223685781,402.927652379281,410.45866642605,1.55261476026124,166.9,140.448104797501,18347.8552967204,1.7,74.8,43.773425,-79.4422933333333,988.3,6.57570709265099,7.28556309445242,0,37.2897727551828,28.5,212.9,59.1,0.3,0.5
2018-08-09 17:08:16.700,199.7,42.2486444934655,1.89611238872036,1.9314692601953,1.70126487468123,402.7205790013,410.230175483564,1.73298730771585,125.5,140.488993436163,18305.8506681887,0.9,74.8,43.7734266666667,-79.4422916666667,988.2,6.57411585771654,7.28565737467177,0,37.2905223592417,28.5,61.4,288.2,0.5,1.5
2018-08-09 17:08:17.700,199.8,42.2502001751287,1.89779232757025,1.93324070655537,1.65126191435182,401.759161383084,409.263341625552,1.68210358566065,103.6,140.455930691542,18335.9825684508,1.7,74.8,43.7734266666667,-79.4422916666667,988.2,6.57037672474475,7.29314919644874,0,37.291486160755,28.5,357.4,287.6,0.8,1.6
2018-08-09 17:08:18.600,199.9,42.2563776465172,1.89765942077517,1.93308820127939,1.77043309478149,401.61170542507,409.109563847789,1.80348472524694,123.9,140.48238483189,18327.3920819868,1.7,75,43.7734283333333,-79.4422916666667,988.1,6.57251444740245,7.28994104006739,0,37.2924882141703,28.5,46.8,354.2,0.7,1.7
2018-08-09 17:08:19.600,200,42.2589233604982,1.89797917579176,1.93350441348323,1.6942074169275,401.133805617119,408.641917116193,1.72591891973683,132.4,140.449351679719,18373.3376088023,1.7,75,43.7734316666667,-79.4422916666667,988.1,6.57210200528138,7.29159049543277,0,37.2936863652379,28.5,61.7,355.1,1.4,3
2018-08-09 17:08:20.700,199.9,42.2646700382912,1.89563613661731,1.93102392382147,1.6562787248051,401.518487558202,409.014158703094,1.68719914727965,156.9,140.441842743894,18326.1833892649,0.9,75,43.7734316666667,-79.4422933333333,988.1,6.57939214127348,7.28728336617311,0.1,37.294728401193,28.5,80.4,38.1,1.3,1.6
2018-08-09 17:08:21.600,199.8,42.2628872178254,1.89671438186106,1.93216845844979,1.6237711497513,401.50174029375,409.006728235064,1.65412544338673,155,140.484854144356,18349.4146517479,1.7,75,43.7734333333333,-79.4422933333333,988.2,6.57381700337054,7.29284760391023,0.1,37.2954059065747,28.5,152.1,90.8,0.8,1.3
2018-08-09 17:08:22.700,199.9,42.2674323210477,1.89791354936987,1.93338224368535,1.4963341533654,401.522627864217,409.026348527323,1.52430270177627,154.5,140.440474442035,18345.3679335113,1.7,75,43.7734333333333,-79.4422933333333,988.2,6.57392145842815,7.29328107988996,0.1,37.2965058873671,28.5,209.9,110.2,0.6,1
2018-08-09 17:08:23.700,200.1,42.2685402516387,1.89723279410324,1.93280035807629,1.69695542685541,401.027025090767,408.545027620447,1.72876758043061,146.7,140.472251311362,18401.8073779405,0.9,75,43.773435,-79.4422933333333,988.2,6.57220467267026,7.29413022487981,0,37.2973130788146,28.5,198.9,128.5,1,1.6
2018-08-09 17:08:24.700,200.4,42.2695708087369,1.89712427352056,1.93259568020327,1.72728624448771,400.981695441571,408.479012651163,1.75957975961834,333,140.46588300722,18354.193294534,0.9,75,43.7734366666667,-79.4422916666667,988.1,6.57541916559155,7.2920823574004,0.1,37.2984416223946,28.5,282.8,252.9,0.6,1.6
2018-08-09 17:08:25.700,200.6,42.2753227785016,1.8970139994491,1.93236263236335,1.75927969453271,401.299206556824,408.776887570149,1.79206183528621,305.7,140.440770349125,18292.8055499903,0.9,75,43.7734366666667,-79.4422916666667,988.2,6.57770665813457,7.29183339330814,0.1,37.2995168420657,28.5,247.9,179.2,0.4,0.8
2018-08-09 17:08:26.700,200.8,42.268982447188,1.89501106702567,1.93032790184197,1.63306923977972,401.241962451953,408.719821851105,1.66350428816267,163.5,140.485873637588,18295.7490682595,0.9,75,43.7734383333333,-79.4422916666667,988.1,6.57858430785045,7.28845004226943,0.1,37.3002861457136,28.5,279.1,179.2,0.4,0.9
2018-08-09 17:08:27.700,200.9,42.2645528577363,1.89507169917504,1.93049971114988,1.69528186097381,401.745171035818,409.255748067485,1.72697744274995,151.7,140.462167154531,18351.8285412097,0.9,75,43.7734383333333,-79.4422916666667,988.2,6.5770596677614,7.28933184871454,0.3,37.301092162741,28.5,259,160.9,0.6,1.1
2018-08-09 17:08:28.700,201.1,42.2593006582424,1.89738248675795,1.93305121579129,1.74717702542572,400.999011448895,408.537440349802,1.7800211320797,151,140.470894719709,18452.2039472576,0.9,75,43.77344,-79.4422933333333,988.1,6.5757018963252,7.29069387326172,0.5,37.302045775767,28.5,219.6,206.8,0.2,0.5
2018-08-09 17:08:29.700,201.2,42.2551928979937,1.8977322351104,1.93342248482912,1.62746506300573,401.176134537943,408.721131216641,1.65807602990972,155,140.460787601372,18459.9464687987,0.9,75,43.7734416666667,-79.4422933333333,988,6.57493615407602,7.28827714270799,0.5,37.3029792296199,28.5,293.5,224.3,0.8,1.5
2018-08-09 17:08:30.700,201.2,42.2564199198812,1.89701010811584,1.93257320025251,1.59678304116746,401.551926227772,409.07974785986,1.62671632621828,153.2,140.447891137411,18401.8305104232,0.9,75,43.7734433333333,-79.4422933333333,988.1,6.57550691542464,7.28858151442445,0.3,37.3043218778411,28.5,329.9,135.7,0.7,0.5
2018-08-09 17:08:31.700,201.3,42.2565521836917,1.89541985433311,1.93095759566376,1.77801999479946,401.099091218017,408.619383492722,1.81135627462542,160.2,140.45928778962,18404.2419653395,0.9,75,43.773445,-79.4422933333333,988.1,6.57585095355244,7.29270731222807,0.3,37.3052080291858,28.5,211.3,0.4,0.3,0.8
2018-08-09 17:08:32.700,201.5,42.255665878387,1.89511508267614,1.93065883930883,1.71429935175553,400.911793539395,408.43118243226,1.74645326692774,180.2,140.458313602486,18410.5083507619,0.9,75,43.7734466666667,-79.4422933333333,988,6.57382413975375,7.29322386168222,0.3,37.3057441653523,28.5,97.1,50.1,0.4,0.7
2018-08-09 17:08:33.700,201.9,42.2529065235514,1.895301840008,1.9307675306474,1.65861441748163,401.144368891675,408.650721912322,1.68965093065066,184.8,140.483141535369,18368.8106217666,0.9,75,43.77345,-79.4422916666667,988,6.57425100308652,7.29505543347292,0.3,37.3065181190622,28.5,163.4,179.2,0.6,1.4
2018-08-09 17:08:34.700,202.2,42.2525463884707,1.89578033819754,1.93123424875951,1.61763553226939,401.422942925244,408.930158001622,1.64788874685384,181.7,140.442303491388,18358.2765157222,0.9,75,43.77345,-79.4422916666667,988.2,6.57382244721801,7.29403034420463,0.1,37.3076084923621,28.5,312.6,252.5,0.9,1.3
2018-08-09 17:08:35.700,202.4,42.2503163667308,1.89685682899345,1.93236574321756,1.48220094119985,401.364509234347,408.878034749018,1.50994492134001,19.6,140.444581515595,18375.8812588371,0.9,74.8,43.77345,-79.4422916666667,988,6.57287756052984,7.29644882826646,0.1,37.3086073156103,28.5,40.5,335,0.8,1
2018-08-09 17:08:36.700,202.6,42.2441036326012,1.89661691323263,1.93225649270592,1.44522565476523,401.650907502004,409.19833256541,1.47238299723906,36.9,140.476108962804,18444.3106043189,0.9,74.8,43.7734516666667,-79.4422916666667,988.1,6.56991311373194,7.29540944116068,0.5,37.3094205282327,28.5,55.3,335.4,0.8,1.9
2018-08-09 17:08:37.700,202.8,42.245780604867,1.89540253363231,1.93103373777104,1.59214365974557,401.933670672027,409.489592239888,1.62207377592605,41.7,140.45358519665,18451.9617270747,0.9,74.9,43.77345,-79.4422933333333,988.1,6.57189826700124,7.29421875923597,0.7,37.3104111420578,28.5,53.3,340,0.9,1.4
2018-08-09 17:08:38.700,203,42.2446730578409,1.89423535109752,1.92982160587103,1.70145919632828,401.768854548431,409.316917044939,1.73342446678066,61.9,140.496602621938,18440.5228327488,0.9,75.1,43.77345,-79.4422933333333,988.1,6.57488174207512,7.29685541407681,0.7,37.3112903505231,28.5,67.9,351.7,0.6,1.9
2018-08-09 17:08:39.700,203.1,42.2474843030807,1.89548048892754,1.9310755561185,1.61695385822106,401.77294925177,409.317917443372,1.64731948723709,53.8,140.460238098532,18433.0481915509,0.9,75.1,43.77345,-79.4422933333333,988.1,6.5769654846302,7.29520504287802,0.9,37.3124173481086,28.5,92.8,28.9,0.6,2.1
2018-08-09 17:08:40.700,203.2,42.2499219739112,1.89702023296052,1.93264833165608,1.51291059939082,402.265506696208,409.820415261324,1.54132490889263,76.3,140.447230408433,18434.8232377202,0.9,75.1,43.77345,-79.4422933333333,988,6.57608140819738,7.29401908403965,0.7,37.3135569320693,28.5,52,289.9,0.8,3
2018-08-09 17:08:41.700,203.4,42.2498988161641,1.89560263736927,1.93125266005411,1.59812850518199,401.692259695902,409.246588917802,1.62818630484549,105,140.480226945251,18459.2215180381,1,75.1,43.7734483333333,-79.4422933333333,988,6.57449884575731,7.29738072005707,0.5,37.3142791690393,28.5,339.1,263.8,2,3.3
2018-08-09 17:08:42.700,203.6,42.249286428331,1.89609465714101,1.93182038637835,1.74507207021883,401.745389049592,409.314879831672,1.77795108419008,101.3,140.467532400622,18493.15018296,0.9,75.1,43.7734483333333,-79.4422916666667,988.1,6.5724210906513,7.29602232825327,0.3,37.3154438485045,28.5,356.4,282.5,1.5,2.7
2018-08-09 17:08:43.700,203.7,42.2474681335788,1.89563600881846,1.93134674148577,1.69114037321666,401.889080326874,409.459987932559,1.72299786508294,126.7,140.47545032261,18489.9895376158,0.9,75.1,43.7734466666667,-79.4422916666667,988.1,6.57221997755427,7.29508948623578,0.3,37.3163261072222,28.5,315.9,212.2,1.3,2.1
2018-08-09 17:08:44.700,203.9,42.2443980232471,1.89497532515323,1.93051089039841,1.76166581900285,401.717275128197,409.250491967037,1.79469769034572,119,140.458864308753,18407.2835226494,1.7,75.1,43.7734466666667,-79.44229,988.1,6.57267129661945,7.29578999246897,0.3,37.3173237726118,28.5,309,237.1,0.7,0.7
2018-08-09 17:08:45.700,204.1,42.240720242482,1.89595524403501,1.93141219537222,1.74630931402837,401.321931644683,408.827282887598,1.77896513741337,136,140.45524637109,18358.0873759602,0.9,75.1,43.773445,-79.44229,988,6.57420707829105,7.2984976118624,0.3,37.3183036594159,28.5,332.3,304.7,0.3,0.8
2018-08-09 17:08:46.700,204.3,42.2397249671212,1.89587140892457,1.93144531484275,1.63517652055268,401.458435255771,408.991534626345,1.66586100023708,135.2,140.455661023972,18418.5593087856,0.9,75.1,43.773445,-79.44229,988.1,6.57777102742906,7.29819610082364,0.1,37.3192009908401,28.5,238,141.6,0.5,1.4
2018-08-09 17:08:47.700,204.5,42.2389431868378,1.89679599163944,1.93246009786736,1.64308467479001,401.303941892085,408.849509384373,1.67398009245892,148.8,140.461573165824,18455.531320249,0.9,75.1,43.7734433333333,-79.44229,988.1,6.57545886033008,7.29724140832474,0.1,37.3204554669826,28.5,227.7,152.1,1.7,3.9
2018-08-09 17:08:48.600,204.7,42.23948421182,1.89670995822818,1.93232138462087,1.65254746728678,400.758646987264,408.283078836448,1.68357449674459,96.1,140.48204972533,18429.3420964468,1,75.1,43.7734433333333,-79.4422883333333,988.1,6.57240630228247,7.30133300823414,0.1,37.3215555020831,28.5,226.3,172.1,1.4,2.7
2018-08-09 17:08:49.700,204.9,42.2426006997258,1.89379808091768,1.92936688244714,1.79265390735653,401.02964143392,408.561695397359,1.82632343384731,115.4,140.454178348669,18435.4745482179,0.9,75.1,43.7734416666667,-79.4422883333333,988,6.5771421624325,7.30001751867393,0.1,37.3224490048992,28.5,227.6,157.6,1.9,3.9
2018-08-09 17:08:50.700,205,42.2465427648534,1.89419734257039,1.92979934257039,1.72773113231008,401.429510746176,408.97452785379,1.76020489324836,91.6,140.474972389477,18448.6306536286,1,74.9,43.77344,-79.4422866666667,988.1,6.57441368225199,7.29416346354565,0.1,37.3233538162846,28.5,242.3,158.8,2.4,4.1
2018-08-09 17:08:51.700,205.1,42.2489157826538,1.89520352700261,1.93084167993933,1.67625121088945,401.723400964712,409.277623427587,1.7077738564957,123.1,140.466766896822,18457.5435401454,1,74.9,43.7734383333333,-79.442285,988,6.57331569327497,7.29588994694085,0.1,37.3242760096471,28.5,249.5,182.7,1.6,2.5
2018-08-09 17:08:52.600,205.2,42.2457829344767,1.89573298431061,1.93140939124541,1.68389299937102,401.489482056901,409.045305889349,1.71558357246212,119.9,140.457465582278,18471.8761680959,0.9,74.8,43.7734383333333,-79.4422833333333,988.1,6.57210063517088,7.29620397578053,0.1,37.3251876204165,28.5,255.9,173.8,1.2,2.7
2018-08-09 17:08:53.700,205.3,42.2405938476408,1.89548090028796,1.9312028068881,1.49070684763194,401.241725039479,408.803500755515,1.51879828744952,75.6,140.493181586316,18497.2250031627,0.9,75,43.7734366666667,-79.4422816666667,988.1,6.57106481714594,7.29692259866591,0.1,37.3262066230078,28.5,249.4,184.4,1.4,2.6
2018-08-09 17:08:54.600,205.4,42.2415114075942,1.89485940267434,1.93050351187846,1.51207007896244,401.371367439122,408.92147302867,1.54050454605973,63.5,140.455462166584,18463.4766363865,0.9,75,43.7734366666667,-79.44228,988,6.57394636751147,7.29638676031372,0.1,37.3270697190644,28.5,268.3,184,1.6,3.2
2018-08-09 17:08:55.700,205.5,42.2444965631041,1.89340614611995,1.92886940898965,1.71771201708371,401.335913344075,408.852977364574,1.74988853761103,65.3,140.447289013179,18385.7307156691,0.9,75,43.7734366666667,-79.4422783333333,988.2,6.57463130568109,7.29953365203491,0.1,37.3279707736457,28.5,262.5,192.6,1.6,2.8
2018-08-09 17:08:56.700,205.7,42.2485699487983,1.89429357306428,1.9298102997087,1.76485813040525,401.592312591798,409.121939927356,1.79794934361959,60.6,140.459140081956,18404.2669107335,0.9,75,43.7734366666667,-79.4422766666667,988.1,6.57433739494711,7.29816433938584,0.1,37.3288148297917,28.5,261.4,192.3,1.1,2.1
2018-08-09 17:08:57.700,205.8,42.2514211988854,1.89452788094895,1.92999846647616,1.66650774225604,401.560918302084,409.079146454435,1.69770872834056,60.4,140.465217426834,18378.342117238,0.9,75,43.773435,-79.4422733333333,988.1,6.57332915330985,7.30025522244262,0.1,37.3297488910353,28.5,245.1,179.2,0.9,1.4
2018-08-09 17:08:58.700,205.8,42.249217412357,1.89395523108418,1.92942367450344,1.61281582172431,401.336467599194,408.852336622343,1.6430181755578,69.2,140.476557103923,18382.8889821053,0.9,74.9,43.7734333333333,-79.44227,988,6.57600122792095,7.29829644196346,0.1,37.3307844000438,28.5,258.5,185.5,0.9,2
2018-08-09 17:08:59.600,205.8,42.247268975818,1.89502067953208,1.93057848974164,1.58020002578963,401.618194905523,409.154000698078,1.60985135077404,88.5,140.459756217095,18418.0801385854,0.9,75,43.7734316666667,-79.4422683333333,988.1,6.57839867596986,7.29544774873533,0.1,37.3316690478217,28.5,237,165.7,0.9,1.5
2018-08-09 17:09:00.600,205.8,42.2464307286951,1.89390947330113,1.92939592122766,1.67961003292352,401.710801667361,409.237610226107,1.7110776323693,91.5,140.461934767393,18392.3334454222,1,75,43.7734283333333,-79.4422666666667,988,6.57775298025598,7.29623122542365,0.1,37.3327168068274,28.5,256,179.2,0.4,0.4
2018-08-09 17:09:01.600,205.8,42.2455352648369,1.89288428507716,1.92826589333681,1.61592482056576,401.843717212024,409.354937423525,1.64612839363665,75.8,140.450636621397,18348.9775029584,1,75,43.7734283333333,-79.442265,988.1,6.57412448564035,7.30069757379649,0.1,37.3336222928249,28.5,293.3,231.9,0.3,0.5
2018-08-09 17:09:02.600,205.8,42.2488277419817,1.8949478224454,1.93041174425327,1.61477168618727,402.57477670204,410.108972992328,1.64499446787508,33.2,140.46526906193,18371.1896734213,1,75.1,43.7734266666667,-79.442265,988.1,6.57246010197149,7.30115206643194,0.1,37.334670963513,28.5,305.5,244.3,0.3,0.6
2018-08-09 17:09:03.600,205.8,42.249416780398,1.89836358047983,1.93396726260168,1.64928738883968,403.579899781058,411.14900716251,1.68021585877679,275.6,140.475406416697,18409.6047776354,1,75,43.7734266666667,-79.4422616666667,988,6.56768666542535,7.29423953336746,0.1,37.3353909866489,28.5,310.9,269.8,0.4,0.7
2018-08-09 17:09:04.600,205.8,42.2484365348438,1.89711564116115,1.93261666601693,1.51835860585267,404.114044705065,411.676233182454,1.54677136050005,228.4,140.452709684593,18369.366883089,0.9,75.1,43.773425,-79.4422583333333,988.1,6.57239046945988,7.29317718053135,0.1,37.3362831128583,28.5,52.1,0.4,0.2,0
2018-08-09 17:09:05.600,205.7,42.2502253996659,1.89757186361241,1.93302277890707,1.60410972061918,404.017825841124,411.565748995498,1.63408195526445,154.5,140.47819613457,18339.5111181003,0.9,75,43.773425,-79.442255,988,6.57501957676049,7.29537026590285,0.1,37.3372648088761,28.5,327.7,269.8,0.1,0.3
2018-08-09 17:09:06.700,205.6,42.2511411429039,1.89789548328779,1.93343648328779,1.65335768329687,403.896182665639,411.459770656017,1.68431947404163,83,140.457607987108,18382.18904122,0.9,75,43.773425,-79.4422533333333,988.1,6.5740318776618,7.29629532056096,0.3,37.3382454673626,28.5,17.2,295.5,0.3,0.4
2018-08-09 17:09:07.600,205.5,42.2495035801956,1.89578279875919,1.9312205793836,1.54692679871009,403.262419737899,410.800621677333,1.57584554009826,75.2,140.45990128983,18349.9047150204,0.9,75.1,43.773425,-79.4422516666667,988.1,6.57696028233687,7.30201389336735,0.3,37.3393766056278,28.5,346.6,0.4,0.1,0.2
2018-08-09 17:09:08.600,205.4,42.2473896034485,1.89605924534751,1.93150900939936,1.45591901803865,402.903053422778,410.435960099527,1.48313862476244,70.5,140.482943422389,18353.3452896973,0.9,75.1,43.7734266666667,-79.4422483333333,988.1,6.57236390848552,7.3021355422777,0.3,37.3401644349141,28.6,75.5,0.4,0.1,0.2
2018-08-09 17:09:09.700,205.2,42.2500155514594,1.89567568613998,1.93124417442026,1.59573546120606,403.035192991558,410.597259411542,1.62567988881061,65.1,140.44789997524,18417.2949323222,0.9,75,43.7734266666667,-79.4422466666667,988,6.5743617207487,7.29964994821033,0.3,37.3410180088861,28.6,250.5,0.4,0.1,0
2018-08-09 17:09:10.700,205.1,42.2481112632772,1.89536348351612,1.93099541902493,1.82009851311508,403.001434933526,410.577583628212,1.85431591599026,72.8,140.460873517682,18452.504578533,0.9,75,43.7734266666667,-79.442245,988.1,6.58007021161586,7.30040272920534,0.1,37.3419728119466,28.6,160.2,0.4,0,0.2
2018-08-09 17:09:11.600,205,42.2466840271829,1.89851711638024,1.93414772620733,1.87824606570635,403.148540421161,410.714620811698,1.9134969824444,137.2,140.449767751913,18421.8404398098,1,75,43.773425,-79.4422416666667,988.1,6.57667460172382,7.29992786868651,0.1,37.3431823219957,28.6,118,40.9,0.2,0.4
2018-08-09 17:09:12.600,204.9,42.2469590857759,1.89779256616352,1.93329758456,1.69602224287437,403.120002684288,410.661781152424,1.7277555925837,131.3,140.455164670777,18365.0263974943,1,75,43.773425,-79.4422383333333,988.1,6.57560329135191,7.30078681058055,0.1,37.3442242068722,28.6,45.4,0.4,0.1,0.2
2018-08-09 17:09:13.600,204.8,42.2436009803757,1.89610216451141,1.93155153926043,1.56187177979769,402.922463038994,410.455394335007,1.59107244475137,162.9,140.474291400945,18352.712304236,1,75.1,43.7734233333333,-79.442235,988,6.5754073282459,7.29852707372827,0.3,37.3450531028301,28.6,56.7,49.9,0.1,0.5
2018-08-09 17:09:14.600,204.6,42.2427389449415,1.89577951860767,1.9312694097186,1.69123578524365,402.856017565066,410.397655830356,1.72289881203293,146.7,140.462055552212,18376.4671703815,1,75,43.7734216666667,-79.4422316666667,988,6.57517159767408,7.29825928238455,0.1,37.3457530975114,28.6,83.1,27.2,0.2,0.4
2018-08-09 17:09:15.600,204.4,42.2406208914757,1.89647207767747,1.93204210177582,1.65089759259974,402.656093429004,410.208400952501,1.68186060427772,152.7,140.46978816612,18410.8636499428,1,75,43.77342,-79.4422283333333,988.1,6.57553180319678,7.30386216218504,0.3,37.3465909933332,28.6,134.9,49.3,0.2,0.4
2018-08-09 17:09:16.600,204.3,42.2429659474991,1.89776108125629,1.93350396696632,1.65143197976207,403.30617731872,410.902215336699,1.68254249989116,125.4,140.44825654034,18486.0110942163,1,75,43.7734183333333,-79.442225,988.1,6.57074618625701,7.30021402109066,0.1,37.3475980238902,28.6,123.1,90.8,0.1,0.4
2018-08-09 17:09:17.700,204,42.2447632224432,1.89818688451705,1.93387292363636,1.71598208306818,403.457682690341,411.042749647727,1.74824645735795,31.9,140.469014366477,18453.0101519886,1,75,43.7734166666667,-79.4422233333333,988.2,6.57178733642045,7.29981148539773,0.1,37.3483301105114,28.6,177.1,90.8,0.2,0.4
2018-08-09 17:09:18.600,203.7,42.246513457146,1.89485906532495,1.93051333388346,1.53273142595376,403.048553423067,410.632496393142,1.56156029794016,3.1,140.471323534056,18468.8913896597,1,75,43.7734166666667,-79.4422216666667,988.1,6.57771309477779,7.30130048228008,0.1,37.3491068359535,28.6,177.8,131.4,0.2,0.4
2018-08-09 17:09:19.600,203.4,42.2510076973413,1.89513842604946,1.93095816098923,1.52648294071081,403.081433111743,410.700109887813,1.55533508643195,355.8,140.453405390529,18550.4010635652,1,75,43.7734166666667,-79.4422216666667,988.1,6.57620729175281,7.3012771203786,0.3,37.350032253843,28.6,200.9,125.6,0.3,0.5
2018-08-09 17:09:20.600,203.2,42.2496237535676,1.89602037383505,1.93181173352813,1.74122398640467,403.430328555941,411.046024319782,1.77409093617909,349,140.479586264186,18527.5908155293,1,75.1,43.773415,-79.44222,988.1,6.57383843902596,7.30137426114586,0.1,37.3508450269515,28.6,169.8,90.8,0.2,0.3
2018-08-09 17:09:21.700,203.1,42.2508315050578,1.89772795640277,1.93346415701969,1.79518445368625,403.786772506076,411.390579367925,1.82899090671993,9.6,140.450107077249,18483.2410173859,0.9,75,43.773415,-79.44222,988.1,6.5727269734624,7.29840489035167,0.1,37.3518623670108,28.6,240.5,222.1,0.2,0.4
2018-08-09 17:09:22.700,203,42.2502659394514,1.89826136489217,1.93390765189848,1.70626576581537,403.873326626768,411.457418149645,1.73830805814986,3.8,140.464091203187,18432.2668885367,0.9,75,43.773415,-79.44222,988.1,6.5731610759866,7.29599835665413,0.1,37.3528818708417,28.6,281.5,179.2,0.2,0.3
2018-08-09 17:09:23.700,202.8,42.2509752304222,1.89693054973916,1.93252701485823,1.77003758733907,403.99512494507,411.576200452926,1.80325385722364,0.5,140.479531862956,18419.5367603409,0.9,75.1,43.7734133333333,-79.4422183333333,988.1,6.57287415077946,7.29718111457585,0.1,37.3537229936173,28.6,238.5,179.2,0.2,0.3
2018-08-09 17:09:24.700,202.7,42.2529888334074,1.89654732637709,1.93225882053924,1.82220369888369,403.84208101537,411.446268241501,1.85651382185239,19.5,140.45131289312,18481.6223754625,0.9,75.1,43.7734133333333,-79.44222,988.1,6.57273130267876,7.30113049227575,0.1,37.3547276906648,28.6,285,179.2,0.2,0.3
2018-08-09 17:09:25.700,202.5,42.2506525707172,1.89622193593024,1.9319025644661,1.8062465134626,403.854740733749,411.453930431408,1.84023408524382,318.8,140.466461478877,18469.1639920828,0.9,75.1,43.7734133333333,-79.44222,988,6.57357785079828,7.30021381641986,0.1,37.3556897973049,28.6,206.6,179.2,0.2,0.3
2018-08-09 17:09:26.700,202.4,42.254406668472,1.89828337701622,1.93401560965134,1.76295823491091,403.461897156051,411.05646026999,1.7961421901746,335.6,140.446687987543,18475.8010962109,0.9,75,43.7734133333333,-79.44222,988.1,6.57335657764539,7.30227129017669,0.1,37.3567319409835,28.6,235,0.4,0.1,0.2
2018-08-09 17:09:27.700,202.3,42.255238339139,1.89886582267486,1.93468584273318,1.61495642494748,403.249125158437,410.856102233627,1.64542073798318,344.6,140.449363027273,18514.8805704612,0.9,75,43.7734133333333,-79.44222,988.1,6.57447099665842,7.30390967373095,0.1,37.357601633118,28.6,163.3,90.8,0.2,0.4
2018-08-09 17:09:28.600,202.2,42.2536186623043,1.89766526225627,1.93348032621309,1.48026587494751,403.277546606781,410.888729165054,1.50820316108595,344,140.459687220097,18523.6419726795,0.9,75,43.7734133333333,-79.44222,988.1,6.5758243483761,7.29944349258603,0.3,37.3581629647498,28.6,165.5,90.8,0.2,0.5
2018-08-09 17:09:29.600,202.2,42.2540290851292,1.89533004250094,1.93094123501194,1.58649481490577,403.004187118292,410.576137677482,1.61629467503218,340.7,140.466938655397,18442.2735356527,0.9,75,43.7734133333333,-79.44222,988.1,6.5799085866098,7.29888925468524,0.1,37.3591899576141,28.6,136.6,62.2,0.4,0.7
2018-08-09 17:09:30.600,202.2,42.2562308648278,1.89708524288276,1.9327522247537,1.71887879020416,403.132766876071,410.712049411884,1.75119674816358,323,140.471689703625,18453.9546515021,0.9,75,43.7734133333333,-79.44222,988.1,6.57385150526866,7.3004718690186,0,37.3600438961981,28.6,134.2,56.6,0.4,0.8
2018-08-09 17:09:31.600,202.2,42.2618482755933,1.8976965466044,1.93350792170927,1.62129783146685,402.974950158641,410.579510045276,1.65189143653382,305.3,140.440788360724,18521.5137950399,0.9,75,43.7734133333333,-79.44222,988.1,6.57167440972751,7.30104190973821,0,37.3608382262783,28.6,126.4,55.3,0.5,1
2018-08-09 17:09:32.700,202.2,42.2654047807035,1.89774404845758,1.93348328866409,1.75353644965372,402.804386998387,410.390230848984,1.78655317625912,337,140.47407842175,18484.5299019678,0.9,75,43.7734133333333,-79.44222,988.1,6.57374207062601,7.30285323972896,0.1,37.3618259099387,28.6,139.3,74.7,0.4,0.7
2018-08-09 17:09:33.700,202.1,42.2696745176207,1.89605847155597,1.93174628942756,1.52153046967534,402.925065065996,410.508954082711,1.55016328521102,326.9,140.464397889168,18474.3280675537,0.9,75,43.7734133333333,-79.44222,988,6.57744130570634,7.30269143279939,0.3,37.3628341359134,28.6,131.8,40.2,0.4,0.6
2018-08-09 17:09:34.700,202,42.2709453403522,1.89299000811941,1.92863445920338,1.4100099725588,402.806311317796,410.390914600876,1.43655924173403,331.6,140.474800349698,18481.4117378933,0.9,74.9,43.773415,-79.44222,988.1,6.58307465918273,7.29880178949241,0.3,37.3639515451865,28.6,110.5,33.9,0.4,0.6
2018-08-09 17:09:35.700,201.9,42.2719507479591,1.89300887324265,1.92862400697215,1.73411618366986,402.846647554023,410.425816746639,1.76673988320075,331.9,140.493494204898,18466.6059778184,0.9,75,43.773415,-79.44222,988.1,6.57957116472739,7.29889618828864,0.3,37.3645890688534,28.6,92,341.9,0.3,0.8
2018-08-09 17:09:36.700,201.8,42.2759076711193,1.89528813135374,1.93102699512852,1.62203359451704,402.895954542865,410.493329209968,1.65261200528288,330.3,140.44337607786,18507.9025493324,0.9,74.9,43.7734166666667,-79.44222,988.2,6.57520457971325,7.30008529368301,0.3,37.3653562798393,28.6,47.5,289.3,0.3,0.8
2018-08-09 17:09:37.700,201.7,42.2751896881324,1.89579334239015,1.93156302553128,1.47176748476779,402.633214968792,410.23001899561,1.49953582544497,329.3,140.470312832055,18518.4259486735,0.9,75,43.7734183333333,-79.44222,988.1,6.57429166110958,7.29911460603072,0.3,37.3663218682535,28.6,354.1,269.8,0.2,0.4
2018-08-09 17:09:38.700,201.5,42.2732343088107,1.89441858219335,1.93015506119558,1.74935390995729,402.962675565956,410.564273816646,1.7823546800774,338.3,140.47453941274,18514.8742172292,0.9,75,43.7734183333333,-79.4422216666667,988.1,6.57752953513754,7.29912211594475,0.5,37.3670462292383,28.6,359.3,269.8,0.1,0.4
2018-08-09 17:09:39.600,201.3,42.2702245959501,1.89345633388141,1.92901470123042,1.79178792627927,402.750584985291,410.314177149089,1.82544332712347,333.4,140.455456816376,18433.5249561179,1.7,75,43.7734166666667,-79.4422216666667,988.1,6.58124031997902,7.30172021140107,0.3,37.3678826448907,28.6,51.7,334.5,0.5,1.3
2018-08-09 17:09:40.600,201.1,42.2681983664224,1.89446405534322,1.93014332771748,1.70354273009065,402.72321394541,410.30799449696,1.73562526289791,328.8,140.469029811485,18485.5263520517,1.7,75,43.7734166666667,-79.4422233333333,988.1,6.58546751529171,7.30478203279668,0.1,37.3688824646667,28.6,349.3,239.7,0.3,0.9
2018-08-09 17:09:41.600,201,42.2712559898182,1.89521076082708,1.9310371525804,1.71306630595601,402.872267319709,410.488016392018,1.74544976473467,324.3,140.44271309142,18552.8480003374,1.7,75,43.773415,-79.4422233333333,988.1,6.58331956891953,7.30743591140485,0.1,37.369792969093,28.6,325.6,253.1,0.7,1.5
2018-08-09 17:09:42.600,201,42.2696921224252,1.8956519689032,1.93153488180228,1.63305648255164,402.927324552782,410.554307132597,1.66396767298156,345.9,140.453208974254,18577.2154539913,1.7,75,43.773415,-79.4422233333333,988.2,6.58052061687692,7.30643224952878,0.1,37.3706999856591,28.6,307.5,227.9,0.6,0.8
2018-08-09 17:09:43.600,201,42.2676345226824,1.89557919488089,1.93137665125901,1.50982791765394,403.032511655907,410.643730733009,1.53834319077864,338.6,140.454891694414,18534.7530033348,1.7,75,43.7734133333333,-79.4422233333333,988,6.57462386450477,7.30378714857991,0.1,37.371398423421,28.6,312.4,269.8,0.3,0.5
2018-08-09 17:09:44.700,201,42.2641708972235,1.89322873110003,1.92894765349381,1.56795458166548,403.130380020541,410.736134918346,1.59753750008786,309.3,140.472235112465,18517.352130268,1.7,75,43.7734116666667,-79.442225,988.2,6.57737145437016,7.30382237397377,0.1,37.3721601526242,28.6,30.8,322.8,0.5,1.5
2018-08-09 17:09:45.600,201.1,42.2610565912339,1.89347819976792,1.92919775833577,1.88101625377865,404.046373952068,411.668344233491,1.9164993500361,302.6,140.469657752275,18514.9440432824,1.7,75,43.77341,-79.4422266666667,988.1,6.5798468997131,7.3000692356575,0,37.3731031165984,28.6,77.6,354.6,1,2.2
2018-08-09 17:09:46.600,201.2,42.2629290972528,1.89549305802413,1.93123614452564,1.71553724936301,403.962298141642,411.579544318486,1.74788659394315,317,140.43386063647,18507.4528292737,1.7,75,43.77341,-79.4422266666667,988.1,6.57782133731955,7.3027508623112,0.1,37.3740094859749,28.6,23.2,291.2,1.2,2.2
2018-08-09 17:09:47.700,201.4,42.2653795797954,1.89519656238,1.93093511893408,1.47569955231669,403.963234880673,411.58091721411,1.50352706449533,31.2,140.476903514095,18508.3177232721,1.7,75,43.77341,-79.4422283333333,988.2,6.58267429036208,7.30574109222182,0.1,37.3749183985125,28.6,13.9,297.6,0.9,1.8
2018-08-09 17:09:48.700,201.4,42.2717449841951,1.89621298759821,1.93200004683047,1.56227067925272,404.6575666078,412.294615553437,1.591755974581,20.2,140.455484339049,18523.238864691,1.7,75,43.77341,-79.4422283333333,988.1,6.58279695633051,7.30239434319835,0.3,37.3759082404032,28.6,23.6,316.8,1,1.8
2018-08-09 17:09:49.600,201.4,42.2787413294738,1.89573887343193,1.93159883472709,1.62848396703143,404.8657443819,412.524153157498,1.65928783156452,356,140.480102069263,18564.6943261513,1.7,75,43.7734083333333,-79.44223,988.2,6.57970915723162,7.30243316275337,0.1,37.3767064645653,28.6,6.1,287.2,0.7,1.1
2018-08-09 17:09:50.700,201.4,42.2850668184904,1.89569631458325,1.93155507559301,1.58737565718767,404.797734654993,412.454788324913,1.61740244824333,327.4,140.4912072438,18564.6867910673,1.7,75,43.7734083333333,-79.4422316666667,988.2,6.57793600356771,7.30143311881051,0.1,37.3780426546843,28.6,313.3,247.6,0.4,0.9
2018-08-09 17:09:51.700,201.4,42.2943951624077,1.89663694810772,1.93262959951721,1.69056405926306,405.043404440611,412.729897520012,1.72264936573997,320.5,140.435566689424,18623.5716743109,1.7,75,43.77341,-79.4422333333333,988.2,6.57554878726092,7.30309535298003,0.1,37.3789345854468,28.6,2.2,269.8,0.7,1.6
2018-08-09 17:09:52.600,201.4,42.2971963351724,1.89369884831705,1.92955946885591,1.62183866222655,404.718500535938,412.382413855258,1.652554076571,327.5,140.473791190707,18584.5351915212,1.7,75,43.77341,-79.442235,988.1,6.58159471186637,7.30565622696095,0.1,37.3795054704732,28.6,256.5,169.1,0.7,1.6
2018-08-09 17:09:53.700,201.4,42.2952638842304,1.89430541162956,1.93012355352643,1.65681704312705,404.565283045539,412.214838490778,1.68814487296513,336.2,140.469150618744,18557.2767435453,1.7,75,43.77341,-79.4422366666667,988.1,6.58168365145667,7.30493639117809,0.1,37.3801725080165,28.6,283.2,238.7,0.5,1.1
2018-08-09 17:09:54.700,201.4,42.2947317131382,1.8945411297134,1.9304121008264,1.54030979289393,405.13250348967,412.803277034123,1.56947322096192,327.2,140.4620971113,18582.1868848408,0.9,75.1,43.77341,-79.4422383333333,988,6.58159876946021,7.29833842071458,0.1,37.3815291333901,28.6,8.2,327.1,0.5,1
2018-08-09 17:09:55.600,201.4,42.2933522321223,1.89613880426683,1.93206318623165,1.55176210192735,405.110206286583,412.785436759738,1.58116173248269,314.8,140.470673174207,18593.7846348414,0.9,75.1,43.77341,-79.44224,988.1,6.5777813723059,7.30073994511479,0.1,37.3825707294723,28.6,94.3,19.2,0.5,1.1
2018-08-09 17:09:56.600,201.3,42.2972367877667,1.89743135527963,1.93353773840558,1.62249003897509,405.056942583679,412.764809429635,1.65336568330447,324.8,140.443946316893,18673.7902899634,0.9,75.1,43.77341,-79.4422416666667,988.2,6.57586660655695,7.30427005036324,0.1,37.3837238972693,28.6,103.5,25.2,0.6,1.4
2018-08-09 17:09:57.600,201.2,42.2989871853364,1.8960266174396,1.9320082060255,1.55672512531121,405.090264033311,412.777721098955,1.58626979325702,15.3,140.458626477792,18623.7672548997,0.9,75.1,43.7734083333333,-79.4422416666667,988.1,6.57959150282491,7.29928522255069,0.1,37.3843774134553,28.6,105.8,35.8,0.9,1.8
2018-08-09 17:09:58.700,201.1,42.2984852627312,1.89869458937208,1.93464840558252,1.49980165422385,405.098740810522,412.769722196054,1.52820225107343,26,140.45046611714,18584.1502298502,0.9,75.1,43.7734083333333,-79.4422433333333,988.1,6.57778267912463,7.2973000619667,0.3,37.3847752862824,28.6,111.1,18.2,0.9,1.6
2018-08-09 17:09:59.700,201,42.2969027932795,1.89635288354039,1.93229308489762,1.73702870821769,404.73737791364,412.408079337331,1.76995087683239,24.9,140.478855523935,18599.8267924351,0.9,75,43.7734083333333,-79.442245,988.1,6.58263758618371,7.30052496868037,0.3,37.3855260203116,28.6,82.3,344.7,0.6,1.2
2018-08-09 17:10:00.600,201,42.2957332893173,1.89480825435095,1.93081338885512,1.61165453881844,404.408064856711,412.09260394558,1.64227613020859,24.4,140.467215742768,18647.4799537866,0.9,75,43.7734066666667,-79.442245,988.2,6.58409304613755,7.30310093413455,0.1,37.3865062231613,28.6,70.5,310.4,0.5,0.8
2018-08-09 17:10:01.700,201,42.3030013510243,1.89569885285606,1.93177883992796,1.66761658115166,404.295325885758,411.990241044146,1.69935622360475,89,140.455859972371,18677.2231944987,0.9,75,43.7734066666667,-79.4422466666667,988.2,6.58420779808518,7.30268265883834,0,37.3878833425431,28.6,82.4,303.2,0.3,1.1
2018-08-09 17:10:02.600,200.9,42.3042304830596,1.8967306333336,1.93281873322431,1.63576629971516,403.791916491611,411.47465048432,1.66688900670912,21,140.49067127506,18671.2571941668,0.9,75,43.773405,-79.4422483333333,988.2,6.57978681107291,7.31162420550455,0,37.3888336735886,28.6,358.8,287.9,0.7,1.8
2018-08-09 17:10:03.700,200.8,42.3100580385644,1.89555339135785,1.93163611134391,1.66620882799986,404.131235116285,411.824235209211,1.69792663476025,3.6,140.446351652455,18680.1844787086,0.9,75.1,43.773405,-79.44225,988.1,6.58270846750155,7.30740115444286,0,37.3895696032989,28.6,336.9,255.4,1.4,1.9
2018-08-09 17:10:04.700,200.6,42.3120119177093,1.89425928820931,1.93017905765098,1.64043354116725,404.2267746246,411.892052348353,1.67154162908775,66,140.485828094356,18609.791505249,0.9,75.1,43.773405,-79.4422516666667,988.1,6.58381596357055,7.30351937685183,0,37.390463563523,28.6,311.9,243.5,0.9,1.7
2018-08-09 17:10:05.600,200.4,42.3093312484417,1.89762516536394,1.93369299869534,1.73714742034618,404.501601518042,412.190042012014,1.77016753566054,335.8,140.487847972272,18652.4830094978,0.9,75.1,43.773405,-79.4422533333333,988.1,6.58638221543671,7.29951870155516,0.1,37.391272135609,28.6,315.9,246.3,0.8,1.7
2018-08-09 17:10:06.600,200.3,42.3095480145266,1.8966333792952,1.93278359925903,1.55589490138557,404.701361125958,412.415213013538,1.58554838865283,355.2,140.433657930691,18703.9871816997,0.9,75.1,43.773405,-79.4422533333333,988.2,6.58429947584147,7.29941446461703,0.3,37.3923178566303,28.6,297.8,229.2,0.7,1.8
2018-08-09 17:10:07.600,200.3,42.3010477328495,1.89533114384934,1.93139794554037,1.64216597488243,403.945444002441,411.632375557439,1.67341422445572,5.1,140.478211903874,18674.1908856817,1,75.1,43.773405,-79.442255,988.1,6.58744352617632,7.30251567959036,0.5,37.3928149348661,28.6,301.5,222.4,0.9,1.4
2018-08-09 17:10:08.600,200.2,42.3044325552504,1.89709671077983,1.93326538286529,1.60719080561807,403.965967124091,411.667831377774,1.63783172416728,340.6,140.433698382808,18708.8006392758,1,75.1,43.773405,-79.442255,988.2,6.5808079208295,7.30304950173543,0.3,37.3941876716632,28.6,219,124,0.5,1
2018-08-09 17:10:09.600,200.1,42.3016024775332,1.89408967920421,1.93009507855534,1.75841268465432,403.530871741954,411.201734772763,1.79183512270873,322.1,140.460426529615,18654.60900428,1,75,43.773405,-79.4422566666667,988.2,6.58572070558996,7.30495463180103,0.3,37.3948091776967,28.6,137.3,319.8,0.3,0.6
2018-08-09 17:10:10.600,200,42.3011570150909,1.89632648816353,1.93239109782926,1.86859051928348,402.956838677636,410.620314810503,1.90412823527645,329.7,140.470366525734,18663.0928333697,0.9,75,43.773405,-79.4422566666667,988.2,6.58680001753989,7.30972899872294,0.3,37.3958335286853,28.6,326.9,249.1,0.5,1.2
2018-08-09 17:10:11.600,199.9,42.301609156076,1.89502552564331,1.93127506235379,1.56958505508967,403.3518935731,411.067408083558,1.59960036933474,339.9,140.446464825784,18769.56352946,0.9,75,43.773405,-79.4422566666667,988.2,6.58619786733061,7.30127003116322,0.3,37.3966380607122,28.6,296.5,229.4,0.3,0.6
2018-08-09 17:10:12.600,199.8,42.2996789973918,1.89552281465328,1.93183579428354,1.62780721047266,403.56178217306,411.29280469546,1.65899129528552,344.2,140.462724949525,18796.839565158,0.9,75,43.773405,-79.4422566666667,988.2,6.58564176697299,7.30112248122893,0.5,37.3972316685947,28.6,285.7,269.8,0.2,0.3
2018-08-09 17:10:13.600,199.7,42.3022733221393,1.89514814148785,1.93138396112535,1.59600670635186,403.239418952531,410.949608935852,1.62652415917077,351.3,140.444913401535,18761.7936043602,1,75,43.773405,-79.4422583333333,988.1,6.58542114453464,7.30819048495474,0.5,37.3981738816857,28.6,209.3,157.6,0.2,0.5
2018-08-09 17:10:14.600,199.6,42.3027779474904,1.89607978607252,1.93241460640317,1.82515501831084,403.199208280362,410.925811982963,1.86013383019023,343.4,140.48646803801,18802.7964567404,0.9,75,43.773405,-79.44226,988.2,6.58858453654053,7.30270359308676,0.5,37.3988940848232,28.6,220,133.8,0.3,0.4
2018-08-09 17:10:15.600,199.5,42.3034105668503,1.89927015032673,1.93574917151899,1.92175938558862,403.39740411781,411.145450559915,1.95867130348991,348.3,140.462706409381,18845.0698716338,0.9,75,43.773405,-79.44226,988.2,6.5838526246566,7.29683119805395,0.5,37.4002510983802,28.6,255.9,242.6,0.3,1.2
2018-08-09 17:10:16.600,199.4,42.3086377204412,1.8964571873127,1.9327244360065,1.68525679940992,403.538878714091,411.256070045534,1.71749054624335,344.4,140.456601318953,18765.0317247097,0.9,75,43.773405,-79.4422616666667,988.2,6.5871618560704,7.29734711687915,0.3,37.4014661941091,28.6,317.9,248.5,1.3,2.7
2018-08-09 17:10:17.700,199.4,42.3088321213873,1.89564396690752,1.93189878395954,1.77583837759476,403.727917138721,411.449326676293,1.8098022002825,341.7,140.493648309247,18766.4364046234,0.9,75,43.7734033333333,-79.4422616666667,988.1,6.58601204306368,7.29978652875713,0.1,37.4021550447977,28.6,336.8,252.1,1,1.6
2018-08-09 17:10:18.600,199.3,42.3097638458308,1.89969153280088,1.93625477190603,1.70860343134156,403.868363361378,411.64172898444,1.74148686584967,8.4,140.43777868202,18883.6870141261,0.9,74.8,43.7734033333333,-79.4422633333333,988,6.5800632806361,7.30207950536989,0.3,37.4028670408137,28.6,344.8,269.8,0.8,1.9
2018-08-09 17:10:19.600,199.1,42.3052028933865,1.8958684104776,1.93229643076424,1.47140250088135,403.160208071109,410.906673104519,1.4996774187667,4.1,140.490574484358,18852.0900542294,0.9,74.8,43.7734033333333,-79.4422633333333,988,6.58152113547,7.30770793352353,0.1,37.403689073303,28.6,329.8,269.8,0.8,1.5
2018-08-09 17:10:20.600,199.1,42.3068532534466,1.89331227173738,1.9293562662573,1.59920393250401,404.208084901972,411.903217541161,1.62964356261296,236.3,140.468932748791,18682.0126428303,0.9,74.8,43.7734016666667,-79.4422633333333,988.2,6.58854647420789,7.29923714131129,0.1,37.4045032205661,28.6,315.1,247.2,0.4,0.8
2018-08-09 17:10:21.600,199.1,42.3118264898004,1.8983084308485,1.93464874551321,1.53769977328723,405.13360057167,412.889290915156,1.56713420894502,209.2,140.429837207192,18783.9010799853,0.9,74.9,43.7734016666667,-79.4422633333333,988.1,6.58695941489249,7.30564143911317,0.1,37.4054816112234,28.6,4.1,295.8,0.6,1.1
2018-08-09 17:10:22.600,199.2,42.3109105340025,1.89709389269208,1.93350818022357,1.72573749593542,405.868274792986,413.65892441518,1.75886350941693,42.7,140.482522657511,18833.4025359237,0.9,74.9,43.7734016666667,-79.442265,988.1,6.58859007166547,7.30581650352436,0.1,37.4064905472303,28.6,54.8,0.4,0.4,0.7
2018-08-09 17:10:23.600,199.3,42.312524590863,1.89605434552965,1.93243977081815,1.72700916023386,405.968712778844,413.75936700481,1.76015058013852,44.2,140.426273903928,18829.0186548176,0.9,74.8,43.7734016666667,-79.442265,988,6.58751493447294,7.30979346162938,0.1,37.407688945191,28.6,113.7,36.2,0.3,0.6
2018-08-09 17:10:24.600,199.3,42.3049213081318,1.89541768983786,1.93178231615579,1.43374225999571,406.475819051942,414.27435998642,1.46124935725722,328.3,140.472888675935,18824.5775413429,1,74.8,43.7734016666667,-79.4422666666667,988.1,6.58738690407303,7.30822447430848,0.1,37.4083939151342,28.6,111.1,32.5,0.4,0.6
2018-08-09 17:10:25.600,199.3,42.3018046003889,1.89795698608471,1.93442902606033,1.77226510081692,406.787894616713,414.605011946254,1.80632342582382,345.1,140.46789133668,18854.3060599707,1,74.8,43.7734016666667,-79.4422666666667,988.1,6.58129954135409,7.30406716083114,0.1,37.4089690665583,28.6,116.7,0.4,0.2,0
2018-08-09 17:10:26.700,199.3,42.3003618994752,1.89563955873601,1.93202327940937,1.75798601317899,407.046510049437,414.859015636231,1.79172751601223,341.7,140.451596648446,18831.585922559,0.9,74.9,43.7734,-79.4422683333333,988.1,6.58539447471858,7.30189043021406,0.1,37.4101511731527,28.6,211.4,141.8,0.3,0.9
2018-08-09 17:10:27.600,199.2,42.2969608913659,1.89746214218438,1.93377926691358,1.38748478401655,407.138396205493,414.930857010203,1.41404305235667,346.5,140.476747879905,18780.0686264459,0.9,74.9,43.7734,-79.4422683333333,988.1,6.58446904927322,7.29913013624342,0.1,37.410828752708,28.6,231.2,166.1,0.8,2.2
2018-08-09 17:10:28.600,199.1,42.2921957436341,1.89598077745185,1.93230296785279,1.39714033257574,406.88444973815,414.679284138547,1.42390605426609,348.7,140.440603196681,18797.319697939,0.9,74.9,43.7733983333333,-79.44227,988.1,6.58255466705813,7.30599635100168,0.1,37.4118282720787,28.6,237.7,157.8,1.8,4.1
2018-08-09 17:10:29.600,198.9,42.2890699389719,1.89734011729819,1.93365800162051,1.41993520784043,406.805868034342,414.592818718754,1.44711546660676,353.8,140.49378417405,18782.1975026723,0.9,74.9,43.7733983333333,-79.44227,988,6.58270123442402,7.3086474780195,0.1,37.4125478843568,28.6,248.4,165.6,2.3,4
2018-08-09 17:10:30.600,198.9,42.2875854053701,1.8975814910604,1.93409660873808,1.60458720650966,407.57945557515,415.422670795234,1.63546694716414,311.6,140.457278044335,18879.9339906494,0.9,75,43.7733983333333,-79.4422716666667,988.1,6.58837038853195,7.30565471549277,0.1,37.4137733222809,28.6,253,179.2,2.3,4.1
2018-08-09 17:10:31.600,198.8,42.2886138672537,1.89792310492962,1.934456333195,1.72744488180151,407.473705436038,415.317136870618,1.76069546255414,320,140.456803982951,18885.2624495541,0.9,75.1,43.7733983333333,-79.4422733333333,988.1,6.57968373948739,7.3057399490438,0.3,37.4149004796702,28.6,258.4,207.9,1.2,2.2
2018-08-09 17:10:32.700,198.8,42.2897063389124,1.8951813995018,1.93158618838232,1.79272902816044,407.619036591194,415.449176361854,1.82716611782285,322.4,140.495122011932,18847.4260621978,0.9,75,43.7733966666667,-79.4422733333333,988.1,6.5846691432678,7.29982137076475,0.1,37.4154069708693,28.6,292.7,214.6,0.4,1.2
2018-08-09 17:10:33.600,198.9,42.2942471855329,1.89476703702818,1.93120231851314,1.73495910612229,407.335301457798,415.168258495161,1.76832096528898,336.6,140.428439994455,18866.818816647,0.9,74.4,43.773395,-79.442275,988,6.58548785927187,7.30336257069871,0.1,37.4165977037936,28.6,247.5,211.3,0.4,0.7
2018-08-09 17:10:34.600,199,42.2928270994731,1.89482111566434,1.93131364591819,1.74328569353568,408.003292056131,415.860964656188,1.77685951740961,344.2,140.497159437494,18895.0045396875,0.9,74.3,43.7733933333333,-79.442275,988,6.58322536812148,7.30513221898074,0.1,37.4168558541048,28.6,256.4,169.5,0.9,2
2018-08-09 17:10:35.600,199.1,42.2928196198862,1.89480903801138,1.93128446421541,1.40821056291708,409.545031756487,417.428798799485,1.43531921262819,353.1,140.46618277574,18886.4382496046,0.9,74.5,43.7733916666667,-79.4422783333333,988,6.58291215204552,7.306627136614,0.1,37.4180348078723,28.6,250.7,190.1,1,2.1
2018-08-09 17:10:36.600,199.1,42.2953924128174,1.89537553382971,1.93185959121376,1.74783162578646,410.801358960132,418.708852279554,1.78147591929874,342.5,140.432145063075,18885.3313593538,0.9,74.7,43.7733916666667,-79.44228,988.1,6.58261097932277,7.30370089013247,0.1,37.4190169472636,28.6,286.2,221.2,0.9,1.3
2018-08-09 17:10:37.600,199,42.2931513163633,1.89671872254426,1.93327739096783,1.66490934587309,411.552674851428,419.485180404853,1.69699988994364,356.5,140.484298804501,18910.1938844022,0.9,74.8,43.77339,-79.4422816666667,988,6.58884873685881,7.30577428902719,0.1,37.4200016467417,28.6,319.8,233.8,0.3,0.6
2018-08-09 17:10:38.600,198.9,42.3019682773509,1.89765743886108,1.93415440499917,1.58586982123823,411.983110427555,419.906577909407,1.61637085268045,23.3,140.419954823926,18869.6065734731,0.9,74.8,43.7733883333333,-79.4422833333333,988.1,6.58572420397497,7.30555484493388,0.1,37.4212935769962,28.6,340,227.4,0.2,0.6
2018-08-09 17:10:39.700,198.8,42.2990602336122,1.894310291878,1.93068983056151,1.72885875294285,412.16173636116,420.0771178233,1.76206075184393,16.8,140.465977724345,18842.6779194688,0.9,74.8,43.7733866666667,-79.442285,988.1,6.58709833599036,7.30868106609915,0.1,37.4214561989831,28.6,298.8,229.6,0.5,1.1
2018-08-09 17:10:40.600,198.7,42.2956320791285,1.8955001587142,1.93199121356691,1.67167588310031,412.523889871237,420.465413161134,1.70385771089798,6.9,140.461250529891,18887.5226437599,0.9,74.8,43.773385,-79.4422866666667,988,6.58283140644448,7.30952964673451,0.1,37.4223505677958,28.6,313.6,269.8,0.4,0.6
2018-08-09 17:10:41.600,198.6,42.2957106327342,1.89536624391247,1.93199743493027,1.71476451610546,412.954660837791,420.935649340736,1.74790523127376,280.8,140.458356187628,18960.1656007075,0.9,74.8,43.7733833333333,-79.4422866666667,988.2,6.58613253312903,7.29950579462394,0.1,37.4233100239509,28.6,43,341.3,0.3,0.8
2018-08-09 17:10:42.600,198.6,42.293836914056,1.89494801635846,1.93136965545502,1.7001784161482,413.439889311593,421.386277329721,1.73285704004412,283.7,140.475069082669,18857.7562987516,0.9,74.9,43.7733833333333,-79.4422866666667,988.1,6.58536266655363,7.30208792144137,0.1,37.4245320923616,28.6,77.1,353.3,0.8,1.7
2018-08-09 17:10:43.600,198.5,42.2992447178467,1.89717680238573,1.93395151341651,1.7503417985683,413.877177896211,421.899764246321,1.78427178717603,288.9,140.432570038317,19015.4688661087,0.9,74.8,43.7733816666667,-79.4422866666667,988,6.58774989980913,7.30032264671998,0.1,37.425210150128,28.6,120.8,61,0.7,1.6
2018-08-09 17:10:44.600,198.4,42.2952793670107,1.89449780583689,1.93083815400095,1.73640708480567,413.14723678894,421.072152187442,1.7697149599175,290.9,140.500156030297,18820.8915070102,0.9,74.8,43.77338,-79.4422866666667,988.1,6.5924433070674,7.30212323180849,0,37.4264026005049,28.6,137,69.8,0.8,1.6
2018-08-09 17:10:45.700,198.4,42.287114974713,1.89553680179429,1.93208125871852,1.52669906833829,412.944615471215,420.9057422446,1.55613201050808,293.2,140.448824521746,18914.4501710729,0.9,74.8,43.77338,-79.4422866666667,988.1,6.59057282180392,7.31092204287798,0,37.426837428207,28.6,112.1,34.3,0.4,0.4
2018-08-09 17:10:46.500,198.3,42.2836004678774,1.89602864743644,1.93252061209224,1.76742205368381,414.207084587213,422.179209301125,1.80143935173264,40,140.484641207872,18883.317735856,0.9,74.8,43.7733783333333,-79.4422883333333,988,6.58354842949235,7.29526165728185,0.1,37.4278791773292,28.6,127.6,56.6,0.3,0.8
2018-08-09 17:10:47.600,198.2,42.2787996544808,1.89552399625001,1.93191999558825,1.72551402101418,413.372824868121,421.310065241513,1.75864607555924,35.3,140.495993817555,18839.3721994492,0.9,74.8,43.7733783333333,-79.4422883333333,988,6.59654768869234,7.30321315593506,0.1,37.4287437557904,28.6,140.5,18.4,0.5,0.9
2018-08-09 17:10:48.700,198.2,42.2841224839891,1.89376092327398,1.93003876488788,1.78618876656549,413.004920955784,420.916611314969,1.82040485411578,337.3,140.417559223179,18796.2970734788,0.9,74.8,43.7733766666667,-79.44229,988.1,6.58653106743521,7.30573025380202,0,37.4296558337392,28.6,63.6,348.3,0.6,1.5
2018-08-09 17:10:49.600,198.2,42.2809128846057,1.89747497991915,1.93382282750834,1.78365072071291,412.282303585722,420.180021438724,1.81781779419147,320.6,140.503107635158,18795.9646326072,0.9,74.8,43.7733766666667,-79.44229,988.1,6.58377059729433,7.30669509759171,0,37.4305754764665,28.6,90,21.5,0.8,1.6
2018-08-09 17:10:50.600,198.2,42.2854664621707,1.89819742500874,1.93456414217094,1.63133270809482,411.839288671869,419.729603378312,1.66258718777409,267.5,140.461683524695,18798.568517122,0.9,74.8,43.773375,-79.4422883333333,988.1,6.58485896123334,7.30394907555792,0,37.430845914565,28.6,90.2,0.4,0.6,1.4
2018-08-09 17:10:51.700,198.2,42.29317,1.895103,1.931593,1.581519,411.8717,419.8021,1.61197,300.9,140.4363,18890.82,0.9,74.7,43.773375,-79.4422883333333,988.1,6.585367,7.304815,0,37.43259,28.6,82.2,8.2,1,2.2
2018-08-09 17:10:52.700,198.3,42.2891143234495,1.89408612769984,1.93039500039758,1.52462337056641,410.671633183804,418.543954320581,1.55384979250116,297.7,140.485027181857,18808.9288028551,0.9,74.7,43.773375,-79.4422883333333,988.1,6.58847077382616,7.30652094355875,0,37.4326884387512,28.6,81.1,0.4,1.2,2.4
2018-08-09 17:10:53.600,198.3,42.2914711642866,1.89527074001205,1.9318306669982,1.64767969040738,410.789011939073,418.713264183866,1.67946434458077,318.5,140.416609817339,18925.1056785555,0.9,74.7,43.773375,-79.4422883333333,988.1,6.58393947211799,7.30539548643106,0,37.4336742131246,28.6,65.6,342.7,1,2
2018-08-09 17:10:54.500,198.3,42.28716,1.894325,1.930648,1.621708,410.3131,418.1808,1.652804,311.5,140.4695,18814.29,0.9,74.7,43.773375,-79.4422883333333,988.1,6.582911,7.304835,0,37.43411,28.6,54.3,337.5,0.8,1.3
2018-08-09 17:10:55.600,198.4,42.2843643796455,1.89683712082557,1.93329596434984,1.78008776806818,410.571793320126,418.463315155541,1.8143032472595,353.4,140.457490644956,18858.3997704522,0.9,74.7,43.7733733333333,-79.4422883333333,988.1,6.58276925023555,7.30493835920325,0,37.435182966967,28.6,50.6,335.7,0.5,0.8
2018-08-09 17:10:56.600,198.6,42.2826206706468,1.89694174808622,1.93334721361192,1.42121425046799,411.726751953569,419.628478386736,1.44848998974494,359.9,140.466602622886,18830.2811230513,0.9,74.7,43.773375,-79.4422883333333,988.1,6.58656034145273,7.30377778105473,0,37.4363288628856,28.6,37.2,316,0.4,0.7
2018-08-09 17:10:57.500,198.7,42.2820714781477,1.89211880769439,1.92836523743357,1.52035549223966,412.611077069977,420.515152661018,1.5494793097756,344.4,140.472787342751,18796.2107758097,0.9,74.8,43.773375,-79.4422883333333,988.1,6.58440769810753,7.30553974670597,0,37.43691246733,28.6,27.6,313.9,0.6,1
2018-08-09 17:10:58.500,198.8,42.2845754397715,1.89248331423997,1.92881863429183,1.81406340599688,413.863308411077,421.809308348571,1.84889291651998,339.1,140.454015937758,18837.8971618203,0.9,74.8,43.773375,-79.4422883333333,988.2,6.5869956325565,7.30184852293094,0.1,37.4383266413539,28.6,89.1,7.7,0.6,1.7
2018-08-09 17:10:59.500,198.9,42.2787806148966,1.89626048416054,1.9325527290364,1.66551562280384,413.909545811093,421.831212154197,1.69739155897133,340.1,140.502811506436,18779.1942450093,0.9,74.7,43.773375,-79.4422883333333,988.1,6.58540172562984,7.30687473730593,0.1,37.4387692610604,28.6,68.6,0.4,0.8,1.7
2018-08-09 17:11:00.600,198.8,42.2817504367834,1.89141604853895,1.9276868465978,1.5670371944508,413.975685171209,421.9143782421,1.59708813702398,354.1,140.443227716437,18815.9330223362,0.9,74.7,43.773375,-79.4422883333333,988.1,6.58303665893832,7.30175076490409,0,37.4396923968735,28.6,89.5,18.7,0.8,1.4
2018-08-09 17:11:01.600,198.8,42.2873261474088,1.89712897425244,1.93345591314618,1.61289593853055,413.934157911074,421.860109104235,1.64377991209174,357.6,140.493214083406,18788.2415821303,0.9,74.8,43.773375,-79.4422883333333,988.2,6.58348247680331,7.30693691094094,0,37.4404100445995,28.6,61.8,332.6,0.7,1.4
2018-08-09 17:11:02.600,198.8,42.288353213758,1.89530753181573,1.93165291191349,1.71751198267509,413.04727063795,420.968096249681,1.75044740683033,352.3,140.49109167981,18815.7026426307,0.9,74.7,43.7733766666667,-79.4422866666667,988,6.58401414192386,7.30089338990253,0,37.4410788907125,28.6,100.5,35.8,0.6,1.5
2018-08-09 17:11:03.600,198.7,42.297155907955,1.89610988943617,1.93243783712441,1.82080465923152,413.337172252951,421.256212579368,1.85568920891405,341.9,140.41854247071,18798.6031700716,0.9,74.7,43.7733766666667,-79.4422866666667,988.1,6.58378350153822,7.30361609260647,0,37.4429287960114,28.6,67.8,346.4,1,1.4
2018-08-09 17:11:04.600,198.6,42.2863745680778,1.89534567718373,1.93173650282829,1.82016706527317,413.347015112096,421.283181343448,1.85511353288113,337.8,140.499525559629,18838.2776034748,0.9,74.6,43.7733783333333,-79.4422866666667,988.1,6.58245580829089,7.3012447198069,0,37.44324332655,28.6,127.7,54.7,0.5,1.1
2018-08-09 17:11:05.600,198.6,42.2954821412645,1.89674097920085,1.93318339599747,1.94684074190383,413.484665339785,421.428972136266,1.98424587050134,339.3,140.427977830899,18850.7280657002,0.9,74.7,43.7733783333333,-79.4422866666667,988.2,6.58515280222694,7.29806812235991,0,37.4441600845371,28.6,165.5,103.3,0.6,1.2
2018-08-09 17:11:06.600,198.5,42.29726849293,1.89534462907792,1.93167399863573,1.62827367109713,413.146547361857,421.065749706188,1.65948500333466,342.4,140.44592057957,18807.4807285713,0.9,74.7,43.7733783333333,-79.4422883333333,988.1,6.58385785759576,7.29737358710597,0.1,37.4450189467564,28.6,190,132.2,0.6,1.3
2018-08-09 17:11:07.600,198.5,42.2907538736057,1.89116912231139,1.92746866319275,1.81564962011661,412.955103522476,420.881652122166,1.85050101864353,342.8,140.478228988596,18833.1561157907,0.9,74.6,43.77338,-79.4422883333333,988.2,6.58563403603693,7.30302315499829,0.1,37.4459552115409,28.6,214,149.5,1.4,3.6
2018-08-09 17:11:08.700,198.4,42.294023815454,1.89549391645068,1.93172598109165,1.74534937009029,412.32548565017,420.206977279083,1.7787102752325,323.1,140.422872511256,18756.2527374248,0.9,74.8,43.77338,-79.44229,988.1,6.58433501550875,7.29840370716645,0.3,37.4468219166122,28.6,237.4,164,2.6,6
2018-08-09 17:11:09.600,198.4,42.2904184168377,1.89538410345829,1.93180874921047,1.62315389032042,411.909615816265,419.825490191134,1.65434453815846,330.2,140.467847488726,18855.1857865271,0.9,74.8,43.77338,-79.44229,988.1,6.58850917089564,7.30532064593648,0.3,37.4473857536894,28.6,246.9,175.5,3.3,5.3
2018-08-09 17:11:10.600,198.3,42.2932813411371,1.89050215186147,1.92665583926103,1.86620727899275,412.028013082541,419.907748443266,1.9018975345978,331.2,140.454096572559,18765.1848871561,0.9,74.9,43.7733816666667,-79.4422916666667,988.2,6.58745400727049,7.30338879167399,0.1,37.4483762420623,28.6,244.1,179.2,1.6,3.5
2018-08-09 17:11:11.700,198.3,42.2928206907333,1.89509366207115,1.93130916926059,1.69300382898686,411.585002032649,419.450456321475,1.72535688783322,337.4,140.474122392318,18751.8702842034,0.9,74.9,43.7733816666667,-79.4422916666667,988.1,6.57980916584723,7.31022165472894,0.1,37.449287171986,28.6,260.1,170.2,2.3,4.7
2018-08-09 17:11:12.600,198.2,42.2956330875498,1.89271405457416,1.92871484660851,1.78510620346523,411.918906642764,419.753887367352,1.81906036661242,334.4,140.4666572341,18665.7085822118,0.9,74.9,43.7733816666667,-79.4422916666667,988.1,6.58739528762208,7.30314606096112,0.1,37.4501009022289,28.5,230.1,167.7,1.5,3
2018-08-09 17:11:13.500,198.2,42.298980722606,1.89386199515039,1.92989358209233,1.58774267093059,410.584483756174,418.396087221066,1.61795251772381,344.2,140.459477392444,18670.4258118798,0.9,74.9,43.77338,-79.4422916666667,988,6.58652775644398,7.30380234648913,0.3,37.4510057616679,28.5,239.8,153.7,1.6,3.2
2018-08-09 17:11:14.700,198.3,42.2960949442177,1.89265659956458,1.92882061072104,1.75146173040168,409.969177491178,417.802767074851,1.78492620664671,342,140.498191276192,18749.495318093,0.9,74.9,43.77338,-79.4422916666667,988.1,6.5789136023402,7.30504749420427,0.5,37.4518617855782,28.5,232.6,160.7,1,2.4
2018-08-09 17:11:15.700,198.4,42.2948343542933,1.89371398959745,1.93000103826471,1.52754507988388,409.144228155616,416.984176110892,1.55681518371214,339.8,140.444434977639,18801.4671890852,0.9,74.9,43.77338,-79.4422916666667,988.2,6.57758275863156,7.29946747178895,0.5,37.4527217326476,28.5,245.7,187.5,1.9,3.1
2018-08-09 17:11:16.600,198.5,42.291826995974,1.89070035673444,1.92660252522245,1.56431768339985,407.93974019691,415.685919118992,1.59402038780168,342.6,140.49454239943,18634.6166031716,0.9,74.9,43.77338,-79.4422916666667,988.1,6.58327944645958,7.30176481023096,0.3,37.4537746351118,28.5,216.5,179.2,0.9,3
2018-08-09 17:11:17.700,198.7,42.2956012702303,1.89128783268259,1.92711303180599,1.78339944595215,407.876650972476,415.602651573313,1.81718017472838,346.5,140.458539902478,18589.8429377067,0.9,74.9,43.77338,-79.4422916666667,988.1,6.58657298756686,7.29943560351737,0.3,37.4544298437825,28.5,260.4,183.8,1.5,3.9
2018-08-09 17:11:18.500,198.8,42.3017505246229,1.89572516561718,1.93171451197001,1.7809648832205,406.894877387941,414.619669656656,1.81477458139528,347.9,140.425520317387,18630.9628772373,0.9,74.9,43.77338,-79.4422916666667,988.2,6.57437276269875,7.30316961598405,0.7,37.4555198619413,28.5,237.6,162.5,2.1,4.3
2018-08-09 17:11:19.700,198.8,42.3015434393811,1.89291955523807,1.92894226624072,1.65894463070863,406.451605613001,414.18654110693,1.6905160019648,345.4,140.490971474465,18674.9680207972,0.9,74.7,43.7733816666667,-79.4422916666667,988.2,6.58223438945136,7.29594859506583,0.5,37.4560206287438,28.5,244.5,173.7,2.4,5.2
2018-08-09 17:11:20.500,198.8,42.3090989717365,1.89178220926048,1.92751677951497,1.63582847935608,405.773466165261,413.438124694003,1.66672728392799,342.6,140.426364662276,18538.9325776337,0.9,74.7,43.7733816666667,-79.4422916666667,988.1,6.58698334556295,7.30100755321861,0.3,37.4571603427545,28.5,242.5,179.2,2.5,5.1
2018-08-09 17:11:21.700,198.8,42.3076308471272,1.89255765472726,1.92819898479734,1.75587118965604,405.217190891968,412.848267084326,1.78893806027581,342.5,140.456459512967,18484.0369666764,0.9,74.7,43.7733833333333,-79.4422933333333,988.1,6.5894713762917,7.30286704380842,0.1,37.4578418160127,28.5,247.5,170.2,2.2,4
2018-08-09 17:11:22.700,198.7,42.3108959437983,1.89673794670547,1.93245635949616,1.59826344476381,404.338960581396,411.953110368216,1.62836128914357,326.6,140.471357209305,18483.1882306144,0.9,74.6,43.7733833333333,-79.4422933333333,988.1,6.58001434980622,7.30151302228652,0,37.4583911782945,28.5,256.5,186.7,2.2,4.4
2018-08-09 17:11:23.500,198.6,42.3126676333182,1.8957240135378,1.93157358868655,1.65253749948902,404.321777827918,411.967808670025,1.68379018878882,188.9,140.431765891074,18559.8734024755,0.9,74.9,43.773385,-79.442295,988.1,6.58084597748265,7.30590926510769,0.1,37.4598071642105,28.5,250.4,179.2,2.2,4.5
2018-08-09 17:11:24.700,198.6,42.3086087547828,1.89393821251558,1.92942351904254,1.60184941371739,404.272470458494,411.847239048323,1.63186221157396,181.4,140.485547047963,18392.0236422184,0.9,74.9,43.773385,-79.442295,988.2,6.58728182715468,7.30020544142083,0.1,37.4605638238009,28.5,267.2,185.4,2,2.9
2018-08-09 17:11:25.700,198.6,42.3136935961622,1.8935740795867,1.92902772328659,1.68384141073421,404.002442483648,411.566697900134,1.71536913771102,185.4,140.453059248212,18379.0917910055,1.7,74.9,43.773385,-79.4422966666667,988.1,6.57916472658238,7.3010795327921,0.1,37.4615716654366,28.5,243,157.7,1,2.7
2018-08-09 17:11:26.700,198.5,42.3152931453873,1.89398199975543,1.92930799975542,1.66549965879218,403.971732601318,411.506383281532,1.69656381532782,193.3,140.479590099968,18310.063031458,1.7,74.9,43.7733866666667,-79.4422966666667,988,6.58314615792156,7.30087362366633,0.1,37.4621965046723,28.5,256.3,199.7,1.1,2.2
2018-08-09 17:11:27.700,198.4,42.3165794488049,1.89554992870876,1.93094207034305,1.84032689573687,404.069455916244,411.61377479489,1.87468136121722,179.3,140.462972443208,18328.731844011,1.7,75,43.7733866666667,-79.4422983333333,988,6.57997494461381,7.29875181133206,0.1,37.4632759840653,28.5,244.4,130.7,0.4,1.1
2018-08-09 17:11:28.500,198.4,42.3167757967982,1.89652532841975,1.93225377009566,1.63825847344057,404.010805791727,411.621840219793,1.66912195895863,231.5,140.462575829238,18490.4132518626,1.7,74.9,43.7733866666667,-79.4423,988.1,6.58084611567602,7.29879935772171,0,37.4640534686955,28.6,221.7,167.7,0.9,1.6
2018-08-09 17:11:29.700,198.4,42.3172977485346,1.8936478740758,1.92925819197378,1.64173669396813,403.784912669019,411.378092807141,1.6726051170545,311,140.493131134002,18458.0453739182,1.7,74.9,43.7733866666667,-79.4423,988,6.5813943502177,7.30404022589512,0,37.4647848343103,28.6,254.1,196.4,0.5,0.8
2018-08-09 17:11:30.500,198.4,42.316292516646,1.89451624029889,1.93002450144628,1.9500730731192,403.196998076605,410.753915529032,1.986623340925,228.6,140.445233956574,18397.7631185864,1.7,74.9,43.7733866666667,-79.4423016666667,988,6.58489987927538,7.29794417916339,0,37.4658202750691,28.6,3.9,283.6,0.4,1.6
2018-08-09 17:11:31.700,198.5,42.3182836544368,1.89559773622518,1.93124425990773,1.92869383887349,403.246623468448,410.829769765985,1.96495983246517,343.4,140.494722134732,18458.0295944344,1.7,74.9,43.7733866666667,-79.4423016666667,988,6.57470352048085,7.29671327512566,0.1,37.466481703803,28.6,352.8,294.9,0.9,1.7
2018-08-09 17:11:32.700,198.5,42.3199929145932,1.89796152395018,1.93376465076684,1.63215515348631,402.613127593081,410.207979629714,1.6629425051087,358.2,140.454812367108,18514.6288186373,1.7,75,43.7733883333333,-79.4423033333333,988,6.57494120879939,7.30749055142335,0,37.4673117798129,28.6,35.1,336.6,0.5,1.3
2018-08-09 17:11:33.700,198.5,42.3236935736059,1.90211882973429,1.93800892396862,1.51457617164052,402.707146198431,410.305709165847,1.54315652861474,330,140.42937995535,18519.2804928542,1.7,74.9,43.7733883333333,-79.442305,988,6.5738293625123,7.30648856476192,0,37.4684848971794,28.6,65.9,0.4,0.7,1.7
2018-08-09 17:11:34.700,198.5,42.3207113158569,1.89861805219815,1.9341494129811,1.56362775626466,402.650352237561,410.185578525961,1.59289940999487,302.6,140.484380233407,18370.2738026911,1.7,74.9,43.7733883333333,-79.442305,988.1,6.57792558644412,7.30560287499907,0,37.4692637719523,28.6,85.6,16.6,1,1.8
2018-08-09 17:11:35.700,198.5,42.3235628023791,1.89386208129346,1.92942296992522,2.01300534257738,403.013299041557,410.580555650928,2.05080855440588,337.1,140.42947458693,18430.6871083636,1.7,74.9,43.7733883333333,-79.4423066666667,988,6.58320008493425,7.29357702445586,0.1,37.4704657435562,28.6,98.2,24.8,0.8,1.7
2018-08-09 17:11:36.700,198.4,42.3205416432844,1.89112095272875,1.92657367974947,1.68132630617406,402.786509448631,410.337414620871,1.71283680651771,342.5,140.470374902809,18401.6781742803,1.7,74.9,43.77339,-79.4423066666667,988.1,6.5887972531128,7.29813460171515,0,37.4713742863099,28.6,105.8,25.5,0.9,1.4
2018-08-09 17:11:37.700,198.3,42.3103149652168,1.89770905956567,1.93358252033937,1.51617155892745,402.792568424408,410.406731780858,1.5448312272645,349.1,140.464735451593,18552.6450245467,1.7,74.9,43.77339,-79.4423083333333,988.2,6.57931173887362,7.30399761069011,0.1,37.4720362959311,28.6,106.4,41.3,0.6,0.6
2018-08-09 17:11:38.700,198.3,42.304988361243,1.89526297673047,1.93096392091193,1.63617341249267,403.155610607919,410.749790086949,1.6669934357622,341,140.441306672316,18488.547610643,1.7,75,43.77339,-79.4423083333333,988.1,6.58436492397419,7.30066981728203,0.1,37.4725858096045,28.6,110.9,0.4,0.3,0.5
2018-08-09 17:11:39.700,198.4,42.2992038242216,1.89558808335199,1.93118179842588,1.62683693874737,402.512980918216,410.070834794525,1.65738425498643,327.2,140.47827625757,18430.7446725628,1.7,74.9,43.7733916666667,-79.4423083333333,988.1,6.58014490611557,7.3073588727034,0.1,37.4734439807863,28.6,88.9,90.8,0.2,0.4
2018-08-09 17:11:40.700,198.6,42.2983511534572,1.89617449315655,1.93199427300415,1.60204440755567,402.301474224775,409.901089974968,1.63230685275982,349.3,140.454375429748,18540.1428008235,1.7,74.9,43.7733916666667,-79.4423083333333,988,6.58357454012778,7.30522346725126,0.1,37.4742733752046,28.6,189.6,118,0.4,0.8
2018-08-09 17:11:41.500,198.7,42.298209933978,1.89752271149301,1.93337758442397,1.56122382342445,403.248116260861,410.867792728214,1.59072243010155,350.2,140.482504223539,18545.3196508099,1.7,75,43.7733933333333,-79.4423083333333,988.1,6.57601761319726,7.29899554788939,0.1,37.475189877906,28.6,212.3,151.6,0.4,0.9
2018-08-09 17:11:42.700,198.9,42.297743306376,1.89655175555861,1.93226275165732,1.7060225843164,403.165461405704,410.756909635893,1.73814740067123,337.6,140.459586451008,18481.5878258302,1.7,75,43.7733933333333,-79.4423083333333,988.1,6.58138554695098,7.30015276640865,0,37.4758954195967,28.6,266.6,218.7,0.3,0.6
2018-08-09 17:11:43.700,199.1,42.2972392690468,1.89874992266469,1.9345773894052,1.76393111645688,403.871568471699,411.492117661484,1.79720753720343,224.4,140.468389453646,18519.3792963335,1.7,75,43.7733933333333,-79.4423083333333,988,6.57079690297607,7.3030364887251,0,37.4769579149,28.6,254.2,179.2,0.1,0.4
2018-08-09 17:11:44.700,199.3,42.2984721893372,1.89880919527421,1.93477340829229,1.58507375903829,404.313624506597,411.971420118068,1.61509226494935,178.4,140.485123175654,18588.1306361835,1.7,75,43.773395,-79.4423066666667,988,6.5739856079612,7.30707028502176,0,37.4777392899397,28.6,165.8,43.8,0.2,0.5
2018-08-09 17:11:45.700,199.5,42.3047908898284,1.89390414018902,1.92963315097279,1.70432958226082,404.555717733629,412.187737138293,1.73648637042871,189.9,140.446874616915,18515.8649504527,0.9,75,43.773395,-79.442305,988.1,6.58729565680753,7.30091423560538,0.1,37.4785771873625,28.6,120,29.9,0.2,0.6
2018-08-09 17:11:46.700,199.7,42.3068696895298,1.89168918442969,1.92719779441117,1.58074535633975,404.939484534527,412.540595940013,1.61041768022435,189.5,140.492692513893,18425.1119346918,0.9,75,43.7733966666667,-79.4423033333333,988.1,6.58534268970814,7.30114451184081,0.1,37.4796484572462,28.6,95.7,16.9,0.4,1
2018-08-09 17:11:47.700,199.9,42.3118142690849,1.8928978392435,1.92841975969387,1.77989439977972,405.45481748039,413.063577645066,1.81329476548696,189.4,140.451167001632,18420.2644609882,0.9,75,43.7733966666667,-79.4423016666667,988,6.58184001079859,7.30189834079561,0,37.4803109133477,28.6,67.2,0.4,0.3,0.6
2018-08-09 17:11:48.700,200,42.3166136429924,1.89039685192221,1.92587164125164,1.98648557475935,406.257694207909,413.881460353401,2.02375989847901,331.2,140.438544020861,18420.1247885715,0.9,75,43.7733983333333,-79.4423,988.1,6.58350185919651,7.29559277460782,0,37.4814598988106,28.6,75.4,13.8,0.5,0.8
2018-08-09 17:11:49.700,200.1,42.3132529024629,1.89329315416289,1.92884700711064,1.6582935304373,406.66919971298,414.306007409948,1.68943244721529,315.8,140.473154204016,18432.6416407889,0.9,75,43.7734,-79.4422983333333,988,6.58056824076017,7.29667322781529,0.1,37.4823425217611,28.6,131.3,67.4,0.2,0.6
2018-08-09 17:11:50.700,200.1,42.3184798395064,1.89110905818563,1.92662558486836,2.05065409103866,406.616083068725,414.252641073546,2.08916436610267,172.5,140.429340600791,18434.555884701,0.9,75,43.7734016666667,-79.4422983333333,988.1,6.58555527630198,7.3011046167551,0.1,37.4831929019956,28.6,165.7,90.8,0.2,0.4
2018-08-09 17:11:51.700,200.3,42.3152453276688,1.89081372071873,1.92630366089019,1.63026961865272,406.149240050945,413.77261885468,1.66087749847704,174.8,140.468798062666,18424.0888272273,0.9,74.9,43.7734016666667,-79.4422983333333,988.2,6.58536138070911,7.30467984274034,0.1,37.4839081595326,28.6,164.7,90.8,0.2,0.4
2018-08-09 17:11:52.700,200.4,42.3139331527631,1.89640548416002,1.9319539025727,1.52437609493346,406.887825807088,414.515168386071,1.55296915126144,195.2,140.460595639857,18400.5852669693,0.9,74.9,43.7734016666667,-79.4422966666667,988.2,6.5790912626152,7.30220597284988,0.1,37.4851469260415,28.6,162.6,90.8,0.2,0.4
2018-08-09 17:11:53.700,200.4,42.3151723298432,1.89396513651035,1.92968523298432,1.81071804577462,407.65490855136,415.343226981919,1.84486885865239,192.2,140.45158298038,18510.9105403207,0.9,74.9,43.7734033333333,-79.4422966666667,988.1,6.58012708642332,7.29838916646985,0.1,37.4859327037027,28.6,116.6,64.4,0.2,0.5
2018-08-09 17:11:54.700,200.5,42.3087033337664,1.89394986953669,1.92957656901352,1.72821805163719,408.040793066166,415.71633378287,1.76071926704491,199,140.476474417507,18463.4984956078,0.9,75,43.7734033333333,-79.4422966666667,988.1,6.57941966675329,7.30086668694134,0.1,37.4864394129595,28.6,119.7,90.8,0.2,0.2
2018-08-09 17:11:55.700,200.6,42.3067284252746,1.89330250538051,1.92908284921611,1.68724066953524,408.154883427136,415.868293076647,1.71911573864577,188.7,140.46713002962,18547.6542301567,0.9,75,43.773405,-79.4422966666667,988.1,6.58187886687688,7.29889491757367,0.1,37.4874250712082,28.6,63.7,0.4,0.2,0.5
2018-08-09 17:11:56.700,200.7,42.3081920671366,1.89091336541475,1.9264994675417,1.94149116239691,408.422204065814,416.108484334939,1.978027715546,312.3,140.48284944294,18471.7894562103,0.9,75.1,43.773405,-79.4422966666667,988.1,6.58446787756671,7.29610362416751,0.1,37.4881060176523,28.6,68.4,0.4,0.4,0.8
2018-08-09 17:11:57.700,200.8,42.3121958800963,1.8938856211049,1.92963449866547,1.70087195392622,408.539636338137,416.251178631461,1.73296887275525,272.4,140.458893878029,18526.1968469433,0.9,75,43.7734066666667,-79.442295,988.2,6.574135035631,7.29538500734054,0,37.4893216367519,28.6,82.1,0.4,0.4,0.5
2018-08-09 17:11:58.700,200.9,42.3135307641374,1.893694476074,1.92949866162326,1.53097929834477,408.344894552661,416.0655523926,1.55991440162158,344,140.477103442432,18556.2054509979,0.9,75,43.7734066666667,-79.4422933333333,988.1,6.57387174503202,7.30079508719131,0,37.4902995271423,28.6,75.4,0.4,0.4,1
2018-08-09 17:11:59.700,201,42.3122582272512,1.89605089940091,1.93169813291298,1.8754032841695,408.630587677054,416.313159929065,1.9106621127614,325.3,140.477314474844,18453.7300913893,0.9,74.9,43.7734066666667,-79.4422916666667,988.1,6.57202035192408,7.29638237973496,0,37.4909581786785,28.7,58,337.6,0.5,0.9
2018-08-09 17:12:00.700,201.1,42.3096043289548,1.89841395000538,1.9341907198194,1.95032899745584,408.840463461344,416.54533664242,1.9870698637198,324.5,140.451409721268,18497.0862939559,0.9,74.9,43.7734066666667,-79.4422916666667,988.2,6.57248477469606,7.29704015060942,0,37.4919316578943,28.7,33.4,333,0.5,1
2018-08-09 17:12:01.700,201.1,42.3046720985195,1.89518413617442,1.93095854551385,1.71090402612583,408.368469097619,416.077078282006,1.7431902813205,78.7,140.484621447106,18526.9034721701,0.9,74.9,43.7734066666667,-79.44229,988,6.57295472730888,7.29702086183345,0.1,37.4925753022019,28.7,51.6,309.3,0.4,0.7
2018-08-09 17:12:02.700,201.2,42.3028629716924,1.8934700665343,1.92904658173503,1.83560271732854,408.944938042782,416.628610317723,1.87008923199241,69.4,140.434045178047,18442.6390209764,0.9,74.9,43.7734066666667,-79.4422883333333,988.1,6.58178227098233,7.29033902684428,0.1,37.4937668081822,28.7,11.2,292,0.3,0.6
2018-08-09 17:12:03.700,201.3,42.2983428041724,1.89206590866296,1.92779488659661,1.8030614130274,408.157006790552,415.864514892924,1.8371094114347,77.9,140.443920527003,18533.675908251,0.9,75,43.7734066666667,-79.44229,988.1,6.58049889729043,7.30235416644503,0,37.4946808815164,28.7,337.6,269.8,0.4,1.1
2018-08-09 17:12:04.700,201.3,42.2934558180025,1.89383101735199,1.92951382101506,1.8119328412967,408.129514196888,415.81943003264,1.84607527276149,76.5,140.466149377324,18493.2764866265,0.9,75,43.7734066666667,-79.44229,988,6.57757923307865,7.30421281827682,0,37.4956487553495,28.7,344.8,269.8,0.4,0.6
2018-08-09 17:12:05.700,201.4,42.2984937893188,1.89223943520566,1.92784675740624,1.76808328125209,408.29528777315,415.978518666427,1.8013569798659,36.8,140.444086686445,18470.253311197,0.9,74.9,43.773405,-79.44229,988.1,6.58187345556722,7.3000696520703,0,37.4964065812647,28.7,344.8,269.8,0.2,0.3
2018-08-09 17:12:06.700,201.3,42.2978146966939,1.89209665413475,1.92783687689171,1.81443487175883,408.230286803778,415.941613382351,1.84870081436768,22.3,140.490077429174,18539.4236410104,0.9,75,43.773405,-79.4422916666667,988,6.5774051100622,7.29592595090069,0.1,37.497170300581,28.7,254.2,179.2,0.1,0.4
2018-08-09 17:12:07.700,201.3,42.3017587287107,1.8934624531676,1.92936376110481,1.64578925903547,408.511841988348,416.257576273109,1.67699428406075,30.4,140.458468262268,18608.0786113719,0.9,75,43.773405,-79.4422933333333,988.1,6.57559021890246,7.30167452080586,0.1,37.4980687934989,28.7,203.8,135.8,0.1,0.5
2018-08-09 17:12:08.700,201.3,42.3047391506328,1.89487777909311,1.93066234214305,1.6824447470861,409.091589392633,416.81716341096,1.71421773489108,38.1,140.456649763955,18534.7521558284,0.9,75,43.773405,-79.442295,988,6.57472997031774,7.30062208944339,0.1,37.4986421117943,28.7,173,61.2,0.3,0.9
2018-08-09 17:12:09.700,201.3,42.3069722613205,1.89324397888414,1.92885830910392,1.73794778080838,409.237373225188,416.935491240533,1.77064415640513,27.1,140.471856751137,18463.660686811,1,75,43.773405,-79.4422966666667,988.1,6.57343848805414,7.30070586255675,0.1,37.4995047749621,28.7,130.6,44.2,0.5,1
2018-08-09 17:12:10.700,201.3,42.3078186251998,1.89262775263091,1.92845645502547,1.84426104516811,408.938692744327,416.679960686739,1.87917358577703,24.8,140.471120871911,18578.5768200684,1,75,43.7734033333333,-79.4422983333333,988.1,6.57427207091405,7.30542077726155,0.3,37.5004673202333,28.7,130,43,0.6,1.3
2018-08-09 17:12:11.500,201.3,42.3055840849953,1.89346336121673,1.92940545932871,1.80534230573568,409.136250383077,416.902540686191,1.83961539775455,23.2,140.482563742749,18628.5637248316,0.9,75,43.7734033333333,-79.4422983333333,988.2,6.57363983903743,7.30528291250581,0.1,37.5014745627682,28.7,111.3,24.7,0.5,0.5
2018-08-09 17:12:12.500,201.4,42.3063811313371,1.8921428199007,1.92797019227529,1.67339538430816,409.769502303261,417.528492974632,1.7050786157215,17.7,140.460337475491,18583.0702789614,1,75,43.7734033333333,-79.4423,988.1,6.57409584993706,7.29909937478921,0.1,37.5024418737745,28.7,352,264.9,0.6,2
2018-08-09 17:12:13.700,201.5,42.3017255357736,1.89780183031217,1.93371167067992,1.75560436811391,410.067909039242,417.827084595217,1.78880632388731,29.4,140.471066083982,18570.454474013,0.9,75.1,43.7734033333333,-79.4423,988.1,6.57468940915416,7.29770787457468,0.1,37.5034819452151,28.7,335.7,279.4,1,2
2018-08-09 17:12:14.500,201.6,42.2987978805696,1.89528428459343,1.93099738186622,1.94781345394819,410.074359128803,417.801491790133,1.98451350449741,23.5,140.449173704048,18494.8629592631,0.9,75,43.7734016666667,-79.4423016666667,988.1,6.57470025496945,7.29581173803145,0.3,37.5043345433165,28.7,7.6,294.7,0.8,1.1
2018-08-09 17:12:15.700,201.7,42.2957240199456,1.89272263835703,1.92842649878392,1.74216982005245,409.322342179002,417.043690704202,1.77503798352465,3.3,140.45328797059,18514.4762369813,0.9,74.9,43.7734033333333,-79.4423033333333,988.1,6.57269014212736,7.30101253454347,0.5,37.5051761652377,28.7,30.5,335.4,0.6,0.9
2018-08-09 17:12:16.700,201.9,42.2932144822116,1.8926566374394,1.9284060213128,1.582227941942,409.126027467837,416.8537702188,1.61211534612609,5.2,140.477879931516,18538.2409735315,0.9,75,43.7734033333333,-79.442305,988,6.57449880435125,7.29931092720047,0.5,37.5060251799733,28.7,24.7,232.7,0.2,0.8
2018-08-09 17:12:17.700,202,42.2968111264563,1.89075674864937,1.92663785069367,1.73970144946852,408.824393888458,416.582686868699,1.77271374394125,6.2,140.447606284835,18623.670564297,0.9,75,43.7734033333333,-79.442305,988.1,6.57610354050635,7.29706776326234,0.5,37.5067731183475,28.7,251.3,207.1,0.5,1.3
2018-08-09 17:12:18.700,202.1,42.2972090405198,1.89157560663117,1.92752758643619,1.7036580271476,408.868731939395,416.639729222175,1.73602287997406,5.9,140.474244156016,18651.6845729276,1,75,43.7734033333333,-79.4423066666667,988,6.57453587271942,7.29982082764975,0.3,37.5074777885158,28.7,303.1,242.3,1,2.1
2018-08-09 17:12:19.700,202.2,42.2987518980882,1.89538487820855,1.93135288953571,1.51308788457493,409.065244378311,416.827977427286,1.54178183175839,29.3,140.459897071913,18623.3050023388,1.1,75,43.773405,-79.4423066666667,988.1,6.57281909815783,7.30185242110703,0.5,37.5083421340979,28.7,334.7,269.8,0.8,1.3
2018-08-09 17:12:20.700,202.4,42.3018880408159,1.89338953311246,1.92915092006113,1.82875727432268,408.635910045977,416.354104167117,1.86330688724329,30.8,140.450157913117,18537.6685801753,1.1,75,43.773405,-79.4423066666667,988.1,6.57400856362915,7.30301553444868,0.5,37.5088884835418,28.7,2.3,319.1,0.3,0.4
2018-08-09 17:12:21.700,202.5,42.3031046148152,1.88914915745678,1.9248393192241,1.93925832554835,408.542828362468,416.261059195996,1.97589923100679,36.2,140.485453201518,18541.9590266577,1.1,75.1,43.773405,-79.4423083333333,988.1,6.57911437455839,7.30152726860309,0.3,37.5093819435881,28.7,276,228.9,0.4,0.9
2018-08-09 17:12:22.700,202.6,42.3082239649935,1.89290730481213,1.92845738491045,1.70242744935146,408.67517078054,416.350294211196,1.73440113238381,29.9,140.458076269923,18434.2885113949,1.3,75.1,43.7734066666667,-79.4423083333333,988,6.57539585937681,7.29413236612582,0.3,37.5106578800835,28.7,305.5,242,0.6,1.2
2018-08-09 17:12:23.700,202.7,42.3108351648364,1.89481021285759,1.93056643243449,1.56382842688619,408.297811090643,416.002629242911,1.59335252131325,20.2,140.462785795701,18521.0976069606,1.3,75.2,43.7734083333333,-79.4423116666667,988.1,6.56812794871408,7.29734386426537,0.3,37.5114288441189,28.7,296.4,269.8,0.3,0.3
2018-08-09 17:12:24.500,202.7,42.3152475088764,1.8935291623525,1.92946436483192,1.70132836007137,408.064628541107,415.808899644946,1.73361640567287,20.4,140.453648745413,18624.6701725675,1,75,43.77341,-79.4423133333333,988.1,6.56734554075179,7.29755787795299,0.3,37.5120414079143,28.7,145.2,0.4,0.3,0.4
2018-08-09 17:12:25.700,202.7,42.3173246613134,1.89616242578504,1.93211474206751,1.66448933968648,407.918255836023,415.652672118488,1.69604890090513,114,140.457562104914,18607.9664410124,1,74.9,43.77341,-79.442315,988.1,6.56829559572498,7.29807138977769,0.1,37.5129165273808,28.7,227.9,269.8,0.2,0.4
2018-08-09 17:12:26.700,202.8,42.3133709232503,1.89625635086538,1.93217235066114,1.56750584100942,407.88293696065,415.608520625057,1.59719709097161,70.5,140.478216151775,18588.5633656845,1,74.9,43.7734116666667,-79.4423166666667,988.1,6.56511874676994,7.29931235382688,0.1,37.5136718638612,28.7,326.6,0.4,0.1,0.2
2018-08-09 17:12:27.700,202.8,42.3110169905069,1.89363072748553,1.92961680549076,1.65230222041662,407.49756016935,415.241741230764,1.6837204929311,54.5,140.463332238359,18649.8643911503,1,74.9,43.7734116666667,-79.4423183333333,988.2,6.56778191972962,7.3037316909978,0.3,37.5145517463113,28.7,102.8,20.6,0.4,0.9
2018-08-09 17:12:28.700,202.9,42.3105071831058,1.88974598733852,1.92564194597159,1.90729013389883,407.407660088329,415.146432595886,1.94350900680404,82.1,140.474148707283,18641.2080827811,1,74.9,43.773415,-79.44232,988.1,6.57499710332586,7.30069341418941,0.1,37.5151685772973,28.7,87.6,0.4,0.2,0.6
2018-08-09 17:12:29.700,203,42.3105780169452,1.89061622446358,1.92629515745326,1.92926363702587,407.559759947908,415.250970793386,1.96566927128372,68.8,140.443851202753,18521.8257628214,1,75,43.7734166666667,-79.4423233333333,988.1,6.57833343097578,7.29593326724056,0.1,37.5163063197653,28.7,87.5,346.8,0.6,1.5
2018-08-09 17:12:30.700,203.1,42.3090080699375,1.89248468095704,1.92829060197973,1.78893915490088,407.143566418067,414.846638010646,1.82278479490023,116.3,140.458823762497,18568.4112941917,1,74.9,43.7734183333333,-79.442325,988.1,6.57098139508219,7.30284438939496,0.1,37.5170349108455,28.7,29.1,308.5,0.7,0.7
2018-08-09 17:12:31.700,203.3,42.3086006373913,1.89436694054492,1.93016263451136,1.74704583448485,406.887900942531,414.576409158646,1.78005666911529,133.3,140.4711906224,18545.4398322064,1,74.9,43.77342,-79.4423266666667,988.1,6.57017344950573,7.30220326795222,0.1,37.5178461232892,28.7,335.4,295.8,0.2,0.5
2018-08-09 17:12:32.700,203.4,42.3109789558142,1.89621560082462,1.93202642898531,1.66546035415646,406.641498272702,414.321119599695,1.69690952982201,137,140.447907689925,18535.5009141709,1,74.9,43.7734216666667,-79.4423283333333,988,6.56977963813859,7.30360084588536,0,37.5187631218464,28.7,21.9,306.4,0.4,1.1
2018-08-09 17:12:33.500,203.5,42.3108149516857,1.89481031760746,1.93055445900984,1.63212654715562,406.523518503935,414.192128883121,1.66290887339193,162.1,140.475374088329,18514.704151605,1,74.9,43.7734233333333,-79.4423283333333,988.1,6.56836648613583,7.30295996497799,0,37.5194514805202,28.7,75.3,30.8,0.6,1.3
2018-08-09 17:12:34.700,203.7,42.3084526737644,1.89093425470617,1.92640408959804,1.65288946458528,406.4281411853,414.051730181242,1.68389742044784,136.8,140.453074845166,18412.2907970755,1,74.9,43.773425,-79.44233,988.1,6.57492364163563,7.29465975142047,0,37.520200655251,28.7,344.8,283.2,0.7,1.2
2018-08-09 17:12:35.700,203.8,42.3057794585206,1.89275856525354,1.92836000339638,1.5565220350436,406.005077862251,413.641573493366,1.58579807612733,161.1,140.457586393548,18461.7663564983,1,74.9,43.7734266666667,-79.4423316666667,988.1,6.57158726705378,7.30036577121259,0,37.5210368653635,28.7,29.1,346.2,0.7,1.2
2018-08-09 17:12:36.700,203.9,42.3044080357858,1.8972611990433,1.93317574633735,1.4511027276049,406.345072344081,414.037093697456,1.47856954071035,193.4,140.478998366824,18578.0254088942,1,74.9,43.7734283333333,-79.4423316666667,988.1,6.56188081510692,7.30098323793138,0,37.5219204949564,28.7,90.4,13.4,1,1.4
2018-08-09 17:12:37.700,204,42.306183038416,1.89712665774243,1.93313286629887,1.56531482242688,406.493655658152,414.208684525439,1.59502940555496,172.9,140.45907182305,18625.9650765814,1,74.9,43.7734283333333,-79.4423333333333,988,6.56405557284681,7.29582638349094,0.1,37.5228399445862,28.7,90.4,39.2,0.4,0.5
2018-08-09 17:12:38.700,204.1,42.3063025374396,1.89310282604967,1.92893062696702,1.95456423925802,406.188564289948,413.875747081987,1.99154230732581,179.2,140.466705302318,18573.7114110255,1,74.9,43.77343,-79.4423333333333,988.1,6.56910608887216,7.29548581025476,0.1,37.5236727992792,28.7,117.3,28.4,0.3,0.7
2018-08-09 17:12:39.700,204.1,42.3058660337894,1.89063766702963,1.92623040674852,2.12505726156374,406.835484158472,414.494444214788,2.16506279620487,157.9,140.451083211862,18477.8177750648,1,75,43.7734316666667,-79.442335,988.1,6.57107559313457,7.29619763766601,0.1,37.5243863887182,28.7,22.2,269.8,0.3,0.6
2018-08-09 17:12:40.700,204.2,42.3032684437704,1.89347918332805,1.92908074053228,1.90015381752507,407.301487141778,414.959708352893,1.93588220271081,184.9,140.466792790596,18455.2537003739,1,75.1,43.7734333333333,-79.442335,988.1,6.56966250783271,7.29827840311679,0,37.5253223365224,28.7,343.7,295.5,0.5,0.8
2018-08-09 17:12:41.700,204.4,42.3001827188946,1.89495715086615,1.93064856755265,1.70419470726805,407.551518068205,415.227725489861,1.73629397163396,270.9,140.473345258499,18486.714193305,1,75.2,43.7734333333333,-79.442335,988,6.57021781684449,7.29529267233927,0.1,37.525971122967,28.7,75.6,28.4,0.4,0.7
2018-08-09 17:12:42.700,204.5,42.2999581137907,1.89418150419293,1.9298777497092,1.73783108385858,407.642650250902,415.32468366584,1.77058091200937,258.1,140.466909637649,18496.5719737207,1,75,43.773435,-79.442335,988.1,6.57009192951164,7.2966399731922,0,37.5269796645657,28.7,111.5,269.8,0.2,0.5
2018-08-09 17:12:43.700,204.7,42.2967324420411,1.89470737398685,1.93038052055207,1.60771573433823,407.610736548872,415.285116011254,1.63798460572823,283.1,140.474674224856,18479.9469904736,1,74.8,43.773435,-79.442335,988,6.56951632292881,7.30181136385382,0,37.5279119641588,28.7,14.7,310.2,0.6,1.5
2018-08-09 17:12:44.700,204.8,42.298260541804,1.8948155001583,1.93052070687788,1.56147530897157,407.914780502954,415.601283074393,1.59089941426415,275.4,140.438559238066,18495.0779433963,1,75,43.7734366666667,-79.442335,988.1,6.57148345793417,7.30131291592306,0,37.5287094275139,28.7,12.5,306.8,0.9,1.9
2018-08-09 17:12:45.700,204.9,42.2974206513087,1.89351712611099,1.92914131448329,1.48177677638523,408.36560053761,416.048374084148,1.50965915193241,270.6,140.461962462036,18466.2010691766,1,75,43.7734383333333,-79.442335,988,6.56748735473757,7.29627844204303,0,37.5292887673064,28.7,80.1,0.4,1.4,2.3
2018-08-09 17:12:46.700,205,42.2941772475821,1.89226950995913,1.92799116036263,1.74011041813734,408.618003278302,416.331768431592,1.77299149645531,323.4,140.463295834616,18527.8634041785,1,75,43.7734383333333,-79.442335,988,6.56932395815117,7.29212682451382,0.1,37.5298926193556,28.7,44.2,350.5,1.2,1.8
2018-08-09 17:12:47.700,205,42.297008644084,1.8916656553648,1.92738311299069,1.71494892943074,408.583315253632,416.297911863534,1.74735189547897,329.4,140.449738418236,18531.3137847077,1,75,43.7734383333333,-79.442335,988.1,6.57308405650112,7.29445268364422,0.1,37.5308670621512,28.7,78.5,0.4,0.9,2.1
2018-08-09 17:12:48.700,205.1,42.2955122926388,1.89082887066063,1.92643691960089,1.80320733060172,408.144216329946,415.830305311087,1.83716962937813,340.1,140.475780795231,18483.6717223028,1,74.9,43.77344,-79.442335,988.1,6.57214962741932,7.29480868729028,0,37.5317584888186,28.7,64.7,346.1,1,1.8
2018-08-09 17:12:49.700,205.2,42.2965429991726,1.89133341106945,1.92691341301082,2.08106137142885,408.043290487327,415.719483312609,2.12021180843861,336.8,140.446734584895,18464.8385018699,1,74.9,43.77344,-79.442335,988.1,6.57209407881003,7.293813504791,0,37.5328702197436,28.7,52.3,318.8,1.1,2.1
2018-08-09 17:12:50.700,205.3,42.2997429110815,1.89528385661847,1.9310532516608,1.86680884281204,408.12378250287,415.826296347115,1.90202800568618,337.3,140.460169832677,18523.2943588991,1,74.9,43.77344,-79.442335,988.1,6.56955864724439,7.29779752775329,0,37.533550917579,28.7,6.1,258.5,1.1,2.7
2018-08-09 17:12:51.700,205.5,42.3038215195873,1.89361662915896,1.92938232845399,1.77043001411595,407.63784280347,415.337199045094,1.80386726413856,343.2,140.475202070128,18537.5681350763,1,75,43.77344,-79.442335,988,6.56699891657007,7.30101677255313,0,37.5343467341842,28.7,330.3,261.9,2.4,4.9
2018-08-09 17:12:52.700,205.6,42.3103197963576,1.89285809720103,1.92860297582122,1.76472100842752,407.445735785312,415.140006732605,1.79804468802547,330.2,140.463487313955,18534.2476110971,1,74.7,43.7734383333333,-79.4423366666667,988.1,6.57126289710457,7.30045904647768,0.1,37.5353909005428,28.7,339.9,256.3,1.9,3
2018-08-09 17:12:53.700,205.6,42.3125548347806,1.89642929365607,1.93216658007675,1.6130236586207,407.76498658339,415.449184014657,1.64342685980926,332.7,140.469102876266,18496.1129573892,1,74.7,43.7734383333333,-79.4423366666667,988.1,6.56648629947777,7.2994701820731,0.1,37.5360194889652,28.7,337.3,261.1,2.4,4.6
2018-08-09 17:12:54.700,205.7,42.3128925638018,1.89515307038933,1.93091182438987,1.60824290425234,408.092395254497,415.792641598816,1.63859354071923,341.4,140.45019362671,18519.2826020735,1,74.7,43.7734383333333,-79.4423383333333,988.1,6.56751006424935,7.30188539219172,0.1,37.536779602014,28.6,349.9,285.9,2,2.8
2018-08-09 17:12:55.700,205.7,42.3071565143661,1.89318156451091,1.92891516526553,1.59543731151525,408.367230637774,416.075147003902,1.625553779654,327.8,140.475412043596,18525.1954145933,1,74.7,43.7734383333333,-79.4423383333333,988.1,6.56479676664682,7.30229045747357,0.1,37.5374465351593,28.6,8.1,290.4,1.1,2.8
2018-08-09 17:12:56.700,205.7,42.3029593105904,1.89350629847659,1.92925187939752,1.68457967416912,408.841429143777,416.559508782133,1.71638500542222,320.6,140.466298049372,18528.1110091471,1,74.7,43.7734366666667,-79.4423383333333,988,6.56795492998405,7.30053863382966,0.1,37.5382384679786,28.6,2.5,285,1.2,1.4
2018-08-09 17:12:57.700,205.7,42.3033842985961,1.89364067478929,1.92946393369726,1.76217105995659,408.883168430441,416.61826013091,1.79550670497977,322.2,140.472180062424,18566.3837931437,1,74.7,43.7734366666667,-79.44234,988.1,6.56503925144487,7.30287398820782,0.1,37.5390094271453,28.6,31.8,269.8,0.3,0.7
2018-08-09 17:12:58.700,205.8,42.3017675057964,1.89443947990515,1.93015182181379,1.76630637297304,409.471113981901,417.190004560089,1.79960220490785,299.1,140.472454725624,18502.1640338883,1,74.7,43.7734383333333,-79.44234,988.1,6.5676696400952,7.30411469090199,0,37.5398425144456,28.6,330.1,269.8,0.6,1.2
2018-08-09 17:12:59.700,205.8,42.3045026967559,1.89247160284143,1.92807614681778,1.74988726552145,409.909653031479,417.621532625214,1.78280938074916,7.8,140.431461566883,18466.1769234468,1,74.8,43.7734383333333,-79.4423383333333,988.1,6.56834204863634,7.29971279729556,0,37.5408851233819,28.6,352.2,263.2,0.8,1.9
2018-08-09 17:13:00.700,205.9,42.3047068083495,1.894950112273,1.93057912730944,1.7022704121671,409.779297784305,417.484086807193,1.73427767910233,348.3,140.467633494561,18455.2030194751,1,74.8,43.7734383333333,-79.4423383333333,988.1,6.56504285712821,7.29397351814116,0,37.5417665187827,28.6,320.4,237.4,1.2,2.5
2018-08-09 17:13:01.700,205.8,42.3062639563668,1.89448795821274,1.93029554588336,1.71541496892913,408.972416945816,416.702466657212,1.74784085654355,359.6,140.455788053363,18550.4888324972,1,74.8,43.7734383333333,-79.4423366666667,988.1,6.56423939497616,7.29966744068957,0,37.5426296403415,28.6,296.9,231.5,1.3,2.6
2018-08-09 17:13:02.500,205.8,42.3084015614634,1.89214824988754,1.92800293369453,1.72436433267914,408.035919061648,415.767977619864,1.75704036979893,214.2,140.451150094171,18596.9547202297,1,74.9,43.7734383333333,-79.4423333333333,988.1,6.56504732184329,7.30098780986796,0,37.5435231619301,28.6,319.4,246.1,1.4,2.2
2018-08-09 17:13:03.600,205.7,42.3063982834403,1.89000736992755,1.92569359183508,1.77756916588366,407.730630575772,415.429273668025,1.81113068480717,223.5,140.47510722762,18531.7327250168,1,74.8,43.7734383333333,-79.4423333333333,988.1,6.56783179005684,7.29050532216768,0.1,37.5440273677785,28.6,318.3,241.9,0.7,1.3
2018-08-09 17:13:04.700,205.7,42.3083526589467,1.89600459699907,1.93179905546239,1.59395010986647,407.220074816138,414.908026211667,1.62403808593546,234.3,140.441995887847,18529.1940163991,1,74.8,43.7734383333333,-79.4423316666667,988.1,6.56297316236871,7.29363059616877,0,37.5446902361663,28.6,329.3,257.1,0.5,0.9
2018-08-09 17:13:05.700,205.7,42.3039839721423,1.89911454294637,1.93493245732652,1.66185555062086,406.468842175136,414.135098427694,1.69319431941043,70.4,140.465156638685,18511.4674989256,1,74.8,43.77344,-79.4423316666667,988.1,6.55916265848592,7.29744809264995,0,37.5455723080111,28.6,19.5,322.9,0.3,0.4
2018-08-09 17:13:06.700,205.7,42.3025012681485,1.89832175792986,1.93406558658943,1.72722128394667,406.140539942072,413.787760917958,1.75974349803712,28.5,140.470414086758,18481.1125310073,1,74.8,43.77344,-79.4423316666667,988.1,6.56159099009024,7.2977778950577,0.1,37.5464505792357,28.6,296.8,269.8,0.3,0.3
2018-08-09 17:13:07.700,205.7,42.3013158000611,1.89333484717741,1.92909889658845,1.75210579670761,406.185471468822,413.858180188737,1.78520465123764,1.6,140.468155514444,18539.421489664,1,74.8,43.77344,-79.4423316666667,988.1,6.56633978448014,7.29923126159748,0.1,37.5475300161581,28.6,259.2,151.7,0.6,0.8
2018-08-09 17:13:08.700,205.7,42.3010549293451,1.89258978867729,1.92843946239725,1.61992543934849,406.352804118213,414.050020187218,1.65060894443133,358.5,140.469513789685,18590.1592011405,1,74.8,43.77344,-79.44233,988.1,6.56512054037371,7.29300304602539,0.3,37.548312556983,28.6,231.3,138.9,0.4,0.7
2018-08-09 17:13:09.700,205.8,42.3055935230824,1.89578288430234,1.93160255900478,1.65066377512312,406.279816158691,413.956221793365,1.68184786031528,3.2,140.451635656919,18544.1346462538,1,74.7,43.77344,-79.4423316666667,988,6.56499064139441,7.29399873142551,0.3,37.5492806902878,28.6,204.3,146.9,0.7,1.7
2018-08-09 17:13:10.700,205.8,42.3061113743122,1.89691245164231,1.93282326053095,1.58110124701048,406.141007356193,413.829740906278,1.61102766063051,22.1,140.458831421109,18579.4911357028,1,74.7,43.77344,-79.4423316666667,988,6.56507395878765,7.2920765334073,0.5,37.5499508329536,28.6,225.5,151.1,1.4,2.5
2018-08-09 17:13:11.700,205.8,42.3043399481133,1.8945986720076,1.93064275788758,1.53439878959699,406.210670203364,413.938804555357,1.56359191698636,22.8,140.446684725875,18669.7398222199,1,74.7,43.77344,-79.44233,988.1,6.56944320642169,7.29035291990018,0.5,37.5504583861738,28.6,231,166,1.3,2.4
2018-08-09 17:13:12.700,205.8,42.3050917971882,1.89184977344262,1.92771102843507,1.72766919783139,405.577178791192,413.265301636189,1.76040940039144,29.4,140.476024743152,18603.244348046,1,74.9,43.77344,-79.44233,987.9,6.56734712022902,7.29247511677013,0.3,37.5510900575227,28.6,240.4,165.9,1,2.3
2018-08-09 17:13:13.700,205.8,42.3118012247849,1.89297828527277,1.92886113532008,1.81041773473286,405.080749819073,412.759408877843,1.84473513893054,22.3,140.467927122499,18603.3247521635,1.1,74.7,43.77344,-79.44233,988,6.57020904494559,7.299360429491,0.3,37.5519241068346,28.6,239.8,179.2,1.2,2
2018-08-09 17:13:14.700,205.8,42.3184984196299,1.89245580026828,1.92824700263645,1.71177217013553,404.817519828248,412.473726341731,1.74414929992211,12.6,140.427572777404,18561.659342074,1,74.7,43.7734383333333,-79.4423316666667,988.2,6.56733882186343,7.29849242433231,0.1,37.5533162615055,28.6,249.7,188.3,1.1,2.2
2018-08-09 17:13:15.700,205.8,42.3150123699781,1.88949733230106,1.92504946874584,1.78605858932435,404.802249303505,412.418773400526,1.81966020861926,9.9,140.472087337248,18468.0099420817,1,74.8,43.7734383333333,-79.4423316666667,988.1,6.57202322511479,7.2951452415653,0.1,37.5542038723225,28.6,241.1,164.1,1.3,2.7
2018-08-09 17:13:16.700,205.7,42.3133764007195,1.89644504883273,1.93228372994991,1.7383139159833,405.018052129519,412.671878334966,1.77115822504883,4.1,140.447736777732,18547.1103766225,1,74.8,43.7734383333333,-79.4423316666667,988.1,6.5621885467654,7.30001732726235,0.1,37.5550806681478,28.6,236,152.9,1.7,3.3
2018-08-09 17:13:17.500,205.6,42.3061401885849,1.89586025613095,1.93176522625955,1.81569027145363,405.159807279054,412.832976333615,1.85007585872871,342.5,140.452974187659,18586.6784948932,1,74.8,43.7734366666667,-79.4423316666667,988,6.56280859883305,7.29642502615901,0.1,37.5554570881668,28.6,220.5,153.5,1.3,1.9
2018-08-09 17:13:18.700,205.5,42.2996618161421,1.89556530852533,1.93144359548898,1.64894799565276,404.671346673709,412.330768272219,1.68015892852951,350.9,140.474021374836,18575.9187858349,1,74.8,43.7734366666667,-79.4423316666667,988.1,6.56345539739094,7.29421523408748,0.1,37.5562419178377,28.6,211.1,133.1,0.7,1.4
2018-08-09 17:13:19.700,205.4,42.2991231914844,1.89844097871225,1.93434514588543,1.62018012109022,404.426630395052,412.07527933125,1.6508211301996,352.8,140.439877507812,18561.3268997656,1.1,74.7,43.7734366666667,-79.4423316666667,988,6.5627558510599,7.29536268692578,0.1,37.5570735258333,28.6,216.2,269.8,0.3,0.2
2018-08-09 17:13:20.700,205.3,42.2955947726122,1.89628299282154,1.93219997183649,1.88811849237216,404.127379564828,411.781835641872,1.92388402142745,14.3,140.469989610025,18588.6406430774,1,74.6,43.7734366666667,-79.44233,988.1,6.56082143410208,7.29631115331573,0.1,37.557849258241,28.6,288.6,217,0.2,0.7
2018-08-09 17:13:21.700,205.2,42.2954385604111,1.89494835732648,1.93074153004935,1.73822820868171,403.698099423377,411.323426297557,1.77106813906528,14.6,140.466775071219,18538.4715417316,1,74.6,43.7734383333333,-79.44233,988,6.56564447203412,7.29427054547385,0.1,37.5588484888486,28.6,290.1,269.8,0.2,0.2
2018-08-09 17:13:22.700,205.1,42.2929511444904,1.89513852496836,1.93105070214934,1.88926153244795,403.746975528221,411.397895680949,1.92507171530266,31.3,140.474772240932,18597.2837495455,1.1,74.6,43.7734383333333,-79.4423283333333,988.1,6.5654520275531,7.2940152221412,0,37.5595218091336,28.6,294.8,221.5,0.3,0.6
2018-08-09 17:13:23.700,205.1,42.2904424964194,1.89534829839685,1.93141382547374,1.78778810465227,402.877288210828,410.543417304041,1.8218029761547,356.1,140.468607304983,18673.177773792,1,74.6,43.7734383333333,-79.4423266666667,988,6.564815518345,7.29837645532103,0.1,37.5603257646539,28.6,253.8,117.2,0.3,0.4
2018-08-09 17:13:24.700,205,42.2923076272273,1.89374174272905,1.92969273179053,1.89405828809033,402.312538324472,409.950030620862,1.93001049545571,350.9,140.453767284728,18630.4306982934,1.1,74.5,43.7734383333333,-79.4423266666667,988,6.56617382835385,7.30194422779059,0.1,37.5612895768029,28.7,167.3,90.8,0.3,0.5
2018-08-09 17:13:25.700,205,42.2946984649079,1.89342209611166,1.92934017739664,1.72635290968029,402.658942589364,410.297283149483,1.7591010157148,299.8,140.46215254694,18616.6916929048,1.1,74.5,43.7734383333333,-79.4423266666667,988,6.56897782711454,7.29924832379267,0.3,37.5619200164741,28.7,138.1,0.4,0.4,0.3
2018-08-09 17:13:26.700,204.9,42.2950117402847,1.8969437319558,1.93286406796616,1.80756604792992,402.721957113441,410.347873533973,1.84179125199269,334,140.442468629072,18584.0652639875,1,74.5,43.7734383333333,-79.4423266666667,988,6.56772055858974,7.29572756662079,0.3,37.562601499353,28.7,91.7,0.4,0.3,0
2018-08-09 17:13:27.700,204.9,42.2938609962885,1.89687691394829,1.93285642458403,1.60362537907321,402.608548688994,410.245204583154,1.63403763209664,335.9,140.483034966673,18614.772636466,1.1,74.6,43.7734383333333,-79.4423266666667,988,6.56395976682782,7.29685098189715,0.3,37.5633983353953,28.7,131.8,22,0.4,1
2018-08-09 17:13:28.700,204.9,42.2943508250918,1.89640359356457,1.93219877260526,1.68045756105555,401.904196334896,409.490274997654,1.71216927451035,338.4,140.463191677263,18525.5211363864,1,74.7,43.7734383333333,-79.4423266666667,988.1,6.56442296134735,7.29758947887821,0.5,37.5644300269615,28.7,94.6,331,0.4,0.7
2018-08-09 17:13:29.700,204.9,42.2966653519318,1.89653608444405,1.9322356308007,1.6284812831585,401.833772237149,409.397645002009,1.65913467169261,337.8,140.455736010315,18475.5859762588,1,74.9,43.7734383333333,-79.4423266666667,988,6.56136782388727,7.29667013902099,0.7,37.5651472516783,28.7,78.9,302.2,0.2,0.6
2018-08-09 17:13:30.700,204.9,42.2984388613714,1.89671105253039,1.93265423608688,1.66276041617415,401.824914086886,409.439587061436,1.69427362809504,346,140.487685465067,18597.7652001293,1.7,74.7,43.7734383333333,-79.4423266666667,988,6.56184932802399,7.29313375031287,0.7,37.566180823764,28.7,56.6,0.4,0.2,0.6
2018-08-09 17:13:31.700,204.9,42.3058541467491,1.89527714323918,1.93121349640649,1.77756288718034,401.656464950694,409.272427812134,1.81126709476851,347.9,140.439215443757,18608.4912886512,1.7,74.7,43.7734383333333,-79.4423283333333,987.9,6.560223736587,7.2962955508942,0.5,37.5666970399465,28.7,126.6,50.6,0.7,1.2
2018-08-09 17:13:32.700,204.9,42.3045399651884,1.89480549945145,1.93072449158192,1.7503929725098,401.585629465378,409.198318667454,1.78357455375796,345.6,140.484067734925,18603.9016893117,1.7,74.9,43.7734383333333,-79.4423283333333,988,6.5600939079497,7.30243562559598,0.5,37.5676305289253,28.7,146.6,48.2,0.5,0.4
2018-08-09 17:13:33.700,204.9,42.3043166337044,1.89373655781287,1.92951027647914,1.67513623434793,401.727166822503,409.315972352086,1.70678126995615,346.5,140.480811748681,18540.2250088037,1.7,74.8,43.7734366666667,-79.4423283333333,988,6.56135445897095,7.29884138035515,0.5,37.5689194964851,28.7,342,256.1,0.2,1.1
2018-08-09 17:13:34.700,204.9,42.3106991489451,1.89685546347407,1.93291192073565,1.60636287377906,401.769297336438,409.406323990629,1.63689490561331,344.6,140.439954273841,18653.8091050948,1.7,74.5,43.7734366666667,-79.4423283333333,988.1,6.56793517483802,7.29859009893024,0.5,37.5695072955912,28.7,298,229.1,0.4,0.8
2018-08-09 17:13:35.700,204.9,42.3096031269377,1.89990648264006,1.93588727509465,1.43771111311293,401.768987700603,409.377817568739,1.46494433885299,344.2,140.473528802517,18586.3004535868,1.7,74.4,43.7734366666667,-79.4423283333333,988,6.56163052141424,7.30245989701542,0.5,37.5700889916181,28.7,246.3,222.6,0.2,0.6
2018-08-09 17:13:36.700,204.9,42.3086971658265,1.89693970243369,1.93285398585104,1.62397111802251,401.673351380154,409.27820892752,1.65472005897483,350.4,140.463647096299,18581.3168813647,1.7,74.5,43.773435,-79.44233,988.1,6.56554050490147,7.3011381347559,0.5,37.5708750431948,28.7,257.1,195.3,0.4,0.9
2018-08-09 17:13:37.700,204.9,42.3095962731437,1.89464341892788,1.93063851379495,1.41150164506991,401.791600210782,409.425006374846,1.43831316427369,354.2,140.480370889087,18644.2074871553,1.7,74.5,43.773435,-79.4423316666667,988,6.55906744670223,7.29822327387769,0.5,37.5716945426213,28.7,235,184.8,0.6,1.6
2018-08-09 17:13:38.700,204.9,42.3093691886075,1.89312872845968,1.92905475783442,1.71213569700413,401.50684040787,409.126305247528,1.74462269558259,357.7,140.465810048327,18623.6883843227,1.7,74.5,43.7734333333333,-79.442335,988,6.5659231313062,7.29843765215977,0.5,37.5721012287304,28.7,234.2,158.7,1.1,2.7
2018-08-09 17:13:39.700,205,42.3129562839843,1.89360033070593,1.92948523445279,1.78562587583008,401.762243283054,409.375782540537,1.81946384144583,359,140.457759264336,18598.0500479787,1.7,74.6,43.7734333333333,-79.4423366666667,988,6.5621546142338,7.29286090815654,0.5,37.5731999965729,28.7,228.9,164,1.4,2.1
2018-08-09 17:13:40.700,205,42.3157447549647,1.89274703933668,1.92873231653259,1.66122901651577,402.141106637152,409.786721778932,1.69281020074933,1.3,140.464409808812,18657.5165841973,1.7,74.6,43.7734316666667,-79.44234,988,6.56779185576914,7.29052709588982,0.5,37.574134083218,28.7,219.8,165.6,1.4,2.2
2018-08-09 17:13:41.700,204.9,42.3135375886258,1.89325505691201,1.92912260209471,1.7286686027762,401.674783776108,409.284625064321,1.76141627975514,4.3,140.437131253216,18592.9164056596,1,74.6,43.7734316666667,-79.4423416666667,988.1,6.56641186870811,7.29865236842015,0.3,37.5749067099331,28.7,229.8,166.4,0.9,1.6
2018-08-09 17:13:42.700,204.9,42.3070345089658,1.89630984490001,1.93250621539643,1.78766775073224,402.256792653138,409.934951844983,1.82179206442555,1.2,140.487837690241,18730.208848575,1,74.5,43.77343,-79.4423433333333,988,6.56150462639064,7.29453809909259,0.5,37.5755073505728,28.7,252.4,172.3,1.2,2.8
2018-08-09 17:13:43.700,204.8,42.3040666979226,1.89531103750715,1.9312473637181,1.84844759572791,402.155375983271,409.780596099316,1.88349368465449,357.9,140.456652116511,18608.0665743431,1,74.5,43.77343,-79.4423433333333,987.9,6.56249839334816,7.29869649605235,0.5,37.5762416903331,28.7,236.3,163.8,1.9,3.1
2018-08-09 17:13:44.700,204.8,42.3056117795056,1.89370349685764,1.92968485477315,1.67718331345938,402.25309350562,409.896123986249,1.70904693038443,356.1,140.455515303265,18646.0988595525,1,74.4,43.77343,-79.4423433333333,988.1,6.56371507097673,7.2987487032513,0.3,37.5770974301512,28.7,238.4,161.3,1.6,2.5
2018-08-09 17:13:45.700,204.7,42.3065678294519,1.89534200636915,1.93143661945131,1.81502259500015,402.33794804793,409.999997089022,1.84958794787555,353.1,140.488549952044,18687.8720410878,1,74.5,43.77343,-79.4423433333333,988.1,6.56687758965644,7.29765821815096,0.5,37.5780761308216,28.7,247,162.9,0.8,1.2
2018-08-09 17:13:46.700,204.7,42.3152307650443,1.89854381259387,1.9347250718407,1.88519157950986,402.435345806713,410.104699983222,1.92111864572737,352.8,140.431980803765,18700.9752698221,1,74.5,43.7734316666667,-79.442345,988.1,6.56038041213516,7.30120459106577,0.7,37.5793211023056,28.7,225.8,171.9,0.8,2
2018-08-09 17:13:47.700,204.7,42.3131249053958,1.89473603756363,1.93079733821367,1.84432464895897,402.834846635554,410.501740930284,1.87942669511859,3.7,140.488425984226,18676.8524254955,1,74.4,43.7734316666667,-79.442345,988,6.56667461667451,7.29525615062124,0.7,37.5799999799306,28.7,248.1,184.8,1,2.3
2018-08-09 17:13:48.700,204.7,42.3124638498914,1.89682733789344,1.93306980279571,1.83365184017374,402.962911891963,410.662315342015,1.86868795648753,7.4,140.468964429969,18748.7833346866,1,74.5,43.77343,-79.442345,988,6.56258081425112,7.29680969549387,0.7,37.5806383376764,28.7,258.2,198.1,1.2,2.3
2018-08-09 17:13:49.700,204.7,42.3147500023438,1.89598834025987,1.93216328131225,1.87193525724402,402.765547207166,410.450319242206,1.9076513020407,25.6,140.440267625688,18722.7015706667,1,74.5,43.77343,-79.442345,988,6.56766020533518,7.29866065927136,0.3,37.5815160669606,28.7,267,192.7,1.3,1.7
2018-08-09 17:13:50.700,204.6,42.3094312737083,1.89884494478223,1.93502252606934,1.59095708987108,403.341427057216,411.026186751156,1.62127032017206,13.6,140.477495054135,18696.5046037391,1,74.5,43.77343,-79.4423466666667,988.1,6.56131225241089,7.30131303124756,0.3,37.5824701885259,28.7,275.9,205.9,1,2.1
2018-08-09 17:13:51.700,204.5,42.3126564857894,1.89774991353635,1.93368975832725,1.64250613495915,403.350634775522,410.98938066618,1.67361024528459,5.8,140.426958903194,18586.2943227255,1,74.6,43.77343,-79.4423483333333,988.1,6.5665878147517,7.29660153257364,0.1,37.5838273913831,28.7,257.5,159.4,0.5,0.8
2018-08-09 17:13:52.700,204.3,42.3064233750537,1.8962397317214,1.93217826844539,1.46615105561307,403.056732637814,410.695708637147,1.49393675987727,22.7,140.481306613463,18600.2594775115,1,74.7,43.77343,-79.4423483333333,988.1,6.56546865071946,7.29841325470719,0.3,37.5840515672733,28.7,222.5,161.8,0.6,0.8
2018-08-09 17:13:53.700,204.2,42.3035649979626,1.89753729276175,1.93353215423791,1.70697583321836,402.909941177674,410.552992267731,1.73935703039618,11.5,140.46251599175,18616.4302302359,1,74.7,43.77343,-79.4423483333333,988,6.5669804808475,7.29972177549405,0.5,37.5847385335167,28.7,211.4,133.8,0.3,0.5
2018-08-09 17:13:54.700,204.1,42.3062817493256,1.89605322468901,1.9320077398559,1.6531096580606,403.109333265688,410.753430496433,1.68445783528816,9.6,140.464108043644,18609.9884926523,1,74.4,43.77343,-79.44235,988,6.56213946922746,7.30297333393721,0.3,37.5849979780167,28.7,181,90.8,0.2,0.2
2018-08-09 17:13:55.700,204.1,42.3101084496271,1.89471851795868,1.93088872000194,1.5949498704608,402.372001403327,410.053316498128,1.625396861703,37.8,140.466071766422,18732.4589194095,1,74.3,43.7734283333333,-79.4423516666667,988.2,6.56284080408374,7.30108360263358,0.5,37.5861116204353,28.7,174.1,0.4,0.3,0
2018-08-09 17:13:56.700,204,42.3133439119491,1.89608434716945,1.9323153347191,1.42442234908588,402.47112901517,410.161670390128,1.45164136784694,64.2,140.430310555702,18749.9171436211,1,74.3,43.7734283333333,-79.4423516666667,987.9,6.56321966329856,7.30138932533498,0.3,37.5874078184787,28.7,236.3,179.2,0.3,0.3
2018-08-09 17:13:57.700,204,42.3066890847423,1.89660329643309,1.93282857452011,1.69480778487768,402.322536735162,410.007069738682,1.72717826146646,107.5,140.493900865629,18742.2687899565,1,74.4,43.7734266666667,-79.4423516666667,988.1,6.56686293237613,7.30468928756176,0.3,37.5886453514713,28.7,251.7,132.6,0.2,0.4
2018-08-09 17:13:58.700,204,42.3068767981898,1.89520827497122,1.93131835799645,1.75002825316884,402.868228153725,410.544204479259,1.78337221124508,90.2,140.449156966786,18697.0388738814,1,74.4,43.773425,-79.4423533333333,988,6.5706775614421,7.30128169914239,0.1,37.5888788655979,28.7,265.7,179.2,0.3,0.3
2018-08-09 17:13:59.700,204.1,42.3040132990702,1.89601912156751,1.93211045779477,1.61947982920496,402.946358642405,410.616641436313,1.65030702962706,79.2,140.459069692545,18679.8330147738,1.1,74.5,43.7734216666667,-79.442355,988,6.56408289014886,7.29654488547144,0.1,37.5895115469739,28.7,277,225.5,0.3,0.4
2018-08-09 17:14:00.700,204.1,42.2994832568608,1.89602041520943,1.93214371615599,1.59950117644964,402.71701247886,410.389593374094,1.62997500250452,32.1,140.488362955224,18695.8925111413,1.1,74.5,43.77342,-79.442355,988,6.56318850800578,7.29755771544923,0.1,37.5901923690034,28.7,143.8,35.5,0.1,0.7
2018-08-09 17:14:01.700,204.2,42.3047717288367,1.89671875317728,1.93261551389511,1.72526447247228,402.574725165878,410.193680735947,1.75791385512899,23,140.422928215351,18574.0480734761,1.1,74.5,43.77342,-79.4423566666667,987.9,6.56278045183987,7.29995883875966,0.1,37.5913963275691,28.7,99.6,28.8,0.4,0.9
2018-08-09 17:14:02.700,204.1,42.2912591282336,1.89655273982065,1.93241707734457,1.67090757192953,402.444083547879,410.054397313031,1.70250455890757,25.3,140.492631793439,18559.2824888354,1.1,74.6,43.7734183333333,-79.4423566666667,988,6.56177660854891,7.30049104773518,0.1,37.5920103707734,28.7,124.2,43.3,0.4,0.7
2018-08-09 17:14:03.700,204.1,42.2926119579486,1.89585952225085,1.93203518802,1.59566822771707,402.558949335944,410.240442541202,1.62611502414735,9.6,140.463188776285,18724.278575693,1,74.5,43.7734183333333,-79.4423566666667,988.1,6.56427797888345,7.29911416200284,0.1,37.5925048824686,28.7,22.9,308.1,0.5,1.2
2018-08-09 17:14:04.700,204.1,42.2959746961077,1.89671590290328,1.93288495008757,1.78572828332102,402.493044961481,410.168356769954,1.81978104784907,357.8,140.442884758111,18712.5549163737,1,74.5,43.7734166666667,-79.4423566666667,988,6.56481995207167,7.2925833617411,0.5,37.5939359955358,28.7,108.4,21.8,0.4,1
2018-08-09 17:14:05.700,204,42.2935432952991,1.89835849446195,1.9344373766578,1.82959138014968,403.306091900663,410.970926868647,1.86436297332788,358.8,140.477641428705,18650.619161831,1,74.5,43.7734166666667,-79.4423583333333,988.1,6.55847346948625,7.28977158741217,0.5,37.5946148368889,28.7,103.7,32.5,0.3,0.6
2018-08-09 17:14:06.500,204,42.2993090292617,1.89975174417209,1.93594327718008,1.46213770425457,403.243579333495,410.925525143773,1.48998962236519,4.3,140.422382834753,18694.2856698641,1,74.5,43.773415,-79.4423583333333,988,6.55656752455422,7.29798457489588,0.3,37.5956091186982,28.7,311.9,285.3,0.4,1.4
2018-08-09 17:14:07.700,204,42.2914787018147,1.89444761101028,1.93042126239397,1.73556484327735,404.224032328848,411.899797940231,1.76851919260076,340.7,140.464074635922,18635.0651448909,1,74.5,43.773415,-79.4423583333333,988,6.5607461403586,7.29549294187899,0.3,37.5961595878803,28.7,41.4,344.1,0.3,1
2018-08-09 17:14:08.700,204.1,42.2908052367157,1.89757831889488,1.93360560237425,1.62527821223746,404.04106532928,411.712094024871,1.65613567210177,314,140.453986144714,18632.0156406162,1,74.5,43.773415,-79.4423583333333,988,6.562611430554,7.30025084645284,0.3,37.5965528463821,28.7,59.2,330.1,0.5,1
2018-08-09 17:14:09.700,204.2,42.2908744709883,1.89492778456634,1.93101620338517,1.61388400675601,405.521421125066,413.244426828373,1.64462005307134,311.9,140.47055187671,18688.7557958488,1,74.5,43.7734133333333,-79.4423583333333,988.1,6.56515811062175,7.29794703955932,0.3,37.5978609994827,28.7,36.8,329.6,0.8,1.6
2018-08-09 17:14:10.700,204.2,42.2850672598712,1.89904551839811,1.93528406720007,1.93355882143003,405.134746589515,412.865839249817,1.97045771891021,322.5,140.468691578688,18725.4549213398,1,74.5,43.7734116666667,-79.4423583333333,988.1,6.56389277286124,7.30167711381546,0.1,37.5985227169695,28.7,48.1,329.2,0.6,0.7
2018-08-09 17:14:11.700,204.3,42.2841951925988,1.89513501438509,1.93132698221939,1.56321241024428,405.885660199924,413.637018694041,1.59306536372032,348.8,140.424922341454,18739.4617027779,1,74.6,43.7734116666667,-79.4423583333333,988,6.56688071248597,7.2989848081238,0.1,37.599469537763,28.7,45.6,303,0.3,0.9
2018-08-09 17:14:12.700,204.3,42.2835137693285,1.89838314584697,1.93468176758873,1.79379385871005,405.891570149936,413.652613654188,1.82809333775222,339.7,140.49915397752,18762.0443571891,1,74.6,43.77341,-79.4423583333333,988,6.56080049774992,7.29536391314629,0.1,37.6002518537386,28.7,54.6,334.5,0.6,1.3
2018-08-09 17:14:13.700,204.3,42.2900035112001,1.89748373099846,1.93348496079671,1.6950299869143,406.441462675497,414.152870832896,1.72719039587321,332.2,140.4413459052,18619.5913203588,1,74.6,43.77341,-79.4423566666667,988,6.56870122650791,7.2983913267175,0.1,37.6011000217796,28.7,60.1,348.8,0.6,0.9
2018-08-09 17:14:14.700,204.3,42.2846337279886,1.89485011504245,1.93070145827212,1.52318582709845,406.488475074869,414.17955000599,1.55200559591649,350.9,140.494097090996,18569.3970213288,1,74.6,43.7734083333333,-79.4423566666667,988,6.56617005111246,7.29682864958294,0.1,37.6017503148584,28.7,345,269.8,0.5,1.3
2018-08-09 17:14:15.700,204.3,42.2852125634264,1.89760945517173,1.93371191391955,1.65644306041654,406.672401183609,414.409417552617,1.68795766819125,41.2,140.490943337729,18669.9933262317,1,74.6,43.7734083333333,-79.4423566666667,988,6.56609120447281,7.30126354537693,0.1,37.6023800507411,28.7,333.6,269.8,0.7,1.5
2018-08-09 17:14:16.700,204.4,42.2939692135761,1.8973335270908,1.93334180010495,1.77357988038095,406.981474355751,414.705432351535,1.80723968180225,2.2,140.416658153567,18625.1146633103,1,74.5,43.7734066666667,-79.4423583333333,987.9,6.56506284692216,7.29567214386876,0,37.6035439742247,28.7,340.7,269.8,0.7,0.9
2018-08-09 17:14:17.700,204.4,42.2893352033898,1.89506918857633,1.9312823340571,1.76601069590364,407.380275498268,415.165066523967,1.79975807495539,330.4,140.497542398484,18751.0324257385,1,74.5,43.7734066666667,-79.4423583333333,988.1,6.5710064724698,7.29282258091194,0,37.6038324189649,28.7,45.1,0.4,0.3,0.4
2018-08-09 17:14:18.700,204.5,42.2919018423754,1.89928944872621,1.93535251310039,1.82882427603757,405.886605487474,413.593484566916,1.86354970185288,48.6,140.459516112055,18634.0405096656,1,74.6,43.773405,-79.4423583333333,988,6.56683880210675,7.29991057060473,0.1,37.6046053033605,28.7,74.9,0.4,0.2,0.6
2018-08-09 17:14:19.700,204.6,42.2939469103571,1.89430321990653,1.9303805952566,1.77904271993568,405.303143461322,413.022362480876,1.81292492288003,33.2,140.449093585467,18689.4379465638,1,74.6,43.773405,-79.4423583333333,988,6.57251932392849,7.29649071527934,0,37.6050756330516,28.7,82.9,0.4,0.2,0.2
2018-08-09 17:14:20.700,204.7,42.2949646530341,1.90041902645714,1.93671551405875,1.60537895368284,405.572394328059,413.318568726633,1.63604027899984,74.9,140.477045919668,18741.3068948549,1.1,74.6,43.7734033333333,-79.4423583333333,987.9,6.57007727535358,7.30086479015205,0,37.6061135455211,28.7,82.1,338.6,0.3,0.7
2018-08-09 17:14:21.700,204.7,42.3017420175491,1.90265293915994,1.93886238521314,1.45018414763954,404.884163878781,412.589424033503,1.47778224462642,30,140.422872347311,18675.3658355166,1,74.6,43.7734033333333,-79.4423583333333,987.9,6.55887914746711,7.30065254249321,0.1,37.6069174256243,28.7,34.5,334.3,0.4,0.8
2018-08-09 17:14:22.700,204.8,42.2974398035664,1.89635718681515,1.9326400026475,1.56853327040678,405.939914704265,413.706631533498,1.59854431752375,5.3,140.467283266952,18773.4506662486,1,74.7,43.7734016666667,-79.4423583333333,988,6.56124178504356,7.30304210663539,0.1,37.608170367747,28.7,27.7,312.9,0.2,0.5
2018-08-09 17:14:23.700,204.9,42.2945058328792,1.8990207736341,1.93529886813488,1.96960753465395,406.180421570394,413.939853871489,2.00723330590098,4.2,140.449692952424,18745.2858114366,1,74.8,43.7734016666667,-79.4423583333333,987.9,6.56761072666212,7.30022075412854,0.1,37.6082195274961,28.7,89.4,0.4,0.2,0.3
2018-08-09 17:14:24.700,205,42.28634,1.896015,1.932119,1.606598,406.0063,413.7373,1.637191,329.9,140.4783,18685.85,1,74.8,43.7734,-79.44236,988,6.565567,7.29414,0,37.60871,28.7,103.5,15.2,0.4,1.2
2018-08-09 17:14:25.500,205,42.28161,1.8987,1.934636,1.64586,405.3562,413.0282,1.677011,150.7,140.4643,18575.14,1,74.7,43.7734,-79.44236,987.9,6.561898,7.299345,0.1,37.6101,28.7,75.1,351.8,0.7,1.4
2018-08-09 17:14:26.700,205.1,42.28446,1.896338,1.932313,1.702716,406.1246,413.8291,1.735018,83.7,140.4199,18617.71,1,74.6,43.7734,-79.4423616666667,988,6.568327,7.298512,0.1,37.61094,28.7,53.3,0.4,0.5,1
2018-08-09 17:14:27.700,205.1,42.2818037514419,1.89817312075316,1.93448678526694,1.64265756482587,406.358183431637,414.132155259163,1.67408262535889,24.5,140.502521005365,18771.5939577165,1,74.6,43.7734,-79.4423616666667,987.9,6.5613412499592,7.29817273415803,0.1,37.6120610898936,28.7,74.6,347.7,0.7,1.4
2018-08-09 17:14:28.700,205.1,42.2846210978831,1.89687914456104,1.93305326379523,1.56708807357129,406.307585419825,414.055899232418,1.59697307494986,359.3,140.436325106287,18713.1315582113,1,74.5,43.7733983333333,-79.4423616666667,988.1,6.56526915000908,7.29611933471926,0,37.612164483234,28.7,61.2,348.4,0.9,2.1
2018-08-09 17:14:29.700,205.1,42.2862283310848,1.89764815950726,1.93406717674187,1.72080315466735,405.936940225711,413.727593312128,1.75382783694392,359.7,140.498719567393,18830.407352855,1,74.5,43.7733983333333,-79.4423633333333,988,6.55741299963771,7.30157042159551,0.1,37.6132418705662,28.7,42.3,307.2,0.9,1.3
2018-08-09 17:14:30.500,205.2,42.2880595563896,1.89534633324742,1.9313988696865,1.89394784334531,405.213778522384,412.921553435715,1.92997400890889,12.6,140.486344365813,18666.5519293476,1,74.5,43.7733983333333,-79.4423633333333,988,6.56996208431936,7.30167912580579,0.3,37.6139971551634,28.7,2.9,269.8,0.9,1.6
2018-08-09 17:14:31.700,205.3,42.2922396509866,1.90231292834737,1.93871439142045,1.59081355386286,405.709291408419,413.472664098864,1.62125414732283,9.2,140.416087792949,18776.1443476085,1,74.5,43.7733983333333,-79.4423633333333,988,6.56158358957722,7.29906360436002,0.3,37.615103687952,28.7,317.2,255.5,0.4,0.9
2018-08-09 17:14:32.700,205.3,42.285680004843,1.8966687459605,1.93305493340821,1.52793426880247,405.296454975135,413.07168933101,1.55724635634049,12.6,140.497262554484,18822.9062624927,1,74.5,43.7733983333333,-79.4423633333333,987.9,6.56765340979832,7.29989753179897,0.3,37.6158474992295,28.7,306.7,235.4,0.4,1.1
2018-08-09 17:14:33.700,205.4,42.2822817241571,1.89947326461356,1.93588647335805,1.75716666706448,406.208124626826,413.995157895305,1.79085250862992,25.8,140.458823951414,18809.5255377109,1,74.5,43.7733983333333,-79.4423633333333,988.1,6.56531444853635,7.29959005884304,0.1,37.6164220037802,28.7,309.8,241.1,0.6,1.5
2018-08-09 17:14:34.700,205.4,42.2827449994624,1.89850738935333,1.93463648302605,1.76942394259437,406.68117945978,414.420345069085,1.80309556764237,6.1,140.457334370728,18674.6804418694,1,74.5,43.7733983333333,-79.4423633333333,987.9,6.56936458233551,7.30171157963234,0.3,37.6174178124088,28.7,322.9,250.6,0.6,1.2
2018-08-09 17:14:35.700,205.3,42.2850604071537,1.9033479144674,1.93976722914257,1.74536491947611,407.576855394183,415.375476357741,1.77876155809984,14.1,140.472042573699,18775.0229268909,1,74.5,43.7733983333333,-79.4423633333333,987.9,6.55336185258577,7.29604501237857,0.1,37.6178454326464,28.7,312,247.8,0.6,1.3
2018-08-09 17:14:36.700,205.3,42.2887045429571,1.89900815977359,1.93509935699636,1.6671042896971,407.412881376615,415.155901596393,1.69878771203809,16.5,140.427966683982,18650.8659646648,1.1,74.5,43.7733983333333,-79.4423633333333,988,6.56761842093265,7.30218551823199,0.1,37.6192149842824,28.7,330.4,246.5,0.8,1.6
2018-08-09 17:14:37.700,205.2,42.287987643229,1.89787490728959,1.93420851353934,1.66362680450331,407.691882421075,415.496966978306,1.69547696179625,28.9,140.466520598879,18784.9662420807,1,74.6,43.7733983333333,-79.4423616666667,988,6.55925839871392,7.29450366745581,0.1,37.6199379114597,28.7,319.1,248.9,0.7,1.5
2018-08-09 17:14:38.700,205.1,42.2882912945865,1.8973287438152,1.93359091586235,1.67534170991067,407.381963956937,415.168106780133,1.70736161721928,72.4,140.44722630454,18754.0964254073,1.1,74.6,43.7733983333333,-79.4423616666667,988.1,6.56346954432566,7.29700369053555,0.1,37.6203659855663,28.7,353.1,288.4,0.6,1.2
2018-08-09 17:14:39.700,205.1,42.2934620442584,1.89752539421846,1.9337441357788,1.54828765480424,406.002422729925,413.75182834695,1.57783956441355,52.3,140.483415041201,18729.6167029508,1.1,74.6,43.7733983333333,-79.4423616666667,988,6.56103023818448,7.30183345544581,0,37.6213732811337,28.7,14.2,308.8,0.4,0.6
2018-08-09 17:14:40.700,205.1,42.2927009879159,1.89568986468951,1.93186351095834,1.68270536548227,405.692567811128,413.434136245784,1.71481573753284,10.8,140.460711747072,18724.9229128517,1,74.6,43.7733983333333,-79.4423616666667,988.1,6.56128479273088,7.29781358006585,0,37.6218015710727,28.7,49.5,339.7,0.2,0.8
2018-08-09 17:14:41.700,205.1,42.2950796450005,1.89623311548163,1.93212418184681,1.69548366140327,405.405354224522,413.078658220458,1.72757682869403,19,140.457644208387,18575.9701054598,1,74.6,43.7733966666667,-79.4423616666667,988.1,6.56521005679447,7.30173323507205,0,37.6228243316506,28.7,57.8,340.3,0.4,0.8
2018-08-09 17:14:42.700,205,42.2881109964123,1.89348146173213,1.92967383527132,1.78821852659602,405.752510081759,413.508065194831,1.82239919358029,39.9,140.497027794737,18755.567654052,1.3,74.6,43.7733966666667,-79.44236,988.1,6.57238699093372,7.29585628894856,0,37.6236584267019,28.7,84.6,7,0.6,1.5
2018-08-09 17:14:43.700,205,42.2846151679903,1.89166210763483,1.9276421289012,1.78209247182965,405.400540669801,413.111272570899,1.81598955858584,53.3,140.436095832042,18665.2407478114,1.1,74.6,43.7733966666667,-79.44236,988,6.57016215907115,7.30433816671834,0.1,37.6246321692933,28.7,75,345.5,0.6,1
2018-08-09 17:14:44.700,205.1,42.2812681000107,1.89461466771116,1.93044804524095,1.69068874471999,406.323951655792,414.008764865367,1.72266630699072,32.2,140.498121253351,18562.0205562867,1.3,74.5,43.7733966666667,-79.44236,988.1,6.56896818720903,7.30156225760267,0.1,37.6252162641915,28.7,55.7,334.6,0.4,0.7
2018-08-09 17:14:45.700,205.1,42.2802363384101,1.89564604305465,1.931640793203,1.77213748236628,407.038602997136,414.767643582251,1.80578712506134,37.8,140.457151614911,18634.4432018411,1.3,74.6,43.773395,-79.4423583333333,988.1,6.56999101296106,7.30047097568911,0.1,37.6260915560391,28.7,28.8,324.6,0.2,0.5
2018-08-09 17:14:46.700,205.1,42.283836290242,1.89892554082169,1.93502493538221,1.7024020649893,407.923789128736,415.678686061825,1.73476521880885,6,140.42221061761,18655.9359198811,1.1,74.6,43.773395,-79.4423583333333,988,6.56336637006623,7.30320532680408,0.1,37.6265954443434,28.7,176.4,90.8,0.2,0.6
2018-08-09 17:14:47.700,205.1,42.2792259919529,1.89755157603537,1.93348640831112,1.78925459902486,410.664421728601,418.441343545361,1.82313794531266,332.9,140.487701903639,18585.3631493081,1.3,74.6,43.773395,-79.44236,988,6.57216415038954,7.30229846287801,0.3,37.6277132349821,28.7,167.3,90.8,0.5,1
2018-08-09 17:14:48.700,205.1,42.2871409568263,1.8984842613444,1.93447231619767,1.77231904506585,414.005898359613,421.854049418424,1.80591408629537,336.2,140.422346068322,18603.9176946878,1.3,74.6,43.773395,-79.44236,988.1,6.56542007342539,7.30398644898268,0.3,37.6286197209256,28.7,196.7,248.5,0.3,1.2
2018-08-09 17:14:49.700,205.2,42.2846885289101,1.89970178571184,1.93580543204092,1.57284409628767,416.995663362452,424.920733683114,1.60273584037516,341.7,140.464549030579,18650.6426794644,1.3,74.6,43.773395,-79.44236,988,6.5686499506762,7.30005247973205,0.5,37.6292836478889,28.7,321.8,254.4,0.8,1.5
2018-08-09 17:14:50.700,205.2,42.2814267795961,1.90261548347619,1.9387298270335,1.73153289925958,417.974446079206,425.908323964535,1.7644004061332,339.4,140.466510573352,18628.1711300801,1.1,74.6,43.773395,-79.44236,988,6.56244820172843,7.30200241488735,0.5,37.6302202959312,28.7,344.1,269.8,0.3,1.1
2018-08-09 17:14:51.700,205.2,42.2886468988982,1.90005310982681,1.93607035026753,1.64596998584985,418.585197179291,426.519851671359,1.67717072307463,338,140.439967553459,18603.1270883126,1.1,74.6,43.773395,-79.44236,988.1,6.56757348805906,7.29863410542702,0.5,37.6309911236227,28.7,354.8,139.5,0.1,0.4
2018-08-09 17:14:52.700,205.2,42.2900192567679,1.89934836635779,1.9352791242258,1.56920088313107,417.938430647664,425.844695508913,1.59888358690442,340.8,140.47931166413,18566.2278614143,1.2,74.6,43.773395,-79.4423583333333,988.1,6.56755440840934,7.30196478109159,0.5,37.6315172859137,28.7,178.1,59.3,0.6,1.4
2018-08-09 17:14:53.700,205.2,42.2968936018738,1.90006225995945,1.93628865766371,1.49861692576926,417.201139392722,425.155533389599,1.52718986001979,347,140.448112867151,18709.2907724933,1,74.6,43.773395,-79.4423583333333,988,6.5703710624578,7.29806086892305,0.7,37.632190763631,28.7,129,46.4,0.7,1
2018-08-09 17:14:54.700,205.2,42.3004554257891,1.8953640997623,1.93150649927565,1.69958629508897,416.449639995197,424.390868754201,1.73199546930187,346,140.486282141035,18712.1049731681,1,74.6,43.773395,-79.4423583333333,988,6.56960221215489,7.30208819951949,0.7,37.632803673968,28.7,81.5,334.6,0.5,0.8
2018-08-09 17:14:55.700,205.2,42.3009434365661,1.89781569953035,1.93396048255552,1.7553771173659,414.744003084941,422.643035853395,1.78880916668334,344.2,140.45674696487,18689.6501152747,1,74.5,43.773395,-79.4423583333333,988.1,6.56552070844145,7.30440817390828,0.7,37.6336662855923,28.7,187.6,179.2,0.4,0.6
2018-08-09 17:14:56.700,205.2,42.3070933468761,1.90032862964366,1.93652440714948,1.64989567539075,414.230736847816,422.120610018305,1.68132207753108,354.5,140.459692737453,18691.1136719015,1.1,74.5,43.773395,-79.4423566666667,988.1,6.56348180911173,7.30474101458639,0.7,37.6346110501412,28.7,267.8,241.5,0.5,1.2
2018-08-09 17:14:57.700,205.2,42.3075287842862,1.89670932421929,1.93280546642708,1.47074161810689,413.042148509287,420.902640360167,1.49873081508577,359.4,140.489437933595,18675.4022615339,1.1,74.6,43.773395,-79.4423566666667,988.1,6.5673910668694,7.29943711801118,0.7,37.6354656295477,28.7,7.8,301.2,0.4,1.6
2018-08-09 17:14:58.700,205.2,42.3152491235208,1.89862199893384,1.93483808862391,1.49302641922912,412.372042040123,420.237957917954,1.52150593880987,356.8,140.438239889778,18717.7004742026,1.1,74.6,43.773395,-79.4423566666667,988,6.56542077853038,7.30231306572524,0.7,37.6361929278035,28.7,55.9,60,0.6,0.8
2018-08-09 17:14:59.700,205.2,42.3166507537925,1.89812158843556,1.93432545603573,1.52610920716624,411.530361073569,419.379747986574,1.555217765133,350,140.496351453394,18716.6364169591,1.1,74.5,43.773395,-79.4423566666667,988,6.56598245188522,7.29599533859677,0.5,37.6366056543497,28.7,76.9,314.4,0.3,1.1
2018-08-09 17:15:00.700,205.3,42.3158121125208,1.8946801357919,1.93075731828342,1.69813276789531,410.857706146069,418.680993533455,1.73046556454914,347.9,140.45324347963,18685.5658033217,1.1,74.6,43.7733966666667,-79.442355,988.1,6.57640025740009,7.29877836332818,0.5,37.6374959950622,28.7,66.3,341.6,0.3,0.8
2018-08-09 17:15:01.700,205.3,42.3189437409183,1.89747712547025,1.93339184873162,1.78310523601334,410.203781894853,417.96802052868,1.81685439712357,326.7,140.431610769309,18576.0898375159,1.1,74.5,43.7733966666667,-79.442355,987.9,6.57132686178526,7.29495287231406,0.1,37.6385650036928,28.7,110.5,22.9,0.5,0.9
2018-08-09 17:15:02.700,205.4,42.3169709761791,1.89310376084761,1.92893023367719,1.84661935985096,409.51253128171,417.26244526583,1.88156306041156,320.7,140.478595915024,18573.2721881256,1.1,74.5,43.7733966666667,-79.4423533333333,988.2,6.57018232600735,7.30048994325075,0.3,37.6392108999737,28.7,104.5,65.5,0.6,1.1
2018-08-09 17:15:03.700,205.6,42.3243246832454,1.89724812921841,1.93330704214026,1.65172226554657,408.30333934225,416.063460703053,1.68311421523158,320.3,140.424505248764,18651.2736661654,1.1,74.6,43.7733966666667,-79.4423533333333,988,6.56255740628647,7.30355381435542,0.3,37.6403692813043,28.7,129.7,24.5,0.7,0.9
2018-08-09 17:15:04.700,205.6,42.3226809963954,1.89779498543873,1.93398581589945,1.63319586314258,408.015913489805,415.796694736283,1.6643409114418,334.6,140.467710380759,18712.9928433047,1.1,74.6,43.7733966666667,-79.4423533333333,988,6.56195829072554,7.3065319181865,0.3,37.6409356885772,28.7,53.2,314.1,0.7,1.1
2018-08-09 17:15:05.700,205.7,42.3236362205101,1.89368657582149,1.92974484412909,1.67866375883092,407.631315252964,415.393316112082,1.71062828930955,335.8,140.461541838261,18685.8714584478,1.1,74.9,43.7733966666667,-79.4423516666667,988,6.5703755677763,7.30358009736828,0.1,37.6411939479069,28.7,31.1,321.2,0.3,1
2018-08-09 17:15:06.700,205.8,42.3224578940185,1.89352494015376,1.92932492973716,1.7081144039059,407.610549010074,415.317082298127,1.74041018282769,339.7,140.447515786768,18555.6772476946,2.1,75,43.7733966666667,-79.4423516666667,988,6.57146715365909,7.30419495134475,0.3,37.6423106482922,28.7,28,269.8,0.5,1.1
2018-08-09 17:15:07.700,205.9,42.3164510398797,1.89543163171243,1.93139182745448,1.7747464865039,407.581833095033,415.314379583772,1.80841461702377,351.8,140.473505314563,18618.6033278166,1.7,74.7,43.7733966666667,-79.4423516666667,988.1,6.56612890046129,7.30265733055387,0.1,37.6428607340327,28.7,332.1,256.1,0.6,1.5
2018-08-09 17:15:08.700,205.9,42.315940407845,1.89473345868744,1.93080366652651,1.68050239810856,407.412821134507,415.168811155728,1.71249369111538,353.7,140.449633855872,18681.5217585109,1.7,74.9,43.7733966666667,-79.4423516666667,988.1,6.56811131927392,7.30443326239278,0.3,37.6434972330501,28.7,344.1,253.6,0.8,1.7
2018-08-09 17:15:09.700,206,42.3115032456488,1.89412701445247,1.93012527306671,1.68106515252332,406.839272771466,414.571303708896,1.71301465231446,359.4,140.485492478523,18650.7633715587,1.7,74.7,43.7733966666667,-79.4423516666667,988,6.57156312929089,7.30428866541126,0.1,37.6443684994491,28.7,317.8,244.6,0.9,2
2018-08-09 17:15:10.700,206.1,42.313612447794,1.89490136822887,1.9309055067732,1.51637811873365,407.585935576971,415.330241325536,1.54519199777164,357.8,140.455910437361,18646.2304508141,1,77.1,43.7733983333333,-79.4423516666667,988.1,6.56778547916426,7.30078523976609,0.1,37.6454722384208,28.7,317.8,245.5,0.9,1.9
2018-08-09 17:15:11.700,206.1,42.3207602914012,1.89546993112264,1.93145179999597,1.77529362370249,407.667092053328,415.405817880981,1.80899585946073,350.1,140.476804900719,18629.2235360248,1,77.3,43.7733983333333,-79.4423516666667,988,6.56681999338901,7.30157961853495,0.3,37.646305337751,28.7,327.1,249.3,0.9,1.8
2018-08-09 17:15:12.700,206.1,42.325944092439,1.89437454221526,1.93013125773037,1.65601364455127,407.826066425948,415.523939228984,1.6872594714553,25.9,140.481517005569,18525.5070436978,1,75.9,43.7734,-79.4423516666667,988,6.56988598060298,7.29794375922369,0.3,37.6474848228586,28.7,321.6,254.8,0.7,1.9
2018-08-09 17:15:13.700,206.1,42.3286576890695,1.8950155116513,1.93106270013154,1.48950594566619,408.016810365489,415.778270394089,1.51783225604758,53.2,140.439969020189,18667.2430683548,1,76.7,43.7734016666667,-79.4423516666667,988.1,6.56590475575124,7.29775481265212,0.5,37.6483668243436,28.7,341.9,269.8,0.9,1.6
2018-08-09 17:15:14.700,206.1,42.3233017254711,1.89615912545713,1.93205940245897,1.70287419288916,408.394455894951,416.126729298873,1.73511359224832,79.9,140.493721284525,18581.4792142379,1,76.3,43.7734016666667,-79.4423516666667,988,6.56716794949675,7.30166973038218,0.5,37.6495880498763,28.7,349.3,269.8,0.5,1.2
2018-08-09 17:15:15.700,206.1,42.3244053235298,1.89682865212078,1.93281782299181,1.54675743427853,408.658537232825,416.412093078413,1.57610528392453,99.5,140.449989032798,18619.8658478461,1,69.4,43.7734016666667,-79.4423516666667,988.1,6.56498266394343,7.29586707422384,0.7,37.6508482013576,28.7,340.2,269.8,0.7,1.6
2018-08-09 17:15:16.700,206.1,42.3236754829128,1.89518310271302,1.93110161946828,1.47682176392953,408.871767034841,416.620930588862,1.50481096880369,75.3,140.436734715917,18599.9499496028,1,57.4,43.7734016666667,-79.4423516666667,988.1,6.57095204528853,7.30301629927528,0.5,37.651485482223,28.7,329.3,282.4,0.8,1.5
2018-08-09 17:15:17.700,206.1,42.3158250401053,1.89376719595079,1.92968420613079,1.59951208444152,408.816612597714,416.570117922199,1.62984775855253,68.9,140.471108415668,18612.6548099083,1,36.3,43.7734,-79.44235,988.2,6.57260624630807,7.30398870946966,0.3,37.6520350166568,28.7,308.2,263.3,1.2,2.6
2018-08-09 17:15:18.700,206,42.3120560515538,1.89554531813131,1.93155036181699,1.60232539334727,409.844857882153,417.629681782261,1.63276153580585,84.7,140.427271055902,18640.4627915336,1,10.6,43.7734,-79.44235,988.1,6.5647066484076,7.30161945990946,0.3,37.6536962783495,28.7,268.6,269.8,0.8,0.5
2018-08-09 17:15:19.700,206.1,42.3008685177498,1.89587878135653,1.9317779590451,1.61487850020032,410.533897673869,418.307515324137,1.64545886779814,85.5,140.466129471862,18583.5375982665,1,342,43.7734,-79.44235,988.1,6.56638783881912,7.30553445206905,0.1,37.655514579037,28.7,289.7,316.4,0.6,1.1
2018-08-09 17:15:20.700,206.1,42.28542365257,1.89595342315923,1.93191977672261,1.70921694837023,410.780423218104,418.572971046601,1.74163966719268,269.7,140.458520991103,18616.9416536582,1,312.3,43.7734,-79.44235,988,6.56812721659577,7.30227166480876,0,37.6572978730522,28.7,317.4,3.6,1.4,3.4
2018-08-09 17:15:21.700,206,42.2698863330642,1.8983361655935,1.93438352069212,1.60618264889287,410.971757175038,418.77560956046,1.63668183877344,254,140.45365451815,18634.9794462417,1,286.8,43.7733983333333,-79.44235,988.1,6.56450335752442,7.30417833059467,0.3,37.6559580954169,28.7,320.2,7.4,1.6,2.5
2018-08-09 17:15:22.700,206,42.256151808294,1.89393829284901,1.92989338196872,1.78260056807948,411.147539069198,418.952729134898,1.81644148062314,255.8,140.471473187756,18630.3355639147,1,270.2,43.7733983333333,-79.44235,988.1,6.56518015716617,7.30210529222238,0.7,37.6562678651071,28.7,262.3,15,0.7,1.4
2018-08-09 17:15:23.700,206,42.2461146835306,1.89540392632454,1.93143896351902,1.67065335004291,411.726608708191,419.55407089765,1.70241694022013,253.6,140.466799013104,18656.7154454077,1,264,43.7733983333333,-79.4423483333333,988.1,6.56164266858628,7.30018364745137,0.9,37.657941674606,28.7,325.9,14.5,0.3,0.7
2018-08-09 17:15:24.700,205.9,42.2380350463643,1.89590923426099,1.93211434943907,1.71809959593834,411.659633528643,419.520677794126,1.75090432897951,245.9,140.484809468045,18738.1763201218,1,268.2,43.7733983333333,-79.44235,988.1,6.56131209175005,7.30025981063909,1.2,37.6589374572962,28.7,10.9,0.4,0.2,0.2
2018-08-09 17:15:25.700,205.9,42.2363696349213,1.89455477597899,1.93088538248695,1.64814400796613,411.413233661362,419.302495206341,1.67974656420909,244.9,140.456630904758,18815.2866201191,1,274.1,43.7733966666667,-79.44235,988,6.56642050195813,7.30053525640237,1.6,37.6589290338625,28.7,350.4,44.7,0.1,0.8
2018-08-09 17:15:26.700,205.8,42.2353548590533,1.89411392302348,1.93028248590532,1.71374076539926,411.293744755253,419.147562204284,1.74646661422851,245.6,140.4812462283,18737.5899150019,1,272.7,43.773395,-79.4423516666667,988.1,6.56433609430763,7.29961248275972,1.6,37.6589513680359,28.7,3.1,36.7,0.7,1.5
2018-08-09 17:15:27.700,205.8,42.2424348295832,1.89503918053865,1.93105320245248,1.69776634261855,410.868797704057,418.677106379265,1.73002466091375,249.3,140.473267642745,18649.940248648,1,267.9,43.7733933333333,-79.4423516666667,988.1,6.56604679764042,7.29944526596052,1.8,37.6599790649806,28.7,341.1,58.6,1.1,2.2
2018-08-09 17:15:28.700,205.7,42.2479939893217,1.89605354625845,1.93188514201496,1.80017266413361,410.449963974844,418.206708169944,1.83419336472587,244.8,140.447748616558,18547.4948847359,1,264.5,43.7733933333333,-79.4423533333333,988.1,6.57038251678206,7.29902476316013,1.8,37.6606445668919,28.7,1.3,0.4,0.6,0.7
2018-08-09 17:15:29.700,205.5,42.2457061602989,1.89739425731129,1.93330659485799,1.59054299149762,409.563128512739,417.31507167029,1.6206394255804,236.5,140.48149216522,18575.8102507957,1,260.3,43.7733916666667,-79.442355,988,6.56617731243847,7.29961422913347,1.6,37.6614177576641,28.7,280.2,65.4,0.4,2.5
2018-08-09 17:15:30.700,205.4,42.2486446331371,1.89976463909682,1.93593195644193,1.5710289634917,409.340410759367,417.133424656182,1.60094302624067,231.6,140.430615607984,18682.3060720997,1,256,43.7733883333333,-79.4423583333333,988.1,6.56152140939165,7.29695645009167,2.4,37.6628270676702,28.7,4.5,85.4,2.2,3.5
2018-08-09 17:15:31.700,205.2,42.2516219874605,1.89654054135968,1.93265675578008,1.7242173921408,408.558538622536,416.338799859427,1.75706034097357,228,140.448047626027,18687.2774905394,1,253.6,43.7733833333333,-79.4423616666667,988.1,6.56874646058592,7.29777004075331,2.5,37.6640785317751,28.7,351.7,90.8,2.1,3.4
2018-08-09 17:15:32.700,205,42.2538685020675,1.89339308541026,1.92949950281755,1.34885509007577,407.607920372891,415.380823288708,1.37458173273709,224.3,140.462338737298,18712.8010518965,1,251.8,43.7733683333333,-79.442375,988,6.56768102027071,7.29743155781523,3.7,37.6647757877619,28.7,17.1,112.4,2.2,2.8
2018-08-09 17:15:33.700,204.9,42.2579966294443,1.89583701188458,1.93210114673272,1.44664955859623,407.356119296492,415.148143866273,1.47431488210219,214.1,140.428913710144,18769.2731719455,1,255.1,43.7733383333333,-79.4423966666667,988,6.56457759712059,7.29724946109592,5,37.6660705096812,28.7,11,87.1,2.5,3.4
2018-08-09 17:15:34.700,204.5,42.2579225503153,1.89536900132044,1.93134674332005,1.45378096648765,406.920209072864,414.644323721548,1.48137026407578,199.8,140.464453183759,18628.2575916821,1.1,258.4,43.7732416666667,-79.4424283333333,988.1,6.56585108512173,7.29901852953605,7.7,37.66673774332,28.7,13.2,94.6,2.8,2.7
2018-08-09 17:15:35.700,205.8,42.2590986025116,1.89578394953877,1.93189932301394,1.39512248147772,406.846728080494,414.597450515149,1.42169660961631,202.2,140.457639636084,18694.5544003221,1,257.7,43.7731883333333,-79.4424883333333,988.1,6.56549596753022,7.30259590786893,8.8,37.6678151378778,28.7,356.6,111.3,2.8,1.8
2018-08-09 17:15:36.700,208.3,42.2589370516886,1.89624412471307,1.93226448945609,1.62068941638913,406.914109441875,414.643782694443,1.65147602142475,206.4,140.462818541845,18641.7723098397,1,256.3,43.77315,-79.4425533333333,988,6.56467280571068,7.29805402729845,8.7,37.6688643161524,28.7,5,114.3,3.1,2.6
2018-08-09 17:15:37.500,211.8,42.2588292427933,1.89756712704425,1.93360596250101,1.64186689554431,406.769133142893,414.494691424257,1.67305037778537,209,140.467532325822,18638.4951292123,1,256,43.7731166666667,-79.442605,988.1,6.56759987765323,7.29983493896684,8.1,37.6695965817296,28.7,359.9,119.6,3.3,4
2018-08-09 17:15:38.700,218.8,42.2581971527008,1.89616088527252,1.93229566544865,1.45239350341132,405.826494194,413.560340471594,1.48007423891857,210.1,140.471180373883,18700.6608508174,1,255.6,43.7730866666667,-79.4426533333333,988,6.56844736702663,7.30358186416634,7.4,37.6698465614608,28.7,2.7,134.8,4.3,4.9
2018-08-09 17:15:39.500,226.8,42.2581919136168,1.89563982728526,1.93197770131113,1.42789289835667,405.60007156796,413.375020458163,1.45526529664873,211.4,140.481062386938,18808.4853807764,1,254.8,43.7730533333333,-79.44271,988,6.57195058547875,7.30044655604684,7,37.6702080983857,28.7,358.8,129,4.6,6.2
2018-08-09 17:15:40.700,232,42.2580332855023,1.89810684847395,1.93450361951041,1.40981588380409,405.376182164066,413.149274053638,1.43685116010756,210,140.459311284442,18814.3423107243,1,254.6,43.77302,-79.4427516666667,988,6.57039033143286,7.29869978796097,6.4,37.670908962802,28.7,4.6,140.4,4.4,5.8
2018-08-09 17:15:41.500,235.7,42.2602429008045,1.89617371671558,1.93254215803716,1.48657101395443,404.720278914932,412.482764631685,1.51508503578241,209.4,140.476722427,18818.9518326315,1.7,253.7,43.7730016666667,-79.4427783333333,988.1,6.57051162176288,7.3009546227035,5.7,37.6716212236749,28.7,8.5,145.1,5.6,8.1
2018-08-09 17:15:42.700,239.5,42.2669757758398,1.89587974701603,1.93221456394815,1.47965586464099,404.419016794151,412.169840740051,1.50801680896434,208.9,140.447449287412,18804.8305736428,1.7,253.3,43.77299,-79.4428066666667,988.1,6.57190794241398,7.30315645105504,5,37.6715895773746,28.7,349.3,120.1,5.9,10.6
2018-08-09 17:15:43.700,240.4,42.2710239288214,1.89818585774386,1.93461245299862,1.59237622263479,404.233061207532,411.990360812095,1.62293481628759,209.3,140.449358659558,18828.8755400808,2.1,253.3,43.7729783333333,-79.4428166666667,988,6.56688951536645,7.30381301021061,4.6,37.6717209960962,28.6,13.8,116.1,6.7,11.2
2018-08-09 17:15:44.700,240.2,42.2727716472226,1.89839637334442,1.93483377755666,1.55390953878116,404.518125508861,412.282488745386,1.58373483607458,204.4,140.474035501449,18832.7223585272,1.7,253.2,43.7729666666667,-79.4428083333333,988.1,6.56385620348901,7.30237807476772,4,37.6728454505963,28.6,13.5,116.3,7.1,11.3
2018-08-09 17:15:45.700,233.2,42.277681618787,1.89908890974011,1.93562033466392,1.50555005283609,404.426685793845,412.206481370182,1.53451212023136,160.9,140.431321071766,18873.6227477144,1,253,43.7729933333333,-79.4427083333333,988,6.56006245505945,7.30372984137801,1.8,37.6737424797729,28.5,12.1,115.6,6.5,10.4
2018-08-09 17:15:46.700,222.4,42.280615949215,1.90060158555127,1.93715286629945,1.4435327396983,404.288722189467,412.063892376513,1.47129528112379,91,140.453798128824,18868.7995720462,1,252.5,43.7730516666667,-79.442625,988,6.56086011500315,7.30409071517447,1.4,37.6745676203283,28.5,7.5,113.3,5.6,9.7
2018-08-09 17:15:47.700,218,42.2868589626204,1.89892341804017,1.93540336738121,1.43016465014702,403.998728382473,411.759894481118,1.45763900306042,63.3,140.456214502694,18848.7152584498,1,252.4,43.7730983333333,-79.442585,988,6.56472669429452,7.29857216979077,1.6,37.6752768307247,28.5,359.8,119.1,4.8,9.7
2018-08-09 17:15:48.700,217.3,42.2941780541399,1.89887497685109,1.93529769219043,1.46788567953768,404.116114585663,411.867496233368,1.49604190613744,51.2,140.447306269068,18820.1290231664,1.1,252.2,43.7731233333333,-79.442575,988,6.56806446355383,7.29578878485802,1.6,37.6759543436637,28.5,22.6,134.6,4.2,8.8
2018-08-09 17:15:49.700,217.1,42.2940304276778,1.89892397179783,1.93537655937921,1.42689752867621,404.31625904385,412.077650081133,1.45428847185825,43.8,140.48074294023,18834.8716708133,1.1,252,43.7731283333333,-79.4425833333333,987.9,6.57062971302759,7.29813884781514,1.1,37.6767122261392,28.5,17.7,123.9,3.8,9.1
2018-08-09 17:15:50.700,214.2,42.2929918861586,1.89577557893593,1.93228876882293,1.43959090085652,403.99037639172,411.771402055561,1.46731751653448,26.4,140.459413350282,18896.4064731617,1.1,252.2,43.77314,-79.442585,988,6.57133430940725,7.30228497872902,1.1,37.6775013350282,28.5,8.5,117.9,4.8,11.3
2018-08-09 17:15:51.700,212,42.2858965824527,1.89714729226642,1.93366916005106,1.41668539428895,404.19652684526,411.977781840608,1.44395919421499,14.3,140.466891063906,18887.5529420812,1.1,251.9,43.77315,-79.4425883333333,988,6.57119833806211,7.29864504531616,0.9,37.6782898256005,28.5,359.1,108.9,5.3,11.3
2018-08-09 17:15:52.700,211.7,42.2822220089206,1.89889209143079,1.93533016935451,1.41598905441699,404.368267726333,412.127668999073,1.44315939708754,5,140.463889584182,18827.6784371693,1.1,251.5,43.77315,-79.4425983333333,988,6.57419354474945,7.29731850722073,0.7,37.6789329472501,28.4,358,108,6,11.8
2018-08-09 17:15:53.700,211.2,42.2825954025026,1.89800761709085,1.93452923653707,1.39755473219206,403.842076580754,411.612879403616,1.42443814489171,356.1,140.473991793043,18878.9436123201,1.1,251.7,43.7731483333333,-79.4426,987.9,6.57037851411252,7.29976957867235,0.7,37.6795403267128,28.4,0.7,109.7,5.7,11.8
2018-08-09 17:15:54.700,209.7,42.2763783249082,1.89741216257989,1.93412980420443,1.25400588581691,403.623288278209,411.434047726004,1.27827390800262,354.9,140.478394095866,18984.2916165222,1,251.6,43.7731416666667,-79.442595,988,6.56915749174129,7.29966280796233,0.5,37.6802250172564,28.4,6.1,114.4,6.5,12.9
2018-08-09 17:15:55.700,208.5,42.2723514787622,1.89944077204417,1.93611521049198,1.28386655283233,403.107186488753,410.890470644385,1.30865362141798,344.1,140.463027962669,18942.4390798062,1.1,251.5,43.7731366666667,-79.4425916666667,988,6.56771858803959,7.29980511888422,0.5,37.680974866534,28.3,2,109.9,6,11.2
2018-08-09 17:15:56.700,207.1,42.2712295869756,1.89852711039547,1.9351821477268,1.39328144957083,402.385143209866,410.154149881909,1.42018236696596,342.6,140.478285464581,18941.5699207215,1.1,251.4,43.773135,-79.4425866666667,987.9,6.56908833917536,7.29889625972078,0.3,37.6819495869756,28.3,3.8,113.9,4.9,9.1
2018-08-09 17:15:57.700,206.3,42.2737875506149,1.8970154603702,1.93364229406323,1.33679198670976,402.396389639506,410.165673822987,1.36260450240526,340.1,140.441191754308,18941.8159621124,1.1,251.1,43.7731283333333,-79.4425733333333,987.9,6.57287125398238,7.29874526392834,0.3,37.6830025614059,28.3,4.5,108.5,4.5,9.6
2018-08-09 17:15:58.700,206.3,42.2742855531521,1.8981199982343,1.93462169841087,1.35736284225993,402.056464137,409.788091310241,1.38346085891395,338.7,140.452710534934,18867.3891357988,1.1,251,43.7731233333333,-79.4425633333333,987.9,6.57241439685378,7.30044047805689,0.3,37.6842375241382,28.3,343.3,95.8,4.7,8.6
2018-08-09 17:15:59.700,205.3,42.2742314492218,1.8986816334957,1.93527083522186,1.39172783885033,402.079169907876,409.827502015259,1.41853933582156,339.6,140.466838631789,18906.3397839711,1.1,250.9,43.773115,-79.4425583333333,988,6.56851243997657,7.29988143748808,0.1,37.6849324148046,28.3,341.7,92.7,4,8.1
2018-08-09 17:16:00.700,203.4,42.2784386873203,1.89870541597204,1.93539200671762,1.30387940609798,402.215711245864,409.987321156151,1.32907276042687,339.6,140.444116947892,18955.7882190367,1,250.7,43.77311,-79.4425483333333,987.9,6.56944232868645,7.29840751357245,0.1,37.6859873276174,28.3,4.8,122.6,4.8,9.6
2018-08-09 17:16:01.700,200.1,42.2792637178467,1.89927196232948,1.93580770875689,1.28866095418594,401.948714716843,409.680961917335,1.31345126510773,339.8,140.47269754486,18873.797156921,1.1,250.9,43.7731033333333,-79.4425366666667,987.9,6.57247040359908,7.29847944675007,0.1,37.6869443803589,28.3,15.4,131,5.4,11
2018-08-09 17:16:02.700,196.5,42.28324372869,1.9004475532353,1.93701754151538,1.29947046328704,401.956194280822,409.690944259999,1.32447699075573,337.9,140.451757011127,18879.3622117096,1.1,250.7,43.7730966666667,-79.4425283333333,988,6.56958422417228,7.29627547785942,0,37.687625696948,28.3,26.3,132,5.7,11.6
2018-08-09 17:16:03.700,193.9,42.284461882791,1.90052234595048,1.93718671360745,1.25293984754815,402.141602139691,409.899544802278,1.27710973154732,351.3,140.452194372695,18926.3628684186,1.1,250.7,43.773085,-79.44252,987.9,6.57049362905815,7.29246681778655,0,37.688601619398,28.3,31,145.2,6,11.6
2018-08-09 17:16:04.700,192.3,42.2830803751709,1.90060291534182,1.93728788247564,1.27181095573785,401.708686421895,409.462453089388,1.29635874885483,325,140.474094838147,18936.3666199923,1,250.8,43.773075,-79.442515,988,6.5709457231798,7.29574108428644,0.1,37.6890275117202,28.3,39.9,129.1,4.4,8.3
2018-08-09 17:16:05.700,191.1,42.289181575168,1.90118376907568,1.93785909979594,1.40293330238109,401.254318818265,408.994874413487,1.42999710851426,330.3,140.461633642078,18925.7894156351,1.1,250.8,43.773065,-79.442515,987.9,6.56780762938426,7.29974456804438,0.1,37.6899248253653,28.3,3.7,125.7,5.2,10.3
2018-08-09 17:16:06.700,190.6,42.2933760534991,1.90083434981269,1.93767087702319,1.35228046481167,401.207791812339,408.9828041424,1.37848270702809,330.9,140.470335761089,19010.6138029036,1.1,250.6,43.773055,-79.4425116666667,988.1,6.569120359828,7.29915789852448,0.1,37.6910713775921,28.3,7.8,108.9,4.8,10.8
2018-08-09 17:16:07.700,190.6,42.2984267611835,1.90242104446794,1.93932515822952,1.32103999867219,401.143943088079,408.925553336411,1.34666533737648,333.8,140.453562842483,19029.369368763,1.1,250.3,43.7730483333333,-79.44251,987.9,6.56818115245354,7.29784895326288,0.1,37.6917338897828,28.3,350.4,100.7,5.6,10.4
2018-08-09 17:16:08.700,190.5,42.3012061923296,1.90267596163234,1.93949975938909,1.33750346603563,401.006050797539,408.766947218172,1.36338879591622,331.3,140.471151142294,18986.1486885283,1.1,250.2,43.7730433333333,-79.4425066666667,987.9,6.56833572137259,7.30039540404193,0.1,37.6919750754639,28.3,359.6,106.9,5.2,10.9
2018-08-09 17:16:09.700,190.7,42.3002281421686,1.90189251699,1.93869525211557,1.34189083328688,401.218357883234,408.982166267548,1.36785731362788,18.7,140.471603339385,18983.3317399744,1.1,250.3,43.77304,-79.4425033333333,987.9,6.57046642696094,7.29790886577019,0,37.69246775485,28.3,352.6,101,6,11.8
2018-08-09 17:16:10.700,191.1,42.2979340029267,1.90131539416058,1.93795867703778,1.39776310781104,401.415121387384,409.151486235911,1.42470015186217,20.2,140.466176733504,18908.3362108832,1.1,250.2,43.77304,-79.4425,987.8,6.56998610942518,7.29154479124784,0,37.6933119075077,28.3,352.5,103.5,5.1,9.2
2018-08-09 17:16:11.700,191.4,42.299209544438,1.90215173778393,1.93895207592294,1.29895165111324,401.348702646021,409.113471140462,1.32406593204518,342.2,140.479359498457,18979.4017116019,1,250.2,43.7730416666667,-79.4424983333333,987.9,6.5682045273479,7.29197438667969,0.1,37.6940281892776,28.3,345.3,90.8,5.1,8.6
2018-08-09 17:16:12.700,191.8,42.3047380646402,1.90342519840939,1.94036730874512,1.34061372758366,401.164862887521,408.950714382718,1.36662570543616,323.7,140.43818072831,19038.5786143951,1,250.5,43.7730416666667,-79.4424983333333,987.8,6.56345379153257,7.30009647475232,0.3,37.6949488868958,28.3,318.4,62.5,1.4,2.1
2018-08-09 17:16:13.700,191.9,42.3007670268897,1.90183230390659,1.93873644270488,1.41591928716012,401.320000956739,409.107327295799,1.44339124396225,308.7,140.459748053926,19034.9131572092,1,250.3,43.7730433333333,-79.4425,987.8,6.57091858041634,7.29829709277357,0.5,37.6956519395521,28.3,354,90.8,1,1.8
2018-08-09 17:16:14.700,191.3,42.2932014401876,1.89916568670017,1.93615018023108,1.37830532534481,401.538213288755,409.357677264182,1.4051485494867,314.7,140.460472941807,19101.7804691068,1.1,250.4,43.773045,-79.4425066666667,988,6.57448187556844,7.29561132562396,0.5,37.6962717520781,28.3,251.7,351,1.5,4.2
2018-08-09 17:16:15.700,190.7,42.2866374867826,1.90324294547951,1.94019143774899,1.55307934399396,402.059451875175,409.864768815229,1.58322009818284,314.4,140.446184213933,19043.8170422708,1,250.6,43.7730483333333,-79.4425133333333,987.9,6.56711373924647,7.29837325732722,0.5,37.6970493837947,28.3,233,348.9,1.9,3.8
2018-08-09 17:16:16.700,190.4,42.2814244759146,1.90484443580639,1.94170322183078,1.48949447255552,402.293931713794,410.078212445654,1.51831269955474,320.6,140.473047653506,18982.5342981251,1.1,250.4,43.77305,-79.4425183333333,987.9,6.5624499212317,7.30024596444132,0.5,37.6985027703125,28.3,248.1,358.5,2.6,6.2
2018-08-09 17:16:17.700,190.5,42.2811241588171,1.90210013831186,1.93879650989258,1.28884908552201,402.142440835446,409.900669227934,1.31371697970538,320.8,140.447676483887,18927.1938605763,1.1,250.1,43.77305,-79.4425233333333,987.9,6.56718978168498,7.30065505417266,0.5,37.6995148916129,28.3,255.6,2.7,3.3,7.2
2018-08-09 17:16:18.700,190.7,42.2766277653933,1.90273000269421,1.93957546969236,1.35834719635756,402.600733959372,410.396929095694,1.38466348425107,323.5,140.460300153955,18996.6591610352,1.1,250.3,43.7730433333333,-79.4425216666667,987.9,6.56968160867473,7.29822279546146,0.3,37.6999282400578,28.3,237.3,341.6,3.4,6.2
2018-08-09 17:16:19.700,191.1,42.2725438379295,1.90301550388342,1.94025462922546,1.48508723708142,403.876411320775,411.779762759431,1.51415053732387,342.7,140.472754061185,19192.990226443,1,250.1,43.7730366666667,-79.4425216666667,987.8,6.57062052316088,7.29168564956865,0.1,37.7003512864376,28.3,225,339.7,2.9,5.3
2018-08-09 17:16:20.700,191.6,42.2702549171614,1.90252121066489,1.93969162202723,1.38664579311045,404.258430722637,412.156605881642,1.41374869407823,333.6,140.468405767996,19162.9029092683,1,250.1,43.77303,-79.4425183333333,987.8,6.5670349387269,7.29292830383103,0.3,37.7010217839772,28.3,238.7,351.5,1.7,2.6
2018-08-09 17:16:21.700,191.3,42.2659573378747,1.89979406541096,1.93681107456134,1.29777868557614,404.560878716936,412.44354993041,1.32306622965205,16.4,140.471240932068,19112.0736340669,1,250,43.7730216666667,-79.4425116666667,988,6.56684263456613,7.29934912015115,0.1,37.7023590099478,28.3,256.2,28.3,1.6,2.9
2018-08-09 17:16:22.700,190.8,42.2651501575625,1.89950064091887,1.9365248787596,1.33632761814532,405.632260408212,413.538660408213,1.36237407903245,20.5,140.453564543028,19118.9689586376,1,249.9,43.77302,-79.4425083333333,987.9,6.56937128057764,7.30266751309413,0.1,37.70308,28.3,284.5,43.8,1.3,2.5
2018-08-09 17:16:23.700,190.6,42.2695803764212,1.90234451308088,1.93933086931961,1.47879078365574,406.598646476786,414.504013351349,1.50753935965744,359.4,140.476688138867,19071.926863525,1,249.7,43.7730216666667,-79.4425083333333,987.9,6.5662155805093,7.29876379765993,0.1,37.7042925630128,28.4,315.5,70.3,1,1
2018-08-09 17:16:24.700,190.4,42.2762535527752,1.90131482026061,1.93823606551449,1.4572346900211,407.441943664291,415.354038257352,1.48553254436744,348.9,140.46487688482,19048.9968568898,1,249.6,43.7730266666667,-79.4425116666667,988,6.56745867612874,7.29786710334742,0.1,37.7052143643837,28.4,186.2,335.8,0.2,0.9
2018-08-09 17:16:25.700,190,42.2818928325737,1.90054841405944,1.93743869728412,1.41639980664786,408.018419205877,415.938245785625,1.44389261724147,328.2,140.471116998057,19040.7702604274,1,249.5,43.7730316666667,-79.4425133333333,987.9,6.56863130707268,7.30000199118834,0.1,37.7055623965669,28.4,299.9,45.5,0.4,1.8
2018-08-09 17:16:26.700,189.6,42.287785876956,1.8989830535995,1.93586638671276,1.44771500005442,408.747691128688,416.686687136121,1.47583386179152,330.6,140.477999471832,19052.7186802611,1,249.9,43.7730366666667,-79.4425133333333,988,6.57019367977785,7.29585259838145,0.3,37.7061515624511,28.4,256.7,11.9,0.9,1.7
2018-08-09 17:16:27.700,189.3,42.2917294279593,1.89837642798234,1.93533308508044,1.3463102094498,408.891112992436,416.851195845038,1.37251776758687,327.9,140.434802872874,19095.9061259973,1,250,43.7730416666667,-79.4425166666667,987.9,6.57368972753772,7.29374527114917,0.1,37.7067658569092,28.4,261.7,18.5,0.8,1.3
2018-08-09 17:16:28.700,188.9,42.2879848728519,1.90030387969844,1.93741877750956,1.34769313055825,408.582242401654,416.562331519996,1.37401713795358,323.8,140.463782113027,19156.9872702595,1,249.6,43.773045,-79.44252,987.9,6.5684537283587,7.29442963193517,0.1,37.7077920245052,28.4,328,111.5,0.7,2.7
2018-08-09 17:16:29.700,188.5,42.288604834341,1.89922265118769,1.93635674901655,1.53935952154789,408.831061902096,416.824553592744,1.56945651222202,315.9,140.452980473392,19177.0606997018,1.1,249.6,43.7730483333333,-79.4425216666667,987.9,6.56490250187601,7.29686102790413,0.1,37.7088625337874,28.4,12.5,132.5,1.5,2.7
2018-08-09 17:16:30.700,188.1,42.2903121349228,1.89872182991529,1.93589878398689,1.40785727639549,409.141749976187,417.152639052857,1.43541739741513,331.7,140.448793172077,19203.7203584507,1.1,250,43.7730533333333,-79.4425233333333,987.9,6.56820551291453,7.29681754868737,0.1,37.7102599461675,28.4,31.7,146.1,1.1,2.6
2018-08-09 17:16:31.700,187.5,42.2891755195325,1.8979322240889,1.93507418244469,1.27580875146144,409.005773419394,417.009849023002,1.30077512978548,329.2,140.472105107171,19193.9171255582,1.1,250.3,43.7730583333333,-79.442525,987.9,6.56899306558449,7.29918132732529,0.1,37.7107249715135,28.4,41,138.1,1.8,3
2018-08-09 17:16:32.700,186.5,42.2914002618315,1.89847591689959,1.93561495852185,1.30671035308449,409.551825111657,417.563661577943,1.33227271855388,316.2,140.444882478323,19186.9742065855,1,250.1,43.7730616666667,-79.442525,987.9,6.56791974945989,7.29825799098405,0.1,37.7113728141833,28.4,33.7,140.6,1.2,2.3
2018-08-09 17:16:33.700,185.4,42.2925864225792,1.90055906779967,1.93768730129414,1.43693218972021,409.684847290688,417.688233020457,1.4650007303328,342.2,140.463859557926,19161.1404855015,1,249.6,43.7730616666667,-79.4425233333333,988,6.56645437382672,7.29481199012956,0,37.7115327731171,28.4,14.8,115.3,1.3,2.3
2018-08-09 17:16:34.700,184.7,42.293081896919,1.90177436434479,1.93894492437887,1.48600094377624,409.135841418105,417.132497007486,1.51504474766089,7.6,140.46930854238,19170.5266220113,1,249.4,43.77306,-79.4425216666667,987.9,6.56633378513141,7.29326988178894,0.1,37.7124984833169,28.4,13.3,133.5,1.3,2.7
2018-08-09 17:16:35.700,184,42.2910848442613,1.89959949459365,1.93681591735113,1.35816889915599,408.651341402804,416.657613745014,1.38477604325232,352.8,140.473693044071,19215.4288310608,1,249.6,43.7730566666667,-79.44252,987.9,6.56893964016479,7.29802562397789,0.1,37.7127254485035,28.5,35.1,121.2,1.8,3.7
2018-08-09 17:16:36.700,183.4,42.2913619646795,1.89904708057371,1.93640717522233,1.34241999506079,408.609916267358,416.648614116145,1.36883195947375,301.7,140.469901075607,19293.6880324166,1.1,249.6,43.773055,-79.4425166666667,988.1,6.57123404176462,7.30001515264413,0.1,37.712921540735,28.5,358.4,101.3,2.2,4.8
2018-08-09 17:16:37.700,182.8,42.2960591331327,1.89972526782655,1.93697212459233,1.52506165060922,408.009388939669,416.009156331371,1.55495435916614,293.9,140.455279276067,19229.6467750015,1.1,249.7,43.7730533333333,-79.44251,988,6.57002882243462,7.30055622121966,0.3,37.7133215628397,28.5,346.6,93.6,2.3,4.3
2018-08-09 17:16:38.700,182.1,42.3002294669702,1.89804910106067,1.93530488283054,1.41799165855884,407.723356208484,415.726449035352,1.44581627422099,295.6,140.461341056782,19250.8885539842,1,249.6,43.7730533333333,-79.442505,987.9,6.5732863564634,7.29183134183109,0.5,37.7148959293229,28.5,343.5,83.7,2.2,4
2018-08-09 17:16:39.700,181.3,42.3026608244875,1.8966904743035,1.93391548463385,1.41281065821786,406.987863052667,414.975505328191,1.44053581243569,303.1,140.44459278816,19248.4321749371,1,249.8,43.7730516666667,-79.4425,988,6.57301889747274,7.29468981269521,0.9,37.7162365978408,28.5,345.5,90.8,1.6,3.4
2018-08-09 17:16:40.700,180.5,42.3024167869476,1.89839545620802,1.93558363378753,1.47302955382072,405.706905394533,413.654443089702,1.50188572612969,315,140.475570960756,19213.0615264773,1,249.8,43.7730516666667,-79.442495,988,6.57070711879395,7.29828312477498,1.1,37.7159892550186,28.5,340.3,77.5,1.5,3.1
2018-08-09 17:16:41.700,180,42.2973411459375,1.90086824141128,1.93804258218147,1.41548889873848,405.116193303843,413.038942948563,1.44317240378187,310.9,140.466460039749,19181.6640156005,1.8,249.7,43.7730516666667,-79.4424916666667,988,6.56830210593774,7.30012486973435,1.2,37.7166778803479,28.4,333.4,72.5,1.1,2.2
2018-08-09 17:16:42.700,179.7,42.2951489215757,1.90088732517879,1.93806203309623,1.38749189335517,404.660582807054,412.574448067843,1.4146264882519,313,140.454453958719,19181.6666281314,1.8,249.6,43.7730533333333,-79.44249,987.9,6.5706275157948,7.29860611129675,1.2,37.7183746596614,28.4,318.9,61.5,0.8,2.1
2018-08-09 17:16:43.700,179.3,42.2951033708622,1.89761646189083,1.93473422899337,1.34890857762766,404.591707785113,412.505603138607,1.375293840868,316.5,140.483158267277,19184.8972989352,1.2,249.7,43.7730533333333,-79.4424883333333,988,6.5707030950339,7.29755529376815,1.2,37.7187513939517,28.4,293.4,50.8,0.5,1.7
2018-08-09 17:16:44.700,178.9,42.3004956676016,1.89783737739303,1.9349151193343,1.30040358064442,403.687416601044,411.574253424211,1.32581033641281,316.2,140.445196866235,19162.5398410453,1.2,249.4,43.7730533333333,-79.4424866666667,988,6.57372249600952,7.29928961686451,0.9,37.7196947077324,28.4,233.8,332.8,0.4,0.8
2018-08-09 17:16:45.700,178.2,42.3014440626601,1.90021360078718,1.93762851242272,1.19208721456398,403.234256478729,411.173876591806,1.21555112207005,318.4,140.474072677267,19309.589525835,2.2,249.5,43.7730533333333,-79.4424833333333,988,6.57375761117945,7.29744111448425,0.9,37.7204111070157,28.4,185,323.8,0.4,0.8
2018-08-09 17:16:46.700,177.4,42.3006131787943,1.89827323596504,1.93555919604801,1.16712307153337,403.074209604863,410.991418378215,1.19004648712609,321.2,140.482428939695,19263.6640435777,2.2,249.7,43.7730533333333,-79.4424783333333,988,6.57288928856565,7.29551331891856,0.9,37.7206423118504,28.4,176.2,0.4,0.5,0.8
2018-08-09 17:16:47.700,176.9,42.3058851270084,1.89823249684353,1.93541693392459,1.25364076490585,402.214923857485,410.093866418063,1.27819913365545,317,140.443935462813,19212.6240755746,2.2,249.7,43.77305,-79.4424733333333,988,6.57486122466832,7.29705480131858,0.9,37.7206665446105,28.5,253.5,0.4,0.6,1.2
2018-08-09 17:16:48.700,176.9,42.3043372561247,1.89848257259338,1.93550551044945,1.65562032496874,401.859834820914,409.696654970098,1.68789085359117,318.5,140.467791181277,19128.3505119867,2.2,249.8,43.773045,-79.4424683333333,988.1,6.57136857652854,7.29719482793384,0.9,37.7210580165906,28.5,198,0.4,0.6,1
2018-08-09 17:16:49.700,177.2,42.3056447198323,1.90022472999364,1.93744377110776,1.54902152945242,401.781102802936,409.650617283352,1.57934444554059,318.8,140.436952623248,19210.33353122,2.2,249.7,43.7730383333333,-79.4424633333333,987.9,6.57552225909922,7.29848903095281,0.9,37.7215607628063,28.5,250.9,36.5,0.5,1.1
2018-08-09 17:16:50.700,177.6,42.3092431419443,1.89865886673818,1.93575449958479,1.40320630568178,401.382952985676,409.225122790418,1.43062215904671,314.1,140.466509078196,19163.4721729386,1.1,249.8,43.7730333333333,-79.4424566666667,988.1,6.57089798250394,7.30086228235884,0.5,37.722523765011,28.5,303.8,67.6,0.6,1.8
2018-08-09 17:16:51.700,177.9,42.3132515574325,1.90086040761733,1.93817370772263,1.25246746943926,400.946238661141,408.816653605467,1.2770438232289,308.2,140.46836502386,19251.7332030465,1.1,249.6,43.773025,-79.4424483333333,988.1,6.56939964742914,7.30196774118517,0.1,37.7226597432508,28.5,316,51.2,0.8,2.2
2018-08-09 17:16:52.700,178.4,42.3177764739003,1.90371703586124,1.94097460426789,1.36194786211113,401.016915996913,408.865153022843,1.38859237525281,312.1,140.458917067217,19195.0591413698,1,249.6,43.7730183333333,-79.4424416666667,988.1,6.56778993466122,7.30052196952128,0.1,37.7235784453619,28.5,280.3,17.2,1.3,2.4
2018-08-09 17:16:53.700,178.9,42.3180507691202,1.89872573691335,1.93598352964474,1.41181200446112,401.56643569564,409.446144037812,1.43951344246578,308.7,140.469612253412,19244.7450076378,1,249.6,43.7730133333333,-79.4424383333333,988,6.57115350572728,7.29372384511528,0.1,37.7239250529591,28.5,257.4,10.2,1.5,3.2
2018-08-09 17:16:54.700,179.5,42.318270645906,1.90155869712741,1.93880493261734,1.27719410502257,401.489562405375,409.353624386584,1.30221521965349,311.4,140.44269951141,19210.878631411,1,249.5,43.77301,-79.4424366666667,988.1,6.56537033900687,7.29885361111394,0.1,37.7236701063087,28.5,253.3,4.6,1.7,3.8
2018-08-09 17:16:55.700,180.1,42.310745547328,1.90147740864289,1.93873355843712,1.59114288326538,401.526736412834,409.393968580179,1.62232561543004,312.1,140.480934163218,19216.8744451148,1,249.9,43.77301,-79.4424383333333,988.1,6.5689647541126,7.29720526653141,0.1,37.7257712784628,28.5,252.9,356.9,2.2,4.6
2018-08-09 17:16:56.700,180.8,42.3021179036109,1.89780057753084,1.93502832296718,1.50295163613191,401.920882837269,409.80515230809,1.53243380591318,313.3,140.459945436336,19239.1135383012,1,249.7,43.77301,-79.4424383333333,988,6.57357033742151,7.29534631420799,0.1,37.7268785580879,28.5,268.4,53,1.7,2.6
2018-08-09 17:16:57.700,181.2,42.2990552989412,1.90168166823051,1.93889439689322,1.40542417723828,401.883887196241,409.748215721826,1.4329266179025,165.4,140.454692743131,19193.0046937852,1,249.2,43.7730083333333,-79.44244,988,6.57068435779675,7.2934862845563,0.1,37.7266102418956,28.5,294.7,55.8,0.8,1.9
2018-08-09 17:16:58.700,181.2,42.2946050879386,1.90171557992702,1.93893004212561,1.49419454425519,402.126397787582,409.995476904619,1.52343475468283,160.1,140.484846464569,19193.1242865456,1,249.4,43.7730083333333,-79.4424383333333,988,6.56942702574475,7.29373921085219,0.1,37.7268821046104,28.5,307,37.8,1.2,2.1
2018-08-09 17:16:59.700,181.4,42.2983509398981,1.90046568899774,1.93750695618344,1.38864852097616,402.607378505789,410.454449919573,1.41571881780215,126.9,140.437747280662,19118.0304274729,1,249.9,43.77301,-79.44244,988.1,6.57642626804111,7.2968504934465,0.1,37.7276597814518,28.5,267.1,19.2,1.3,2.2
2018-08-09 17:17:00.700,181.8,42.2946417273748,1.89804440550537,1.93521501382845,1.38180026733604,402.422364933451,410.303376777479,1.40886320386571,113.8,140.47900007415,19207.7663043814,1,249.8,43.7730116666667,-79.4424416666667,987.9,6.57297614886435,7.29820686510164,0.1,37.7303723728568,28.5,303.5,90.8,0.3,1.2
2018-08-09 17:17:01.700,181.8,42.2920045114655,1.89994544740461,1.93727449394411,1.47772263039343,402.576290323117,410.485944745672,1.50675670532566,90.5,140.470504175527,19269.0521912653,1,249.7,43.773015,-79.4424383333333,988,6.57233142379611,7.29894838625182,0,37.7351899547634,28.5,359.7,120.4,0.9,1.6
2018-08-09 17:17:02.700,181.5,42.2961316862436,1.89836737278176,1.93565504567652,1.5415439010307,402.91015597685,410.824129509948,1.57182258281557,95,140.441478523338,19263.5932687237,1,249.6,43.7730166666667,-79.4424366666667,988,6.57295832585185,7.29399815253588,0.1,37.737126204856,28.5,12.2,131.2,0.7,0.8
2018-08-09 17:17:03.700,181.1,42.2922907333055,1.89750641615552,1.93482895312387,1.52249950746904,403.258709637891,411.190427774969,1.55244502371261,294.3,140.470905402012,19289.708685361,1.1,249.6,43.7730216666667,-79.442435,988,6.57171405924463,7.29428901539925,0,37.7328340227165,28.5,304.9,40.9,0.3,0.5
2018-08-09 17:17:04.700,180.8,42.2927108627146,1.89783097318371,1.93503755098458,1.37137386423969,404.060165982953,411.981538656096,1.39826268227529,155.2,140.431592151156,19227.6221583247,1.1,249.7,43.7730266666667,-79.442435,988.1,6.5732554460748,7.29771161305842,0,37.7316575812681,28.5,211.1,339,0.2,1
2018-08-09 17:17:05.700,180.7,42.2868766292935,1.89750962518616,1.93477340160117,1.52210622434196,405.494704092075,413.457909431516,1.55200165462754,163.6,140.455486911774,19259.9770282571,1.1,249.5,43.77303,-79.4424333333333,988,6.56816922882109,7.3012209942517,0,37.7320953830758,28.5,228.3,336.9,0.8,1.6
2018-08-09 17:17:06.700,180.7,42.2834571895435,1.89664174545575,1.93371912282654,1.36144120942413,406.406931429289,414.351710217842,1.38806352086721,136.8,140.458252319733,19174.0361667265,1.1,249.3,43.7730333333333,-79.4424333333333,988.1,6.56797878659833,7.29997429558355,0,37.7331647680267,28.5,220.1,338.2,1.1,2.9
2018-08-09 17:17:07.700,180.8,42.2849813607337,1.89871056178904,1.93583599625172,1.46657621401793,408.122029020149,416.101974618607,1.49525387411333,177.5,140.462740933076,19177.8172938177,1.1,249.7,43.7730366666667,-79.4424333333333,988.1,6.57228295917907,7.29958595043051,0,37.7336022549292,28.5,239.2,334.2,2,3.9
2018-08-09 17:17:08.700,181.2,42.2826157205808,1.90027158951472,1.93735693282865,1.2669526910909,409.912178882549,417.912028134004,1.29168247935145,144.3,140.46977605785,19142.4427648155,1.1,249.6,43.7730383333333,-79.442435,988.1,6.57356898502909,7.29854231388057,0,37.7342149251455,28.5,218.7,332.9,2.4,6
2018-08-09 17:17:09.700,181.8,42.2831378558174,1.90108425370975,1.93825526205709,1.20990164240407,411.847882368751,419.900532052543,1.233558705726,265.9,140.43565713745,19177.6022352266,1.1,249.4,43.77304,-79.4424383333333,988.1,6.56734753499384,7.29516956387125,0,37.7353419038782,28.5,218.3,328.6,4.1,8.3
2018-08-09 17:17:10.700,182.3,42.280304432856,1.89824416028637,1.93567300261432,1.43597085689607,413.33838576351,421.48846908853,1.46429505901771,206.2,140.484934431101,19336.4361467898,1,249.4,43.7730433333333,-79.4424366666667,988.1,6.57024528294072,7.29737555518707,0,37.7359129648345,28.5,224.9,333.7,4.8,8.8
2018-08-09 17:17:11.700,183,42.28344349927,1.89850055071947,1.93585479666316,1.50883711401445,414.116065447328,422.263998364951,1.53852413322196,115.5,140.455353858187,19295.8904815456,1,249.6,43.773045,-79.4424383333333,988,6.56868325257568,7.30125643668397,0,37.7370377966632,28.4,211.9,318.6,4.1,8.3
2018-08-09 17:17:12.500,183.5,42.2852199007417,1.89969526926293,1.93696263037832,1.30622343817889,414.041581171733,422.163981471049,1.3318492560366,103,140.455783976715,19239.7860248257,1,249.6,43.7730466666667,-79.44244,988,6.57564681867198,7.29885351173054,0,37.7372720734203,28.4,219.8,324.1,3.7,7
2018-08-09 17:17:13.700,184.4,42.2849839261474,1.9037004373445,1.9410077181787,1.18129119034939,414.51653617426,422.639907714101,1.20444125716071,115.3,140.486220849153,19220.5673146969,1,249.4,43.773045,-79.4424416666667,988.1,6.56924120619017,7.29977956745384,0,37.7383358327103,28.4,219.1,328.5,3.3,7.1
2018-08-09 17:17:14.700,185.3,42.2948770509547,1.90293927255842,1.94038471768792,1.3058873932116,415.426097517364,423.600751839796,1.33158749133876,299.8,140.429149044178,19298.01780615,1,249.7,43.7730466666667,-79.4424466666667,988.1,6.56467561019797,7.29319474222041,0.3,37.7383733894435,28.4,207.7,320.1,3.5,6.4
2018-08-09 17:17:15.700,186.3,42.2930902471616,1.89923713580423,1.93656975464299,1.3928430609624,415.159676768977,423.320398779204,1.42022166716605,300.2,140.486213593114,19278.0402705932,1,249.5,43.7730466666667,-79.4424516666667,988,6.56986678661149,7.29666765987965,0.3,37.7391265522429,28.4,218.7,328,3,5.5
2018-08-09 17:17:16.700,187,42.2937211169174,1.90231832958451,1.93981509693584,1.35574335511894,414.519402510946,422.689974644873,1.38246573098056,301.2,140.467012095693,19329.9873965347,1,249.7,43.7730466666667,-79.4424566666667,988.1,6.56973577547929,7.30189652662356,0.3,37.7401772579047,28.4,191.5,302.4,2.6,5.7
2018-08-09 17:17:17.700,187.4,42.2935325091835,1.90011523158811,1.93759856346984,1.38807085764506,415.042159805737,423.229659220658,1.41545252712614,293.6,140.443023050715,19345.1510940278,1.1,249.8,43.773045,-79.4424583333333,988,6.56980800068141,7.29773119171349,0.3,37.7405621662816,28.4,183.9,287.1,2.7,4.3
2018-08-09 17:17:18.700,187.5,42.2878049701478,1.89527077360749,1.93271697479845,1.61323831376454,414.778794170917,422.973871867865,1.64511315365985,298.6,140.47357485152,19374.911826978,1.1,250.3,43.773045,-79.44246,988,6.57437281739585,7.30303070557405,0.3,37.7414370615592,28.4,167.3,291.2,1.6,2.7
2018-08-09 17:17:19.700,187.5,42.290745475426,1.8975231513114,1.93488429931213,1.4629225095512,414.254565443141,422.4110687301,1.49173009169081,342,140.428643431405,19309.2350748842,1.1,252.3,43.773045,-79.4424616666667,988,6.57390378541525,7.2962081279925,0.3,37.7421139298924,28.4,187.6,283.1,1.6,2.5
2018-08-09 17:17:20.700,187.5,42.2842666357782,1.89701534919555,1.93438815139954,1.46909545345039,413.570243358117,421.717996482083,1.49803818678838,335.8,140.458710589725,19320.3038612813,1,252.1,43.7730433333333,-79.44246,988.1,6.57622058392414,7.30073140135175,0.3,37.7419895823681,28.4,146.6,247.3,0.9,1.3
2018-08-09 17:17:21.700,187.4,42.2831867755798,1.90072467428576,1.93831398615136,1.35405400780684,413.281269664859,421.454308443848,1.38083000720788,329.8,140.454592760119,19392.5005098065,1,250.5,43.7730416666667,-79.4424583333333,988,6.5668971191867,7.3014937618236,0.3,37.7429535511596,28.4,138.8,269.8,0.4,0.4
2018-08-09 17:17:22.700,187.6,42.2837165233803,1.89775698275583,1.93520113925527,1.30576565106231,411.551157486817,419.671437872943,1.3315302943916,326,140.468485679958,19349.1236370905,1,248.5,43.7730433333333,-79.4424566666667,988,6.5690570785053,7.30267274397197,0.3,37.7435513393392,28.4,155.6,236.8,0.3,0.6
2018-08-09 17:17:23.700,188,42.2840761864519,1.89692446070367,1.93420122597821,1.31430840270105,410.802848878514,418.87557509685,1.34013581000134,335.6,140.468001206839,19272.4144836999,1,247.4,43.7730433333333,-79.4424566666667,988,6.57123994176306,7.29687219056025,0.5,37.7439145557383,28.5,185.7,332.9,0.5,0.7
2018-08-09 17:17:24.700,188.5,42.286030451376,1.89815915368698,1.93559517560508,1.47332919468031,409.981568132475,418.067344730783,1.50238914829596,346.1,140.455327993535,19341.0166202239,1,247.8,43.7730466666667,-79.4424583333333,988,6.57289168773538,7.29546795512268,0.5,37.7447485990219,28.5,113.2,200.4,0.6,1.3
2018-08-09 17:17:25.700,189.1,42.2850758419448,1.89626426179241,1.93349251550072,1.23931822710093,408.792489866648,416.818174837103,1.26365467693943,9.5,140.495676686364,19254.5540305159,2,248.4,43.7730483333333,-79.4424583333333,988.1,6.57228522436615,7.29980974642471,0.5,37.7452711016206,28.5,94.9,184,0.9,2.3
2018-08-09 17:17:26.700,189.3,42.293235722224,1.89750908755366,1.93482199416985,1.27920084333537,409.898909568738,417.959238212968,1.30435589439636,1,140.447646758125,19284.9245141519,1,249.5,43.7730483333333,-79.4424566666667,988,6.56990524783342,7.29509744990343,0.3,37.7463249129071,28.5,75.5,179.2,1.1,2.8
2018-08-09 17:17:27.700,189.2,42.2935455397139,1.89708771104828,1.93432790911337,1.31487164461949,409.092652137623,417.123279734333,1.34068308046499,331.5,140.487517006152,19252.5835513912,1.7,250.5,43.7730483333333,-79.4424583333333,988,6.57409381619529,7.29801675153077,0.3,37.7465261278004,28.5,82.8,194,1.2,1.9
2018-08-09 17:17:28.700,188.7,42.2946761079545,1.89702524276336,1.93404297149494,1.49516228009235,409.147171268421,417.131223019036,1.52433620526884,327.2,140.489781468827,19140.254002998,1,250.6,43.77305,-79.4424583333333,988.1,6.5726029192837,7.30117544571552,0.3,37.7471654038698,28.5,109.4,210.8,0.6,1.9
2018-08-09 17:17:29.700,187.9,42.2979981554984,1.90000076002018,1.93723998899714,1.41554685569417,409.359941584297,417.383140453858,1.44328957766024,318.1,140.422901285769,19222.7233942962,1,249.9,43.7730516666667,-79.4424583333333,988.1,6.56438764404507,7.29656590201581,0.3,37.74838683393,28.5,90.6,191.7,1.4,2.8
2018-08-09 17:17:30.700,187.4,42.2936759892405,1.89764527194292,1.93480381097281,1.3845598164403,408.961461909846,416.969636647406,1.41167198731942,327.5,140.490033096363,19205.6789470934,1,250,43.7730533333333,-79.44246,988,6.56833516602317,7.30008048848044,0.1,37.7478743485703,28.5,78.4,189.4,1.4,2.5
2018-08-09 17:17:31.700,187.4,42.2976681587739,1.89706058945879,1.93400985946432,1.39388602282874,408.817970591607,416.78043437365,1.42103482720998,220.3,140.427576577386,19104.7573233023,1,255.6,43.7730533333333,-79.4424616666667,988.1,6.57404453917107,7.29533428494418,0.7,37.7491237670854,28.5,97.7,226.4,0.9,1.4
2018-08-09 17:17:32.700,187.4,42.3025013844072,1.89837791774373,1.9355324453381,1.25392345685147,408.524861465513,416.520305028759,1.27846335127846,222.2,140.446089932815,19195.9385210498,1,262.7,43.7730516666667,-79.4424633333333,988,6.56551902691285,7.29398574829136,1.2,37.7484537366717,28.5,165.4,304.9,0.3,1.7
2018-08-09 17:17:33.700,187.5,42.3054837805904,1.9014222127645,1.93884704745806,1.42651767626066,408.59159458909,416.633694885814,1.4545976021509,238,140.479530022388,19302.5871761524,1,278.5,43.77305,-79.4424633333333,988.1,6.56816022759477,7.29772417718729,2,37.748155114899,28.5,217.9,321.1,0.5,1.4
2018-08-09 17:17:34.700,187.3,42.3146962103602,1.90176453212685,1.93904260791964,1.49984774018317,408.470812034079,416.477745314836,1.52924686039942,259.8,140.422016148514,19225.3442555626,1,287.2,43.7730416666667,-79.4424583333333,988,6.56419800519885,7.29921693404449,2.7,37.7499181382824,28.5,317.4,335.2,0.3,1.9
2018-08-09 17:17:35.700,187.1,42.3208053785481,1.90001771625974,1.93742939891983,1.59602453702748,408.198500282127,416.236062472868,1.62745165738017,282.4,140.462371982468,19310.1315543967,1,304.2,43.7730366666667,-79.442465,987.9,6.56854728839745,7.30430745788307,3.5,37.7515882107915,28.5,193,284.4,0.6,2
2018-08-09 17:17:36.700,187.5,42.3296151135291,1.90541974665784,1.94280695561749,1.39919333481496,408.152936121439,416.161603289158,1.42664895815327,310.6,140.447639007119,19244.1545654613,1,330.8,43.7730366666667,-79.4424666666667,988,6.56365120158189,7.30527035617092,3.7,37.752011940269,28.5,104.3,17.6,0.5,1.2
2018-08-09 17:17:37.700,189.2,42.3404303056427,1.89971982924696,1.93683365629192,1.28859251946397,407.422873562023,415.382495727228,1.31376684210979,346.4,140.478770808601,19161.9928878341,1,353.2,43.773035,-79.4424633333333,988.1,6.56533338903993,7.30334569022136,3.8,37.7534175854938,28.6,54.1,31.7,1.9,4
2018-08-09 17:17:38.700,191.2,42.3523665068317,1.89738356115328,1.9341761327824,1.41181888661316,406.936348852498,414.827326610472,1.43919355355,6.5,140.464865154705,19022.1859760144,1,7.8,43.7730383333333,-79.4424533333333,988,6.57110944192494,7.3092028758577,5.1,37.7550858275286,28.6,42.1,10.6,1.4,5.7
2018-08-09 17:17:39.700,192.3,42.3594524407268,1.89970077464357,1.9369074678054,1.47843768640703,407.101837958505,415.074986186578,1.50739410929156,9.9,140.452241889197,19209.0743485756,1,9.3,43.7730466666667,-79.4424483333333,988.1,6.57044395607727,7.29815849264162,5.9,37.7571123284247,28.5,32.8,8.7,2.1,6.2
2018-08-09 17:17:40.700,193.2,42.3634233687067,1.89926969511232,1.93648409046924,1.34409397986934,405.856290902263,413.808680848935,1.37042970731211,359.1,140.499270298447,19217.5623065714,1,1.3,43.77306,-79.44245,988,6.57189602779971,7.29632753554482,7,37.7560021257401,28.5,16.4,9.1,1.2,6
2018-08-09 17:17:41.700,193.7,42.3643550130628,1.89375963961911,1.93087020187075,1.44237235466826,405.627627570314,413.576413978358,1.47063767711212,352.6,140.445533113792,19219.5099903399,1,355.6,43.7730783333333,-79.4424516666667,988,6.57391175235453,7.2964069240598,7.9,37.7562032920591,28.5,28.5,8.6,1.2,5.7
2018-08-09 17:17:42.700,193.6,42.3573719417246,1.89520743573033,1.93232693875483,1.42054115579708,405.422840064429,413.36361764281,1.4483647317621,350.6,140.489700589801,19209.9959426307,1,351.9,43.7731,-79.4424566666667,988,6.56721726287603,7.29659118782144,8.7,37.7556956971466,28.5,4.2,8.6,1,6.6
2018-08-09 17:17:43.700,193,42.3545381421675,1.89876192349679,1.93580602755466,1.48466444104786,404.329000381428,412.21724250826,1.51362914141703,351.7,140.46642376702,19136.0338345466,1,349.8,43.773125,-79.4424566666667,988.1,6.56969370910965,7.30109878608216,9,37.7574223576905,28.5,36.6,12.9,1.4,7.1
2018-08-09 17:17:44.700,192.5,42.3539121761111,1.89799293892925,1.93508346895648,1.36286910838708,404.9149294565,412.82783674408,1.38950244002228,354.2,140.41438164619,19167.4196627867,1,350.5,43.7731466666667,-79.4424566666667,988.1,6.56665997738035,7.29799039674529,9.2,37.7587111369825,28.5,20.7,13.6,1.1,6.7
2018-08-09 17:17:45.700,192,42.3512547296608,1.89832635372673,1.93550004943346,1.43192511139959,404.572816461861,412.495210993914,1.45996564802382,356.6,140.489851869831,19206.1637384051,1,356,43.7731666666667,-79.4424566666667,988,6.56823843498926,7.30360972727714,9,37.760468297824,28.5,27.9,5.3,0.9,6.7
2018-08-09 17:17:46.600,191.9,42.3575063244313,1.89257978054054,1.92969213717606,1.45738847291451,405.04759166719,412.990389471725,1.48596760683165,356.7,140.424553238465,19232.3621606361,1,358.4,43.7731916666667,-79.4424566666667,988,6.5721157337082,7.29499928965199,9.4,37.7633885417885,28.5,348.7,3,0.9,6.1
2018-08-09 17:17:47.700,191.7,42.357492611037,1.89965438850052,1.93700143515774,1.48827835794923,404.513390355521,412.465999956222,1.51753820361864,358.6,140.454926334612,19280.4570658565,1,359.1,43.7732133333333,-79.442455,988.1,6.56661999597352,7.3004849829403,9.4,37.7626115522674,28.5,53.2,357.5,0.2,4.3
2018-08-09 17:17:48.700,191.2,42.3614498222999,1.89499940750162,1.93223846169764,1.61300087084485,403.306355140203,411.231860999625,1.64469760585774,358.2,140.471821731564,19272.4642441732,1,359.5,43.7732333333333,-79.4424566666667,988,6.56560958771413,7.3059986693942,9.2,37.7621529860966,28.5,106.4,9.4,0.5,4.7
2018-08-09 17:17:49.700,190.9,42.3657656834112,1.89486723142816,1.93220520496083,1.36777423839128,403.264286165457,411.21052967649,1.39472473769413,356.6,140.428536248617,19324.2065144465,1,358.7,43.7732583333333,-79.44246,988,6.56664352525119,7.30433821979517,9.4,37.7630839240494,28.5,160.3,4.4,0.4,4.1
2018-08-09 17:17:50.700,190.3,42.3636557065993,1.89582086209745,1.93316192545026,1.3169912548866,403.563408824337,411.512354974455,1.34293159600769,353.5,140.467263255862,19316.3598877867,1,354.9,43.7732783333333,-79.4424666666667,988.1,6.56852028998342,7.29541982542768,9.4,37.7631977826519,28.5,223.5,336.1,1,4.6
2018-08-09 17:17:51.700,190.1,42.367193000489,1.89268166471839,1.92979987916545,1.7767468623933,403.023500863943,410.927362573652,1.81158975126914,355.8,140.444093589177,19234.2092704293,1,354.9,43.773305,-79.44247,988.1,6.56401580206326,7.30259625328915,9.6,37.7637908660317,28.5,258,323.7,1.3,6.2
2018-08-09 17:17:52.700,190.2,42.3724536143789,1.89417245492528,1.93160892656959,1.45038314031064,403.187131068392,411.155787795984,1.47904736004553,356.8,140.481852891201,19381.1219698865,1,356.5,43.77333,-79.4424733333333,988.1,6.57492338058494,7.30242050512292,9.6,37.7631028741061,28.5,233.1,314.6,1.7,3.4
2018-08-09 17:17:53.700,190.3,42.3785950553119,1.89690834527768,1.93433073631841,1.60873335719634,404.755865785617,412.741037417834,1.64047119236358,358.1,140.461247244164,19346.6939445813,1,357.4,43.773355,-79.4424716666667,988.1,6.56868579891438,7.29715938552426,9.6,37.7634146818461,28.5,205.1,329.2,1.5,2.9
2018-08-09 17:17:54.700,189.7,42.3854122088908,1.89404514601264,1.93111844353416,1.75088952488724,405.748543101389,413.690549015178,1.78516015557445,355.7,140.452763608835,19197.8811328247,1,355.2,43.77338,-79.4424733333333,988,6.57155756310105,7.29459536931279,9.4,37.7646501448546,28.6,219.3,311.6,1.7,4
2018-08-09 17:17:55.700,188.9,42.3776176582021,1.89565583734569,1.93300722659491,1.70463298288668,406.23711532741,414.241499080298,1.73822015275951,355.2,140.49138052838,19322.773630871,1,356.8,43.7734033333333,-79.4424733333333,988.1,6.56443993943037,7.29804180843512,8.8,37.7659302396395,28.6,216.4,269.8,2.5,3.9
2018-08-09 17:17:56.700,188.7,42.38148,1.901122,1.938887,1.567354,405.1414,413.1893,1.598489,352.6,140.4267,19477.63,1,356.2,43.773425,-79.4424766666667,988.1,6.566593,7.306382,8.3,37.76583,28.6,203.3,250.1,3.5,3.4
2018-08-09 17:17:57.700,188.8,42.38203,1.895742,1.933306,1.437147,404.8605,412.8828,1.465624,356.3,140.5036,19429.91,1,356.1,43.77344,-79.44248,988,6.569855,7.296965,7.5,37.76703,28.6,221.1,276.3,3.2,4.9
2018-08-09 17:17:58.700,189.1,42.38362,1.89659,1.934285,1.815694,404.7725,412.8173,1.851781,358.4,140.4626,19487.66,1,0.9,43.7734583333333,-79.4424816666667,988.1,6.569282,7.297195,7.4,37.76667,28.6,230.6,296.5,2.3,3.5
2018-08-09 17:17:59.700,189.4,42.39363,1.894857,1.932568,1.657775,404.1181,412.1607,1.690768,356.9,140.4179,19513.22,1,0.1,43.7734766666667,-79.442485,988,6.5696,7.302091,7.4,37.76737,28.7,229.8,293.6,2,3.4
2018-08-09 17:18:00.700,190,42.38366,1.896885,1.934612,1.441765,404.1889,412.2278,1.47044,355.2,140.4961,19500.99,1,357.6,43.773495,-79.4424883333333,988.1,6.565374,7.302435,7.4,37.76861,28.7,218.8,274.3,2.4,3
2018-08-09 17:18:01.700,190.6,42.3842030190054,1.89619967667209,1.93379529130898,1.58648228192997,404.515353558279,412.535640633874,1.61793686343257,354.5,140.419770675752,19441.3744551778,1,356.3,43.773515,-79.4424916666667,988.1,6.56912311192793,7.29952396841662,7.5,37.7691115696044,28.7,210.2,302.6,2.1,2.9
2018-08-09 17:18:02.700,190.9,42.3760747545194,1.89794412243359,1.93582082874407,1.50479694627721,405.917476245776,414.018422839442,1.53482714787251,352.7,140.468169114079,19566.5318743586,1,355,43.773535,-79.442495,988.1,6.56904686490768,7.30362748937566,7.7,37.7692442428848,28.7,237.4,333.5,1.1,3.6
2018-08-09 17:18:03.700,190.4,42.3711385844887,1.89622618943906,1.93385045441383,1.58454302623171,408.277217985383,416.378050968774,1.61598241996839,351.8,140.469099733086,19455.3601332406,1,355.4,43.7735566666667,-79.4424983333333,988.1,6.57208742867876,7.29683462990738,8.1,37.7703481972466,28.7,199.8,339.7,0.8,2.8
2018-08-09 17:18:04.700,190.1,42.3761347891814,1.89447931725625,1.93220984054913,1.64737129198713,409.184424560379,417.333591564698,1.68017971454992,352.3,140.433410569209,19526.907142635,1,355.3,43.7735783333333,-79.4425016666667,988.1,6.56603982396651,7.29806888677491,8.1,37.7718066783217,28.7,191.1,352.2,0.6,3.5
2018-08-09 17:18:05.700,190.5,42.3776417320189,1.89528432679206,1.93314789905688,1.53602241465779,408.731514100048,416.897009711585,1.56670774992624,346.5,140.483313312035,19586.2062319565,1,354.2,43.7735983333333,-79.44251,988.1,6.56456370099791,7.30091479812585,8.1,37.7706247161982,28.7,227.9,338.2,0.9,4.1
2018-08-09 17:18:06.700,190.5,42.3739947123812,1.89720558333823,1.9349759930611,1.75331244562337,409.253654455982,417.401129555139,1.78821817179835,330.5,140.443366071024,19519.4666967009,1,344.1,43.7736133333333,-79.4425266666667,988.1,6.5637960317303,7.3013274613182,8.1,37.7734050198314,28.7,240.2,353.4,0.2,5.1
2018-08-09 17:18:07.700,190.1,42.3644126553725,1.89639861783283,1.93410684947113,1.84075667744269,410.293010446207,418.451397882709,1.8773579602167,312.5,140.488177065994,19496.5038666151,1,325.1,43.7736216666667,-79.44255,988.1,6.56592952254733,7.30036388815443,7.7,37.7743962673576,28.7,301.2,349.2,1.3,7.8
2018-08-09 17:18:08.700,189.9,42.3546117018417,1.89193315353467,1.92985217896496,1.71915181001883,412.193008427328,420.454319933678,1.75361243775276,296.8,140.45785596618,19648.5176545834,1,310.2,43.7736283333333,-79.4425733333333,988,6.57241191205295,7.30124588450474,7.7,37.7717143852175,28.7,282.1,345.8,2.2,8.5
2018-08-09 17:18:09.700,189.7,42.350441677949,1.89877433362445,1.93650262728738,1.31804179708444,414.033054876246,422.259939853902,1.34423609086399,289.1,140.462822439622,19482.9940123194,1,299.8,43.7736316666667,-79.4425983333333,988.1,6.56943458827209,7.30548638138902,7.7,37.7716918146482,28.7,272.9,348.6,2.3,8.2
2018-08-09 17:18:10.700,189.6,42.3438736867175,1.89659566956524,1.93460460801436,1.69843843550412,417.38107664193,425.745585668078,1.73247644725965,284.2,140.49844795159,19646.7087259511,1,294.2,43.773635,-79.442625,988.1,6.56831453534146,7.30042951108916,7.7,37.7727294937398,28.6,253.5,342.8,2.1,7.6
2018-08-09 17:18:11.700,189.4,42.3436221102567,1.89803000713637,1.93586072605541,1.55410942872444,422.5156762612,430.937065839634,1.58508423130984,285,140.427897102836,19542.1813427513,1,294.1,43.7736416666667,-79.442655,988.1,6.57234603846687,7.29751949686919,7.5,37.7750538832462,28.6,244,339.4,1.8,6.5
2018-08-09 17:18:12.700,189.5,42.3364680044583,1.89897535969973,1.93689368236774,1.30143971986027,423.610346597403,432.068883865032,1.32742704729992,295.8,140.501827520221,19576.776074135,1,304,43.7736533333333,-79.4426783333333,988.1,6.56207029380983,7.29986594442778,7.4,37.7768382025756,28.6,229.7,346.6,1.2,5.5
2018-08-09 17:18:13.700,190.4,42.3456077009071,1.90147873021512,1.93961077988608,1.47056467446181,424.645918100618,433.161667534282,1.5000523592139,313.4,140.457747612107,19659.5436583854,1,325.4,43.7736616666667,-79.4426933333333,988.1,6.57454282695419,7.29846944925971,6.4,37.7777404431343,28.6,240.5,334.9,0.8,4.9
2018-08-09 17:18:14.700,191.2,42.3568823328208,1.89934818680684,1.93761493529776,1.19488988465934,425.504315161998,434.077264978548,1.21896101631315,328,140.419896796477,19749.8129080245,1,340,43.7736716666667,-79.4427016666667,988.2,6.57050088322009,7.30355593596766,5.3,37.7765847993849,28.6,196.4,307.2,1.2,2.7
2018-08-09 17:18:15.700,191.7,42.3602299123324,1.8977068090729,1.93577809074607,1.54423091836177,428.740987377606,437.342330288517,1.57521136800278,340.8,140.485572243321,19667.3270258657,1,346.8,43.77368,-79.4427016666667,988.2,6.56446267962731,7.29660988606626,4,37.779054661637,28.6,186.3,281.5,1,1.4
2018-08-09 17:18:16.700,192.1,42.3725388190898,1.89846642542309,1.93644492984549,1.39421780698615,433.526418028882,442.198987295675,1.42210967141762,348.4,140.42202953785,19612.3461107381,1,354.2,43.773685,-79.4427016666667,988,6.5570075206349,7.29736123751186,3.5,37.7792342844205,28.7,183.7,269.8,1.3,0.3
2018-08-09 17:18:17.700,191.9,42.3715757265686,1.89722681968242,1.93526646084172,1.49956898116705,439.240278837077,448.047073153628,1.52963616304932,346.2,140.466375647818,19656.0779655048,1,354.6,43.7736883333333,-79.442705,988.1,6.56545443857733,7.30456958912987,2.9,37.7788565934159,28.7,195.7,255.3,1.1,1.2
2018-08-09 17:18:18.700,191.8,42.3779955848634,1.89626930981363,1.93416679446193,1.3320207181338,445.092104736405,453.987333079258,1.35864177014671,357.6,140.46388959661,19593.5548920826,1,357.3,43.7737,-79.4427016666667,988.1,6.56283986424756,7.30890547045274,3.1,37.7796018903829,28.8,193.9,29.6,0.7,0.7
2018-08-09 17:18:19.700,192.3,42.3836238614506,1.89878593439137,1.9367990010225,1.40105554235038,448.797784780893,457.78256668007,1.42910409055303,358.2,140.440739349899,19626.8039716504,1,358.9,43.7737116666667,-79.4427033333333,988.1,6.56340153260326,7.30305642709201,2.7,37.7797786673774,28.8,91,40,0.6,2.5
2018-08-09 17:18:20.700,192.6,42.3812266812784,1.89668332698142,1.93465244350756,1.15582834471789,448.350917881368,457.326335205717,1.17896701987081,16.5,140.473963226553,19625.8512714988,1,1.6,43.77372,-79.4427033333333,988.2,6.56959993305133,7.30390860759161,2.2,37.7807842091058,28.8,45.3,9.9,1,3.6
2018-08-09 17:18:21.700,192.5,42.3867475673808,1.89737208713296,1.93536642962904,1.27682968729528,447.305413840781,456.262595421956,1.3023969001989,1.8,140.444700375159,19631.5339123162,1,359.1,43.7737266666667,-79.4427033333333,988.1,6.57034243828915,7.29916758238711,2.7,37.7816670819288,28.8,345.8,357,1.1,3.7
2018-08-09 17:18:22.700,192.6,42.387894096272,1.90169763548393,1.93981518282334,1.18133285360778,446.020917561605,454.960794497972,1.20501033353623,349.5,140.49115714478,19649.8010153617,1,355.9,43.773735,-79.4427116666667,988.1,6.56424128716904,7.3020025542506,2.9,37.7829204130559,28.8,310.4,329.4,1.7,4.9
2018-08-09 17:18:23.700,192.7,42.3898218023524,1.89487401606943,1.93284464985659,1.4244899014427,445.704845808916,454.636188329983,1.45303594705699,350,140.45639155321,19644.9202820191,1,351,43.7737333333333,-79.44271,988.2,6.56832313892696,7.30112941506889,1.8,37.7833079716587,28.8,307.4,328.1,1.7,4.1
2018-08-09 17:18:24.600,192.9,42.3877298077409,1.89679856065877,1.93472934098816,1.31594259917153,444.349895424645,453.235760925318,1.34225995146653,347.6,140.473147405448,19605.3235888133,1,350.3,43.7737283333333,-79.4427083333333,988.2,6.56230504049995,7.2998729905659,0.9,37.7828051677796,28.8,291.2,313.2,1.2,3
2018-08-09 17:18:25.600,192.8,42.3836678618176,1.89691710498163,1.93492427301797,1.49084131672774,443.83217937274,452.725076370917,1.52071360703354,349.6,140.490212443596,19643.0245061713,1,351.3,43.7737216666667,-79.4427066666667,988.1,6.56402645045279,7.3009893872187,0.5,37.783571883274,28.8,319,342.3,1.6,3.5
2018-08-09 17:18:26.700,192.5,42.3818434738997,1.89670051226458,1.93468289027737,1.25237551453536,443.858533477579,452.747087007557,1.27745592615887,346,140.433005408487,19632.4420783926,1,351.9,43.7737216666667,-79.4427083333333,988.2,6.56121043861817,7.30161927962381,0.5,37.7861305039778,28.8,346.9,7.4,1.4,3.4
2018-08-09 17:18:27.700,192.3,42.376880863508,1.89708355361381,1.93519205282037,1.48179409689981,443.439902868836,452.347751460226,1.51156118116907,346.3,140.496371252809,19692.631160684,1,351.8,43.7737266666667,-79.44271,988.1,6.56218280240291,7.30041944613886,0.3,37.7887512672341,28.8,18.8,24.6,1.5,2.7
2018-08-09 17:18:28.700,192.4,42.3797713614572,1.89586408719564,1.93407488351497,1.50498383167577,440.768518506897,449.652156562881,1.53531812789093,346.6,140.453679042247,19756.6600088087,1,351,43.77373,-79.4427133333333,988.2,6.56358040091986,7.3031798886991,0.3,37.7878661604459,28.8,9.2,12.8,0.9,1.8
2018-08-09 17:18:29.700,192.4,42.3836821012437,1.89788994367149,1.93610623650595,1.31023083823572,439.548260854854,448.399141354005,1.33662351417787,347.1,140.430560641765,19738.8683972725,1,351.5,43.7737316666667,-79.4427166666667,988.2,6.560112896826,7.30593851714647,0.1,37.7888817012479,28.8,14.2,10.2,0.8,2.2
2018-08-09 17:18:30.700,192.3,42.3797718097229,1.89721039806448,1.93563581577741,1.61599656060171,438.670352747789,447.554936209118,1.6487326411872,350.5,140.479054550119,19851.4605598203,1,351.5,43.7737316666667,-79.442715,988.1,6.55941390478812,7.30429477803235,0.1,37.7893145944757,28.9,342,337.7,0.9,1.6
2018-08-09 17:18:31.700,192.1,42.3828820562573,1.89689310899795,1.9349907038534,1.39035800548644,438.325919674428,447.129312099947,1.41828318311187,354.7,140.422116655038,19688.7364187423,1,351.6,43.7737283333333,-79.4427133333333,988.1,6.56231259485545,7.30384936135777,0.1,37.7911480190465,28.9,315.3,322.9,2,4.9
2018-08-09 17:18:32.700,191.9,42.379913217083,1.89753804705435,1.93559147143821,1.31676788392984,436.259758002498,445.008417232748,1.34317454368114,351,140.467021868107,19659.7542639822,1,351.7,43.7737283333333,-79.44271,988.1,6.56178117207407,7.30069397244539,0,37.792234262379,28.9,324.9,334.1,3.3,7.4
2018-08-09 17:18:33.700,191.8,42.3828194219272,1.89790517461788,1.93605193873747,1.37215512872245,433.536119973134,442.249925541231,1.39973306639856,351.7,140.461429222586,19703.3950179318,1,351.7,43.7737266666667,-79.4427083333333,988.2,6.56053768983519,7.30425867402076,0,37.7934735455154,28.9,329.2,336.2,4.2,7.9
2018-08-09 17:18:34.700,191.6,42.3826570350228,1.89718607975092,1.93528761514129,1.63682849068696,432.573990091461,441.261519926612,1.66969942702264,6.1,140.44829388865,19687.9776435522,1,351.7,43.7737266666667,-79.4427066666667,988.2,6.56591372558672,7.30650102995929,0,37.7951106882737,28.8,329.4,336.3,3.3,6.6
2018-08-09 17:18:35.700,191.5,42.3774439552474,1.89487485886648,1.93310739786218,1.53326137313974,433.042836445555,441.780354161178,1.56420143538896,2.4,140.474987966173,19777.7124222629,1,351.5,43.7737266666667,-79.4427033333333,988.2,6.56814973488273,7.30324230976464,0,37.79484,28.8,323.1,325.2,3.6,7.8
2018-08-09 17:18:36.700,191.3,42.3792795110579,1.89528283067544,1.93365842974294,1.59044443456836,434.537268371169,443.335647782992,1.62266262082011,10.4,140.462163047224,19845.9001744509,1,351.5,43.773725,-79.4427,988.1,6.56045250955196,7.30143463359265,0,37.7949396989241,28.8,314.1,321.1,3.4,6.6
2018-08-09 17:18:37.700,191,42.3785924059218,1.89471462238427,1.93263563009663,1.38174312923326,433.969865294355,442.655193900346,1.40940152146727,13.8,140.487340579768,19621.1777094638,1,351.6,43.7737266666667,-79.4426966666667,988.1,6.56461486084725,7.30466603775537,0,37.7955015792739,28.8,315.1,331.5,3.4,6.8
2018-08-09 17:18:38.700,190.9,42.3778552615746,1.89246626777174,1.93067019698566,1.50871257534438,432.214240753883,440.939511473777,1.5391645084541,15.4,140.454056314491,19787.9001755355,1,351.7,43.7737283333333,-79.442695,988.2,6.57008391973765,7.30418452629282,0,37.7962363716495,28.8,325.8,335,3.2,6.6
2018-08-09 17:18:39.700,190.9,42.376086767147,1.89490715764345,1.93287387602659,1.61335201904376,431.056847112428,439.693498546528,1.64567679672586,27.9,140.478617536015,19642.4451219096,1,351.8,43.7737266666667,-79.4426916666667,988,6.56608171713613,7.30106980769729,0,37.7970962601591,28.8,326.2,338.6,3.1,5.3
2018-08-09 17:18:40.700,191.1,42.3801260880861,1.89332138056906,1.9312449470328,1.44251148637773,430.30749122281,438.926701074133,1.47140744638489,37.9,140.483566109654,19636.9801481696,1,351.7,43.773725,-79.4426916666667,988.1,6.56724030162771,7.30175780634451,0,37.7978487078313,28.8,313.5,327.1,2,3.7
2018-08-09 17:18:41.700,191.2,42.3853995569228,1.89361059947307,1.93144850094161,1.39605007091426,429.110751914503,437.685341735015,1.42394774933516,27.5,140.438952692324,19590.7641483507,1,351.9,43.773725,-79.4426916666667,988.1,6.56818956872206,7.30170632383649,0,37.7987112150117,28.8,322.4,331.3,1.8,3.7
2018-08-09 17:18:42.700,191.3,42.3848973822533,1.89433135020256,1.93223387546384,1.58935807668737,428.020883080538,436.584931870046,1.62115863916668,28.1,140.489636930813,19616.0811648407,1,351.8,43.7737233333333,-79.4426916666667,988.2,6.56491984140486,7.30029252850545,0,37.7993896873118,28.8,326.1,344.2,1.6,3
2018-08-09 17:18:43.700,191.4,42.3875578420149,1.89798281084478,1.9359719041979,1.35076555663779,426.455126705333,434.990806788825,1.37780182546283,27.3,140.433615920961,19622.7819217036,1,351.8,43.77372,-79.4426933333333,988.3,6.56141250696221,7.29898768999501,0,37.8007867231319,28.8,347.6,349.1,1.1,2.4
2018-08-09 17:18:44.700,191.6,42.3892581641332,1.89414083120049,1.93197964088927,1.43104226593521,425.710407969705,434.214700977549,1.45962909981189,37,140.439113582884,19585.3480186464,1,351.7,43.7737183333333,-79.4426933333333,988.2,6.56228253549121,7.29686067838996,0,37.8012877404192,28.9,339.3,0.4,1.4,2.7
2018-08-09 17:18:45.700,191.7,42.3894290920924,1.8942788935363,1.93204409770288,1.45236183062284,424.147881422401,432.603682292047,1.48131385161664,12.7,140.472212395317,19546.386166942,1,351.8,43.7737166666667,-79.442695,988.1,6.55711864196471,7.30189337354731,0,37.8013082198717,28.9,359.9,14.5,1.3,2.3
2018-08-09 17:18:46.700,191.8,42.3947167581508,1.89388862745172,1.93179980412648,1.42733012911291,422.341509910541,430.795814508106,1.45589625317889,1.5,140.433079233524,19624.6308358973,1,351.9,43.773715,-79.4426983333333,988,6.56167021496626,7.30291593353026,0,37.8017579451095,28.9,6.8,11.4,1,1.9
2018-08-09 17:18:47.700,192,42.3943854395678,1.89239017882871,1.92988547985592,1.53738373348969,420.545946688241,428.878466208651,1.56785001497311,15.2,140.491019226921,19428.7219293609,1,351.9,43.773715,-79.4427016666667,988.3,6.56455973769344,7.30872365291491,0,37.8023571981724,28.9,352.4,16.7,0.7,1.2
2018-08-09 17:18:48.700,192.2,42.395639664594,1.89258606628896,1.93029217300907,1.639431910091,419.328502880726,427.682762643985,1.67209590728154,0.6,140.459208842523,19533.8661347754,1,351.9,43.773715,-79.442705,988.1,6.56320966824232,7.307532982018,0,37.8030223094284,28.9,352.4,352.2,0.5,1.2
2018-08-09 17:18:49.700,192.4,42.3954690259339,1.89265992907214,1.93027173439514,1.54951655394767,417.215153316397,425.506182072095,1.58030932840148,26.2,140.457155096663,19485.087751349,1,351.9,43.7737133333333,-79.44271,988.1,6.56027724761878,7.30781011746742,0,37.8031510618746,28.9,0.9,16.7,0.8,1.8
2018-08-09 17:18:50.700,192.5,42.3951126262058,1.89328792073629,1.93092260420981,1.5157946372871,415.608140328921,423.869586158195,1.54592723277678,26.5,140.471686868971,19490.3726592069,1,351.8,43.7737133333333,-79.4427133333333,988.1,6.56432435883066,7.29968412560885,0,37.8039815228398,29,6,5.8,1.2,2.2
2018-08-09 17:18:51.700,192.6,42.399644389894,1.89445059581878,1.93200307125274,1.35230996585618,413.394716349242,421.589331351205,1.37911716604992,164.7,140.466551770127,19437.3153245449,1,351.8,43.7737133333333,-79.442715,988.2,6.56271401062185,7.30708072848017,0.1,37.8067082250294,29,340.8,336.2,1,2
2018-08-09 17:18:52.600,192.6,42.4035742813384,1.89077394441452,1.92820759318317,1.36579988177887,411.155921387218,419.295968468171,1.39284044118726,159,140.486454701315,19413.7337443978,1,351.9,43.7737133333333,-79.4427183333333,988.1,6.56551054750686,7.30622647130323,0,37.8063201734982,29,332.5,332.5,1.4,3.5
2018-08-09 17:18:53.700,192.6,42.4062187105322,1.89332034818266,1.93084778311271,1.53446271403908,410.086963385654,418.215236656859,1.56487439415242,158.6,140.456144078272,19435.7150851556,1,351.8,43.7737133333333,-79.44272,988.1,6.56315107474099,7.30407663395827,0,37.8078114184523,29,313.8,322.8,2,3.7
2018-08-09 17:18:54.700,192.6,42.4050491716195,1.89344531200812,1.93108116868221,1.46173673987198,408.919640010144,417.047717393748,1.49079275797743,161.5,140.475678347368,19489.4906308109,1,351.8,43.7737116666667,-79.44272,988.1,6.56507713595909,7.30698192482567,0,37.8087362422267,29,327.8,334.1,1.2,2.1
2018-08-09 17:18:55.700,192.7,42.4075265934921,1.89456244891504,1.93215951257088,1.56675579037927,410.040545006753,418.177614628353,1.59785616816646,145.3,140.451390209791,19458.6504332112,1,351.9,43.7737116666667,-79.4427216666667,988.2,6.55920501519883,7.30206986798647,0,37.8077999751427,29,327.5,332.5,1.2,2.5
2018-08-09 17:18:56.700,192.7,42.4109756404294,1.89480122849001,1.93224199528517,1.47239257007585,412.770956095499,420.927227200531,1.50149297806516,105.6,140.442790434179,19376.7076950385,1,352.1,43.77371,-79.44272,988.1,6.5656308538216,7.30175983843571,0,37.8073145634378,29,306.3,287.6,0.9,1.1
2018-08-09 17:18:57.600,192.8,42.4125138522482,1.89135482964089,1.92893173521863,1.50894399868482,415.559286600102,423.815518147187,1.53892696335644,95.9,140.482978374978,19480.8110321358,1,352.2,43.77371,-79.44272,988.2,6.56825675585981,7.30681757584076,0,37.8093508318308,29,262.1,269.8,1.4,3.9
2018-08-09 17:18:58.700,192.9,42.4160957413003,1.89337494108283,1.93095363257488,1.30168712862021,417.707993295099,425.998480290888,1.32752351218658,132.4,140.442795008184,19461.3467778986,1,352.4,43.7737083333333,-79.44272,988.1,6.55780095620197,7.3084886634729,0,37.8127393463283,29,272.3,286.4,2,3.8
2018-08-09 17:18:59.700,193,42.4168072233274,1.89250020323577,1.93009549297121,1.42234860570656,418.353835786905,426.664550373147,1.45060174266621,41.7,140.47080724421,19478.3713464054,1,352.4,43.7737066666667,-79.4427183333333,988.1,6.55953238628096,7.31064827095172,0,37.8134226357671,29,291.2,298.8,2.1,4.8
2018-08-09 17:19:00.600,193.2,42.417868424509,1.89263242834286,1.93018720978767,1.5320926287676,418.242915731518,426.541978121088,1.5624922368285,40.9,140.465131593162,19456.4831293113,1,352.3,43.773705,-79.4427183333333,988.1,6.56057595352848,7.31503793952758,0,37.8129277601093,29,283.5,295,2.4,4
2018-08-09 17:19:01.600,193.3,42.4187241535681,1.89243038961336,1.93000010258372,1.43660347798642,419.802286304291,428.136452173601,1.46512335747155,44.7,140.439366790058,19466.1427408292,1,352.2,43.773705,-79.4427183333333,988.1,6.5630741853198,7.30906764719781,0,37.8135465179218,29,278.2,286.9,1.6,3.3
2018-08-09 17:19:02.700,193.3,42.4127689165593,1.89175843082699,1.92928179411836,1.49895000710345,421.606549567722,429.969303343971,1.52868656761965,49.5,140.48615323224,19449.3340681207,1,352,43.773705,-79.4427166666667,988.1,6.56014920720092,7.30764464207504,0,37.812192483509,29.1,272.8,255.3,2.1,3.6
2018-08-09 17:19:03.700,193.2,42.412332755505,1.89028356832334,1.92792987101053,1.59228093067016,424.063738598162,432.509234721493,1.62399268168445,36.3,140.458231625552,19526.68693701,1,351.9,43.773705,-79.4427166666667,988.1,6.56295143726899,7.30502073502009,0,37.8128360537436,29.1,256.5,256.4,2.4,4.1
2018-08-09 17:19:04.700,193.2,42.4132665101386,1.89431184812508,1.932011935539,1.53817589382776,426.5690468047,435.058414038806,1.56878739593156,29.1,140.462029016828,19513.1324751387,1,351.9,43.773705,-79.4427166666667,988,6.56345611361831,7.3065071138111,0,37.8142910778498,29.1,276,299.6,2.2,4.6
2018-08-09 17:19:05.700,193.1,42.4125495120599,1.89492831689413,1.93258798708901,1.62218138721713,431.890187427208,440.473484855072,1.65441843463135,1.6,140.468029096128,19486.5878620281,1,351.7,43.773705,-79.442715,988.1,6.56247757198264,7.30469829307616,0,37.8146598338285,29.1,300.4,304.5,3.1,6.8
2018-08-09 17:19:06.700,192.9,42.4153495361013,1.89439345559501,1.9320021142411,1.69740941069806,440.194205015005,448.933282338396,1.73110636725527,356.2,140.469244607783,19466.1279434856,1,351,43.773705,-79.442715,988.1,6.55836255199778,7.30542153176738,0,37.8138667059027,29.1,295.2,302.1,3.1,6.2
2018-08-09 17:19:07.700,192.8,42.4124722060366,1.89567873781315,1.93329868706715,1.65750607874081,447.111480750556,455.984355730047,1.69039838133751,0.3,140.482449383263,19458.8649923196,1,349.7,43.7737066666667,-79.4427166666667,988.2,6.56145455550146,7.30399519910611,0,37.8140047715261,29.1,290.3,301.7,3.1,6
2018-08-09 17:19:08.700,192.7,42.4119223153211,1.89521185661802,1.93281974871785,1.65067481559835,452.914757506142,461.902545288267,1.68342536022936,5.1,140.457372836862,19457.8428180368,1,349.6,43.7737066666667,-79.4427166666667,988.2,6.56092972306704,7.30531091313164,0,37.8145576214089,29.1,291,298.2,3.6,6.6
2018-08-09 17:19:09.700,192.5,42.4131930498589,1.89395771688969,1.93175919223377,1.50994331667076,455.970094084633,465.070756594891,1.54007942003452,41,140.478327472431,19568.2845939268,1,349.8,43.7737066666667,-79.4427183333333,988.2,6.56249118457841,7.30951389754863,0,37.8153392799197,29.1,297.5,316.6,3.5,7.3
2018-08-09 17:19:10.700,192.3,42.4129437532628,1.89664462638002,1.93446585073848,1.5060746299757,453.609680013278,462.655338550096,1.53610411727504,20.4,140.448446933863,19551.3356515882,1,350.3,43.7737066666667,-79.44272,988.1,6.55822748595461,7.30812864457228,0,37.8157545308422,29.1,295.4,297.8,4.9,9.4
2018-08-09 17:19:11.700,192.1,42.4123298411444,1.89803290820061,1.93580060469081,1.6853170273215,449.806594489957,458.757148172329,1.71885400434566,61.8,140.447500621699,19510.4430608808,1,350.1,43.7737066666667,-79.4427183333333,988.2,6.55863788391483,7.30526970206263,0,37.8156877635464,29.1,281.9,289.6,4.3,9.2
2018-08-09 17:19:12.700,191.9,42.4073902629019,1.89620181029019,1.93403086657972,1.64508976744129,446.385701438272,455.291004669573,1.67790189390232,38,140.476425167786,19559.7141060321,1,350.4,43.7737066666667,-79.4427183333333,988.2,6.56173424970851,7.30199364711837,0,37.8165650498076,29,289.1,292.6,5.7,10
2018-08-09 17:19:13.700,191.8,42.4045553697218,1.8967849896441,1.93466091293457,1.402246211488,442.081666359062,450.909493519161,1.43024766553168,14.1,140.442099585222,19577.5516727754,1,350.2,43.7737083333333,-79.4427183333333,988.1,6.56013882171051,7.30677208019584,0,37.8181114098115,29,292,315.3,4,6.4
2018-08-09 17:19:14.700,191.6,42.4068656492905,1.89435537100098,1.93212320263666,1.46412590385758,437.872279134172,446.602191696596,1.49332039221312,35.5,140.471358737763,19547.6228400071,1,350,43.7737083333333,-79.4427183333333,988.1,6.56151503758558,7.3034866924695,0,37.818564494907,28.9,321.1,332.3,4,7.8
2018-08-09 17:19:15.700,191.5,42.4124446710759,1.89464310427809,1.932494107987,1.50408869161475,433.410934296661,442.069680484314,1.53413932421882,22.5,140.458842794971,19586.8152155132,1,350,43.7737083333333,-79.4427166666667,988.2,6.56470339207196,7.31002580362098,0,37.8192483942373,28.9,327.6,335.7,3.4,6
2018-08-09 17:19:16.700,191.4,42.4180517800411,1.89788143717233,1.93575109754076,1.42850673027297,429.39460058677,437.962567615677,1.45701011225683,35,140.446073996104,19563.280183456,1,350.2,43.7737083333333,-79.4427166666667,988.1,6.56105447638161,7.31230624477887,0,37.8205238041236,28.9,316.9,318.2,3.4,6.3
2018-08-09 17:19:17.700,191.4,42.413547521611,1.89782959138659,1.93563295085993,1.46044993580713,426.06350361691,434.550473985133,1.48954261208684,21.7,140.480467664705,19530.3599555123,1,350.1,43.7737083333333,-79.442715,988.1,6.56544793912192,7.30590854662182,0,37.8213832931179,28.9,299.2,311.2,4.8,9.2
2018-08-09 17:19:18.700,191.3,42.4135059904241,1.89736760905106,1.93513859635789,1.45353174654178,422.429030166709,430.838331436025,1.48247008998061,4.7,140.458712656849,19518.6264023919,1,350.2,43.77371,-79.442715,988.1,6.56741226365715,7.30462456567822,0,37.8220500631026,28.9,300.7,309.6,3.7,6.6
2018-08-09 17:19:19.600,191.3,42.4189044905946,1.89757363683808,1.93533604181918,1.46976494097711,419.376013466352,427.721793049808,1.49901966807068,343.9,140.467009449422,19512.0145782096,1,350,43.77371,-79.442715,988.1,6.56206667300269,7.30726152470164,0,37.8237892427541,28.9,286.7,291.6,3.6,6.2
2018-08-09 17:19:20.700,191.3,42.4224581739511,1.89609827052041,1.93369915710469,1.42577087210796,416.558257229854,424.818773444982,1.45404579603041,345.3,140.455308513376,19444.8421633585,1,349.9,43.7737116666667,-79.442715,988.1,6.56276467017208,7.31126969640073,0,37.8248436672551,28.9,293.8,299.9,3.7,7.8
2018-08-09 17:19:21.700,191.4,42.4244367978923,1.89608620233398,1.93364977055166,1.514068740238,414.682901419037,422.898122846007,1.54406386527744,61.5,140.460493518303,19425.9717895669,1,349.8,43.7737116666667,-79.4427133333333,988.1,6.56191000702566,7.30805939169421,0,37.8243088739246,28.9,309.3,324,3.7,7.4
2018-08-09 17:19:22.700,191.4,42.4235458215274,1.89376594972939,1.93113066937841,1.44652099635714,412.822695723511,420.967860034115,1.47506430403707,26.6,140.477690249181,19348.7315412546,1,349.9,43.7737133333333,-79.4427133333333,988.1,6.56277489968086,7.30527630866816,0,37.8248434324658,28.9,313.1,326.8,3.8,7.9
2018-08-09 17:19:23.700,191.4,42.4254957527966,1.89663814031415,1.93418338195485,1.37491159614996,410.957979530476,419.093208062784,1.40213238519577,336.5,140.461581784952,19411.8234692897,1,349.9,43.7737133333333,-79.4427133333333,988.1,6.55856418877711,7.30662368691267,0.1,37.8247537453389,28.9,320.4,330.3,3.5,6.6
2018-08-09 17:19:24.700,191.3,42.4254800838561,1.89804525179739,1.93574762848314,1.45894386497165,409.391844469003,417.524137588221,1.48791850422989,328.7,140.473067362789,19477.2535476934,1,350.2,43.773715,-79.4427116666667,988,6.56097753026905,7.314242873963,0.9,37.8248449424494,28.9,314.6,314.1,3.5,6.5
2018-08-09 17:19:25.700,191.3,42.4286530988507,1.89820855805123,1.93579288158808,1.45880061080395,408.332639160515,416.417600063057,1.48768052345678,325.5,140.440895237641,19415.4931257215,1,345.4,43.773715,-79.4427133333333,988,6.55955460463366,7.31633178943857,2.2,37.8260384689041,28.9,298.1,325.3,2.5,5.7
2018-08-09 17:19:26.600,191.3,42.4322891605559,1.89523287743481,1.93279860891951,1.23920527054318,406.628400787294,414.688322055131,1.2637728514512,327.4,140.443892414459,19435.9862761781,1,343.8,43.7737183333333,-79.4427133333333,988.1,6.56077774621652,7.31182928837775,3.3,37.8249388473771,28.9,293.5,309.7,2.7,7.1
2018-08-09 17:19:27.700,191.3,42.4348043478467,1.89747421480483,1.93504721213573,1.25439590705186,405.831967039479,413.868183783753,1.27924035531627,329,140.441426034277,19417.2250330741,1,353.2,43.7737316666667,-79.442725,988.1,6.55997852947988,7.30756839025488,5,37.8239212958571,28.9,300.7,325.2,2.4,7.9
2018-08-09 17:19:28.700,191.2,42.4407679871867,1.8982025516955,1.93587287466025,1.41858763130445,406.136699169509,414.19666421977,1.44673961207369,334.5,140.43623202252,19459.146496074,1,351.6,43.7737516666667,-79.4427366666667,988,6.56139274649469,7.30829361482376,5.9,37.8252394236162,28.9,304.3,311.7,3.7,8.7
2018-08-09 17:19:29.700,191.2,42.4419996254675,1.89744053081013,1.93511602380996,1.36747912145528,405.360620269477,413.409550471683,1.39463200813711,341.8,140.466426636348,19469.5223249958,1,352.7,43.7737733333333,-79.4427483333333,988.1,6.55827944573696,7.3093178687351,6.4,37.826129404093,28.9,255.5,307.7,3.2,6.3
2018-08-09 17:19:30.700,191.3,42.4460350805855,1.89831279618487,1.93601961115215,1.35914488644091,405.710829898254,413.76962012473,1.38614224443597,346.4,140.462174456833,19476.4945338597,1,354.7,43.7738016666667,-79.442755,988.1,6.56042449964415,7.30853058556024,7.7,37.8265290265548,28.9,239.9,292.8,2.7,6.3
2018-08-09 17:19:31.700,191.4,42.451688520461,1.90090928790392,1.93861319454091,1.28200147223726,407.394484222805,415.474918464727,1.30743268667446,346.6,140.476837737838,19448.7490777085,1,359.5,43.7738333333333,-79.442765,988.1,6.55931796171922,7.31010608048791,8.7,37.8277705443971,28.9,247,294.1,3.9,9.4
2018-08-09 17:19:32.600,191.4,42.4561458284872,1.9000085109084,1.93760855338327,1.3397697074331,409.287898144639,417.387459917261,1.36628289867995,347.4,140.479148920895,19405.3147631689,1,356.7,43.7738633333333,-79.4427733333333,988.1,6.55938898877258,7.30956490113162,9.4,37.8290345202878,28.9,256.8,297.4,3.7,8
2018-08-09 17:19:33.700,191.2,42.4604161526668,1.90154089696299,1.9391983339272,1.64902469474505,411.5804767907,419.731289003461,1.68168429809793,350.4,140.458281548027,19419.0080493575,1,355.4,43.7738916666667,-79.4427816666667,988,6.55981677773784,7.30891671849662,9.8,37.8289490137219,28.9,244.6,281.2,4.2,8
2018-08-09 17:19:34.600,191.3,42.4650527563112,1.90221796414338,1.94000282148583,1.82099787390495,414.353899081888,422.584532464997,1.85716917030118,352.2,140.459368144151,19476.7655983741,1,355.1,43.77392,-79.4427866666667,988,6.55873301778971,7.31146507485858,10.1,37.8294364335613,29,219.7,283.2,4.3,6.2
2018-08-09 17:19:35.700,191.2,42.4661090721058,1.90123965027743,1.93915559327496,1.70346064628745,418.017109756011,426.353603714697,1.73742872357669,352,140.44789133228,19552.8974505928,1,355.5,43.7739533333333,-79.442795,988,6.55906495411597,7.30485790052417,10.7,37.8303045207723,29,236.2,273.5,5.2,9.9
2018-08-09 17:19:36.700,191.1,42.4659966599935,1.90278026100716,1.94075759700977,1.59562832772635,420.691843488011,429.088423611821,1.62747517446999,352.3,140.464714543314,19568.4209208998,1,354.6,43.773985,-79.4427983333333,988.1,6.55801027485064,7.30435292301699,11.1,37.8301931179452,29,243.4,295.5,4.6,8.6
2018-08-09 17:19:37.700,191,42.4671070172347,1.90338917010094,1.94125971178229,1.53851250937253,425.489526750778,433.955123704659,1.56912668883191,352.9,140.468622729532,19508.2663327733,1,353.5,43.7740183333333,-79.442805,988.1,6.55781286050033,7.30717649623584,11.2,37.8308744382687,29,242.4,297.6,3.9,6.8
2018-08-09 17:19:38.700,191.1,42.4667337256532,1.90622106985413,1.94401155081096,1.71145865677044,434.585077298775,443.200498633381,1.74537986831224,352.9,140.45880135056,19439.3853334652,1,355.1,43.77405,-79.4428066666667,988,6.55607146158377,7.3117408182838,11.1,37.8320610662084,29,227.4,302.5,3,5.1
2018-08-09 17:19:39.700,191,42.465565276599,1.90590106128519,1.94368927356663,1.81299096960544,442.718772811878,451.496622136479,1.84893090332204,352.3,140.465563247875,19441.4913431126,1,355.7,43.77408,-79.4428166666667,988.1,6.55933057078229,7.31065833817347,11.1,37.832140246162,29,225.4,313.6,2.4,6.7
2018-08-09 17:19:40.700,190.9,42.469357838343,1.9028880222863,1.94070457760043,1.69120251443897,449.064720116026,457.989079558577,1.72481269894429,353,140.42395198658,19485.8439707041,1,354.1,43.774105,-79.44282,988,6.56500401390713,7.30773611013295,10.5,37.8326633623047,29,246.3,320.9,3,6.4
2018-08-09 17:19:41.700,191.3,42.4707527310484,1.9025434796051,1.9402773347255,1.72588855522306,456.156981614669,465.203942564092,1.76012040617729,351.4,140.450086927764,19447.6396583997,1,352,43.77413,-79.4428183333333,988.1,6.56588062197727,7.31071276436491,10.3,37.8332248376354,29,256.1,331,1.6,6.2
2018-08-09 17:19:42.700,191.6,42.4728388441595,1.90421885664807,1.9420715793142,1.68935867510925,463.04861899253,472.253534959417,1.72294009961488,350.1,140.452191877731,19490.8255572816,1,348.8,43.7741566666667,-79.442825,988,6.56393399027939,7.31185562478442,10.1,37.833234904547,29,267.6,327.8,1.8,7
2018-08-09 17:19:43.700,191.3,42.4740429202342,1.90570769885981,1.94368915317075,1.63560402106305,467.667475707357,476.988034516207,1.66820371291502,350,140.436720907312,19540.6699548764,1,345.7,43.7741816666667,-79.442835,988,6.56003479011171,7.31174892943506,10.1,37.8335702485485,29,278.2,328,1.7,6.6
2018-08-09 17:19:44.600,191.6,42.4717961143654,1.90542530491938,1.94336804845766,1.56602027124708,469.519865698629,478.869439802592,1.59720407934109,350.9,140.47146321632,19524.227606196,1,348.9,43.7742066666667,-79.44284,988.1,6.55828049043556,7.31072297652887,10.1,37.8337685491336,29,239.9,323.7,1.7,5.1
2018-08-09 17:19:45.700,191.7,42.4751418797787,1.9038017867885,1.94170027417169,1.7455020259084,469.167932517071,478.507638929564,1.78024356592488,349.3,140.444050567124,19518.2710833727,1,345.7,43.77423,-79.4428483333333,988.1,6.56389704507164,7.3129743407707,9.8,37.8344534493414,29,230.2,307.2,1.6,5.6
2018-08-09 17:19:46.600,192.2,42.4732563623627,1.90463267525027,1.94263657223987,1.79061937997241,468.424272970404,477.770932552172,1.82633776085928,347,140.452385390479,19563.0178422211,1,346.9,43.7742533333333,-79.442855,988,6.56263612708144,7.31007047400439,10,37.834869978949,29,240.5,297.1,3.2,6.5
2018-08-09 17:19:47.700,192.4,42.4708432749346,1.90465816093459,1.94281449639268,1.70498331165327,469.079777466292,478.476965355149,1.73914010529706,346.8,140.460711871946,19639.8065260787,1,349.8,43.77428,-79.4428616666667,988,6.56150623274534,7.30611647730855,10.1,37.8355613067932,29,234,301,3.1,6.6
2018-08-09 17:19:48.700,192.2,42.4745930214734,1.90320053946833,1.94131440411649,1.9391371346075,470.613084055456,480.037587096319,1.97796793739031,348.8,140.458239867937,19632.9184614879,1,350.6,43.7743066666667,-79.4428716666667,988.1,6.56269733114098,7.31284749584034,10.3,37.8370447217892,29,238.2,310.1,2.6,5.9
2018-08-09 17:19:49.700,191.8,42.479200100269,1.90312881979275,1.94126648062193,1.96138192189367,472.176030208933,481.638067882641,2.00068349870714,348.1,140.459333791168,19645.5605020377,1,350.6,43.77433,-79.44288,988.1,6.56299487997725,7.31582738035289,10.3,37.8375138548177,29,222,324.6,2.2,4.2
2018-08-09 17:19:50.700,192,42.486302309391,1.90238957781656,1.94066546321718,1.85486195059696,473.813732846822,483.346778740117,1.89218286431268,348.6,140.4415199344,19722.9380560894,1,353.5,43.7743516666667,-79.44289,988.1,6.5669534468838,7.31101495575368,10.3,37.838080671397,29,233.1,317.4,1.4,5.4
2018-08-09 17:19:51.700,192.5,42.4941448587937,1.90370868272018,1.94217367123623,1.82082169183497,475.765396104044,485.378311427655,1.85760978998243,348.2,140.446701876227,19804.9512994206,1,353.8,43.7743733333333,-79.4429,988,6.56239288400346,7.31226855426127,10.3,37.8393582793639,29,212.9,314.6,2,3.3
2018-08-09 17:19:52.700,192.6,42.5003998215379,1.90195525000038,1.94063410013086,1.73360724417079,474.510185120742,484.159771922246,1.76885878769251,348.3,140.451543847866,19930.9893663544,1,349.9,43.774395,-79.4429083333333,988,6.56066840547245,7.31265948725851,10.3,37.8396025502764,29,190.5,344.5,1.7,2.7
2018-08-09 17:19:53.600,192.4,42.5058030132907,1.89934254949141,1.93793224176818,1.78982549201367,468.549139765872,478.069204029337,1.8261831891735,348.4,140.452871337226,19912.8349290439,1,345.5,43.7744183333333,-79.4429166666667,988.1,6.56366346797899,7.31424773965226,10.1,37.8397168865168,29.1,209.2,300.7,2,4.9
2018-08-09 17:19:54.700,192.3,42.5066830080775,1.89968289015303,1.93815796947071,1.72868156562853,462.757710260038,472.130126422757,1.76369119148164,349.1,140.46096641726,19851.375812678,1,349.1,43.7744433333333,-79.4429233333333,988.1,6.56333333971733,7.31098152527418,10.1,37.8405487728239,29.1,206.3,288.2,2.8,2.6
2018-08-09 17:19:55.700,192.3,42.5084917624537,1.89844608255493,1.93685138194229,1.72132785673792,460.740256654857,470.061065895842,1.75614713391737,350.3,140.442734284924,19828.8917719931,1,349.5,43.7744666666667,-79.4429266666667,988.1,6.56670838008452,7.30527058934666,9.8,37.8412047914784,29.1,204.6,297.8,2.3,3.6
2018-08-09 17:19:56.700,192.3,42.5120579569373,1.89722769125092,1.93569261520849,1.74445124793733,460.299873268439,469.632242041283,1.77981662004769,351.8,140.461911139979,19871.6924428747,1,347.3,43.7744933333333,-79.44293,988.1,6.56402555360794,7.30823508674239,9.6,37.8420133371494,29.1,228.7,314.5,2.4,3.9
2018-08-09 17:19:57.700,191.8,42.513223568082,1.89812358527945,1.93667646307907,1.72363930688969,459.868796611957,469.209277443161,1.75864842346789,352.7,140.457787269184,19906.8484621588,1,351,43.7745183333333,-79.4429333333333,988.1,6.56090748172791,7.310885,9.2,37.8429660120896,29.1,218.2,300,2.1,3.7
2018-08-09 17:19:58.700,191.4,42.5132407242578,1.89637255528092,1.93506381000151,1.59442807112421,459.200912222268,468.569831042828,1.62694872445261,353.8,140.461782952675,19994.8342495823,1,355.7,43.7745383333333,-79.4429366666667,988,6.56204076646179,7.30829830992115,9,37.8435767991443,29.1,210.8,305.6,1.9,4.2
2018-08-09 17:19:59.700,190.9,42.5108921191369,1.8953258980883,1.93412879238101,1.57022714588119,458.141007354347,467.520463218913,1.60237465983894,349.5,140.482781025617,20062.1692225459,1,353.5,43.7745616666667,-79.4429433333333,988,6.56031587182103,7.30875696754615,9.2,37.844140676587,29.1,212.2,279.3,2.7,3.5
2018-08-09 17:20:00.700,191.1,42.5129044052771,1.89788987119469,1.93676015938598,1.58869561526146,456.412934835699,465.760631891865,1.62123322922819,349.7,140.413996403579,20069.7640465846,1,351.6,43.7745866666667,-79.44295,988.1,6.55710859053058,7.31167324846349,8.7,37.8449941194683,29.1,209.1,309.7,2,2
2018-08-09 17:20:01.700,191.4,42.5137900763122,1.8952162223399,1.9340262407535,1.57881261957663,454.093899137441,463.392882830983,1.61114375265744,349.5,140.437178194129,20067.1401659136,1,2.5,43.77461,-79.4429516666667,988.1,6.56587342061602,7.31059856816377,9,37.846020899513,29.2,199.6,282.8,2.4,3.2
2018-08-09 17:20:02.700,191.3,42.5164931081094,1.89435332941316,1.93315255951371,1.70770031741994,452.338552753974,461.603208587854,1.74267839493802,350.8,140.463885168087,20070.6724431478,1,358.9,43.7746333333333,-79.442955,988,6.56440502257468,7.31259544178586,9.4,37.8465415812459,29.2,224,298.6,2.7,4.9
2018-08-09 17:20:03.700,191.1,42.5203857278738,1.89515030690245,1.93388198871263,1.73812605520199,451.365879535106,460.590612219094,1.77365060696181,348.3,140.453235674602,20028.0848380705,1,358.3,43.7746566666667,-79.44296,988.2,6.56676650416747,7.31120417312464,9.6,37.8472407533669,29.2,219.1,276.1,2.4,3.1
2018-08-09 17:20:04.700,191.3,42.5238659761955,1.89730601485776,1.93627851104032,1.07814186111257,450.25458440672,459.503244150677,1.1002323534159,347.3,140.453310143699,20127.6604590901,1,352.6,43.774675,-79.44297,988.1,6.56663760674628,7.31070440376822,9,37.8481420624148,29.2,187,299,2.6,1
2018-08-09 17:20:05.700,192,42.5264688750417,1.90067140396887,1.93992515179484,1.03650759684499,449.755947832894,459.044573912988,1.05791941162384,345.8,140.465719281048,20234.7798486513,1,355.5,43.7746983333333,-79.4429816666667,988,6.56289256371159,7.30961240945192,9,37.8490163040047,29.2,212.9,305.1,2.2,5.7
2018-08-09 17:20:06.700,192.6,42.5290015238858,1.90071568631868,1.93997922716481,1.43365283748968,448.628722849349,457.89616550741,1.46326734273792,345,140.461576591916,20239.3006378028,1,355.4,43.774715,-79.44299,988,6.56548742020161,7.30996729168942,8.8,37.8495335389616,29.2,227.5,292.1,3.4,6.9
2018-08-09 17:20:07.600,193.5,42.5349793339007,1.90034331222275,1.93975935372319,1.41668906030184,446.750131491478,456.016427997072,1.44606689012909,346.5,140.444953816645,20320.1726602145,1,355,43.7747366666667,-79.4429966666667,988.1,6.56515425999493,7.30783891860328,8.8,37.8503401277795,29.2,244.6,309.6,3.2,5.5
2018-08-09 17:20:08.700,193.8,42.5395239512497,1.89919166214191,1.93856229452461,1.2904291514078,446.262348032364,455.513451321538,1.31718212615169,342.2,140.476917431311,20309.1555185033,1,353.4,43.7747566666667,-79.4430066666667,988.1,6.56297548812246,7.30398492122958,9,37.8511856555505,29.2,252.6,318.3,1.5,5.6
2018-08-09 17:20:09.700,193.9,42.5399277373647,1.90055708741878,1.93985680043036,1.33761014606417,445.874649313629,455.094415820047,1.36526852072434,344.7,140.466369422477,20258.9708533101,1,352.4,43.77478,-79.4430183333333,988.1,6.56258440192298,7.30671678689395,9.4,37.8518061060156,29.2,252.4,329.9,2,7.7
2018-08-09 17:20:10.700,193.8,42.5369956100698,1.89944648370666,1.93875683449402,1.36175274114782,445.85037297052,455.077552499175,1.38993458009803,347.3,140.464604134975,20275.9317574701,1,353.8,43.7748066666667,-79.4430233333333,988,6.56328164216385,7.30910703622924,8.8,37.8524449724692,29.1,272.3,332.8,1.6,6.8
2018-08-09 17:20:11.700,193.6,42.5309519217431,1.89816200351934,1.93744418444086,1.38930546981429,445.77949971299,455.004801472662,1.41805681443076,345.3,140.494214396842,20275.1022171858,1,353.6,43.7748316666667,-79.4430366666667,988,6.56043532938316,7.3133975016884,9.4,37.85311346006,29.1,274.7,344.4,1.4,7.1
2018-08-09 17:20:12.700,194.6,42.5296153198458,1.89872893820254,1.93802414781595,1.42138889885077,446.881576260774,456.129919340038,1.45080519267173,343.7,140.468948066352,20275.6694976835,1,353.3,43.7748516666667,-79.4430516666667,988.1,6.56463401881669,7.3097038160222,9.6,37.8537026201677,29.1,290.7,333.8,1.9,7.9
2018-08-09 17:20:13.700,195.1,42.5335985392128,1.89907998226154,1.93836656973919,1.37653932116687,446.072666988908,455.300712448867,1.40501638235759,344.7,140.456309217583,20268.0008901304,1,350.5,43.7748716666667,-79.44306,988.1,6.5687356977587,7.31404436888736,9.4,37.8547094678462,29,272.5,331.8,2.1,7.1
2018-08-09 17:20:14.700,195.2,42.5345000696683,1.89796576901409,1.93710402375675,1.4572740977614,444.582897097512,453.750765084854,1.48732153858187,345.3,140.46283479939,20204.6661483713,1,348.8,43.7749016666667,-79.4430716666667,988,6.56615207705981,7.31090978061293,9.8,37.8552848858483,29,277.1,347.8,1,6.5
2018-08-09 17:20:15.700,195.2,42.5376136787666,1.89668428561865,1.93575554391772,1.40812732994139,443.176899006666,452.306208693768,1.43713430276369,346.7,140.437998773456,20183.9417912902,1,348.6,43.7749383333333,-79.44308,988,6.56620354289355,7.30766433512153,10.3,37.8561385083739,29,285.7,337.8,1.2,6.8
2018-08-09 17:20:16.700,194.6,42.541593977457,1.89722782372847,1.93631586878627,1.19382735043739,441.658675653028,450.758001291753,1.21842396381838,349.4,140.47348703758,20186.7099317916,1,350.4,43.774975,-79.4430833333333,987.9,6.56845191225455,7.30335723499926,10.5,37.856736615896,29,276.3,345.3,1.2,6.4
2018-08-09 17:20:17.700,194.5,42.5411275438899,1.89713583894774,1.93645479079439,1.64189219771347,438.832303144374,447.927163427116,1.67595198511473,349.1,140.471149703004,20304.6030922069,1,354.1,43.775005,-79.4430883333333,988.1,6.56191181233713,7.30430709321766,10.7,37.8576780376989,29,320.8,352.6,1.4,8.2
2018-08-09 17:20:18.600,194.6,42.5402674873351,1.89455518714317,1.93400093925398,1.79839547338165,436.649451467166,445.740736602486,1.83583799328012,349.4,140.449449240107,20395.9414474509,1,354.5,43.7750333333333,-79.4430916666667,988,6.56474655050049,7.30652945057285,10.9,37.8578189062571,28.9,321.8,355.4,0.9,7.3
2018-08-09 17:20:19.700,195,42.5399524466996,1.89620202809847,1.93572779290415,1.53274513924771,436.092218070943,445.182481015113,1.56469432603198,350.8,140.477719458668,20419.1250321717,1,356.4,43.7750716666667,-79.443095,988,6.5628265800153,7.30884493232578,10.9,37.8590477901913,28.9,331.1,353.3,0.7,6.9
2018-08-09 17:20:20.700,195.6,42.5449964706285,1.89182450241681,1.93113292355384,1.52961780508068,435.422872036132,444.470176980715,1.5613965006665,352.6,140.470897585958,20355.0971895419,1,356.3,43.77509,-79.4431033333333,988,6.56839299982635,7.30761976961068,10.3,37.859831197564,28.8,265.9,346.8,0.5,5.6
2018-08-09 17:20:21.700,195.2,42.5528572802461,1.89000464079247,1.92923728361111,1.60183485497502,434.216555447251,443.230095330894,1.63508579465784,350.2,140.450671828474,20336.0009494584,1,357.5,43.7751216666667,-79.4431116666667,988.1,6.56925657153516,7.30932624277366,10.9,37.8605072071971,28.8,243.3,345.5,0.7,4.8
2018-08-09 17:20:22.700,196.3,42.5579770320603,1.89523941746701,1.93446406519783,1.40037381508357,431.204011551682,440.128596368993,1.42936255794761,351.4,140.482689247949,20277.040519041,1,356,43.7751466666667,-79.4431233333333,988,6.56185085837857,7.31436136306906,10.3,37.8611774674717,28.8,192.5,351.5,1,3.6
2018-08-09 17:20:23.700,197.8,42.5612890287279,1.89176875597417,1.93104304338041,1.63109233961794,428.884373810719,437.788346678631,1.66496768156985,349.7,140.439854829731,20338.5596864715,1,359.9,43.7751766666667,-79.4431316666667,987.9,6.56558467990945,7.3095076930466,10.7,37.8619909147165,28.8,206.9,346.1,0.6,4.8
2018-08-09 17:20:24.700,197.6,42.5638064875991,1.89157660534802,1.93055701480224,1.61773660977325,426.521573618401,435.311285768927,1.65108603059929,348.7,140.460955152482,20191.4116869061,1,358,43.7752133333333,-79.44314,988.1,6.56873207423416,7.30705983878769,11.1,37.8625524824191,28.8,211.6,350.9,0.7,5.3
2018-08-09 17:20:25.700,196.3,42.569540852637,1.89070705368527,1.92976356154211,1.81579943843207,424.389972137507,433.156547164656,1.85332236310741,349,140.463648871996,20239.0986023881,1,359.6,43.7752516666667,-79.4431483333333,988.1,6.57007471168137,7.30825438306812,11.2,37.8634130216252,28.8,239,344.6,0.6,5.7
2018-08-09 17:20:26.700,195.3,42.577415542031,1.89393824629126,1.93306264160792,1.36952721913346,423.628684667179,432.380011310866,1.39782934443807,348.2,140.41797070274,20239.7964859751,1,357.6,43.7752766666667,-79.4431533333333,988.1,6.56709606506761,7.3106717328594,11.1,37.8643841873336,28.8,240,345.9,0.7,5.9
2018-08-09 17:20:27.700,194.4,42.5731569374908,1.89361676628691,1.93244985088983,1.40519028137148,422.7600699423,431.429781552068,1.43399387227271,347,140.471619048625,20095.147037649,1,357.1,43.7753066666667,-79.4431666666667,987.9,6.5656907153625,7.31064812447407,11.1,37.8649086547169,28.8,257.4,342.9,0.8,6
2018-08-09 17:20:28.700,193.9,42.5690576527924,1.88916903305097,1.92785071614249,1.67230169191909,421.326813620407,429.953704141198,1.70654494662041,349.3,140.445344385183,20064.7163196483,1,356.4,43.7753366666667,-79.443175,987.9,6.57250934897465,7.3110245522007,11.1,37.8657153093945,28.8,237.2,349,0.6,5.4
2018-08-09 17:20:29.700,194.2,42.5654959744389,1.89015953787042,1.92913390515747,1.48972574073724,420.194201036297,428.858422570498,1.52043119403227,348.7,140.453850836329,20202.9853346104,1,358.4,43.77536,-79.4431916666667,987.9,6.57184516058793,7.31165740308864,10.9,37.8666396526347,28.8,176,3.7,0.9,3.8
2018-08-09 17:20:30.700,194.9,42.5640109373463,1.8911266778489,1.92993396546635,1.43723023652234,419.221097854719,427.823902245523,1.46672194520464,348.9,140.4791911692,20108.229669607,1,0.8,43.7753866666667,-79.4432066666667,987.9,6.56704930957457,7.31241157942708,10.9,37.8672768697578,28.8,151.2,17.8,1.7,2.4
2018-08-09 17:20:31.700,195.5,42.571660820048,1.89201839810035,1.93095503552134,1.29020375054026,417.976315815411,426.577996916616,1.316749587033,349.6,140.421410589526,20164.5094062825,1,1.1,43.7754133333333,-79.44322,987.9,6.565262995858,7.30990356855409,10.7,37.8686669436423,28.8,166.6,20.4,2.2,2.2
2018-08-09 17:20:32.700,195.8,42.5710414933674,1.89039199283329,1.92910379479036,1.43077026317563,415.093420252238,423.593860767692,1.46005970988338,349.8,140.463253133721,20067.1649823945,1,359.9,43.7754433333333,-79.4432283333333,988,6.57055842582085,7.31596439681625,10.9,37.8685291870585,28.9,163,10.7,2.1,1.3
2018-08-09 17:20:33.700,196.9,42.5720879545957,1.89155804995117,1.93007822580244,1.52808323616356,413.621081691581,422.044277439717,1.55920090840372,349.8,140.457772198101,19958.1224766861,1,359.9,43.7754666666667,-79.4432383333333,988.1,6.57163076470462,7.31131887140312,10.5,37.8694743219832,28.9,169.3,12,2.4,1.7
2018-08-09 17:20:34.700,197.6,42.576548135131,1.8927665842771,1.93137652057199,1.51904583179943,413.313078625446,421.744187528801,1.55003185275544,349.5,140.451681132689,19991.0105105102,1,359.9,43.775495,-79.4432516666667,987.9,6.57009660465202,7.30807371901401,10.1,37.8701378818467,29,164.6,350.1,2,1.6
2018-08-09 17:20:35.700,197.1,42.5723086257881,1.89203118892181,1.93050872453821,1.30648255757896,412.383660437592,420.77009616897,1.33305694736969,353,140.469871515786,19931.0861729454,1,2.4,43.7755233333333,-79.44325,987.9,6.56981872321027,7.30678197097657,10.1,37.8713972568793,29,186.4,324.6,2,1.6
2018-08-09 17:20:36.700,196.8,42.5716692872755,1.89056409965224,1.92903701638896,1.31368841603228,411.227756009143,419.596175651099,1.34042274552794,353.8,140.417971947648,19944.1713019119,1,3.1,43.77555,-79.4432533333333,988,6.56700298431019,7.30874804474215,10.3,37.8718353572029,29,178.1,22.7,2.4,0.8
2018-08-09 17:20:37.700,196,42.5663947951073,1.89165997132729,1.93015151646524,1.35300215072217,409.543602071711,417.87711372476,1.38053336582886,354.2,140.474648218108,19942.4756684553,1,2.6,43.7755766666667,-79.4432516666667,987.9,6.57047205461957,7.31382670396367,10.3,37.8725221350077,29.1,182.9,307.6,2.6,1.6
2018-08-09 17:20:38.700,195.2,42.5683862845584,1.89452116740073,1.93311936653729,1.32437609957853,407.848665982762,416.158008381958,1.35135821471605,355.6,140.471236350701,19966.7265399011,1,5.2,43.7756033333333,-79.44325,988,6.56509796992032,7.31296563879005,10,37.8729172269679,29.1,183.3,9.9,2.1,1.6
2018-08-09 17:20:39.700,194.9,42.5722418360937,1.89258452509431,1.93115747341932,1.42159769113447,407.444704452889,415.748837548019,1.45057127215778,351.9,140.436028258089,19973.8267235328,1,2.4,43.7756333333333,-79.44325,988,6.56620850402702,7.31361964756892,10.1,37.8742914073277,29.1,163.6,348,2,1.2
2018-08-09 17:20:40.700,193.8,42.5748877717906,1.89247429568608,1.93100218890105,1.45856975638302,406.71755685817,414.997757783258,1.48826396995308,351.3,140.452196106527,19952.2261139993,1,359.7,43.7756633333333,-79.4432483333333,988.1,6.56794379414427,7.30313968961139,10.1,37.8746745104086,29.1,192.8,345.4,1.8,2.7
2018-08-09 17:20:41.700,193.5,42.5768340655486,1.89359014431897,1.93227354744903,1.50754242410388,405.571274027574,413.85651502554,1.53834046898431,351,140.433218346548,20019.6335526062,1,359.4,43.77569,-79.4432516666667,987.9,6.56817164151169,7.30705289721442,10.5,37.8758012524389,29.1,217.7,311.8,1.7,5.1
2018-08-09 17:20:42.700,193.6,42.5772516587937,1.89455032285774,1.93324982994343,1.43620922954816,405.180721216077,413.457270021463,1.46554716649906,350.3,140.479840802267,20017.8475176642,1,357.2,43.775715,-79.4432516666667,988,6.56269702869381,7.30795946361501,10.3,37.8762445498731,29.1,272.3,331.6,2,8.2
2018-08-09 17:20:43.700,193.7,42.575666918304,1.88995323433186,1.92891889737568,1.41429351845046,404.53813051234,412.878644993691,1.44345322265454,347.2,140.445892087398,20201.0515714663,1,357.1,43.7757416666667,-79.4432616666667,988,6.565746174921,7.30739798656147,10.3,37.8774866410866,29.1,262.6,331.6,1.7,6.1
2018-08-09 17:20:44.700,194.1,42.5753370352278,1.88958636564925,1.92858816881191,1.56306812274739,404.592212008833,412.943110915986,1.59533000460207,344.8,140.455479827782,20223.0565215194,1,353.8,43.7757733333333,-79.4432783333333,988,6.56934191836615,7.31049790371162,10.1,37.8777291373101,29.1,260.2,335.2,1.7,5.7
2018-08-09 17:20:45.700,194,42.5740191485625,1.89055436736039,1.92973704878325,1.39238416084497,404.790911898889,413.180400960481,1.42123822508238,347.1,140.490478601939,20304.7516671034,1,355.5,43.775805,-79.4432833333333,988,6.56987693149108,7.30697889761623,10.1,37.8789445644333,29.1,262.3,343,0.9,6.5
2018-08-09 17:20:46.700,194.6,42.5786360142124,1.89010303649438,1.92926070494658,1.46338518426115,405.280275445105,413.676504019396,1.49370093636143,345.3,140.436339362292,20296.6488105989,1,358.2,43.7758283333333,-79.443295,988,6.57119391669879,7.30687129485303,9.8,37.8794471425709,29.1,286.7,1.4,0.9,6.5
2018-08-09 17:20:47.700,195.6,42.5842429008843,1.88580948664106,1.92487601111139,1.50500198153086,404.938733216427,413.327459933795,1.53617962635284,343.5,140.485287698162,20295.7158106577,1,357.3,43.7758516666667,-79.4433066666667,988,6.57453742891026,7.30975804632344,9.4,37.8807962101833,29.1,49.3,10.6,0.9,6.4
2018-08-09 17:20:48.700,196.2,42.5869465723431,1.8894048171451,1.92893596621511,1.28671041365205,404.677289337958,413.144108053114,1.31362179889906,344.4,140.459658868751,20493.677419035,1,358.1,43.77588,-79.44331,988,6.56843481835211,7.312929493988,9.8,37.8810309031561,29.1,348.6,4.7,1.6,9.1
2018-08-09 17:20:49.700,197,42.5964105302632,1.88882945410713,1.92832952200187,1.37236163289553,404.759391723685,413.223940829888,1.40105942270757,346.6,140.406975192669,20484.2168780072,1,359.2,43.775905,-79.44332,988.1,6.56993777046054,7.3066154260056,9.4,37.882793412782,29,356.5,6.1,1.4,7.8
2018-08-09 17:20:50.700,198.4,42.598292830403,1.8884163617888,1.9279908191056,1.29121448592687,404.56673035604,413.045068680817,1.31827253646227,349,140.473111311009,20526.4376643481,1,355.3,43.775935,-79.4433316666667,988,6.56979782879775,7.31250536734642,9.8,37.8832528771978,29,359.8,6.2,2.2,9.2
2018-08-09 17:20:51.700,199,42.599554360692,1.88605395673606,1.92563460872617,1.20052373113217,405.868982729249,414.386610748121,1.22571716041101,349.1,140.441777373535,20554.6174283709,1,355.7,43.775965,-79.4433383333333,988,6.57292031378291,7.30644075979704,10.1,37.8834034400719,28.9,3.4,5.2,1.9,9.3
2018-08-09 17:20:52.700,199.5,42.6014698442782,1.88762340596521,1.9273952931541,1.49834007508629,406.244349264127,414.803880315355,1.52991553592405,348.7,140.432165158635,20635.0042410153,1,357.6,43.77599,-79.44335,988,6.56742766665253,7.31195596376976,10,37.8852632608446,28.9,352.4,1.5,2.2,9.7
2018-08-09 17:20:53.700,199.5,42.5995368347238,1.88687196560899,1.92668496560899,1.3945335732369,407.074033956842,415.663178030304,1.42395755787688,347.2,140.465104440745,20663.6155893193,1,358,43.77602,-79.443365,987.9,6.56811853622765,7.31103456727806,10,37.8849700868111,28.8,338.2,353.1,2,8.8
2018-08-09 17:20:54.700,200.1,42.6035042636121,1.88512802564825,1.92498207509551,1.3118985941141,406.692377114866,415.290395177683,1.33963346186899,345.3,140.424620734062,20703.6072119552,1,356.5,43.7760433333333,-79.4433766666667,988,6.56815863166648,7.30616275001015,10,37.886610257413,28.8,337.6,356.9,2.2,9.8
2018-08-09 17:20:55.700,200.4,42.5976809854621,1.8868655298027,1.92660995532191,1.56413352445483,406.489280062305,415.051490991693,1.59707611783489,346.3,140.477369784528,20629.0841176012,1,352.1,43.7760683333333,-79.44339,987.9,6.56612859382139,7.30773812962098,10.3,37.8863654184839,28.8,344.6,2.4,2,9.7
2018-08-09 17:20:56.700,201.2,42.6005483507395,1.88790690710186,1.92772134132232,1.29268581134944,406.055394207211,414.618701953815,1.31994522497085,348.2,140.464794237768,20653.4127959394,1,357.6,43.7760933333333,-79.4434033333333,988,6.5699361489172,7.31165145892557,10,37.8872937836279,28.8,322.8,347.7,1.6,9
2018-08-09 17:20:57.700,202.1,42.6086533442851,1.88501209209927,1.92492048608482,1.61979264663389,405.761699671448,414.352288981872,1.65409188860363,346.4,140.441286714468,20732.7419005061,1,0.5,43.7761283333333,-79.44342,988,6.56735248784741,7.30781295818872,10,37.8884158404777,28.8,305,337.6,2.2,9.3
2018-08-09 17:20:58.700,203.6,42.6113792667369,1.88684590831709,1.92681152246064,1.53503462309199,405.486449657133,414.075094763888,1.56754885582441,346.7,140.460841039504,20741.7313032572,1,358.4,43.7761483333333,-79.4434366666667,987.9,6.56291578688204,7.31539585305433,9.6,37.889478451357,28.8,299.9,328.7,3.2,11.5
2018-08-09 17:20:59.700,204.5,42.6148643056053,1.88736071531672,1.92730014369028,1.41677613019196,405.509314635109,414.090500309821,1.44675797480138,348.3,140.45365707881,20723.0198895578,1,356.6,43.7761716666667,-79.4434483333333,987.9,6.56706345720516,7.31270954767908,9.2,37.8908271502512,28.8,291.3,339.8,2.8,8.1
2018-08-09 17:21:00.700,205.3,42.6174949813866,1.88503210229092,1.92498782084703,1.36469398440359,405.691605958188,414.29090516179,1.39362048450542,347.5,140.480307871392,20756.6943598262,1,355.2,43.7761883333333,-79.44346,987.9,6.57151422352916,7.31434713581402,8.8,37.8905261294982,28.8,5.9,5.1,2.2,8.6
2018-08-09 17:21:01.700,205.2,42.6259305585447,1.88487662556404,1.92469753264334,1.46364251103572,406.656905562587,415.248249200896,1.49456330265904,350.2,140.462626723938,20689.7108188167,1,357.2,43.7762183333333,-79.443465,988,6.5706662265785,7.3069554538958,9.4,37.8920220011728,28.8,342.4,351.8,2.2,8.6
2018-08-09 17:21:02.700,204,42.6313411088961,1.88861871205539,1.92818575214184,1.55509564715035,406.26494378032,414.776324048191,1.58767329739983,352.3,140.452085196707,20520.4128766634,1,0.9,43.7762416666667,-79.4434533333333,987.9,6.57281402300477,7.30709831115404,9,37.8919818389092,28.7,307.5,339,1.5,7.3
2018-08-09 17:21:03.700,204,42.6312820190853,1.88738912048372,1.92696727616534,1.28905745278659,405.167084935791,413.663375660505,1.31608702240837,351.8,140.458663584873,20539.1067701849,1,0.4,43.7762583333333,-79.4434633333333,987.9,6.57024638740544,7.31007056606862,8.7,37.8936120548813,28.7,295.7,334.8,1.8,7.1
2018-08-09 17:21:04.700,204.6,42.6280566772999,1.88705479000835,1.92658211501531,1.24833792187265,404.534480711969,413.008186753096,1.27448652802992,351.9,140.455186000557,20517.1669995616,1,356.3,43.7762816666667,-79.4434733333333,987.9,6.56921939122547,7.30947490589074,8.5,37.8938067615449,28.7,308.6,343.4,1.5,6.8
2018-08-09 17:21:05.700,204.9,42.6289466897189,1.8870369388048,1.92657596731472,1.47349736632554,404.392655362687,412.865730049536,1.50437140410234,351.7,140.464748538628,20522.6683787893,1,357.6,43.7762983333333,-79.4434783333333,987.9,6.56395555962637,7.30764530754075,8.1,37.8947876702772,28.7,288.1,337,1.2,6.4
2018-08-09 17:21:06.700,204.6,42.6320338888591,1.88560784352458,1.92519408326387,1.47867354222509,404.060259279211,412.543050753924,1.50971642878155,349.5,140.476888171393,20562.1081310765,1,358.7,43.7763166666667,-79.44348,987.9,6.56829058603694,7.31089036616502,8.1,37.8957859242485,28.8,281.3,333.5,1.2,5.8
2018-08-09 17:21:07.600,203.6,42.6366088087426,1.88954715335505,1.92915630977787,1.43170844328057,403.245877409597,411.698815254599,1.46171988560517,351.9,140.444980420946,20531.8664223097,1,0.3,43.77634,-79.4434733333333,987.9,6.56728655764993,7.31463086881672,8.5,37.8969474447616,28.8,266.1,333.3,1.2,4.5
2018-08-09 17:21:08.700,203.6,42.6375432779146,1.88513484687613,1.92467604006624,1.46596064542064,403.777636902507,412.247015498643,1.49670959185305,348.8,140.489817287374,20544.3872052324,1,358.6,43.7763633333333,-79.4434833333333,987.9,6.57178458146723,7.30441384813783,8.8,37.8974090340495,28.8,276.5,340.5,0.9,4.8
2018-08-09 17:21:09.700,203.1,42.6398375939195,1.88676207781559,1.9263853182288,1.15504325735354,403.859929025973,412.341113477566,1.17929910308623,348.9,140.453510583239,20568.4549422645,1,358.1,43.77638,-79.4434816666667,987.9,6.57366911060789,7.3050855442678,8.7,37.8974776246163,28.8,252.6,334.8,1,5.2
2018-08-09 17:21:10.700,202,42.6389525444148,1.8854895281934,1.92498515556859,1.45774801899091,403.945154642397,412.406710613345,1.4882820851147,350.8,140.451373443535,20517.4817951261,1,357.2,43.7763983333333,-79.4434783333333,987.9,6.57072936737083,7.3041826743391,8.5,37.8993402224634,28.8,273.2,328.2,1.3,6.1
2018-08-09 17:21:11.700,202.3,42.6392194304046,1.88713073868091,1.92647004490266,1.68182564156045,403.973689339347,412.394873611267,1.71688294368226,350,140.497765144383,20420.2714687711,1,358.5,43.7764166666667,-79.4435,987.9,6.57118770404198,7.30858111520783,8.1,37.8993894060294,28.8,234.1,313.3,2,4.8
2018-08-09 17:21:12.700,202.1,42.6393975188294,1.88875250032358,1.92812467796509,1.67844463093394,404.242324682734,412.668891413963,1.71343279813837,350.9,140.431259758946,20419.6737422032,1,358.3,43.7764483333333,-79.4435116666667,987.8,6.56701981955874,7.30660638669983,8.7,37.9004679513671,28.8,251.2,309.1,1.7,5.1
2018-08-09 17:21:13.700,201,42.6354185419342,1.88920399973356,1.92829984809936,1.34298259000661,404.996011438671,413.3770255165,1.37077820042383,352.5,140.485359263384,20274.7142160369,1,357.7,43.77648,-79.4435083333333,987.9,6.57218820180095,7.30603221520509,9.2,37.9007192835378,28.8,239,304.7,2.3,5.1
2018-08-09 17:21:14.700,201,42.6304361976886,1.88998401750301,1.92914005701651,1.28832173123832,404.513064094621,412.893630487847,1.31501293796324,350.7,140.475210978901,20297.126221045,1,357.1,43.7765133333333,-79.4435166666667,987.8,6.5783803555005,7.31622214290803,9.8,37.9023584044349,28.8,223.1,297.8,2.5,4.2
2018-08-09 17:21:15.700,200.3,42.6338275475686,1.88841819279332,1.927276365838,1.4018081159149,404.173699775482,412.490472451405,1.4306521432624,352.9,140.420977269724,20162.2898450748,1,0.2,43.77654,-79.4435133333333,987.8,6.57118631656775,7.3133445395328,10.1,37.9021213007304,28.8,217.9,301.3,2.4,3.8
2018-08-09 17:21:16.700,199,42.6282493650879,1.8869839714513,1.92601345223974,1.29346935805347,404.026479838078,412.383182368343,1.32022255759952,352.1,140.473320011349,20264.409859032,1,1.5,43.7765666666667,-79.44351,987.7,6.56759753872586,7.30735357089147,10.3,37.9037480684776,28.8,203,304.7,2.4,2.2
2018-08-09 17:21:17.700,196.1,42.6304756454667,1.88773558477669,1.92675266816845,1.38123822524983,403.331923211887,411.668334866048,1.40978601727008,352,140.431028018721,20250.3103421914,1,359.1,43.7766016666667,-79.4434966666667,987.8,6.57230281675562,7.30561669227259,10,37.9042397452844,28.8,192.2,283.7,2.5,1.7
2018-08-09 17:21:18.700,193.5,42.6291795266562,1.89034429207254,1.92905141062061,1.71486364650818,402.994643241175,411.246621516179,1.74997499691807,351.5,140.450536102173,20065.7271369077,1,359.5,43.7766266666667,-79.4434933333333,987.9,6.56710802111895,7.30241423861685,9.4,37.9055470060497,28.9,188.5,286.6,2.7,1.5
2018-08-09 17:21:19.700,192.4,42.6279864282517,1.89049905789004,1.92894600301736,1.59683577956778,402.185454145895,410.364777525397,1.62931149793955,351,140.480173591874,19931.7523289676,1,0.6,43.77665,-79.443495,987.8,6.56788711544517,7.30835443954173,9.2,37.9058715210104,28.9,187.7,317.9,2.1,1.7
2018-08-09 17:21:20.700,193,42.6293542773362,1.89076439152605,1.9291297880243,1.4175983005516,401.442743784843,409.588465449883,1.44636301276128,351.5,140.395681199275,19887.5182988426,1,2.5,43.77668,-79.4435166666667,987.8,6.57332988891213,7.30891033283751,10,37.9077394568865,28.9,177.5,13.9,2.1,1
2018-08-09 17:21:21.700,193.3,42.62637820513,1.89053479988321,1.92853853111202,1.56108223677836,400.559812553751,408.611890111644,1.59246263233342,350.3,140.498908894951,19706.0834654031,1,3.2,43.7767033333333,-79.4435233333333,987.8,6.56652437426286,7.31286214490706,10,37.9077704710599,29,165.4,35.7,2.4,0.7
2018-08-09 17:21:22.700,193.4,42.6306023890642,1.8884732779201,1.92639958703784,1.42359115112604,400.434204095938,408.476181814152,1.45218142368549,349.1,140.467951584702,19687.6898927872,1,3.3,43.7767266666667,-79.443525,987.8,6.57232943537758,7.30837456656812,9.4,37.9093878888293,29,173.1,334.3,2.3,0.8
2018-08-09 17:21:23.700,193.2,42.6373447721941,1.89059612270637,1.92868548809067,1.46455459045661,399.6522015125,407.703941553689,1.49406054752883,350.2,140.448001098938,19748.9067237813,1.1,358.6,43.776745,-79.4435266666667,987.7,6.56709739344001,7.30648575755833,9.2,37.9092529796249,29,177.3,309.9,2.5,0.5
2018-08-09 17:21:24.700,192.6,42.6372078280866,1.88935620704768,1.92690186721097,1.42932906379435,399.374379582875,407.310908883314,1.45773416692958,350.4,140.494293876145,19485.0992298498,1,358.3,43.7767716666667,-79.4435333333333,987.7,6.57523515818026,7.31364081895249,8.8,37.9106255364683,29,172.8,202.4,2.8,0.9
2018-08-09 17:21:25.700,192.4,42.6402512003303,1.89150891146327,1.92893946990433,1.45496047593229,399.356055844107,407.25883596989,1.48375270694584,350.1,140.431232663979,19404.6989960952,1,359.2,43.7767983333333,-79.4435383333333,987.7,6.57019978549073,7.30545267134668,8.8,37.9106601574183,29,188.9,259.4,2.8,1.7
2018-08-09 17:21:26.700,192.6,42.6446211470696,1.89061677436457,1.92795620161211,1.50808435498154,398.92516333539,406.803741320725,1.53786865525868,349.5,140.479415798059,19367.2090547134,1,0.5,43.7768283333333,-79.443545,987.8,6.57019276096093,7.30559754573297,9.4,37.9116147864823,29,185.9,254.5,2.6,1.5
2018-08-09 17:21:27.700,192.9,42.64699,1.893357,1.930944,1.470646,398.5238,406.4352,1.499841,353.4,140.4916,19465.43,1,0.5,43.7768533333333,-79.4435483333333,987.7,6.564391,7.308555,9.6,37.91164,29,186,256.9,3.1,2.3
2018-08-09 17:21:28.700,192.7,42.65427,1.894676,1.931917,1.225017,397.8611,405.6812,1.249095,352,140.4321,19276.53,1,0.1,43.77688,-79.443555,987.8,6.573175,7.308584,9.6,37.91341,29,195.9,269.8,2.9,2.4
2018-08-09 17:21:29.700,192.4,42.6497683429765,1.88883030057118,1.92564631726958,1.40512021501181,398.498020550735,406.265289802419,1.43250822542052,349.3,140.492927055259,19118.7192291622,1,357.8,43.7769033333333,-79.4435583333333,987.7,6.57562405603669,7.30712153178548,10,37.9135735517065,29,206.4,328.2,2.2,5.4
2018-08-09 17:21:30.700,192.7,42.6513096097273,1.88783489588653,1.92459329009606,1.17739071895197,398.241115552885,405.995443173026,1.20031637650648,351.2,140.495621111779,19099.4047654697,1,358.9,43.7769333333333,-79.4435633333333,987.7,6.5754009927066,7.30612146207208,10.1,37.9143364597563,29,245.3,323.8,2.1,6.4
2018-08-09 17:21:31.700,192.7,42.653201345314,1.89532637852251,1.93235653308455,1.50306196032691,398.547489324192,406.334191939427,1.5324280347664,348.9,140.416882193009,19163.2525261108,1,358.4,43.77696,-79.44357,987.6,6.56732020872299,7.3090034784278,10.3,37.9159962882607,29,274.9,320.1,2.2,8.3
2018-08-09 17:21:32.700,192.1,42.6557312211734,1.8913530334825,1.92820485967414,1.58498231027601,397.714539261124,405.46376973778,1.61586488790697,347.5,140.489940893877,19111.8805488895,1,356.4,43.7769916666667,-79.4435783333333,987.7,6.57389216545701,7.30765097535837,10.7,37.9164032726383,29,275.2,319.5,3.2,9.3
2018-08-09 17:21:33.700,192,42.6522013598844,1.8919766769508,1.92881714143089,1.41758866447575,397.732219690051,405.476823579041,1.44519094773391,347,140.429774734187,19099.829565688,1,354.3,43.7770183333333,-79.4435866666667,987.7,6.56927553360925,7.3074353386194,10.7,37.9172400803748,29,265.4,323.1,3,10.2
2018-08-09 17:21:34.700,192.3,42.6559575152166,1.89197444931775,1.92879904567451,1.4901169740076,397.447531525642,405.183254374749,1.51912043183788,350.2,140.419396160322,19092.0549845964,1,356.7,43.7770483333333,-79.443595,987.7,6.57620865859487,7.31047536328202,10.9,37.9175826426861,29,285.4,321.4,3.9,11.2
2018-08-09 17:21:35.700,192.5,42.6475298996935,1.8932708319164,1.9301242494501,1.40825946102019,397.844502351811,405.588794611811,1.43567261934497,350.1,140.498607397717,19093.9305825613,1,358.6,43.7770766666667,-79.4436,987.7,6.57042112104738,7.31190197634597,11.1,37.9186607072423,28.9,271.3,318,3.4,9.1
2018-08-09 17:21:36.700,192.6,42.6534597599406,1.89522753165301,1.93227004309989,1.43470680980543,397.819620956503,405.595019130574,1.46274831494956,349.1,140.420391426449,19170.3223727997,1,356.2,43.7771066666667,-79.4436083333333,987.7,6.56908936110848,7.31108325609434,11.1,37.9201497942348,28.8,265.4,319.7,2.7,8.5
2018-08-09 17:21:37.700,193,42.6546043620203,1.89128119347233,1.92801104510466,1.43706991408454,398.074699821733,405.805433323269,1.46497728381459,347.1,140.458390682505,19050.426264233,1,354,43.7771333333333,-79.44362,987.6,6.56990346410031,7.30953253709501,11.1,37.9210834985172,28.8,265.9,317.9,2.9,8.6
2018-08-09 17:21:38.700,193.1,42.6570567173188,1.89177910711365,1.92874329370584,1.32135214965105,398.002142271944,405.778795653697,1.34717125300311,348.3,140.466319415269,19164.8233337099,1,353.8,43.7771616666667,-79.4436283333333,987.7,6.57369846067016,7.31162434767209,10.9,37.9218093564246,28.7,261.8,312.6,3.4,9.3
2018-08-09 17:21:39.700,193.1,42.6652708213257,1.89285363279888,1.93003373985866,1.44774477225458,399.51134291388,407.358696031245,1.47618241586407,350.3,140.440440647903,19264.0499253206,1,358,43.7771883333333,-79.443635,987.7,6.56847432983955,7.30783324436432,10.7,37.922625862871,28.7,261.4,331.2,2.8,9.6
2018-08-09 17:21:40.700,193.2,42.6676973314873,1.8890338483215,1.92609226967048,1.57044573014568,399.286952249301,407.120080620241,1.60125419362548,350.4,140.491557584199,19240.3463485832,1,359,43.777215,-79.44364,987.7,6.57322719943131,7.3090416207842,10.5,37.9239409550562,28.7,296.4,336.5,2.4,7.4
2018-08-09 17:21:41.700,193.6,42.6794700630889,1.89189636565756,1.92922728953647,1.49918434537635,400.211394719415,408.108419722869,1.52876570293825,346.2,140.457338773866,19350.3144823032,1,355.9,43.7772416666667,-79.4436483333333,987.7,6.5702952162935,7.30801915992337,10.5,37.9240762117668,28.7,275.2,333.9,1.4,8.4
2018-08-09 17:21:42.700,193.9,42.6830966007447,1.89035307163577,1.92747001029928,1.65519034577776,400.383326459067,408.244780020307,1.68768958682029,345.5,140.410909636864,19256.8436064502,1,352.2,43.7772683333333,-79.4436583333333,987.6,6.57086024945604,7.30793517989941,10.7,37.9257454697548,28.7,298.8,339.7,2.3,9.7
2018-08-09 17:21:43.700,194.2,42.6810802208773,1.89380813370725,1.93102240800224,1.43378556476967,400.683299117097,408.556843753151,1.46196096124091,348.6,140.46576434224,19271.7244193088,1,355.1,43.7772966666667,-79.443665,987.7,6.56839866688337,7.3098719813819,10.5,37.9252536341356,28.7,293.6,337.2,2.2,9.3
2018-08-09 17:21:44.700,194.2,42.6902835586499,1.8900994076147,1.92704345118457,1.37248541470567,401.304492486371,409.148560036085,1.39931354625808,348,140.412297801987,19171.6758195621,1,354.8,43.77732,-79.4436733333333,987.8,6.5734408725065,7.30791672637305,10.3,37.9276750040589,28.7,301.5,340.9,2.2,8.8
2018-08-09 17:21:45.700,194.1,42.6916578133498,1.89219756502788,1.9293521679761,1.50846869434622,402.711386301179,410.618944267541,1.53808867753927,346.2,140.462978771927,19257.6606430971,1,355.6,43.7773483333333,-79.443685,987.7,6.57037337272826,7.30752248708538,10.1,37.9269160088236,28.7,297.1,343.8,1.9,8.2
2018-08-09 17:21:46.700,193.9,42.6923976418495,1.88422185276777,1.92126423404865,1.530956725515,403.300646153295,411.229193762681,1.56105484150097,347.8,140.47356762705,19280.0825908863,1,354.7,43.7773766666667,-79.443695,987.7,6.57498077779104,7.31174939297735,9.8,37.9285318840856,28.7,291.2,339.2,1.6,7.9
2018-08-09 17:21:47.700,193.8,42.6907675776244,1.88878629361201,1.9258337198973,1.37840255909557,404.49419189072,412.428181873655,1.40543965170058,349.5,140.432881125546,19237.0698058395,1,353.9,43.7773983333333,-79.4437016666667,987.7,6.56825303328979,7.31324372900036,9.4,37.929510259778,28.7,288.1,331.9,2.2,8.4
2018-08-09 17:21:48.700,193.8,42.6854309627072,1.8881836955802,1.92544097852113,1.423279249298,404.794546716157,412.781912484432,1.45136262917362,9.3,140.471447561516,19350.0491367196,1,8.5,43.77741,-79.4436933333333,987.7,6.57457106030586,7.31078866374609,7.9,37.9297167849766,28.8,288.8,322,2.2,7.2
2018-08-09 17:21:49.700,194.4,42.6875418848342,1.89097494422211,1.92834603818184,1.30992469171826,406.615194625229,414.65118819581,1.33581623088678,41.6,140.447809091421,19379.9922965397,1,35.9,43.7774166666667,-79.4436666666667,987.7,6.57006296345377,7.30449629360988,7.5,37.9308009395973,28.8,280.1,301.7,2.2,6.2
2018-08-09 17:21:50.700,194.4,42.6963764021831,1.88736973293879,1.92486527041118,1.53472479511512,406.852293909713,414.935262716745,1.56521350495317,79.7,140.474257600734,19479.9102056733,1,65.6,43.7774116666667,-79.44363,987.7,6.57175282670961,7.30994572660527,7.9,37.931916376849,28.9,287.2,320.7,1.7,3.4
2018-08-09 17:21:51.700,194.5,42.708673612489,1.88992104996127,1.92760356631095,1.31694661367835,408.036557525602,416.172253111585,1.34320444429334,101.9,140.448199857829,19548.6866367063,1,95.4,43.7773966666667,-79.4436016666667,987.7,6.56662400426513,7.30938815834696,8.8,37.9326590467822,28.9,289.7,340.7,0.7,2.5
2018-08-09 17:21:52.700,194.4,42.7135246932077,1.88759904360628,1.92535894188608,1.37849003889033,408.774593254389,416.951817810821,1.40606562036443,110.5,140.45339326838,19611.7813829665,1,112.8,43.7773833333333,-79.44357,987.7,6.56745057877031,7.30518433035289,9.8,37.9341026303669,29,271.7,355.3,0.8,3.5
2018-08-09 17:21:53.700,194.1,42.7090156016897,1.88338619750628,1.92117542432266,1.45149625903403,408.567554338733,416.765336908686,1.48061516655956,115.5,140.488530569136,19669.8432311068,1,113.5,43.7773683333333,-79.44354,987.7,6.57207255773798,7.30529583247038,10.5,37.9341448823819,29,281.9,12.4,0.8,3.7
2018-08-09 17:21:54.700,194,42.7072120012251,1.88920539254783,1.92738269312238,1.27692879990037,408.914202537703,417.177613492035,1.30273853335062,108.5,140.448871565629,19807.9244514815,1,104,43.7773616666667,-79.4435016666667,987.8,6.56442927748299,7.30853741954288,11.1,37.9354703798319,29,260,19.2,1.3,3.6
2018-08-09 17:21:55.700,194,42.699143091363,1.88683267995928,1.92520439524168,1.538558966393,408.623542018749,416.933625800261,1.56984822744472,98.6,140.478527535668,19931.495112369,1,89,43.77736,-79.44346,987.7,6.56408624364768,7.30599482310877,11.6,37.9365636172562,29,274.9,7.2,1.3,3.8
2018-08-09 17:21:56.700,193.7,42.6909202848887,1.88487332298413,1.92322920893861,1.3580101128005,408.820958943025,417.140133638893,1.38564571257648,85.1,140.454418442807,19943.4522570196,1,74,43.7773683333333,-79.44342,987.7,6.57168985290731,7.30908793151659,11.6,37.9367520552985,29,276.6,356.7,1.2,3.9
2018-08-09 17:21:57.700,193.5,42.6808981987055,1.88940953266642,1.9278522031403,1.17615930577477,409.424925202395,417.755219267264,1.2000915391452,75.6,140.435590264529,19940.5476728719,1,63.6,43.7773783333333,-79.4433783333333,987.7,6.56973891277786,7.30403783133094,12.4,37.9386757610994,29,293.3,333.2,1.6,4.1
2018-08-09 17:21:58.700,193.5,42.6638981926569,1.88793556244648,1.92636844740566,1.60629045755511,409.427265936648,417.761975568185,1.63899147451897,71.4,140.490293430651,19950.8601190951,1,61.6,43.7773933333333,-79.4433333333333,987.7,6.57363243399113,7.30829005020852,13.3,37.9393048038069,29,286.6,336.3,1.7,4.4
2018-08-09 17:21:59.700,193.6,42.6571548313194,1.88462596668289,1.92293399015217,1.4068524836733,408.693511542055,417.000933644505,1.43544945187865,69.8,140.445302738343,19921.7698184241,1,62.5,43.77741,-79.4432816666667,987.8,6.57683956138369,7.31324447538171,14.4,37.9391999706439,29,276.1,353.6,1.7,4.4
2018-08-09 17:22:00.700,193.9,42.6532152635533,1.89185669387504,1.93048216504545,1.46952277414618,408.384481443263,416.722310627012,1.49952724885822,69.8,140.457042268043,20008.1894576149,1,64.6,43.7774266666667,-79.4432316666667,987.7,6.57419969118222,7.3053969767619,15.5,37.9411668453609,29,238.9,5.6,0.9,7.1
2018-08-09 17:22:01.700,194.1,42.6466731140209,1.89063275896601,1.92935908239949,1.572973491732,407.687315544726,416.038169564891,1.60519262610068,72.7,140.484097201922,20072.2409614966,1,67.9,43.7774383333333,-79.4431783333333,987.7,6.56872369499255,7.30917035485181,16.4,37.9418610580593,29,277.2,353.7,0.4,8.5
2018-08-09 17:22:02.700,194.2,42.6474986019068,1.88738680345398,1.92599402860242,1.66123121157706,407.000202488699,415.3255809726,1.69520795640696,75,140.447920154716,20045.4201275175,1,74.6,43.7774466666667,-79.44312,987.7,6.56827519430919,7.3099618234437,16.8,37.9420111756794,28.9,273.3,358.9,0.2,8.4
2018-08-09 17:22:03.700,194.2,42.6472205781032,1.88756593070665,1.92629906905291,1.33770752726725,406.295911825719,414.633095941837,1.36516107299968,76.8,140.488329016813,20107.4272506381,1,75.7,43.7774533333333,-79.4430633333333,987.7,6.57096082297903,7.31232529551029,17.2,37.9434678574281,28.9,177.9,5.1,0.3,8.4
2018-08-09 17:22:04.700,193.9,42.6477311362262,1.88668023081318,1.92551285330051,1.61814988814785,408.139487375273,416.539961695846,1.65145410707125,77.4,140.448595502333,20167.1525805041,1,76.3,43.7774633333333,-79.4430033333333,987.7,6.56835274683381,7.31108044377666,17.2,37.9447092544424,28.8,241.5,4,0.5,7.7
2018-08-09 17:22:05.700,194.1,42.6555950012544,1.88952528389134,1.92848936306048,1.57569954041987,410.777821531611,419.248419496078,1.6081924087773,77.8,140.422026236715,20204.4259698147,1,75.1,43.7774716666667,-79.44294,987.7,6.57381102494525,7.30982297313893,17.4,37.9450011128723,28.8,230.4,5.3,1.2,7.7
2018-08-09 17:22:06.700,194.5,42.6511076366544,1.88838668273733,1.92730785520108,1.56334264109148,410.917628391626,419.386954438816,1.5955640910468,77.7,140.479790631027,20194.5879282899,1,74,43.7774833333333,-79.44288,987.8,6.57187590564237,7.30712481332603,17.5,37.9452928602022,28.8,226.7,11.8,1.3,6.8
2018-08-09 17:22:07.700,194.7,42.6540863362015,1.88727827858703,1.92629714066457,1.48806288100907,410.944180497069,419.440261093171,1.51882789734737,77.5,140.424167028302,20255.7626923594,1,73.4,43.7774916666667,-79.4428216666667,987.8,6.57342271518224,7.30505094101693,17.5,37.9471096770164,28.8,210.5,12.2,0.9,8
2018-08-09 17:22:08.700,194.6,42.6527997942267,1.88856456749806,1.92759401395798,1.40994488609824,409.792592067124,418.261415384244,1.43908149525684,78.4,140.440672898381,20247.7074468501,1,75.3,43.7774983333333,-79.4427616666667,987.7,6.56706880797125,7.30350418816436,17.5,37.9479708371124,28.8,208.5,14.1,1.2,8.5
2018-08-09 17:22:09.700,194.4,42.6467108120074,1.88683645033825,1.92589317657281,1.63921227415162,408.600218015875,417.058019214405,1.67313278785747,78,140.472445292426,20279.8146330968,1,77.2,43.7775083333333,-79.442705,987.8,6.57198742026467,7.30795164406838,17.4,37.9481608287647,28.8,194.1,21.3,1.7,8.1
2018-08-09 17:22:10.700,194.3,42.6465456533357,1.88882407726456,1.92829669637834,1.45542276431456,407.148427434482,415.656983828899,1.48583832585754,79,140.42983503338,20470.2646029541,1,77.8,43.7775166666667,-79.4426466666667,987.7,6.56680404292154,7.30810837899092,17.4,37.9497316778174,28.8,209.4,26.4,2.1,6.9
2018-08-09 17:22:11.700,194.1,42.6376364188276,1.88738088901527,1.9268158437927,1.51216435726967,405.946810153856,414.428635647774,1.54376027672878,83.7,140.48818159265,20466.3821578028,1,83,43.7775183333333,-79.4425866666667,987.8,6.56865262866977,7.30882470607919,17.2,37.9505724394928,28.7,214.6,31.5,2.6,6.9
2018-08-09 17:22:12.700,193.9,42.6351909441926,1.88646812247442,1.92589539666488,1.40618535408533,404.668953710731,413.126462984538,1.43557735918445,89.7,140.453125443016,20472.0705140001,1,90.9,43.777515,-79.4425283333333,987.8,6.56892169174653,7.30687767499016,17,37.9506799297232,28.7,213.3,32.7,2.5,7.5
2018-08-09 17:22:13.700,193.8,42.6377366312944,1.88415537633238,1.92371026955329,1.56887632119219,403.465267189305,411.935414941448,1.60181305116523,93.1,140.441720209391,20561.8604310982,1,95.4,43.77751,-79.44247,988,6.57310962272029,7.30888268629482,16.8,37.9521939883463,28.7,214.6,31.8,2.5,7.2
2018-08-09 17:22:14.700,194.1,42.6316562730414,1.88451369114794,1.9241817563361,1.60682480162082,402.286263503658,410.754269288036,1.64064742292495,93.2,140.480898036686,20615.6865682604,1,96.4,43.77751,-79.4424116666667,987.9,6.5754470161775,7.30685178916926,16.8,37.9533543173964,28.6,230.8,35.4,2.7,6.2
2018-08-09 17:22:15.700,194.2,42.6304502828529,1.88547000230638,1.92514545116663,1.56603374629268,401.342028361146,409.78745013385,1.59898770631227,91.5,140.460933902214,20609.1782702936,1,92.6,43.77751,-79.4423516666667,987.8,6.57454369121234,7.30911507582432,16.8,37.9534443374301,28.6,224.5,24.3,2.1,7.7
2018-08-09 17:22:16.700,194,42.6243223800437,1.88714253180772,1.92680985208672,1.57767352557971,400.496247861422,408.914572317267,1.61083546783826,89,140.463205134886,20586.9768753746,1,86.9,43.7775116666667,-79.4422933333333,987.8,6.57377240810464,7.30874572140876,16.8,37.9547603655753,28.6,237.2,24.5,2,5.3
2018-08-09 17:22:17.700,194,42.6169983561565,1.88788373953382,1.92761505237269,1.5960924960391,400.370235632443,408.796296037118,1.62967320745783,88.4,140.453633720864,20611.8883751655,1,85,43.7775116666667,-79.4422333333333,987.9,6.57100458521026,7.30593509043638,17.4,37.9557188547314,28.6,254.3,10.6,2.3,5.3
2018-08-09 17:22:18.700,193.8,42.6117463613389,1.88716060587863,1.926876121824,1.2618010870015,400.203592750654,408.625971222582,1.28834938583733,87.7,140.435535707169,20611.3095450668,1,82.8,43.7775133333333,-79.4421733333333,987.9,6.56834947850901,7.30294061616692,17.5,37.9562250463121,28.6,246.2,15,2.3,5.4
2018-08-09 17:22:19.700,193.8,42.6051970440603,1.88623704442386,1.9253996612061,1.33237029068314,399.567836578125,407.863812050529,1.36003368240673,89.7,140.464793709993,20340.1454490531,1,86.3,43.7775133333333,-79.4421083333333,987.8,6.57027830735163,7.30179285022373,18.1,37.9571598985028,28.7,251.3,15,2.6,5.7
2018-08-09 17:22:20.700,193.8,42.6051852247662,1.88622522658354,1.92538631107352,1.33229548167497,399.556787064608,407.852264614721,1.35995644121172,92,140.464768559466,20339.4874938097,1,87.7,43.77751,-79.4420466666667,987.9,6.57023555290876,7.30183223624046,18.3,37.9577592661013,28.7,238.2,27,2.6,5.8
2018-08-09 17:22:21.700,193.7,42.6051733340176,1.88621333729757,1.92537288023171,1.33222022040326,399.545670750418,407.840647368011,1.3598787330492,95.3,140.464743256889,20338.8255608478,1,92.6,43.777505,-79.441985,987.8,6.57019253999066,7.30187186036836,18.3,37.9583622572223,28.7,256.3,6.8,1.9,7.2
2018-08-09 17:22:22.700,193.6,42.60516148952,1.88620149425679,1.9253595016312,1.33214525187178,399.534597674831,407.829075308359,1.35980132714446,94.9,140.46471805273,20338.1662025755,1,93.3,43.7775016666667,-79.4419216666667,987.8,6.57014969437788,7.30191133037214,18.5,37.958962902917,28.7,257.6,10.1,2.3,6
2018-08-09 17:22:23.700,193.6,42.6051498572863,1.88618986345393,1.92534636278724,1.3320716268437,399.523723038702,407.817710630407,1.35972530842304,92.3,140.464693300253,20337.5186605955,1,91.9,43.7775,-79.4418583333333,987.8,6.57010761659696,7.30195009303802,18.5,37.9595527845015,28.7,262,7.3,0.9,8.1
2018-08-09 17:22:24.700,193.6,42.6051378557383,1.88617786338213,1.92533280679519,1.33199566427822,399.512503141331,407.805985132767,1.35964687616632,88.1,140.464667761903,20336.850559661,1,85.9,43.7775033333333,-79.441795,987.8,6.57006420287921,7.3019900863884,18.3,37.9601613943677,28.7,226.5,6.2,1,9.4
2018-08-09 17:22:25.700,193.4,42.6051260940113,1.8861661031018,1.9253195216858,1.33192121963495,399.501507445595,407.79449393992,1.35957001118241,83.9,140.464642733874,20336.1958090557,1,81.3,43.7775116666667,-79.4417333333333,987.9,6.57002165667621,7.30202928057153,18.1,37.9607578426853,28.7,257.9,356.1,0.5,9
2018-08-09 17:22:26.700,193,42.6051142776241,1.88615428816806,1.92530617483667,1.33184642902596,399.490460649691,407.782949344187,1.35949278898477,79.5,140.464617589532,20335.5380156354,1,77.4,43.7775233333333,-79.44167,987.8,6.56997891274874,7.30206865690133,18.1,37.9613570628702,28.6,270.1,0.4,0.7,8.9
2018-08-09 17:22:27.700,193.1,42.6051025969435,1.8861426089242,1.92529298127087,1.33177249735776,399.479540721902,407.771537333606,1.35941645365376,76.7,140.464592733963,20334.8877767145,1,76.8,43.7775366666667,-79.44161,987.9,6.5699366597185,7.30210758100944,17.7,37.9619494012465,28.6,259.3,352.2,0.1,9
2018-08-09 17:22:28.700,193.2,42.6050906331857,1.88613064663796,1.92527946796363,1.33169677398153,399.468356153497,407.759848756954,1.3593382683628,73.8,140.464567276029,20334.2217794816,1,74.6,43.7775533333333,-79.44155,987.8,6.5698933827009,7.30214744842964,17.9,37.9625560947354,28.5,288.3,5.3,0.7,8.4
2018-08-09 17:22:29.700,193.2,42.6050790009854,1.88611901586837,1.92526632915725,1.33162314916406,399.457481548475,407.748484111511,1.35926224985883,71.9,140.464542523622,20333.5742393538,1,73.1,43.77757,-79.44149,987.9,6.56985130504034,7.30218621098464,17.7,37.9631459746326,28.5,177.8,9.8,1.3,9.3
2018-08-09 17:22:30.700,193.4,42.6050671041053,1.88610712045166,1.92525289138978,1.33154784908369,399.446359502129,407.736860874339,1.3591845016259,70.3,140.464517207998,20332.9119650646,1,73.4,43.7775866666667,-79.4414316666667,987.8,6.56980826994252,7.30222585554481,17.7,37.9637492766873,28.5,172,17.8,1.4,9.2
2018-08-09 17:22:31.700,193.5,42.6050551048986,1.88609512272085,1.92523933804226,1.33147190133711,399.435141793554,407.725137664127,1.35910608466987,69.3,140.46449167463,20332.2439944644,1,71.5,43.7776016666667,-79.4413733333333,987.9,6.56976486469398,7.30226584109322,17.5,37.9643577678249,28.5,172.2,15.3,1.3,9.3
2018-08-09 17:22:32.700,193.5,42.6050434176146,1.88608343687442,1.92522613701781,1.33139792787349,399.424215692458,407.713719202051,1.35902970618459,69.5,140.46446680501,20331.5933879472,1,70.5,43.7776183333333,-79.4413166666667,987.8,6.56972258777705,7.3023047872061,17.4,37.9649504410649,28.5,255.4,355.5,0.2,9.1
2018-08-09 17:22:33.700,193.5,42.6050315189982,1.88607153972161,1.92521269728916,1.3313226168034,399.413092022897,407.702094268518,1.35895194660464,69.8,140.464441485691,20330.9310170019,1,71.1,43.7776333333333,-79.44126,987.8,6.56967954639844,7.30234443755222,17.2,37.965553831169,28.5,263.6,2.6,0.7,8.2
2018-08-09 17:22:34.700,193.6,42.6050198867616,1.88605990891574,1.92519955844178,1.33124899175617,399.40221738394,407.690729587611,1.35887592786345,68.1,140.464416733207,20330.2834748534,1,71,43.77765,-79.44121,987.8,6.56963746860658,7.30238320022818,16.6,37.9661437129069,28.5,210.5,5.1,0.7,8.1
2018-08-09 17:33:46.800,191.1,42.5970743778141,1.87811537727565,1.9162249448299,1.28095870892486,391.974192690805,399.927977119014,1.30695060979609,46.1,140.447509315644,19887.9737037043,0.9,79.8,43.7818816666667,-79.4254166666667,988.1,6.54089583605603,7.32886041159407,0,38.3690679968995,28.9,237.9,156.4,4.2,8.6
2018-08-09 17:33:47.800,191.2,42.5935238220383,1.87725750232928,1.91542878287413,1.4041003101724,391.546401640308,399.507945587355,1.43265307421607,44.3,140.479085133458,19928.3966537224,0.9,79.7,43.7818816666667,-79.4254183333333,988.1,6.54145641279772,7.33205956949215,0,38.3692836448424,28.9,236.5,153.9,4.6,8.9
2018-08-09 17:33:48.800,191.2,42.5885953480511,1.8784232605795,1.91670420692841,1.31790016193706,391.559178524827,399.538866956465,1.34475574135544,53.3,140.462881309864,19972.330174684,0.9,79.7,43.7818816666667,-79.4254166666667,988,6.54020694980957,7.33120307477665,0,38.3692989606023,28.9,238.5,159.4,4.3,8.3
2018-08-09 17:33:49.800,191.3,42.5868591464418,1.87824597328826,1.91655598855976,1.47727515010624,391.682164685327,399.671290292072,1.50740746774581,55.9,140.480913034742,19989.2119415856,0.9,79.7,43.7818833333333,-79.4254183333333,988,6.53790632589533,7.33147935612832,0,38.3691765094098,28.9,235.9,157.2,4.1,8.1
2018-08-09 17:33:50.800,191.3,42.5888505664397,1.87725782939651,1.91566409580574,1.53388000547581,391.502999453285,399.512751785468,1.56525866678726,52.7,140.476018161117,20048.8125264186,0.9,79.8,43.7818833333333,-79.4254183333333,988.1,6.53896718590306,7.33277197083854,0,38.3692230473152,28.9,238.5,161.2,4.5,8.8
2018-08-09 17:33:51.800,191.3,42.5915951802948,1.87810249087121,1.91652293215316,1.29346472380947,391.720848536141,399.734297763448,1.31992928595063,50.4,140.44854182316,20046.9751952904,0.9,79.8,43.7818833333333,-79.42542,988,6.54030657687795,7.32875157218288,0,38.3692137754304,28.9,239.1,155.3,4.4,9
2018-08-09 17:33:52.800,191.3,42.5909555154404,1.87848182663487,1.9169498486603,1.3610929476691,391.505500181636,399.522822604434,1.38897011774192,54.4,140.457534116713,20067.3630767501,0.9,79.8,43.7818833333333,-79.42542,988.1,6.54208279405093,7.33379674455074,0,38.3691830949137,28.9,232.6,156.1,4.2,7.5
2018-08-09 17:33:53.800,191.3,42.5944953874018,1.87966888211947,1.91822484994046,1.43271779319893,391.703383104756,399.738015673092,1.46210520771476,52.5,140.464085976804,20099.7596256701,0.9,79.8,43.7818833333333,-79.4254216666667,988.1,6.53905610306988,7.33538152774087,0,38.3691579693455,28.9,243.1,158.1,3.7,7.1
2018-08-09 17:33:54.800,191.3,42.5927506581001,1.87921883315902,1.9176617666193,1.3991760891993,392.137393517336,400.159213165127,1.42779945756366,47.8,140.488696890365,20046.5499920778,0.9,79.8,43.7818833333333,-79.4254216666667,988,6.54023410563165,7.3328393208633,0,38.3691138765667,28.9,239.8,157.5,3.6,6.3
2018-08-09 17:33:55.800,191.2,42.5913184880423,1.87980213903541,1.91815135108147,1.34960037430096,392.124070502382,400.123629330679,1.37713376930313,47.1,140.438051257772,19992.7074441424,0.9,79.9,43.7818833333333,-79.4254233333333,988.1,6.53890561961383,7.33220614294571,0,38.3695093089964,28.9,235.2,161.5,3.5,7
2018-08-09 17:33:56.800,191.2,42.5863090880949,1.87899773606742,1.91735220866936,1.23214476791408,391.813158201915,399.810873706063,1.25729436360301,56,140.468008558237,20003.8125703917,0.9,79.8,43.7818833333333,-79.4254233333333,988,6.53865987819827,7.33544504807775,0,38.369170566655,28.9,244.4,165.7,3.8,7
2018-08-09 17:33:57.800,191.2,42.5854388178151,1.8795058985944,1.91788005842739,1.36883645376702,391.679589823243,399.676452528879,1.39678345006519,49.5,140.437647078631,20008.4848036181,0.9,79.9,43.7818833333333,-79.4254233333333,988.1,6.53855860606813,7.33108529182968,0,38.3693426160056,28.9,240.1,151.3,3.9,8.3
2018-08-09 17:33:58.800,191.3,42.5845366762026,1.8791156717814,1.91755633813251,1.43356046626434,391.713866480109,399.726966388564,1.46288580199379,51.6,140.475899645263,20046.4497857014,0.9,79.8,43.781885,-79.4254233333333,988.1,6.53957965944363,7.33144698303296,0,38.3693333345123,28.9,220.2,139.7,3.8,7.3
2018-08-09 17:33:59.800,191.3,42.5819463159659,1.87768632537924,1.91612234263918,1.51831456521672,391.305353539337,399.315249657944,1.54939329235881,62.4,140.451146684374,20059.0519853123,0.9,79.8,43.781885,-79.4254233333333,988,6.54180912494606,7.33494443207249,0,38.3690690940625,28.9,234.8,149.7,3.2,8.3
2018-08-09 17:34:00.800,191.2,42.5775306229445,1.87754895016444,1.91611219674045,1.39689023764611,391.076675798931,399.10904298758,1.42557506300578,48.1,140.481498630404,20125.717247556,0.9,79.9,43.781885,-79.4254233333333,988.1,6.54249017195032,7.33254184571213,0,38.369,28.9,228,151,4.7,9.4
2018-08-09 17:34:01.800,191.2,42.5756400520452,1.87748379587013,1.91623691028526,1.28635570997973,391.454995777323,399.535008515748,1.31290653972145,32.7,140.447838761039,20223.4944111888,0.9,79.8,43.781885,-79.4254233333333,988.1,6.54189678942775,7.33152067872618,0,38.3690844213132,28.9,230.7,151.2,5,10.1
2018-08-09 17:34:02.800,191.2,42.5747166055028,1.87855778151508,1.91731671374842,1.31712788877011,390.977964850992,399.044853317512,1.34430317633655,51.9,140.451529003223,20215.3823829326,0.9,79.8,43.7818833333333,-79.4254233333333,988.1,6.53916475807041,7.33266836497001,0,38.3688010693078,28.9,230.3,152,5.3,10.2
2018-08-09 17:34:03.800,191.2,42.5648138052317,1.87730545300514,1.91604264235962,1.43139355062716,390.820855860454,398.885209393842,1.46093043289885,45,140.458721902616,20217.1339036994,0.9,79.8,43.7818833333333,-79.4254216666667,988.1,6.54218541091928,7.33007049978041,0,38.3688035056622,28.9,237.4,158.2,4.5,7.1
2018-08-09 17:34:04.800,191.2,42.5596182723669,1.87698032378609,1.9158214815265,1.41713732643514,390.626197129871,398.70953427185,1.44646116472566,33.7,140.475442399992,20273.6315169258,0.9,79.8,43.7818833333333,-79.4254216666667,988.1,6.54261836922191,7.33457307639454,0,38.3687026210688,28.9,238.9,158.6,2.9,6.9
2018-08-09 17:34:05.800,191.2,42.5610810681391,1.87907160621974,1.91801366127735,1.06296575278361,390.978166575071,399.080871750701,1.08499331717378,41.2,140.468527564293,20303.3495543234,0.9,79.8,43.7818833333333,-79.4254216666667,988.2,6.53836391712872,7.33553292490339,0,38.3686044246641,28.9,232.8,152.4,4.4,8.6
2018-08-09 17:34:06.800,191.2,42.5728251095335,1.8789304718698,1.91785930200697,1.10923118037425,391.475472353511,399.586288612718,1.13221181226258,38.5,140.431963382664,20298.086090142,0.9,79.8,43.7818816666667,-79.4254216666667,988,6.54005233027881,7.33318139879737,0,38.3687258129603,28.9,231.7,151.3,4.2,8.3
2018-08-09 17:34:07.800,191.2,42.5729325086724,1.87866634843887,1.91749111253253,1.35825132158006,391.669650325249,399.763991001742,1.38631750609926,46.4,140.469211535133,20247.8953642599,0.9,79.9,43.7818816666667,-79.42542,988.1,6.53931555637436,7.33590537706038,0,38.368664856895,28.9,229.1,149.6,4.3,8.6
2018-08-09 17:34:08.800,191.2,42.5741392852582,1.87829531994122,1.91690846629743,1.29599599453912,392.080875021056,400.141149833568,1.32264260989414,48.5,140.4407275012,20143.5940290476,0.9,79.9,43.7818816666667,-79.42542,988,6.53975990334851,7.33149034983745,0,38.3686273383255,28.9,227.7,148.5,4.7,8.8
2018-08-09 17:34:09.800,191.1,42.5711338747277,1.87806404381291,1.91660566037264,1.31356406503569,391.509891542054,399.54449097986,1.34052077600586,61.3,140.461793889445,20109.3397066874,0.9,79.8,43.7818816666667,-79.4254183333333,988.2,6.54184660042976,7.33383501754287,0,38.3684601808736,28.9,234.5,156.7,3.9,7.1
2018-08-09 17:34:10.800,191.1,42.5672151273619,1.87869933800824,1.91724199223271,1.25222364465537,391.229012373236,399.255235162641,1.2779139646536,35.1,140.426798814578,20102.9375238281,0.9,79.8,43.7818816666667,-79.4254183333333,988,6.53979695838319,7.3325476656213,0,38.3682245972255,28.9,240.2,156.8,3.5,6.6
2018-08-09 17:34:11.800,191.1,42.562244257678,1.87620974124638,1.91474999978668,1.27963147080533,391.431787690861,399.472327675658,1.3059176490924,43.5,140.484851632045,20127.9309586461,0.9,79.8,43.7818816666667,-79.4254183333333,988.1,6.54389842619445,7.32873978907203,0,38.3684967313736,28.9,234.9,157.6,3.1,6.1
2018-08-09 17:34:12.800,191,42.5622596150772,1.87735942261585,1.91595006596099,1.46498380224835,391.305437107088,399.348923820868,1.4950972140757,50.9,140.435295820929,20141.4265724403,0.9,79.8,43.7818816666667,-79.4254166666667,988.1,6.54213209168264,7.33368115953173,0,38.3683296504121,28.9,231.3,150.5,3.1,7.9
2018-08-09 17:34:13.800,191,42.5635302148433,1.87629209177883,1.91487355478436,1.35383664865627,391.165010139059,399.208169088967,1.38167462935693,50.2,140.466427688384,20147.9260623438,0.9,79.8,43.7818816666667,-79.4254166666667,988.1,6.54258999532679,7.33587408831182,0,38.368115262523,28.9,232.5,150.5,4.2,7.8
2018-08-09 17:34:14.800,191,42.562741028794,1.87671400945275,1.91523631748892,1.39016661146823,390.93044243264,398.954827520765,1.41870077743031,45.8,140.459307975973,20113.5621951555,0.9,79.8,43.7818816666667,-79.4254166666667,988,6.54161647855835,7.33241001109255,0,38.3680875659647,28.9,219.9,145.6,4,8.5
2018-08-09 17:34:15.800,190.9,42.5603110687151,1.87787372322834,1.9164527629617,1.32188527794545,391.382250437218,399.422769892944,1.34904157684167,47,140.483591250537,20130.3594165423,0.9,79.8,43.7818816666667,-79.4254166666667,988.1,6.53928847916573,7.3309820773164,0,38.36809,28.9,227,146.5,3.6,7
2018-08-09 17:34:16.800,190.9,42.5526611034409,1.87733711661704,1.91599306057026,1.11124908312922,391.35072977131,399.408918561954,1.13412877810307,48.5,140.450892554417,20175.297780824,0.9,79.8,43.7818816666667,-79.4254166666667,988.1,6.54070246987244,7.3292070839126,0,38.3679042739609,28.9,224.3,146.1,4.2,8.2
2018-08-09 17:34:17.800,190.9,42.5586309364819,1.87887367624094,1.91756716774539,1.25045048549628,390.956003963584,399.007272254344,1.27620208454628,63.8,140.43090121807,20178.2414360848,0.9,79.8,43.7818816666667,-79.4254166666667,988,6.53648462695411,7.33025701544423,0,38.3682107502533,28.9,232.3,153.2,4.3,8.3
2018-08-09 17:34:18.800,190.9,42.5577200806934,1.8785144347585,1.91721835485158,1.40952815483542,391.370552286935,399.434197453682,1.43857026856027,49.9,140.466624902904,20187.693799807,0.9,79.8,43.7818816666667,-79.4254166666667,988,6.53670844778361,7.33050133871289,0,38.3680612738565,28.9,233.9,154.2,4.3,7.8
2018-08-09 17:34:19.800,190.9,42.5634267600106,1.87663806888576,1.91530607865767,1.36483318968015,391.300209431965,399.36291505951,1.39295605300793,49.9,140.449947598532,20189.0275265053,0.9,79.8,43.78188,-79.4254166666667,988,6.54028977157742,7.3306131457485,0,38.3678955568645,28.9,233.1,154,4.2,7.4
2018-08-09 17:34:20.800,190.9,42.5605421034358,1.87568661229729,1.91416712043777,1.32322047565211,391.676705645749,399.712131276895,1.35036734629081,43.4,140.465871154915,20103.1166942535,0.9,79.8,43.78188,-79.4254183333333,988.1,6.54083108055975,7.33120983033816,0,38.367783226202,28.9,238,159.4,3.2,6
2018-08-09 17:34:21.800,191,42.5637378608944,1.87964799388224,1.91830613252011,1.4200642509224,391.818081011413,399.876547199449,1.44927276790738,60.1,140.42346377858,20152.4298769461,0.9,79.8,43.78188,-79.4254183333333,988,6.53651864873644,7.33154605369939,0,38.3677364663445,28.9,242.1,158.6,2.7,5.3
2018-08-09 17:34:22.800,191,42.5654497648736,1.87883389914586,1.91735957308311,1.38009935084107,391.815678668535,399.849911997075,1.40839965961959,46.6,140.486013555408,20093.1155763127,0.9,79.8,43.7818816666667,-79.4254183333333,988.1,6.53800468003417,7.33344014787942,0,38.3674298215291,28.9,233.1,150.1,3.8,8.4
2018-08-09 17:34:23.800,191,42.5665317627354,1.87780623249638,1.91631455836553,1.31137278941358,391.885128298527,399.921572152643,1.33826497760769,32.3,140.42467606078,20095.0293256578,0.9,79.8,43.7818816666667,-79.42542,988.1,6.53570002551607,7.33318653287965,0,38.3673812053356,28.9,226.7,147.8,4.3,8.7
2018-08-09 17:34:24.800,191.1,42.5610623001623,1.87806114433653,1.91637554853584,1.32006560407721,391.800302721066,399.793530948181,1.34699649467119,46.9,140.46374441199,19993.3447604229,0.9,79.8,43.7818816666667,-79.42542,988,6.53944537877609,7.3361419892653,0,38.3672531964976,28.9,238,160.4,4.6,8.9
2018-08-09 17:34:25.800,191.1,42.5501950841595,1.87820713525933,1.91640580265924,1.16742274064714,391.81795713611,399.786690616091,1.19116670266478,59.7,140.443832073778,19932.2958579759,0.9,79.7,43.7818816666667,-79.4254216666667,988.1,6.53761434120327,7.33858878802705,0,38.3674820547164,28.9,236.2,150.5,4.7,10.1
2018-08-09 17:34:26.800,191.2,42.5447927482086,1.87771908206472,1.91580523916331,1.40541503459832,392.069519672659,400.021815735027,1.43391785431527,45.1,140.491894712374,19879.5922653518,0.9,79.8,43.7818816666667,-79.4254216666667,988.1,6.53885193403051,7.33490073252005,0,38.3669011909743,28.9,228.5,150.3,5.8,11.7
2018-08-09 17:34:27.800,191.2,42.5424141343249,1.87627708286344,1.91435229612115,1.45070551159419,392.193891495727,400.152680680183,1.48014399916575,44.8,140.447127736701,19889.336140388,0.9,79.7,43.7818816666667,-79.4254233333333,988,6.54404344351461,7.33383170911491,0,38.367181535106,28.9,234.8,161.4,5.5,9.7
2018-08-09 17:34:28.800,191.2,42.5394752132489,1.87833618707846,1.91643902424969,1.14769476467417,392.075493228201,400.02887649569,1.17097642049652,41.7,140.463621814908,19881.9853672378,0.9,79.7,43.7818816666667,-79.4254233333333,988,6.53915183241299,7.33209903052494,0,38.3671144188585,28.9,237.9,154.8,5.4,12
2018-08-09 17:34:29.800,191.2,42.537739608481,1.87779631900608,1.91584719692689,1.43824787334851,392.282893952107,400.231962026581,1.46739057612178,40.1,140.475015494186,19861.1364276022,0.9,79.7,43.7818816666667,-79.425425,988,6.53815256187247,7.33426978932728,0,38.36666607189,28.9,233.4,154.3,6,11.8
2018-08-09 17:34:30.800,191.3,42.540278483833,1.87802714952755,1.91601323552711,1.347267309381,392.411422972098,400.348668248194,1.37451909173361,46.8,140.452750647423,19825.6807873531,0.9,79.7,43.78188,-79.425425,988.2,6.53924700162782,7.33154624835365,0,38.3669915533368,28.9,236.5,157.3,6.3,12.1
2018-08-09 17:34:31.800,191.3,42.5387605235083,1.87958121318867,1.91745178744321,1.39894773747635,392.754769260454,400.668193727189,1.42713306322241,36.1,140.464156032117,19750.7184305913,0.9,79.7,43.78188,-79.4254266666667,988.1,6.53696385624899,7.33191884541325,0,38.366884450688,28.9,235.1,155.4,6.2,12.3
2018-08-09 17:34:32.800,191.3,42.5429150746807,1.8782547894547,1.91601883877473,1.06058901430315,392.675982191698,400.571146148997,1.08191480940117,49.2,140.416549261548,19709.7633239279,0.9,79.7,43.78188,-79.4254283333333,988.1,6.53681585195636,7.32997782308666,0,38.3669437703411,28.8,239,161,6.1,11.8
2018-08-09 17:34:33.800,191.3,42.5432134551148,1.87707285873937,1.91484618598363,1.20130198734059,392.873932906224,400.779887059994,1.22547778713409,48.1,140.484137214752,19726.4070281142,0.9,79.6,43.7818783333333,-79.4254283333333,988.1,6.53646314781149,7.32783578890988,0,38.3666412292131,28.8,241.2,162.3,6.1,11.8
2018-08-09 17:34:34.800,191.3,42.5500107588993,1.87857712262746,1.9163251255427,1.31406381101937,392.887545680761,400.782247021771,1.34046809932614,49.6,140.425092877446,19698.0574425022,0.9,79.7,43.7818783333333,-79.42543,988.2,6.54214444027402,7.32899228305933,0,38.3666742765521,28.8,242.4,161.8,5.7,11.2
2018-08-09 17:34:35.800,191.3,42.5468023688897,1.8785902237647,1.91632035674371,1.46120706336238,392.832947518819,400.72268833448,1.49055327996995,46.1,140.483053934633,19688.5654433516,0.9,79.6,43.7818783333333,-79.4254316666667,988.1,6.53770685579188,7.33043091273994,0,38.3658064645583,28.8,238.4,157.8,5.8,10.9
2018-08-09 17:34:36.800,191.3,42.5433491121919,1.87824690276388,1.91592548669878,1.37067036834558,393.672575643263,401.56985156956,1.39816695479277,48.6,140.441729446009,19665.9301942292,0.9,79.6,43.7818766666667,-79.4254333333333,988.1,6.5386048495197,7.33063406863957,0,38.3662061775616,28.8,235,153.9,5.4,10.6
2018-08-09 17:34:37.800,191.3,42.5417593193294,1.87504453040072,1.91237568354932,1.51687698505442,393.848653584534,401.689930014439,1.5470743648633,49.3,140.498336893802,19520.8639567376,0.9,80.1,43.7818766666667,-79.425435,988.1,6.53951775887281,7.32965302606433,0,38.3664559920354,28.8,229.5,146.1,5.8,11.6
2018-08-09 17:34:38.800,191.3,42.5392832797998,1.87746922409917,1.91462935963576,1.08088845105812,393.616445651718,401.407054227661,1.10228838381081,52.5,140.430490157826,19408.3884439398,0.9,80.2,43.7818766666667,-79.425435,988.2,6.53477459218402,7.33145909049364,0,38.36648,28.8,223.9,143.1,5.8,9.7
2018-08-09 17:34:39.800,191.3,42.5396278420375,1.87783879334361,1.9148545438557,1.30117852726702,394.480405834139,402.256260178741,1.32682467688003,42.1,140.468629109037,19330.7568110936,0.9,80,43.7818766666667,-79.4254366666667,988.1,6.53701446213362,7.33391439638903,0,38.3664103451101,28.8,219.1,142,4.7,8.8
2018-08-09 17:34:40.800,191.3,42.5374449372943,1.87836725138425,1.91514010592037,1.42118633225443,394.515096904263,402.238501033719,1.44900784423104,52.5,140.465097983274,19201.015116321,0.9,79.9,43.7818766666667,-79.4254366666667,988.1,6.5348235614044,7.3319125621954,0,38.366330227093,28.8,225,141.9,4.4,8.9
2018-08-09 17:34:41.800,191.4,42.5418882611959,1.87764488631994,1.91417883490778,1.16069242430172,394.861278786552,402.544228323659,1.18328025906906,50.2,140.466342088444,19085.9863001202,0.9,79.9,43.781875,-79.425435,988.1,6.5368697619246,7.33313870125457,0,38.3661246064195,28.8,214,132,4.7,9.5
2018-08-09 17:34:42.800,191.4,42.5332116864342,1.87803724368094,1.91459767859477,1.15496459748494,395.069959214755,402.760934779492,1.17744804771913,58.2,140.45932356297,19095.4760456027,0.9,80,43.781875,-79.425435,988.1,6.54133346655757,7.3332035796244,0,38.3655934254088,28.8,209.6,135.5,4.9,8.3
2018-08-09 17:34:43.800,191.5,42.5333731859346,1.87780264260231,1.914065128579,1.44205821299621,395.404339457366,403.040014965516,1.46990061269257,70.2,140.447615128341,18945.1363886993,0.9,80,43.781875,-79.4254333333333,988.2,6.54272494635834,7.33459900252476,0,38.3653396787354,28.8,227.3,143.1,4.4,7.8
2018-08-09 17:34:44.800,191.5,42.530845263898,1.87582313689704,1.9118439481418,1.27591516719454,395.183254317426,402.771983962323,1.30041963275149,65.5,140.488010080532,18841.1010788685,0.9,79.8,43.7818766666667,-79.4254333333333,988.1,6.5433734512953,7.33735433069788,0,38.3652408494227,28.8,225.2,143.6,3.4,6.9
2018-08-09 17:34:45.800,191.6,42.5338079328653,1.8821523417282,1.91817951500239,1.2698851524371,395.785767577953,403.361652547351,1.29419265136011,66.3,140.422271197037,18781.8958501666,0.9,79.8,43.7818766666667,-79.4254333333333,988.1,6.53513197159431,7.33231876462474,0,38.3656989769892,28.9,222.9,144.3,4,8.4
2018-08-09 17:34:46.800,191.6,42.5202942758662,1.879220829469,1.91508336441097,1.55643059686276,394.898200355918,402.434354132827,1.58613196685306,67.3,140.479802853136,18726.3391697279,0.9,79.7,43.7818766666667,-79.4254333333333,988,6.54183872229897,7.33988081788718,0,38.3650163618441,28.9,225.1,141.8,4.1,8.6
2018-08-09 17:34:47.800,191.7,42.5161105649474,1.87674741850948,1.91253436425671,0.991106507058456,395.936554064062,403.486523888743,1.01000619469654,56.8,140.44877402593,18711.8194615108,0.9,79.8,43.7818766666667,-79.4254333333333,988.1,6.54219650020192,7.32842603390126,0,38.3652484132178,28.9,225.1,144.8,5.4,10
2018-08-09 17:34:48.800,191.8,42.5112436164678,1.87794667444216,1.91371386003393,1.49985557447393,395.298464926447,402.827148816677,1.52842025231663,68.2,140.503196802729,18689.7615842253,0.9,79.8,43.7818766666667,-79.4254333333333,988.1,6.53483957324383,7.32658763677546,0,38.3652523711835,28.9,223.8,143.3,4.9,9.2
2018-08-09 17:34:49.800,191.9,42.5093390412785,1.87909250371845,1.91505842935415,1.42275791817097,394.999777793063,402.560105837778,1.44998824403767,63.4,140.422886111216,18780.6528454587,0.9,79.8,43.7818783333333,-79.4254333333333,988.1,6.54125546306432,7.33059824090575,0,38.364964391949,28.9,219.8,144,3.9,8
2018-08-09 17:34:50.800,192,42.504667181901,1.87802632692495,1.91387571462792,1.46551018569268,394.331457846962,401.858812892793,1.49348431470013,54.9,140.50166474857,18731.4023661534,0.9,79.8,43.7818783333333,-79.4254333333333,988.1,6.54016058455978,7.33234654692264,0,38.3649860732059,28.9,232.8,152.2,4.8,9.9
2018-08-09 17:34:51.800,192,42.5013666516349,1.87671863255968,1.9127664685834,1.16866216081037,394.079385050959,401.648837266779,1.19110773101547,61.7,140.456634670864,18846.0522244081,0.9,79.8,43.7818783333333,-79.4254333333333,988.1,6.54190733451744,7.33065803783128,0,38.3644279392222,28.9,228.2,148.8,5.5,9.8
2018-08-09 17:34:52.800,192,42.5023607608424,1.87559344345071,1.91177639474888,1.28813857589312,394.125169238639,401.728516507706,1.31298933096485,69.1,140.482822140712,18926.6814028296,0.9,79.8,43.7818783333333,-79.4254333333333,988,6.54530256026439,7.33112481717246,0,38.3647931709939,28.9,237.3,157.3,3.9,7
2018-08-09 17:34:53.800,192,42.4953914470449,1.87837247771682,1.91476406153761,1.63596194066573,394.222362103594,401.860099214891,1.66765844828524,50.7,140.448526196893,19005.8009983004,0.9,79.8,43.7818783333333,-79.4254333333333,988.1,6.53955966113813,7.32202150192503,0,38.3644075846675,28.9,231,151.3,3.2,6.6
2018-08-09 17:34:54.800,192.1,42.4962629967756,1.87869158479766,1.91517945055616,1.49048556817562,394.029817427613,401.682766403376,1.51943390279367,56.4,140.491342799178,19052.2695528457,0.9,79.8,43.7818783333333,-79.4254333333333,988.1,6.53986869262714,7.32943083393422,0,38.3642752272019,28.9,226.3,154.3,3.5,5.8
2018-08-09 17:34:55.800,192,42.4972450931875,1.87915745303789,1.91565707881445,1.34844101418861,393.409265941756,401.050664699256,1.374632484047,60.7,140.488166634199,19053.4153745918,0.9,79.9,43.7818783333333,-79.4254333333333,988.1,6.54015374418242,7.33178701168829,0,38.3644034510898,28.9,240.2,155.1,2.7,5.6
2018-08-09 17:34:56.800,192.1,42.5076319483111,1.88003499793871,1.91659790748604,1.18083260566006,393.920798694518,401.581806003661,1.20379688069162,61.8,140.425562357646,19077.0087389968,0.9,79.9,43.7818783333333,-79.4254333333333,988.1,6.53636092556149,7.33617324049292,0,38.3641526427609,28.9,235,150.6,3,6.1
2018-08-09 17:34:57.800,192.1,42.5054051780221,1.87953384720298,1.91608174210975,1.50439285852377,393.897563348625,401.556990519586,1.53364646011644,62.5,140.479006948882,19074.196408485,0.9,79.9,43.7818783333333,-79.4254333333333,988.1,6.5470608784314,7.33262099930629,0,38.3642638769537,28.9,235,153.4,3.3,7.1
2018-08-09 17:34:58.800,192,42.5071754599371,1.88119619023422,1.91787752515979,1.24803613371566,393.764957086297,401.443025866678,1.27237097707858,63.7,140.439117697409,19126.2191295758,0.9,79.8,43.7818783333333,-79.4254333333333,988.1,6.53766869553789,7.32881367338957,0,38.3641556724038,28.9,234.9,159.8,4.4,8.7
2018-08-09 17:34:59.800,192,42.497772814646,1.8787871118651,1.91556663914364,1.17755631779008,393.310705250147,401.010175867283,1.20060877109756,41.5,140.506875664263,19200.0733359052,0.9,79.8,43.7818783333333,-79.4254333333333,988,6.53957736085636,7.33645712190458,0,38.3637957008573,28.9,242.7,162.4,4.3,7.6
2018-08-09 17:35:00.800,192,42.4976296893686,1.88139413551261,1.91828559431511,1.14554390922179,392.708863446528,400.409535489705,1.16800629859827,51.7,140.413044187322,19231.8577836415,0.9,79.8,43.7818783333333,-79.4254333333333,988.1,6.53506296567579,7.33128097747988,0,38.36379,28.9,238.8,155.8,3.7,7.6
2018-08-09 17:35:01.800,192,42.4907109542307,1.88071721601345,1.91797145523192,1.43723936772993,392.362055726719,400.134209883596,1.46570972864675,39.6,140.501630606134,19423.7190521327,0.9,79.8,43.7818783333333,-79.4254316666667,988.1,6.53113760657838,7.33100076769187,0,38.3637604734889,28.9,236.7,157.8,4.3,8
2018-08-09 17:35:02.800,192,42.4916630231781,1.87907207828479,1.91633207828479,1.18639108651694,392.227465513334,400.00489949236,1.20991561638612,43.4,140.451425262177,19443.2076452242,0.9,79.8,43.7818766666667,-79.4254316666667,988,6.5390555795199,7.33246459399274,0,38.3638977993009,28.9,235.6,155.9,3.5,7
2018-08-09 17:35:03.800,192,42.4877035816005,1.87839146578325,1.91574497067136,1.46172425942889,391.87756181624,399.670416303129,1.49079233238306,48.5,140.49558077249,19498.1555956132,0.9,79.8,43.7818766666667,-79.42543,988.1,6.53455303164571,7.33359923177551,0,38.3634177116298,28.9,252.9,173.7,4.3,8.7
2018-08-09 17:35:04.800,192,42.48032,1.880067,1.917473,1.16867,392.0688,399.8695,1.191923,53.5,140.437,19508.08,0.9,79.8,43.7818766666667,-79.42543,988,6.542344,7.329544,0,38.36337,28.9,248.4,174,4.3,8.4
2018-08-09 17:35:05.800,192,42.47929,1.876991,1.914467,1.153102,391.8057,399.6286,1.176125,49.6,140.5049,19575.53,0.9,79.8,43.7818766666667,-79.4254283333333,988.1,6.546784,7.328519,0,38.36308,28.9,260.9,176.8,4.4,9.4
2018-08-09 17:35:06.800,192,42.4758345204442,1.88159806999075,1.91939472634831,1.34807599310251,392.167434898858,400.045131806129,1.37515539831295,50.4,140.456139144155,19692.0334145193,0.9,79.9,43.7818766666667,-79.4254283333333,988.1,6.53897123148529,7.3272174064358,0,38.363231562011,28.9,249,166.5,4.9,9.1
2018-08-09 17:35:07.800,192,42.47801,1.88009,1.917865,1.201617,391.7474,399.6186,1.22576,51.4,140.4397,19696.66,0.9,79.8,43.7818766666667,-79.4254266666667,988.1,6.539553,7.32718,0,38.36333,28.9,246,161.9,4.5,8.5
2018-08-09 17:35:08.800,192,42.4666620709965,1.88140045993844,1.9193949313382,1.47731747156133,391.552211694796,399.459416571162,1.50715115499552,36.8,140.472797713043,19794.7565971554,0.9,79.8,43.7818766666667,-79.425425,988.1,6.53898621691613,7.33120001002857,0,38.3630696869362,28.9,236.6,160.1,4.4,8
2018-08-09 17:35:09.800,192,42.4679796799891,1.8821660802489,1.9202551503436,1.30379868204705,391.088202065712,399.0025203795,1.33018288103505,54.8,140.448437073404,19835.4006346201,0.9,79.8,43.7818766666667,-79.425425,988,6.53354583296524,7.33745808723032,0,38.363049051865,28.9,236.5,154.4,4.2,8.4
2018-08-09 17:35:10.800,192,42.4636581671558,1.88108480747352,1.91931097562731,1.20081956273213,391.132327342959,399.080616665674,1.2252228486176,19,140.503582242448,19916.4836614992,0.9,79.9,43.7818766666667,-79.4254233333333,988,6.53848730754335,7.33154489236876,0,38.3629906187995,28.9,233.1,148.8,4.1,8.3
2018-08-09 17:35:11.800,192,42.4653311352148,1.88215073408778,1.92063022655728,1.38395247886552,391.33436438837,399.335034315468,1.41224666963466,25.7,140.404409263243,20034.9060388121,0.9,80,43.7818766666667,-79.4254233333333,988.1,6.53754825036555,7.32963138154347,0,38.3630050801617,28.9,236.8,154.9,3.7,8
2018-08-09 17:35:12.800,192,42.4562606420941,1.88064593773562,1.91897594624806,1.38006480373084,390.987753289707,398.956726973224,1.408192571458,35.4,140.501071215028,19974.4665582936,0.9,80.1,43.7818766666667,-79.4254216666667,988.1,6.53907724771297,7.33531725599694,0,38.3627186793133,28.9,243.6,158.5,3.9,8.5
2018-08-09 17:35:13.800,192,42.4610160182998,1.88072194123576,1.9192454917172,1.29879853391792,390.887185360134,398.893789764977,1.32540311871986,26.9,140.406756891341,20072.115574513,0.9,80.1,43.7818783333333,-79.4254216666667,988.1,6.54375032212992,7.32995990262106,0,38.3632623426429,28.9,238.5,156.5,4.7,9.2
2018-08-09 17:35:14.800,192,42.4536770305118,1.88315724828423,1.92188599708841,1.53099621810479,390.96900671145,399.009599631619,1.5624814573277,30.9,140.498433126357,20151.2921016653,0.9,80.1,43.7818783333333,-79.42542,988,6.54439968284873,7.32500482432619,0,38.3621165296057,28.9,236.1,157.2,4.6,8.3
2018-08-09 17:35:15.800,192,42.4577664524844,1.8847748630972,1.92365648748914,1.28318584581972,390.07105372785,398.117857218772,1.30965676576413,32,140.438333910919,20212.2034686631,0.9,80.1,43.7818783333333,-79.42542,988.1,6.5374037137639,7.33108353988447,0,38.3623267335389,28.9,238.1,158.9,4.1,8
2018-08-09 17:35:16.800,192,42.4547716394583,1.88421081465985,1.92308088315798,1.3794948710838,390.491737060768,398.547464073468,1.40795308172007,40.7,140.50294267915,20212.5030074654,0.9,80.1,43.7818783333333,-79.42542,988.1,6.53985404106257,7.32757594320729,0,38.3623473073604,28.9,236.9,156.5,4,7.8
2018-08-09 17:35:17.800,192,42.4487158639718,1.88543982574883,1.92462885684224,1.42755561571185,389.792656016711,397.894544745529,1.45722800340107,39.9,140.461731805641,20362.0226803158,0.9,80.1,43.7818783333333,-79.42542,988.1,6.53774477765188,7.33644443496955,0,38.3621828566804,28.9,237,160.5,3.9,7.1
2018-08-09 17:35:18.800,192,42.4520060469439,1.88529258804706,1.92473242376459,1.29281490788264,390.221248322653,398.384615466159,1.3198602624635,38.8,140.439850241784,20491.1043592946,0.9,80.1,43.78188,-79.42542,988.1,6.53787319793033,7.32823336790627,0,38.3623265712988,28.9,245.4,166.6,3.3,6.3
2018-08-09 17:35:19.800,192,42.446733988423,1.88491244714607,1.92437621735992,1.22110339302526,390.151462073118,398.319902570167,1.2466688946033,52.3,140.469372138642,20507.2306879712,0.9,80.1,43.78188,-79.42542,988.1,6.540309212647,7.33805397517581,0,38.3613009957966,28.9,245,166,3.2,7
2018-08-09 17:35:20.800,192,42.4569869352514,1.88551985565743,1.92485451973097,1.16889620046433,391.16449748618,399.324562462603,1.19328024255926,45.2,140.456153820523,20434.8029203153,0.9,80.1,43.78188,-79.42542,988.2,6.53567338996575,7.32776600612785,0,38.3625114712401,28.9,249.2,168.4,3.6,6.8
2018-08-09 17:35:21.800,192,42.4533535586624,1.88695221346209,1.92635182858894,1.186918220053,391.554855311324,399.730442944648,1.21169773597972,36.9,140.461043719372,20452.9542768103,0.9,80.1,43.7818816666667,-79.42542,988.1,6.53414678974485,7.33445994029264,0,38.3616738764774,29,252.3,171.4,3.1,6.3
2018-08-09 17:35:22.800,192,42.4566535787777,1.88691756178322,1.92601289303418,1.49614338385721,392.081597219343,400.205310574229,1.52714502506224,63.1,140.417750702253,20298.8692252287,0.9,80.2,43.7818816666667,-79.42542,988.1,6.53707285810707,7.32967658262151,0,38.362112603045,29,246.2,172.3,3.4,6
2018-08-09 17:35:23.800,192,42.445911634889,1.88816159229188,1.92708620283955,1.31331102759996,392.747573428087,400.844188762775,1.34038560893899,58.8,140.490507951291,20198.9584462487,0.9,79.9,43.7818816666667,-79.42542,988,6.53769941785166,7.33178291561745,0,38.3613564827587,29,254.7,176.5,2.7,5.3
2018-08-09 17:35:24.800,192,42.4470884788642,1.88785458337405,1.92675957529625,1.34558271585968,392.993556593184,401.092314351788,1.37331356034234,73.2,140.41532123128,20191.8634263908,0.9,79.9,43.7818833333333,-79.42542,988.2,6.54225989872122,7.32843726843402,0,38.3616075979923,29,256.7,176.5,2.9,5.7
2018-08-09 17:35:25.800,192,42.4421794221411,1.89129874507512,1.93002467837123,1.25086014333599,392.537511519459,400.5751671679,1.27647289008603,52.3,140.471291582983,20065.2066387761,0.9,79.9,43.7818833333333,-79.4254216666667,988,6.53485565255272,7.33212331978019,0,38.3609055351174,29,259.5,176.5,2.9,5.6
2018-08-09 17:35:26.800,192,42.4370957478103,1.89055454769977,1.92924757453498,1.29437825023319,392.265082922348,400.293327298872,1.32086940931442,59,140.432379725961,20055.8736346733,0.9,79.9,43.781885,-79.4254216666667,988,6.53897658971322,7.33862670874937,0,38.361151883386,29,247.2,166.6,3.5,7.5
2018-08-09 17:35:27.800,192,42.4302275807139,1.88986940083424,1.92859707988934,1.19785046216228,392.368624926296,400.409127569873,1.22239815779667,60,140.49996478366,20080.7207830777,0.9,80,43.781885,-79.4254216666667,988,6.53345963145131,7.33435568080118,0,38.3611346317423,29,245.9,163.7,3.5,6.6
2018-08-09 17:35:28.800,192,42.4271729026842,1.88841251006717,1.92695043791955,1.18175395885956,392.956252516767,400.975459899323,1.20586946051964,62.6,140.422380704635,19999.1851845792,0.9,79.8,43.781885,-79.4254216666667,988.1,6.5340188875786,7.33123996811902,0,38.3608685402682,29,240.6,161.3,3.5,7.4
2018-08-09 17:35:29.800,192,42.4264783754951,1.88836245654405,1.92687682778838,1.58826391431566,392.88553957794,400.898700260926,1.62065865132337,62.1,140.456026888465,19988.0112273211,0.9,79.8,43.7818866666667,-79.4254216666667,988.1,6.53640575556227,7.33187370030795,0,38.3609979041478,29,236.7,156.8,3.7,7.1
2018-08-09 17:35:30.800,192.1,42.419624768843,1.88811435652851,1.92657260012262,1.22788921657122,392.309523521901,400.300429931197,1.2528997185341,56.5,140.465066923129,19962.1750010218,0.9,79.8,43.7818866666667,-79.42542,988,6.53422665007543,7.32956776396353,0,38.3608001538776,29,239.3,159.2,3.7,7.5
2018-08-09 17:35:31.800,192.1,42.4214572081167,1.88731010469363,1.92575057470041,1.38890346733539,392.67865445241,400.676726705858,1.41719338683123,62.8,140.46540841759,19961.3481233104,0.9,79.8,43.7818866666667,-79.42542,988.1,6.54052411106264,7.33058914880853,0,38.3605990249378,29,239,158.7,3.7,6.9
2018-08-09 17:35:32.800,192.2,42.4214986344331,1.88624705524548,1.92474787364939,1.44422025027481,392.802257942068,400.819912635061,1.47369785716755,65.4,140.46137186213,20003.0654659639,0.9,79.7,43.781885,-79.42542,988.1,6.54113880789648,7.33222975693433,0,38.3602795312029,29,241.2,162,3.6,6.5
2018-08-09 17:35:33.800,192.2,42.4281501781838,1.88855286986131,1.92721802894703,1.32024805454661,392.438193770716,400.47259464821,1.34727833798964,60.7,140.415724165352,20062.3025255379,0.9,79.8,43.781885,-79.42542,988,6.53813362286053,7.32911078264886,0,38.3600599357876,29,249,172.7,3,6.3
2018-08-09 17:35:34.800,192.2,42.4253328794793,1.88730290162184,1.92572391414976,1.31510891560308,392.128098989964,400.110993085331,1.34188137690242,65.5,140.48432478392,19951.7038399542,0.9,79.8,43.781885,-79.42542,988.1,6.53886915470524,7.33369971253779,0,38.3599689356123,29,254.2,167.9,2.9,6.1
2018-08-09 17:35:35.800,192.2,42.4316733962653,1.88736954902514,1.92575619514319,1.43031433667312,393.261491668382,401.259902600729,1.4594044981069,56,140.417932556258,19933.1521295526,0.9,79.8,43.781885,-79.42542,988.1,6.5387839208293,7.32904961904326,0,38.3598022327109,29,242.7,169.3,2.8,5.3
2018-08-09 17:35:36.800,192.1,42.4310958977556,1.88831440188401,1.92679624078,1.41783766230128,393.191303866048,401.204037708688,1.44672991670628,68,140.468248448956,19971.7530449015,0.9,79.8,43.7818833333333,-79.42542,988,6.53698180268838,7.33382719248951,0,38.3595158484139,29,256.2,176.5,3,6
2018-08-09 17:35:37.800,192.1,42.4377615038013,1.88653595211002,1.92474046583515,1.44276350309607,393.045092086288,401.004553238015,1.47197943999225,65.9,140.441854080213,19848.9026487922,0.9,79.8,43.7818833333333,-79.42542,988.1,6.5436461142804,7.32880518170895,0,38.3593714224974,29,251.4,175.9,3,5.9
2018-08-09 17:35:38.800,192.1,42.4417538005546,1.88768748816863,1.92597239889087,1.30984848411508,392.249721749054,400.205077860141,1.33641365294397,59.9,140.493939889087,19878.2320605433,0.9,79.8,43.7818816666667,-79.42542,988.1,6.53880670367666,7.32940918622765,0,38.3592975261124,29,261.7,182,3,6.1
2018-08-09 17:35:39.800,192,42.4430124109531,1.8870946212978,1.92537092373498,1.34369060316643,392.578697330326,400.541513513298,1.37094538306471,66.4,140.432395988039,19880.1974015634,0.9,79.8,43.7818816666667,-79.42542,988.1,6.53563700997533,7.32823378815503,0,38.3589118852646,29,260.8,181.1,2.8,5.8
2018-08-09 17:35:40.800,192,42.4468044867849,1.88755028001162,1.92583193251567,1.16241382213874,392.55211969628,400.513603031079,1.18599159238386,49.8,140.471234749596,19878.2316773401,0.9,79.8,43.7818816666667,-79.42542,988.1,6.53755549198454,7.33193896621386,0,38.3591802563877,29,264.5,188.9,3,6.1
2018-08-09 17:35:41.800,192,42.4413000501678,1.88685676170277,1.92523438199954,1.41418416077517,392.354477620097,400.334807882418,1.44294815529036,63.1,140.46241961226,19934.1572713744,0.9,79.8,43.7818816666667,-79.42542,988.2,6.53925564559278,7.33200165413813,0,38.3588443671613,29,269.6,193.1,3.2,5.4
2018-08-09 17:35:42.800,192,42.4406985599265,1.88451320321425,1.92286067041556,1.42847071293014,391.671801751042,399.641958327072,1.45753497221532,49.6,140.468614175801,19943.1225029192,0.9,79.8,43.78188,-79.42542,988.1,6.54200709630964,7.33667073764223,0,38.3587096191968,29,278.8,201.4,3.2,6.3
2018-08-09 17:35:43.800,192,42.4353584295804,1.88593758957743,1.92440811948877,1.04096188115818,391.0611553159,399.038282632389,1.0621968299475,65.6,140.445265660165,19990.7105862885,0.9,79.8,43.78188,-79.42542,988.1,6.54077635588357,7.33811426007385,0,38.3584347961879,29,278.2,199.9,3.1,6.5
2018-08-09 17:35:44.800,192,42.4373676147187,1.88711736045994,1.92567842331927,1.29591442523309,391.664722534312,399.668026972793,1.32239527748294,58.2,140.426391688767,20024.845828897,0.9,79.7,43.78188,-79.42542,988.1,6.53894480403221,7.32777771694914,0,38.3584152125719,29,283.7,205,3.1,6
2018-08-09 17:35:45.800,191.9,42.4300565091758,1.88699617957748,1.92568504183314,1.33331983332225,391.30604352979,399.329099977899,1.3606569473956,52.9,140.477016541278,20091.2870565662,0.9,79.8,43.78188,-79.42542,988.1,6.53964550517835,7.32641127492242,0,38.358507589474,29,281.3,199,3.5,6.9
2018-08-09 17:35:46.800,191.9,42.4308789932438,1.88577329203955,1.92452993430921,1.28174921167339,390.423890647209,398.447830846956,1.30809494497413,61.3,140.430283791248,20138.0241194581,0.9,79.8,43.78188,-79.42542,988,6.54359392217758,7.33092796893179,0,38.3586867154607,29,278.6,195.1,3.5,7.1
2018-08-09 17:35:47.800,191.8,42.4245942317957,1.88601720231316,1.92502763057598,1.35543242895068,390.248689649294,398.320685754266,1.38346762103332,51.9,140.477196200272,20264.993090615,0.9,79.8,43.78188,-79.42542,988.1,6.54215875975357,7.33282039051979,0,38.3581924558393,29,269.3,192.3,3.7,6.2
2018-08-09 17:35:48.800,191.7,42.4252345020743,1.88775865788979,1.92690608519367,1.30516851078607,390.688981212031,398.790889875697,1.33223481776574,55.6,140.44024143554,20316.2023011771,0.9,79.8,43.78188,-79.4254216666667,988.1,6.5423901158878,7.33342141064048,0,38.3580017273219,29,276.6,192.9,2.4,4.1
2018-08-09 17:35:49.800,191.6,42.4279108382986,1.88678535038563,1.9259492438822,1.37971737839654,391.494106637167,399.620307770845,1.40835823162721,57.7,140.490929982313,20334.8298598846,0.9,79.8,43.78188,-79.4254216666667,988.1,6.53976336396583,7.33489323180243,0,38.3580479847852,29,268.3,188,1.9,4.2
2018-08-09 17:35:50.800,191.5,42.4310514330973,1.88723960705161,1.92628180566048,1.2605242532425,391.986425804176,400.095684636208,1.28659768627098,53.3,140.425758439511,20268.3087858761,0.9,79.8,43.78188,-79.4254216666667,988.1,6.53872890386368,7.33354763742088,0,38.3579876103574,29.1,255.6,175.9,2.2,3.9
2018-08-09 17:35:51.800,191.4,42.433075884093,1.88602253577723,1.92477605322265,1.38450067594245,393.039581253339,401.115710466842,1.41294985808351,54.6,140.473217918402,20134.2105736907,0.9,79.8,43.78188,-79.42542,988.1,6.54090949911156,7.3289082643415,0,38.3577777942047,29.1,254.9,173.6,1.9,3.9
2018-08-09 17:35:52.800,191.4,42.4328283475128,1.88693589251755,1.92553045255015,1.35660147132442,393.407521519369,401.454159798106,1.38434909202591,65.9,140.462055758754,20043.8099067733,0.9,79.8,43.78188,-79.42542,988.1,6.54264896704177,7.33040026450944,0,38.3575584127143,29.1,247.2,165.3,2.8,5.3
2018-08-09 17:35:53.800,191.3,42.4337021204952,1.88898080484039,1.9275572832663,1.29044179304239,393.252118784527,401.283073128947,1.31679615616286,69.1,140.469948936098,20013.2366536716,0.9,79.8,43.78188,-79.42542,988.1,6.5409623301764,7.3394604672472,0,38.3569071662894,29.1,241.7,166,3,5.3
2018-08-09 17:35:54.800,191.2,42.4278960044928,1.89080040790347,1.92927715951292,1.24762649057866,394.208319485247,402.230339787688,1.27301510198868,44.8,140.454400215599,19943.8871468647,0.9,79.8,43.78188,-79.4254216666667,988.1,6.53748738065911,7.33707862814564,0,38.3568347300496,29.1,247,168.2,2.6,5
2018-08-09 17:35:55.800,191.1,42.4294292822275,1.88740987354334,1.92569636808631,1.36570982686309,394.863899542103,402.87383665236,1.39341285565634,52,140.460566715118,19881.9824929194,0.9,79.8,43.7818816666667,-79.4254216666667,988.1,6.54424832931166,7.33163580265661,0,38.357150943867,29.1,242.5,158.8,2.3,4.4
2018-08-09 17:35:56.800,191.1,42.4290803578545,1.88924247416491,1.92731684263348,1.3491233613745,395.038335344451,402.999623518345,1.37631405035546,48.3,140.474665438885,19754.9763394878,0.9,79.8,43.7818816666667,-79.42542,988.1,6.54355289311031,7.32921243108544,0,38.3570254078647,29.1,240.4,163.8,2.8,5.3
2018-08-09 17:35:57.800,191,42.4311318024272,1.89120609204276,1.92922736562798,1.26489421830661,394.624893391006,402.558466797742,1.2903218965973,44.7,140.429654774496,19707.9061761646,0.9,79.8,43.7818816666667,-79.4254216666667,988.1,6.53799724333754,7.33281086074208,0,38.3566361247392,29.1,242.6,157.7,2.8,5.3
2018-08-09 17:35:58.800,191,42.4228788545908,1.88826379568555,1.92613473725802,1.44890868604844,394.543990123727,402.45695506721,1.47797130640317,42.1,140.477429718666,19661.6363686924,0.9,79.8,43.7818816666667,-79.42542,988.1,6.54096893463007,7.33296196176855,0,38.3561152931895,29.1,234.2,158.2,2.8,6.1
2018-08-09 17:35:59.800,191,42.4179251321017,1.89125143415344,1.9291059405523,1.33343961038985,394.052453480946,401.939608868321,1.36013405844607,55.7,140.457226145627,19622.7861373781,0.9,79.9,43.7818816666667,-79.42542,988,6.54138309804513,7.33183102835031,0,38.3561512735653,29.1,231.2,159.1,4,6.9
2018-08-09 17:36:00.800,191,42.4159847022367,1.89069853622193,1.92870187422876,1.5199581393498,393.34813916373,401.254653872853,1.55050723702497,70.1,140.486913061921,19704.3640709018,0.9,79.9,43.7818816666667,-79.42542,988.1,6.54004921325473,7.33418402842657,0,38.3560151570075,29.1,248.5,169.1,3.6,7
2018-08-09 17:36:01.800,191,42.4198722237622,1.8933054508731,1.93148699841169,1.28381142354517,393.329888618646,401.262136177475,1.30969972329918,64.3,140.441806146937,19768.209337657,0.9,79.9,43.7818833333333,-79.42542,988,6.5391382484774,7.32869499881633,0,38.3561546274002,29.1,253.4,170.1,3.2,5.4
2018-08-09 17:36:02.800,191,42.4194749167626,1.89284783635167,1.93111612103391,1.05329941759454,392.488839248116,400.423970601904,1.07460227483955,66.3,140.496538069307,19816.8771795748,0.9,79.8,43.7818833333333,-79.42542,988,6.53988136894648,7.32872335625603,0,38.3556449167626,29.1,241.5,161,3.5,7.3
2018-08-09 17:36:03.800,191,42.4206852590798,1.88899633987324,1.92735781220446,1.28396006550885,391.587166905622,399.539572439378,1.31003501937764,65.9,140.465038736291,19903.8537450951,0.9,79.9,43.7818833333333,-79.4254216666667,988.1,6.54431289231869,7.32874727724157,0,38.3554727668779,29.1,241.9,159,3.7,6.8
2018-08-09 17:36:04.800,191.1,42.4239877171877,1.88883919334389,1.92731036442876,1.26970432553256,391.367989691672,399.339199250814,1.29557207297536,54.8,140.464910697306,19961.1261950765,0.9,80.2,43.7818833333333,-79.4254216666667,988,6.53959938755215,7.32803212469397,0,38.355642746002,29.1,239.8,158.7,4.1,7.9
2018-08-09 17:36:05.800,191.1,42.4240529617569,1.88828633536322,1.92705410199015,1.38918087031363,390.543376599446,398.561489197575,1.41770189964231,50.3,140.464458406089,20117.6978119938,0.9,80.3,43.781885,-79.4254216666667,988.1,6.53800448420746,7.33212108584933,0,38.3555806443507,29.1,233.5,147.8,4.1,9.2
2018-08-09 17:36:06.800,191.1,42.4296459159519,1.88718124675036,1.92609593591611,1.41698151270731,390.031556506624,398.074292514419,1.44620464468139,65.8,140.48299634929,20204.0815677661,0.9,80.4,43.781885,-79.4254216666667,988,6.54057639579918,7.32940343165138,0,38.3550759448464,29.1,234.5,156.5,4.3,8.9
2018-08-09 17:36:07.800,191.1,42.4361548559871,1.88795769964928,1.92711606727244,1.43073995435786,390.140727330728,398.232651783887,1.46041655487105,64.6,140.472299160775,20319.5284003633,0.9,80.5,43.781885,-79.4254216666667,988.1,6.53877964937648,7.32820894418087,0,38.3548969645374,29.1,239.8,157.6,4.2,7
2018-08-09 17:36:08.800,191,42.4450480128011,1.88908489769459,1.92823089992739,1.27498299842223,389.892606868531,397.971985856751,1.3014019016459,50,140.433426347131,20301.3390211832,0.9,80.5,43.7818833333333,-79.42542,988.1,6.53876751984046,7.33103414959812,0,38.3555484247012,29.1,234.1,152.6,4,8.4
2018-08-09 17:36:09.800,191,42.4420053883615,1.88569077722975,1.92494317866849,1.26339652967887,389.876186027879,397.991876829321,1.28970009384952,57.6,140.477782775059,20391.4309518668,0.9,80.1,43.7818833333333,-79.4254216666667,988,6.54276948480098,7.33041665666309,0,38.355160700913,29.1,232.6,151.2,4.5,9.2
2018-08-09 17:36:10.800,190.9,42.4450435983766,1.88755119487663,1.92701694987892,1.37314208725933,390.152196332018,398.309764673025,1.40185280787292,64.7,140.462440954417,20480.3833952304,0.9,80.3,43.7818833333333,-79.4254216666667,988.1,6.5397778237797,7.32876537181695,0,38.3549541329726,29.1,235.4,155.8,4.4,8.4
2018-08-09 17:36:11.800,190.9,42.4429606040514,1.88643930636604,1.92582941513945,1.3441312604328,390.013862834594,398.157663490691,1.37219854386066,59.8,140.482133862838,20453.7830912922,0.9,80.5,43.7818833333333,-79.4254216666667,988,6.53999410823087,7.33189601686929,0,38.354718638976,29,241.3,169.1,3.6,6.8
2018-08-09 17:36:12.800,190.9,42.4397088027566,1.88694056812485,1.92638253205667,1.24753582056297,390.012697318853,398.165133514721,1.27360813998243,60.5,140.451526900258,20474.8437990632,0.9,79.9,43.7818833333333,-79.4254216666667,988,6.53938906953929,7.33453521456636,0,38.3546626045702,29,248.7,165.7,4.1,7.8
2018-08-09 17:36:13.800,190.9,42.4400622470577,1.88763179678552,1.92722199463781,1.17199333103817,390.603776981863,398.796150929878,1.19657330861538,63.6,140.492644763359,20542.6549779883,0.9,79.5,43.7818833333333,-79.4254216666667,988,6.53650592936003,7.330569354585,0,38.3547426857732,29,244.9,161,4.4,8.8
2018-08-09 17:36:14.800,190.9,42.4440933210566,1.88666321914501,1.92623564430822,1.25867562062433,390.789008054388,398.985765931169,1.28507542377851,65.7,140.459426631724,20543.9324530496,0.9,79.4,43.7818833333333,-79.4254216666667,988.1,6.53500093886321,7.32775466342044,0,38.3543262228046,29,242.1,161.9,4.4,9.7
2018-08-09 17:36:15.800,190.9,42.4473957687681,1.88575920038479,1.92538433532642,1.22474671817124,390.147250406649,398.345395780704,1.25048156264682,58.7,140.459140954703,20580.5068045765,0.9,79.3,43.7818833333333,-79.4254216666667,988.1,6.54049778529561,7.3291238980368,0,38.3542668120108,29,250,176.4,5.4,10.5
2018-08-09 17:36:16.800,191,42.4442835668722,1.88577451734076,1.92536189745907,1.26199464111432,390.424725797364,398.620858194997,1.28848673460708,54.2,140.464284908949,20561.1874585371,0.9,79.4,43.7818833333333,-79.4254216666667,988.1,6.54010223512727,7.32919516227864,0,38.354275227932,29,261.3,182.2,4.9,9.2
2018-08-09 17:36:17.800,191,42.4442647324417,1.88571264983588,1.92534332560268,1.27343957938673,390.140505449661,398.33997592856,1.30020267534252,54,140.469678795547,20584.0376964851,0.9,79.5,43.7818833333333,-79.4254216666667,988.1,6.54381362060532,7.32929336794263,0,38.3544167857772,29,264.9,186.2,5.2,11.3
2018-08-09 17:36:18.800,191,42.4464366016219,1.88699660170368,1.92679594978534,1.3185192329774,389.998322293052,398.224008328158,1.34633224747521,64.6,140.445567048745,20655.9506907778,0.9,79.6,43.7818833333333,-79.4254233333333,988,6.54006974495663,7.32728870364587,0,38.3539140805304,29,264.5,176.9,5.8,10.8
2018-08-09 17:36:19.800,191,42.4528214236361,1.88549197104804,1.92540991744577,1.25466522503162,389.921928102709,398.176891653163,1.28122839345159,296.5,140.438809606066,20731.9573220034,0.9,82.2,43.7818833333333,-79.4254233333333,988.1,6.5430892729818,7.3274783971139,0,38.3539944232463,29,257.9,180.3,5.9,12.4
2018-08-09 17:36:20.800,191,42.4521140504723,1.8856597786034,1.92560918514718,1.083314031458,389.485753161237,397.737182829569,1.10626816252027,58.5,140.464427399244,20746.0768553718,0.9,82.9,43.781885,-79.4254233333333,988.1,6.54325137358227,7.33088095126685,0,38.3543209130096,29,264,176.6,6.3,10.8
2018-08-09 17:36:21.800,191,42.4546910234081,1.88581236608626,1.9257451507896,1.24485471897386,389.991032512197,398.249116820855,1.27121599006811,75.5,140.447657090358,20736.1290228714,0.9,81.9,43.781885,-79.4254233333333,988.1,6.53744771869887,7.3327284246052,0,38.353947086282,29,256.6,174.7,5.1,10.7
2018-08-09 17:36:22.800,191,42.4508490758996,1.88360719600522,1.92339501251646,1.16769597797625,390.570654966542,398.820770013128,1.19235915267829,72.3,140.478376777672,20686.2860692039,0.9,80.5,43.7818833333333,-79.425425,988.1,6.54201734193842,7.33126740213464,0.1,38.353544252996,29,256.5,177.4,5.5,9.7
2018-08-09 17:36:23.800,191,42.4503286473891,1.88505968988692,1.92495344466219,1.06908108832037,390.84589810637,399.117410720382,1.09170643352862,74.9,140.456493615319,20724.6175632877,0.9,79.9,43.7818833333333,-79.425425,988.2,6.5435308699466,7.32748487075288,0.1,38.3537614730666,29,256.8,177.4,5.2,10.5
2018-08-09 17:36:24.800,191,42.4527006452053,1.88687255680363,1.92673723062831,1.18069404902113,390.940477339852,399.200001302671,1.20563411071836,64.7,140.474371888458,20690.1673694484,0.9,79.7,43.7818833333333,-79.425425,988.1,6.53563359069134,7.33064299753244,0,38.3538459150121,29,256.1,172.7,5.8,11.7
2018-08-09 17:36:25.800,191,42.4589718347092,1.88676589815416,1.9265415453112,1.39814972024859,391.206113189871,399.453184723124,1.42762440144699,79.8,140.433071134403,20645.8888015954,0.9,75.7,43.7818833333333,-79.425425,988.1,6.53809817391708,7.33155743252017,0.3,38.3535101818013,29,249.9,174.3,5.9,10.1
2018-08-09 17:36:26.800,191,42.4631602419961,1.88635886995198,1.9260638429114,1.36977941870769,391.668580332431,399.912556706153,1.39861378764733,85.2,140.455769968698,20614.4595365114,0.9,68.9,43.7818833333333,-79.425425,988,6.54203386982346,7.33132092966365,2,38.3535017734171,29,247.9,181.8,5.5,9.4
2018-08-09 17:36:27.800,191,42.4605616799008,1.88441867856192,1.92401143710016,1.23744602982907,391.679104611217,399.908541882817,1.26344501806172,80.6,140.461659131353,20578.3208036003,0.9,67.6,43.7818833333333,-79.425425,988.1,6.54542829283254,7.33097903252527,2.5,38.3533592576295,29,253.5,187.1,5.5,9.4
2018-08-09 17:36:28.800,190.8,42.4595273720292,1.88601317307509,1.92563645552307,1.20798106428403,391.811541627892,400.043117461134,1.23335913313255,74.7,140.46922031339,20576.8013306281,0.9,63.2,43.781885,-79.4254116666667,988.2,6.53841484413067,7.32969357672483,3.8,38.3535832496303,29,261.9,205.3,5.1,7.7
2018-08-09 17:36:29.800,190.7,42.4572755625412,1.88521259484771,1.92474667427574,1.31308014677693,391.759212409099,399.974653777125,1.34061519165763,71.8,140.44236765166,20539.8947377132,0.9,69,43.78189,-79.4253933333333,988.2,6.53935455379553,7.33274481655151,5,38.3532301778949,29,261.7,177.5,5.7,8
2018-08-09 17:36:30.800,190.6,42.4595906737425,1.88530631451876,1.92487388633894,1.28387680935342,391.888286226448,400.112976023655,1.31081406468716,75.3,140.441680529289,20555.9204484519,0.9,75.1,43.781895,-79.42537,988,6.54176821579456,7.33170564422012,6.2,38.3528012494289,29,253.2,181.5,5.1,6.8
2018-08-09 17:36:31.800,190.5,42.4666969486309,1.88456190394055,1.9241292064528,1.24421132940387,391.958604051432,400.18790362874,1.27032070765987,75.9,140.460883654888,20563.7552743942,0.9,73.5,43.7819,-79.4253433333333,988.1,6.54059191730291,7.32951469147039,7.4,38.3528796613377,29,263.4,190.4,5.8,7.7
2018-08-09 17:36:32.800,190.7,42.4716539488573,1.8845984402049,1.92403270187482,1.37568639940214,392.299540456889,400.508214255886,1.40446914061292,76.3,140.436584991704,20495.7553596578,0.9,74.4,43.7819066666667,-79.4253116666667,988.1,6.54110753680574,7.32656707379189,8.1,38.3533158330499,29,262.9,189.5,5.9,6.4
2018-08-09 17:36:33.800,191,42.4659808729902,1.88558796744062,1.92503995567972,1.19884470829806,391.561091313474,399.753737776124,1.2239307987542,77.7,140.45338889976,20494.2200820043,0.9,75.1,43.7819116666667,-79.4252766666667,987.9,6.53989798740196,7.33373597749687,8.8,38.3531316853604,29,260.2,193,5.4,5.4
2018-08-09 17:36:34.800,191.1,42.4647428366359,1.88616095218788,1.9255214525078,1.25007232194044,391.330810842099,399.497235213616,1.27615893607852,75.7,140.46037737461,20441.6063634676,0.9,72.2,43.7819166666667,-79.4252416666667,988.1,6.53687093756444,7.33376059072271,9.4,38.3527713410733,29,263.7,195.3,5.4,5.5
2018-08-09 17:36:35.800,190.8,42.4628233676936,1.88453762220767,1.92380405741956,1.21517075279414,391.513040555979,399.670694258044,1.24049810478158,75.2,140.471569541135,20410.8830687636,0.9,71.9,43.7819233333333,-79.4252083333333,988.1,6.53891201220849,7.32968383719605,10,38.3530212978562,29,260.7,197.1,5.2,4.8
2018-08-09 17:36:36.800,190.9,42.4643628096645,1.8840929014541,1.92330291496674,1.15332360423642,392.119939277435,400.280375974715,1.1773295643803,73.5,140.442695410521,20386.7352924482,0.9,71.7,43.7819316666667,-79.42517,988.1,6.53976437093027,7.32701147094071,10.3,38.3529011120585,29,260.7,193.8,4.9,3.9
2018-08-09 17:36:37.800,191,42.4658596243909,1.88505594116839,1.92418161669785,1.45500407383811,392.828676580753,400.982190213631,1.48519920461943,74.4,140.468767021178,20333.8529995027,0.9,74.2,43.78194,-79.4251333333333,988.1,6.54054184986375,7.32422501583064,10.5,38.3523244631747,29.1,258.4,191.6,4.7,3.8
2018-08-09 17:36:38.800,191,42.4695357873728,1.88491753249361,1.92378876846135,1.44594185367903,393.021148660338,401.126185289901,1.47576243309006,74.4,140.461790397602,20205.6362257312,0.9,73.9,43.781945,-79.4250966666667,988,6.54149028990765,7.32822725738862,10.7,38.3523479560802,29.1,258.2,184.6,5,4.1
2018-08-09 17:36:39.800,191,42.4713569445565,1.88482948475648,1.92357561329136,1.32652100019173,393.032553397416,401.112024201734,1.35379181253517,75.2,140.462894050677,20142.6069813919,0.9,76.4,43.78195,-79.42506,988.1,6.54153440726506,7.32896261109402,10.7,38.3525547410938,29.1,252.5,173.1,5,3.8
2018-08-09 17:36:40.800,190.9,42.4707010907313,1.88457184526849,1.9232405265563,1.27761726169663,392.903399387319,400.965209701465,1.30383260530636,75.8,140.455789073172,20106.006909659,0.9,78,43.7819583333333,-79.4250233333333,988,6.54484244163874,7.32783656589272,10.7,38.3524027504391,29.1,254.3,183,4.6,4
2018-08-09 17:36:41.800,190.7,42.4703148396621,1.88444923577346,1.92303556788346,1.24903748145462,392.837940197365,400.881760726823,1.27461516337542,76.3,140.468835189208,20065.3177026819,0.9,76.5,43.7819616666667,-79.42499,988.1,6.54219334898223,7.32834642256149,10.5,38.3521271143733,29.1,256,187.7,5.1,4.4
2018-08-09 17:36:42.800,190.8,42.4722493402129,1.8853546751148,1.92381407889748,1.28494740345597,393.116201206492,401.135351921672,1.31115652162183,74.1,140.454227964111,19991.2059339091,0.9,72.3,43.78197,-79.4249533333333,988,6.53817903325484,7.3306159428045,10.5,38.3524236825132,29.1,259.9,184.5,4.5,3.1
2018-08-09 17:36:43.800,191.1,42.4777572482871,1.88488816730397,1.92317172508103,1.38241856544429,393.604001203481,401.598466743013,1.41049711169116,72.1,140.44412959217,19906.6673948443,0.9,72.9,43.7819766666667,-79.42492,988.1,6.53985626595106,7.33099719832298,10.1,38.3521893184774,29.1,253.5,206.6,4.3,3.5
2018-08-09 17:36:44.800,190.8,42.4783631501659,1.88385796576014,1.92202020173181,1.36691433861892,393.714558094714,401.690310900381,1.39460492093923,71.9,140.461628320801,19855.4952414722,0.9,75.7,43.781985,-79.4248883333333,988.1,6.54261140965076,7.32571797886165,10,38.3521133736662,29.1,264.5,201.9,4.8,4.9
2018-08-09 17:36:45.800,190.7,42.4836246629899,1.88198686045824,1.92006425706038,1.26192624607077,393.555757130704,401.518412473637,1.28746116774978,73.2,140.464120405669,19831.3277336505,0.9,74.2,43.7819883333333,-79.4248533333333,988.1,6.54523864459418,7.32772944793992,9.8,38.3524815020172,29.1,268.7,206.8,4.9,4.2
2018-08-09 17:36:46.800,191.2,42.4866736887265,1.88299978404147,1.92102946644467,1.31045137220003,393.266699322884,401.209185182393,1.33691765159771,73.5,140.46626778891,19796.4430946432,0.9,76.5,43.782,-79.4248216666667,988,6.5408956135365,7.33717916194233,9.8,38.3523020081325,29.1,262.6,201.9,4.6,4.3
2018-08-09 17:36:47.800,191.7,42.4897171178584,1.8858937607276,1.92399070170886,1.43347250743205,393.091798334367,401.032618924555,1.46243009140363,76.1,140.461774063149,19801.0482505611,0.9,79.5,43.782005,-79.42479,988,6.53469147999342,7.3328486336928,9.6,38.3519881262445,29.1,259.1,192.9,4.7,4.6
2018-08-09 17:36:48.800,192.2,42.495856694764,1.88693919115705,1.92498938191867,1.2095410067835,392.813146931151,400.734375413024,1.23394071871368,77.5,140.482551294762,19766.7308054535,0.9,73.5,43.7820066666667,-79.4247566666667,987.9,6.53512510972924,7.32955804518883,9.8,38.3522039868547,29.1,265.3,196,4.9,4.3
2018-08-09 17:36:49.800,192.4,42.5000408718213,1.88636826856628,1.92436654064251,1.08258241259147,392.555183630721,400.462781651193,1.10439241289484,75.9,140.459792208331,19746.1025732829,0.9,70.3,43.7820133333333,-79.4247233333333,988,6.53827862459795,7.33191208452196,10.1,38.3523477326981,29.1,260.5,188.7,4.9,4.4
2018-08-09 17:36:50.800,192.7,42.4982980946207,1.884499726141,1.92255367169435,1.21830553909229,392.399960442361,400.323756267443,1.24290800181279,75.7,140.459154809791,19793.3732647725,0.9,71,43.7820183333333,-79.4246866666667,988,6.53860579120344,7.33177561864554,10.3,38.3519924137844,29.1,256.8,179.2,5.1,5.1
2018-08-09 17:36:51.800,192.7,42.4957503281727,1.88346106934626,1.92160693683822,1.28716733117136,392.454264457766,400.40259071158,1.3132370958751,74.7,140.466290030922,19850.7853559197,0.9,72.1,43.782025,-79.42465,988.1,6.54179078079744,7.33143112508718,10.5,38.3523290092871,29.1,262.5,206.8,4.8,3.8
2018-08-09 17:36:52.800,192.8,42.4955750593956,1.88433554216357,1.92259653967042,1.32563552026526,392.720631778004,400.694680700084,1.35255149797356,75.3,140.487098724094,19900.5982826594,0.9,74.2,43.7820333333333,-79.4246133333333,988,6.53938321091448,7.32782656328202,10.7,38.3521750608622,29.1,263.8,200.1,4.8,3.9
2018-08-09 17:36:53.800,192.6,42.5036763050993,1.88369632590225,1.92192172507567,1.32413882386652,392.932517948285,400.90615306436,1.3510089445665,75.9,140.453569050655,19889.1005114693,0.9,77.2,43.7820416666667,-79.4245766666667,988,6.53841293332002,7.32981363610245,10.9,38.3519152976785,29.1,257.9,172.1,5,4.2
2018-08-09 17:36:54.800,192.5,42.5122892202641,1.88490114191294,1.92303598524797,1.26894998839469,392.729242152539,400.674877869655,1.29462472753811,75.1,140.452234818011,19830.6747722881,0.9,72.9,43.7820483333333,-79.4245416666667,988.1,6.5405439967886,7.32964175317766,10.7,38.3522143765702,29.1,247.2,162.6,5.6,5.5
2018-08-09 17:36:55.800,192.7,42.5144522466589,1.8860879072455,1.92410770173469,1.29036665412573,393.032624308897,400.955420360023,1.31637563209862,73.1,140.45157466015,19759.8144299226,0.9,74.8,43.7820566666667,-79.4245066666667,988,6.54203728025468,7.32559485029512,10.7,38.3524802722217,29.1,242.8,155.1,5.9,5.8
2018-08-09 17:36:56.800,192.8,42.5130404814983,1.88501818947141,1.92305467791003,1.21763507372114,393.241900353317,401.176822034508,1.24219773530715,73.5,140.462354679047,19779.1630822098,0.9,76,43.7820633333333,-79.4244716666667,988.1,6.54296935990008,7.32502319627406,10.5,38.3521758351465,29.1,244,157.7,5.1,4.4
2018-08-09 17:36:57.800,192.7,42.511860886459,1.88331829716971,1.92151043344015,1.18233663370806,392.608401442234,400.570137891072,1.20631707777182,74.7,140.464815911532,19876.0057581665,0.9,76,43.78207,-79.4244383333333,988,6.54178604363955,7.32977422123304,10.5,38.3521967873403,29.1,252.6,182.9,4.8,3.7
2018-08-09 17:36:58.800,192.4,42.5121673945489,1.88395062051395,1.92231275154041,1.36788912889589,391.912676346487,399.89296746112,1.39574671930723,74.8,140.470541416579,19956.0500912358,0.9,72.6,43.7820766666667,-79.424405,988.1,6.53892380112956,7.33432244731469,10.5,38.3522725752948,29.1,255.4,179.2,5,4.2
2018-08-09 17:36:59.800,192.4,42.5099615283247,1.88425030087666,1.92264562959151,1.35721679326837,392.016026164342,400.004051947148,1.38487487563682,73.4,140.478640693179,19969.8547463998,0.9,77.2,43.7820866666667,-79.4243733333333,988.1,6.53898084140634,7.33102556993167,10.3,38.3519521638913,29.1,250.3,164.8,4.9,3.6
2018-08-09 17:37:00.800,192.2,42.5102043684556,1.88349742407604,1.92175915792258,1.30751393197575,392.638314568211,400.614395652891,1.33407329650931,74.8,140.45593963844,19909.5823879011,0.9,77,43.7820933333333,-79.4243416666667,988.1,6.538674133478,7.33102620513342,10.1,38.3522171930753,29.1,247,160.4,4.8,4.1
2018-08-09 17:37:01.800,191.8,42.5091063561753,1.88247220074684,1.92063327935775,1.32482001843909,392.66479280771,400.624913452041,1.35167686651284,76.4,140.460642953289,19869.1810692433,0.9,80.7,43.7821016666667,-79.42431,987.9,6.53976828693201,7.33524279853582,10,38.3524464589223,29.1,246.9,155.8,5.4,5.4
2018-08-09 17:37:02.800,191.8,42.512185083303,1.88343955375536,1.92156143834153,1.26862328252615,392.720333364714,400.669330854548,1.29430220999003,79.5,140.466211326994,19839.284490135,0.9,86.1,43.7821066666667,-79.4242766666667,988.1,6.54210615110042,7.33409557099347,9.8,38.3523778279512,29.1,244.8,145.6,5.6,6
2018-08-09 17:37:03.800,191.9,42.5157149364031,1.88373724798337,1.92179768174954,1.17194540120747,392.952422471645,400.891867312985,1.19562509631901,81.9,140.467328408083,19804.5911230265,0.9,85.3,43.782105,-79.4242433333333,988,6.54339775573944,7.327495668919,9.8,38.3521511974827,29.1,247.8,179.2,5.3,4.2
2018-08-09 17:37:04.800,191.8,42.5197456246351,1.88246756468486,1.92062572976645,1.14057879572965,392.668830049028,400.628230691666,1.16369965907085,83.4,140.432788199528,19867.4085447644,0.9,86.1,43.782105,-79.42421,988,6.54444700222134,7.32955406650578,9.6,38.3523333745228,29.1,271.6,204.9,4.4,3.5
2018-08-09 17:37:05.800,191.8,42.5211817125457,1.883076280836,1.92126622010899,1.24908110754678,392.22871730412,400.183343244454,1.27440932292741,84.7,140.454574605989,19877.4815139956,0.9,89.4,43.7821083333333,-79.4241766666667,987.9,6.54234984702738,7.33377192162257,9.8,38.3523852889263,29.1,272,188.5,4.5,3.9
2018-08-09 17:37:06.800,191.9,42.5232808474297,1.88527543746582,1.92348470077113,1.27389284674098,392.729256204269,400.688811952022,1.2997100147355,90.6,140.448915031469,19864.6809352818,0.9,95,43.7821066666667,-79.4241416666667,987.9,6.53859066290165,7.33188064596754,9.6,38.3520980039289,29.1,272.6,175,4.7,3.5
2018-08-09 17:37:07.800,192,42.5264048037877,1.8850949431841,1.92320698839826,1.18284652500901,393.109294190433,401.056980046096,1.20676370953412,93,140.447879423299,19816.7582289876,0.9,96.9,43.7821066666667,-79.4241066666667,988.1,6.53926925874363,7.32786791614133,9.4,38.3522430677358,29.1,260.6,144.3,4.7,4.9
2018-08-09 17:37:08.800,192.1,42.5282254248986,1.88619416217063,1.92427623319815,1.19416867539238,393.213451531359,401.152436727977,1.21828014667526,97.5,140.452156731257,19790.3896992664,0.9,115.9,43.7821016666667,-79.424075,988,6.53787345859205,7.3274179840583,8.8,38.3525596339919,29.1,249.6,114.9,5.1,6
2018-08-09 17:37:09.800,192.2,42.5313870309103,1.88478374602456,1.9228635515089,1.23385748721401,392.911541276149,400.850022276473,1.25878673503163,112.5,140.47532026286,19804.0861220183,0.9,158.6,43.78209,-79.4240483333333,987.9,6.53853277579924,7.33223785046256,7.9,38.3525498675158,29.1,225.9,67.5,4.7,9.9
2018-08-09 17:37:10.800,192.3,42.536911095496,1.88420926116109,1.92222477737503,1.27619370789661,393.13896660378,401.071030387969,1.3019419269958,148.5,140.464609991557,19777.263941169,0.9,199.4,43.782065,-79.42404,987.9,6.54160518530844,7.32905445958501,6.6,38.3525690135351,29.1,212.2,29.2,3.9,8.3
2018-08-09 17:37:11.800,192.4,42.5431205669433,1.88548459504377,1.92342884618587,1.36333794975019,392.878839359515,400.785323175068,1.39077312460974,175.4,140.430720247811,19727.4715823996,0.9,207.3,43.7820383333333,-79.4240366666667,988,6.54126462743891,7.32877582154731,7.5,38.3530177710098,29,217.1,29.1,2.5,10.3
2018-08-09 17:37:12.800,192.7,42.5416568283502,1.88594507002469,1.92400429082503,1.30789396590929,392.171663253175,400.085901035321,1.33428306743376,185,140.454304229314,19781.3966704954,0.9,189.9,43.7820166666667,-79.42404,987.9,6.53876709667061,7.3304469043144,7.9,38.3532027660297,28.9,233.8,31.2,4.5,10.6
2018-08-09 17:37:13.800,192.5,42.5401487140991,1.88444471426839,1.92257822208977,1.17128095093454,392.145534308843,400.080980963734,1.19498343842512,182.9,140.451212903167,19834.6381016357,0.9,168.7,43.7819933333333,-79.4240466666667,987.9,6.54021969748852,7.33058419195966,8.3,38.3526295916911,28.8,224.7,23.6,1.8,6.9
2018-08-09 17:37:14.800,192.7,42.5326711780504,1.88315173909321,1.9213922844678,1.11036847451404,392.087887360525,400.049803977209,1.13291591829466,169.7,140.455246783754,19902.2770216088,0.9,122,43.781975,-79.42404,988,6.54020088632146,7.33221731350732,7.4,38.3530004101187,28.8,260.3,72.5,2.6,5.5
2018-08-09 17:37:15.800,192.7,42.5242678354994,1.88264937964298,1.92094750442018,1.23085478038819,391.62956267253,399.596317432622,1.25589301939147,145.1,140.434654345392,19937.0505318549,0.9,97.6,43.7819683333333,-79.424025,987.8,6.53897419633309,7.33174784797621,6.6,38.3533214784096,28.8,283.2,118.3,3.3,4.4
2018-08-09 17:37:16.800,192.7,42.5126068030001,1.88320892812971,1.92156195958087,1.39010316659019,391.290960253685,399.259872401779,1.41841564873439,124.8,140.463530932314,19959.2610770838,0.9,95,43.781965,-79.424005,987.9,6.5400699044612,7.32894901620647,6.1,38.35322,28.8,275.9,135.2,3.8,4.5
2018-08-09 17:37:17.800,192.4,42.5028128437273,1.88404155590478,1.922537455211,1.43490570145794,391.583624447079,399.584664655596,1.46422419462875,116.8,140.449859420957,20023.3468348083,0.9,101.2,43.7819616666667,-79.42399,987.9,6.54044711874737,7.32418221479045,5,38.3531704537033,28.8,260.5,136.3,3.2,4.5
2018-08-09 17:37:18.800,192.5,42.4982459922382,1.88444851026571,1.92298900305154,1.40776666244007,391.904817075206,399.920053673435,1.43655838253022,114.8,140.452655932208,20042.0863046856,0.9,109.8,43.7819616666667,-79.4239816666667,987.9,6.53886459262312,7.32507559882624,2.5,38.3535464844606,28.9,263.7,144.8,3.8,6.5
2018-08-09 17:37:19.800,192.7,42.4962885293349,1.88350633894178,1.92208704942909,1.43255949472231,391.661535602852,399.684093187194,1.46190399167106,113,140.469781479383,20072.3046944436,0.9,106.2,43.781975,-79.4239833333333,987.9,6.53935058159695,7.32337762937003,0.9,38.3535147471886,29,244.3,133.1,3.4,6.2
2018-08-09 17:37:20.800,192.9,42.5005446230087,1.88354291195112,1.9220872942869,1.35242940161995,391.928224067291,399.948537510741,1.3801078464312,104.2,140.458983190827,20053.4280145695,0.9,104.7,43.7819833333333,-79.4239783333333,987.9,6.5446288666931,7.32667703923501,0.3,38.3534859244073,29,241.7,136.7,2.5,4.9
2018-08-09 17:37:21.800,193.1,42.5025962986127,1.8842046656243,1.92269675698416,1.28699055073337,391.854125813304,399.859188564466,1.31328232729217,94.5,140.461339415352,20019.6816444083,0.9,103.2,43.7819883333333,-79.4239716666667,988,6.54158349591399,7.33224881494793,0.1,38.3535763221092,29,247,148.6,2.9,5.6
2018-08-09 17:37:22.800,193.1,42.5026175571225,1.88350310719364,1.92188265555572,1.38123601069926,391.885428142638,399.870689547759,1.40937799109592,96.7,140.457110776809,19969.6226959257,0.9,102.7,43.7819916666667,-79.42397,987.9,6.5442842075656,7.32990084804182,0.1,38.3537774390717,29,252.4,143.6,2.5,4.7
2018-08-09 17:37:23.800,193.2,42.4998505083866,1.88390266108053,1.92236181598421,1.25791048007746,392.031075418588,400.034219816399,1.2835839838815,100.7,140.48515745599,20006.1765368009,0.9,101.9,43.7819933333333,-79.42397,988,6.54411597070997,7.32741325299204,0.1,38.354170923045,29.1,246.6,145.5,2.9,5.7
2018-08-09 17:37:24.800,193.7,42.5002537916898,1.88383974705099,1.92230499974546,1.28079381700288,392.248865230729,400.258139083777,1.30694471561426,84,140.444463373904,20010.2620792837,0.9,101.6,43.781995,-79.423965,988,6.54030618436971,7.32703348357861,0,38.3540854900963,29.1,253.8,149.8,3.1,6.9
2018-08-09 17:37:25.800,194.1,42.5015478450701,1.88385105645186,1.92225884324291,1.42095729792553,391.909958603525,399.900280792352,1.44992771912651,21.6,140.475268283136,19980.712862979,0.9,101.5,43.781995,-79.4239633333333,987.9,6.54253433486466,7.32682300548167,0,38.35396,29.1,251.1,146.7,4,8.4
2018-08-09 17:37:26.800,194.3,42.5031365029887,1.88369876827002,1.92215840826548,1.39301111887564,391.721859047082,399.719736241824,1.42145191196483,24.4,140.472368909885,20008.7242695996,1,101.3,43.781995,-79.42396,988,6.54212247314832,7.32556630565254,0.1,38.3542749195651,29.1,262.9,167.8,3.7,6.3
2018-08-09 17:37:27.800,194.4,42.5095241604916,1.88332093059139,1.92197215165487,1.38683517859123,390.940692235247,398.963977450925,1.41529872583431,29.4,140.458783149459,20110.2936049632,0.9,100.9,43.7819933333333,-79.4239583333333,988,6.54234509629136,7.32754034042594,0,38.3544001123369,29.1,262.8,156.6,2.8,5.6
2018-08-09 17:37:28.800,194.3,42.5111957328064,1.88293230086867,1.92180783058926,1.38055947530817,390.47871091918,398.540721277635,1.40906256281716,65.1,140.468156631229,20228.808105252,0.9,100.7,43.7819916666667,-79.4239566666667,987.9,6.54031131769041,7.33017685577204,0,38.35420602904,29.1,251.8,152.2,3.4,7.1
2018-08-09 17:37:29.800,194.3,42.516705892842,1.88260172908211,1.92158016171547,1.4781972982382,389.987462002731,398.062021274715,1.50880414197272,52,140.45618558481,20284.616347483,0.9,100.9,43.78199,-79.423955,988,6.53895933122057,7.32867251121025,0,38.3542671314753,29.1,255.9,161.2,4.1,7.3
2018-08-09 17:37:30.800,194.1,42.5194876681674,1.88342305122556,1.92268190951469,1.38333380165553,390.129991303632,398.262005305963,1.41215833472223,49.6,140.485142907452,20418.5972011271,0.9,100.8,43.7819883333333,-79.423955,987.9,6.53751854263806,7.32414191949994,0,38.3545192274137,29.1,266.9,157.9,3.4,6.2
2018-08-09 17:37:31.800,193.9,42.5210335946268,1.88087684824709,1.92017439609637,1.48014400147612,389.984849292389,398.132981450966,1.51106727551502,30.8,140.447078690755,20465.7326803461,0.9,100.9,43.7819883333333,-79.423955,987.9,6.54415040622338,7.32856202694697,0,38.354814540323,29.1,251.8,147.9,3.2,6.7
2018-08-09 17:37:32.800,193.9,42.5208806256138,1.87969879509275,1.91897676335984,1.5517220584664,389.420738189352,397.558099386313,1.58414699047841,97,140.479583496557,20468.3037619505,0.9,100.8,43.7819883333333,-79.4239533333333,987.9,6.54846127647415,7.33346334894549,0,38.3552637171171,29.1,251.4,148.3,3.7,7.4
2018-08-09 17:37:33.800,194,42.5192561730617,1.87972714702606,1.91928821168466,1.32405226460384,389.230145255176,397.421911471623,1.35190473371171,51.8,140.441699685315,20612.205697487,0.9,100.8,43.7819883333333,-79.4239533333333,987.9,6.54297070577269,7.32648775055314,0,38.3552525755947,29.1,245.9,146.3,3.4,7.8
2018-08-09 17:37:34.800,194,42.520916969271,1.88269720571299,1.9224638269574,1.41302340716803,389.309759405206,397.532798136477,1.44287121263783,89.5,140.451684258775,20685.3130238866,0.9,96.6,43.7819883333333,-79.4239516666667,987.9,6.54180143177181,7.32913711322108,0.1,38.3553438446034,29.1,249.9,151.3,4.5,8.1
2018-08-09 17:37:35.800,194.1,42.514488264684,1.88114184374563,1.92090781490495,1.32331801821705,389.342216459501,397.572679015355,1.35129106568892,87,140.458987784006,20701.8038104915,0.9,83.7,43.7819883333333,-79.4239516666667,987.9,6.54372285725898,7.33278566780411,1.6,38.3556007409213,29.1,233.7,125.9,3.4,4.3
2018-08-09 17:37:36.800,194,42.5135379816662,1.88135060847869,1.92128483952286,1.34762079754241,388.888919893195,397.143620105548,1.37622870584519,84.4,140.463370136733,20785.2341252528,0.9,81.3,43.7819883333333,-79.42395,988,6.53980012921992,7.32886188781741,3.7,38.3557936316553,29.1,236.9,142,2.3,3.1
2018-08-09 17:37:37.800,193.9,42.5122916643482,1.88216642055463,1.92217681479758,1.44236850692945,388.348807470005,396.604032875813,1.47302882996664,86.8,140.462386983274,20814.8821899643,0.9,89.6,43.7819883333333,-79.4239283333333,987.9,6.53946681117985,7.32827138561642,5.9,38.3560909637324,29.1,235.4,105.7,3,3.1
2018-08-09 17:37:38.800,193.9,42.516450416732,1.88149390560452,1.92169118048872,1.52635105832911,388.384774370067,396.68244752669,1.55896340551065,89.3,140.427372588224,20917.6276815985,0.9,92.9,43.7819866666667,-79.4239033333333,987.9,6.53953831831404,7.32821931831404,7.4,38.3559770455054,29.1,235.8,59,2,2.1
2018-08-09 17:37:39.800,193.8,42.5162607497095,1.88083821858074,1.92117840020779,1.28671935475947,388.429893100664,396.760976346188,1.31431239657793,89.1,140.476783668485,20997.7098280091,0.9,85.4,43.7819866666667,-79.4238716666667,987.9,6.53655932062808,7.32542605382289,8.5,38.3559821576921,29.1,275.5,344.2,1,2.6
2018-08-09 17:37:40.800,193.8,42.5199789960975,1.88160666955775,1.92214280897667,1.27111541305999,388.213932025136,396.577379726786,1.29850222919198,86.9,140.430985884643,21089.1193256779,0.9,94.4,43.7819866666667,-79.42384,988,6.53799686925432,7.32787396877737,8.7,38.3563962445794,29.1,299,318.5,1.6,1.8
2018-08-09 17:37:41.800,193.8,42.5218793206826,1.87965474220316,1.92013888605656,1.39504954855756,387.530394990625,395.877030754225,1.42509504610425,88,140.452095605544,21083.8824167766,0.9,103,43.7819866666667,-79.42381,987.9,6.54325367842313,7.33080025578194,7.7,38.3566206593426,29.1,288.6,133.1,2.2,0.7
2018-08-09 17:37:42.800,194,42.5302991465602,1.88106472607569,1.92182957803878,1.473448297093,387.067262373096,395.4554950998,1.5053818080981,94.3,140.466537668699,21211.5992138709,0.9,115.2,43.7819816666667,-79.4237816666667,987.9,6.5395065793762,7.33068228711372,6.8,38.3569221075771,29.1,243,98.9,2.8,2.4
2018-08-09 17:37:43.800,194.1,42.5419849105745,1.88022109118129,1.92121971708738,1.51821305289047,386.606878845298,395.036956994135,1.55131868512738,100.3,140.466796807635,21339.9612725023,0.9,122.8,43.7819783333333,-79.4237616666667,987.9,6.54322298863514,7.32627318905765,6.2,38.3570494064765,29.1,267.5,138.4,3,3.4
2018-08-09 17:37:44.800,194.1,42.5454485497455,1.87935000835965,1.92039763215902,1.38984578749887,386.199378672714,394.63456677303,1.42020222280859,111.7,140.473335017202,21374.7253178078,0.9,127.5,43.78197,-79.4237466666667,988,6.54134611021666,7.32723463749876,5.3,38.3570232011146,29.1,253.3,94,3,5.9
2018-08-09 17:37:45.800,193.9,42.5527052872088,1.87824273654931,1.91947469013251,1.12776579283079,386.184331736473,394.662090821358,1.1525152613545,121.4,140.459485077181,21481.0515859721,0.9,142,43.78196,-79.42373,987.9,6.54207756367092,7.32788843020954,5.5,38.3570250374862,29.1,242,79.2,4.5,8.2
2018-08-09 17:37:46.800,193.8,42.5606485799464,1.87871358665896,1.91998147905919,1.30108943486657,386.429106717916,394.917361837954,1.32966663961556,135.7,140.490361399653,21493.79196154,0.9,154.7,43.7819483333333,-79.4237183333333,987.9,6.54184153414234,7.3260261154838,5.7,38.3570665266663,29.1,232.6,69,3.3,6.2
2018-08-09 17:37:47.800,193.9,42.5706434198182,1.88043816511337,1.92192297970197,1.4637856983634,387.037197680647,395.575740626116,1.49608062167286,147.4,140.443432927677,21585.0040090757,0.9,156.8,43.781935,-79.42371,987.9,6.53667363421415,7.32411679472799,5.9,38.3575286382555,29.1,244.9,59.1,2.6,5.7
2018-08-09 17:37:48.800,194.2,42.5748075687399,1.88251781495104,1.92412412161317,1.42004947173476,386.80051750822,395.34926844228,1.45143455588523,155.2,140.4869823936,21623.3002617373,0.9,156.4,43.78192,-79.4237033333333,987.9,6.53342049082961,7.33023426156711,5.9,38.3581330666213,29,259.9,82.4,3.6,7.1
2018-08-09 17:37:49.800,194.2,42.5767322856222,1.88212820846132,1.92362966072258,1.26648266812948,387.587674501892,396.134074501892,1.29441125655435,162,140.477620246382,21574.5596838842,0.9,159.1,43.7819133333333,-79.423705,987.9,6.53449802480204,7.32510732192948,5.5,38.3584496806614,29,271.8,75.3,3.1,5.7
2018-08-09 17:37:50.800,194.1,42.5800876752067,1.87970512241352,1.92101667025695,1.39221609347417,388.300535490355,396.834410265717,1.42281111414459,165.8,140.451794788833,21504.9439576862,0.9,156.9,43.781905,-79.4237016666667,987.8,6.54386537265542,7.32628986343738,4.8,38.3584923158131,29,243.4,48.7,2.7,5.6
2018-08-09 17:37:51.800,193.3,42.5810789505009,1.88146536250517,1.92281752290587,1.27229644835225,387.905835219315,396.431499377493,1.30025924419379,165.5,140.465766337654,21506.078852428,0.9,139.2,43.78189,-79.4236983333333,988,6.54009201747646,7.32245893241453,5.3,38.3584822178214,28.9,172.5,21,1,5.1
2018-08-09 17:37:52.800,192.7,42.5838920801773,1.88001327586368,1.92124405858163,1.35806731272878,388.265937832529,396.781011541025,1.38784907509377,160.3,140.454444289841,21460.3033258532,0.9,136,43.7818783333333,-79.42369,987.9,6.54074422634061,7.32668783999374,5.1,38.3590885800388,28.9,151.6,25.5,1.5,7.5
2018-08-09 17:37:53.800,193.1,42.5781716595685,1.88219529595094,1.92330666454919,1.14932868098806,388.519115786053,397.005177878098,1.17443749824677,153.7,140.491724793333,21375.1776485223,0.9,120.4,43.7818683333333,-79.42368,988,6.53968903851809,7.33168520587814,5.3,38.3592578282914,28.9,156.9,32.9,2.1,6
2018-08-09 17:37:54.800,193.4,42.5752549861052,1.88313894629077,1.92394629945557,1.49081123994807,389.442449112072,397.881498272704,1.52310002207386,134.3,140.430921483694,21210.1260041952,0.9,96.5,43.7818566666667,-79.42366,988,6.53632730002378,7.33063633515844,6.4,38.3593622739904,28.8,212.9,29.7,1.5,5.3
2018-08-09 17:37:55.800,193.5,42.5660927062985,1.87937373635902,1.91982182715202,1.27978827981922,389.536972221105,397.920561774223,1.3073418196394,120,140.486768150859,21068.5295418951,0.9,88,43.7818466666667,-79.4236283333333,987.9,6.54192317650878,7.33130134902403,7.4,38.3594747956751,28.8,224.6,51.1,2.1,4.7
2018-08-09 17:37:56.800,193.2,42.556960966753,1.88239985914814,1.92263642712369,1.10820361879044,390.368359782896,398.712536217883,1.13189344620349,108.2,140.469855362451,20927.871476343,0.9,78.4,43.78184,-79.423595,987.9,6.54084824093001,7.32282857135515,7.9,38.3596991125382,28.8,220.7,36.5,1.6,3.7
2018-08-09 17:37:57.800,193.6,42.5476891523332,1.88388085046014,1.92400159454139,1.28273267059634,390.369329689006,398.683031063175,1.31004849801587,95.1,140.451710038084,20852.8310555418,0.9,71.3,43.7818366666667,-79.4235633333333,987.9,6.53856290330067,7.32884789501676,7.5,38.3599070866391,28.9,248.2,66.1,1.5,1.3
2018-08-09 17:37:58.800,193.6,42.5312458265563,1.88349394288603,1.92346647754128,1.29135860916116,390.969445002019,399.266913395151,1.31876538830746,84.5,140.465665727112,20781.6162308388,0.9,74.4,43.7818366666667,-79.4235416666667,988,6.54445626342887,7.32297948907227,6.6,38.3598132749448,28.9,250.6,120.2,1.9,0.8
2018-08-09 17:37:59.800,193.3,42.5227634918721,1.8840925423557,1.92390221430829,1.17510196685132,390.958192850537,399.219081209012,1.1999337366033,80.7,140.452413491404,20692.4167960636,0.9,81.2,43.7818416666667,-79.42352,988,6.5392513383656,7.33010258765095,6.2,38.3605788095545,28.9,254.9,179.2,1.9,0.3
2018-08-09 17:38:00.800,192.9,42.5212208292964,1.88438436765913,1.92406573669698,1.17002907426877,391.942993451107,400.196586678488,1.19466786142041,79.2,140.464296890373,20623.8240074828,0.9,84.6,43.7818466666667,-79.4235,988,6.53600582996698,7.32953148371551,5.5,38.3608187214935,29,266.4,48.2,1.7,0.5
2018-08-09 17:38:01.800,192.8,42.5213631516877,1.88418802182457,1.92371561027515,1.2064557911102,392.251743242517,400.480583313004,1.23176477091234,77.5,140.42898977904,20547.5265134824,1.2,79.3,43.7818533333333,-79.42348,988,6.53603463196425,7.32490884966755,5,38.360573788803,29,221.3,62.1,1.4,1.3
2018-08-09 17:38:02.800,192.8,42.518985585211,1.88581994847295,1.92507255920876,1.27747719392371,391.754934075486,399.909182618426,1.30406532641834,77.6,140.489491752356,20390.2038522724,1.2,74.7,43.7818533333333,-79.42346,988,6.53647211738603,7.33129824040689,5.1,38.3608580986611,29,266.5,345,0.9,1.7
2018-08-09 17:38:03.800,192.8,42.5178760828771,1.88433920293083,1.92355091397269,1.25240865297332,392.616108867278,400.786224876715,1.27847056071349,72.8,140.429818534482,20385.2353565259,0.9,78.5,43.7818616666667,-79.4234433333333,988,6.53944966537552,7.32819324490813,5,38.3613231564053,29,302.8,340.8,0.4,2.4
2018-08-09 17:38:04.800,193,42.5193460670566,1.88209406714054,1.92106107023955,1.54744072501547,392.064874512326,400.182157858978,1.57947130040875,70.9,140.464038518926,20283.8826387845,0.9,72.9,43.7818683333333,-79.4234266666667,987.9,6.54213340822861,7.33350387850772,5.1,38.3616395622117,29,330.1,313.3,0.7,2.7
2018-08-09 17:38:05.800,192.8,42.5187772738989,1.88393947287537,1.92275660724199,1.23996452594729,392.446654782078,400.532740957728,1.26551839413956,68.6,140.461982428901,20188.208888655,0.9,77.6,43.7818733333333,-79.4234083333333,987.9,6.53596125837681,7.32632821831918,5.1,38.3612344186032,29,284.7,295,0.9,1
2018-08-09 17:38:06.800,192.7,42.5190445407794,1.8841360582996,1.92286653456131,1.36211954716401,392.587915636182,400.657980806007,1.39011783755235,74.2,140.45878077912,20142.0477980974,0.9,83.7,43.7818783333333,-79.4233916666667,987.9,6.53891661934652,7.32664959501183,5.1,38.3619355160243,29,291.1,321.2,1,1.8
2018-08-09 17:38:07.800,192.7,42.5192627484395,1.88309738670397,1.92179447443805,1.16308324214218,392.267215741211,400.328178319238,1.18698416022432,75.5,140.468970971834,20135.9386839888,0.9,82.7,43.7818783333333,-79.423375,988.1,6.54152363683313,7.32935588350144,5.1,38.3624052775437,29,253.5,351.2,0.7,1.2
2018-08-09 17:38:08.800,192.7,42.5237492921384,1.88480812185183,1.92328070056742,1.33897253723461,392.277949555965,400.284987557375,1.36629752730949,75.7,140.420063994918,20003.357253237,0.9,76.3,43.7818783333333,-79.42336,987.9,6.53779355520671,7.33167975659566,5.1,38.3619359022724,29,305.7,322.5,0.7,2.4
2018-08-09 17:38:09.800,192.7,42.519315481008,1.88510231062168,1.92366724448825,1.27927869627094,392.267412324866,400.292427154284,1.305448673242,73,140.490660019338,20047.897163727,0.9,70.2,43.78188,-79.4233433333333,987.9,6.54017900698656,7.33133933667926,5.1,38.3630308316528,29,303.4,310.1,1.3,2.3
2018-08-09 17:38:10.800,192.7,42.5157123927421,1.88254765226591,1.92106929426452,1.25200521857591,393.205065228006,401.251048300354,1.27762438705113,72.1,140.43149619046,20052.27133585,0.9,74,43.7818833333333,-79.4233283333333,988,6.54305998813011,7.32263285853743,5,38.3631254271978,29,300,269.8,1.5,1.8
2018-08-09 17:38:11.800,192.9,42.5135427619228,1.88196149075845,1.92051940429673,1.26797844239842,393.473597458997,401.535078485941,1.29395600691357,72.2,140.49356862671,20076.6816934848,0.9,78.5,43.781885,-79.4233116666667,988,6.54084203961532,7.3168117630716,5.1,38.3630320336142,29.1,273.9,0.4,1.1,0.8
2018-08-09 17:38:12.800,192.6,42.5145507816575,1.88473382587136,1.92326358288615,1.26738405316575,393.122775028837,401.15937001818,1.293293115415,67.3,140.468611471289,20033.5821043757,0.9,76.3,43.781895,-79.423295,988,6.53595638751882,7.32203927694959,5.3,38.3633380464519,29.1,249.1,179.2,1.8,0.8
2018-08-09 17:38:13.800,192.6,42.5153963667844,1.88724870209345,1.92590085929308,1.02497073529537,392.956315637819,401.004248038878,1.04596145096808,70.4,140.461197467315,20069.5971858617,0.9,72.5,43.7818966666667,-79.42327,988,6.53390784197892,7.3236744174381,5.7,38.3639998515017,29.1,261.2,224.4,2.2,1.7
2018-08-09 17:38:14.800,192.6,42.5070476465334,1.88561407455365,1.92401568593595,1.20452135836901,393.016499852225,401.020449590288,1.22904872114093,71.5,140.469476044417,19958.9735221605,0.9,68.1,43.7818983333333,-79.4232466666667,987.9,6.53563118725623,7.32662637872162,5.5,38.3640450472395,29.1,272,245.2,2.1,1.4
2018-08-09 17:38:15.800,192.5,42.5010284917311,1.88540479844665,1.92377846846502,1.46196628330404,393.521310767602,401.530703455094,1.49172184710159,72.6,140.44037936445,19946.9981833149,0.9,75.4,43.7819,-79.4232283333333,988,6.53644116842337,7.32021207740792,5.7,38.3642000502756,29.1,271.9,255.2,1.8,1.2
2018-08-09 17:38:16.800,192.4,42.49524863707,1.88518814840115,1.92346183187044,1.30269466060567,393.013838819192,400.993010747733,1.32914374900338,75.9,140.501478129313,19898.5236945116,0.9,79.1,43.7819016666667,-79.4232066666667,988.1,6.53820371877711,7.32779782303516,6.2,38.3651354037424,29.2,274.4,299.8,1.7,0.8
2018-08-09 17:38:17.800,192.3,42.4942081023404,1.88643277671718,1.92474187324813,1.23247942274062,393.557077716711,401.549200570193,1.25750721241659,71.9,140.433981565229,19903.2551600537,0.9,81.7,43.7819083333333,-79.423185,988,6.54007443964128,7.32130907937635,6.8,38.3654904826548,29.2,259.8,344.2,1.3,1.4
2018-08-09 17:38:18.800,191.7,42.4929668833176,1.88302591972565,1.92117822199623,1.3555227722192,393.185352406971,401.151713017714,1.38298651106603,76.3,140.493756147377,19858.7725116421,0.9,83.1,43.7819133333333,-79.4231633333333,987.9,6.54499352252443,7.32253151390465,7.2,38.3653121084568,29.2,272.9,332.7,1.2,1.9
2018-08-09 17:38:19.800,191.4,42.4963925102215,1.88563219608922,1.92390313398035,1.11718643108658,393.123028082497,401.101925002086,1.1398600102735,79.4,140.466390525131,19892.4338608724,0.9,85.1,43.7819183333333,-79.4231366666667,988,6.53572106562773,7.3225316243429,7.4,38.3659243768253,29.2,269.4,342.5,1.2,1.4
2018-08-09 17:38:20.800,191.5,42.5027644681709,1.88625280472697,1.924519987314,1.19469920291236,393.084885216347,401.059505470067,1.21893651284178,79.9,140.451575029829,19883.9389022146,0.9,81.8,43.7819216666667,-79.4231133333333,988,6.53819508597691,7.32557615851341,7.2,38.3661236305973,29.2,274,331,1.2,2
2018-08-09 17:38:21.800,191.5,42.5003492176025,1.88423665366093,1.92246634316855,1.0003746249249,392.955817339685,400.928449783548,1.02067119925415,77.7,140.466587690056,19885.5426744527,0.9,79.2,43.7819266666667,-79.423095,988,6.53817835535208,7.32880671749981,6.4,38.3659770284967,29.2,287.7,324,1,2
2018-08-09 17:38:22.800,191.8,42.5026989060348,1.88539892023468,1.92345069767437,1.07785604884048,393.158049163217,401.093081945947,1.09960895968587,76.5,140.44647534594,19783.5189292224,0.9,84.1,43.7819283333333,-79.423075,988,6.53799711801783,7.32288169521144,6.1,38.3671027501267,29.2,287.4,333.4,1,1.8
2018-08-09 17:38:23.800,192.4,42.5062532061361,1.88420723241701,1.92244907180057,1.09314200774973,393.73765810985,401.729050971079,1.11532899256864,78.7,140.504906666352,19892.3673286221,0.9,83,43.7819283333333,-79.4230566666667,988.1,6.53752902277164,7.32234948143648,5.9,38.3670417538469,29.2,289,344,0.7,2
2018-08-09 17:38:24.800,193.2,42.5160736019906,1.88488356130464,1.92296913786626,1.10646629132193,394.062052592609,402.024517844127,1.12882365461658,77,140.43003773355,19805.8615621832,0.9,83.2,43.78193,-79.4230333333333,988.1,6.54112533023792,7.32290057954675,6.4,38.3671424908789,29.2,292.8,343.6,0.7,2.7
2018-08-09 17:38:25.800,193.3,42.5202597087096,1.88363228880119,1.9217330268668,1.19236724070531,393.972349134639,401.941215955904,1.21648604500357,79.1,140.495786374419,19825.9191249942,0.9,78.9,43.7819266666667,-79.4230083333333,988.1,6.53862688727436,7.32557123846096,7.2,38.3673897205882,29.2,282.4,0.4,0.6,2.9
2018-08-09 17:38:26.800,193.1,42.524197667779,1.88165745719598,1.91984711367973,1.2307288615372,393.656188457602,401.645690880791,1.25570720651912,77,140.431522543955,19892.1334349202,0.9,79.5,43.781935,-79.42298,988.1,6.54224978512291,7.3316809272801,7.7,38.3679527933597,29.2,296.5,352.7,0.3,3.7
2018-08-09 17:38:27.800,192.8,42.5295115725755,1.88500599995971,1.92318405174512,1.41806893731835,394.031062192216,402.011618011356,1.44678949001413,79.8,140.439726628372,19851.5668416135,0.9,80.3,43.7819383333333,-79.42295,988,6.54501441506938,7.3337931583325,8.5,38.3689650367832,29.2,297.2,347,0.4,4.4
2018-08-09 17:38:28.800,192.5,42.5249644867174,1.88251977829588,1.92057868791634,1.25893947966644,393.695767234808,401.655191886742,1.28439224321688,78.5,140.493354968262,19816.4241842336,0.9,81.8,43.781945,-79.42292,988.1,6.5436802523444,7.32932461734979,9,38.3682014626597,29.2,320,344.3,0.7,3.8
2018-08-09 17:38:29.800,192.3,42.5347354925559,1.8859107319532,1.92389786604471,1.04893827151862,394.700558814222,402.650919298921,1.07006765651626,79.9,140.421222821536,19745.05994014,0.9,82.9,43.7819433333333,-79.4228883333333,988,6.53517513232938,7.33004424397532,8.7,38.3686733666397,29.2,349.4,336.9,1,5.3
2018-08-09 17:38:30.800,192.2,42.530389016961,1.88545018310765,1.92368303118727,0.912656571507399,397.146596381286,405.199934639067,0.931162414178538,80.8,140.484003110177,19874.8172328715,0.9,78.7,43.7819483333333,-79.4228616666667,988,6.54155958072333,7.32488830230303,8.5,38.3695574682787,29.2,350.4,338.9,1,5.1
2018-08-09 17:38:31.800,192.3,42.5370753417988,1.88804963617648,1.92634984268664,1.12768762432423,398.657944272994,406.745012916865,1.15056368459469,80.9,140.442259963661,19882.4328716138,0.9,85.5,43.7819533333333,-79.4228333333333,988,6.53601667628844,7.32156471174225,8.5,38.3696677974686,29.2,345.9,332.2,1.2,4.8
2018-08-09 17:38:32.800,192.5,42.5408531695368,1.88494994276423,1.92337005366296,0.807473931223634,398.915701191966,407.046713244254,0.823931918026683,82.3,140.499855449365,19975.5906010742,0.9,83.8,43.781955,-79.422805,988,6.54165870988231,7.32672093499351,8.5,38.3697487405992,29.2,333.9,336.9,1,4.6
2018-08-09 17:38:33.800,192.8,42.544067774303,1.88703001333333,1.92520985272727,0.8615603523089,399.90856823636,407.999972711512,0.878992129376775,80.9,140.438516292121,19831.8805006065,0.9,82.1,43.781955,-79.422775,988,6.53944081917577,7.32796446498182,8.5,38.3708639387879,29.2,325.9,346.1,0.7,4.4
2018-08-09 17:38:34.800,193.1,42.5413993130086,1.8856032165333,1.92410072381621,1.29789468208848,401.510785131367,409.708225032993,1.32439546859239,80.1,140.461300554888,20008.0206086329,0.9,81.9,43.7819583333333,-79.4227433333333,988.1,6.54202721579212,7.32528556422239,8.3,38.370822498266,29.2,339.6,339.8,0.8,4.2
2018-08-09 17:38:35.800,193.6,42.5396958683007,1.88700181316952,1.92558953552784,1.26422009281779,401.7876737059,410.003927641576,1.29007215637092,78.2,140.491528376713,20039.2824165309,0.9,76.8,43.7819683333333,-79.4227133333333,988,6.53569584226853,7.32416357779513,8.3,38.3711447947932,29.2,291.8,5.8,0.6,3.4
2018-08-09 17:38:36.800,193.7,42.5383510845339,1.88935081884053,1.92787781012832,1.04102582797503,401.069538275177,409.248144062159,1.062254497966,75.1,140.418573810621,19984.4136622582,0.9,73.6,43.781975,-79.4226883333333,988,6.53362939078001,7.32638325070067,7.9,38.3720358387459,29.2,280.3,337.2,0.8,2.8
2018-08-09 17:38:37.800,193.7,42.52773,1.885162,1.923657,1.282816,400.5581,408.7375,1.309011,72,140.493,20011.35,0.9,74,43.7819766666667,-79.4226616666667,988.2,6.539672,7.324127,7.4,38.37159,29.2,279.7,338,0.9,2.4
2018-08-09 17:38:38.800,194,42.53172,1.886366,1.924865,1.050547,399.4338,407.5859,1.071988,70.2,140.4511,20000.73,0.9,75.2,43.78199,-79.4226366666667,988.1,6.545086,7.323265,7.4,38.37223,29.2,279.5,336.4,0.8,2.2
2018-08-09 17:38:39.800,194.3,42.5353818876453,1.88510599564894,1.92355479235057,1.36463163147637,397.873560237159,405.988647609346,1.39246518480122,72.9,140.495200152287,19988.4843327131,0.9,72.9,43.7819966666667,-79.4226133333333,988,6.54106186110379,7.32859442465364,7.5,38.3726040637917,29.2,247.1,5.2,0.9,2.2
2018-08-09 17:38:40.800,194.4,42.5439,1.885922,1.924394,0.9700035,397.5107,405.6197,0.9897911,71.8,140.4417,19991.7,1.2,63.7,43.782,-79.42259,988,6.536966,7.331936,7.5,38.37266,29.2,250.4,355.2,0.5,3.4
2018-08-09 17:38:41.800,194.4,42.54229,1.883159,1.921584,1.286362,398.2365,406.3623,1.31261,67.6,140.4911,19996.39,1.2,57.7,43.7820083333333,-79.4225683333333,988,6.54424,7.322558,7.4,38.37344,29.2,262.2,354.9,0.4,3.4
2018-08-09 17:38:42.800,194.3,42.5386213864312,1.88485903092047,1.92324602179581,1.21553280291514,398.600678376033,406.718509011989,1.24028807235123,59.6,140.493649727552,19959.3521313661,1.2,54.2,43.78202,-79.4225466666667,988,6.54650870834326,7.32408211544359,7.4,38.3739123661316,29.2,261.2,0.4,0.3,4
2018-08-09 17:38:43.800,194.3,42.5372875187922,1.89126724638079,1.92990210999738,1.25743400352742,398.700620962924,406.845339643199,1.28312162646054,58,140.410713846024,20019.0423834937,1.2,60.6,43.7820283333333,-79.4225233333333,988,6.53848047842012,7.3253999036518,7.4,38.3740635803861,29.2,287.2,355.7,0.2,3.9
2018-08-09 17:38:44.800,194.5,42.526588440543,1.88601655391983,1.92457667508063,1.19429055150858,398.398271002834,406.543637709671,1.21870794147045,58.1,140.492521040291,20035.620882977,1.2,72.7,43.7820366666667,-79.4225033333333,988,6.53704102784739,7.321572500863,7.2,38.3743030570302,29.2,281.9,347.6,0.5,2.5
2018-08-09 17:38:45.800,194.8,42.5396560850427,1.88495560645014,1.92333677632479,1.25308599377778,398.417543448433,406.530213754986,1.2786022821567,59.3,140.413763148433,19955.8625491738,1.2,79.6,43.7820416666667,-79.4224866666667,988,6.54005839434758,7.32773166494587,5.7,38.3751225294587,29.2,239.1,0.4,1,0
2018-08-09 17:38:46.800,194.7,42.5413348740367,1.886953818186,1.92541682875226,1.09821216960858,400.28049051018,408.439691988394,1.12059908820059,51.1,140.490940849478,19976.452309993,1.2,84.5,43.782035,-79.4224783333333,988,6.54073281683381,7.32340504585793,3.7,38.3752927831563,29.2,243.3,188.1,1.4,1.6
2018-08-09 17:38:47.800,193.7,42.5431688805999,1.88975825313994,1.9284988346398,1.22942028546735,405.402908370269,413.713784150681,1.25462327472525,35.8,140.446911081658,20088.6026736597,1.2,79.9,43.7820316666667,-79.422485,988,6.53775895150276,7.31774375129074,1.6,38.3757046382904,29.2,240.9,189.8,1.3,2.4
2018-08-09 17:38:48.800,191.4,42.5469178194003,1.88733547176141,1.92600143961613,1.25274193275863,409.511890239756,417.901496319194,1.27840656538787,31.3,140.484702868445,20075.6521723895,1.2,74.7,43.782025,-79.4224966666667,988,6.53919293742217,7.33114687872939,0.9,38.3761312337221,29.3,252.3,179.2,1,0.6
2018-08-09 17:38:49.800,190,42.5439067088472,1.88749924663698,1.92615554355413,1.0544456591421,413.206618876137,421.669137444699,1.07604164776528,64.9,140.441111519749,20069.0938889057,1.5,73.8,43.78202,-79.4225,988,6.53975735895228,7.3199114170721,1.8,38.3758201350273,29.3,201.6,59.5,0.5,0.6
2018-08-09 17:38:50.800,189.5,42.553751144406,1.88926260220919,1.92814858098536,1.18200456113765,414.752575980261,423.289257378919,1.2063333316575,76.3,140.424521055768,20167.5423464109,1.2,77,43.7820183333333,-79.422495,988,6.53646118849357,7.32050253635555,2.9,38.377261439859,29.3,237.6,39.7,0.7,0.8
2018-08-09 17:38:51.800,189.3,42.5541328733467,1.88690953722007,1.92583264970121,1.01631599704022,412.778204074129,421.293050622563,1.03728291386173,80.9,140.490535372826,20211.0989530286,1.2,81.6,43.78202,-79.4224783333333,988,6.53750390564969,7.32388697929809,4.4,38.3777028285093,29.3,225.6,29.3,0.6,1.8
2018-08-09 17:38:52.800,189.1,42.5655621817176,1.89051017688556,1.92976347493235,1.35570047036325,410.934982921772,419.467410846011,1.38385074349277,85.9,140.413364870319,20341.1619983316,1.2,87.3,43.78202,-79.4224533333333,988,6.53532441792721,7.32700407534375,5.5,38.3777780264115,29.3,220.3,21.1,0.6,2.2
2018-08-09 17:38:53.800,189.2,42.5666388039891,1.88530506184242,1.92425401988176,1.16895324155036,409.541545495839,418.002414562731,1.19310372546066,87.9,140.471741578698,20241.1033355199,1.2,87.7,43.7820216666667,-79.4224266666667,988,6.54284562824312,7.32369307524301,6.6,38.3781919724152,29.3,245.3,36.7,1.3,1.1
2018-08-09 17:38:54.800,189.2,42.5670983507062,1.88873950364255,1.92784834553897,1.30204474185633,408.549024367463,417.008505669852,1.3290055444565,88.6,140.456365648963,20286.1727617088,1.2,77.3,43.78202,-79.4223966666667,988,6.53841446988352,7.32104560768823,7.5,38.378953619592,29.3,259,0.4,1.4,1.7
2018-08-09 17:38:55.800,189.7,42.5669142295423,1.88774140455549,1.92679458079393,1.261382221487,406.146755158296,414.548984531371,1.28747721370223,83.3,140.483834469212,20268.406956374,1.2,60.2,43.7820233333333,-79.4223616666667,988.1,6.53902166723733,7.31745692193614,7.7,38.3787249726993,29.3,281.2,336.2,1.3,2.3
2018-08-09 17:38:56.800,190.4,42.5573637785891,1.88490222068214,1.92406238267373,1.24341322395068,405.170963144531,413.588465351353,1.26924591864306,70.8,140.45663541492,20352.4644293146,1.2,50.7,43.78204,-79.422335,988,6.54029645580874,7.32014367331756,7.5,38.3790235790624,29.3,218.4,32.8,0.9,3.6
2018-08-09 17:38:57.800,191.2,42.5515358343876,1.88461130018251,1.92392791708751,1.33135925990355,403.262231003133,411.675079079258,1.35913405030985,60.3,140.453588323499,20435.6097449007,1.2,49.9,43.782055,-79.42231,988,6.5412198891925,7.31937031949386,7.2,38.3799242441125,29.4,187.1,68.9,1.5,2.1
2018-08-09 17:38:58.800,191.3,42.5440009944263,1.88388997802253,1.92310691767514,1.18913932049752,402.784025195014,411.168894542604,1.21389363565304,54.4,140.50930057301,20392.5594563893,1.2,54.5,43.782075,-79.42229,988,6.54147907687359,7.31257777530433,6.8,38.3804804790564,29.4,196.6,80.2,1.9,2.8
2018-08-09 17:38:59.800,191.3,42.5440135344842,1.88388970087901,1.9231058795303,1.18935773793976,402.772993602697,411.157476412834,1.21411602731495,52.2,140.509307798864,20392.1742909339,1.2,46.7,43.7820833333333,-79.4222716666667,988,6.54146743593141,7.31258755215912,6.2,38.3808648304599,29.4,185.2,85.5,2.2,3.6
2018-08-09 17:39:00.800,191.4,42.5440264651113,1.88388941510367,1.92310480905169,1.18958295815052,402.761618423494,411.145702657191,1.21434534552531,56.6,140.509315249772,20391.777129223,1.2,60.6,43.7820916666667,-79.4222516666667,988,6.5414554324237,7.3125976335211,6.4,38.3812611527646,29.4,178.1,67.3,2.3,4.4
2018-08-09 17:39:01.800,191.5,42.5440391363136,1.88388913506178,1.9231037600499,1.18980365981023,402.750471462387,411.134165116208,1.21457006296723,65.9,140.509322551195,20391.3879356934,1.2,79.1,43.7820933333333,-79.4222283333333,988,6.54144366974013,7.31260751262259,6.8,38.381649523729,29.4,173.8,54.4,2.2,4.8
2018-08-09 17:39:02.800,190.9,42.5440518634013,1.88388885378479,1.92310270642156,1.19002533485872,402.739275338412,411.122576689733,1.21479577150924,79.4,140.509329884819,20390.9970256538,1.2,79.5,43.78209,-79.4221983333333,988,6.5414318551781,7.31261743529515,7.7,38.3820396075755,29.3,195.6,51.2,1.9,3.7
2018-08-09 17:39:03.800,190.2,42.5440645917239,1.8838885724805,1.92310165269098,1.19024703141573,402.728078128106,411.110987138863,1.21502150195114,85.6,140.509337219155,20390.6060776852,1.5,79.4,43.782095,-79.4221633333333,988.1,6.54142003946972,7.31262735893047,8.7,38.3824297292707,29.3,225,45.2,1.9,3
2018-08-09 17:39:04.800,190.1,42.544077322109,1.88388829113063,1.92310059878967,1.19046876389597,402.71687910343,411.099395710049,1.2152472689699,84.8,140.50934455468,20390.2150663682,1.5,83.8,43.782095,-79.4221233333333,988.2,6.54140822184676,7.31263728417381,9.4,38.3828199141805,29.2,230.5,33.8,1.7,3.5
2018-08-09 17:39:05.800,190.1,42.5440900501774,1.88388800983196,1.92309954508013,1.19069045602643,402.705682116696,411.087806390585,1.2154729949047,85.3,140.50935188887,20389.8241262056,1.5,82.9,43.7821,-79.4220833333333,988,6.5413964063743,7.31264720761099,10,38.3832100280863,29.2,221.2,29.2,1.4,4
2018-08-09 17:39:06.800,190.5,42.5441026702774,1.88388773091947,1.92309850030891,1.19091026760747,402.694580110722,411.076315379924,1.21569680607249,82.3,140.509359160845,20389.4365022739,1.2,73.8,43.7821083333333,-79.42204,988.1,6.54138469112904,7.31265704687056,10.7,38.3835968327701,29.2,229.5,10,1.2,4.2
2018-08-09 17:39:07.800,191.1,42.5441154451473,1.88388744858646,1.92309744272486,1.19113277490562,402.683341952379,411.064683446233,1.21592336200738,75.9,140.509366522003,20389.0441246142,1.2,58.7,43.7821216666667,-79.422005,988.1,6.54137283221079,7.31266700679648,10.3,38.3839883811348,29.2,250.3,353.8,1.2,3.3
2018-08-09 17:39:08.800,191.2,42.5441283724249,1.88388716288514,1.92309637252354,1.19135793677661,402.671969719737,411.052912740396,1.21615262081645,61,140.509373970982,20388.6470657818,1.2,43.6,43.782145,-79.42198,988.1,6.54136083181241,7.31267708554704,9.4,38.3843846007785,29.2,271.5,339,0.8,4
2018-08-09 17:39:09.800,191.6,42.5441409817988,1.8838868842097,1.92309532864029,1.19157756153419,402.660877149641,411.041431496238,1.21637624176144,43.4,140.509381236777,20388.2597713015,1.2,34.3,43.78217,-79.4219583333333,988,6.54134912652423,7.31268691644398,8.8,38.3847710767071,29.2,273.8,338.5,1,3.8
2018-08-09 17:39:10.800,191.7,42.5441535161417,1.88388660719249,1.92309429096857,1.19179587943563,402.649850584823,411.030018570126,1.21659853207135,40.2,140.509388459338,20387.8747813801,1.2,45,43.782195,-79.4219383333333,988.1,6.54133749088726,7.3126966888431,9.6,38.3851552529477,29.2,228.4,9.6,1,3.9
2018-08-09 17:39:11.800,192.1,42.5441663272694,1.88388632405816,1.92309323038288,1.19201901825607,402.638580530234,411.018353622572,1.21682573101941,50.7,140.509395841388,20387.4812900704,1.2,62.3,43.7822183333333,-79.4219066666667,988.1,6.54132559831092,7.31270667703737,10.1,38.3855479126087,29.2,157.8,20.5,0.9,5.7
2018-08-09 17:39:12.800,192.8,42.5441792520153,1.88388603841279,1.92309216039115,1.19224413603173,402.627210524712,411.006585221891,1.21705494493082,63.6,140.509403288907,20387.0843089974,1.2,72.7,43.7822283333333,-79.4218666666667,988.1,6.54131360026267,7.31271675381412,11.2,38.3859440546573,29.2,172.8,22.7,0.9,5.1
2018-08-09 17:56:56.300,186.2,42.5614918196563,1.88306193486022,1.92147183746733,1.41869628211929,390.745710398036,398.715903258256,1.4476340482902,267.8,140.472459722816,19989.7744227132,0.9,67.9,43.7847016666667,-79.40394,988.6,6.52882053249386,7.32416882502732,0,38.8010314287162,29.3,243.2,179.2,4.7,9.1
2018-08-09 17:56:57.300,186.7,42.5663360551067,1.88156604972928,1.91996608736358,1.55437846340027,390.49288407189,398.462301679389,1.58609843114955,212.2,140.443326344165,20000.4376881369,0.9,67.9,43.784705,-79.4039483333333,988.6,6.53012576949221,7.32641571169602,0,38.8010707862892,29.3,249.9,182.6,4.4,9.4
2018-08-09 17:56:58.300,187.3,42.5666570798237,1.88107160220287,1.91947199240631,1.61398748600605,390.447560962776,398.418212314336,1.64693107043033,299.6,140.466818306339,20005.6587925335,0.9,67.9,43.7847066666667,-79.4039583333333,988.6,6.53341431167536,7.32689458740452,0,38.8005765350525,29.3,249.1,181,5,9.3
2018-08-09 17:56:59.300,187.5,42.5694610249857,1.88078094496597,1.91926351562979,1.53794467050348,391.057021520693,399.058439472174,1.56941412753824,193.3,140.473978101419,20050.6560028816,0.9,67.9,43.7847083333333,-79.4039666666667,988.5,6.5353870368307,7.32568934225539,0.1,38.8006023040682,29.3,249.9,181.3,4.4,7.9
2018-08-09 17:57:00.300,187.7,42.5705330403803,1.88117925652357,1.91970162819589,1.72133984587675,391.236570513451,399.248347280746,1.75658925040855,314.3,140.475470309617,20067.0781581999,0.9,67.9,43.7847083333333,-79.4039766666667,988.6,6.53102768514646,7.32855275097963,0,38.8001923283663,29.3,247.1,177.7,3.9,7.8
2018-08-09 17:57:01.300,187.8,42.5671954534792,1.88293533018338,1.92131568378588,1.6398108054014,391.668913393368,399.652513884907,1.67325317102333,102.7,140.452019006463,19976.4752150258,0.9,68,43.7847083333333,-79.4039816666667,988.6,6.52928731144081,7.32815815226514,0,38.7998512136107,29.3,247.2,177.1,3.3,6
2018-08-09 17:57:02.300,187.7,42.5625521500284,1.88117029658061,1.91939192878088,1.5074012629526,392.019296047104,399.984376417897,1.53803180586059,164,140.472665698466,19913.4906987365,0.9,68,43.7847083333333,-79.403985,988.5,6.53374857508808,7.32224379616454,0,38.7998974216301,29.3,252,184.4,3.3,6.5
2018-08-09 17:57:03.300,187.4,42.5590892128101,1.88229602525114,1.92062904110594,1.59585915995634,391.877009758798,399.857515989721,1.62835775799869,158.1,140.477548650383,19958.3532938147,0.9,68,43.7847066666667,-79.4039866666667,988.5,6.5270405790103,7.32525112925942,0,38.7996304645444,29.3,251.5,181.9,3.7,7.3
2018-08-09 17:57:04.300,187.1,42.5595165903692,1.88448113256673,1.92269641034141,1.55797456303686,392.69645109484,400.659831996197,1.58957359140542,235.9,140.469617926138,19875.8128491891,0.9,67.9,43.784705,-79.4039816666667,988.5,6.52553071081744,7.32505832684485,0,38.7992031274427,29.3,249.6,179.2,3.7,7.2
2018-08-09 17:57:05.300,186.7,42.5600570844341,1.88259329723248,1.92052240457764,1.51649429946882,393.520768232517,401.449126089306,1.54704543294363,169,140.455611510906,19749.3932844991,0.9,67.9,43.784705,-79.4039783333333,988.5,6.53171801305912,7.32159630368114,0,38.7994441915947,29.3,251.2,188.7,4.2,8.3
2018-08-09 17:57:06.300,186.3,42.5576755365947,1.883041462108,1.92075506476653,1.41172589009257,393.800548731609,401.687702508829,1.44000940167883,171.2,140.473834967966,19634.9589202268,0.9,68,43.7847066666667,-79.403975,988.6,6.52907965846364,7.32261489547536,0,38.7990548609864,29.3,265.8,199.9,4.1,8.1
2018-08-09 17:57:07.300,185.9,42.5576456302196,1.88457409402898,1.922108781271,1.37863818945947,393.883112441204,401.728099884808,1.40609027520844,324.9,140.477870358547,19528.0950218443,0.9,68,43.7847066666667,-79.40397,988.5,6.52632332535769,7.32463291595433,0,38.79859562542,29.3,269,196.9,5,9.4
2018-08-09 17:57:08.300,185.6,42.5624117621489,1.88463190048527,1.92204599214169,1.60800478754725,394.046777782961,401.869472694963,1.63992513776768,164,140.470506920409,19465.7596179516,0.9,68,43.7847066666667,-79.4039683333333,988.6,6.52727649949252,7.32578732653783,0,38.798711425364,29.3,258.9,189.2,4.7,9
2018-08-09 17:57:09.300,185.5,42.5690551613341,1.88478033225137,1.92207207666006,1.60200397612216,394.456399828572,402.260941727205,1.63370602837485,0.9,140.460437527693,19401.616325919,0.9,68,43.7847066666667,-79.4039683333333,988.5,6.52773855336041,7.3230691814933,0,38.7981861908843,29.3,261.8,192,4.4,8.4
2018-08-09 17:57:10.300,185.4,42.5714390433886,1.88493699983487,1.92209542827891,1.47831579487294,394.538028097273,402.315756633788,1.50745860401302,209.8,140.476247615902,19332.2870802969,0.9,68,43.7847083333333,-79.4039616666667,988.6,6.5256755228502,7.31914632152111,0,38.7980023821161,29.3,253.1,182.6,4,7.9
2018-08-09 17:57:11.300,185.3,42.5717134852389,1.88289778535048,1.91993785367205,1.41293343880611,394.528066862837,402.289221312729,1.4407300350976,119.3,140.473751303504,19292.4221208459,0.9,68,43.7847083333333,-79.403955,988.5,6.53039047010017,7.31890617606576,0,38.7981252382265,29.3,256.5,190.4,3.7,6.7
2018-08-09 17:57:12.300,185.2,42.5730318737598,1.88120886038187,1.91810456327678,1.51098537829424,394.366395830919,402.100992633136,1.54061343545176,197.3,140.462854655678,19235.3558094621,0.9,68.1,43.7847066666667,-79.4039516666667,988.6,6.5336916972551,7.32200056045688,0,38.797511248825,29.3,268.2,200.5,3.4,6.6
2018-08-09 17:57:13.300,185.2,42.5721147817028,1.88162796429402,1.91843362699101,1.54564840165356,393.940481936544,401.64621784876,1.57588401254733,168.8,140.438012300371,19185.2828960341,0.9,68.1,43.7847066666667,-79.4039466666667,988.6,6.53273497031198,7.32287507353777,0,38.797405158752,29.3,269,195.7,3.5,6.5
2018-08-09 17:57:14.300,185.1,42.5686127638665,1.88295217026598,1.91972060603865,1.48062776260857,394.31912080588,402.019066574175,1.50953908023247,249.4,140.455211857248,19153.2239897763,0.9,68,43.784705,-79.4039433333333,988.5,6.53061361650859,7.32637237261145,0,38.7974594987835,29.3,262,184.6,2.9,6
2018-08-09 17:57:15.300,185,42.5677803792883,1.88259475029175,1.9192272725104,1.54250674622637,394.948488107087,402.633601778136,1.57252168723951,314.7,140.470011100994,19087.1857445331,0.9,68.1,43.7847016666667,-79.40394,988.6,6.53078293400452,7.32299928664952,0,38.7971687149727,29.3,259.5,193.3,3.5,6.8
2018-08-09 17:57:16.300,185.1,42.568221776661,1.88112878155372,1.9177019753415,1.5974722574685,395.236845459054,402.921142779782,1.62853222332118,21.2,140.466441009985,19071.4941696296,0.9,68.1,43.7847,-79.40394,988.6,6.5343693097257,7.31747351513649,0,38.7966916660099,29.3,268.4,204.5,3.4,7.1
2018-08-09 17:57:17.300,185.1,42.5673052079084,1.88173172889494,1.91820332658507,1.4129274096442,395.328371812862,402.990627286683,1.44033173893885,98,140.44367149966,19013.4391277736,0.9,68.1,43.7846983333333,-79.4039433333333,988.5,6.53342389608703,7.32013056522637,0,38.7962363985906,29.3,283.3,216.8,4.4,8.9
2018-08-09 17:57:18.300,185.4,42.5605426187946,1.88324982764468,1.91975032321128,1.4339296474766,394.658143135885,402.307198522739,1.46173815738779,189.8,140.456811554264,19013.0492360525,0.9,68,43.7846983333333,-79.403945,988.5,6.53032166484074,7.32020093558702,0,38.7959335814789,29.3,275.1,203.5,4.3,8.6
2018-08-09 17:57:19.300,185.9,42.5499953655769,1.88300655240254,1.9196265108582,1.55847777758021,393.764970238941,401.422783629408,1.58878668745399,67.7,140.464374521843,19076.6593733265,0.9,67.9,43.784705,-79.403945,988.6,6.5305168953136,7.32030669568713,0,38.7956193721397,29.3,267.8,201.7,4.7,9.5
2018-08-09 17:57:20.300,186.4,42.5396670441158,1.88192637544903,1.91855195323035,1.56978442870675,393.619232351215,401.279727775114,1.60033667465875,210.1,140.458055590945,19090.1340914146,0.9,68,43.78471,-79.403945,988.5,6.53385352124353,7.32244213066484,0,38.7953347661517,29.3,273.9,211.7,4.3,8
2018-08-09 17:57:21.300,186.8,42.5355514884705,1.88269231931664,1.91938758260323,1.47329030900538,393.386835823085,401.054341820826,1.50200453537364,34.1,140.440830120285,19118.2937158579,0.9,68,43.784715,-79.4039466666667,988.6,6.53468032721135,7.3250694236685,0,38.7954817949364,29.3,277.8,210.8,4.4,8.7
2018-08-09 17:57:22.300,187.4,42.5307137540357,1.8826296786298,1.91937633078242,1.47906637103436,393.349603795627,401.027417976287,1.50793895444595,16.3,140.461755182977,19145.2802618675,0.9,68,43.78472,-79.4039483333333,988.5,6.53326185122963,7.3244010251989,0,38.7953011258207,29.3,276.2,208.7,3.7,7.2
2018-08-09 17:57:23.300,187.7,42.5280296883359,1.88278030324864,1.91966108861398,1.59887358601898,393.286904052685,400.990882047195,1.63019269943408,265.6,140.460345501548,19212.2739747033,0.9,68.1,43.7847216666667,-79.4039466666667,988.6,6.53325362587816,7.32122343421705,0,38.7947860189709,29.3,275.1,209.1,3.6,7.3
2018-08-09 17:57:24.300,187.8,42.5258347311299,1.8826970316028,1.9195517642416,1.47118092855764,393.239274044509,400.937102164885,1.49998539778204,215.1,140.456416761948,19199.5278963429,0.9,68.1,43.7847216666667,-79.4039483333333,988.5,6.53181735668484,7.32140687675205,0,38.7945181879915,29.3,278.3,208.6,3.7,6.8
2018-08-09 17:57:25.300,188.1,42.5201293936971,1.88432442885635,1.92116046283014,1.43487228943763,393.326014373312,401.014912060509,1.46292298616066,236.8,140.444070861013,19173.6005227167,0.9,68.1,43.7847216666667,-79.4039483333333,988.5,6.5282130874123,7.32381559192868,0,38.7943060146346,29.3,281.6,213.8,3,6.1
2018-08-09 17:57:26.300,188.6,42.5115597194004,1.88382394597997,1.92067621828488,1.57567140924591,393.077844229202,400.767360217338,1.60649502664363,187.5,140.467721177521,19187.0081733469,0.9,68.1,43.78472,-79.40395,988.6,6.52900528456312,7.32542986353256,0,38.7939518941124,29.3,275.8,205.9,3.2,6.8
2018-08-09 17:57:27.300,189.2,42.5074825357235,1.88174919430184,1.91858741815091,1.58195409048475,392.948428325163,400.640874585541,1.61292149491848,155.5,140.454022455335,19200.4171454747,0.9,68.1,43.7847166666667,-79.4039483333333,988.6,6.52928973323869,7.32218780987988,0,38.793678955283,29.3,271.7,201.2,3.6,7
2018-08-09 17:57:28.300,189.7,42.5020787893012,1.88215799496441,1.91899275964693,1.46878075683544,392.548390069694,400.230652519611,1.49752544188768,204.2,140.471211543872,19194.5404306404,0.9,68.1,43.7847133333333,-79.4039416666667,988.6,6.53108599453108,7.32009151306715,0,38.7935707562358,29.3,269.3,203.8,3.3,6.1
2018-08-09 17:57:29.300,190.3,42.5032929384912,1.88253321379577,1.91953066508904,1.4527808062129,392.022943071571,399.727328643504,1.48133411954844,306.9,140.463473880079,19274.0327978103,0.9,68.1,43.78471,-79.4039366666667,988.6,6.53195863820719,7.32203290682048,0,38.7932638388581,29.3,278.4,206.7,3.4,7.2
2018-08-09 17:57:30.300,190.8,42.5058644518428,1.88147346262518,1.91850146914864,1.60081585245554,391.676755679286,399.385062557654,1.63231623879365,221.6,140.479028804656,19300.3457039728,0.9,68.1,43.784705,-79.40393,988.5,6.53437361028237,7.32449908892881,0,38.7932172131619,29.3,279.7,218.8,4.3,8.2
2018-08-09 17:57:31.300,191.2,42.5040677785978,1.88168388721905,1.91880526786792,1.52339934623159,391.195451435282,398.912889486751,1.55344349475319,237,140.479625466047,19346.1130359895,0.9,68.1,43.7846983333333,-79.4039233333333,988.6,6.53436654405522,7.32745475814443,0,38.7932260319164,29.3,295,224,3.5,6.2
2018-08-09 17:57:32.300,191.6,42.5022666034936,1.88040376184055,1.91761803856545,1.41394652753816,391.780209830832,399.53385866645,1.44192973960302,305.5,140.482762254831,19406.5759222075,0.9,68.1,43.784695,-79.40392,988.6,6.5321463360793,7.32619597163479,0,38.7928597888023,29.3,285.8,216.3,3.9,8
2018-08-09 17:57:33.300,192,42.5017366633601,1.88003038972596,1.91721546823514,1.40346447738692,392.100386809277,399.855744140813,1.43122436573094,215.7,140.461497922475,19395.3569275107,0.9,68.1,43.78469,-79.4039183333333,988.6,6.53617028114585,7.32233631868454,0,38.7926023140367,29.3,269.8,199.8,4,7.4
2018-08-09 17:57:34.300,192.5,42.4977250782624,1.88090834926164,1.91814204768869,1.40682751133817,391.643550722969,399.396318978297,1.4346771145899,35.4,140.483988901825,19411.3650861522,0.9,68.1,43.7846866666667,-79.4039233333333,988.6,6.533855554216,7.31992007908987,0,38.7920030157294,29.3,274.8,213,3.4,7.1
2018-08-09 17:57:35.300,192.8,42.4997472108526,1.88246270986581,1.91981110086061,1.57964837730922,392.135029788482,399.915034589251,1.61099145554458,287.5,140.454163759382,19454.0941824079,0.9,68.1,43.784685,-79.4039266666667,988.6,6.53323420116216,7.31917026545903,0,38.7920382832009,29.3,285.9,216.4,3.7,7.4
2018-08-09 17:57:36.300,193.1,42.4960976310088,1.88308120206138,1.92050357715209,1.59338909744066,392.111132675474,399.903529540042,1.62505335640499,222.7,140.459203295089,19485.7556829662,0.9,68.1,43.784685,-79.40393,988.4,6.53426627827005,7.31949534504267,0,38.7918856234579,29.3,284.8,209.8,3.7,7
2018-08-09 17:57:37.300,193.2,42.4875838126907,1.88187038173351,1.9193108579221,1.45103911130054,391.483928825671,399.272547874796,1.47990758874411,135.2,140.464604780068,19507.229515076,0.9,68.1,43.784685,-79.4039366666667,988.6,6.53444509471201,7.32093380859963,0,38.7914961905703,29.2,264.9,196.9,3.5,6.9
2018-08-09 17:57:38.300,193.2,42.4848012481073,1.88167675379616,1.91912312883401,1.42890550455892,391.769041747696,399.565316824484,1.45734138459343,254.4,140.487837828243,19512.006230154,0.9,68.1,43.784685,-79.4039433333333,988.5,6.53099534146727,7.32178512589226,0,38.7913262491889,29.2,261.4,196.7,3.2,6
2018-08-09 17:57:39.300,193.1,42.4864032614008,1.8825678396513,1.92010537314732,1.40230496845058,391.920325370537,399.734956004809,1.43026511059688,273.2,140.480112056655,19549.4787474407,0.9,68.1,43.784685,-79.4039483333333,988.6,6.53084031760297,7.32286326477818,0,38.7913759908051,29.2,259.2,196.8,3.3,6.3
2018-08-09 17:57:40.300,193,42.4881733345158,1.88136761480944,1.91879319135061,1.33059928588906,392.087155776487,399.886760666596,1.3570706320957,181.5,140.463146669032,19504.4496561529,0.9,68.1,43.7846866666667,-79.4039516666667,988.5,6.53244913961781,7.3252148897975,0,38.7913582317504,29.2,272.4,198.4,3,5.4
2018-08-09 17:57:41.300,192.7,42.4830612071689,1.88105816577006,1.91827488408761,1.31976720145981,392.226104114042,399.98621731206,1.34587802938928,210.1,140.459510795765,19400.9355821466,0.9,68.1,43.7846883333333,-79.4039533333333,988.4,6.53253774504444,7.32647331216377,0,38.7908104969935,29.2,261.4,196.8,2.5,4.6
2018-08-09 17:57:42.300,192.3,42.4794255168515,1.88090922922777,1.91807398255542,1.44173051568342,392.302195196679,400.053699393779,1.47021801434828,301.6,140.484000821248,19376.1671146768,0.9,68.1,43.7846883333333,-79.4039533333333,988.6,6.53166696103236,7.32599684027299,0,38.7903287000853,29.2,265.2,192.7,2.5,4.9
2018-08-09 17:57:43.300,191.5,42.4776628633698,1.88232781322931,1.91955839735003,1.50493693350155,392.835477326311,400.605422093775,1.53470356649574,311.8,140.478138571916,19395.5159647717,0.9,68.1,43.78469,-79.403955,988.6,6.53258792968958,7.32308578015604,0,38.7899764480374,29.2,247.4,183.9,2.6,4.8
2018-08-09 17:57:44.300,190.8,42.480044449628,1.88182840568224,1.91900954946499,1.54714089851247,392.754815787498,400.514794622204,1.57770878062247,219,140.452976669015,19375.1000761301,0.9,68.1,43.7846916666667,-79.4039583333333,988.5,6.53360498593193,7.325782129237,0,38.7899687943728,29.3,243.5,171.8,2.6,5.4
2018-08-09 17:57:45.300,190.1,42.4783396933633,1.88346205837842,1.92073987063652,1.3947521810843,392.446009615637,400.213315836839,1.42235315576555,183.9,140.464206217516,19408.0499177988,0.9,68.1,43.784695,-79.4039616666667,988.6,6.52792919773138,7.32359663247828,0,38.7897937504147,29.3,233.3,171.8,3,6.1
2018-08-09 17:57:46.300,189.4,42.4748541191788,1.88133552204575,1.9185364483111,1.50804054642155,392.408983871417,400.16845263311,1.53785612171111,342,140.47515884487,19390.4749518372,0.9,68,43.7846933333333,-79.403965,988.5,6.53321617854089,7.32408344236998,0,38.7896633745007,29.3,242.3,173.3,2.7,5.3
2018-08-09 17:57:47.300,188.8,42.4752531364392,1.88286124140732,1.92022415628875,1.7166451493271,391.946125305514,399.723689994572,1.75071425248834,251.1,140.492641165764,19457.4862182758,0.9,68.1,43.7846933333333,-79.4039683333333,988.5,6.53009264847702,7.32503226825086,0,38.7894394609245,29.3,232,162.2,3.2,6.9
2018-08-09 17:57:48.300,188.4,42.47705403857,1.88315932860061,1.92066075032991,1.52410324387845,391.544158093184,399.341324974129,1.55445126996962,227.9,140.448788445428,19525.1745073892,0.9,68.1,43.78469,-79.4039733333333,988.5,6.52604802931627,7.32461790922581,0,38.7892006623811,29.3,241.7,182.4,3.1,5.5
2018-08-09 17:57:49.300,187.7,42.4701462155984,1.88191581640968,1.91945798678082,1.43488120158803,391.363892396818,399.171139611161,1.463505584532,93.2,140.463737295652,19558.7184578754,0.9,68,43.784685,-79.40398,988.5,6.52720190502465,7.3226073445585,0,38.788672444433,29.3,264.2,194.6,2.7,5.5
2018-08-09 17:57:50.300,187,42.4688314456278,1.88165980752153,1.91925650808791,1.42390018484151,391.215280134789,399.032040567504,1.45235063904401,205.9,140.465729933166,19589.2545078179,0.9,68.1,43.7846833333333,-79.4039833333333,988.6,6.5302505206391,7.32577115297954,0,38.7880529943362,29.3,253.6,184.7,2.8,6.1
2018-08-09 17:57:51.300,186.4,42.4669602630564,1.8810931974412,1.91870614089018,1.47093974725894,391.712429470288,399.544917190038,1.50035164203637,174.8,140.494195298019,19603.4791155186,0.9,68,43.7846816666667,-79.403985,988.4,6.53294517325433,7.32073930304296,0,38.7878768551701,29.3,237,161,3.7,7.4
2018-08-09 17:57:52.300,186.1,42.464667496797,1.87982780918491,1.91734562137148,1.45800868143166,392.087862920506,399.913337877494,1.48710842862219,155.3,140.443906027393,19567.8017485508,0.9,68.1,43.78468,-79.403985,988.5,6.53514569240743,7.31849369057715,0,38.7880862506864,29.3,229.8,168.4,3.5,6.4
2018-08-09 17:57:53.300,185.9,42.4558453417844,1.88102321226243,1.91841065317496,1.4226754373403,392.329944603645,400.128110139034,1.45095294143027,238.7,140.471499139536,19489.028496965,0.9,68.1,43.7846766666667,-79.403985,988.6,6.53378673058893,7.31853574474215,0,38.7876336312942,29.3,244.4,182,3.3,5.9
2018-08-09 17:57:54.300,185.9,42.4542469738769,1.88194214382772,1.9193770992479,1.6095845549252,392.648811298137,400.459295892,1.64160497180249,176.4,140.454875456277,19503.7473193946,0.9,68.1,43.784675,-79.403985,988.5,6.53044265481847,7.318374,0,38.7875755277276,29.3,262.5,191.1,3.1,6.1
2018-08-09 17:57:55.300,186.1,42.4517646453887,1.88119540021925,1.91871509788092,1.64546729524941,392.006291025395,399.824638799809,1.67828430278637,311.2,140.491980517248,19554.4939846274,0.9,68.1,43.784675,-79.4039816666667,988.5,6.53134338487127,7.32210145816052,0,38.787211721045,29.3,256.4,187.7,3.1,6.4
2018-08-09 17:57:56.300,186.3,42.4537412034481,1.88411404670897,1.92183252274939,1.64138190854169,391.436548647139,399.272722637206,1.67424106710082,169.6,140.443656811782,19626.1368070341,0.9,68.1,43.7846716666667,-79.40398,988.6,6.52638900957917,7.32532928436379,0,38.7869712810869,29.3,254.5,176.7,3,5.9
2018-08-09 17:57:57.300,186.2,42.450603349079,1.88317804997381,1.92089369083975,1.67418447718831,391.029726632858,398.86112606283,1.70771418770657,229.3,140.4794452212,19634.362367542,0.9,68.1,43.7846716666667,-79.4039766666667,988.5,6.52782373242239,7.32351453256073,0,38.7867508800218,29.3,247.3,185.4,3.4,6.7
2018-08-09 17:57:58.300,186.1,42.4517062492934,1.88171142258377,1.9193275136963,1.64580450653027,391.080213638451,398.897961989507,1.67870465354195,100.8,140.464119172834,19598.3795528996,0.9,68.1,43.784675,-79.403975,988.5,6.53201827444821,7.32653177528284,0,38.7865784404698,29.3,259,190.9,3.4,6.6
2018-08-09 17:57:59.300,186,42.4487471105813,1.88047115273954,1.91803223099368,1.58072243082465,390.522994954401,398.323297512622,1.61229606136738,161.5,140.4980061704,19582.9330473827,0.9,68.1,43.784675,-79.4039766666667,988.6,6.53258102783699,7.32878435290065,0,38.7857177953293,29.3,264.1,195.9,3,5.9
2018-08-09 17:58:00.300,185.8,42.4501390635868,1.88348612763346,1.92116175499389,1.51323998985442,390.117440238751,397.921044223345,1.54350935224269,249.4,140.441670550984,19610.9467884685,0.9,68.1,43.7846766666667,-79.4039783333333,988.5,6.53319827714918,7.32600194334961,0,38.7857765510601,29.3,258.4,190.9,2.8,5.6
2018-08-09 17:58:01.300,185.8,42.439066308888,1.8810303315633,1.91886694162927,1.80716598217738,390.264576169873,398.114593359147,1.8435279018612,220.3,140.487124585971,19718.0412341541,0.9,68,43.78468,-79.4039766666667,988.5,6.53559107879152,7.32277787232601,0,38.7855368282681,29.3,266.9,199.3,2.7,5.4
2018-08-09 17:58:02.300,185.8,42.436399506892,1.88051334009988,1.91853699190698,1.7550219719317,390.128472368215,398.016666641578,1.7905039644572,233,140.467298258021,19818.8015643448,0.9,68,43.7846833333333,-79.40398,988.5,6.5363204817228,7.32684829181665,0,38.7850719237365,29.3,266.9,201.9,2.9,5.5
2018-08-09 17:58:03.300,185.6,42.4333044046847,1.87960578374819,1.91747857967909,1.55417780827812,389.91859640934,397.775156411797,1.58549787414672,27.1,140.494644078925,19751.2365733459,0.9,68,43.784685,-79.4039883333333,988.5,6.53524773847078,7.3254936588156,0,38.7848944786683,29.3,274.4,206.1,3,5.7
2018-08-09 17:58:04.300,185.3,42.4338162602984,1.88152957881382,1.91944105580805,1.70290499664349,389.648035571009,397.499118248832,1.73721968101884,39.9,140.450701986606,19751.3522154592,0.9,68,43.7846883333333,-79.403995,988.5,6.53120953779691,7.32994952981515,0,38.7847804128993,29.3,266.9,193.4,2.6,4.6
2018-08-09 17:58:05.300,185.3,42.4334324972821,1.87991449360013,1.91793574378859,1.68168251198867,389.597825064078,397.477375131132,1.7156922574675,223.7,140.495325171999,19823.9001616434,0.9,68,43.78469,-79.404,988.5,6.53227100607849,7.32853349124333,0,38.7845774995437,29.3,256.5,192,2.6,4.8
2018-08-09 17:58:06.300,185.1,42.4350167022785,1.88099298234729,1.91904936051035,1.51827700392014,389.36225560163,397.239939400454,1.54899610585989,220.6,140.475280068772,19831.0182327537,0.9,68,43.7846916666667,-79.4040033333333,988.5,6.5298844902876,7.32649016373107,0,38.7842620949706,29.3,260.7,184.1,2.2,4
2018-08-09 17:58:07.300,184.7,42.4376697721446,1.88044524761415,1.91844131445738,1.41422562563102,389.577346414031,397.449310865201,1.44280224582262,210.1,140.485670490186,19806.0978349502,0.9,68,43.7846916666667,-79.4040033333333,988.5,6.5354706818015,7.32566507367466,0,38.784590998865,29.3,247.3,184.9,2.1,4.1
2018-08-09 17:58:08.300,184.3,42.4353663140392,1.8832437428108,1.92135167484998,1.38691830600101,390.224763529133,398.12112975626,1.4149829645113,301.4,140.454206739896,19834.0701050334,0.9,68,43.7846883333333,-79.4039983333333,988.5,6.53112923821226,7.32342035450385,0,38.7840794051277,29.3,258.2,194.8,2,4
2018-08-09 17:58:09.300,184.1,42.4329799925185,1.88296466024206,1.92106465999268,1.40321065111315,390.62403448525,398.528001150729,1.43160309740225,136.2,140.498489175878,19832.9932732437,0.9,68,43.784685,-79.4039933333333,988.6,6.53449991619841,7.32447400865719,0,38.7836699989312,29.3,260.3,188.9,2.3,4.7
2018-08-09 17:58:10.300,184.4,42.4327746936043,1.88218841452309,1.92016706772094,1.51403249843515,390.770896979934,398.656011289558,1.54458112264489,278.9,140.48668983144,19779.2130087604,0.9,68,43.784685,-79.4039916666667,988.6,6.53458458493381,7.32670208524637,0,38.7835486589702,29.3,242.6,168.9,2.7,5.6
2018-08-09 17:58:11.300,184.8,42.4376202131799,1.88133902248423,1.91926599676013,1.36622832781157,390.414434231811,398.284955560565,1.39377058546264,184,140.469955519557,19761.0340687702,0.9,68,43.7846866666667,-79.4039883333333,988.5,6.53941174735997,7.31996734434812,0,38.7833159606039,29.3,239.3,181.7,3,6.3
2018-08-09 17:58:12.300,185.1,42.4320184299232,1.8825539078025,1.92044465776794,1.4625208147426,390.513997095391,398.37399396132,1.49195678663648,338.8,140.459206240497,19730.2743418074,0.9,68,43.7846883333333,-79.403985,988.5,6.5341960239592,7.31957112666222,0,38.7828146870076,29.3,235.1,164,2.9,5.9
2018-08-09 17:58:13.300,185.3,42.4280680173186,1.88100984317709,1.91897630990816,1.56428621428986,389.694214678315,397.55988323785,1.59586171342743,213.4,140.49122417719,19784.8375574441,0.9,68,43.7846933333333,-79.4039766666667,988.5,6.53193802547205,7.32272362220853,0,38.7821322008326,29.3,231.2,162.3,3.5,7.1
2018-08-09 17:58:14.300,185.4,42.4259669523633,1.88002139606177,1.91813934773344,1.45284640858007,388.918508498934,396.803850422846,1.48230083991958,230.5,140.489446349089,19872.1113919335,0.9,68,43.784695,-79.40397,988.5,6.5330821112198,7.32931586796433,0,38.78213176546,29.3,229,163.2,3.4,6.5
2018-08-09 17:58:15.300,185.2,42.4299328158223,1.88104728270227,1.91921484452268,1.69387252941426,389.586337225739,397.491322642153,1.72824213359958,99.9,140.456343773158,19887.1860609849,0.9,68,43.7846983333333,-79.4039616666667,988.5,6.52984245511044,7.32294149322829,0,38.7821052807982,29.3,227.7,157.6,3,6
2018-08-09 17:58:16.300,185,42.4293775031044,1.88293868434648,1.92117712171502,1.70909215955272,390.053418215438,397.974674440571,1.7438000989613,275.5,140.467481214363,19903.808715693,0.9,68.3,43.7847033333333,-79.403955,988.7,6.52323576123293,7.3236024950456,0,38.7817000007603,29.3,251.2,186,3.2,6.5
2018-08-09 17:58:17.300,184.8,42.4273772490723,1.88191400778781,1.92000392038114,1.66026255490403,390.271039639929,398.170220371982,1.69386725589812,77.8,140.454722639608,19838.6608562005,0.9,68.1,43.7847033333333,-79.4039533333333,988.5,6.53239947088735,7.32639524453708,0,38.7815693843053,29.3,241.7,170,3.7,7.1
2018-08-09 17:58:18.300,184.7,42.4230711129777,1.87930382648342,1.9172906201652,1.48386327018183,390.963798100522,398.866607619861,1.51385803370531,296.5,140.492647599167,19813.1449251601,0.9,68.4,43.7847066666667,-79.4039533333333,988.5,6.53344393716358,7.32236284342775,0,38.78106476214,29.3,233.1,170.7,3.6,6.8
2018-08-09 17:58:19.300,184.9,42.4281080450728,1.88173700196366,1.91986156611126,1.30203822074606,391.326093704081,399.254317254164,1.32841548136898,168.8,140.436983924338,19857.7420541623,0.9,68.6,43.7847083333333,-79.4039566666667,988.5,6.52967250863296,7.32395022288796,0,38.7808465295152,29.3,245.5,177.9,3.8,7.1
2018-08-09 17:58:20.300,185.1,42.4267425185876,1.8829987505952,1.92087176991541,1.59853839266425,391.497475550311,399.37179453357,1.63068015783687,110.6,140.473755010441,19716.8627828374,0.9,68.3,43.78471,-79.4039633333333,988.5,6.52831894702045,7.32088720309107,0,38.7809192440391,29.3,249.8,177.3,3.4,7.3
2018-08-09 17:58:21.300,185.6,42.4267636993424,1.88091599285241,1.91870378096253,1.68443412215243,391.601532802753,399.46871916676,1.71827446203722,38.2,140.450035312261,19694.2694761662,0.9,68.4,43.7847116666667,-79.4039716666667,988.5,6.53325732413051,7.31910295167678,0,38.7806634824981,29.3,243.2,173.9,4.4,8.4
2018-08-09 17:58:22.300,186,42.4210615983018,1.87938449399566,1.91702263712385,1.57338635932028,390.983532944642,398.813655238984,1.60489796703445,251.8,140.501241158413,19633.4851978471,0.9,68.6,43.78471,-79.4039783333333,988.6,6.53186206830584,7.32138102701309,0,38.779985874173,29.3,241.7,169.8,3.8,7
2018-08-09 17:58:23.300,186,42.4284156936008,1.88214388674964,1.92008766453491,1.55903836878911,389.900013350256,397.760402460556,1.59046860838945,49.4,140.428586240188,19761.7087128292,0.9,68.5,43.7847066666667,-79.4039833333333,988.6,6.52881604212594,7.32545114703431,0,38.780192043018,29.3,233,162.9,4,8.4
2018-08-09 17:58:24.300,186,42.4272500149703,1.88353905322491,1.9215286104918,1.29826137407549,389.990518508954,397.856289950357,1.32444691537625,86.9,140.48566104918,19770.4262486333,0.9,68.4,43.7847033333333,-79.4039833333333,988.5,6.53048074594932,7.32355332776758,0,38.7797542882806,29.2,234.3,167,4.6,9.1
2018-08-09 17:58:25.300,185.8,42.4267506250096,1.88325099991809,1.92138281244592,1.50638782998848,390.315215676181,398.218146933316,1.53689223724562,237.4,140.434293737617,19845.7428275182,0.9,68.7,43.7847016666667,-79.4039816666667,988.5,6.52920956218098,7.32556646922565,0,38.7791874999104,29.2,238.8,167.4,4.4,8
2018-08-09 17:58:26.300,185.6,42.4255894600936,1.88132974927127,1.91927600150725,1.65652715021214,391.26121839407,399.152834048086,1.6899367153578,213.6,140.503283384759,19771.0046745919,0.9,68.4,43.7847,-79.4039783333333,988.6,6.53263091157022,7.3180867079927,0,38.7789718386964,29.2,234.9,166.4,4,7.9
2018-08-09 17:58:27.300,185.4,42.4322736045787,1.88064818692139,1.91846967115715,1.44670526744078,391.455923503608,399.328525041098,1.47580077576421,119.6,140.428756111026,19714.5886852173,0.9,68.5,43.7847,-79.4039733333333,988.4,6.53525301874922,7.32432215256356,0,38.7786835933309,29.2,237.4,174.4,4.2,7.8
2018-08-09 17:58:28.300,185.3,42.4312884199625,1.88054765680416,1.91830830504724,1.62452921669616,391.620052627183,399.483529046579,1.65714760401611,197.5,140.497561489283,19684.2106039705,0.9,68.5,43.7846983333333,-79.40397,988.5,6.5366269230918,7.32027818297931,0,38.7786915019521,29.2,237.7,174.3,3.9,7.5
2018-08-09 17:58:29.300,185,42.4282769961949,1.88093826778076,1.91877508691692,1.36937125717563,391.225507333595,399.095416131209,1.39691535612856,218.2,140.449919945083,19719.2946294746,0.9,68.3,43.784695,-79.4039633333333,988.5,6.53482850406823,7.32157831261216,0,38.7779316579185,29.2,244.1,173.1,3.7,7.7
2018-08-09 17:58:30.300,184.8,42.4219706004452,1.88233289245484,1.92008833621372,1.45232811468987,391.106255233325,398.950937075777,1.48145758209975,217.8,140.504128603819,19663.2915730284,0.9,68.2,43.784695,-79.4039583333333,988.6,6.5305575533573,7.3277408278911,0,38.7777675385564,29.2,238.9,171.3,4.1,7.9
2018-08-09 17:58:31.300,184.9,42.420552178201,1.88379829736744,1.92135532511474,1.43126648594228,391.498816603531,399.303926623474,1.45980241795759,299,140.435425620259,19546.9051993361,0.9,68.3,43.7847,-79.4039533333333,988.5,6.53118516880242,7.32363750900452,0,38.7774846924611,29.2,237.2,171.3,4.4,8.7
2018-08-09 17:58:32.300,185,42.413620013656,1.88286937008338,1.92045664582511,1.26468787164176,391.446930118588,399.261255375946,1.28993303882598,92.7,140.477397592145,19572.0361218733,0.9,68.3,43.7847033333333,-79.4039516666667,988.6,6.53365475407914,7.32034622335965,0,38.7771080466398,29.2,241.3,172.3,4.1,7.8
2018-08-09 17:58:33.300,184.8,42.4056120634491,1.87958473112539,1.91707132603087,1.5434352714294,391.746118460101,399.559238465311,1.57421775693092,298.9,140.463063192171,19554.3799314533,0.9,68.1,43.784705,-79.40395,988.5,6.5319648978491,7.32102668260641,0.1,38.7769888422149,29.2,241.7,171.8,3.8,7.3
2018-08-09 17:58:34.300,184.5,42.4030920747258,1.88076831901824,1.91833663145303,1.58512024247694,391.897191687523,399.725391092805,1.61678353035097,235.4,140.492367735066,19584.0311050215,0.9,68.1,43.7847033333333,-79.40395,988.5,6.53423577105479,7.32449549829898,0,38.7763653684112,29.2,247.4,182.9,3.7,7
2018-08-09 17:58:35.300,184,42.4023746791489,1.88273707996777,1.92022112367136,1.59869349509063,391.808990859278,399.609682031397,1.6305227604406,220.3,140.445478702273,19520.7184350384,0.9,68.2,43.784705,-79.4039433333333,988.5,6.53451656850477,7.32572151700369,0,38.7762988848423,29.2,249,181.1,3.7,7.1
2018-08-09 17:58:36.300,183.5,42.3982719637007,1.88098715670488,1.91849808844499,1.52944101743562,391.963153787802,399.779710196785,1.5599399873715,189.2,140.473866949304,19551.9622671216,0.9,68.4,43.7847083333333,-79.403935,988.6,6.53155418775197,7.32612458924919,0,38.7762456766417,29.2,251.9,187.6,3.6,6.3
2018-08-09 17:58:37.300,183.3,42.3875258376344,1.88132709385144,1.91870806086635,1.56792933548463,391.965294882107,399.753284646322,1.59908247711244,172.6,140.47505480365,19482.056775734,0.9,68.4,43.78471,-79.4039316666667,988.5,6.53165977775118,7.32824619006489,0,38.7756422853367,29.2,269.2,197,2.7,5
2018-08-09 17:58:38.300,183,42.3853075672879,1.88012732401667,1.9173063754092,1.63534955870846,392.299980596711,400.057509622293,1.66768745348563,174.1,140.471851786549,19391.0990358553,0.9,68.3,43.78471,-79.4039316666667,988.6,6.53535233546184,7.32853125611934,0,38.7751377679824,29.2,275.4,212,2.3,4.7
2018-08-09 17:58:39.300,182.8,42.3783685224121,1.88238132400304,1.91976284559177,1.72053406447774,393.171898282227,400.979838513767,1.75470225077127,214.9,140.460259006155,19472.1547017458,0.9,68.3,43.78471,-79.4039316666667,988.6,6.53346034347236,7.32447452692018,0,38.7753581689656,29.2,274.2,194.1,1.7,3.6
2018-08-09 17:58:40.300,182.8,42.3748449969655,1.88222430708589,1.91948162992025,1.36220157103299,393.261583404035,401.046088188957,1.38916778240509,43.3,140.459391459722,19410.4664504955,0.9,68.4,43.7847083333333,-79.40393,988.6,6.53515989945871,7.32109819563285,0,38.7751879345847,29.2,280.8,218.4,1.7,4.7
2018-08-09 17:58:41.300,182.8,42.3694663774163,1.88207069361129,1.91926863882186,1.37638957783283,392.679062099815,400.440284439255,1.4035934933024,194.5,140.487784788587,19381.6217329755,0.9,68.4,43.7847066666667,-79.4039316666667,988.5,6.53262910625397,7.32857570196561,0,38.7742019095283,29.2,281.2,211.2,3,6.6
2018-08-09 17:58:42.300,182.9,42.376086176526,1.88269681557691,1.91981443111694,1.71022555186734,393.240231948138,400.993130496997,1.74394186308283,240.3,140.445656681659,19334.1923084954,0.9,68.1,43.7847,-79.4039366666667,988.6,6.53509720531832,7.32091807315228,0,38.7748769948569,29.2,275.8,205.5,3.8,7.4
2018-08-09 17:58:43.300,182.8,42.3745812878705,1.88314450852428,1.92046631666229,1.46036730118652,392.557506602212,400.337445891417,1.48930794530777,339.4,140.476566227139,19433.5091413714,0.9,68.3,43.7846933333333,-79.4039416666667,988.5,6.53437951646678,7.3275505647273,0,38.7736564126708,29.2,276.6,210.1,4,8
2018-08-09 17:58:44.300,182.9,42.383298029101,1.88317192175121,1.9205964098671,1.5086718260348,392.574650437158,400.376268088113,1.5386539661185,270.3,140.414930466222,19485.8009418811,0.9,68.2,43.784685,-79.4039433333333,988.5,6.53326889062865,7.32026995031866,0,38.773828090338,29.2,279.5,211.5,3.4,6.5
2018-08-09 17:58:45.300,182.8,42.3772948774831,1.88001086499697,1.91743630662559,1.599303215326,391.28558379944,399.074923837512,1.63114030992013,211.2,140.499724451924,19518.4131430329,0.9,68.3,43.7846783333333,-79.4039466666667,988.5,6.53905349002194,7.32244227952406,0,38.7732878538821,29.2,276.3,212.7,3.2,6.5
2018-08-09 17:58:46.300,182.8,42.3822235131097,1.87844021129535,1.91619489192118,1.45884489730842,391.100925063519,398.961549894264,1.4881643108043,254.6,140.419854357081,19702.6557634113,0.9,68.2,43.7846733333333,-79.4039483333333,988.6,6.53513551967301,7.31995077178695,0,38.77325,29.2,280.6,217.7,3.2,6.1
2018-08-09 17:58:47.300,183,42.372598171174,1.88160547431386,1.91955849158802,1.8428984909411,390.572442973034,398.45046103835,1.88007147378353,117.2,140.490026958701,19771.4979282669,0.9,68.4,43.78467,-79.4039533333333,988.6,6.52986554106446,7.32587412448839,0,38.7731165841969,29.2,281.2,209.8,3.2,6.2
2018-08-09 17:58:48.300,183.3,42.3807262508678,1.88220439066925,1.92020832817348,1.28436166055225,391.703217303988,399.612226682041,1.31029386250545,142,140.423835930464,19791.5395329712,0.9,68.3,43.7846666666667,-79.40396,988.5,6.53300721909155,7.31844887422207,0,38.7728431249731,29.3,272.7,202.9,3.1,6
2018-08-09 17:58:49.300,183.5,42.3749378067873,1.88368091089506,1.92158972627731,1.4775134477631,391.9331267312,399.820664483282,1.5072467555616,86.9,140.510629248043,19727.5997827408,0.9,67.5,43.7846616666667,-79.4039683333333,988.5,6.5297963581382,7.32192113146608,0,38.77283,29.3,272.2,204.7,3.1,6.1
2018-08-09 17:58:50.300,183.8,42.3763927524497,1.88211712698489,1.91991652409227,1.75854858092643,392.409313671815,400.290096109064,1.79386529044492,74.2,140.410400252852,19687.6143348823,0.9,67.8,43.7846583333333,-79.4039766666667,988.6,6.53486979862923,7.32328587690605,0.1,38.7722004455537,29.3,270.9,203.3,3.3,6.2
2018-08-09 17:58:51.300,184.2,42.3665109399634,1.88235074091334,1.91992199803532,1.56050905369418,393.044189737371,400.889237738994,1.59165728506415,260.2,140.503581314391,19569.1468413223,0.9,68.8,43.784655,-79.4039866666667,988.6,6.53262013918407,7.3273277168744,0.1,38.7719571945606,29.3,269.8,199.7,2.8,5.6
2018-08-09 17:58:52.300,184.5,42.3742007511998,1.88159089039267,1.91894759888641,1.60067209985098,394.017837793976,401.840524317401,1.63245114676211,151.4,140.44015361458,19466.9740266794,0.9,68.7,43.784655,-79.403985,988.6,6.53445799345504,7.31814922390826,0,38.7716206583545,29.3,268.4,198.9,3,5.6
2018-08-09 17:58:53.300,184.4,42.3761452258072,1.88248415750875,1.91968306829845,1.41735359569098,394.400466674239,402.19399216922,1.44536099502188,325.4,140.513447753092,19377.5238720418,0.9,69.8,43.784655,-79.4039783333333,988.5,6.53285801868669,7.32183055662023,0,38.7714647219132,29.3,267.8,193.1,2.9,5.4
2018-08-09 17:58:54.300,184,42.3801123131276,1.88230051083187,1.91924130274874,1.64438878998549,393.945699235176,401.677132106074,1.67666073712023,247.2,140.419978820273,19247.8577854867,0.9,72.2,43.784655,-79.4039716666667,988.6,6.53367185829277,7.33038934673609,0.1,38.7713110540687,29.3,265.6,193.7,3.3,7.1
2018-08-09 17:58:55.300,183.8,42.37349,1.884117,1.921161,1.454043,394.2411,401.9923,1.482631,135.6,140.4844,19282.09,0.9,71.7,43.7846566666667,-79.403965,988.5,6.52975,7.323781,0,38.77063,29.3,266.1,197,3.5,6.5
2018-08-09 17:58:56.300,183.9,42.37097,1.885017,1.921964,1.141569,394.8547,402.5939,1.163944,61.5,140.4513,19223.43,0.9,72.2,43.784655,-79.4039616666667,988.6,6.53222,7.314989,0.1,38.77056,29.3,266.3,190.4,3,5.7
2018-08-09 17:58:57.300,184,42.37018,1.882505,1.919143,1.383427,394.5278,402.2063,1.410352,85.2,140.5032,19090.85,0.9,70.9,43.784655,-79.4039633333333,988.6,6.531314,7.319703,0.3,38.77015,29.3,259.1,188.7,3.6,7.3
2018-08-09 17:58:58.300,183.9,42.37528,1.884946,1.921669,1.303718,394.0015,401.6777,1.329118,257.1,140.4358,19110.32,0.9,72.9,43.7846516666667,-79.4039633333333,988.6,6.533061,7.324107,0.1,38.77009,29.3,260.6,181.8,3.1,5.5
2018-08-09 17:58:59.300,184.1,42.3720250305958,1.88321819790665,1.92005251384867,1.36116418318243,393.817723824456,401.520535759505,1.38778770360667,237.2,140.479930034889,19184.0726022502,0.9,73.2,43.7846533333333,-79.4039633333333,988.5,6.53082549562531,7.32247583505115,0.1,38.7696732949543,29.3,250.8,181.4,3.3,7.2
2018-08-09 17:59:00.300,184.3,42.37108,1.883862,1.92059,1.506566,393.5162,401.1882,1.535937,263.2,140.4692,19123,0.9,73.1,43.7846533333333,-79.4039616666667,988.6,6.530478,7.324675,0,38.76925,29.3,258.5,185.7,4,8
2018-08-09 17:59:01.300,184.6,42.3756628119132,1.88246362489777,1.91920929675867,1.47719199240499,393.824189078669,401.511662513967,1.50602628912142,117.8,140.477071876644,19146.1773375782,0.9,73.2,43.784655,-79.4039583333333,988.6,6.53635450033214,7.32062248402372,0,38.7689843750216,29.3,257.5,183.8,4,7.9
2018-08-09 17:59:02.300,184.9,42.3854295669675,1.88413495157711,1.9211124673341,1.59814953299868,393.558051345315,401.281771688613,1.62951424913094,8.6,140.449710837907,19247.7708659241,0.9,72.9,43.7846566666667,-79.4039533333333,988.6,6.53092123853071,7.32641342889452,0,38.76862984371,29.3,258.9,185.6,4.2,8.4
2018-08-09 17:59:03.300,185.2,42.3941951486413,1.88371659713221,1.92072702180733,1.37507874366651,393.508450387735,401.240066534767,1.40209682772381,239.2,140.426156305451,19269.1984109688,0.9,72.7,43.78466,-79.403955,988.6,6.53201350516095,7.32808986597007,0,38.7686124502201,29.3,255.1,184.5,4,8.1
2018-08-09 17:59:04.300,185.4,42.3927093686068,1.88137590625864,1.91841337496544,1.81886474745425,393.757149285806,401.50880238748,1.85467082524605,145.4,140.484815734145,19306.2624776527,0.9,72.9,43.7846616666667,-79.4039566666667,988.6,6.53641421402999,7.32489056244816,0,38.768135312932,29.3,264,194.8,4.5,8.7
2018-08-09 17:59:05.300,185.5,42.3948272832886,1.88142811018856,1.91848039606274,1.55776242747114,394.017516012919,401.77724471226,1.58844049995265,196,140.44872257043,19313.3696117371,0.9,72.9,43.784665,-79.403955,988.6,6.53776173863616,7.32488243014306,0,38.7679687182557,29.3,260.6,187,4.9,10.2
2018-08-09 17:59:06.300,185.8,42.393924962488,1.88303661277642,1.92009624267087,1.56797338607639,394.616483973808,402.382905228197,1.59883273436782,215.5,140.464921992888,19300.8727561551,0.9,72.8,43.7846683333333,-79.4039566666667,988.5,6.53076947105271,7.32414481184174,0,38.7673171652989,29.3,261.1,188.7,5.2,10.2
2018-08-09 17:59:07.300,186.2,42.3955615672419,1.88166983875325,1.91870151337273,1.26273860155584,394.339524229215,402.100147594076,1.28758881752747,104.5,140.413162484794,19300.2296256219,0.9,72.8,43.7846716666667,-79.4039566666667,988.5,6.53718848949677,7.32487918345797,0,38.7672404771689,29.3,265.8,196.2,5,9.4
2018-08-09 17:59:08.300,186.7,42.3900204644935,1.88317915764609,1.92019995505886,1.48505908561242,394.536657883968,402.292675706277,1.51425344437081,239.8,140.496978219765,19279.4759646679,0.9,72.9,43.7846766666667,-79.40396,988.6,6.5317293922383,7.32276212255819,0,38.7668333891886,29.3,268.4,196.1,4.7,9.1
2018-08-09 17:59:09.300,187.2,42.3934260357447,1.88336530744826,1.92030464097703,1.42512339963112,394.458492527628,402.195264888227,1.45307498895203,205.3,140.427466246812,19236.2794775759,0.9,72.9,43.7846816666667,-79.4039633333333,988.6,6.53162953736186,7.32519991239728,0,38.7666591171,29.3,268,196.9,4.7,9.1
2018-08-09 17:59:10.300,187.7,42.3935057124522,1.88178576461309,1.91877381480912,1.55522605665061,393.99301036311,401.737176930365,1.58579541450088,217.7,140.476173913469,19276.7921237748,0.9,72.9,43.784685,-79.4039666666667,988.6,6.53378889620087,7.32675819507607,0,38.7660329035284,29.3,267.5,190.1,4.5,8.9
2018-08-09 17:59:11.300,187.7,42.4019980289039,1.88459214269806,1.92155067315198,1.45869938727625,393.88266203151,401.606975974855,1.48730718870725,206.4,140.418560414025,19233.4595211767,0.9,72.9,43.784685,-79.4039683333333,988.5,6.53193930119222,7.32448598397336,0,38.7657548718033,29.3,259.6,188.1,3.2,6.4
2018-08-09 17:59:12.300,187.5,42.4003378068029,1.8821837807599,1.91897437429345,1.22519250312875,393.439118985349,401.129640821788,1.24914324447108,164.9,140.502987624392,19172.1395819411,0.9,72.8,43.7846833333333,-79.4039716666667,988.6,6.5350605314963,7.32484802604296,0,38.7654568750498,29.3,262.4,190.2,4.4,9.1
2018-08-09 17:59:13.300,187.1,42.4041824245594,1.88248080170846,1.91942885956217,1.54173515051552,393.30369161098,401.023216587666,1.5719954159862,330.8,140.416766018867,19249.5461990386,0.9,72.8,43.7846833333333,-79.4039733333333,988.6,6.53517188772392,7.32819841732314,0,38.7654052892685,29.2,263.4,188,4.9,9.2
2018-08-09 17:59:14.300,186.9,42.399932169412,1.88182987077395,1.91873844969177,1.48276062772686,393.713147878425,401.435153516134,1.511842457091,197,140.479469684823,19236.0653977617,0.9,72.9,43.7846833333333,-79.4039766666667,988.5,6.53815944527913,7.32280975246175,0,38.7651867520014,29.2,256.5,181.8,4.9,9
2018-08-09 17:59:15.300,186.9,42.3990439292149,1.88289802891169,1.91973656761173,1.49604494470557,393.423316904903,401.120513609664,1.52531533731365,238.4,140.436676623277,19189.4144479025,0.9,72.9,43.7846866666667,-79.40398,988.6,6.53456129653801,7.32653951570945,0,38.7645215107285,29.2,258.2,186.3,4,8.2
2018-08-09 17:59:16.300,187.1,42.3918902559282,1.88242111118543,1.91931429655635,1.46209461330934,393.899357444431,401.619322134055,1.49074994082027,294.4,140.5074209406,19222.0384126204,0.9,72.8,43.7846916666667,-79.40398,988.6,6.53587469497131,7.32578451132903,0,38.7641397267853,29.2,256.9,183.8,4.8,9.2
2018-08-09 17:59:17.300,187.4,42.3974808712777,1.88014601484025,1.91705610075261,1.42762244387859,394.165910130031,401.903838943794,1.45564866525805,143.4,140.418935763429,19253.2187048993,0.9,72.8,43.7846983333333,-79.40398,988.6,6.53870894210973,7.32792787261307,0,38.7639816598768,29.2,261,191,4.7,9.1
2018-08-09 17:59:18.300,187.6,42.3916661248066,1.88446283316632,1.92140961238947,1.51125541062204,394.666529364133,402.404234894927,1.54088422459452,236.2,140.48124180842,19228.6857709505,0.9,72.8,43.7847033333333,-79.4039833333333,988.6,6.53237813854343,7.32082635049642,0,38.76361,29.2,263.9,186.3,4.4,7.6
2018-08-09 17:59:19.300,187.8,42.3905876218928,1.88224404471068,1.91925277893338,1.45966223002761,394.593529172067,402.352109622861,1.48836113775064,325.5,140.454444287083,19283.0092640592,0.9,72.9,43.7847083333333,-79.4039883333333,988.5,6.53888899134876,7.32696871987061,0,38.7635474001834,29.2,254.8,181.4,3.6,7.5
2018-08-09 17:59:20.300,187.8,42.3886419941357,1.88310743604454,1.92015542132282,1.24881613574716,394.679633286387,402.444556465302,1.27338314460459,279,140.497945242528,19294.3492238243,0.9,72.9,43.7847116666667,-79.4039916666667,988.6,6.53487946198691,7.32651485622288,0,38.7629412612326,29.2,259,188.1,3.5,7.9
2018-08-09 17:59:21.300,187.6,42.3907680378375,1.88593445144045,1.92273911822636,1.37935390999377,395.152681880933,402.86426386919,1.40627299659071,89.3,140.431692386204,19141.9323916742,0.9,71.8,43.784715,-79.4039933333333,988.6,6.53113580302622,7.3266203921168,0.1,38.7628290048191,29.2,253.9,181.2,4.4,7.6
2018-08-09 17:59:22.300,187.6,42.3903122465111,1.88180181560255,1.91830762495033,1.37421431733072,395.398016652808,403.06852515637,1.40087388204748,75.3,140.455181643407,19030.4036049304,0.9,71.3,43.7847133333333,-79.4039933333333,988.6,6.540662238069,7.32087105638318,0.7,38.7624372785531,29.2,252.8,184.2,3.2,5.8
2018-08-09 17:59:23.300,187.5,42.3924826335911,1.88394689966347,1.9205715157596,1.47399083618695,395.427580787189,403.114980239259,1.50264629815779,72.3,140.469829075564,19070.0078082769,0.9,68.2,43.7847083333333,-79.4039916666667,988.6,6.54072322384154,7.32562362735438,3.1,38.7619403287585,29.2,251.3,183.2,4.5,7.6
2018-08-09 17:59:24.300,187.3,42.3950802384017,1.88429288275965,1.92092158449865,1.42438545390023,395.376743438791,403.062540711614,1.45207414854405,73.9,140.476661455702,19068.4901844808,0.9,72.3,43.78471,-79.4039816666667,988.6,6.53415839037115,7.32367021623915,3.1,38.7614885419784,29.2,255.5,184.5,4.8,7.4
2018-08-09 17:59:25.300,187.2,42.4044852555951,1.88436108113205,1.92094366214729,1.35291948884815,395.155171005517,402.826691981515,1.37918534708687,74,140.445969478106,19044.1443634441,0.9,62.7,43.7847116666667,-79.4039666666667,988.5,6.53352684903008,7.3242355575349,4.2,38.7612786667856,29.2,260.8,205.4,4.2,6
2018-08-09 17:59:26.300,187.1,42.4134902839271,1.88239795462116,1.91901858778484,1.42043422491878,394.937197160729,402.620446507634,1.44806752825567,69.9,140.430962408791,19083.1104087189,0.9,62.7,43.7847166666667,-79.4039483333333,988.5,6.53802091865329,7.32189539010845,5.1,38.7612498693811,29.2,265.6,209.8,4.4,5.5
2018-08-09 17:59:27.300,186.9,42.4133587412678,1.88487440323421,1.92153765963785,1.62100957365676,394.936586093141,402.618624786545,1.65253829862284,70,140.479372031042,19080.101714107,0.9,67,43.7847216666667,-79.4039266666667,988.5,6.53121889262642,7.32175780310541,6.2,38.7607337761967,29.2,272.3,220.2,3.3,3.7
2018-08-09 17:59:28.300,186.6,42.4133795760374,1.88446927369018,1.92118256005348,1.29979773529904,394.839120120263,402.531359128502,1.32512017855637,76.6,140.45582570262,19109.5031257366,0.9,75.1,43.7847216666667,-79.4038966666667,988.5,6.53342292276738,7.32507008374431,7.2,38.7608129223072,29.3,275.6,242.1,3.2,2.2
2018-08-09 17:59:29.300,186.2,42.4148011319445,1.88079374574495,1.91748637587244,1.56845642651709,394.401382749633,402.095848445124,1.59905721443588,78.9,140.466496844174,19135.8328200499,0.9,71.1,43.78472,-79.4038616666667,988.6,6.53919510702123,7.32790220936972,8.3,38.7598622281198,29.3,289.1,280.3,2.4,2.5
2018-08-09 17:59:30.300,185.6,42.418554864945,1.88321497703116,1.92008035052868,1.70233300364813,394.781406451673,402.509530336027,1.73565772041979,76.2,140.421477960107,19199.9955117116,0.9,70.2,43.7847233333333,-79.403825,988.6,6.53950431679855,7.32333245311204,9,38.7598901309062,29.3,284.5,264.3,2.9,2.5
2018-08-09 17:59:31.300,185.1,42.4103206264299,1.88345653607762,1.92036544175192,1.60169700880514,393.793319610138,401.510213297676,1.6330841952892,75.7,140.485337766403,19219.6359066859,0.9,69.7,43.78473,-79.4037883333333,988.6,6.53621274328724,7.32429050754086,9.8,38.759624999398,29.3,284.7,269.8,3.2,3.2
2018-08-09 17:59:32.300,184.7,42.4095801197903,1.88219689263335,1.91924246941909,1.51128917628609,392.824389906747,400.556110725202,1.5410320788097,74.5,140.434218593778,19302.2978538133,0.9,69,43.7847366666667,-79.4037533333333,988.5,6.53767885327368,7.32855272183433,10.5,38.7596258277525,29.3,282.1,280.5,3.1,3.1
2018-08-09 17:59:33.300,184.3,42.40827394135,1.88176184865148,1.91892127935614,1.08772822857243,392.424596343034,400.173906926071,1.10922160936779,71.3,140.468430255849,19364.8786786435,0.9,68,43.7847466666667,-79.4037133333333,988.5,6.53583803296813,7.32333560116911,11.1,38.7588926404954,29.3,290.7,309.1,2.7,4.1
2018-08-09 17:59:34.300,184,42.4115551422854,1.88325591117282,1.92078260738884,1.52544586672329,392.252962907293,400.069131670303,1.55584574541476,71,140.429374622744,19537.1813352953,0.9,70.5,43.78476,-79.4036716666667,988.6,6.52894470498106,7.32550776888747,11.6,38.7588117180792,29.3,284.5,307.7,2.4,3.3
2018-08-09 17:59:35.300,183.4,42.4080430918311,1.88013881969235,1.91780732336129,1.64340499918633,391.269139459876,399.108212388568,1.67632825949779,72.7,140.492100676762,19641.5053957562,0.9,74.7,43.7847683333333,-79.4036316666667,988.5,6.53287102557494,7.32618434359145,11.8,38.7587532065255,29.3,279.1,285.3,3,2.7
2018-08-09 17:59:36.300,182.7,42.4165081192457,1.88533581726914,1.92325339767226,1.52768696226295,390.778636845254,398.638011742523,1.55841163262706,75.4,140.419100371912,19715.4828912877,0.9,76.2,43.7847733333333,-79.4035916666667,988.5,6.53285596667105,7.32355954602078,12,38.7583188629389,29.3,282.6,258.5,4.1,3.8
2018-08-09 17:59:37.300,182.4,42.411749263309,1.88064216657411,1.91855683924703,1.50288387842621,390.801441275066,398.680264391831,1.53317895298156,75.3,140.475901910355,19762.1845582646,0.9,74.5,43.7847783333333,-79.40355,988.6,6.53822899079207,7.3220161532917,12.2,38.757716068622,29.3,276.1,245.6,4.5,3.6
2018-08-09 17:59:38.300,182.4,42.4122817758405,1.88304418644129,1.92112140464256,1.24727706616066,390.536760726614,398.433799190497,1.27249775008276,72.5,140.448644251062,19820.1402504212,0.9,71.9,43.7847883333333,-79.4035083333333,988.6,6.53330502076594,7.32830259260828,12.4,38.7577754160939,29.3,279.1,248.2,4.6,4.4
2018-08-09 17:59:39.300,182.4,42.406002039516,1.88444978382906,1.92265670336604,1.3570346600269,390.135805030443,398.045589912748,1.38455249390057,70.1,140.49408600031,19871.6154294813,0.9,70.4,43.7848016666667,-79.403465,988.6,6.53102371688833,7.3250695150153,12.9,38.7574474431303,29.3,279.2,258,4.8,4.9
2018-08-09 17:59:40.300,182.2,42.4055062463651,1.88459445157951,1.92321096714627,1.43107742674211,390.260176418446,398.256795159999,1.46040112898717,69.7,140.427318794797,20079.0221740226,0.9,69.3,43.784815,-79.4034183333333,988.6,6.52766559776251,7.32276614184155,13.8,38.75701687436,29.3,278.6,257.8,5.1,4.6
2018-08-09 17:59:41.300,181.8,42.4022461981321,1.88265041765652,1.92119688921443,1.40250850389907,389.987413134759,397.972220319849,1.43122473164732,70.1,140.477852692425,20063.7894766932,0.9,68,43.7848266666667,-79.40337,988.6,6.53277854346171,7.32471523371378,14.8,38.7563758982685,29.3,273.6,275.8,4.5,3.5
2018-08-09 17:59:42.300,181.3,42.4071930112766,1.88257861294233,1.92115029345432,1.48458385855965,389.746791034415,397.732291907393,1.51500057548107,68.2,140.465140933251,20077.6623312409,0.9,66.7,43.78484,-79.4033166666667,988.6,6.53377106983819,7.32572974460107,15.5,38.7568888126377,29.3,275.5,299.6,4,4.1
2018-08-09 17:59:43.300,181.3,42.4068428099517,1.88235340076789,1.92096156318974,1.42885038015013,390.371692107396,398.378478231853,1.45815690321685,65,140.483838394945,20098.3579985393,0.9,65.5,43.7848566666667,-79.4032683333333,988.7,6.53458368608493,7.32350858445735,15.5,38.7562290185003,29.3,275.3,295.5,3.8,4.5
2018-08-09 17:59:44.300,181.4,42.4115631897481,1.88129383012021,1.91981539962695,1.44178362163713,390.615337916916,398.61366269516,1.47130780339922,61.5,140.432786831852,20065.4043959381,0.9,63.7,43.784875,-79.4032233333333,988.7,6.53208981244415,7.32675596183392,14.8,38.7557888939806,29.3,277.1,303.3,3.3,4.5
2018-08-09 17:59:45.300,181.5,42.4135634902891,1.8817290797972,1.92016153626753,1.35111686216754,390.835683663682,398.818022137399,1.37871218117741,57.7,140.453571812328,20014.9938979312,0.9,61.8,43.784895,-79.4031816666667,988.7,6.53358357385504,7.32665494152453,14,38.7556627176483,29.3,262.8,259.9,4,2.4
2018-08-09 17:59:46.300,181.7,42.4184226157224,1.88415621559557,1.92261098734121,1.37621130465202,391.386596066501,399.3744817967,1.40430049611153,56,140.471350502553,20000.9956519671,0.9,63.5,43.7849133333333,-79.403145,988.8,6.53025147389359,7.32141246495647,13.1,38.7554661527491,29.3,253.4,223.4,4.6,2.8
2018-08-09 17:59:47.300,181.8,42.4249965477398,1.88268047216815,1.92102081028978,1.38141193455593,391.440893082974,399.412474392989,1.40954587069414,56.6,140.475491365446,19958.2235482851,0.9,62.4,43.7849283333333,-79.40311,988.7,6.53645281879936,7.32721444968362,12.4,38.7555292075885,29.3,245.6,196.7,4.8,2.5
2018-08-09 17:59:48.300,181.9,42.4275086161153,1.88174967379796,1.92008467379796,1.56312234877673,391.5621494826,399.538909943126,1.5949683837835,58.3,140.460794336572,19964.916541472,0.9,66.1,43.7849433333333,-79.4030783333333,988.8,6.53425020758424,7.32849440795623,11.6,38.7547776113502,29.3,240,179.2,4.4,2.5
2018-08-09 17:59:49.300,181.9,42.4328955863618,1.88418949509387,1.92253079031557,1.4060696708982,391.321180328171,399.284073235966,1.43468432831629,60.7,140.433699992786,19943.0199390865,0.9,63.7,43.784955,-79.4030466666667,988.8,6.5295158193296,7.3253824338398,11.2,38.75441085393,29.3,243.5,198.4,4.2,2.7
2018-08-09 17:59:50.300,182,42.4344914384718,1.88273626339362,1.92107942016235,1.76363028208919,391.280136276185,399.248827370512,1.79954788409219,59.6,140.47491697397,19959.2573181151,0.9,60.1,43.7849683333333,-79.4030166666667,988.7,6.52897852524489,7.32744522723903,11.2,38.7539587662755,29.3,249.3,208.9,4.7,3.3
2018-08-09 17:59:51.300,182.1,42.4441850423582,1.88198381609857,1.9203394941517,1.70622268344538,391.537722567024,399.517441313766,1.74099340210783,57.2,140.451907840291,19973.2845456544,0.9,56.4,43.7849816666667,-79.4029833333333,988.7,6.53242594217457,7.32667836276081,11.6,38.7544335603806,29.3,248.2,240.4,4,1
2018-08-09 17:59:52.300,182.1,42.4449929912647,1.88274192329595,1.92128590539926,1.65106674733989,392.052631208474,400.078935179861,1.68486755302113,55.5,140.459599335581,20061.8626129722,0.9,54.9,43.7850016666667,-79.4029483333333,988.8,6.53287673888164,7.325860627581,12.2,38.7537794630992,29.3,252.9,324.1,2.4,3.5
2018-08-09 17:59:53.300,182,42.4498016310821,1.8832672349151,1.92176814891843,1.72177482279148,391.994065286185,400.007793192201,1.75697503076247,54.9,140.4336307151,20034.0529096462,0.9,58,43.7850216666667,-79.40291,988.6,6.53171199871298,7.32646221212078,12.9,38.7534500114673,29.3,264.1,315.2,2.5,3.8
2018-08-09 17:59:54.300,181.9,42.4454082966891,1.88284766216929,1.92123001532406,1.53326993335128,392.045219265193,400.037208561617,1.56452654035262,58.2,140.479091998125,19978.1045192878,0.9,60.7,43.7850416666667,-79.40287,988.8,6.53041853737781,7.32840440155862,13.5,38.7529023019522,29.3,260.8,317.9,2.6,3.4
2018-08-09 17:59:55.300,182.1,42.4466196935661,1.88176053543708,1.92005613117153,1.22062441905771,392.58651401806,400.576045719123,1.24546101550982,58.6,140.442857010772,19945.0892427642,0.9,58.4,43.7850616666667,-79.4028283333333,988.7,6.53193048684522,7.32473955041736,13.7,38.7531112687254,29.3,260.6,251.8,3.9,3.7
2018-08-09 17:59:56.300,182.3,42.4432257115547,1.88085640422907,1.91902998735181,1.43128862220235,392.331342589866,400.293896607541,1.46034228684384,57.2,140.489301689036,19892.0050558404,0.9,57,43.7850833333333,-79.4027883333333,988.8,6.53270110668406,7.32383465205883,14,38.752660852766,29.3,258.9,275.8,4.7,3.5
2018-08-09 17:59:57.300,182,42.4443043301319,1.88270463366741,1.92104959456853,1.54075078252604,391.874080275029,399.855448878905,1.57213318101507,57.6,140.444935587954,19960.7138532267,0.9,58.1,43.7851,-79.4027483333333,988.8,6.53415968074553,7.32493502063929,14,38.7523754831502,29.3,248.5,229.3,4.4,1.5
2018-08-09 17:59:58.300,181.5,42.437736954006,1.88120855747235,1.9194642206254,1.49445872866714,391.825146363622,399.793306867849,1.52485216222988,57.5,140.484176948562,19930.6207623223,0.9,54.4,43.7851183333333,-79.4027033333333,988.7,6.53309040960138,7.32218408196469,14.6,38.7520074840392,29.3,253.1,283.9,4.4,1.5
2018-08-09 17:59:59.300,181.2,42.4353723964324,1.88162201259211,1.92010173379627,1.60487796216566,391.44592234004,399.451212747608,1.63769976335069,52.7,140.434123331144,20040.6384582047,0.9,48.8,43.785145,-79.4026616666667,988.7,6.53466213216795,7.32808254935631,14.8,38.7516959707942,29.3,261.6,296.7,3.8,5
2018-08-09 18:00:00.300,181.1,42.4240859953231,1.88232104992986,1.92094672197502,1.62386546653305,391.297688471302,399.327251768556,1.65718779560367,48.3,140.481846430147,20107.6422437371,0.9,48,43.7851733333333,-79.4026216666667,988.8,6.53164457259301,7.32375527609408,15,38.7515580616022,29.3,269.9,320.4,2.9,6.1
2018-08-09 18:00:01.300,181.1,42.4187086770077,1.88143340465348,1.91990740433875,1.56055271364782,391.220662114341,399.220698627576,1.59245973566786,48.3,140.461722738153,20039.1831532593,0.9,50.4,43.7851966666667,-79.4025816666667,988.8,6.53531691623667,7.32437629331746,15,38.7513223859945,29.3,284.1,304.7,3.6,7.5
2018-08-09 18:00:02.300,181.2,42.4218263264661,1.88228221359749,1.92093966336311,1.41069767930801,390.802902523326,398.829067363597,1.43966998363699,49.1,140.483022944029,20124.3478366859,0.9,54.8,43.78522,-79.40254,988.8,6.53640555023438,7.32762416031034,14.8,38.7511704797731,29.2,272.9,293.7,3.7,4.9
2018-08-09 18:00:03.300,181.4,42.426133027414,1.8827153945172,1.92150001549459,1.4507267233253,391.088984485514,399.145639988103,1.48061357513393,50.5,140.436604926517,20184.8633353368,0.9,57.9,43.7852416666667,-79.4025033333333,988.8,6.53334942967435,7.3276315061566,14.4,38.750979495431,29.2,259,263.9,4.3,4.2
2018-08-09 18:00:04.300,181.4,42.4276582965742,1.88223480058352,1.92110383356578,1.58002232513975,391.218170203116,399.296995105407,1.61265308830046,54.2,140.463640181471,20232.6551055969,0.9,62.7,43.78526,-79.402465,988.8,6.52811052049571,7.32545069382005,13.7,38.7508731346447,29.2,256,245.6,4.9,3.9
2018-08-09 18:00:05.300,181.5,42.4322287033041,1.88144455270688,1.92028987720218,1.57968067462359,391.440358046681,399.522239952106,1.61230796481754,56,140.469843428918,20228.8159915421,0.9,64.1,43.7852766666667,-79.40243,988.7,6.52980623194906,7.3242959059351,13.3,38.7508017006366,29.2,259.9,249.1,4.8,3.3
2018-08-09 18:00:06.300,181.5,42.4395588488014,1.88232145717598,1.92114153514478,1.35648960007312,391.394698666505,399.466607262444,1.38447027512242,58.2,140.480045880176,20206.6067511858,0.9,65.8,43.7852916666667,-79.4023916666667,988.8,6.52741648618077,7.321939338597,12.9,38.7505764038881,29.2,254.9,246.3,4.3,2.6
2018-08-09 18:00:07.300,181.5,42.4467524841864,1.88404122813445,1.9231393688182,1.45811107884343,391.516958810351,399.641916985165,1.48836811180151,59.7,140.453581875707,20330.5332062797,0.9,66.2,43.785305,-79.4023533333333,988.8,6.52847988975521,7.32407569833908,12.7,38.750226628642,29.3,253.5,225.5,4.3,1.9
2018-08-09 18:00:08.300,181.8,42.4519078246512,1.88283128415217,1.92173732595943,1.46185316625068,391.919430665272,400.017881490771,1.49206142404096,62.9,140.451142077914,20245.1799130284,0.9,67.6,43.7853166666667,-79.4023133333333,988.7,6.53323713092509,7.32217016878087,12.7,38.7497305445589,29.3,249.2,190.9,4.7,2.6
2018-08-09 18:00:09.300,181.7,42.4482171686606,1.88153272203153,1.92031499340154,1.41652747966743,392.314683287303,400.401226373916,1.44572261740221,66.8,140.473158806276,20196.0993568129,0.9,66,43.7853216666667,-79.4022733333333,988.8,6.53185865401387,7.32428116006261,12.9,38.7496888296064,29.3,251.3,187.1,5.4,3.4
2018-08-09 18:00:10.300,181.5,42.4455236097351,1.88093607205605,1.91955523492116,1.53419731088908,393.357455869482,401.43378126951,1.56569925532329,66.8,140.456054308079,20118.8402384858,0.9,63.6,43.785335,-79.40223,988.8,6.53244453182923,7.32365171821683,13.5,38.7496649697303,29.3,250.4,184.4,6,4.4
2018-08-09 18:00:11.300,181.5,42.4444466170456,1.88008973519233,1.9185563978219,1.58382031155228,393.804476393509,401.861589715907,1.61622386896651,67.9,140.465021369241,20049.5822241822,0.9,64.3,43.7853466666667,-79.4021833333333,988.8,6.53719013076355,7.32299771374484,13.8,38.7493563840703,29.3,244.9,174.3,5.8,3.5
2018-08-09 18:00:12.300,181.5,42.4484774349286,1.88140634368157,1.91977318630467,1.63405981547848,393.947361676954,401.980862419706,1.66739914951883,68.3,140.46744114082,19984.8699606047,0.9,64.1,43.7853583333333,-79.4021366666667,988.8,6.5353771160377,7.32035592970078,14.6,38.7491506567418,29.3,251.2,198.6,5.5,2.5
2018-08-09 18:00:13.300,181.6,42.4480481415176,1.88310535104497,1.92118825986064,1.4255930689548,394.237749447568,402.210634498972,1.45441645938967,68.5,140.473268907552,19822.5863482613,0.9,65.9,43.7853716666667,-79.4020866666667,988.8,6.53394837618527,7.32014501957426,15.1,38.7485420453399,29.3,257.2,228.9,5.7,3.2
2018-08-09 18:00:14.300,181.6,42.4463916993132,1.88385214539895,1.92174864634372,1.59239829328971,394.135518873226,402.06416877875,1.62443174762625,66.4,140.440840149276,19719.7301637586,0.9,61.5,43.78539,-79.4020366666667,988.8,6.53212124995254,7.32621784146867,15.5,38.7484561548151,29.3,260.3,232.1,5.5,3.6
2018-08-09 18:00:15.300,181.7,42.4430867777928,1.88228358994332,1.92002428259744,1.59314328241071,394.468833898185,402.378162147487,1.62509342675994,62.2,140.472434927314,19656.4444553854,0.9,57.4,43.7854133333333,-79.401985,988.8,6.53143565030917,7.32466957386428,15.9,38.7485542713108,29.3,268.4,240.6,6.6,6.9
2018-08-09 18:00:16.300,181.7,42.4426123729018,1.88162550753819,1.91908638021322,1.49958626308048,394.701558996295,402.559586497429,1.52943988828463,59.5,140.45627361485,19520.2976433915,0.9,60.2,43.78544,-79.4019383333333,988.8,6.53581368185013,7.32740010787844,16.1,38.7486074907001,29.3,255.2,209.3,7.1,4.9
2018-08-09 18:00:17.300,181.7,42.4435416900341,1.88167374623937,1.91899261600323,1.58240961936402,394.844192660938,402.675115423168,1.61379148586441,61.5,140.481199096088,19447.3575886831,0.9,64.4,43.7854616666667,-79.4018866666667,988.8,6.53755216331386,7.32941317865217,16.4,38.748113913611,29.3,242.7,182.2,6.5,3.5
2018-08-09 18:00:18.300,181.7,42.4517224514502,1.88038000073036,1.91752786478327,1.61658309177201,395.004211286256,402.807787724554,1.64852434424883,61.7,140.454216086393,19372.9551485069,0.9,59.1,43.7854833333333,-79.401835,989,6.54139360499004,7.32731118174969,16.8,38.7476248332727,29.3,242.5,183.1,6.5,4.1
2018-08-09 18:00:19.300,181.7,42.4533740704139,1.88205864668675,1.9190585047947,1.46026754910718,395.162288203659,402.930891538428,1.48897693173268,58.4,140.474455225447,19280.3456848592,0.9,54.2,43.7855083333333,-79.401785,988.9,6.53529352162698,7.32608851023509,17.2,38.747461057106,29.3,243.4,192.9,6.8,3.6
2018-08-09 18:00:20.300,181.6,42.4583678380395,1.88113330098358,1.91795318754768,1.39213759473291,395.608209938126,403.351567618965,1.41938556157935,57.5,140.439638266177,19197.604968437,0.9,55.5,43.7855316666667,-79.401735,988.9,6.53347449974611,7.32220668504119,17.7,38.7476452265228,29.4,236.2,168.9,6.2,2.6
2018-08-09 18:00:21.300,181.4,42.457580653915,1.88058414192504,1.91715624655066,1.40129108234152,395.699732574343,403.394970186302,1.42854202155175,58.9,140.476289052985,19076.2727438821,0.9,56.7,43.7855533333333,-79.40168,988.9,6.53389382440991,7.32265822717251,18.8,38.7474932017436,29.4,236.9,110.6,5.8,1.1
2018-08-09 18:00:22.300,181,42.4606286278671,1.88173916356178,1.91809007739473,1.4402368053075,395.696832764225,403.340729800809,1.46805576138284,59.8,140.46692831989,18951.5037989938,0.9,57.1,43.7855733333333,-79.4016233333333,989,6.53488102353419,7.32259969537324,19.6,38.7475351536732,29.4,223.1,44.4,4.7,4.7
2018-08-09 18:00:23.300,180.7,42.4643873446584,1.88085564080995,1.91701791757808,1.51287633337709,396.012783666291,403.626681096835,1.54196358605213,59.7,140.484228213004,18863.6792779176,0.9,57.6,43.7855983333333,-79.401565,988.9,6.54000143253697,7.32307914242326,20.1,38.7476204175662,29.3,223.3,5.6,3.1,5.8
2018-08-09 18:00:24.300,180.5,42.4694463226774,1.87986083231324,1.91596467956893,1.53776705076206,396.17570852261,403.7843293866,1.56730093363224,58.2,140.440588124231,18843.3162383678,0.9,58,43.7856283333333,-79.4015033333333,988.9,6.53719309512151,7.32367896246604,20.3,38.7469069799464,29.2,222.1,35.2,3.7,4.6
2018-08-09 18:00:25.300,180.6,42.467607488072,1.8804459391093,1.91651054148359,1.63538314055826,395.887716996747,403.480194102171,1.66674249933202,57.2,140.458333931005,18817.5658154759,0.9,61.5,43.7856583333333,-79.4014433333333,989,6.53298228339887,7.32470244552803,20,38.7465997559451,29.2,230.3,11.7,4.2,2.5
2018-08-09 18:00:26.300,180.8,42.4654105049204,1.88229427463756,1.91826387371108,1.68555832842918,395.461484696316,403.018503451386,1.71776787880663,57.8,140.468849942095,18751.097341628,0.9,63.9,43.7856833333333,-79.401385,988.9,6.53384114580324,7.32332627069881,19.2,38.7469220046324,29.2,233.6,14.9,3.3,4.3
2018-08-09 18:00:27.300,180.9,42.4685116884744,1.88357846255656,1.9196301371584,1.57225437587274,394.858352104782,402.416021125737,1.60234705709657,58.4,140.471119186505,18780.6465536448,0.9,66.2,43.7857066666667,-79.401335,988.9,6.53151028062448,7.32591742204111,18.1,38.7465910846605,29.2,232.8,7,2.8,3.5
2018-08-09 18:00:28.300,180.9,42.4746455568888,1.88279169107009,1.91889573809703,1.36365146427099,394.735284648498,402.304651131677,1.38979969650092,59.6,140.450043975642,18815.1116703914,0.9,65.9,43.7857266666667,-79.4012833333333,988.9,6.53354079652321,7.32486946224995,17.2,38.7462156228345,29.2,241.8,0.4,3.3,2.7
2018-08-09 18:00:29.300,181,42.4788406257233,1.87914109412881,1.91528150036465,1.2489638410713,394.792565601268,402.385337471314,1.27299605915369,57.5,140.447699993805,18869.4806140377,0.9,61.2,43.7857483333333,-79.401235,988.9,6.53809256220205,7.32157415692923,16.2,38.74602,29.2,241.9,299,3.8,1.2
2018-08-09 18:00:30.300,181.2,42.4760561455437,1.87874168255642,1.91502751234243,1.51460390238556,394.599938060373,402.22111390013,1.54385663931187,56,140.464585106996,18947.7699541755,0.9,60,43.78577,-79.40119,988.8,6.53714656996896,7.31860902668783,15.9,38.7461147177751,29.2,227.1,24.1,3.1,3.2
2018-08-09 18:00:31.300,181.5,42.4775910777005,1.88218394963795,1.91868898105016,1.59333594176583,394.225691661152,401.871822178658,1.62424157269531,56.2,140.4506057408,19026.1887415609,0.9,63.3,43.78579,-79.401145,988.9,6.53372490983716,7.32332914705827,15.1,38.7462243298129,29.2,215.8,29.9,3.2,3.5
2018-08-09 18:00:32.300,181.6,42.4767379765784,1.88261645377132,1.91935549422389,1.62307895813631,394.178440811756,401.870893411995,1.65475336278099,56.6,140.450122840403,19141.5552260881,0.9,65.7,43.7858116666667,-79.4011033333333,988.9,6.53436058104392,7.32532562461253,14.2,38.7459427457324,29.2,215.8,27.5,2.3,3.4
2018-08-09 18:00:33.300,181.6,42.4755032344347,1.88120697048835,1.917998519116,1.52193817190239,393.844537664564,401.547117213993,1.55170134536221,57.1,140.451877127354,19182.2965540427,0.9,64.6,43.7858316666667,-79.4010666666667,989,6.5356544532789,7.32398295832723,13.1,38.7456976973929,29.2,218.8,22.6,2.2,2.8
2018-08-09 18:00:34.300,181.5,42.4741963652969,1.87912848360095,1.91601772379965,1.33541543775877,393.876717686725,401.608977136374,1.36162642022734,58.1,140.466714733528,19253.1654430377,0.9,63.7,43.78585,-79.40103,989.1,6.53790503317362,7.3238300513309,12.4,38.7459493993468,29.2,225.5,0.4,2.6,1.2
2018-08-09 18:00:35.300,181.2,42.4786675475613,1.87894081309139,1.91602926594507,1.37350893549777,393.998875995217,401.776049584977,1.40062587966906,58.7,140.441179255617,19356.9538193475,0.9,59.7,43.785865,-79.4009933333333,988.9,6.53736227097514,7.32382260061749,12.2,38.7457631045188,29.2,244.4,355.9,2.2,3.2
2018-08-09 18:00:36.300,181.1,42.4822551160543,1.88003831175181,1.91717832127917,1.46003897274242,393.895702060117,401.677060371703,1.48888461412704,57.2,140.458407610841,19372.1945852832,0.9,55.8,43.7858816666667,-79.400955,988.9,6.53693711881584,7.32476604281789,12.2,38.7453332227331,29.2,228.6,348.1,2,2.1
2018-08-09 18:00:37.300,181.2,42.4834278126298,1.88044640708381,1.91755978765842,1.38539223555479,393.869451553677,401.643054014193,1.4127356499615,54.8,140.467239736858,19354.4450606569,0.9,54.8,43.7859,-79.40092,988.9,6.5365443667342,7.32284192833271,12.2,38.7450524346425,29.2,246.4,298.5,3.1,1.9
2018-08-09 18:00:38.300,181.1,42.4812465549409,1.88084519985338,1.91817381313391,1.55100686386513,393.861295720384,401.678069773273,1.58180491719272,54.2,140.47589131045,19460.3646789488,0.9,54.7,43.7859183333333,-79.4008866666667,989,6.53626671384627,7.32257872994728,12.2,38.744416244573,29.2,255.4,312.6,2.6,2.3
2018-08-09 18:00:39.300,181,42.479609572592,1.88218939716057,1.9196763352462,1.66779491453025,393.795157919757,401.638206935672,1.70101423557928,57.6,140.442289610701,19527.6832940285,0.9,62.2,43.7859366666667,-79.4008516666667,988.9,6.53654327536429,7.32141930481939,12,38.7440879922289,29.2,244,23.7,2.5,1.9
2018-08-09 18:00:40.300,180.8,42.4785370310199,1.8801025459181,1.91749452034389,1.60055982179524,393.953639829609,401.788732858257,1.63239242051575,61.5,140.46240842529,19500.6194818688,0.9,63.7,43.78595,-79.400815,989,6.53798600790788,7.31924689130573,11.8,38.7442156770066,29.2,207.8,13.8,1.6,4.7
2018-08-09 18:00:41.300,180.6,42.4804680170203,1.87963363417855,1.9171176914713,1.56780835767788,393.809024421102,401.662383158493,1.59907096068542,61.8,140.473632376812,19552.2613131013,0.9,62.6,43.7859633333333,-79.4007783333333,989,6.53548032534958,7.32339241816811,11.6,38.7441869513159,29.2,140.9,7.1,0.6,6
2018-08-09 18:00:42.300,180.4,42.4828485248883,1.8817265545831,1.91929204699511,1.41347656616578,393.414886503627,401.268737915009,1.44169706232218,60.3,140.469060522067,19572.5674570178,0.9,56.2,43.7859766666667,-79.4007416666667,989,6.53166001082542,7.32874254851053,11.6,38.7439346059288,29.2,180.9,11.1,0.6,6.1
2018-08-09 18:00:43.300,179.9,42.4843789067621,1.88148861272104,1.91906056610914,1.28999164732684,393.20612711466,401.058219741301,1.31575035666189,58.2,140.436968051121,19578.4666685184,0.9,55.6,43.78599,-79.4007083333333,989,6.53265178133835,7.32876478824544,11.8,38.7441696355874,29.2,226.9,8.9,0.9,4.2
2018-08-09 18:00:44.300,179.8,42.4839641225395,1.8827894013112,1.92047967080787,1.35776447631135,393.280660744086,401.153451081067,1.3849445779286,58.9,140.450827921199,19625.3841838039,0.9,57.9,43.7860016666667,-79.4006716666667,989,6.53296133873133,7.32848849391222,11.8,38.7442611702409,29.1,229.6,0.4,1.5,2.3
2018-08-09 18:00:45.300,179.7,42.4837395495859,1.88336411471291,1.92114156146664,1.49922871247324,393.374965697801,401.265414712908,1.52930163715606,59.1,140.466636889289,19663.9279864752,0.9,58.3,43.7860166666667,-79.40064,989,6.53475956689518,7.32819305859726,11.4,38.7439466867264,29.1,242.5,200.2,3.5,1
2018-08-09 18:00:46.300,179.5,42.4848129994192,1.87996740332313,1.9176723358949,1.50352818274278,393.614703487583,401.509020054213,1.53368402899627,60.4,140.463910075511,19661.6169145433,0.9,61.3,43.7860333333333,-79.4006083333333,989,6.5354909722035,7.32158757712141,11.1,38.7435493315262,29.2,245.3,207,3.7,1.4
2018-08-09 18:00:47.300,179.7,42.4850729892535,1.88022779703117,1.91797720625067,1.49179491479465,393.521905005625,401.422544182667,1.52174626275855,59.9,140.441760042412,19681.6313331605,0.9,63,43.78605,-79.400575,989.1,6.53529140039634,7.32522421900573,11.1,38.7435222205883,29.2,248.1,247.5,3.4,1.1
2018-08-09 18:00:48.300,180.1,42.4815882959043,1.88138840814686,1.91942262022414,1.42291961409775,393.219973821643,401.169220443589,1.45167884832962,60,140.456134042194,19815.2799805856,0.9,63,43.7860683333333,-79.4005433333333,989.1,6.53548561807422,7.32547747739113,10.9,38.7436898422566,29.2,250.5,269.8,3.2,1.4
2018-08-09 18:00:49.300,180,42.4798869890321,1.8811931413949,1.91935266702466,1.41099463125632,393.250726241618,401.22763250667,1.43961577012893,59.7,140.459849967455,19881.2845498927,0.9,60.9,43.786085,-79.4005133333333,989,6.53388863877498,7.32334116559264,10.5,38.7433686900345,29.2,254,286.4,2.8,1.4
2018-08-09 18:00:50.300,179.9,42.4772301859817,1.88004765788283,1.91826623021411,1.58615871046741,393.423112802498,401.420819477681,1.61840836338722,59.5,140.449347638256,19923.4655908872,0.9,59,43.7860983333333,-79.4004833333333,988.9,6.5364579379651,7.32537758321009,9.8,38.7434886565609,29.3,253.4,296.2,2.6,1.5
2018-08-09 18:00:51.300,179.9,42.4750019310157,1.87995096585326,1.91822245164285,1.61308718595604,392.924704159044,400.923758215849,1.64592778737386,56.8,140.45434116428,19951.5553575092,0.9,60.6,43.7861116666667,-79.4004566666667,989,6.5361454196591,7.32592807827313,9.4,38.7437477263349,29.3,256.8,227.4,3.3,2.5
2018-08-09 18:00:52.300,180.1,42.4768176209133,1.88089082910604,1.9191796068136,1.54316299481834,392.579663147422,400.571312316057,1.57457688348255,56,140.473402996866,19950.6097667446,0.9,65.9,43.7861266666667,-79.4004316666667,989,6.53665055801402,7.32613077935053,8.7,38.7434211120941,29.3,239.5,187.5,3.4,1.5
2018-08-09 18:00:53.300,180.6,42.4781388936652,1.87973504861498,1.91811632933241,1.46686856436048,392.571749091543,400.587447424352,1.49681648137136,59.8,140.45955978136,20009.7272110978,0.9,63,43.7861433333333,-79.400405,989,6.53727472198754,7.32387741946217,8.7,38.7430923443701,29.3,236.8,147,2.8,2.4
2018-08-09 18:00:54.300,180.6,42.478639531132,1.87870632804456,1.91722071867585,1.48568216549508,392.041359330273,400.078332768516,1.51614249381584,67.4,140.450150004493,20088.3757853125,0.9,70.3,43.78615,-79.400375,989,6.53564914071365,7.32671567233813,9,38.7429378124927,29.3,233.9,145.9,3.4,2.6
2018-08-09 18:00:55.300,180.5,42.4830242838992,1.87904076154607,1.91769338056734,1.36728782959315,391.690071406936,399.747276164437,1.3954075452571,72.9,140.477961909408,20155.574275999,0.9,69.2,43.786155,-79.4003433333333,989,6.53498947668214,7.32737014406843,9.6,38.7426447619793,29.3,244.7,165.5,3.7,1.4
2018-08-09 18:00:56.300,180.3,42.4956880798503,1.87924834832285,1.91803678544982,1.30184104154913,391.309705711136,399.386552541759,1.32871580785858,75.5,140.46831716917,20223.1113222807,0.9,73.3,43.7861583333333,-79.40031,988.9,6.53381509271452,7.32602650396134,10,38.742336094361,29.3,258.8,207.6,3.2,0.8
2018-08-09 18:00:57.300,180,42.5061353118233,1.87873149997888,1.91777171869588,1.3544585390694,390.961131247378,399.085403115558,1.38259969545834,75.1,140.460753126681,20357.1909208982,0.9,74.3,43.7861633333333,-79.4002783333333,989.1,6.53183175035268,7.32688959387926,9.8,38.7423881249771,29.3,244.6,128.3,3.7,2
2018-08-09 18:00:58.300,179.7,42.5181158375255,1.87916079230847,1.91855542647219,1.25241863681931,392.240650193123,400.463637230362,1.27866903852006,76.5,140.429241365428,20533.3334379038,0.9,73.3,43.7861666666667,-79.400245,989.1,6.53123042315869,7.32554960593471,10.1,38.7427150784961,29.3,256.4,199.4,3.2,1.2
2018-08-09 18:00:59.300,179.7,42.5271019786058,1.8779242723676,1.91746964229804,1.29885790309711,392.871396185058,401.144553388541,1.32621067535468,76.2,140.461673205136,20623.7995349317,0.9,74.7,43.7861716666667,-79.400215,988.9,6.53507427420434,7.32683163175361,9.6,38.7424770490441,29.3,258.8,179.2,3.1,0.6
2018-08-09 18:01:00.300,179.9,42.5390301985372,1.87713882370426,1.91689634385034,1.32877458642014,392.577610505358,400.892474253525,1.35691317417277,76.1,140.461212735718,20740.7996337606,0.9,71.7,43.7861766666667,-79.4001816666667,989.1,6.5380058957369,7.32563250814827,9.8,38.7423558903309,29.3,253.7,150.1,3.2,0.9
2018-08-09 18:01:01.300,180,42.5461459323645,1.87692473956059,1.91697564891192,1.42722899698882,391.770702326186,400.130485538087,1.45769150721563,79.8,140.454307924237,20892.8004517597,0.9,75.7,43.7861816666667,-79.4001416666667,989.1,6.53441384422738,7.32389282377793,11.1,38.7425388980453,29.3,256.5,24.4,3.1,1
2018-08-09 18:01:02.300,180,42.5450543756552,1.87651425017055,1.91665606267575,1.40786925160687,390.870905888209,399.232212130825,1.43798543379387,83,140.447612441972,20943.4418756136,0.9,75.6,43.786185,-79.400095,989.1,6.53505425729198,7.32310606013,12.5,38.7423499996672,29.3,268.9,338.9,2.7,1.7
2018-08-09 18:01:03.300,180,42.5432099405143,1.87893692310627,1.91929121472102,1.43662459606878,390.724528734974,399.116101099925,1.46748739401932,80.7,140.471944224833,21025.3880063298,0.9,70.8,43.7861916666667,-79.400045,989.1,6.53725511853374,7.3209906829074,13.5,38.7421814277697,29.3,267.6,329.9,2.4,2.8
2018-08-09 18:01:04.300,179.9,42.5427963583581,1.88036650811595,1.92079056676297,1.42418651126951,390.773898562437,399.174794749404,1.45480773509676,74.7,140.467727190889,21045.734428952,0.9,69.4,43.7862016666667,-79.3999966666667,989.2,6.535536569666,7.32227801076081,13.8,38.7422799200268,29.3,267.6,314.8,3.2,2
2018-08-09 18:01:05.300,179.7,42.5415409335931,1.87724271350204,1.91745733824017,1.30700492451978,391.09445052374,399.472508316072,1.33500468875623,73.5,140.459589103576,20972.7852353962,0.9,73.4,43.7862116666667,-79.3999483333333,989,6.53616717449264,7.32638927021723,14.2,38.7422601560494,29.3,256.5,8.4,3.1,2.4
2018-08-09 18:01:06.300,179.6,42.5365329325762,1.87679132293841,1.91693782129937,1.29679178949664,391.461685762431,399.835451466339,1.32453109374055,75.6,140.482025126253,20942.8895623286,0.9,76.8,43.7862216666667,-79.3998966666667,989.1,6.5348991197831,7.32474275157151,14.6,38.741977231328,29.4,237.8,9.3,2,4.6
2018-08-09 18:01:07.300,179.7,42.5371963636036,1.87640634945872,1.91633157267859,1.42260654324185,391.674215916528,400.008164227208,1.45286722199459,79.4,140.453029588044,20834.4105080572,0.9,81,43.7862266666667,-79.399845,989.1,6.53692388083358,7.3254608169654,14.6,38.7420477610657,29.4,251.3,10.2,2.2,2.9
2018-08-09 18:01:08.300,179.6,42.5415949105413,1.87541421415552,1.91511515374613,1.41261144458529,391.847511329522,400.142567953887,1.44251724392109,82.7,140.471617033753,20730.2998886543,0.9,80.5,43.78623,-79.399795,989.1,6.53873918797382,7.32483914961267,14.6,38.7424434275331,29.4,267.3,353.9,2.6,3.7
2018-08-09 18:01:09.300,179.3,42.5462518205273,1.87597097275556,1.91561777384534,1.3866757376643,391.662634568962,399.939855226234,1.4159810952992,82.6,140.485240854794,20696.2588520697,0.9,78.3,43.7862333333333,-79.399745,989.1,6.538381790192,7.32569943888322,14.8,38.7423280160061,29.3,257.7,10.6,1.5,5.4
2018-08-09 18:01:10.300,179.1,42.55145342433,1.87709434032985,1.91673843403688,1.51537205522363,391.20537309316,399.467569999253,1.54737607710297,81.3,140.491884303968,20683.1150133469,0.9,77.3,43.7862383333333,-79.3996933333333,989,6.53731722377279,7.33005308327215,15.1,38.7417006268706,29.3,244.7,9.5,1.2,6.2
2018-08-09 18:01:11.300,179,42.5549237530641,1.87754721853094,1.91715606218552,1.52725461510343,391.397675878381,399.654638377844,1.55947439343311,78.2,140.478362443556,20660.2896406915,0.9,71,43.7862483333333,-79.3996416666667,989.1,6.53533971610115,7.32552873594805,15.5,38.7417859383735,29.3,227.4,21.2,1.5,6.7
2018-08-09 18:01:12.300,179,42.5582757414234,1.87865527937087,1.91835227851529,1.38750674992525,391.597288440112,399.871913964208,1.41682229873908,72.9,140.471407255931,20693.1663053218,0.9,64,43.78626,-79.3995916666667,989.2,6.5352759108415,7.32387397056698,15.9,38.7419152365876,29.2,215.8,8.3,1.7,5.3
2018-08-09 18:01:13.300,178.5,42.5587451107619,1.87822662183807,1.91788024200159,1.47817076339344,391.369183878259,399.631910436316,1.50937338867403,67.1,140.493349803079,20675.8431057766,0.9,59.9,43.7862816666667,-79.3995416666667,989.1,6.53717778531935,7.32812781903902,16.2,38.7420901718025,29.2,243.4,355.8,2.6,3.4
2018-08-09 18:01:14.300,178.3,42.5613100531669,1.87674393200415,1.91635885382335,1.52282451320251,391.238814680118,399.497301912083,1.55496809147137,64.9,140.456342382896,20672.1790529271,0.9,61.5,43.7863033333333,-79.3994866666667,989.1,6.53633634435099,7.32710179409075,17.5,38.7420214595244,29.2,248.5,11.2,3.2,4.4
2018-08-09 18:01:15.300,178.2,42.5584675293033,1.87864078230845,1.91835350034287,1.53635884157665,391.424099618484,399.698420120128,1.56883600051975,66.5,140.476144186248,20701.2787813625,0.9,62.1,43.7863233333333,-79.399425,989.1,6.53326926880968,7.32337661307081,18.7,38.7420868177483,29.2,228.4,8.1,2,6.8
2018-08-09 18:01:16.300,178.3,42.5598500236528,1.87752536123504,1.91725273607041,1.52997480486484,391.269486038838,399.548536034806,1.56234830084656,65.5,140.443887162344,20720.9563164226,0.9,64.3,43.7863466666667,-79.3993616666667,989.1,6.53545901816961,7.32041586565649,19.2,38.7421637496976,29.2,250.7,354.6,2.7,6.4
2018-08-09 18:01:17.300,178.5,42.5580969192042,1.87669507631921,1.91629329428175,1.58359427338056,390.750369452026,398.995289165924,1.617005917389,66.3,140.463628389534,20664.1800861109,0.9,67.3,43.7863666666667,-79.399295,989.1,6.53573995453569,7.32492865551077,19.4,38.7422509688915,29.1,266.7,347.3,1.6,7.6
2018-08-09 18:01:18.300,178.4,42.5547003762604,1.87803655304525,1.91776981205006,1.37108547704614,390.618179265507,398.882450809073,1.40007953995342,66.7,140.473269782771,20718.5966352896,0.9,68.4,43.7863883333333,-79.3992333333333,989.2,6.53255833827383,7.32774950495946,18.8,38.7419514415936,29,286.3,345.4,1.8,7.5
2018-08-09 18:01:19.300,178.1,42.5543109862177,1.87757654531967,1.91751269305899,1.15913779677354,391.398380497616,399.723496087262,1.18379013669254,66.2,140.479548825693,20827.037649638,0.9,68.4,43.7864066666667,-79.3991766666667,989.2,6.53489638035525,7.32522160723432,18.5,38.7420329140006,29,215,8.8,1.5,7.6
2018-08-09 18:01:20.300,177.6,42.5527237468934,1.87764887863585,1.91758818885769,1.20220252034131,391.864667495857,400.200009496962,1.22777259594649,65.5,140.482515402936,20827.8954181245,0.9,65.1,43.7864233333333,-79.39912,989.2,6.53697400054078,7.32497346457335,18.3,38.7421226652246,29,224.7,1.4,1.1,8.3
2018-08-09 18:01:21.300,177.1,42.5578575117804,1.8779869843438,1.91780453103286,1.40382088453026,392.833419026808,401.162283089432,1.43358071902089,64.7,140.436103043386,20762.0116239456,0.9,62.9,43.78644,-79.3990566666667,989.1,6.53069008147797,7.32624614194405,19.2,38.7420287499002,29,254.3,354.4,1,8.6
2018-08-09 18:01:22.300,176.5,42.5588423224088,1.87773591296549,1.91754938579271,1.30831296189388,393.528405206671,401.872410909914,1.33605037955952,64.7,140.473748414439,20762.7973731047,0.9,63.1,43.7864616666667,-79.3989933333333,989.2,6.53251027918016,7.32616953071422,20.3,38.7419604217382,29,266.5,358.1,1.7,7.2
2018-08-09 18:01:23.300,176,42.5665400023248,1.87822766682703,1.91811866684055,1.2877330193032,393.795500047276,402.159233383713,1.31508368638663,65.4,140.440633316517,20797.0366718017,0.9,66.8,43.7864833333333,-79.3989266666667,989.2,6.53585500015135,7.323345999327,20.9,38.7419266666632,28.9,207.2,6,0.9,10.3
2018-08-09 18:01:24.300,175.8,42.5689624966805,1.88043125307263,1.92033644055348,1.23370916474368,394.138203533229,402.502391024293,1.25989175530083,66.3,140.455353201284,20780.4958946769,0.9,66.7,43.7865066666667,-79.3988616666667,989.2,6.53348162068045,7.32415462840883,21.2,38.7421300003405,28.9,205.7,6.4,1.1,9.8
2018-08-09 18:01:25.300,175.6,42.5688940632344,1.88019418660054,1.9201699679067,1.09246743161426,393.966256027775,402.342649788814,1.11569233645555,66.3,140.470681243184,20819.0681633302,0.9,67.6,43.7865283333333,-79.3987933333333,989.4,6.53217721881672,7.32363571756496,21.2,38.7419840623128,28.8,208.8,10.8,1.1,9.5
2018-08-09 18:01:26.300,175.3,42.5699114294779,1.87827364843942,1.91823641024598,1.20765133454194,393.765055478004,402.142939593154,1.23334419809787,65.8,140.481225425278,20833.0739434527,0.9,67.1,43.7865516666667,-79.3987266666667,989.4,6.53365901851807,7.32709451588173,21.1,38.7419114286847,28.8,207.6,12.5,1.5,9
2018-08-09 18:01:27.300,175,42.5689986117718,1.87874619088611,1.9187627452524,1.26352715237634,394.065357265833,402.45878803942,1.29043900930615,65.6,140.46664648318,20855.2539949791,0.9,66.6,43.786575,-79.3986616666667,989.4,6.53450996492619,7.32647884971869,21.1,38.7421145652584,28.8,220.4,4.7,1.7,8.7
2018-08-09 18:01:28.300,174.5,42.5700503515721,1.87778050714699,1.91780357776237,1.37318119237113,393.88955675314,402.285046170865,1.40244907255536,65.3,140.456347058528,20869.315764582,0.9,65,43.7865966666667,-79.3985933333333,989.5,6.53805323235824,7.3223233553843,21.2,38.7419987060535,28.8,222.9,4.2,0.9,10.4
2018-08-09 18:01:29.300,174.1,42.5689279230493,1.87555572659689,1.91561824794601,1.5293150124504,394.248533663634,402.669821468737,1.56198372830152,65.2,140.491357494044,20913.5625598715,0.9,66.3,43.7866216666667,-79.3985266666667,989.5,6.53939247847607,7.32238268264749,21.4,38.74195803198,28.8,236,0.4,0.6,10.1
2018-08-09 18:01:30.300,173.7,42.5744897955127,1.8787976154172,1.9189720104742,1.22897605370238,393.969918439163,402.394233818347,1.25525540940713,64.7,140.442201004785,20935.5660716439,0.9,66.7,43.786645,-79.3984583333333,989.5,6.53691905485855,7.32529017378434,20.7,38.7420763410077,28.7,265.9,0.4,1.5,8.5
2018-08-09 18:01:31.300,173.1,42.5734747244966,1.87777411432683,1.9177231551853,1.23832840133028,393.264685725436,401.631254810966,1.26466539810727,63.8,140.47528877359,20831.4742611556,0.9,63.1,43.786665,-79.3983966666667,989.5,6.53951900161034,7.32548387897163,20.3,38.7421478172327,28.7,214.3,0.4,0.7,8.9
2018-08-09 18:01:32.300,172.3,42.5699182839909,1.87724456344997,1.91704829586999,1.1973101302143,393.509219802998,401.852876724705,1.22269793345962,62.2,140.466793676258,20763.0439324476,0.9,60.7,43.7866883333333,-79.398335,989.6,6.54059304822216,7.321344334459,20.3,38.7422028306049,28.7,235.7,14.3,1.6,8.2
2018-08-09 18:01:33.300,171.3,42.569244640607,1.87570126196802,1.91548392499146,1.32380864306158,393.564163524853,401.91141102389,1.35188694776555,60.2,140.483858428718,20768.8470635719,0.9,59.8,43.7867133333333,-79.398275,989.6,6.53795872307094,7.32090200647268,20.5,38.7421697239724,28.7,199.8,13.4,1.6,9.4
2018-08-09 18:01:34.300,170.6,42.5732021590488,1.87562041410717,1.91525979396703,1.37578770985889,393.438948679169,401.753854635146,1.40486362961824,57.4,140.471481536414,20696.3872398033,0.9,58.6,43.7867383333333,-79.3982183333333,989.6,6.53714178431595,7.32187449412698,19.8,38.7424776799207,28.7,275.6,353.3,1.2,8.4
2018-08-09 18:01:35.300,170.1,42.5724399979222,1.87922914582097,1.91886214586517,1.16419510420055,392.589113561337,400.868699256424,1.18874852893158,52.5,140.480857159972,20654.0728476761,0.9,56.3,43.7867666666667,-79.39817,989.6,6.53492428370662,7.32652228962605,18.3,38.7423885712328,28.7,230.2,1.9,0.8,8.3
2018-08-09 18:01:36.300,169.8,42.5673449040472,1.87533672828704,1.91481349490697,1.09056485807737,392.628982712652,400.893864987479,1.11352127166474,49.8,140.49218197927,20616.1480506994,0.9,49.3,43.7867966666667,-79.3981233333333,989.7,6.54356770592046,7.32446429695245,17.7,38.7423429837512,28.7,211.6,5.5,0.7,8.9
2018-08-09 18:01:37.300,169.6,42.5654053105617,1.87775218576463,1.91732018682362,1.33338316879493,392.607677027716,400.880742722212,1.36148395226659,43.4,140.447168444595,20637.2296012646,0.9,38.5,43.78683,-79.3980766666667,989.7,6.53764652993165,7.32584270653346,18.5,38.7423959377364,28.7,161.5,4.9,0.4,9.8
2018-08-09 18:01:38.300,169.3,42.5536804336619,1.8768604347458,1.91643448215621,1.37101144539413,392.17359547438,400.442690682785,1.39991912359537,30.3,140.489238315905,20649.9160289108,0.9,31.1,43.7868716666667,-79.3980466666667,989.7,6.53963725929532,7.32672090383109,18.5,38.7426144451934,28.7,206.7,359.9,0.8,8.8
2018-08-09 18:01:39.300,169,42.5408712340395,1.8772229712624,1.91686997143852,1.23341987478574,391.766388554929,400.040419819788,1.25946790149801,18.1,140.47492805648,20683.0735001587,0.9,23.9,43.7869216666667,-79.3980283333333,989.8,6.53972268365297,7.32823601863961,18.7,38.742660624945,28.7,234.8,350.7,0.9,8.4
2018-08-09 18:01:40.300,168.8,42.5318642535641,1.87945620589124,1.91907448005724,1.19837622993023,391.741235762544,399.998949036848,1.22363678404883,7.5,140.479410823719,20644.3177973974,0.9,17.6,43.78697,-79.3980233333333,989.8,6.53168461652984,7.3269664809704,18.1,38.7426204819605,28.7,185.5,358.1,1.4,6.2
2018-08-09 18:01:41.300,168.7,42.5259131092346,1.87814464290122,1.91769459903491,1.19803332470675,391.856959803594,400.108602446599,1.22326145740833,2.3,140.470178761197,20623.5567794621,0.9,17.8,43.787015,-79.3980266666667,989.9,6.53670460551435,7.32143354867275,17.4,38.7427213964507,28.7,177.4,15.8,2.9,4.9
2018-08-09 18:01:42.300,168.7,42.5263278304248,1.87730535763524,1.91663887120415,1.12773600815837,391.654199163735,399.860273693773,1.15136675762843,10.5,140.465754697291,20522.2152203011,0.9,21.6,43.787055,-79.3980183333333,989.9,6.53826906712156,7.32277773423739,16.6,38.7425910920178,28.7,84.4,16,1.5,10.3
2018-08-09 18:01:43.300,168.7,42.5312408534157,1.87754111517588,1.91709997875271,1.1715937463897,392.072076395687,400.332973846013,1.19628251844901,33.2,140.472835608521,20634.8991445001,0.9,30.9,43.7870883333333,-79.397985,990,6.53536637281872,7.31979696324084,16.8,38.7429341365113,28.7,130.2,7.8,0.7,8.9
2018-08-09 18:01:44.300,168.2,42.5423915272169,1.87999583719188,1.91955265042849,1.20376149069015,391.856399300163,400.101560003289,1.22909059418569,54.2,140.423022597621,20607.661112979,0.9,47.1,43.7871116666667,-79.39793,990,6.53410089886162,7.32265350424836,18.7,38.7431229857292,28.7,164.4,1.7,1.2,9.9
2018-08-09 18:01:45.300,167.7,42.5472671815666,1.87711998210108,1.9166065464938,1.42515958377173,392.079828760601,400.32750860031,1.45514073528381,67.3,140.48674835607,20602.4493141868,0.9,76.6,43.7871233333333,-79.3978666666667,990,6.53744292752586,7.32097183988181,19.6,38.743086520561,28.7,166,5.6,0.7,10.1
2018-08-09 18:01:46.300,167.6,42.5549337551082,1.88128348997565,1.92092435423085,1.37734688941633,391.850303205456,400.107136443613,1.40636805562256,73.9,140.450757628046,20636.561696617,0.9,89.4,43.787135,-79.3978,990,6.53179376502881,7.3190737389849,19.8,38.7430929305422,28.7,219.2,4.7,0.6,8.6
2018-08-09 18:01:47.300,168,42.5579553613858,1.87757184192099,1.91724320788635,1.37557391471369,391.185712791762,399.451172915063,1.40463918691267,76.1,140.46616079069,20692.1944611099,0.9,68.1,43.7871466666667,-79.397735,990.1,6.53806937757262,7.32435912425969,19.6,38.7434973962228,28.7,229.6,7.2,1.7,8.1
2018-08-09 18:01:48.300,168,42.5612636999278,1.87722675415525,1.91684046462157,1.33474965423487,390.792233912189,399.038865749897,1.36291623751763,76.8,140.483407092865,20666.1160335174,0.9,68.9,43.7871583333333,-79.3976716666667,990.2,6.5397991172293,7.32550182280439,19.2,38.7431939023357,28.7,263.1,358,1,8.5
2018-08-09 18:01:49.300,167.6,42.5704483809091,1.87999805947703,1.91984678412533,1.11140500563208,390.825568821145,399.109654348932,1.13495684817823,78,140.444762186211,20756.3244175934,0.9,77.3,43.787165,-79.39761,990.1,6.53498764075787,7.32810543658345,19.6,38.7436657064299,28.6,268.8,355.9,0.8,8.9
2018-08-09 18:01:50.300,167.3,42.573994375076,1.87747078109005,1.91726203108397,1.07776090717174,390.901659377732,399.186515627228,1.10060325093978,79.9,140.481909377412,20754.2668736201,0.9,72.5,43.78717,-79.3975416666667,990.1,6.53611346886547,7.32280531219386,20.3,38.743731874996,28.6,273.8,1.2,1.9,8.7
2018-08-09 18:01:51.300,166.9,42.5778664506622,1.8790774100452,1.9188490750827,1.06161074213752,390.790479742115,399.061647712113,1.08408070025657,82.5,140.453622592053,20726.5198592693,0.9,87.6,43.7871733333333,-79.3974733333333,990.2,6.53840811544655,7.32937503674231,21.1,38.7440395685515,28.6,260.1,0.4,1.2,8.9
2018-08-09 18:01:52.300,166.6,42.5811553043125,1.878290035914,1.91814081691026,1.10423493371708,391.124620653153,399.42288617849,1.12766336762296,86.7,140.49537482631,20775.5038819826,0.9,95.5,43.787175,-79.3974,990.2,6.53485854449387,7.32608311150877,21.4,38.7440184378401,28.6,298.7,344.3,2,8.3
2018-08-09 18:01:53.300,166.4,42.581282598619,1.87690145524028,1.91643821812399,1.12015417628365,392.122942163145,400.382879704676,1.14375019623989,91,140.477092947288,20630.0843280196,0.9,102.5,43.78717,-79.397325,990.3,6.5375381442402,7.31419768651783,21.8,38.7439740742463,28.6,282.5,356.3,1.5,8.9
2018-08-09 18:01:54.300,166.4,42.5906691422714,1.8796860959413,1.91931035307351,1.10766460401186,391.74490946323,400.002948661545,1.13101448546682,96.5,140.462304059138,20645.0047228605,0.9,110.4,43.7871583333333,-79.39725,990.4,6.53609516356614,7.32199476811553,22,38.7439052309786,28.6,297.5,344.3,2.4,8.5
2018-08-09 18:01:55.300,166.2,42.5957618732592,1.876875564652,1.91646743969664,1.35924890704151,391.924256053349,400.191643549084,1.38792196626168,102.3,140.498581226938,20658.6818746875,0.9,120.1,43.78714,-79.3971766666667,990.3,6.53558081246776,7.32410462521327,22,38.7441174998611,28.6,287,1.3,1.7,10
2018-08-09 18:01:56.300,166.3,42.6027574795343,1.87945580154034,1.91888292701788,1.14915649324516,392.351467610479,400.582117734323,1.1732706994713,107.9,140.429137752411,20546.6997370071,0.9,122.9,43.7871166666667,-79.3971066666667,990.3,6.5403225472268,7.32508349657855,21.8,38.7442431247639,28.6,304.1,357.3,0.5,11.2
2018-08-09 18:01:57.300,166.3,42.6002384339747,1.88016327696516,1.91975983351042,1.27870800533786,392.26117969842,400.522306822964,1.30564307267058,112.3,140.494313915702,20625.8733196153,0.9,121.4,43.78709,-79.3970416666667,990.4,6.53291836402708,7.3260665031462,21.6,38.7443088535709,28.5,90.1,3.5,0.1,12.1
2018-08-09 18:01:58.300,166.2,42.6007694274592,1.88254925461758,1.9219590842046,1.34885375017076,392.983381366587,401.210214365766,1.37709045198679,113.7,140.471379831889,20505.1396606785,0.9,117.2,43.7870666666667,-79.396975,990.3,6.52788481007746,7.32321893649919,21.6,38.7442021521378,28.5,152.1,4.1,0.7,13.5
2018-08-09 18:01:59.300,165.7,42.6006343485049,1.87830642905193,1.91732931549569,1.17940875926873,393.605591317814,401.782965571755,1.20391553736077,114.3,140.467049450582,20352.7458073363,0.9,114.3,43.7870433333333,-79.396905,990.3,6.53841278032103,7.3246447629695,21.6,38.7449913029901,28.4,175.4,16.5,1.2,12.8
2018-08-09 18:02:00.300,165.5,42.5976716631797,1.87764557312724,1.91671420153826,1.15688846135579,392.94150613794,401.117621743233,1.18096050637454,113.9,140.471910403528,20383.3900161065,1.5,107.1,43.7870183333333,-79.3968333333333,990.3,6.53408286986542,7.33053657567107,22.2,38.7447526428754,28.4,168.7,5,1.5,13.8
2018-08-09 18:02:01.300,165.5,42.596204284952,1.87816900040021,1.9171448574499,1.34893644240271,392.818757157892,400.970428565358,1.37692744558957,111.7,140.471671427724,20329.9428048543,0.9,104.8,43.7869983333333,-79.3967566666667,990.4,6.53285642854461,7.32919185518204,22.4,38.7449457145045,28.4,109.9,358.5,0.9,14
2018-08-09 18:02:02.300,165.4,42.5914735956498,1.87933442752238,1.91827339666097,1.25526839999135,392.348790402153,400.478073679491,1.28127704589912,109.3,140.470984832531,20298.8649208557,0.9,100,43.7869833333333,-79.3966783333333,990.4,6.53493399379992,7.32624749686547,22.7,38.7450672751204,28.3,111.9,1.4,1,14.3
2018-08-09 18:02:03.300,165.5,42.5898520313025,1.87832878132165,1.91734556256676,1.23968543719364,392.143196882727,400.288918756552,1.26543674968303,106.4,140.422689065417,20349.4415592357,0.9,92.2,43.7869716666667,-79.3966033333333,990.4,6.53577457809489,7.32800479674329,22.5,38.7451831249938,28.2,108.3,0.3,1.4,13.7
2018-08-09 18:02:04.300,165.2,42.5795168725792,1.88055522317174,1.91980524346008,1.30186270391406,391.653639596751,399.828065388015,1.32903501980122,101.2,140.499714080031,20444.7826649387,0.9,85,43.7869666666667,-79.3965283333333,990.5,6.5352397713018,7.32816590388495,22.5,38.7453718908503,28.2,63.6,353.8,0.4,12.4
2018-08-09 18:02:05.300,164.9,42.573327881561,1.87988346936849,1.91918241436402,1.43887246116968,391.881984094725,400.074392089959,1.46895293824443,94.8,140.449133922253,20477.1824436996,0.9,78.8,43.78697,-79.39645,990.4,6.53537028392017,7.32046624764677,22,38.7452619200477,28.2,25.9,352.4,0.9,12.2
2018-08-09 18:02:06.300,164.8,42.5629096140798,1.87849774099129,1.91774198805836,1.15850488459185,390.989960245308,399.158279271752,1.18270781654884,89.3,140.454965445628,20463.9010485058,0.9,73.5,43.7869783333333,-79.3963733333333,990.5,6.53670795184708,7.32520456546909,20.7,38.7457114859043,28.2,25.1,359,0.4,11.4
2018-08-09 18:02:07.300,165.1,42.5583666815263,1.87941288771187,1.91886587652584,1.20765053119604,390.835940894883,399.040453632178,1.23300326470499,81.1,140.482904680048,20560.6097333515,0.9,67.8,43.787,-79.3963066666667,990.5,6.53673990009869,7.32605698067116,19.2,38.7456671658167,28.2,38.9,357.3,0.2,10.7
2018-08-09 18:02:08.300,165.6,42.5567899227461,1.87687071457021,1.91620654529428,1.32806116273166,391.202349726361,399.401163184355,1.35589426722918,75.8,140.435375753767,20527.9401394903,0.9,66.3,43.7870166666667,-79.3962483333333,990.5,6.54127695521768,7.32104179080018,18.1,38.7460079616461,28.2,9,354.6,0.6,9.8
2018-08-09 18:02:09.300,166.2,42.553544767089,1.88069318860636,1.92028192548518,1.37781243227915,391.221324471605,399.456478641228,1.40681576197955,71.4,140.479824380981,20615.9842743184,0.9,67.3,43.7870383333333,-79.39619,990.5,6.53157912993885,7.32096916769116,17.4,38.7462556055448,28.2,299.2,353.3,0.7,8.2
2018-08-09 18:02:10.300,166.4,42.5593796933995,1.88043784130451,1.92015739878246,1.39390828734618,391.391673347498,399.658887805225,1.42335145413947,69,140.449068828322,20685.6514014354,0.9,65.3,43.78706,-79.3961333333333,990.5,6.53233906387823,7.3268053037535,16.6,38.7461669146655,28.2,281.7,355.6,0.9,7.1
2018-08-09 18:02:11.300,166.2,42.562773288782,1.87856379471728,1.91810749009658,1.19718650206206,391.077297012776,399.309557887314,1.22238964463095,66.7,140.505126683245,20616.1594999023,0.9,59.7,43.787085,-79.3960816666667,990.4,6.53614618218259,7.32314404207355,15.9,38.7467458135321,28.2,265.5,356,0.6,7.7
2018-08-09 18:02:12.300,166.5,42.5621828134721,1.88225999575817,1.92185974567176,1.21591032793527,391.538049454846,399.775418194045,1.2414919206965,62.2,140.46168755538,20605.0615639827,0.9,53.7,43.7871083333333,-79.3960366666667,990.4,6.53055997527477,7.32494087244312,15.1,38.7467384375884,28.2,268.1,357.4,0.6,6.5
2018-08-09 18:02:13.300,166.9,42.5623878227871,1.88318664112409,1.92281900844303,1.07561609830672,391.588295013411,399.829492742624,1.09825340338491,56.6,140.462536954401,20611.8240737012,0.9,51.2,43.787135,-79.3959966666667,990.5,6.5351037741097,7.32577974308092,14.2,38.7471270970495,28.2,272,355.2,0.7,6.9
2018-08-09 18:02:14.300,167.9,42.5575843826469,1.88202385448317,1.92140683243696,1.15455251031063,391.891862261353,400.092575654581,1.17871115621163,52.2,140.4957046102,20497.1296542388,0.9,50.2,43.78716,-79.39596,990.5,6.53330029517119,7.32144207429532,13.8,38.7470631355281,28.2,24.9,358.5,0.4,8.1
2018-08-09 18:02:15.300,168.7,42.5598510929033,1.88227954432118,1.92169928359241,1.26605866412233,392.027867596384,400.23782849559,1.29257310332887,49.4,140.428841157069,20512.8254968992,0.9,46.6,43.7871816666667,-79.3959266666667,990.5,6.53698166042896,7.32245098148248,13.3,38.7474332616662,28.2,49.7,1.4,0.4,7.8
2018-08-09 18:02:16.300,169.1,42.552434968629,1.88242150438289,1.92175077374346,1.33545651867502,391.40313184897,399.580765331043,1.36335836057403,43.3,140.50051870937,20465.7082198921,0.9,41.5,43.7872116666667,-79.3958983333333,990.5,6.54084240997529,7.32136272794402,12.2,38.7473643695214,28.2,66.2,0.4,0.4,7.5
2018-08-09 18:02:17.300,169.6,42.5499784816147,1.88165041319292,1.92113129607723,1.27453350644423,392.267247275122,400.497914215593,1.30127457096376,34.6,140.464097205792,20550.925828814,0.9,40.2,43.787245,-79.3958783333333,990.5,6.53906707417873,7.32836605032033,12.2,38.7473776207108,28.2,16.5,359.1,0.3,7.3
2018-08-09 18:02:18.300,170.2,42.5452389840264,1.88411075895672,1.92361221437908,1.1622691953935,393.458002663565,401.707066830208,1.18663695316005,31.2,140.487212773925,20534.9710474165,0.9,39.4,43.7872783333333,-79.395855,990.5,6.53441269213118,7.32374396365081,12,38.7478503236293,28.2,26.8,0.4,0.4,6.8
2018-08-09 18:02:19.300,171,42.5474940927014,1.88364593302153,1.92308344295564,1.12912949359881,394.901653465011,403.169542168797,1.15276938347863,29.6,140.474390898849,20507.1547607787,0.9,35.8,43.7873033333333,-79.395835,990.3,6.53789158465339,7.31959750635812,11.1,38.7480097672652,28.2,232.4,5.4,0.2,5.5
2018-08-09 18:02:20.300,171.1,42.5512805913529,1.88149943207219,1.92096516399027,1.17898498090972,396.580661802569,404.899254183103,1.20371462215176,26.3,140.461200128899,20544.7630333121,0.9,27.5,43.7873266666667,-79.39582,990.4,6.54013716034651,7.32297183403662,10.5,38.7486571584526,28.2,68,6,0.8,7
2018-08-09 18:02:21.300,170.7,42.5468383934198,1.88459926156219,1.9242442041731,1.29196292680172,397.36914867701,405.728372508998,1.31914106367916,14.6,140.476435424113,20603.1308436301,0.9,19.7,43.7873533333333,-79.3958133333333,990.5,6.53452273775438,7.32568337291119,9.8,38.7485249005413,28.2,59.7,7.2,0.7,6.9
2018-08-09 18:02:22.300,170.5,42.5381808606224,1.88319786034659,1.92284567319427,1.43210533022523,398.524706192443,406.915042895446,1.46225650116736,10,140.430363853291,20619.3727968403,0.9,19,43.7873833333333,-79.3958083333333,990.5,6.53591832124279,7.31671326188587,10,38.7485568736628,28.2,37.4,6.2,0.9,7
2018-08-09 18:02:23.300,170,42.5316929426525,1.8841858306546,1.92382822113803,1.19214020559632,397.890431396194,406.261888571611,1.21722227860507,11.2,140.505930543087,20606.1178505813,0.9,16.9,43.7874166666667,-79.3958033333333,990.3,6.53419374004712,7.32942987812591,10.5,38.7483203051381,28.2,51,7.9,1.1,7.9
2018-08-09 18:02:24.300,169.4,42.5347709492148,1.88204566864128,1.92185338278048,1.39558613482841,398.049737901397,406.468961667134,1.42510598765405,10.2,140.428600074269,20713.1489519365,0.9,14.5,43.7874433333333,-79.3957983333333,990.4,6.53592842689911,7.32553138539758,10.7,38.7486904758452,28.2,25.9,4.8,1.2,8.3
2018-08-09 18:02:25.300,168.9,42.5332624939816,1.88253681464991,1.92253937781527,1.45741655547845,397.559229461532,406.006992054483,1.48838618477827,7.9,140.472493921524,20806.9946903976,0.9,13.8,43.7874716666667,-79.39579,990.5,6.53198329809262,7.32028029466882,10.5,38.7486724998663,28.2,11.8,1.5,1.5,7.8
2018-08-09 18:02:26.300,168.7,42.5283100217573,1.88118121887293,1.92116287256614,1.17935002894637,396.717199697921,405.148883242579,1.20441484325336,4.8,140.482559811683,20811.2893772741,0.9,9,43.7874983333333,-79.3957866666667,990.5,6.53817937251079,7.32235555610187,10.1,38.7485651973215,28.3,324.2,358.8,0.4,7.9
2018-08-09 18:02:27.300,168.8,42.5267140305221,1.87980058380497,1.91995298563859,1.11524150031122,395.718042159293,404.170440815976,1.13906225877596,358.9,140.447838503501,20912.9658238181,0.9,2.8,43.787525,-79.3957866666667,990.4,6.53843994992312,7.33146023489017,9.8,38.7493154687091,28.3,348.1,349.4,2.4,9.1
2018-08-09 18:02:28.300,169.2,42.5146853530926,1.87784549450322,1.91805290573946,1.14356105339963,395.353713252107,403.81873007967,1.16804571725028,351.7,140.48564768033,20962.4259077338,0.9,359,43.7875466666667,-79.39579,990.3,6.53882457025999,7.32439360119148,9,38.7490299687138,28.3,308.6,342.4,1.4,6.3
2018-08-09 18:02:29.300,169.3,42.5153654201073,1.88139674272756,1.9215069492267,1.12210174955952,394.67159161964,403.085948310862,1.14602470562796,348.1,140.429173601458,20874.734337017,0.9,358.4,43.7875633333333,-79.395795,990.4,6.53387117373614,7.32165132562032,8.1,38.7493589973069,28.3,260.1,331.1,1.1,4.4
2018-08-09 18:02:30.300,169.4,42.5106725039037,1.8762711293293,1.9164255980401,1.09350986675879,394.238856589336,402.676065944098,1.11691205467316,348.9,140.511774930245,20952.7596206807,0.9,1,43.7875783333333,-79.3957983333333,990.4,6.53598946686773,7.32594099639065,7,38.749524999872,28.4,191.4,357.4,0.4,3
2018-08-09 18:02:31.300,169.2,42.5086992841969,1.88178558581778,1.92203311369329,1.32334883747056,394.933021902306,403.379879438646,1.35165273848033,352.8,140.448855814018,20940.1055123751,0.9,0.4,43.7875933333333,-79.3957983333333,990.5,6.53197967574754,7.3225970515358,6.4,38.7504157536339,28.4,119.8,17.3,0.7,3.1
2018-08-09 18:02:32.300,168.9,42.5055203921733,1.87904924272305,1.91890060473492,1.36243403290417,395.098435507777,403.477718939502,1.39132785992357,352.4,140.506658296262,20767.665034597,0.9,1.9,43.7876066666667,-79.3958,990.3,6.53482541873485,7.3166236742955,5.9,38.750321732231,28.5,129.2,8,0.4,2.5
2018-08-09 18:02:33.300,168.7,42.5039245283614,1.87646726088363,1.91621677633017,1.27761023102474,394.409079956933,402.763950225828,1.30467439946469,351.5,140.489782779198,20743.8640231634,0.9,0.8,43.78762,-79.3958016666667,990.4,6.53750127053932,7.32338813782027,5.9,38.75007390579,28.5,189,351.6,0.5,1.7
2018-08-09 18:02:34.300,168.4,42.5093,1.878036,1.917627,1.718913,393.979,402.2845,1.75515,349.1,140.4256,20645.7,0.9,0.1,43.7876333333333,-79.3958016666667,990.4,6.538145,7.319804,5.7,38.75042,28.6,146.2,61.2,1.2,1.1
2018-08-09 18:02:35.300,168.2,42.50026,1.874744,1.914043,1.480838,394.4999,402.7696,1.511881,349.9,140.5013,20532.24,0.9,6.1,43.7876483333333,-79.3958033333333,990.4,6.545999,7.323416,5.5,38.75067,28.6,139.2,68.3,1.7,1.5
2018-08-09 18:02:36.300,168,42.49895,1.880597,1.919954,1.447736,394.507,402.7632,1.478034,351.1,140.4628,20499.04,0.9,359.5,43.787665,-79.3958066666667,990.4,6.530823,7.32581,5.7,38.75109,28.7,139.3,72.2,1.6,1.5
2018-08-09 18:02:37.300,167.9,42.4989717146949,1.87960444935109,1.91875418341337,1.66071685593469,395.197831929569,403.429292799422,1.69530867763559,342.3,140.502040573964,20403.6650365927,0.9,350.8,43.7876783333333,-79.3958116666667,990.3,6.53293962966937,7.31763952521707,5.7,38.7512764066305,28.7,149.3,136.8,2,1.2
2018-08-09 18:02:38.400,167.7,42.4946838776842,1.87562990386639,1.91444512832955,1.3395438400092,394.256392259752,402.415285120879,1.36726507405065,340.6,140.448665665335,20275.0037436974,0.9,353,43.7876933333333,-79.39582,990.3,6.53791083362176,7.32782332661052,5.9,38.751677128755,28.7,141.7,71.9,1.7,1.5
2018-08-09 18:02:39.400,167.7,42.4954226030774,1.87747094911924,1.91610942272156,1.1895457329975,393.965738535819,402.073552165284,1.21402543353352,341.3,140.49521934763,20165.0727055295,0.9,349.5,43.7877066666667,-79.3958283333333,990.3,6.53896379145027,7.32815959326749,6.1,38.7514971899673,28.7,129.8,90.8,1.7,1
2018-08-09 18:02:40.400,167.5,42.4918021880964,1.8793752528558,1.91784906553891,1.48608367131556,394.124858699266,402.19321496153,1.51650497780326,337.8,140.472340577711,20060.7928762768,0.9,346,43.7877216666667,-79.3958383333333,990.3,6.53719492932736,7.32265056238073,6.1,38.7514337506384,28.7,157.2,341.2,1.4,0.9
2018-08-09 18:02:41.400,167.4,42.4921589793042,1.8826202729937,1.92130968976913,1.14589208912032,393.348154814476,401.431837370476,1.16944125642172,338.2,140.421846336195,20137.1083474909,0.9,347.8,43.7877366666667,-79.395845,990.3,6.52834593535329,7.32272215568784,6.1,38.7521690501558,28.7,175.2,339.4,0.8,2.1
2018-08-09 18:02:42.300,167.4,42.4860888847789,1.88147228797462,1.92023584454452,1.2065670757149,393.384011973834,401.488770223878,1.23142592793167,340.6,140.499063000506,20186.8459835584,0.9,349.6,43.7877516666667,-79.3958516666667,990.3,6.53982255860386,7.32659635585189,6.1,38.7521928643732,28.7,220.4,289.8,1.7,2.8
2018-08-09 18:02:43.300,167.2,42.4975080819596,1.87790567878381,1.9163667123226,1.28541269403998,393.018812614712,401.068176062878,1.31173759265597,340.2,140.420435478364,20069.7808065359,0.9,344.5,43.7877666666667,-79.3958583333333,990.3,6.5379512165958,7.32015844190997,6.2,38.7530532931021,28.7,188.2,287.2,1.7,2.8
2018-08-09 18:02:44.400,167.1,42.4905712781611,1.87573582035485,1.91398771169461,1.55866316278081,392.758869496979,400.768418450725,1.59044891599467,333.4,140.479600820966,19985.4221604763,0.9,339.2,43.78778,-79.3958716666667,990.3,6.53986666677697,7.32383033112289,6.1,38.7525385753379,28.7,240.7,298.2,2.3,5.2
2018-08-09 18:02:45.300,167,42.4884283418078,1.87763249408754,1.91599407068963,1.4947108131789,393.344417182841,401.380732005718,1.52524934464927,332.3,140.472875688532,20021.81378947,0.9,347.3,43.78779,-79.39588,990.3,6.54025648913722,7.32113544261876,5.7,38.7525483823171,28.7,240.3,327.5,1.6,4.2
2018-08-09 18:02:46.300,167.2,42.4924636592039,1.8810111987979,1.91953561114085,1.54786333969554,393.540445876499,401.600435008114,1.57956496066747,342.2,140.463003768436,20069.6964117835,0.9,355.7,43.787805,-79.3958866666667,990.4,6.53570684707834,7.3172701993455,5.9,38.7531534844348,28.8,246.2,342.8,0.6,3.1
2018-08-09 18:02:47.300,167.4,42.5014935081916,1.8770860560698,1.91533664942623,1.47829905044442,393.051385118726,401.060873608315,1.50842465719987,348.2,140.483629153946,19970.6649138619,0.9,348.2,43.787825,-79.3958883333333,990.3,6.53744943591533,7.32311268338026,6.2,38.7536084197972,28.8,246.3,320.4,0.8,3
2018-08-09 18:02:48.300,167.4,42.5073935970138,1.87612804100183,1.91411829447003,1.41064637937321,392.994846285172,400.952590511086,1.43921057402156,338.6,140.460819773119,19847.1863487445,0.9,335.8,43.78784,-79.3958966666667,990.3,6.53915628176789,7.32100239453753,6.1,38.7533068802023,28.8,223.4,306.2,1.5,3.5
2018-08-09 18:02:49.400,167.5,42.4996383911,1.87803777496586,1.91620222812161,1.42789928977326,392.852373363138,400.83555589833,1.45691599036365,330.2,140.504757333126,19916.4776367525,0.9,333.2,43.787855,-79.3959083333333,990.3,6.53806585786327,7.32180934829712,5.7,38.7536293329802,28.8,228.2,315.7,1.5,3.5
2018-08-09 18:02:50.400,167.9,42.496006350405,1.87703161910333,1.91526474617525,1.49072199745753,393.31309063978,401.324314471082,1.52108538069409,328.7,140.441877911317,19961.9956003444,0.9,339.8,43.7878666666667,-79.3959183333333,990.3,6.54246878537169,7.32047170612793,5.5,38.7544587303444,28.8,239.1,318.8,0.9,3.3
2018-08-09 18:02:51.300,168.3,42.4972138317907,1.87711980814878,1.91540252909502,1.54072643026386,393.44899240055,401.47316408071,1.57214831647241,333.3,140.511336332344,19986.7133431095,0.9,339.5,43.7878783333333,-79.3959283333333,990.3,6.5381717779245,7.32392553844514,5.7,38.7545318390615,28.8,254.5,329.4,1.1,4.2
2018-08-09 18:02:52.300,168.6,42.5042673410502,1.87792045251344,1.91624415553245,1.41751398200084,394.007942142743,402.048734309804,1.44644121785934,328.1,140.468285954979,19999.4777648472,0.9,332.6,43.7878916666667,-79.39594,990.2,6.53985331702929,7.31551020075356,5.7,38.75424687476,28.8,221.5,342.7,0.7,2.5
2018-08-09 18:02:53.400,168.7,42.5102304845455,1.87942698100471,1.91798966371558,1.26298594128509,394.057744574904,402.143041484106,1.28889988059696,320.2,140.432952221517,20105.605357365,0.9,331.6,43.7879033333333,-79.395955,990.3,6.52951558403112,7.32140106568023,5.9,38.7548563473923,28.8,171.9,4.1,0.4,3.3
2018-08-09 18:02:54.400,169.3,42.5082731426104,1.88078193613661,1.91927514726939,1.4714979950288,393.432876072816,401.4852225437,1.50161592538522,326.2,140.482479489951,20056.2343526888,0.9,334.8,43.7879133333333,-79.3959683333333,990.2,6.53118755089628,7.32534807957574,6.1,38.7554814773876,28.8,77.5,14.4,0.4,3.7
2018-08-09 18:02:55.400,169.9,42.5167946873013,1.88239412300704,1.9208357480983,1.28818682536065,393.336855873634,401.369396518579,1.31449570263622,324.9,140.4265438155,20012.9278799941,0.9,332.6,43.7879283333333,-79.3959816666667,990.3,6.53486984121318,7.31795297338134,6.4,38.7552837502649,28.8,21.1,16.9,0.5,3.8
2018-08-09 18:02:56.400,170,42.5170902264318,1.87980434070537,1.91836425799286,1.3863818019641,392.669680941319,400.724414026324,1.41481943656386,322.2,140.501830609502,20100.5042646714,0.9,330.9,43.7879416666667,-79.395995,990.2,6.53228841801973,7.32468516970531,6.8,38.7556658854929,28.8,33.2,11.4,0.9,4.7
2018-08-09 18:02:57.400,169.8,42.5217904728996,1.87853140446684,1.9171464257621,1.12655685375539,391.033762152786,399.071873196959,1.14971495200527,323.9,140.4619739462,20142.1885915013,0.9,333.6,43.787955,-79.3960083333333,990.2,6.53684081421464,7.33219085344017,7,38.7560728256725,28.7,298.3,356.3,0.4,4.4
2018-08-09 18:02:58.300,169.6,42.5244583980831,1.877346791831,1.91605894660642,1.20537999869462,391.293330863676,399.362233092582,1.23023699482743,322,140.489217396635,20204.4322599974,0.9,329.1,43.7879683333333,-79.3960233333333,990.2,6.53761565252434,7.32499603543972,7.4,38.7557947515881,28.7,205.4,351,0.1,3.6
2018-08-09 18:02:59.300,169.7,42.5253937871153,1.87904819617104,1.91810972172688,1.23305284657628,392.022434690407,400.171801524751,1.25868329278574,316.3,140.462904867766,20364.4851144421,0.9,325.7,43.7879816666667,-79.3960433333333,990.2,6.53452920525807,7.32340255281693,7.7,38.7566966704529,28.7,223.5,353.7,0.2,3.9
2018-08-09 18:03:00.300,169.8,42.5224874680401,1.87931077042153,1.9185728127754,1.07786424236937,391.12333301929,399.294487737739,1.10038198580557,314.1,140.478927842287,20463.881395525,0.9,326.1,43.7879983333333,-79.3960633333333,990.1,6.53667599258225,7.32575154299058,7.9,38.7570861320388,28.7,173.8,357.3,0.3,4.2
2018-08-09 18:03:01.400,169.8,42.5213130734858,1.87626768985211,1.91552813828685,1.24504390042435,391.496386655544,399.688435793587,1.27109737653036,316.9,140.49773780438,20496.0903000975,0.9,333.9,43.788015,-79.396085,990.1,6.53966156260597,7.31829399160206,7.9,38.7567068539238,28.7,294.4,357.8,0.3,4.8
2018-08-09 18:03:02.400,170,42.5298195232804,1.87767998438767,1.91713873013617,1.37402886820515,390.932197546822,399.147466267199,1.40290294598749,328,140.435864984692,20582.2058962821,0.9,345.7,43.788035,-79.3961,990.1,6.53603653610035,7.32512130582603,7.7,38.7571371340954,28.7,335.4,0.4,0.2,4.5
2018-08-09 18:03:03.400,170.4,42.536480122861,1.87641697316074,1.91581095557262,1.54969845077937,391.249565683043,399.463542332158,1.5822298609007,345.2,140.507847838964,20562.4494182398,0.9,356,43.7880583333333,-79.3961066666667,990.2,6.52970426477261,7.32329469431036,8.1,38.7574851341963,28.7,159.7,0.4,0.2,3.6
2018-08-09 18:03:04.400,170.5,42.5434639290962,1.87621347390851,1.91574847089216,1.28461184318932,390.984253614771,399.222941985744,1.31167936580228,356,140.459425007541,20636.6999835072,0.9,4.4,43.78808,-79.3961083333333,990.1,6.53505885457275,7.3224290303241,8.1,38.7580349894428,28.7,112,10,0.3,4.6
2018-08-09 18:03:05.400,170.3,42.5481797087212,1.87580323957156,1.9152865672885,1.4325548858009,392.707944940091,400.973824837084,1.46270712196184,7.8,140.461619341268,20614.57194629,0.9,12.5,43.788105,-79.3961033333333,990.1,6.54240430642269,7.32103754157124,8.5,38.7578108518935,28.7,78.9,13.1,0.5,5.2
2018-08-09 18:03:06.400,170.2,42.554512449734,1.87770111741492,1.91733988610622,1.28546050223503,394.178793002089,402.499939263829,1.31259630581092,18.1,140.474189477489,20673.5840372923,0.9,24.1,43.7881283333333,-79.396095,990.1,6.53546874562049,7.32729862007904,8.7,38.7581065995966,28.7,73.8,0.4,0.4,4.9
2018-08-09 18:03:07.400,170.3,42.5678599296827,1.87946409671779,1.91917875648061,1.25394975874545,393.769636292994,402.090317297878,1.28045228605633,30.7,140.451076060342,20693.5574426944,0.9,37,43.788145,-79.39608,990.2,6.53690221398673,7.32420289676306,7.9,38.7590396580049,28.7,245,355.7,0.2,3.7
2018-08-09 18:03:08.300,170.4,42.5748321279142,1.87680964544877,1.91670770454064,1.55327497980598,393.832229596866,402.204415597747,1.58629379093978,40.8,140.465822617351,20815.7877203499,0.9,48.3,43.7881533333333,-79.3960633333333,990,6.5366731012644,7.31874474452676,7.2,38.7592674217422,28.7,233.8,6.2,0.4,3.1
2018-08-09 18:03:09.300,170.4,42.5881299035317,1.87614841673632,1.9161331568319,1.45615354762957,392.006282129451,400.36076940116,1.48718783422705,50.5,140.43716325282,20867.469612747,0.9,59.4,43.7881616666667,-79.3960466666667,990.1,6.54030034035685,7.32970630912032,6.6,38.7587964545285,28.7,297,358.4,0.1,3.7
2018-08-09 18:03:10.300,170.7,42.5916290526617,1.8753711325733,1.91549091656138,1.45265263057585,391.116837145451,399.484085469451,1.4837284082327,60.3,140.504999115192,20945.168436255,0.9,60.1,43.7881683333333,-79.3960233333333,990,6.5378125087741,7.32438363120177,6.8,38.7590863278671,28.7,68,356.2,0.1,4.3
2018-08-09 18:03:11.400,171.1,42.6020125832871,1.87830200681911,1.91862721850706,1.36254821965182,391.135446234742,399.532815480995,1.39180183512585,62.3,140.448678100708,21018.0146840294,0.9,58.8,43.7881816666667,-79.3959966666667,990.1,6.53560644079678,7.32105645604872,7.5,38.759863608412,28.7,12,352.5,0.4,4.1
2018-08-09 18:03:12.400,171.4,42.6028091178823,1.87585295714843,1.91605041972114,1.29896204641895,393.596752423904,402.031198116374,1.32679969446677,65.2,140.476308256376,20979.4294486227,0.9,59.7,43.7881916666667,-79.3959733333333,989.9,6.53625057516636,7.32165663755866,7.5,38.7593998502908,28.7,174.6,4.1,0.2,4.4
2018-08-09 18:03:13.300,171.9,42.6064180294551,1.87757792144107,1.91800324800662,1.41282842966662,394.840186093928,403.341410337526,1.44324390392614,67.4,140.479690737841,21077.0346907133,0.9,66.6,43.7882,-79.3959483333333,990.1,6.53664087606988,7.3248406666701,8.1,38.7601566308383,28.7,132.3,7.1,0.1,4.2
2018-08-09 18:03:14.300,171.9,42.6107733777254,1.88030514162264,1.92102326061134,1.29204600608346,394.371482607915,402.911596513127,1.32002382642163,71.6,140.43121598114,21196.2071528495,0.9,69,43.7882016666667,-79.3959233333333,990.1,6.52815301927158,7.32106352648077,8.5,38.760623178831,28.7,193.6,12.9,0.4,4.2
2018-08-09 18:03:15.300,171.8,42.6112876113515,1.87718033195632,1.91776329638328,1.48190071485818,395.509877660105,404.060491140174,1.51393770406186,74.9,140.486745312935,21161.6978998726,0.9,69.3,43.7882033333333,-79.3958966666667,990,6.53718271942592,7.32283390944279,8.5,38.7605440292605,28.7,205.8,0.4,0.3,4
2018-08-09 18:03:16.400,171.9,42.6131577501792,1.87688993892074,1.91765233516794,1.44182263143661,396.779007152547,405.396355746021,1.47313582981461,75.3,140.457533974727,21256.6868595388,0.9,73.1,43.7882083333333,-79.395865,989.9,6.53616622878267,7.32093016285415,8.1,38.7602695110124,28.7,291.3,5.9,0.2,4
2018-08-09 18:03:17.400,172.1,42.6145204522065,1.87860893868346,1.91970903671103,1.38773188169038,395.668513482207,404.325033998073,1.41809057528866,77,140.493837268294,21409.7982688464,0.9,74.8,43.7882116666667,-79.3958383333333,989.9,6.53637984872009,7.325929356884,7.9,38.7612377374827,28.7,229.2,18.2,1,2.6
2018-08-09 18:03:18.400,172.2,42.6151808359452,1.87660792128859,1.91780329097735,1.18161803959991,394.257369973101,402.912167844969,1.20755859462479,77.9,140.455443200195,21480.503279258,0.9,77.5,43.788215,-79.395815,989.9,6.53759826871254,7.32240325078356,7.4,38.7613992540632,28.7,248.9,0.4,0.6,2.8
2018-08-09 18:03:19.400,172.4,42.6141727713246,1.87604044990877,1.91746773995843,1.28824208721867,393.703208432269,402.397236568543,1.31669099324707,81.9,140.502576190207,21605.5118248181,0.9,81.6,43.7882183333333,-79.3957933333333,990,6.53601389649266,7.32249839897563,7.4,38.7610135931863,28.7,274.7,344.3,0.8,2.5
2018-08-09 18:03:20.400,172.6,42.6190403541761,1.87515284126716,1.91657206674404,1.44742704344465,392.826117273236,401.503094117382,1.47939974610425,83.9,140.486391201421,21611.1267220718,0.9,84,43.7882233333333,-79.3957666666667,989.9,6.53741021235136,7.32497440851433,7.7,38.7615398584618,28.7,180.4,18.8,0.5,4.3
2018-08-09 18:03:21.400,172.8,42.6274823970217,1.87598600643512,1.91734987280969,1.29114229293764,392.058317353912,400.702778630904,1.31960483980075,85.9,140.439662126587,21573.3945364215,0.9,84.7,43.7882216666667,-79.3957416666667,989.9,6.53722284191892,7.32437060376509,7.4,38.7621755767253,28.7,164.3,28.2,1.2,5.3
2018-08-09 18:03:22.400,173,42.6217979706934,1.87709410604889,1.91872451531343,1.17859215845274,391.229405805776,399.906091047804,1.20473179627568,84.7,140.497045614268,21696.8363553064,0.9,81.9,43.7882233333333,-79.3957166666667,989.9,6.5357888862431,7.31816642912629,7,38.7620795777485,28.7,160.4,27.9,1.3,4.7
2018-08-09 18:03:23.400,173.1,42.6273280375905,1.87656146766288,1.91821060831551,1.42462524431152,390.582075916053,399.250896549262,1.45624401703347,83.1,140.442177230636,21712.8337940888,0.9,75.3,43.7882216666667,-79.3956916666667,990,6.53972205593641,7.31683002382128,6.8,38.7625976557894,28.7,149.9,29.8,1.3,5.7
2018-08-09 18:03:24.400,173.3,42.6266519744552,1.87733913764917,1.91894764660393,1.51047891603606,392.243063990552,400.93652327809,1.54395724442616,78.6,140.465862879238,21683.0342982836,0.9,78.3,43.788225,-79.39567,989.9,6.53468654570448,7.32536510021367,6.4,38.7629017963397,28.7,146.2,29.9,1.5,5.3
2018-08-09 18:03:25.400,173.8,42.6221575252112,1.87686926147384,1.91839831927895,1.37973119856744,393.615437813874,402.324853635031,1.41026039606219,81.2,140.470496748311,21647.7323934966,0.9,80,43.7882266666667,-79.3956433333333,989.9,6.53747579964945,7.32045076018797,7.4,38.7629114707242,28.7,148.6,39.4,1.7,5.5
2018-08-09 18:03:26.400,174.1,42.6200542807586,1.87572164099966,1.91720654567897,1.32724073397099,393.421115458937,402.122392760231,1.35659519497675,83.7,140.448032230775,21638.2669051473,0.9,81.4,43.7882266666667,-79.395615,989.8,6.54015024397237,7.31778883317548,7.4,38.763708775935,28.7,168,52.6,2.6,6.8
2018-08-09 18:03:27.400,174,42.614209436898,1.87512371182617,1.91648577656951,1.3994392264233,392.984391874093,401.653134051284,1.43030587935775,81.6,140.469527772005,21582.5388864152,0.9,78.2,43.78823,-79.3955883333333,989.8,6.54020248721632,7.31592253063145,7.5,38.7639515032413,28.7,186.1,73.3,3,5.8
2018-08-09 18:03:28.400,173.7,42.6112800625761,1.87603490986503,1.91721609760181,1.51358034591067,392.575843818498,401.193418913208,1.54680622452148,78.4,140.457748184447,21479.6709900557,0.9,80.3,43.7882316666667,-79.395565,989.8,6.53670899997463,7.31680344418885,6.8,38.7636353191381,28.7,211.4,90.8,3,3.7
2018-08-09 18:03:29.400,173.6,42.6107315556465,1.87757170269033,1.91862878106141,1.44109499652199,391.300862664202,399.857543902243,1.4726059884266,78.1,140.497409219072,21399.4024732993,0.9,75.6,43.7882333333333,-79.39554,989.8,6.53693590646846,7.32456474517956,6.8,38.7644,28.7,218.2,75.5,2.2,3.2
2018-08-09 18:03:30.400,173.8,42.6087836344896,1.87702137069952,1.91818119149849,1.37598754861213,390.18974841486,398.745910186256,1.40616292101739,79.5,140.450441804094,21457.7643026705,0.9,74.9,43.7882366666667,-79.395515,989.8,6.53299303298248,7.32385228411986,7.2,38.7643548464601,28.7,215.4,83.8,2.3,3
2018-08-09 18:03:31.400,173.9,42.610214493488,1.87607305747042,1.91724121805996,1.57992482751549,389.802702767327,398.356474941784,1.61459266803908,77.5,140.471127057906,21472.6896049184,0.9,80.8,43.7882416666667,-79.39549,989.8,6.53665543026025,7.32655194838925,7,38.7644159943451,28.7,207.5,64.1,2.1,5
2018-08-09 18:03:32.400,174.1,42.6154836757051,1.87655497749284,1.9175444526937,1.50657146415948,389.751489104348,398.264642135354,1.5394781378311,79.4,140.473583380977,21375.7255534093,0.9,76.3,43.788245,-79.395465,989.8,6.53718300637359,7.32555240216846,7.5,38.7651606062011,28.7,175.7,73.1,3.9,7.5
2018-08-09 18:03:33.400,174.1,42.6258580931732,1.87474120333204,1.91567132869413,1.12978347309683,389.76150720052,398.270946848807,1.15444627363841,78.5,140.44272328814,21365.9972551982,0.9,74.8,43.7882466666667,-79.3954383333333,989.8,6.53910512054569,7.32053041905633,7.4,38.765457588571,28.7,188.7,85.5,4.3,9.3
2018-08-09 18:03:34.400,174.2,42.622630464097,1.87368144322356,1.9144645471061,1.32191604628643,389.751961383166,398.235475653965,1.35068813994109,76,140.484678270239,21302.7483419053,0.9,70.7,43.78825,-79.3954166666667,989.7,6.54241716879974,7.31666221159271,7.2,38.7655684233232,28.7,188,82.3,4.9,8.7
2018-08-09 18:03:35.400,174.1,42.6226655875182,1.87644373363698,1.91715186067901,1.37650091431082,389.29070364273,397.736183683303,1.40636492067707,71.5,140.460632229867,21233.7008312692,0.9,68.3,43.788255,-79.3953916666667,989.7,6.53957605997093,7.3221814861776,7.5,38.7660919150176,28.7,178.1,72.6,4,6.6
2018-08-09 18:03:36.400,174,42.6217261228131,1.87520174240859,1.91577326177094,1.33454593815155,389.244554810977,397.666189710374,1.36341951625733,65.4,140.494979404154,21177.6606824921,0.9,62.9,43.788265,-79.3953666666667,989.7,6.54059727070337,7.32612822105832,8.3,38.7660356995043,28.7,193.9,84,3.1,4.6
2018-08-09 18:03:37.400,173.6,42.6227071144288,1.87549748251795,1.91602562665231,1.38704555057152,389.415207094721,397.830193633016,1.41701874777208,64.3,140.46472698109,21152.1859362052,0.9,62.2,43.7882733333333,-79.395345,989.7,6.53583332820296,7.32509438423972,8.1,38.7666828250065,28.7,188.6,88.4,3.3,5.4
2018-08-09 18:03:38.400,173.5,42.6241796948387,1.8752871275021,1.91573018953064,1.36272323988129,389.256485669972,397.65118875005,1.39211138318157,59.8,140.493131256227,21110.7449039299,0.9,63.3,43.7882833333333,-79.3953216666667,989.7,6.53316966329709,7.32674977226762,7.9,38.7670292171711,28.7,194.9,101,3.5,4.4
2018-08-09 18:03:39.400,173.9,42.6291146479894,1.87326270133631,1.91351952056215,1.39367403222453,389.596750313776,397.969184484543,1.42362557827889,60.2,140.473331256419,21038.1098523371,0.9,61.4,43.78829,-79.3952983333333,989.7,6.54017848248505,7.32732738732913,7.7,38.7670067534751,28.7,194.2,97.4,3.7,4.7
2018-08-09 18:03:40.400,174.1,42.6343532075916,1.87756434108778,1.91770116386111,1.40279404592518,390.759139652956,399.112470648415,1.43278127321553,58.9,140.446949523797,20929.8115932056,0.9,61.5,43.7882983333333,-79.395275,989.6,6.53929728252442,7.32259256453665,7.7,38.7677344268252,28.7,198.9,90.8,3.1,3.7
2018-08-09 18:03:41.400,174.3,42.6335418459938,1.87594387673592,1.91588350456977,1.4865594226398,391.177512053409,399.505962629081,1.51820835940538,52.7,140.474956946593,20846.8139347298,0.9,55.2,43.78831,-79.3952533333333,989.6,6.53827774587534,7.32079285204729,7.9,38.7671487424332,28.7,206.9,116.3,3.1,3.2
2018-08-09 18:03:42.400,174.4,42.6343511170342,1.87548124901735,1.91514427631175,1.39491448816855,391.384640071749,399.661642738044,1.42441428735222,53.4,140.435461682598,20709.9852090893,0.9,63.1,43.7883233333333,-79.3952316666667,989.6,6.53838589713695,7.32239528031096,7.5,38.7679837812238,28.7,192.7,83.6,2.5,3
2018-08-09 18:03:43.400,174.9,42.6316873540845,1.87674522846491,1.916302575219,1.17038835874114,391.844469543272,400.103581118138,1.19505396746504,56.5,140.485096051613,20642.5122498816,0.9,59.8,43.7883333333333,-79.39521,989.6,6.53624408711948,7.3230798432919,7.7,38.7682095732132,28.8,196,65.4,2,2.9
2018-08-09 18:03:44.400,175.4,42.6371276343805,1.88046653477893,1.91974275637615,1.26479140254044,392.091575661287,400.280882449299,1.29120301309819,56.6,140.469970537522,20458.9354580053,0.9,63,43.7883466666667,-79.3951916666667,989.7,6.53219703567698,7.32545150832331,7.4,38.7682091895124,28.8,200.4,82.8,2.1,2.7
2018-08-09 18:03:45.400,175.2,42.6405795363394,1.87920729181635,1.91819466367216,1.3647843162153,392.224180734924,400.361500434706,1.39309881679485,55.4,140.480870911094,20324.9290535572,0.9,55,43.78836,-79.39517,989.6,6.53180853384687,7.32242685771386,7.4,38.7686494186855,28.8,211,118.7,2.9,2.8
2018-08-09 18:03:46.400,175.3,42.6426603585638,1.87968917092921,1.91854305889002,1.35423805280952,392.097055974893,400.201871919642,1.3822319372645,54.1,140.460550532896,20251.7427317869,0.9,58.2,43.7883716666667,-79.3951533333333,989.7,6.53389197614255,7.32160106893473,7,38.7687361647413,28.8,183.9,107.4,3.2,4.9
2018-08-09 18:03:47.400,175.3,42.6460285924522,1.87954053407961,1.91820148321675,1.30090400296647,392.109679415936,400.175156863315,1.32766339564633,54,140.457179302088,20154.8298467772,0.9,57.4,43.7883783333333,-79.3951383333333,989.6,6.53471491374801,7.31744770373472,6.2,38.7690789315379,28.8,192.3,113.6,3.3,4.6
2018-08-09 18:03:48.400,175.6,42.6445557465075,1.87748760836124,1.91608570805247,1.22312038533984,391.420296585634,399.467359818492,1.24826399916103,49.4,140.485570187709,20144.582776952,0.9,53,43.7883916666667,-79.3951216666667,989.6,6.5385071436062,7.32227539686336,5.9,38.7693661903641,28.8,192,126.3,4.5,6.4
2018-08-09 18:03:49.400,175.6,42.6405654918326,1.87591362083267,1.91464283269397,1.27886187124475,390.446941439118,398.507895634965,1.30527537550054,48.3,140.44262981111,20227.9162497535,0.9,55.5,43.7884016666667,-79.3951083333333,989.6,6.53795696078913,7.32196745247091,5.5,38.7696277835484,28.8,183.3,103.2,4.2,7.5
2018-08-09 18:03:50.400,175.4,42.6387933338448,1.87552666620205,1.91433966617449,1.52366896982019,390.676500009258,398.761333339072,1.55520230251503,52.1,140.474533334911,20274.9233242179,0.9,52.4,43.78841,-79.3950916666667,989.5,6.53938500037811,7.31909933318788,6.1,38.770379999844,28.8,184.3,111.9,4.6,7.1
2018-08-09 18:03:51.400,175.7,42.6427679736063,1.87396737876436,1.91268371817649,1.37831598258847,390.467048194236,398.534217300412,1.40679230892289,52.1,140.46526181163,20242.15815597,0.9,56,43.7884183333333,-79.395075,989.5,6.54176216496748,7.31963917696517,6.1,38.7703906538695,28.8,191.6,118.3,4.6,6.5
2018-08-09 18:03:52.400,175.6,42.6447603439879,1.87437230733943,1.91311258027543,1.38073370351494,389.952391282022,398.012052749908,1.40927197419202,54.3,140.453207798635,20249.8418349731,0.9,53.9,43.7884266666667,-79.39506,989.5,6.54265365364652,7.32281873627598,6.2,38.7712029357713,28.8,192.8,119.3,4.1,6.3
2018-08-09 18:03:53.400,175.5,42.6432090942899,1.87532927203044,1.9142094834686,1.4321189566999,390.267221220201,398.358407804625,1.46180500784128,52.2,140.46368967056,20311.2453247814,0.9,53.9,43.7884383333333,-79.39504,989.4,6.54083857838313,7.32363286930514,6.2,38.7707375322795,28.8,183.3,108.6,4.5,7.9
2018-08-09 18:03:54.300,175.7,42.6459978640871,1.87649409467821,1.91553345338754,1.29525419896699,391.037773869272,399.173211426198,1.32220436601578,52.5,140.4606573851,20380.6899731897,0.9,51.8,43.7884466666667,-79.395025,989.5,6.53973291856418,7.32109248476041,6.2,38.7711973803603,28.8,183.8,116.6,4.7,7.9
2018-08-09 18:03:55.400,175.6,42.6456528599149,1.87589751964612,1.91480625920566,1.17092708213466,391.06636172638,399.177690307889,1.19521527086126,51.6,140.48879000891,20320.0333251615,0.9,51.7,43.7884566666667,-79.3950066666667,989.5,6.53778866026948,7.31858557357961,6.1,38.7715855471375,28.8,194.6,131.5,5.4,8
2018-08-09 18:03:56.400,175.6,42.6443382418976,1.87646938912334,1.91537006704363,1.0415167598488,390.932458992189,399.036679479477,1.06310723043908,49.9,140.471085046669,20309.47406565,0.9,53.5,43.788465,-79.39499,989.5,6.53808027964973,7.31694918171401,6.1,38.771643600607,28.8,186.2,124.5,5.5,8.6
2018-08-09 18:03:57.300,175.8,42.6453382597794,1.87603053172861,1.91487203033948,1.0293692202625,390.778597684009,398.869181661094,1.05067609525099,50.1,140.497852899957,20283.8816814547,0.9,54.3,43.7884766666667,-79.3949733333333,989.4,6.53918341966386,7.32121477070783,6.1,38.7721083010842,28.8,197.2,130.9,5.6,8.7
2018-08-09 18:03:58.400,176,42.6528835135851,1.87556630762938,1.91427855299597,1.22931861057561,391.441703185726,399.521155891347,1.2546925186147,53.3,140.462411960049,20222.8816974332,0.9,58,43.78849,-79.39495,989.4,6.53851110740678,7.31822962521958,6.2,38.7722694514329,28.8,189.1,121.5,5.2,8.3
2018-08-09 18:03:59.400,175.9,42.6598473587981,1.87694073208027,1.91566190539008,1.33502279731864,391.452082770808,399.527745422189,1.36256496974658,56.8,140.454143556424,20212.9606872725,0.9,58.6,43.7884983333333,-79.39493,989.4,6.54023487703184,7.3168627486001,6.4,38.7728680908444,28.8,191.3,116.2,5,7.5
2018-08-09 18:04:00.400,175.8,42.6575342103878,1.87763946098013,1.91628939932869,1.29847130082917,391.52551820395,399.584767711266,1.32519875555669,58.5,140.46852929407,20169.0473194746,0.9,58.8,43.7885066666667,-79.3949083333333,989.5,6.53460040292978,7.32081943048819,7,38.7729308961413,28.8,197.8,113.5,4.5,6.9
2018-08-09 18:04:01.400,175.7,42.6551915455959,1.8764686949059,1.91508236984693,1.28620868723615,392.041936559104,400.109332998753,1.31267525020727,61.1,140.449689318948,20162.9159355593,0.9,61.1,43.7885116666667,-79.3948866666667,989.4,6.53594947186957,7.32039837310919,7.4,38.7735637280803,28.8,194.6,109.1,5.1,7.5
2018-08-09 18:04:02.400,176,42.6508164915584,1.87663180720084,1.91525256017161,1.20479326704422,392.333005118987,400.407246814718,1.22958995444196,63.4,140.482255213124,20164.9902100369,0.9,62.4,43.7885183333333,-79.3948633333333,989.4,6.53768878772493,7.32003267301457,7.7,38.7736886652366,28.8,191.2,104.2,4.2,6.2
2018-08-09 18:04:03.400,176,42.65263172149,1.87707497143553,1.91561384176061,1.13068170684365,391.944466000615,399.991700824839,1.15389581396677,64.5,140.466182014672,20118.411898102,0.9,64.2,43.7885283333333,-79.3948383333333,989.5,6.53861036798035,7.32240315901002,7.9,38.774195008458,28.8,192.8,93.8,4.4,6.8
2018-08-09 18:04:04.400,175.9,42.6562022522544,1.87856931127302,1.91710629145337,1.2308143264261,391.93631136108,399.976467870274,1.2560628863606,65.4,140.471162252254,20101.6760495139,0.9,64.5,43.788535,-79.3948116666667,989.4,6.53838398646204,7.32560907067793,8.3,38.7744183108092,28.8,187.1,94.1,4.1,8.1
2018-08-09 18:04:05.400,175.6,42.6568153095389,1.87878726466942,1.91717036926386,1.39738694480028,392.677853648268,400.700210623712,1.42593165546918,63.1,140.450399533666,20020.8369685535,0.9,61.7,43.788545,-79.3947833333333,989.5,6.53922452542509,7.32296292748117,8.5,38.7746954318,28.8,192.9,103.1,4.8,7.1
2018-08-09 18:04:06.400,175.7,42.6525070458491,1.87697567258125,1.91515744385245,1.39934164535877,392.455744507182,400.439224084431,1.42780595173007,63.6,140.460249419453,19936.7806320242,0.9,65.3,43.788555,-79.3947583333333,989.3,6.54153786466323,7.32468780741345,8.5,38.7749252825247,28.8,190,85.6,4.3,8.2
2018-08-09 18:04:07.400,175.8,42.6489626421837,1.87651848138907,1.91476595351999,1.38802743568557,392.811721176718,400.818115602902,1.41631905360614,65.4,140.481079711253,19975.1192072044,0.9,65.4,43.7885633333333,-79.3947283333333,989.4,6.54061587035069,7.32321140173108,8.7,38.7750240154186,28.8,178.6,86.1,4.5,8.3
2018-08-09 18:04:08.400,175.8,42.6546795158288,1.87679482041186,1.91494429311525,1.27443779213848,392.64270894925,400.623987768426,1.30035925728552,65.7,140.450622878235,19922.0397881851,0.9,69.2,43.78857,-79.3946966666667,989.3,6.54130701308864,7.32290738193795,8.8,38.7757502854923,28.8,196.9,109.3,5.1,8.2
2018-08-09 18:04:09.400,176,42.656428963255,1.8774117090865,1.91548582951285,1.0757593340284,392.779345585274,400.744904455185,1.09757791624487,67.5,140.475610703266,19876.8751961881,0.9,66,43.7885733333333,-79.394665,989.3,6.53800366581991,7.31921088547208,8.8,38.7755901003553,28.8,207.3,122.1,5.4,7.9
2018-08-09 18:04:10.400,176.1,42.656258677349,1.87753734981972,1.915683658192,1.24364343059276,393.223732826814,401.212891074911,1.26890796887587,63.3,140.459330680551,19912.6273334201,0.9,66,43.788585,-79.39464,989.3,6.53799187030741,7.31863689833127,8.5,38.7762440158455,28.8,212.8,128.5,5.6,7.4
2018-08-09 18:04:11.400,175.9,42.6502788683087,1.87809201033288,1.91620930075334,1.42018979421293,393.14300291357,401.122105956014,1.44901340172947,63.4,140.458387855998,19892.1159266159,0.9,69.9,43.7885966666667,-79.3946166666667,989.3,6.53707784387122,7.32553037903467,8.3,38.7764844958352,28.7,208.1,123.9,5.5,7.7
2018-08-09 18:04:12.400,175.9,42.6433459463387,1.87780591636599,1.9158249485392,1.33941768001002,393.476844185855,401.443278276054,1.36654369521381,63.3,140.467553951926,19844.670103729,0.9,65.3,43.7886083333333,-79.3945916666667,989.4,6.54056394861606,7.326239041799,8.1,38.7769565909801,28.7,208.5,114.1,5.2,6.4
2018-08-09 18:04:13.300,175.9,42.6409721790837,1.87863640643448,1.9165721416541,1.20484288323489,393.843725822797,401.79668571251,1.22917268738393,63.4,140.471395742153,19793.4988094307,0.9,68.5,43.78862,-79.39457,989.3,6.54175466014471,7.32240228091651,7.9,38.7774942081005,28.7,200.1,109.4,4.6,7.1
2018-08-09 18:04:14.400,176.4,42.6375158180752,1.88060444825725,1.91848351740977,1.24601932066974,393.997881058838,401.933891555129,1.27111500681286,70.5,140.479600803213,19744.5525057304,0.9,70.8,43.7886233333333,-79.3945433333333,989.3,6.53954518336119,7.32084574483626,8.1,38.7769694628441,28.7,197.6,90.8,5.1,6.8
2018-08-09 18:04:15.400,176.8,42.6351107424923,1.87868584049406,1.91630256500885,1.23415332224267,394.216639714116,402.110164186446,1.25886628180597,70.2,140.468641608583,19630.0456802011,0.9,64.8,43.7886283333333,-79.3945183333333,989.3,6.54264806463348,7.3201061125041,8.3,38.7778903558947,28.7,200.2,103.9,3.9,5.6
2018-08-09 18:04:16.400,176.8,42.6298610035906,1.87860843502785,1.91611679101349,1.27369455828472,394.472713604501,402.348824242473,1.29912443469678,65.5,140.497676119479,19575.2874977378,0.9,66.8,43.7886383333333,-79.394495,989.3,6.54209127322164,7.32369464902787,7.9,38.7781128802872,28.7,207.6,115.8,4.7,7
2018-08-09 18:04:17.400,176.4,42.6259499259736,1.87944966332263,1.91692631932359,1.27993506934757,395.126796577821,403.005618441821,1.3054590293001,65.6,140.460290894371,19550.2569689672,0.9,64.2,43.788645,-79.39447,989.2,6.5383341425509,7.32475202164117,7.9,38.7787421625341,28.7,208.5,125.9,5,6.9
2018-08-09 18:04:18.400,176.3,42.6245868755184,1.87859087567196,1.91589193829675,1.21669267026298,395.062242297845,402.906425135927,1.24084879468317,62.8,140.45990152415,19469.0359945107,0.9,61.9,43.7886583333333,-79.394445,989.3,6.53983443613113,7.32410785877168,7.9,38.7791875005376,28.7,212.3,128.8,4.8,5.5
2018-08-09 18:04:19.400,176.2,42.6263497862139,1.8790804439117,1.91621417021045,1.19149128910506,395.344530939139,403.157153739126,1.21503869351514,63.2,140.477808409125,19378.5794394522,0.9,66.7,43.7886683333333,-79.3944216666667,989.3,6.54003310105364,7.32176417874961,7.9,38.779022406438,28.7,210.8,108.5,3.7,5.6
2018-08-09 18:04:20.400,176.5,42.6299714445155,1.88066006493851,1.91766761253566,1.12583371540698,395.657573355881,403.443265854282,1.14798763142026,66.3,140.473075698721,19298.079644209,0.9,64.3,43.7886766666667,-79.3943933333333,989.3,6.53863279619036,7.32069606258481,8.3,38.7797135610182,28.7,197.4,105.8,4.6,6.4
2018-08-09 18:04:21.400,176.7,42.6328061849323,1.88110582468971,1.91815218935824,1.07554843557893,395.679582007129,403.471993024161,1.09672672433092,63,140.478482594053,19313.3305907856,0.9,60.4,43.7886866666667,-79.3943666666667,989.3,6.53893877696528,7.32131614856144,8.5,38.7798614288463,28.7,212.8,128.5,4.7,5.3
2018-08-09 18:04:22.400,176.8,42.6339400154482,1.88050901810262,1.9173610253045,1.22593902838108,395.994097010457,403.754148395351,1.24992894522217,63.3,140.462799947781,19219.7085050979,0.9,65.5,43.7886966666667,-79.39434,989.3,6.53914400141427,7.32060397421682,8.5,38.7804049861837,28.7,213.2,112.8,4.7,5.1
2018-08-09 18:04:23.400,177.2,42.634318000387,1.88113137819168,1.91780722847931,1.30020666959784,396.127654045144,403.850773310461,1.32554764360272,66.6,140.487567263769,19123.5965161362,0.9,66.6,43.788705,-79.3943116666667,989.3,6.54174029955116,7.32145500918354,8.8,38.7807819161873,28.8,186.4,62.2,2.7,4.6
2018-08-09 18:04:24.400,177.3,42.639145738111,1.88070263770808,1.91746162437699,1.24797037308312,396.328940189309,404.075389650184,1.27236115960349,65.4,140.46844197194,19170.6267848553,0.9,64.4,43.788715,-79.3942816666667,989.3,6.54122639010273,7.31714121836695,9,38.7808350597939,28.8,201.4,96,2.8,4.1
2018-08-09 18:04:25.400,177.2,42.6410052479708,1.87997347039155,1.91661215320248,1.26125827674957,396.255450650024,403.978122187622,1.28584094999731,65.6,140.469810891742,19116.4194023856,0.9,66.6,43.7887233333333,-79.394255,989.3,6.54100157234078,7.3172052647149,9.2,38.7815361884221,28.8,213.4,110.6,3.7,5.6
2018-08-09 18:04:26.400,177.3,42.6383808207547,1.88143317329127,1.91808619089717,1.16386345139254,395.915677070472,403.628761736848,1.18653583058158,66.5,140.468383752342,19109.2182068605,0.9,69.5,43.7887333333333,-79.3942266666667,989.3,6.54131704274642,7.32312235723482,9.2,38.7821315652255,28.8,203.8,106.8,5.3,8.6
2018-08-09 18:04:27.400,177,42.6359479633477,1.87973470750859,1.91637427593633,1.14453571273271,395.942440889742,403.660123584386,1.16684453699952,68.7,140.451449972183,19119.1854428802,0.9,74.1,43.7887416666667,-79.3941983333333,989.3,6.54239611430571,7.32397494201263,9.4,38.7821842598585,28.8,200,106.7,6.5,9.9
2018-08-09 18:04:28.400,176.8,42.6354956323915,1.88109680279452,1.91774324079433,1.17045911037797,395.972668386056,403.686702770559,1.19326123696891,74.8,140.478928167589,19109.0281653366,0.9,80.6,43.7887466666667,-79.3941666666667,989.2,6.54199750782592,7.32207749363625,9.4,38.7821137504224,28.7,201.4,101.2,5.7,9.1
2018-08-09 18:04:29.300,176.6,42.6429772168662,1.8825300735568,1.91928147563732,1.19176515095641,395.986525538789,403.717186370996,1.21503187816199,79.1,140.458548858891,19148.6608831876,0.9,82.9,43.788745,-79.3941366666667,989.3,6.54065331780346,7.32172611336455,9,38.7825592102755,28.7,203.5,96.4,5.6,9.2
2018-08-09 18:04:30.400,176.7,42.6510542772819,1.87914148763579,1.91578937909544,1.3178147447867,396.451381193652,404.183179110201,1.3435102089697,82.9,140.466750823337,19129.4728450487,0.9,90.9,43.7887466666667,-79.3941016666667,989.2,6.54374885606587,7.32210835802399,8.7,38.7831087131361,28.7,201.7,89.3,5.6,9
2018-08-09 18:04:31.300,177,42.65580142174,1.87902472725109,1.91550505512405,1.34702621571881,396.737174678307,404.439508958724,1.3731802552566,89.3,140.465360787131,19044.6079110287,0.9,96.7,43.7887466666667,-79.394075,989.3,6.54429237139794,7.32028980342689,8.1,38.783133280542,28.7,197.3,77.6,4.4,9
2018-08-09 18:04:32.400,177.2,42.6565656970164,1.87920744363745,1.91564634823619,1.21944615747672,396.023858554186,403.702952584807,1.24309086333166,92.7,140.474107267961,19021.6909720995,0.9,95.5,43.7887466666667,-79.3940433333333,989.2,6.54469035942743,7.32294246854926,7.7,38.7831459711458,28.7,199.4,54.6,2.8,5.7
2018-08-09 18:04:33.400,177.4,42.6531821157788,1.88064853599612,1.91714518881275,1.29185242518687,395.479876338674,403.154743045915,1.31692307418758,95.8,140.472915090302,19036.9929868085,0.9,104.9,43.7887466666667,-79.3940183333333,989.3,6.54190347425696,7.32699746279793,7.5,38.7838748991677,28.7,193.7,37,1.8,5.3
2018-08-09 18:04:34.400,177.2,42.6518673744268,1.88024102835414,1.91676297527214,1.31335362160764,395.565924196165,403.249520567605,1.33886361954154,104.2,140.476001267727,19054.2059547287,0.9,109,43.78874,-79.3939916666667,989.2,6.54106498131048,7.32596960829703,7.4,38.7844393994614,28.7,205.9,44.8,1.9,5.8
2018-08-09 18:04:35.400,177.3,42.653033994085,1.87809941583436,1.914653442498,1.17872309597787,395.567836384932,403.267029571146,1.20166374557392,105.5,140.479476191558,19092.008974181,0.9,104,43.7887333333333,-79.3939633333333,989.3,6.5432570253214,7.32553248156078,7.9,38.7849173714026,28.6,186.9,45.2,2.6,7.4
2018-08-09 18:04:36.400,177.6,42.6611928569131,1.88005844072762,1.91658163478796,1.18315642161165,395.899957383827,403.591029992835,1.20613854694966,107.9,140.440390476956,19056.6929853249,0.9,108.1,43.7887266666667,-79.3939333333333,989.1,6.5419152440472,7.32055589355829,8.7,38.7852215781723,28.5,192.1,36.4,3.5,9.6
2018-08-09 18:04:37.400,177.9,42.6664530666768,1.87952355149332,1.91597598313792,1.15441447251659,395.542836052401,403.214223359145,1.17680224639994,111.1,140.471073226063,19025.6475633687,0.9,107.9,43.7887183333333,-79.3939016666667,989.3,6.54300510761512,7.32282445289609,9.4,38.785412802664,28.5,173.2,43.8,3.6,8.4
2018-08-09 18:04:38.400,177.9,42.6724927887018,1.87747361364696,1.91410819065752,1.24453245735602,395.03065393295,402.738718301909,1.26882822051967,111.1,140.456072130393,19139.1970606071,0.9,108.6,43.78871,-79.39387,989.2,6.54328004774583,7.32528354834961,9.8,38.7859385066864,28.4,193.6,16,1.1,6.5
2018-08-09 18:04:39.400,178.1,42.6750830968439,1.87814625766165,1.91492722331846,1.29743081183921,395.05217246588,402.788722855745,1.32284016920091,106.8,140.449125885306,19207.5536486114,0.9,100.3,43.7887066666667,-79.3938333333333,989.2,6.53968947027352,7.32346532378971,10.1,38.7863122135586,28.4,146.8,4.5,1,7.4
2018-08-09 18:04:40.400,178.4,42.6708132381373,1.88010828424984,1.91677878190038,1.36100965309256,395.137938606863,402.844936690765,1.38754995136612,103.6,140.474455072676,19131.4295101485,0.9,97.4,43.788705,-79.3938,989.2,6.53883579173656,7.32136094346679,10.1,38.7864144927324,28.5,181.3,48.9,2.4,7.4
2018-08-09 18:04:41.400,178.5,42.6674300562226,1.87930021012293,1.91594012766793,1.34803844869062,394.998508019427,402.699683649914,1.37431766615332,99.3,140.462448543789,19123.8089419003,0.9,89.3,43.7887033333333,-79.393765,989.2,6.54402158443696,7.32333492573635,10.3,38.7865187178885,28.5,208.2,72.5,4,8.5
2018-08-09 18:04:42.400,178.5,42.6619876251917,1.87899926356038,1.91576827911955,1.20590337326713,395.04715836245,402.777669877434,1.22949948198989,94,140.471503111834,19192.8669921712,0.9,86.5,43.7887033333333,-79.3937283333333,989.2,6.54414783369651,7.3234323567839,10.1,38.7868192075594,28.5,200.7,68.8,3.8,7.1
2018-08-09 18:04:43.400,178.3,42.6592691329681,1.87872139523283,1.91541074894972,1.20472634228544,395.162761678538,402.879848776253,1.22825105348183,89.8,140.467060790867,19154.753162554,0.9,78.6,43.7887033333333,-79.393695,989.2,6.54474240642937,7.3191457402556,10.1,38.7870774876712,28.5,215.1,90.8,4.1,5.9
2018-08-09 18:04:44.400,177.8,42.6564604620036,1.87772289468513,1.91442114158006,1.19253908753445,395.016862990845,402.7370772978,1.2158438803828,82.9,140.487039940316,19169.2655487999,0.9,77.4,43.7887033333333,-79.3936633333333,989.2,6.54186646796934,7.32097231246134,9.8,38.7874044560352,28.5,229,112,4.2,4.7
2018-08-09 18:04:45.400,177.5,42.6531040778971,1.8794325341877,1.91614059195111,1.32325149446365,394.963842766423,402.678128033971,1.34909010231744,78.8,140.46736486472,19157.34223087,0.9,78.5,43.7887083333333,-79.3936316666667,989.2,6.54243028008818,7.32198336353516,9.6,38.7876613195551,28.5,223.9,103.3,4.2,4.1
2018-08-09 18:04:46.400,177.1,42.6494981778651,1.88042736799194,1.91711843183114,1.32995620119909,395.351368623943,403.065579649794,1.35590470865142,75.9,140.478264650777,19138.7910312856,0.9,78,43.7887133333333,-79.3936033333333,989.2,6.54284674138195,7.31775167472381,9.4,38.7880587405347,28.6,232.2,114.9,3.4,3.1
2018-08-09 18:04:47.400,176.9,42.6459815466494,1.87842735075231,1.91519677272927,1.30343539472726,395.592725034529,403.336380094778,1.32895104337953,72.1,140.483680134065,19199.02454744,0.9,73.2,43.7887216666667,-79.393575,989.2,6.53852538310208,7.31416579245831,9.2,38.7885309153689,28.6,230.5,132,3.5,2.5
2018-08-09 18:04:48.400,176.9,42.6461595021387,1.8793911514523,1.91624508734185,1.37359492030411,395.86008860138,403.622711913454,1.40053072212011,70,140.441090069028,19232.2610489985,0.9,75.2,43.7887316666667,-79.3935433333333,989.2,6.53931339985787,7.3179459126518,9,38.7889801214077,28.7,228.5,119.6,3.3,2.9
2018-08-09 18:04:49.400,177.3,42.6408547446904,1.87850065507771,1.91534467015149,1.32111507972084,396.018142530181,403.785490695283,1.34702685010148,70.5,140.468646164486,19236.1761696009,0.9,71.9,43.7887383333333,-79.3935133333333,989.2,6.54209783383355,7.3165700165717,8.8,38.7893578079868,28.7,228.6,128.2,3.8,3.4
2018-08-09 18:04:50.300,177.6,42.6419222396669,1.87886114402419,1.91570262089475,1.32935344926239,395.44683526216,403.200834483535,1.35541958591636,69.8,140.444556072747,19231.1296106879,0.9,69.7,43.788745,-79.3934883333333,989.2,6.54051585855704,7.31866989811708,8.7,38.789887756173,28.7,230,122.4,3.4,3.2
2018-08-09 18:04:51.300,177.9,42.6449415066845,1.87993142022236,1.91686662364903,1.38856758503617,395.129560963968,402.89273496129,1.41584964411994,70.4,140.464509086676,19268.5334105597,0.9,70.5,43.7887516666667,-79.3934616666667,989.2,6.54046928596932,7.32344611048374,8.8,38.7904580610047,28.7,221.6,114.2,3.5,3.8
2018-08-09 18:04:52.400,178,42.6454242937719,1.88054159397488,1.91737279306688,1.19749174363487,395.286288382625,403.02825350281,1.22095637213688,68.8,140.47475422498,19209.3780599456,0.9,68.5,43.7887633333333,-79.3934316666667,989.3,6.54143042404655,7.32227998779018,9,38.7908263662002,28.8,222,119.1,3.8,3.2
2018-08-09 18:04:53.400,178.2,42.6449755638312,1.88102336445384,1.91767,1.18660301959089,395.613287460427,403.320742725094,1.20971795617054,68.8,140.475240627723,19110.0100732405,0.9,64.8,43.7887683333333,-79.3934033333333,989.2,6.53938510076,7.31751083709096,9,38.7910196041848,28.8,223.9,116.2,3.7,2.8
2018-08-09 18:04:54.400,178.7,42.6434625284856,1.87980621741982,1.91650316173062,1.4650817774777,395.748067585457,403.473794515348,1.49369184677223,67.1,140.478236591233,19148.127736779,0.9,66.8,43.78878,-79.3933716666667,989.3,6.54191424859907,7.31820211515244,9.2,38.7914502840639,28.8,233.9,134.6,3.4,2
2018-08-09 18:04:55.400,179.2,42.6456564806432,1.88055210913801,1.9173932798239,1.32988607488519,395.745358293141,403.49828320244,1.35593523692878,68.2,140.440701538697,19214.2781930468,0.9,64.2,43.7887883333333,-79.39334,989.3,6.54296595388212,7.31797194786404,9.2,38.7919030880532,28.8,237.4,140.8,3.3,1.6
2018-08-09 18:04:56.400,179.4,42.6488079100846,1.87636430768327,1.91324488740516,1.35087916007487,395.364883738458,403.135961252968,1.37743522946781,65.6,140.478968880773,19276.5763196849,0.9,59.7,43.7887983333333,-79.39331,989.2,6.54759439044006,7.3202568085586,8.8,38.7923510139057,28.8,237.7,153.9,3.4,2.9
2018-08-09 18:04:57.400,179.4,42.6520658752572,1.87591700222339,1.91297036747055,1.35314416971661,395.326436672942,403.134854162483,1.37986780306521,62.8,140.452718992267,19369.3086346754,0.9,63.2,43.78881,-79.3932883333333,989.2,6.5442438035632,7.32126877701931,8.5,38.792660158854,28.8,229,128.8,3.7,2.7
2018-08-09 18:04:58.400,179.4,42.6524607983046,1.87739516254249,1.91455688677979,1.03656912458734,394.746554897945,402.560148740554,1.05708628344406,67.7,140.479337857174,19409.8292305111,0.9,70.3,43.788815,-79.393265,989.2,6.54413595130925,7.32236373680469,8.1,38.7930175554481,28.8,218.4,116.5,3.6,4.8
2018-08-09 18:04:59.400,179.7,42.656992063791,1.87668691648362,1.91403127700171,1.08150305706929,394.554343260083,402.405548231824,1.10303309611828,71,140.494412398392,19510.7093908342,0.9,64.7,43.7888216666667,-79.3932366666667,989.3,6.54365186059963,7.32708335362785,8.3,38.7933245322573,28.8,218.4,98.5,3.9,3.8
2018-08-09 18:05:00.400,179.6,42.6630738387767,1.87776571112404,1.91519968622089,1.1553333419957,394.839881248935,402.711056216653,1.17836499547276,71.9,140.451355386445,19545.5425539512,0.9,68.9,43.788825,-79.39321,989.2,6.54322624091524,7.32175998625405,8.1,38.7940890167869,28.8,222.8,98.7,2.7,3.9
2018-08-09 18:05:01.400,179.8,42.6625026626111,1.8789573828159,1.9163012650258,1.10402146808366,394.806492271893,402.653256812107,1.12596480674672,73.8,140.474248711076,19487.5600620764,0.9,69.9,43.7888316666667,-79.393185,989.2,6.54391200612997,7.32014260733266,7.9,38.7944601717789,28.8,213,111.9,3.9,5.4
2018-08-09 18:05:02.400,179.6,42.6628256266468,1.87698856011409,1.91435218518477,1.05404890536272,394.775806289928,402.634381315494,1.07503071729049,74.9,140.46931247278,19517.7588103509,0.9,72.1,43.7888333333333,-79.39316,989.2,6.54716744087246,7.32286462687535,7.7,38.7945181250526,28.8,229.9,148.9,5,6.8
2018-08-09 18:05:03.400,179.3,42.6614070804994,1.87780564514233,1.91502597731114,1.2896759814288,395.141094958718,402.973342699124,1.31522579075387,75.8,140.486688390631,19436.2562461443,0.9,76.9,43.78884,-79.393135,989.1,6.54450693888167,7.31982649565426,7,38.7949834271151,28.8,244.2,157.2,5.3,6.9
2018-08-09 18:05:04.400,179.1,42.6615431541452,1.87636063908458,1.91365469120667,1.22838732641259,394.831838388006,402.679359333225,1.25279349556026,78.6,140.462247492375,19488.5144005774,0.9,82.5,43.7888416666667,-79.393115,989.3,6.54342478656671,7.31994346729681,6.1,38.7957542087398,28.8,234.1,140.3,5.4,6.7
2018-08-09 18:05:05.400,178.6,42.6628474704543,1.87681959446913,1.91416572465853,0.994085135268021,394.899041962014,402.756960136258,1.0138681503449,82.1,140.482267624986,19510.4784859946,0.9,86.2,43.788845,-79.393095,989.2,6.54453710916641,7.31918639549305,5.5,38.7966966840906,28.8,242.1,144.1,5,6
2018-08-09 18:05:06.400,178.7,42.6649268646265,1.87720033333264,1.91443670817281,0.937601332661828,395.199823946666,403.039091315728,0.956199471742815,83.7,140.479420945043,19450.4445656827,0.9,90.6,43.7888466666667,-79.3930783333333,989.2,6.54599247382077,7.31813673563173,4.6,38.7963263537662,28.8,237.2,138.5,3.9,6.1
2018-08-09 18:05:07.400,178.6,42.6672077054064,1.87791477069411,1.91529805296129,1.19320654767687,395.102969495639,402.968030049528,1.21696902140972,80.8,140.429124307638,19517.9596477158,0.9,97.3,43.78885,-79.3930733333333,989.2,6.54389579534704,7.32062322613883,2,38.7965115040112,28.8,248.3,145.3,4.5,8.1
2018-08-09 18:05:08.400,178.2,42.6670133432466,1.8794934100935,1.91694551491597,1.31822105710368,395.47071222096,403.350971710345,1.3444883090254,76.8,140.473484951509,19537.1613698731,0.9,94.1,43.7888533333333,-79.3930716666667,989.2,6.53817137650926,7.31982996705684,0.7,38.796915920571,28.8,250.1,158.8,4.4,8.6
2018-08-09 18:05:09.400,178,42.6733018195553,1.87813423967926,1.91549068778562,1.33503875180629,395.535871976085,403.403123234104,1.36159279249566,71.8,140.444171012944,19502.3306001692,0.9,90.6,43.788855,-79.39307,989.3,6.54053285257731,7.32063227473549,0.3,38.7974153131964,28.8,245,155.5,4.4,8.5
2018-08-09 18:05:10.400,178.1,42.6780563795151,1.87799176939674,1.91513094252548,1.16798773236736,395.93841425592,403.768474795829,1.19109290809983,71.1,140.460098310601,19392.5471695493,0.9,89.6,43.788855,-79.3930683333333,989.2,6.54243883088532,7.3199421328134,0.1,38.7978967160689,28.8,247.2,153.5,4,9.3
2018-08-09 18:05:11.400,178.2,42.6862141962543,1.87906733353617,1.91618155430015,1.1512863595698,395.600300960385,403.414015970598,1.17402595810968,68.9,140.47475629047,19368.9125214036,0.9,88.5,43.788855,-79.39307,989.2,6.54130153613484,7.32236050853954,0.1,38.7982424062405,28.8,237.8,145.1,5.7,10.9
2018-08-09 18:05:12.400,178,42.6920549202998,1.87628736838579,1.9134315866984,1.17025673298483,395.537219556985,403.367528616109,1.19342337684172,63.6,140.462524795863,19412.3979977211,0.9,88.1,43.788855,-79.39307,989.2,6.54196352041374,7.32062899367761,0,38.7986584457625,28.8,237.6,153.7,5.5,8.8
2018-08-09 18:05:13.400,177.7,42.691875596776,1.87647355943029,1.91353646541041,0.951910472187538,396.23181900116,404.057935534848,0.970716426569353,301,140.479626791141,19368.7049642395,0.9,87.7,43.7888566666667,-79.3930666666667,989.3,6.54312304334923,7.31855174738871,0,38.7988313498396,28.8,237.4,148.8,5.2,10.9
2018-08-09 18:05:14.400,177.7,42.6923879663313,1.87836078494882,1.91521706183021,1.24999576126651,395.500403369837,403.260653524635,1.27450813518525,326.2,140.451485245743,19243.7223638055,0.9,87.7,43.7888566666667,-79.393065,989.3,6.53996023034498,7.31709124132977,0,38.7992520783222,28.8,234.3,150.8,5.5,10.6
2018-08-09 18:05:15.400,177.6,42.6924583467636,1.87551850873684,1.91201921437009,1.16029621213248,396.026377937784,403.73368051715,1.18288702001863,185,140.494147179636,19090.2260436368,0.9,88.2,43.7888566666667,-79.393065,989.2,6.54085329363199,7.31275929822755,0,38.7995469919418,28.8,236.1,147.1,6.4,12.9
2018-08-09 18:05:16.400,177.6,42.6904543227125,1.87649951801758,1.91294747820011,1.36492229358401,395.738586074625,403.42519771834,1.39143487717001,219,140.469690435998,19053.5335928605,0.9,87.4,43.78886,-79.393065,989.2,6.54745358420523,7.31611256425605,0,38.7998534359057,28.8,242.5,154.3,6,11.5
2018-08-09 18:05:17.400,177.6,42.6880854155947,1.8786518781089,1.91508704881359,1.48590660059288,395.594227263793,403.266502478201,1.51472531732386,271.7,140.464407454259,19025.3941318257,0.9,87.7,43.7888616666667,-79.393065,989.3,6.54880440887651,7.31472637460695,0,38.8006227990995,28.8,241.6,156.6,5.2,10.5
2018-08-09 18:05:18.400,177.6,42.6836891523128,1.87439408294783,1.91070995170075,1.31573036033158,395.465282125454,403.127189557609,1.34122260387581,268.2,140.494071240791,19006.3180585073,0.9,87.9,43.7888633333333,-79.3930666666667,989.2,6.54945457098061,7.31968338015835,0,38.8006676858039,28.8,243.6,153.6,5.2,10.1
2018-08-09 18:05:19.400,177.7,42.6904696968167,1.87695191102504,1.91340317684893,1.37613723244196,395.380362458278,403.058720292435,1.40286440708458,283.8,140.434935858918,19050.2638045214,0.9,87.5,43.7888666666667,-79.39307,989.1,6.54111363066211,7.31586061830327,0,38.8017201575317,28.8,236.9,145,5.6,11.1
2018-08-09 18:05:20.400,177.6,42.6905379729362,1.87448462859824,1.9107802508561,1.33257418190425,395.285191165903,402.939057449863,1.35837876828861,231.4,140.481311293553,18995.0991020105,0.9,87.7,43.78887,-79.3930733333333,989.2,6.54613348127527,7.31869204244423,0,38.8015371613016,28.8,231.8,142.4,5.9,10.3
2018-08-09 18:05:21.400,177.7,42.69053224224,1.87614007482168,1.91236596362887,1.08447760353264,395.225321356145,402.856687685777,1.1054194897375,251.3,140.472232530578,18943.1125526386,0.9,87.6,43.7888716666667,-79.3930783333333,989.1,6.54771575500241,7.32364720255983,0,38.8018055669943,28.8,226.7,138.7,4.7,8.5
2018-08-09 18:05:22.400,177.8,42.6904338343946,1.87608647242429,1.91231224355991,1.20069996731548,395.580492922487,403.218834594082,1.22388487351705,243.8,140.47429589872,18943.4417915255,0.9,87.2,43.7888733333333,-79.3930816666667,989.1,6.5420060463833,7.32068221857663,0,38.8024312381548,28.8,226.1,134.6,4.1,7.4
2018-08-09 18:05:23.400,178,42.6916264812754,1.87430627398132,1.91042467736556,1.08515628036844,394.797987146062,402.40596066434,1.10606997270476,262.9,140.478825465556,18906.1245024696,0.9,87.6,43.7888733333333,-79.3930833333333,989.1,6.547126161883,7.31913353058733,0,38.8028528899675,28.8,215.2,122,3.4,7
2018-08-09 18:05:24.400,178.2,42.6994707176168,1.87660133710315,1.91278877404488,1.20602733471513,394.656827985238,402.267336908202,1.22928569419424,245,140.454264274611,18918.9955278466,0.9,87.7,43.7888733333333,-79.393085,989.1,6.54187383489359,7.32172427092018,0,38.8036413565832,28.8,203,110.1,3.2,5.7
2018-08-09 18:05:25.400,178.4,42.702424443139,1.87926442889847,1.91555098960827,1.2070520841257,394.001686956596,401.609420435103,1.23035823418848,225.2,140.470596248431,18943.2251648912,0.9,87.8,43.7888716666667,-79.3930866666667,989.2,6.54034947881134,7.32266674845035,0,38.8036496432767,28.8,199.5,112,3,5.8
2018-08-09 18:05:26.400,178.5,42.7044937793702,1.87780442248688,1.91414090688333,1.07933559014937,394.959470002019,402.602107607994,1.10022004937424,235.7,140.453481473557,18983.0157898668,0.9,87.9,43.78887,-79.3930866666667,989.1,6.54130936312071,7.31634652077109,0,38.8039495595478,28.8,201.1,116.1,2.9,5.4
2018-08-09 18:05:27.400,178.6,42.7025993570724,1.87656072787216,1.91285731501361,1.1694284344559,394.835804874616,402.472831806239,1.19204736281424,223.1,140.4947366665,18975.0935922248,0.9,87.7,43.7888683333333,-79.3930883333333,989.1,6.54221051020733,7.32247520074519,0,38.8041293653419,28.8,220.7,133.9,3,6.4
2018-08-09 18:05:28.400,178.7,42.7012902857141,1.8766872712606,1.91291849344546,1.21202300101189,394.661524537797,402.280910218465,1.2354217284069,219.3,140.471135159652,18940.3986487299,0.9,87.7,43.7888666666667,-79.3930883333333,989.2,6.54325823462213,7.3219158988227,0,38.8050136369751,28.8,199,107.6,2.8,5
2018-08-09 18:05:29.400,178.9,42.6972501779716,1.87679164158592,1.91330027311785,1.28622302791402,394.956880642075,402.639852255956,1.3112461266285,228.3,140.477895191953,19081.4532682967,0.9,87.8,43.788865,-79.3930883333333,989.2,6.53866557429075,7.31739828580792,0,38.8054274398994,28.8,190.7,107.5,1.9,4.7
2018-08-09 18:05:30.400,179.1,42.6970552846816,1.8760034521625,1.91254160575841,1.07365886177568,395.136228146582,402.832162410573,1.09457123963914,225.7,140.503914716441,19104.6124696491,0.9,87.8,43.7888633333333,-79.3930883333333,989.1,6.54742220243091,7.31997632133879,0,38.8052529323196,28.8,218,136.3,2.8,5.8
2018-08-09 18:05:31.400,179.2,42.7051872893105,1.87400262399104,1.91063242623211,1.2431658690012,395.460831390428,403.190695720715,1.2674694605315,178.3,140.446521738761,19171.7554230017,0.9,88,43.7888633333333,-79.3930866666667,989.1,6.54013285675318,7.31414680807946,0,38.8059012866057,28.8,227.6,137.9,3.7,7.8
2018-08-09 18:05:32.400,179.3,42.7028771513986,1.87425321609001,1.91105607856133,1.1677100940882,394.823204538713,402.575960530463,1.19063663836296,173.6,140.498919447985,19257.8511179347,0.9,87.8,43.7888633333333,-79.393085,989.1,6.54498885637645,7.32298296237631,0,38.806712887998,28.8,229.5,145.8,3.8,7.5
2018-08-09 18:05:33.400,179.3,42.7039187816122,1.87837067721852,1.91520369126208,1.30588473578936,394.402237944974,402.136076027146,1.33149063973437,226,140.460830149749,19232.0147270737,0.9,87.7,43.7888633333333,-79.3930833333333,989.1,6.54109570310915,7.32160627900511,0,38.8070274101706,28.8,226.4,128.8,3.2,5.9
2018-08-09 18:05:34.400,179.3,42.7013611963021,1.8757426892487,1.91255292807073,1.32167439320364,395.116691962163,402.870763584859,1.34761149804945,198.8,140.495216382399,19246.9047573106,0.9,87.8,43.7888616666667,-79.3930816666667,989.2,6.54302180349859,7.32058061197896,0,38.8068362688292,28.8,202.6,100.5,3,6
2018-08-09 18:05:35.400,179.2,42.7038633136264,1.87653504669857,1.91331776439121,1.14138212101864,394.696735752731,402.433350485281,1.16375609189665,210.4,140.500527943114,19224.5268992894,0.9,87.8,43.7888616666667,-79.39308,989.1,6.54063337734151,7.31951247884779,0,38.8078693572486,28.8,182.1,101.1,2.5,5.3
2018-08-09 18:05:36.400,178.9,42.7130000600663,1.8791565161255,1.91607995465933,1.24140816001423,394.72133858928,402.47723251197,1.26580186705312,217.5,140.435824549503,19270.3441185993,0.9,87.7,43.7888616666667,-79.3930783333333,989.2,6.54192813901163,7.31676941958984,0,38.8082706262129,28.8,181.4,103.4,2.9,7.1
2018-08-09 18:05:37.400,178.8,42.7122420308315,1.87494726489353,1.91177259299818,1.22014047620854,394.90344377268,402.659560959348,1.2441051635442,206.1,140.493909386238,19262.0954656257,0.9,87.7,43.7888616666667,-79.3930783333333,989.1,6.5491106885398,7.31874276601985,0,38.8083431250051,28.8,194.5,92.8,3,5.3
2018-08-09 18:05:38.400,178.8,42.7104900071806,1.87721516788788,1.91406770922543,1.29514767566311,394.530789932442,402.275955964004,1.32057336690436,164.4,140.475779367126,19253.3300970201,0.9,87.8,43.7888616666667,-79.3930766666667,989.1,6.54423391979739,7.32407098493695,0,38.8088375665024,28.8,182.7,95.9,3.6,7.8
2018-08-09 18:05:39.400,178.9,42.7098015475236,1.87669515113065,1.91331097048361,1.1182641017457,395.074741578966,402.782848107733,1.14008710223179,204.6,140.465987286,19137.1314528885,0.9,88.2,43.7888616666667,-79.3930766666667,989.1,6.54423549377346,7.3178544613645,0,38.8094446339823,28.8,198.6,116.6,3.8,9.1
2018-08-09 18:05:40.400,179,42.7076349697643,1.87387820864509,1.91045538344024,1.15203794039149,394.562575942001,402.264199366698,1.17452616251721,113.9,140.481209754177,19145.718789224,0.9,88.1,43.7888633333333,-79.393075,989.2,6.5481999426412,7.32176660477835,0,38.8095088287652,28.8,207.9,116.8,5.1,9.6
2018-08-09 18:05:41.400,179.1,42.7077117020393,1.87683416894322,1.9136899257354,1.35086390856365,394.877073006749,402.631374450065,1.37739503930732,215.1,140.444023174724,19258.948472375,0.9,88.1,43.7888633333333,-79.393075,989.1,6.54297569267749,7.32057885652791,0,38.8100879499173,28.8,212.7,119.7,4.8,8.6
2018-08-09 18:05:42.400,179.1,42.7050054561912,1.87483399291133,1.91159072271777,1.29127915337406,395.309753451848,403.059914546124,1.31659616946131,216.2,140.470802801668,19228.3470267179,0.9,88.1,43.7888633333333,-79.3930766666667,989.2,6.54510193208352,7.31764192680522,0,38.8107897120084,28.8,220.9,146.2,2.3,4.6
2018-08-09 18:05:43.400,179,42.7050351000495,1.8772578013183,1.91425964543328,1.23978266060039,395.400485714423,403.194021173017,1.26421820782903,176.8,140.457550255829,19329.3807218458,0.9,88.2,43.7888633333333,-79.3930766666667,989.1,6.54673634993538,7.31457653977237,0,38.8104119590482,28.9,237.1,137,2.9,5
2018-08-09 18:05:44.400,178.9,42.7092378151575,1.87489371690088,1.9118067949386,1.07076769111238,394.605508857848,402.374410399389,1.09184962649752,179.5,140.491325024017,19307.5705988255,0.9,88.1,43.7888633333333,-79.3930766666667,989.1,6.54528393645258,7.32330352155318,0.1,38.8117135946451,28.9,229.8,137.4,3.3,7
2018-08-09 18:05:45.400,178.9,42.7106556760613,1.87655417662099,1.91352831521633,1.03434792417045,395.576072113561,403.370184835151,1.05472693278193,178.9,140.473486940102,19322.3689020373,0.9,88.2,43.7888633333333,-79.393075,989.1,6.54565668159727,7.3118033806643,0,38.8112286078955,28.9,222,135.8,4.1,8.4
2018-08-09 18:05:46.400,179,42.7126371849228,1.87294356626668,1.9099221083805,1.26149561267398,395.537783597882,403.347129330331,1.28640359419752,168.2,140.463739287508,19361.29529816,0.9,88.4,43.7888633333333,-79.393075,989.1,6.54750239124946,7.31205721886232,0,38.81220195595,28.9,228.1,144.1,4.3,8
2018-08-09 18:05:47.400,179.1,42.7145270753049,1.87643369033534,1.91376070478097,0.988899759172254,394.915926318554,402.771793366363,1.00856413954635,186,140.506122866432,19504.5521941196,0.9,88.3,43.788865,-79.3930733333333,989.1,6.53850032264834,7.31768677487064,0,38.8126888362756,28.9,233.1,138.2,3.9,7.1
2018-08-09 18:05:48.400,179.2,42.7126554763646,1.87828861397564,1.91558088467017,1.03375798149837,394.973390522138,402.815345285784,1.05428201831068,206.5,140.446464915677,19468.0007405922,0.9,88.2,43.788865,-79.3930716666667,989.1,6.54574591468171,7.31993181751058,0,38.81274,28.9,232.1,143.7,3.4,7.4
2018-08-09 18:05:49.400,179.3,42.711026137728,1.87763761241367,1.91487362987237,1.1725053353349,394.451341027156,402.273821696379,1.19575723495133,205.2,140.502921183435,19445.7040077348,0.9,88.2,43.7888666666667,-79.3930716666667,989.2,6.54391513423308,7.32142965169971,0,38.8137887740077,28.9,221.5,146.7,3.5,6.9
2018-08-09 18:05:50.400,179.4,42.710740068493,1.87358346488637,1.91088152224958,1.216108029174,394.970991525662,402.83371198811,1.240317984655,207.5,140.494468835563,19518.678818702,0.9,88,43.7888683333333,-79.39307,989.2,6.54493550685355,7.32043393321582,0.1,38.8131907534225,28.9,238.9,148.4,3.5,8.2
2018-08-09 18:05:51.400,179.4,42.715635951087,1.8800752000662,1.91762360057318,1.13679830569783,395.65835474632,403.560465631175,1.15950166235172,205.9,140.4332025433,19580.9022861604,0.9,88.2,43.7888683333333,-79.3930683333333,989.1,6.54490124390929,7.31382527976298,0,38.8149230705536,28.9,228.6,120,3.5,6.4
2018-08-09 18:05:52.400,179.5,42.7102992608706,1.8758291898453,1.91314646226643,1.24321272384447,395.238567449661,403.101546166452,1.267943907663,212.3,140.494331623859,19506.0807283872,0.9,88,43.7888683333333,-79.3930666666667,989,6.54416218586809,7.31781183904635,0,38.8145113049242,28.9,193.9,101.4,4.2,8.5
2018-08-09 18:05:53.400,179.4,42.7128971569167,1.87538119163121,1.91264942967848,1.13178419183509,395.175238124759,403.02832858582,1.15427632426381,210.8,140.431085416489,19485.18805734,0.9,88,43.78887,-79.393065,989.1,6.54380676086782,7.31804261720253,0,38.8153971468425,28.9,189.7,100.1,4.2,9.3
2018-08-09 18:05:54.400,179.4,42.707485928073,1.87954063796287,1.91680401785508,1.21328267314609,395.054907394382,402.887153785362,1.23733654266152,218.1,140.477068098005,19440.2709416837,0.9,88.4,43.78887,-79.3930633333333,989.2,6.54097351143483,7.3184737592554,0,38.8158620107791,28.9,181.1,88.4,4.7,9.2
2018-08-09 18:05:55.400,179.4,42.7079761775731,1.87523597627485,1.91254064914126,1.11576661819372,395.268501783278,403.131758890035,1.13796158842054,209.8,140.477355001916,19505.3533394218,0.9,88.5,43.78887,-79.3930633333333,989.1,6.54373289636281,7.31580801622791,0.1,38.8154017374668,28.8,182.7,101,4.6,8.3
2018-08-09 18:05:56.400,179.4,42.7131751485213,1.87732736422205,1.91465993175531,1.16039850920403,395.479996399878,403.34452093527,1.18347368016957,209.8,140.452688600594,19498.3316423815,0.9,88.6,43.78887,-79.3930616666667,989.1,6.5456362762767,7.32154206608483,0,38.8169272118408,28.8,196.2,102.7,3.2,5.4
2018-08-09 18:05:57.400,179.3,42.7124471386836,1.87624625286329,1.91363099882732,1.29412112270621,395.07186107577,402.943807214687,1.31990696749467,207.1,140.47544147064,19535.9658550604,0.9,88.8,43.78887,-79.3930616666667,989.1,6.5442753783245,7.31964345904381,0,38.8162609005994,28.8,193.7,110.6,3.5,6.7
2018-08-09 18:05:58.400,179.2,42.7152448168663,1.87425223941392,1.91158595418969,1.19423305506194,395.494729583719,403.372764402372,1.2180212127535,212.7,140.447052571019,19530.3144380916,0.9,88.8,43.78887,-79.3930633333333,989.1,6.55240311323948,7.3186530698231,0,38.8172769637306,28.8,202.9,111.1,3.1,5.5
2018-08-09 18:05:59.400,179.1,42.7134302750674,1.87757572050358,1.91477388992314,1.18216455454719,395.425574699455,403.259816064468,1.20558598799485,222.6,140.503724531288,19427.0941824551,0.9,88.7,43.78887,-79.3930633333333,989.1,6.53985422468257,7.32026132779983,0,38.8176818811815,28.8,187.6,97,3,6.2
2018-08-09 18:06:00.400,178.9,42.7120982150774,1.87470628531769,1.91175036733118,1.18628275401317,395.591091122937,403.407852555201,1.20972263607421,215.7,140.465179167978,19376.8246966972,0.9,88.4,43.78887,-79.3930633333333,989.1,6.54525368377285,7.31808027425779,0,38.8178206461831,28.8,185.4,94.6,3.3,6.8
2018-08-09 18:06:01.400,178.7,42.7163820444424,1.87735474495591,1.91430996554474,1.24016052290008,395.741849371257,403.531981078771,1.26457262888253,21.5,140.465713504272,19304.9201440014,0.9,88.2,43.7888683333333,-79.393065,989.2,6.54060359939463,7.31927820174674,0,38.8190378712245,28.8,188.1,98.7,3.2,5.8
2018-08-09 18:06:02.400,178.5,42.7199895287228,1.87544743910783,1.91201025190349,1.18116125095507,395.949026411361,403.668193651728,1.20418914268739,355.6,140.50564059473,19122.6340418947,0.9,88.5,43.7888683333333,-79.393065,989.1,6.54229010781715,7.31704711115107,0,38.8188526564541,28.8,187.3,98,4.2,8.3
2018-08-09 18:06:03.400,178.4,42.7216575010182,1.87806087704871,1.91461056456316,1.2170064676989,395.482518395362,403.179130883117,1.24069146827128,257,140.434468695308,19089.6831118671,0.9,88.5,43.7888666666667,-79.393065,989.1,6.53971799798569,7.31983125218768,0,38.8194956254884,28.8,181.6,92.9,3.7,6.9
2018-08-09 18:06:04.400,178.3,42.7190453767299,1.87858983956945,1.9152313111225,1.00447360615069,395.662289133778,403.379788006151,1.02406586622245,204.7,140.510067298821,19131.9353921066,0.9,88.5,43.7888666666667,-79.393065,989.1,6.54113967965146,7.32284223680164,0,38.8199304561763,28.8,176.5,88.1,3,5.7
2018-08-09 18:06:05.400,178.2,42.7268537510495,1.87747453110038,1.9138134373098,1.42692790723838,395.924968783303,403.588059400969,1.45454340207582,205,140.471378119356,18987.5187306323,0.9,88.6,43.788865,-79.393065,989.1,6.54407781287757,7.32071128094986,0,38.820366562555,28.8,184.8,101.3,3.2,6.1
2018-08-09 18:06:06.400,178.1,42.7312274966133,1.87756095302387,1.91374698439146,1.3768702089171,396.581701029024,404.224891668919,1.40340635064825,187.1,140.437403151811,18908.3319362419,0.9,88.5,43.788865,-79.393065,989,6.54646512311226,7.31333706850503,0,38.8203609375157,28.8,194.3,104.5,3.1,6.2
2018-08-09 18:06:07.400,178,42.7236336499269,1.87892869791339,1.91521616887093,1.2088354596334,396.205187475051,403.857172381974,1.23218110865999,178.2,140.495943271993,18947.2157961134,0.9,88.2,43.7888633333333,-79.393065,989.1,6.54260718816151,7.31107685277099,0,38.8214640793892,28.8,195.3,110.5,3.4,7.6
2018-08-09 18:06:08.400,178,42.7263918908025,1.87712131665132,1.91310531684926,1.27854939954147,395.915503332785,403.50514438265,1.30305916844144,169.5,140.424297523797,18809.2685756407,0.9,87.8,43.7888616666667,-79.393065,989,6.54368469322827,7.31866287834966,0,38.8211416721553,28.8,200.4,111.6,4.7,8.5
2018-08-09 18:06:09.400,177.9,42.7180046869484,1.87738485939605,1.91354293753302,1.28022324994983,395.967137503942,403.593423443957,1.30487957808167,137.9,140.497696879928,18895.9421934298,0.9,88.1,43.78886,-79.393065,989,6.54336371872658,7.32421581284481,0,38.8216025000307,28.8,198.3,110.7,3.8,6.8
2018-08-09 18:06:10.400,177.9,42.7144548323177,1.87570210012246,1.91173909115187,1.26477975674639,395.987882383404,403.595885778361,1.28907950860912,176.3,140.468685115895,18850.4142209009,0.9,87.9,43.7888583333333,-79.3930633333333,989,6.54468666754209,7.31581621169423,0,38.8226138821429,28.8,196.6,108.7,2.9,5.2
2018-08-09 18:06:11.400,178,42.715175297524,1.87773050756043,1.91381396365567,1.04527882934312,395.707445384132,403.311656545274,1.06536587115368,112.2,140.469362946286,18854.4280797724,0.9,87.7,43.7888583333333,-79.3930633333333,989.1,6.541485669666,7.32405999711221,0,38.8221163653904,28.8,203.2,138.1,1.9,5
2018-08-09 18:06:12.400,178,42.7115776835435,1.87877615621763,1.91493089065209,1.12634240883902,396.025477014894,403.646429503221,1.14801746195656,253.2,140.483153180129,18880.3623700725,0.9,87,43.7888566666667,-79.3930633333333,989.1,6.54328132627131,7.31913662730208,0,38.8232234992218,28.8,235.6,144.3,3.2,6.4
2018-08-09 18:06:13.400,178.1,42.71553,1.875282,1.911528,1.162852,395.478,403.1219,1.185328,240.7,140.4365,18961.82,0.9,87.2,43.788855,-79.3930633333333,989.1,6.546317,7.322658,0,38.82387,28.8,205.2,105.7,3.1,4.7
2018-08-09 18:06:14.400,178.2,42.7162683358674,1.87627432340578,1.91234607614107,1.03905965512924,396.061974448718,403.676242569239,1.05903515765833,67.3,140.51249937195,18862.3710809011,0.9,87.5,43.788855,-79.3930633333333,989.1,6.54689093308092,7.32033470313727,0,38.8238601555218,28.8,174.7,96.7,2.7,5.1
2018-08-09 18:06:15.400,178.2,42.71604,1.875389,1.911501,0.967331,395.6641,403.283,0.9859578,198.1,140.4517,18892.01,0.9,87.6,43.7888533333333,-79.3930633333333,989.1,6.54202,7.320527,0,38.82432,28.8,195,109.8,2.8,5.5
2018-08-09 18:06:16.400,178.3,42.7211571106085,1.87810185884734,1.91419581837839,1.38671684962744,396.454949442352,404.074218337305,1.41336771464589,207.5,140.470037316802,18856.1485982468,0.9,87.5,43.7888533333333,-79.3930616666667,989,6.54003472751569,7.31657430297657,0,38.8249882917674,28.8,197.7,111.9,2.9,5.8
2018-08-09 18:06:17.400,178.2,42.72034,1.877142,1.91317,1.226257,395.2219,402.8075,1.249793,222.2,140.5041,18831.97,0.9,87.2,43.7888533333333,-79.3930616666667,989.1,6.540588,7.31989,0,38.82488,28.8,203.4,119.1,2.9,5.2
2018-08-09 18:06:18.400,178.2,42.7276530560711,1.87799896255649,1.9139421265986,1.16256528715488,396.177815467544,403.760425360142,1.18481577427407,213.9,140.424876968414,18779.8697216656,0.9,87.3,43.7888516666667,-79.3930616666667,989.2,6.54173769880747,7.32160551936721,0,38.8258796465584,28.9,225.3,147.5,2.5,6.3
2018-08-09 18:06:19.400,178.3,42.73101,1.875529,1.911356,1.272423,395.3183,402.8699,1.296729,247.1,140.512,18744.42,0.9,87,43.7888516666667,-79.3930616666667,989.1,6.542035,7.327839,0,38.82649,28.9,243.3,157.1,3.2,6.7
2018-08-09 18:06:20.400,178.3,42.7331906438293,1.87913340795782,1.91519761395468,1.26609158219477,395.729136840459,403.324047902522,1.29039089452411,186.9,140.467830124697,18830.8103412998,0.9,87.2,43.7888516666667,-79.3930616666667,989,6.54139104548098,7.31997033602394,0,38.8263565100185,28.9,244.2,160.1,3.4,6.2
2018-08-09 18:06:21.400,178.3,42.7373806243213,1.87683100010034,1.91272537511244,1.14065353812897,395.875403063372,403.446471814335,1.16246903826694,201.9,140.452346879468,18765.9562552187,0.9,87.3,43.78885,-79.3930616666667,989,6.54050100057697,7.32131525007974,0,38.8273715624698,28.9,261,182.9,2.7,5.8
2018-08-09 18:06:22.400,178.4,42.7317328468773,1.87767288513156,1.91366526936489,1.20147385988512,395.361086878083,402.939556239135,1.22450400501496,55.5,140.488961457542,18807.960201454,0.9,87.3,43.78885,-79.39306,989.1,6.54539710015081,7.32235025438796,0,38.8271321580702,28.9,275.6,185.6,2.8,5.4
2018-08-09 18:06:23.400,178.4,42.7382506332766,1.87680887680046,1.91259903304614,1.24291624754154,395.922765985351,403.472812859055,1.26661746562198,79.9,140.429171803898,18712.624980233,0.9,87.3,43.78885,-79.39306,989.1,6.54245493857993,7.33253001056084,0,38.8278309369212,28.9,263.6,168.5,2.8,5.7
2018-08-09 18:06:24.400,178.4,42.7289165627736,1.87488543701139,1.91067973388999,1.27289454003311,395.528065577051,403.079209328875,1.29719574393014,284.3,140.506607824235,18733.4939128855,0.9,87.4,43.7888483333333,-79.39306,989.1,6.54133639015199,7.32085182728626,0,38.8285076561084,28.9,262.4,173.6,3.3,5.9
2018-08-09 18:06:25.400,178.5,42.7278732098325,1.87682008213164,1.91261572221231,1.11737789446439,395.689004592619,403.2356615678,1.13868926314656,202.9,140.461192967114,18715.2296321134,0.9,87.4,43.7888483333333,-79.39306,989.1,6.54323528983438,7.32424029999523,0,38.8290667122954,28.9,245.2,146.2,2.4,4.9
2018-08-09 18:06:26.400,178.5,42.7288595410121,1.8767699157416,1.91287653378699,1.19506168197875,395.08707565271,402.68798014835,1.21805317866267,241.4,140.484928497383,18875.4127103027,0.9,87.4,43.7888466666667,-79.39306,989.1,6.54346325685892,7.32490920816829,0,38.8290309572425,28.9,222.7,128.9,2.5,4.9
2018-08-09 18:06:27.400,178.5,42.7313284301651,1.87800286424732,1.91398905754335,1.31709964766333,395.026655251323,402.595999273648,1.34233527783427,289.8,140.472628882708,18801.4073798395,0.9,87.2,43.7888466666667,-79.3930616666667,989,6.54012999943822,7.31505558770931,0,38.8297287541892,29,218.2,132.4,2.4,4
2018-08-09 18:06:28.400,178.5,42.7353650395091,1.87539351023068,1.91149782877856,1.03933268951438,395.106048309157,402.712445774508,1.05934359144836,255.5,140.433222189546,18887.8778008668,0.9,87.3,43.7888466666667,-79.3930616666667,989.2,6.54536093190027,7.31557538364987,0,38.8308814896746,29,214.9,133.2,3,6.2
2018-08-09 18:06:29.400,178.5,42.7322206538765,1.8735426283123,1.90983195229601,1.34103393849274,394.224525416428,401.860411391988,1.36700845485662,231.4,140.509448565105,19001.1557767819,0.9,87.5,43.7888466666667,-79.3930633333333,989.2,6.54671914225933,7.32005429006926,0,38.8301875933469,29,224.8,138.1,3.8,7.8
2018-08-09 18:06:30.400,178.5,42.7375950556352,1.87919584042267,1.91546389401724,1.27913482182201,393.746270631217,401.345377282625,1.30382103811685,246.2,140.445099904173,18933.8925981048,0.9,87.6,43.7888466666667,-79.393065,989.1,6.54515953236081,7.32417598544631,0,38.8313689556159,29,230.2,142.5,4,7.3
2018-08-09 18:06:31.400,178.6,42.7360971429953,1.87677287436916,1.91314611265173,1.25954521709723,393.511697944319,401.138245587934,1.28395575647778,227.8,140.474923821808,19012.1081777714,0.9,87.5,43.7888466666667,-79.393065,989.1,6.54456671039782,7.31497884470272,0,38.8315430158167,29,230.3,143.1,3.8,7.5
2018-08-09 18:06:32.400,178.7,42.7363687733866,1.8790205278847,1.91575943141639,1.1905554121997,392.651255083553,400.328405872929,1.21382917502105,222,140.49040691348,19177.131517112,0.9,87.8,43.7888466666667,-79.3930666666667,989.1,6.5382570641494,7.32153596878348,0,38.8315845550771,29,231.4,142.4,3.5,6.3
2018-08-09 18:06:33.400,178.8,42.73623754712,1.87645838923845,1.91340053478816,0.920267977389544,392.665433854314,400.395802741279,0.938383556981218,310.4,140.429730921383,19306.8511350424,0.9,87.8,43.7888483333333,-79.3930666666667,989.1,6.54624568775276,7.3238188393693,0,38.8329712321896,29,235,150.4,4.3,9.6
2018-08-09 18:06:34.400,178.9,42.7327018404623,1.87267370530985,1.90941017180636,1.19704801850757,393.204451154733,400.917995685626,1.22053104925934,209,140.504718749049,19239.7427516306,0.9,87.4,43.7888483333333,-79.3930666666667,989.1,6.54877912392778,7.31987852535317,0,38.8328914588394,29,243.9,155.9,4.5,8.8
2018-08-09 18:06:35.400,178.9,42.7333563689986,1.87666712792495,1.91343923872598,1.1185994303196,393.158975496266,400.862529926403,1.14051840273013,232.8,140.467028455001,19217.3717057729,0.9,87.7,43.7888483333333,-79.3930666666667,989.2,6.54657909510454,7.32369839677848,0,38.8331550130018,29,247.4,160.4,4.4,7.7
2018-08-09 18:06:36.400,179,42.7324568574947,1.88322426915643,1.92028638273611,1.25655328729451,393.507708714834,401.251958074121,1.28128202005815,252.5,140.469070793798,19300.2119121085,0.9,87.4,43.7888483333333,-79.393065,989.1,6.53418412364244,7.31799422532503,0,38.8337718189377,29,243.7,156.4,3.9,7.5
2018-08-09 18:06:37.400,179.1,42.729064702596,1.87726786381,1.91427883302667,1.14408562424308,393.421973433925,401.178395228379,1.16664168372387,247.4,140.479056373559,19334.252863534,0.9,87.2,43.7888483333333,-79.393065,989.1,6.54072114540709,7.32214472140553,0,38.8345190443814,29,245.4,154.2,3.4,6.7
2018-08-09 18:06:38.400,179.1,42.7343396398813,1.87514153912504,1.91219660250977,1.09763839129178,394.182221480766,401.971670700188,1.11932816803745,237,140.441361417492,19378.1234295509,0.9,87.5,43.7888483333333,-79.393065,989.2,6.53932830037358,7.31868292433662,0,38.8346329027872,29,237.8,150.4,3.5,6.2
2018-08-09 18:06:39.400,179.2,42.7354838000614,1.87910779355191,1.91613746544331,1.18943860146976,394.755734224112,402.534712872677,1.21287825148435,247.5,140.474266701641,19325.1491953061,0.9,87.6,43.7888483333333,-79.393065,989.1,6.54002706939179,7.31751500774429,0,38.835646640543,29,239.8,152.5,3.4,7.2
2018-08-09 18:06:40.400,179.3,42.7370883801824,1.87683334368217,1.91384991289136,1.32079462491292,394.280243757263,402.056493539038,1.34684323075419,208.9,140.456693053093,19341.2309443506,0.9,87.6,43.7888483333333,-79.3930633333333,989.1,6.54171895741928,7.31870532432659,0,38.835712153954,29,241.3,156.2,3.5,6.4
2018-08-09 18:06:41.400,179.4,42.7400660575453,1.87552603698406,1.91255202847939,1.10046025749679,393.708838746763,401.481337603033,1.12218735257993,168.3,140.494663625402,19359.6265424141,0.9,87.8,43.7888483333333,-79.3930633333333,989.1,6.54356103812436,7.32092930212773,0,38.835949958943,29,245.8,153.6,4.2,9.7
2018-08-09 18:06:42.400,179.4,42.7464734262929,1.8777313789059,1.91494629404149,1.30378323945237,393.446798256558,401.244535829983,1.32962185658673,184.7,140.462153478464,19433.9190967423,0.9,88.1,43.78885,-79.3930633333333,989.2,6.54236439816078,7.31998883064658,0,38.8369601818523,29,237.7,146.1,4.9,9.6
2018-08-09 18:06:43.400,179.5,42.7582444634516,1.87858732347676,1.91571569991994,1.42044573419958,393.83512138723,401.618963804464,1.44851848201953,191,140.434112116769,19381.1502400864,0.9,88.1,43.7888483333333,-79.3930616666667,989,6.540157111629,7.32159474827891,0,38.8371308144735,29,234.9,146.5,4.9,9.6
2018-08-09 18:06:44.400,179.5,42.7525244721903,1.87913504814163,1.91635056815088,1.18869956717381,393.322123452541,401.111830865424,1.21224167919766,170.6,140.501040775428,19420.2954512005,0.9,88.4,43.78885,-79.3930616666667,989.1,6.53927706032863,7.31846878532251,0,38.8370150362338,28.9,230.6,141.5,3.6,7.4
2018-08-09 18:06:45.400,179.5,42.7515833768976,1.87694810624836,1.91418380102446,1.15127093469274,393.046699789125,400.844121573618,1.17411112801882,211.6,140.446825083798,19452.5710116425,0.9,88.2,43.78885,-79.39306,989.1,6.54271566170774,7.32094197028356,0,38.838022425144,28.9,229.6,142.2,4.7,9.2
2018-08-09 18:06:46.400,179.4,42.7434428934678,1.87729550825158,1.91439348627164,1.12473713123953,392.267232868085,400.019035122812,1.14696295102147,197,140.509551514667,19378.4968104361,0.9,88.1,43.78885,-79.39306,989.2,6.54052269528471,7.32175990502513,0,38.8383639474431,28.9,229.3,141.1,4.4,8.5
2018-08-09 18:06:47.400,179.3,42.7410404310582,1.87990922759644,1.91737445295976,1.15325817828729,392.963420779412,400.795035454692,1.17623667688899,202.7,140.480792799025,19540.1313051496,0.9,88.1,43.78885,-79.39306,989.1,6.53792339605365,7.31980773713129,0,38.8386297633019,28.9,227.8,138.8,4.3,8.1
2018-08-09 18:06:48.400,179.3,42.7424200322177,1.87840791842903,1.9157257740512,1.42095258166144,392.945240960162,400.751772863958,1.44917186786793,205.2,140.439466652899,19479.7271255442,0.9,87.6,43.78885,-79.39306,989.1,6.54001221963506,7.31966089180519,0,38.8394008718844,28.9,226.8,136.3,4.5,8.4
2018-08-09 18:06:49.400,179.2,42.7376830809003,1.88004574520262,1.91757784639391,1.13382500622558,393.342616249487,401.194892820379,1.1564446893903,239.6,140.49618931994,19572.293244156,0.9,88,43.78885,-79.3930616666667,989.2,6.53775754736792,7.3241636997056,0,38.8401568269407,28.9,224.3,137.5,4,7.4
2018-08-09 18:06:50.400,179.2,42.7418443728536,1.8759930210996,1.9130624272872,1.54299420468089,393.750250882525,401.530641489305,1.57348417270461,234.7,140.469093772462,19376.8867879955,0.9,87.9,43.78885,-79.3930616666667,989,6.54632835767896,7.32260375169716,0,38.8399006259484,28.9,227,142.8,3.5,6.7
2018-08-09 18:06:51.400,179.1,42.7409514883943,1.87946446921351,1.91646797906201,1.48986515387239,394.382587607967,402.147326983103,1.51919976155064,244.5,140.482402061037,19308.2510141372,0.9,86.8,43.78885,-79.3930616666667,989.2,6.53627283982291,7.3239326950837,0,38.8406897938963,28.9,225.4,146.4,3,6.6
2018-08-09 18:06:52.400,179.1,42.7443996124269,1.87861746920249,1.91550260386289,1.33220058866319,394.553906802468,402.300624905495,1.35835770341771,96.6,140.470640292674,19256.1742939074,0.9,86.4,43.7888516666667,-79.3930616666667,989.1,6.54377161499873,7.32325606074663,0.1,38.8414220199059,28.9,249.9,164.6,3,6.1
2018-08-09 18:06:53.400,179.1,42.74788016395,1.87826266611162,1.91514591991418,1.28215028151188,394.419223625509,402.164315783441,1.30732686606428,91.6,140.455870104712,19258.5548932095,0.9,84.5,43.7888516666667,-79.3930616666667,989.1,6.54510753748061,7.31726737647744,0.5,38.841498037081,28.9,257.3,167.8,3,4.6
2018-08-09 18:06:54.400,179.1,42.7458003369153,1.87803985738816,1.91490395188395,1.03176403733663,394.785468073753,402.534737463268,1.05201516656573,88.6,140.466428579605,19251.1659302651,0.9,73.3,43.7888516666667,-79.3930616666667,989.1,6.53967171849323,7.32275516741587,2.5,38.8425692904134,28.9,240.9,146,2,2
2018-08-09 18:06:55.400,179,42.7467338598266,1.87733584398354,1.91396256892547,1.12624188272583,394.503366593387,402.200098750024,1.14821373250857,85.8,140.457725586241,19136.7203632636,0.9,73.2,43.7888516666667,-79.3930516666667,989,6.54696061723652,7.32300251017962,5.5,38.8430254135528,29,258.5,135,1.3,0.4
2018-08-09 18:06:56.400,178.9,42.7422930075034,1.87693210131076,1.91342602934623,1.2769300466327,394.159891956726,401.823774494731,1.30175799304168,86.4,140.512970877513,19072.8314441147,0.9,75,43.7888533333333,-79.393025,989.2,6.54594667355761,7.32570095901379,7,38.8424702424479,29,270.3,238.5,2.1,0.6
2018-08-09 18:06:57.400,178.9,42.7442119095062,1.87555902628475,1.91199354587258,1.40394937515343,394.369785609249,402.030835522132,1.43122131611752,82.3,140.44732061826,19055.8800592155,0.9,83.5,43.7888566666667,-79.3929966666667,989.1,6.54893859574774,7.32537275822222,7.9,38.8425477176575,29,256.8,24.7,1.5,2.3
2018-08-09 18:06:58.400,178.6,42.7485263007633,1.87790797214194,1.91432974351564,1.51386136223587,394.574272055476,402.22700420989,1.54322278062554,84.2,140.469846659627,19026.0365601377,0.9,87.5,43.78886,-79.3929633333333,989,6.5467464010177,7.32194976332702,8.3,38.8438543865175,29,246.9,52.1,1.3,2.7
2018-08-09 18:06:59.400,178.5,42.7469608694886,1.87717400768194,1.91358815001555,1.50481716341416,394.213568577728,401.860586333971,1.53400587643903,82.1,140.480369251643,19029.1215705399,0.9,84.2,43.7888633333333,-79.39293,989,6.54415773832537,7.32763222721234,8.8,38.8436151211734,29,229.7,65.6,2.3,2.7
2018-08-09 18:07:00.400,178.3,42.7457447303076,1.87468354287106,1.91122828388231,1.29106191435377,394.050415395697,401.731904949182,1.3162333410212,81.1,140.432139865736,19120.9391051226,0.9,74.7,43.78887,-79.3928966666667,989.1,6.54248113389181,7.32482882872462,9.8,38.8448351116585,29,243,36.1,2.2,1
2018-08-09 18:07:01.400,178.1,42.7377499126286,1.87852377601462,1.91540457204114,1.36727413897771,394.177910884476,401.916871842024,1.3941142978522,71.7,140.496320777989,19255.068463766,0.9,66.7,43.7888833333333,-79.3928583333333,989,6.54190347394141,7.32315276323029,10.9,38.8451305632558,29,234.7,23.6,1.8,3.2
2018-08-09 18:07:02.400,178,42.7358350569615,1.87828472544552,1.91477644564244,1.41489585759622,394.289674871837,401.950074863699,1.44238510232728,67.7,140.470067857434,19058.0907006266,0.9,72,43.7888983333333,-79.39282,989,6.54543454532509,7.32543389421434,11.1,38.8448674395801,29,247.6,318.8,2.3,1.5
2018-08-09 18:07:03.400,177.9,42.7402330021033,1.87916168138777,1.91575314616171,1.38394457060454,394.330855743827,402.009441508815,1.4108952063831,66.7,140.46715619085,19100.4076485435,0.9,79.1,43.7889066666667,-79.3927816666667,989,6.54067135383893,7.32435223672535,10.9,38.8460061750786,29,244.1,70.4,2.7,0.7
2018-08-09 18:07:04.400,177.9,42.7428498834848,1.87851977265295,1.91525752565991,1.44690985911895,393.776384602137,401.477377007176,1.47520498413038,67.2,140.460663423377,19181.6318653058,0.9,81.5,43.788915,-79.3927483333333,989.1,6.54405043384681,7.327979847599,10.7,38.84549598652,29,243.3,64.3,3,0.7
2018-08-09 18:07:05.400,177.7,42.7509084026524,1.87963855591327,1.91643018540854,1.25935549482299,393.89788790106,401.608024595036,1.28400958885605,68.9,140.477055635126,19198.058575579,0.9,81.4,43.7889216666667,-79.392715,989.1,6.54360957977404,7.32629479948697,10.9,38.8473217793483,29,239.6,32.4,2.4,1.7
2018-08-09 18:07:06.400,177.2,42.7614412060527,1.87807613888248,1.91477959662631,1.10156504113282,394.157792022394,401.860864780249,1.12310131889778,71.1,140.489325095029,19168.5638604374,0.9,78.2,43.78893,-79.3926783333333,989.1,6.54666165948532,7.32346469574827,11.4,38.8468070641099,29,225.1,34.7,2.3,3.4
2018-08-09 18:07:07.400,177.2,42.7710748963633,1.87998838784876,1.91688496831556,1.33001272638942,394.712589121589,402.459282219834,1.35611703349998,66.9,140.448829283698,19248.3524118875,0.9,69.8,43.7889433333333,-79.39264,989.1,6.53719185832638,7.32263954421927,11.8,38.8475509983716,29,233.4,23.2,2.2,2
2018-08-09 18:07:08.400,177.4,42.7720095220131,1.87844930701954,1.91522511411243,1.2952104079104,394.368823678653,402.08955784007,1.32056679529028,63.5,140.501078927369,19201.53373306,0.9,62.7,43.78896,-79.3926016666667,989.1,6.53968649101706,7.32361554787204,12.2,38.8481607966449,29,238.4,0.4,2.5,1.6
2018-08-09 18:07:09.400,177.7,42.7713853633162,1.88049071518376,1.91733065763685,1.44691494599337,394.723955773427,402.456772446339,1.47525939985753,57.1,140.462323018767,19214.0491963092,0.9,53.9,43.7889783333333,-79.392565,989.1,6.54242322809368,7.32263029177705,12.2,38.8488061819953,29,250,325,2.4,2.5
2018-08-09 18:07:10.400,177.8,42.7673353540082,1.88077777915436,1.91768841326834,1.32878445625982,394.815919014205,402.564210038103,1.35486249635786,50.8,140.442692313965,19247.4629471119,0.9,48.7,43.789,-79.39253,989.1,6.54278804095041,7.32393289328843,12.7,38.8492590006128,29,260.5,311.6,2.7,3.9
2018-08-09 18:07:11.400,178,42.7604360297373,1.8794822283219,1.91631031042478,1.35659006753482,394.715210447733,402.449515332013,1.38317312194739,44.6,140.475951238923,19218.1311766382,0.9,44.2,43.7890233333333,-79.3924966666667,989,6.540455407047,7.3215896778247,13.1,38.8494796127328,29,256.1,317.6,2.7,4.2
2018-08-09 18:07:12.400,178.4,42.7636034331637,1.87472431387925,1.91154734640325,1.45768695275268,394.238796383987,401.982490446853,1.48631929967538,38.5,140.435773154152,19263.6008516488,0.9,39.7,43.7890533333333,-79.3924666666667,989.2,6.55184225763204,7.32768324987014,13.3,38.8508062932429,29,270.4,319.8,1.9,5.3
2018-08-09 18:07:13.400,178.9,42.7587934757076,1.87740802814613,1.91433761488972,1.42409794109987,394.706766709871,402.470943578247,1.45211236166224,33.5,140.474029759829,19291.1559832771,0.9,36.7,43.7890833333333,-79.39244,989.1,6.54764735114919,7.32547833264887,13.3,38.8503247078727,29,257.4,308.3,2.8,5.5
2018-08-09 18:07:14.400,179.5,42.7584537122726,1.87995588036194,1.91693204019579,1.2785780317924,394.882528823207,402.649327191342,1.30372879697448,28.2,140.46576216148,19289.0987626026,0.9,33.5,43.7891116666667,-79.39242,989.1,6.54280266511117,7.31967576613139,12.9,38.851760670771,29,258.9,313.1,2.8,5.1
2018-08-09 18:07:15.400,179.9,42.7653199803988,1.87918495710453,1.91624517600411,1.4514905257595,394.867626826704,402.654917180899,1.48011503316671,25.6,140.463888662997,19339.9376149925,0.9,31.2,43.78914,-79.3924,989,6.53696979742077,7.3210986029091,12.5,38.8515613347317,29,268.2,319.2,2.3,6.8
2018-08-09 18:07:16.400,180.1,42.7664103859012,1.87957162755377,1.91668536749351,1.43141497548616,394.415344260999,402.203366073703,1.45968001254923,26.2,140.478131206405,19363.5347682539,0.9,31.6,43.789165,-79.39238,989.1,6.53907963584959,7.32285448483221,11.8,38.8525851174213,28.9,269.3,319.7,2.4,5.9
2018-08-09 18:07:17.400,180.5,42.7657186935875,1.88018495764025,1.91735279988097,1.45886065069531,394.040307739533,401.829885431542,1.48770150144873,24,140.474641825003,19385.2065241628,0.9,28.5,43.7891916666667,-79.3923633333333,989.2,6.53925694220014,7.32423533907101,11.1,38.8526669081547,28.9,266.4,313.7,2.2,5.3
2018-08-09 18:07:18.400,180.8,42.7623755856066,1.88060184253305,1.91777066549113,1.39150570633218,394.088441343682,401.877375099402,1.41901237349729,19.8,140.492627153995,19381.3955733614,0.9,23.9,43.7892166666667,-79.3923516666667,989.2,6.54100715394035,7.32699166238231,10.3,38.8536785344132,28.9,271.9,317.6,1.9,6.5
2018-08-09 18:07:19.400,181,42.7579317779147,1.87883482918267,1.91600325223215,1.49966925894726,394.23562947824,402.034557715733,1.52934096252679,19.2,140.463024064373,19398.7048857385,0.9,21.6,43.7892416666667,-79.3923416666667,989.1,6.54236085634926,7.32240349861326,9.8,38.854174266379,28.9,289.2,314.5,2.4,6.1
2018-08-09 18:07:20.400,181.2,42.7608009919428,1.8770132715154,1.91398977855842,1.42265563031995,393.943912405595,401.704341084137,1.45068163721497,21.5,140.497053371334,19318.6931947368,0.9,24.4,43.7892666666667,-79.3923266666667,989.1,6.54596198201156,7.32582144919709,10,38.8549426910386,28.9,270.6,307.2,2.7,5.4
2018-08-09 18:07:21.400,181.4,42.7709598013269,1.8801078322342,1.91732040618345,1.43584351984238,393.609456351211,401.399935961549,1.46426181049865,25,140.481485309851,19408.2018327082,0.9,27,43.78929,-79.39231,989.1,6.54195485815641,7.32368020589063,10.1,38.8547149831237,28.9,266.4,311.2,2.2,5.6
2018-08-09 18:07:22.400,181.2,42.7785581852964,1.87960812336795,1.91694990543874,1.34608236376,392.848069275964,400.65260348807,1.37282608208708,29.2,140.453364897021,19479.4815309635,0.9,32.3,43.7893116666667,-79.3922933333333,989.1,6.53825146687156,7.32428848359989,10.3,38.8549795463241,28.9,273.6,310.4,2.7,4.6
2018-08-09 18:07:23.400,180.9,42.7821142912198,1.8775629835071,1.91488615831316,1.21817325019913,391.775669036033,399.56355319187,1.24238990232125,37.2,140.496199955038,19491.0185228501,0.9,37.3,43.7893283333333,-79.39227,989,6.54179298607636,7.32482094506164,10.5,38.855465396907,28.9,273.9,302.8,2.4,4.8
2018-08-09 18:07:24.400,180.9,42.7892439117211,1.87787456506504,1.91546797793027,1.28227174413766,390.994021557899,398.821350051647,1.30794415058965,44.5,140.457807863041,19626.2388396267,0.9,46.5,43.789345,-79.3922433333333,989.1,6.54185351073535,7.32090368510177,10.9,38.8559646992805,28.9,270.5,300.4,2.7,3.9
2018-08-09 18:07:25.400,180.7,42.7970907928956,1.87866523483032,1.91656370712573,1.31701590205383,390.74885853876,398.631596774932,1.34358344679756,53.4,140.455209207957,19774.5525718164,0.9,53.3,43.7893583333333,-79.3922133333333,989.1,6.53978089132753,7.32331633634326,11.2,38.8566118286309,28.9,264.2,314.1,2.4,2.8
2018-08-09 18:07:26.400,180.6,42.8052622618139,1.87813169011795,1.91608441941441,1.23826396350209,391.219046729126,399.124777333937,1.26328921865394,60.8,140.464487601839,19807.7311876963,0.9,58.9,43.7893716666667,-79.3921766666667,989,6.539995916431,7.32479648017112,12.2,38.8566254140708,28.9,261.2,330.9,2.3,3.4
2018-08-09 18:07:27.400,180.6,42.8178177404102,1.88042313989291,1.91827738873631,1.22649914606598,391.27876329023,399.155545301085,1.2511844953502,68.5,140.4398598776,19733.6201433092,0.9,66.6,43.789385,-79.3921333333333,989.1,6.53841195134603,7.32481370195619,13.1,38.8575503765983,28.9,268.1,340.8,1.9,3.9
2018-08-09 18:07:28.400,180.2,42.8189385187328,1.87976570814305,1.91754579194398,1.29304293670454,391.71619861552,399.588984275263,1.31902342884716,71.8,140.462287046143,19702.2885222013,0.9,70,43.7893983333333,-79.3920883333333,989,6.54099989795777,7.32134278870453,14,38.8577844733036,28.9,273.4,342.3,1.9,5
2018-08-09 18:07:29.400,180.1,42.8183337757041,1.87577261309812,1.91352322811395,1.08838696075949,392.054984936231,399.945046413843,1.11028960567008,73.9,140.459569321123,19727.9878068607,0.9,69.7,43.7894066666667,-79.39204,989,6.54510573144392,7.32063170925466,15,38.8585534959336,28.9,275,347.4,1.6,5.3
2018-08-09 18:07:30.400,179.9,42.8184937735276,1.87682323771936,1.91445197356484,1.20838864101892,392.418162226757,400.285691399262,1.23261422420325,74.4,140.482093035415,19654.8532088653,0.9,74.9,43.7894183333333,-79.39199,989.1,6.54201812615005,7.32342269248292,15.7,38.8588931494033,28.9,264.4,0.4,2.1,4.8
2018-08-09 18:07:31.400,179.6,42.8203888873824,1.87976380287157,1.91738698221615,1.2922567419825,392.726868469274,400.587088605911,1.31812309885716,77.4,140.4572011155,19621.894000536,0.9,74.2,43.7894266666667,-79.3919333333333,989.1,6.54252296933189,7.32369425702361,17,38.8597746052519,28.9,252.4,0.4,1.6,6.4
2018-08-09 18:07:32.400,179.3,42.8226104128088,1.87977687070499,1.91742973989077,1.23766318889007,392.831086459428,400.699705019366,1.26246089642966,76.8,140.475513059478,19637.1941648866,0.9,72.1,43.7894383333333,-79.39187,989,6.53889989130749,7.3261534461475,18.3,38.8598688988108,28.8,258.8,359,1.9,5.8
2018-08-09 18:07:33.400,178.7,42.8249142654387,1.88116096274399,1.91893734451302,1.23993026068266,393.367329221935,401.266836419706,1.26483854828949,76.6,140.478324398076,19686.3499197452,0.9,73.4,43.7894533333333,-79.3918016666667,989.1,6.53591800084477,7.3269153526229,19.4,38.8604542113711,28.8,265.3,349.6,2.1,6.7
2018-08-09 18:07:34.400,178.2,42.8278465241635,1.87910475866772,1.91671927371969,1.10460839701606,393.294650720738,401.167372248695,1.1267193682673,76.8,140.456315152875,19624.6796306802,0.9,74.7,43.7894683333333,-79.3917316666667,989.1,6.53927341334517,7.33140615179406,20.5,38.8607411611411,28.8,282.8,344.7,2.2,7.5
2018-08-09 18:07:35.400,177.6,42.8269117951248,1.87736160798101,1.91501402054079,1.2784386193735,394.266746309306,402.174266026057,1.30407865631635,77.3,140.502051374443,19661.7879641481,0.9,74.3,43.7894783333333,-79.3916616666667,989.1,6.54343654799143,7.3242819367842,21.2,38.8616361117017,28.7,269.2,347.4,2.3,6.2
2018-08-09 18:07:36.400,177.3,42.8290037901551,1.87829494030306,1.91599039128844,1.24966999741543,397.446074085275,405.422176036138,1.27475071851703,77.5,140.462922085856,19674.0201229527,0.9,74.7,43.7894883333333,-79.3915866666667,989,6.54449561409127,7.32124349601202,22,38.8619708283991,28.7,272.6,344.2,3.2,6.3
2018-08-09 18:07:37.400,177.1,42.8286072462721,1.88103337810751,1.91861423098481,1.20046236841855,400.831311317525,408.839391116363,1.22444538551975,77.6,140.455563593624,19587.4128112985,0.9,76.9,43.7895,-79.3915083333333,989.1,6.54518845014013,7.32615788845076,22.2,38.8624736056345,28.7,272.2,348,3,6.5
2018-08-09 18:07:38.400,177,42.8270444803689,1.88012846730208,1.91776220158647,1.16231894847348,402.112854683167,410.161787374327,1.18558457609839,76.9,140.463913599078,19623.801081937,0.9,79.6,43.78951,-79.3914316666667,989.2,6.54293785974174,7.32678042583859,22.2,38.8629860729285,28.7,267.7,350.7,2.9,6.8
2018-08-09 18:07:39.400,176.9,42.8282377454574,1.88173045151922,1.91945449091455,1.21153960535771,402.36506081082,410.431473400528,1.23582823675178,77.7,140.450374209801,19653.5335295464,0.9,81.6,43.7895216666667,-79.3913583333333,989.2,6.54086080546645,7.32673528874642,21.8,38.8635359276225,28.6,275.9,354.4,2.2,7.7
2018-08-09 18:07:40.400,177.1,42.8270221063387,1.88336708762822,1.92112572153587,1.28220976053136,402.186137788483,410.249334627569,1.30791599214424,78.3,140.480723189412,19654.3725919122,0.9,81.3,43.7895316666667,-79.3912866666667,989.1,6.54212999109469,7.32497133648926,21.4,38.8637709396502,28.6,270.3,354.6,2.1,7.4
2018-08-09 18:07:41.400,177.4,42.8320799622974,1.88188310711704,1.91955306832234,1.17809904541754,402.265345252851,410.317595455752,1.20168639926227,79.5,140.462540127201,19624.3867752735,0.9,81.7,43.7895433333333,-79.391215,989.1,6.54053793084388,7.3255003369782,21.2,38.8639869108121,28.6,264.1,353.9,1.9,7.5
2018-08-09 18:07:42.400,177.8,42.8408672790958,1.88279028787664,1.92041772295233,1.09290672655427,401.969507453268,410.002731013884,1.11474889771608,81.1,140.472702887456,19593.0876156761,0.9,82.7,43.7895516666667,-79.39114,989.2,6.53809565120041,7.32641702709112,21.1,38.8649292790049,28.6,278.6,357,2.7,6.2
2018-08-09 18:07:43.400,178.2,42.8499487075912,1.88315935769204,1.92088189063225,1.15808834097788,402.561748976597,410.625713971147,1.18128252064204,84.6,140.447460341868,19638.0334426199,0.9,79.5,43.7895566666667,-79.391065,989.1,6.53861327167873,7.32394187847435,20.9,38.8653215059491,28.6,270.4,357.3,2.5,7.1
2018-08-09 18:07:44.400,178.3,42.8527509512467,1.88155013916483,1.91930651271203,1.14073072553714,404.833193551064,412.956830906628,1.16361885554589,85.5,140.456645245455,19671.8937113998,0.9,79.9,43.7895633333333,-79.39099,989.1,6.54061654996956,7.3221205382965,20.9,38.8658898375735,28.5,268,359.5,1.7,7.9
2018-08-09 18:07:45.400,178.4,42.8527864629911,1.8833101942995,1.9210843042939,1.16486920924497,407.618768058923,415.794470374359,1.1882307282655,83.2,140.475413845562,19662.7409463715,0.9,77.1,43.7895716666667,-79.3909133333333,989.1,6.54015108665113,7.32353590555175,20.9,38.8662814982156,28.5,267.8,355.9,2,7.9
2018-08-09 18:07:46.400,178.6,42.8529631766923,1.88440360391367,1.92228464048855,1.0864287502364,409.970123038438,418.211450518271,1.10826992011837,80.9,140.447762589443,19706.0996811948,1.7,74.6,43.7895833333333,-79.39084,989.2,6.53735105317439,7.32328036901079,20.9,38.8672727342453,28.5,263.9,355.4,2,7.6
2018-08-09 18:07:47.400,178.6,42.8488855990928,1.88041643372811,1.91828239555248,1.0913471617823,411.104810596847,419.383275769006,1.11332363850073,80.1,140.483214937274,19739.566065894,0.9,77.1,43.7895966666667,-79.3907716666667,989.2,6.53997334875539,7.32143213635055,20.5,38.8676033858601,28.5,258.2,358.8,1.9,7.3
2018-08-09 18:07:48.400,178.4,42.8470328176319,1.88216248131216,1.92014904232993,1.09006648178162,411.01951300247,419.314947711664,1.11207083279467,80.1,140.458570316417,19783.2878350258,0.9,78.2,43.78961,-79.3907016666667,989.2,6.53884561525796,7.32250979324161,20,38.868247067479,28.5,262.9,357.3,2.3,6.3
2018-08-09 18:07:49.400,178.3,42.8464323982582,1.88286198970229,1.92089132854775,1.15079708566494,409.817550579458,418.094919160513,1.17404187435716,78.9,140.456163649853,19797.8509129713,0.9,79.3,43.7896233333333,-79.3906333333333,989.1,6.54074860609797,7.32355094464788,19.4,38.868537306664,28.5,263.8,358.2,2.1,5.9
2018-08-09 18:07:50.400,178.8,42.8442129513008,1.8822084113555,1.92027835230312,1.05610532875862,410.158705084301,418.454740377258,1.07746269243689,78.8,140.486714906524,19825.2061554982,0.9,83,43.789635,-79.3905683333333,989.1,6.54395144933876,7.32160305532646,18.5,38.8690801460648,28.5,264.4,352.8,2.7,4.5
2018-08-09 18:07:51.400,179.4,42.8457440071312,1.88119560684424,1.919387792259,1.20546995278077,411.811005407545,420.171692367381,1.22994399132016,80,140.470669496557,19898.2255862131,0.9,83.5,43.789645,-79.3905066666667,989.2,6.54185732388034,7.3219444801738,17.5,38.8694245334918,28.6,262.8,341.9,2.4,3.8
2018-08-09 18:07:52.400,179.8,42.8427495993715,1.88080659777776,1.91916521558976,1.37691915894281,412.652965830234,421.069018892557,1.40499392115882,81.5,140.476159316905,19987.3276162162,0.9,84.9,43.7896533333333,-79.39045,989.2,6.5426300690314,7.32635076639161,16.2,38.869908322524,28.6,264.8,337.5,3.2,2.6
2018-08-09 18:07:53.400,179.9,42.8420956848127,1.88508214193343,1.9236429055555,1.24571654263535,413.550862832105,422.010337610512,1.27120122936257,82.9,140.461035979761,20045.8639896753,0.9,90.3,43.7896583333333,-79.3903983333333,989.2,6.54142033160876,7.32256430533441,15.5,38.870669655343,28.7,248.3,17.4,1.9,6.1
2018-08-09 18:07:54.400,179.6,42.8442598871637,1.8836740274521,1.92219823256659,1.18303860674982,414.443465706764,422.919454683133,1.20723287976871,85.9,140.458489470485,20041.6904131898,0.9,89.8,43.789655,-79.39035,989.2,6.53948713213948,7.31991455671366,15.3,38.8713558730043,28.6,212.8,29.5,2.1,6.3
2018-08-09 18:07:55.400,178.8,42.8419284986336,1.88049701041418,1.91906251599936,1.19791254373955,414.19396308074,422.688244994561,1.22247922039587,86.4,140.462225559182,20095.888442649,0.9,87.7,43.789655,-79.3903016666667,989.2,6.53773430167954,7.32761448305872,15,38.8718066410624,28.6,237,35.4,2.4,3.7
2018-08-09 18:07:56.400,178.1,42.8375177720504,1.88055778868423,1.91912742181061,1.32283675707623,412.836291038868,421.303388614126,1.34996751823393,85.2,140.471948365941,20097.3012100267,0.9,83.8,43.7896533333333,-79.3902533333333,989.1,6.53813688555708,7.32971164413669,14.4,38.8722475740893,28.6,251.2,33.6,2.9,2.2
2018-08-09 18:07:57.400,177.4,42.8323877980735,1.87872889203815,1.91735081048354,1.31982517931892,411.117913332224,419.569342846769,1.34695151255188,82.8,140.480396854618,20143.1806246302,0.9,80.9,43.7896583333333,-79.3902066666667,989.2,6.54162054520478,7.32738948386834,13.8,38.8729034213575,28.6,250.1,47.8,3.1,1.2
2018-08-09 18:07:58.400,176.8,42.8331271422683,1.87961914432018,1.91837507543944,1.17933139035043,409.407990488981,417.849621075304,1.20364814803854,79.9,140.438351250544,20202.5318696072,0.9,80.8,43.789665,-79.390165,989.1,6.54445305125108,7.32588138130805,12.9,38.8736886223853,28.7,254.9,52.8,3.3,1.2
2018-08-09 18:07:59.400,175.9,42.8315004774536,1.8792543385809,1.91804680250973,1.20538049590346,407.729741337584,416.146379629071,1.2302632239322,76.6,140.46877735562,20225.1371801194,0.9,75.9,43.7896733333333,-79.3901266666667,989.2,6.54236126646272,7.32454794774638,12.4,38.8742320199853,28.7,244.7,16.2,2.4,1.9
2018-08-09 18:08:00.400,175.1,42.8294094409376,1.87733819366416,1.91604322146285,1.28078392033219,405.92126569364,414.290226334359,1.30718874921585,74.2,140.471465953356,20200.7021727347,0.9,74.6,43.789685,-79.3900916666667,989.2,6.54151722278535,7.32420462855912,12.7,38.8741699752901,28.7,245.5,12.6,2.3,2.3
2018-08-09 18:08:01.400,174.7,42.8283722159146,1.87719732932444,1.91578274846862,1.17591397489319,403.796995538031,412.096951114883,1.20008786211252,73.4,140.467029095219,20140.8341135561,0.9,69.6,43.7896983333333,-79.3900483333333,989.2,6.5436709329461,7.32328304511227,12.9,38.8745758907844,28.7,256.2,320,3.1,1.8
2018-08-09 18:08:02.400,175.1,42.8286840175069,1.87782499699834,1.91631921281912,1.26553197447783,402.234816398336,410.48033654009,1.29146664820058,72.4,140.489336154264,20087.4853248796,0.9,69.1,43.78971,-79.3899966666667,989.3,6.5423868486521,7.32412642420029,13.3,38.8750195822824,28.7,266,327.9,3,3.1
2018-08-09 18:08:03.400,175.3,42.8371762578545,1.88059698467035,1.91903802073457,1.46168599699161,401.72840578572,409.940151689389,1.49156503059964,71.9,140.454510129001,20031.5695188777,0.9,72.3,43.78972,-79.389955,989.3,6.54007947173039,7.32270589379761,13.8,38.8755215227115,28.7,265.4,337.8,2.6,2.5
2018-08-09 18:08:04.400,175.4,42.8472244055485,1.88264929881463,1.92096692560101,1.49045281694391,401.307201706937,409.475061018514,1.52078501364504,71.7,140.461957888323,19947.0757686561,0.9,79.2,43.789735,-79.3899066666667,989.4,6.53926304443279,7.31694596500381,14,38.876399618744,28.7,260.8,340.7,2.6,2.2
2018-08-09 18:08:05.400,175.4,42.8526720212712,1.88318674061405,1.92133577727639,1.58365221717722,400.881027923883,409.001970208359,1.61573197340731,71.1,140.466610924339,19855.4068229965,0.9,79,43.7897466666667,-79.389865,989.5,6.53794891232162,7.31811296811134,13.7,38.8770768862949,28.8,264.8,336.2,2.7,2.4
2018-08-09 18:08:06.400,175,42.8519513816559,1.88366971420771,1.92177345468575,1.79363959229241,400.947397978975,409.058059970084,1.82992290594572,72.5,140.484345285169,19827.540614676,0.9,78,43.789755,-79.3898216666667,989.4,6.53796773706515,7.32442670633728,13.5,38.8779249015011,28.8,254.8,352.4,2.7,1.7
2018-08-09 18:08:07.400,175,42.8506969594278,1.8847896793912,1.92281402590047,1.83809673555212,401.239587953672,409.334483228055,1.87518534810339,73.7,140.478612505853,19775.6442650132,0.9,74.7,43.7897683333333,-79.389775,989.4,6.53746133418566,7.32352096637116,13.7,38.8787034818027,28.8,255.7,0.4,3.1,1.5
2018-08-09 18:08:08.400,175.3,42.8502287737337,1.88382964406863,1.92161898373094,1.61216755257433,400.907375663127,408.949516063249,1.64451408275339,74.7,140.473950192947,19665.2637482844,0.9,73.3,43.7897783333333,-79.3897266666667,989.3,6.53765358692198,7.32395426337486,13.8,38.8788464051743,28.9,254.7,342.1,3.2,1.4
2018-08-09 18:08:09.400,175.3,42.8525233209221,1.88183741822264,1.91953067152166,1.59295858413185,400.230530465969,408.247102447572,1.62486703635766,74.6,140.482414625198,19636.604758802,0.9,71.1,43.789785,-79.3896783333333,989.3,6.53876111887423,7.32592871297158,14,38.879473216339,28.9,262.9,342.4,3,2.2
2018-08-09 18:08:10.400,174.9,42.8554431399988,1.88158169768251,1.91927191090989,1.5839906493826,399.131747627083,407.126828286235,1.61572076370534,74.6,140.44754508643,19637.822418001,0.9,68.8,43.78979,-79.3896333333333,989.5,6.54206044942391,7.32779346735902,14.8,38.8802811934085,28.9,262.9,340.8,2.8,2.9
2018-08-09 18:08:11.400,174.5,42.8525893566303,1.88246691436558,1.92012345420719,1.62662998055751,398.625441349276,406.599561666041,1.65916814806541,74.9,140.467891709518,19611.7959961589,0.9,67.8,43.7897983333333,-79.38958,989.4,6.54184270010459,7.32528489709875,15.9,38.8805771714911,28.9,275.6,335.6,2.7,4.7
2018-08-09 18:08:12.400,174.3,42.8542132786128,1.88366461592073,1.92138564318627,1.68095451539585,399.167603296985,407.161134762008,1.71461528422915,73.9,140.469452125044,19632.3725413062,0.9,68.2,43.7898033333333,-79.3895233333333,989.3,6.53787560599916,7.3230933125416,17,38.881339587643,28.9,280.7,346.9,2.2,6.3
2018-08-09 18:08:13.400,174.1,42.8611330517806,1.88312364884052,1.92089809172531,1.63943895258633,400.187888574853,408.215363720008,1.67232471347731,73.2,140.460186568196,19664.9184075235,0.9,67.4,43.7898216666667,-79.3894566666667,989.4,6.53862038019743,7.32353269821064,18.8,38.8817667134563,28.8,269.9,349.2,2,6.9
2018-08-09 18:08:14.400,174,42.8666168786254,1.88166643636171,1.91942037383285,1.49070719545703,400.870093941968,408.913075194572,1.52061694184998,74,140.481143760067,19669.3387469448,0.9,68.3,43.7898333333333,-79.389385,989.4,6.5413868766205,7.32536550277639,20.3,38.882123125542,28.7,276.7,342.4,2.2,8
2018-08-09 18:08:15.400,173.9,42.8732456257023,1.88085638321805,1.91879934627828,1.49166651435764,400.94466369506,409.032962302205,1.52176733918816,73.8,140.450446428522,19774.3805227634,0.9,68.9,43.7898533333333,-79.38931,989.4,6.54091124515069,7.3243439833371,21.8,38.8830307337872,28.7,284.7,339.4,2.6,7.9
2018-08-09 18:08:16.400,174.4,42.876333097606,1.87893572382573,1.9168097982944,1.64292466833872,400.537957083919,408.611749295585,1.67603669961156,73.6,140.469850105428,19759.0899113619,0.9,68.2,43.789875,-79.38923,989.5,6.54307531591837,7.32436278342336,23.1,38.8833461707686,28.6,290.1,341.8,2.8,8.8
2018-08-09 18:08:17.400,174.8,42.8774804405578,1.87939686887225,1.91733956763021,1.66743857533213,399.843747110205,407.916097059513,1.70110020861471,73.7,140.479596940427,19789.3361297989,0.9,71.7,43.7898916666667,-79.38915,989.6,6.53948411987239,7.3248101609124,23.7,38.8832468141952,28.5,285.4,349.7,1.9,10.4
2018-08-09 18:08:18.400,174.1,42.8811931810685,1.88011042718657,1.91819634776615,1.58383966039253,399.071471940922,407.155649691299,1.61592429226945,74.3,140.467303187021,19855.3622088056,0.9,72.2,43.7899016666667,-79.3890733333333,989.5,6.53911799324868,7.31978013304167,23.8,38.8840933353175,28.5,289.3,345.9,1.9,9.7
2018-08-09 18:08:19.400,173.3,42.8817869320934,1.88027375608158,1.9183271890835,1.60335695678808,398.59144088018,406.658259919748,1.63580601128242,73.8,140.473135684365,19836.9503363778,0.9,73.7,43.78991,-79.3889983333333,989.4,6.53651123897224,7.323377610995,23.5,38.884963441506,28.4,294.1,339,2.3,9.7
2018-08-09 18:08:20.400,173,42.8851294452851,1.88123625937134,1.91923325241784,1.47604620245181,398.429086793562,406.476575448349,1.5058629934293,74,140.455790505575,19798.0934433116,0.9,74.7,43.7899266666667,-79.38892,989.5,6.53897405212286,7.32843244225415,23.5,38.8857411575258,28.4,289.5,346.4,1.9,9.1
2018-08-09 18:08:21.400,172.9,42.8848152673332,1.88050220371775,1.9185293232043,1.34276319222695,398.448234840516,406.505680165722,1.3699158638364,73.5,140.484591317567,19821.1494416389,0.9,73.7,43.789945,-79.38884,989.5,6.54236617494522,7.32352121683716,23.1,38.8861565687546,28.4,280.9,354,2,8.1
2018-08-09 18:08:22.400,173.1,42.8813568490813,1.87925400629813,1.91731900629813,1.34025831927357,398.239980569985,406.306532959964,1.36740609348276,72.5,140.468115095024,19853.3738678338,0.9,73.7,43.7899666666667,-79.3887633333333,989.6,6.54117680819072,7.32513160306394,22.7,38.886475547165,28.4,261.5,356.1,1.8,8.4
2018-08-09 18:08:23.400,173.4,42.882874777379,1.87933423979478,1.9173411894612,1.41836319698411,398.716265616019,406.77976018689,1.44704651950919,72,140.478202262963,19822.7869566615,0.9,74.3,43.7899866666667,-79.38869,989.5,6.54698209345877,7.32470915275327,22.4,38.8871977294058,28.4,272.2,353.3,1.6,8.8
2018-08-09 18:08:24.400,173.9,42.8902579605831,1.88061262535136,1.91876966137014,1.54196148322084,399.584205471927,407.691718726436,1.57325171714596,71.5,140.47928947277,19886.2982860557,0.9,72.5,43.7900066666667,-79.3886183333333,989.6,6.54904151354956,7.32382162288781,21.8,38.887201612466,28.4,271.8,344.4,2.3,7.3
2018-08-09 18:08:25.400,174.2,42.8995188753979,1.88027563195056,1.91851752091641,1.71624677535138,400.472254127684,408.617235586681,1.75115195448675,67.6,140.440214875177,19933.0481638273,0.9,69.4,43.79003,-79.3885533333333,989.6,6.54424378628434,7.32246559789995,20.9,38.887600739277,28.4,276.1,336.4,2.6,6.9
2018-08-09 18:08:26.400,174.4,42.8934901040756,1.87847411622197,1.91676198535752,1.4994745237921,400.54275504124,408.706858665783,1.53002945057971,63.4,140.47748424767,19975.4082376247,0.9,65.5,43.7900533333333,-79.3884966666667,989.4,6.54217426412554,7.32718134426526,20,38.8882056209987,28.4,277.7,331.6,2.8,7.7
2018-08-09 18:08:27.400,174.6,42.8889293439672,1.88036234769949,1.91870107843876,1.30472594739854,400.663304906092,408.832476836058,1.33132898708822,59.9,140.456604159628,19981.7170490655,0.9,60.5,43.7900783333333,-79.3884383333333,989.4,6.5390169555311,7.33316330194104,19.4,38.8890692867691,28.4,280.9,332.4,2.7,7.5
2018-08-09 18:08:28.400,174.7,42.8856061564,1.88178935885336,1.92006394577706,1.42479628997943,401.242450547389,409.403547995721,1.45377312404074,56.5,140.455088037552,19934.1958063486,0.9,56.4,43.790105,-79.3883816666667,989.5,6.53712796810415,7.32549323309057,19.4,38.889326092508,28.4,282.2,332.2,2.9,7.5
2018-08-09 18:08:29.400,174.3,42.8819745954471,1.88330900983752,1.92154345431,1.34391551829941,401.512114346974,409.663563517688,1.37120049711089,52.2,140.477452412183,19897.9535624681,0.9,52.4,43.7901366666667,-79.3883283333333,989.6,6.53904944100346,7.32000823920031,19.6,38.8895855577977,28.4,278,329.8,2.7,7.8
2018-08-09 18:08:30.400,174.3,42.8827426773565,1.88208214313416,1.9201693142205,1.40131446142162,401.314342465905,409.435714126237,1.42966788146182,48.9,140.448029157058,19835.5069819857,0.9,47.2,43.7901716666667,-79.38828,989.5,6.54205394053723,7.32369785068829,19.8,38.8907696505893,28.4,282.4,331.3,2.6,8.2
2018-08-09 18:08:31.400,174.4,42.8818669179577,1.88182899566989,1.91995609622181,1.37649004978299,400.278323347312,408.388187937633,1.40437577318527,47.7,140.474127324356,19858.2604285814,0.9,47.5,43.7902066666667,-79.3882283333333,989.4,6.54448660880412,7.32704676071454,20.3,38.8908843278496,28.4,269,333.4,2.8,7.8
2018-08-09 18:08:32.400,173.9,42.8840331957468,1.88225187598286,1.92069127358442,1.48679308653668,399.797912726037,407.962543523856,1.51716860048177,47.9,140.474336134099,20013.049534851,0.9,49.5,43.7902433333333,-79.3881766666667,989.5,6.54151235181772,7.32308367316456,20.9,38.8912127171762,28.4,259,334.2,3,6.6
2018-08-09 18:08:33.400,173.5,42.8824477962786,1.88289034712973,1.9210899389999,1.4900847830091,399.206731414514,407.305790316087,1.52032464758248,49.8,140.483134480389,19884.1783814316,0.9,50.6,43.7902766666667,-79.3881216666667,989.6,6.54516655962587,7.31872842816362,21.1,38.8919234395814,28.4,255.7,337.4,3.1,6.3
2018-08-09 18:08:34.400,173.1,42.8823396463204,1.88194962269396,1.91971834203948,1.62087156607138,398.762463836331,406.765274357179,1.65339114608216,48.6,140.475837422287,19674.1572104349,0.9,50.3,43.79031,-79.3880633333333,989.6,6.54370798761661,7.31663858374444,21.1,38.8927398656913,28.4,250.2,336,3.3,6.2
2018-08-09 18:08:35.400,172.9,42.8840468418822,1.88005852197459,1.91774188109984,1.72265259574808,398.3383496222,406.322570905832,1.75718120944595,46.4,140.459486611662,19649.8625393692,0.9,48.9,43.790345,-79.38801,989.5,6.54624633088889,7.31998636437449,20.9,38.8930804489066,28.4,251.2,335.5,3.1,6.1
2018-08-09 18:08:36.400,172.9,42.8804041604108,1.88145140899013,1.91902537409969,1.31181816088273,397.955243837941,405.90283021912,1.33803321786812,44.5,140.493305491902,19579.9043181444,0.9,47.5,43.7903833333333,-79.38796,989.5,6.54603861894044,7.32262520934264,20.9,38.8933391377686,28.4,251.3,337.1,3.1,6.8
2018-08-09 18:08:37.400,173.2,42.877481588852,1.88113182416019,1.91850734185305,1.38499660238558,397.765044645927,405.668128594871,1.4125066456592,44.3,140.462405830516,19481.6415138503,0.9,47.3,43.79042,-79.3879066666667,989.5,6.54314616082387,7.32355509415304,20.9,38.8941624939979,28.4,248.8,342,2.6,7.1
2018-08-09 18:08:38.400,173.3,42.8787982176076,1.87958034709257,1.9168333473967,1.47067873105303,397.735242952124,405.618265777357,1.49982730578967,44.7,140.482920005238,19434.4594698781,0.9,47,43.7904583333333,-79.387855,989.6,6.5478691205383,7.32265374085276,21.1,38.89451,28.4,244.8,340.5,2.9,6.1
2018-08-09 18:08:39.400,173.3,42.8798311114278,1.8827038154242,1.91990110108759,1.46465151613441,397.401166101397,405.25281367396,1.49358905616416,44.9,140.470265024625,19374.7375340875,0.9,48.4,43.790495,-79.3878033333333,989.6,6.54205174799355,7.32651694381867,21.2,38.895062858059,28.4,236.9,342.4,2.9,5.5
2018-08-09 18:08:40.400,173.1,42.8816729220232,1.88234345493813,1.9195723321942,1.49598314508339,397.274819499803,405.132112769816,1.52557141109697,45.7,140.429701745916,19394.4528512178,0.9,46.2,43.7905333333333,-79.3877466666667,989.6,6.54069558428533,7.32810680376341,22,38.89532,28.4,243.2,340.6,3.4,5.9
2018-08-09 18:08:41.400,173,42.8793471429898,1.88182588887149,1.91884246030995,1.40650600426682,396.93778255458,404.745734937986,1.43417852816823,46.9,140.478231743486,19291.0658782416,0.9,47.9,43.7905783333333,-79.3876866666667,989.6,6.54375144436475,7.32457207950571,23.5,38.895982063464,28.4,236.9,0.4,3.5,7
2018-08-09 18:08:42.400,172.6,42.8775966541665,1.88241441376015,1.91940273464313,1.31837738515523,397.617189894326,405.430178559027,1.34428257508536,52,140.443968776751,19270.8909520052,0.9,49,43.7906183333333,-79.387615,989.6,6.54275028510807,7.3240634886117,25.3,38.8965623925597,28.4,220.3,13.2,3.1,8.5
2018-08-09 18:08:43.400,172,42.8762271422754,1.88431671509583,1.92134114366793,1.31302372011603,398.541414547942,406.372285978419,1.33882314879111,58.4,140.482742887869,19270.0842778104,0.9,55.8,43.7906533333333,-79.3875333333333,989.7,6.54670785937461,7.32843957326747,26.4,38.8971728573736,28.4,206.3,18.2,2.8,11.2
2018-08-09 18:08:44.400,171.5,42.8815307935582,1.88746994272164,1.92455963035889,1.36378375338146,401.036950132074,408.91754398412,1.39058300531496,67,140.489382770876,19271.8097054923,0.9,66.1,43.7906733333333,-79.387445,989.7,6.54468733541626,7.32877630988023,27.5,38.8981293766112,28.3,194.3,19.5,2.3,12.5
2018-08-09 18:08:45.400,171.2,42.8958541511232,1.88818608723465,1.9251266879362,1.57061060472403,402.445235072879,410.318654686302,1.60133133776574,75.1,140.443924941235,19188.6919315784,0.9,77,43.790685,-79.3873483333333,989.6,6.54375063349367,7.330007330221,27.7,38.8987707259972,28.3,199.4,23.6,2.9,12.3
2018-08-09 18:08:46.400,171.4,42.8996446849389,1.88832331355388,1.92534493915442,1.24776476713037,402.76309436761,410.659500753613,1.27221576731442,79.5,140.472218922507,19228.6415456755,0.9,88.9,43.7906966666667,-79.3872566666667,989.7,6.54402906254121,7.32623866939561,26.6,38.8990265630593,28.2,213.4,27.1,3.6,10.1
2018-08-09 18:08:47.400,171.7,42.900212870403,1.88637717767904,1.92331923464719,1.24007222206581,402.56652182826,410.45021754795,1.26435413258842,80.4,140.475078928383,19207.3634906739,0.9,89.1,43.790705,-79.387175,989.8,6.54555621661094,7.3233526735439,24.4,38.8994022188985,28.2,228.8,32,3.8,7.3
2018-08-09 18:08:48.400,171.8,42.9004880914041,1.88615188515524,1.92298765309245,1.35541524751418,401.938968432207,409.788584747505,1.38188505452898,82.1,140.490182879566,19155.3089792362,0.9,91.7,43.7907116666667,-79.3871016666667,989.6,6.54756846105361,7.33018466638563,22.2,38.9001188349543,28.2,233.5,29,3.7,5.4
2018-08-09 18:08:49.400,172,42.8998697643604,1.8830489923226,1.91969047953834,1.49250626308613,400.71775400573,408.515243421495,1.52154649916663,83.4,140.468926277176,19087.3267836376,0.9,89.9,43.790715,-79.3870283333333,989.7,6.54968526042629,7.32877615643847,20.7,38.900670850648,28.2,245.9,49,4.7,3.2
2018-08-09 18:08:50.400,172.2,42.9012820533417,1.88514440324544,1.92172120765799,1.38176780249003,400.016441686794,407.777876350964,1.40858036188878,83.9,140.471553965985,19033.5113600665,1.3,87.4,43.790715,-79.3869616666667,989.7,6.54890664116503,7.3264279606054,19.4,38.9009217352473,28.3,252,26.6,4.4,3.1
2018-08-09 18:08:51.400,172.6,42.8962276066883,1.88655313753959,1.92318012562359,1.23350768861632,399.858908341202,407.622131876561,1.25745531570641,81.4,140.47477035748,19045.2564997788,0.9,80.8,43.7907216666667,-79.3868983333333,989.7,6.54604278249532,7.32278112012097,18.3,38.901567288984,28.4,242.7,6.8,2.3,4.8
2018-08-09 18:08:52.400,173.1,42.8925273588151,1.8840817741042,1.92071681556394,1.37901497196438,398.999965976381,406.758264428846,1.40582969965163,77.5,140.440812980666,19073.5251137822,0.9,75.6,43.7907333333333,-79.38684,989.7,6.55111094850145,7.3285982999293,17.4,38.9023598440937,28.4,255.3,7,2.6,3
2018-08-09 18:08:53.400,173.3,42.8894798902577,1.88418811435811,1.92088496960352,1.40918680241321,397.921983978403,405.672036671866,1.4366326525633,75,140.489964895716,19104.2773317999,0.9,76.1,43.7907483333333,-79.3867866666667,989.6,6.54743125793537,7.32676296202488,16.8,38.9028046566216,28.5,251.1,19.7,3.1,2.7
2018-08-09 18:08:54.400,173.5,42.887767746292,1.88637075681521,1.92323496776891,1.28587382496497,397.868248659123,405.643641450575,1.3110008868312,74.8,140.461337915314,19168.1949581641,0.9,77.6,43.790765,-79.3867333333333,989.7,6.54722080246934,7.32264471925286,16.4,38.9029624779739,28.5,242.9,39.4,3.4,2.6
2018-08-09 18:08:55.400,173.8,42.8946359485098,1.88317039142351,1.91981929237215,1.29167929157043,397.515953524443,405.251985669609,1.31681509530294,75.2,140.43108956497,19089.5148129871,0.9,78.8,43.790775,-79.3866783333333,989.6,6.55135061917437,7.32381804570009,16.2,38.9041595815132,28.6,245.9,18.3,3.1,3
2018-08-09 18:08:56.400,174,42.8958894326506,1.88594155748816,1.92241932964088,1.11806750385643,396.278245207359,403.943147106631,1.13969817590899,73.4,140.480223982299,18975.116159257,0.9,74.5,43.7907883333333,-79.3866283333333,989.6,6.5473678906467,7.32609687080268,15.9,38.9045171711123,28.6,243.8,36.7,3.4,2.4
2018-08-09 18:08:57.400,173.5,42.900115281419,1.8828665146256,1.91949598955355,1.34729294194247,395.111857916895,402.798346645792,1.37351552470098,72.4,140.43689343632,19082.8046992638,0.9,71.9,43.7908016666667,-79.38658,989.7,6.54884658673367,7.32688135117439,15.7,38.9049925716936,28.6,238.2,31.8,3.5,3.5
2018-08-09 18:08:58.400,173.5,42.8983693765436,1.88346309280581,1.92041740517295,1.45579673993988,393.717941186946,401.442669299006,1.48436042715497,71.4,140.487562466057,19242.6008790322,0.9,71,43.790815,-79.3865266666667,989.6,6.54603653309576,7.32734824981262,15.7,38.9053978123733,28.6,237.4,16.2,2.8,3.1
2018-08-09 18:08:59.400,173.6,42.9010042197781,1.88727864158388,1.92452607914749,1.48404656908786,392.756588874912,400.507982630557,1.51333606925271,71.5,140.476121865996,19353.9195540719,0.9,72.4,43.7908266666667,-79.386475,989.7,6.54548495327126,7.33132293863158,15.9,38.9062432814762,28.6,244.2,11.1,2.9,2.9
2018-08-09 18:09:00.400,173.5,42.9081347034329,1.88301557989146,1.92045692397656,1.43239140842986,392.403893338417,400.206427832451,1.46087059334359,74.2,140.458809354236,19496.1831240242,0.9,74.7,43.790835,-79.38642,989.6,6.54570987518914,7.32475072958944,16.4,38.9068315634251,28.6,247.3,22.6,3,3.3
2018-08-09 18:09:01.400,173.5,42.9099966674095,1.88527990555375,1.92292595392628,1.39882014565794,391.964860143118,399.791726861785,1.42675192222238,79.1,140.477711205207,19577.3619601174,0.9,80.2,43.7908383333333,-79.3863633333333,989.6,6.546319685168,7.32540917134466,17,38.9071204770395,28.6,237.6,24.5,2.5,5.4
2018-08-09 18:09:02.400,173.5,42.9167362283799,1.88699097663193,1.92491614179527,1.11064676109383,391.943092476595,399.820344377282,1.1329602547491,82.1,140.466220278037,19702.0676272667,0.9,80.9,43.790845,-79.3863016666667,989.7,6.54389016905346,7.32217509317477,17.5,38.9082860380633,28.6,233,29.1,2.8,5.2
2018-08-09 18:09:03.400,173.7,42.9226554612175,1.8842624427115,1.92188247461364,1.25960218297543,391.46804463567,399.283872891954,1.2847419566531,82.8,140.501026492586,19574.7037161014,0.9,84.6,43.7908516666667,-79.38624,989.6,6.55457012036709,7.32251570071148,17.7,38.9084425002278,28.6,238.9,20.1,2.9,5.7
2018-08-09 18:09:04.400,173.8,42.9242667706596,1.88716982985382,1.92534016527671,1.22568559631994,391.448422637024,399.365980287985,1.25046973480554,83.8,140.46932133702,19825.281883662,0.9,88.1,43.7908566666667,-79.3861816666667,989.7,6.55397335881852,7.32852371982728,17.4,38.9087652158777,28.6,231.5,20,2.2,6.5
2018-08-09 18:09:05.400,173.9,42.9235577402431,1.88487375756155,1.92322225096923,1.37991190308874,391.998645306387,399.97415660188,1.40798898350664,85.1,140.475407530329,19940.0627438311,0.9,88.8,43.7908583333333,-79.3861233333333,989.6,6.54839047340353,7.32582402512518,16.6,38.9094362899308,28.6,224.3,24.6,1.7,6.5
2018-08-09 18:09:06.400,174,42.9250299381153,1.88048815382136,1.91862414233473,1.40134545251317,392.023719090847,399.973928017424,1.42976474328372,86.1,140.470888179509,19876.8559155707,0.9,89.7,43.7908583333333,-79.3860683333333,989.7,6.55305364155778,7.32682660625129,15.9,38.9098294078626,28.6,221.3,35.8,2.5,6.1
2018-08-09 18:09:07.400,174.5,42.9268682819391,1.88466872288795,1.92291006933058,1.46502991650728,392.046285740677,400.001241271902,1.49475716194892,86.2,140.43556524252,19887.3365370653,0.9,86.5,43.79086,-79.386015,989.6,6.55428496293647,7.32653168609219,15.3,38.9108528243059,28.6,230.1,58.3,3.4,4.6
2018-08-09 18:09:08.400,175.3,42.9264164245754,1.88362651064453,1.9219725313952,1.32333471186946,391.783926249371,399.759784139134,1.35027299642174,85.1,140.49483000275,19951.5471495324,0.9,83.9,43.7908633333333,-79.3859633333333,989.6,6.55240300523156,7.32757332465796,14.6,38.9113229312524,28.6,231.6,50.2,3.7,4
2018-08-09 18:09:09.400,175.5,42.9270153382837,1.8851969598658,1.92364824042858,1.28650965490702,391.507014658722,399.492405358738,1.31275002846963,83.6,140.452236965446,19988.7380155412,0.9,85.4,43.7908666666667,-79.385915,989.7,6.54867105922426,7.33195781249695,13.8,38.911933870158,28.6,233,27.1,2.2,5
2018-08-09 18:09:10.400,175.4,42.9259059361955,1.88684509498803,1.92546528264181,1.52264349173024,391.77382844388,399.792644101969,1.55381140301787,84.4,140.435528120421,20057.4522527879,0.9,86.5,43.7908666666667,-79.3858683333333,989.7,6.55097531556699,7.32760346341172,13.5,38.9126659381307,28.6,223.5,46,2.1,5
2018-08-09 18:09:11.400,175.4,42.9186847343382,1.88319685926004,1.92155401367911,1.32991862923529,391.426139150442,399.398653235464,1.3570118233649,85.6,140.482594229568,19961.3156870974,0.9,85.5,43.7908666666667,-79.385825,989.6,6.55065497739752,7.32656425282991,13.7,38.9128048585967,28.6,215.5,26.3,1.8,5.1
2018-08-09 18:09:12.400,175.2,42.9217576143485,1.88453787078792,1.92280879144997,1.32313328952341,391.795575718984,399.752059851394,1.35000290773096,87,140.426460386154,19903.5473384544,0.9,85.6,43.790865,-79.38578,989.6,6.54405259398106,7.32737849120067,13.7,38.9139877765527,28.6,245,45.2,2,3.3
2018-08-09 18:09:13.400,175.1,42.9182899867299,1.88356752702792,1.92187065214196,1.37260275254882,392.287535623481,400.26480444035,1.40051575528578,86.3,140.489262731191,19930.0110393328,0.9,84.3,43.7908666666667,-79.385735,989.5,6.54875570566868,7.3280918767106,13.7,38.9141256247408,28.6,239.9,67.1,3.5,3
2018-08-09 18:09:14.400,175.3,42.9148706161851,1.88005014054702,1.91813357648071,1.23035122712503,392.52510072705,400.476416783703,1.2552767018456,84.6,140.471952688254,19854.6290484114,0.9,82.9,43.79087,-79.3856916666667,989.6,6.55131145386977,7.3284249330487,13.7,38.9142531817519,28.6,245.7,54.6,3.5,2.2
2018-08-09 18:09:15.400,175.3,42.9129414267504,1.88362684657112,1.9217065450328,1.34990415514361,392.683373177744,400.621922375041,1.37719285729532,83.8,140.464922220731,19815.5436206452,0.9,80.8,43.7908766666667,-79.3856433333333,989.6,6.55018849029569,7.3250675829971,13.7,38.915096032779,28.6,249.1,48.7,3.2,2.3
2018-08-09 18:09:16.400,175.6,42.9107873231073,1.88385563561144,1.92210511320629,1.3828758950633,392.261589267462,400.226040800566,1.41095400591309,82.8,140.47570377362,19899.8882785821,0.9,79.7,43.7908816666667,-79.385595,989.6,6.55058866509643,7.32407181603662,13.8,38.9155508844349,28.6,242.5,44.4,3.1,2.5
2018-08-09 18:09:17.400,175.9,42.9097647993421,1.88454984852778,1.92276828359678,1.17032477834002,392.316053385353,400.272132105266,1.19406061040826,80.6,140.465725355022,19876.8332435003,0.9,76.3,43.7908883333333,-79.385545,989.6,6.54810221712525,7.32060284174012,13.8,38.9159663222882,28.6,245.4,28.8,2.7,2.5
2018-08-09 18:09:18.400,176,42.9052685850227,1.88333726298632,1.92140288769939,1.25191550553959,391.765105118014,399.683469109296,1.27721810367885,78.2,140.502242263501,19811.594725035,0.9,74.3,43.790895,-79.3855,989.6,6.55405045007686,7.32901301770734,13.7,38.9167418764346,28.6,242.4,37.9,2.7,2.8
2018-08-09 18:09:19.400,176.1,42.9068424942993,1.885518369036,1.92375024356384,1.41645076177492,391.67916248194,399.621062408832,1.44517287917033,76.7,140.450400144476,19873.5085717328,0.9,72.4,43.7909033333333,-79.385455,989.6,6.55267363099881,7.32962925209317,13.8,38.9163350013055,28.6,229.7,34.7,2.7,3.5
2018-08-09 18:09:20.400,176.2,42.9083047816365,1.88676366721088,1.92479055278523,1.55578920285479,391.980143418931,399.880336343635,1.58714297370183,74.3,140.492563395504,19756.4739232653,0.9,72.2,43.7909133333333,-79.3854116666667,989.6,6.55385407774487,7.33230468930457,13.8,38.9178246231655,28.6,240.3,26.3,2.8,2.6
2018-08-09 18:09:21.400,176.1,42.9085166667429,1.88268965459152,1.92066265454575,1.43596293525764,393.019591722189,400.946514042304,1.46492470516839,73.8,140.471022137043,19770.6334332604,0.9,71.1,43.7909233333333,-79.3853666666667,989.6,6.54747542548628,7.32699831684919,14.2,38.9173777757691,28.6,235.6,21.8,2.6,3.4
2018-08-09 18:09:22.400,175.6,42.9112499879202,1.88695697878299,1.92514060284216,1.39411885818353,392.467465490902,400.409252944054,1.42232998498388,72.3,140.429762666097,19834.245987846,0.9,70,43.790935,-79.3853216666667,989.6,6.55265122343227,7.333508093008,14.2,38.9189874924889,28.6,246.7,5.4,2.4,3
2018-08-09 18:09:23.400,175.4,42.9059756242877,1.88630339045667,1.92419587479125,1.35965629298067,392.67095160023,400.558943780776,1.38697032412518,68.7,140.498232821784,19692.479356109,0.9,68.8,43.79095,-79.3852766666667,989.6,6.54742603048509,7.32796818667349,14.2,38.9187668749418,28.6,250.2,7.9,2.6,2.8
2018-08-09 18:09:24.400,175.3,42.9091637325741,1.88660070247384,1.9245261263913,1.29172886347669,393.021576622416,400.922331080132,1.31769598269423,66.3,140.437229859853,19706.5483389417,0.9,66.6,43.7909633333333,-79.3852316666667,989.7,6.54689083995859,7.33058574599712,14,38.9200317364937,28.6,236.6,13.5,2.4,3
2018-08-09 18:09:25.400,175.4,42.9093347617567,1.88595866623204,1.92365009465138,1.31394806583105,392.839609388581,400.690656975046,1.34020758990659,65.6,140.467719071429,19593.706117291,0.9,66.9,43.7909766666667,-79.38519,989.7,6.55293328950456,7.32765156935571,13.8,38.9198352378845,28.7,250.4,337,2.7,2.4
2018-08-09 18:09:26.400,175.2,42.907687259197,1.88034783041014,1.91808363546144,1.35868112057451,392.712836358508,400.593973475536,1.38594879290616,64.4,140.487746096209,19673.7758483614,0.9,65.7,43.79099,-79.3851483333333,989.5,6.55348903591672,7.32916525928931,13.7,38.9207881494276,28.7,259.1,339.5,2.3,2.7
2018-08-09 18:09:27.400,175.2,42.9178203230602,1.87806480909553,1.9157380531698,1.56057932511329,392.679542564275,400.556551642699,1.59188436419356,63,140.425079600943,19665.2621698419,0.9,69.3,43.791005,-79.3851033333333,989.5,6.55762105948858,7.33231120875104,13.3,38.9215785000462,28.7,250.8,348,2.3,2.3
2018-08-09 18:09:28.400,175.1,42.9139895886751,1.88481942399084,1.92268070353988,1.49647855504028,393.08176027329,400.977672454183,1.52653820565315,64.3,140.493103638806,19691.8160702043,0.9,71.6,43.7910183333333,-79.3850616666667,989.6,6.55181771363991,7.33204597830211,12.7,38.9220000293803,28.7,249.7,341.8,2.8,0.6
2018-08-09 18:09:29.400,174.7,42.9228469149258,1.88490723770663,1.9225641394363,1.36803153442123,393.924329929483,401.794384769972,1.395364527144,66.1,140.461452672648,19587.1831625946,1.3,73.3,43.7910283333333,-79.38502,989.7,6.54725632650889,7.32417564868722,12.2,38.9229420303651,28.7,243,13.4,2.8,1.3
2018-08-09 18:09:30.400,174.5,42.9242857224672,1.8812184354422,1.91878171612813,1.26313807572,393.725978652503,401.587682658165,1.28835995381237,67.8,140.480246809952,19576.6186351788,0.9,74.2,43.7910366666667,-79.3849783333333,989.6,6.54984819230453,7.32574212219726,11.6,38.9228539570799,28.8,247.8,317.4,3,0.5
2018-08-09 18:09:31.400,174.8,42.9257447624992,1.88261269913231,1.92029425474056,1.2233994151192,394.233282763847,402.123982776329,1.24788646249455,68,140.473952377505,19622.5293845555,0.9,74.9,43.791045,-79.3849416666667,989.6,6.55381293808109,7.32974158891436,10.7,38.923870159166,28.8,248,144.1,2.9,0.9
2018-08-09 18:09:32.400,174.5,42.9321404359028,1.88339309726001,1.92144562600229,1.36305362092153,397.201162734012,405.226420953518,1.39059464604334,66.2,140.444803585214,19804.0824036119,0.9,70.5,43.791055,-79.38491,989.6,6.55354934206887,7.33051658039613,10,38.9242997613473,28.8,238.8,161.2,3.4,1.5
2018-08-09 18:09:33.400,174,42.9307678106037,1.88471306576142,1.9228269880521,1.09320721324883,402.32404524018,410.460052497733,1.11531476360733,64.4,140.503120134426,19821.6943391211,0.9,70.1,43.79107,-79.3848833333333,989.6,6.55609785018242,7.33417228577485,8.8,38.9244330743023,28.8,238.2,153.2,3.5,2.3
2018-08-09 18:09:34.400,173.9,42.9352311774751,1.88694460971333,1.92498377776375,1.30613414736501,405.003226144721,413.167570267104,1.33246344248999,63.4,140.446952507827,19760.404440334,0.9,69.2,43.7910833333333,-79.384855,989.6,6.55173985194963,7.32539474172402,8.3,38.9256955464932,28.8,234.8,160.9,3.5,2.3
2018-08-09 18:09:35.400,173.9,42.936864800045,1.88300880648019,1.92109332043874,1.53076724450646,404.766342720402,412.952920159956,1.56172757069633,66.9,140.496559167289,19824.3971274926,0.9,71.8,43.7910916666667,-79.3848283333333,989.6,6.5558363860487,7.33541785244719,8.3,38.9257704690644,28.8,231.6,146.9,3.8,3.1
2018-08-09 18:09:36.400,173.9,42.9376062927692,1.88659047688263,1.92516707474657,1.24183069303523,404.480383497416,412.751138932282,1.26721996107065,67.4,140.456241121278,20038.1151522362,0.9,64.6,43.7911,-79.3848033333333,989.5,6.54956249446531,7.32496219653758,8.5,38.9265320200217,28.8,242,90.8,2.8,0.3
2018-08-09 18:09:37.400,174.1,42.9427633550203,1.88836249441555,1.92675333032492,1.56540127967401,402.955855543719,411.148045804828,1.59722462507971,67.7,140.402866449797,19925.1552304553,0.9,59.5,43.7911116666667,-79.3847716666667,989.6,6.54877605790175,7.32756165037071,10.1,38.927790307623,28.8,243.7,33.1,2,0.6
2018-08-09 18:09:38.400,174.1,42.9407369025349,1.88236200451702,1.92048473986248,1.53611045027755,401.521329866515,409.653141867977,1.56722086061521,67,140.492261220833,19850.4650503862,0.9,63.3,43.7911216666667,-79.3847383333333,989.6,6.5533932032545,7.32984756225871,10.5,38.9268383385375,28.8,256.2,21.5,2.2,0.9
2018-08-09 18:09:39.400,174.2,42.9462282522885,1.88360700365721,1.92202500438865,1.21616914423864,400.216857439863,408.379563180285,1.2409724312551,68.3,140.416987861014,19988.2063730257,0.9,63.6,43.7911316666667,-79.3847016666667,989.6,6.55205962522761,7.32791809579406,11.4,38.9276423290681,28.8,243.6,349.4,2.1,1.1
2018-08-09 18:09:40.400,174.2,42.9469233331882,1.88333059757654,1.92180218246988,1.33052204022975,399.058892768799,407.210682709301,1.3577022659155,66.9,140.454885523147,20018.6406845167,0.9,62.2,43.79114,-79.384665,989.6,6.55739318715731,7.32889803744017,11.4,38.9289581757365,28.8,256,336,2.9,1.4
2018-08-09 18:09:41.400,174.6,42.9505918439126,1.88273008675258,1.92126217494321,1.20875671226946,396.792941029702,404.913634543753,1.23349541861424,63.8,140.46453046622,20055.3784974538,0.9,61.1,43.791155,-79.38463,989.5,6.55012288798084,7.33074145475563,11.2,38.9287190889298,28.8,255.9,307.4,2.6,2.2
2018-08-09 18:09:42.400,174.4,42.9571571588344,1.88504575736721,1.92382681643094,1.17454676282293,396.272648638579,404.425027367327,1.19871062899452,59.2,140.44097996278,20158.0704479038,0.9,59,43.7911716666667,-79.3846,989.6,6.55598760706105,7.32700355853063,11.1,38.9293202654164,28.8,261.7,279.9,2.9,2.5
2018-08-09 18:09:43.400,174,42.9551579568334,1.88440685892613,1.92334587960055,0.762087431593051,395.302047403917,403.470543208056,0.777833902769766,55.8,140.491359014714,20245.5153569405,0.9,55.2,43.7911883333333,-79.3845716666667,989.5,6.54958997722025,7.32911672574463,10.5,38.9298627759178,28.8,266.2,266.1,3.1,3.5
2018-08-09 18:09:44.400,174,42.95072,1.882427,1.921511,1.360187,394.0703,402.2521,1.388428,48.1,140.4656,20339.9,0.9,47.3,43.7912016666667,-79.38455,989.6,6.55334,7.322778,8.8,38.9307,28.8,272.6,264.7,3.5,5.4
2018-08-09 18:09:45.400,174.4,42.9438584510985,1.88273020761287,1.9219018227997,1.07919918917946,393.45187460259,401.638006139916,1.10165266464686,39.7,140.480858824673,20381.9356008746,0.9,42.2,43.7912166666667,-79.384535,989.6,6.55481075381046,7.32723849900616,7.7,38.9309854876874,28.8,265.8,260.9,3.4,4.4
2018-08-09 18:09:46.400,174.7,42.9369283016505,1.8806737249143,1.91978077198653,1.11200663860697,394.429917358406,402.6317688741,1.13512955820642,36.5,140.46603910754,20370.5709734731,0.9,42.9,43.7912283333333,-79.3845233333333,989.6,6.5533525200554,7.32863888664794,6.6,38.9321614027469,28.8,250.9,240.9,3,3.2
2018-08-09 18:09:47.400,174.4,42.9315346654703,1.87949338360119,1.91859938360119,1.25650771848422,395.284167042701,403.508707569196,1.28265152065504,35.7,140.457040320798,20382.4270194867,0.9,45.4,43.791245,-79.3845116666667,989.6,6.55531715190875,7.32365025088339,6.2,38.9324063737322,28.9,238,228,3,3.3
2018-08-09 18:09:48.400,174.4,42.9311079363849,1.87954980787644,1.9188061502303,1.3618233685846,395.084921128901,403.336749545821,1.39026671105567,38.6,140.509784643805,20458.9396340108,0.9,43.5,43.7912583333333,-79.3845,989.5,6.55529761497765,7.3223615709402,6.4,38.932809140693,28.9,232.5,200.6,2.9,1.8
2018-08-09 18:09:49.400,174.6,42.9315872191063,1.87867563517721,1.91795448946072,0.978864974568699,394.461919423984,402.709205185925,0.99933071276032,41.5,140.434031134652,20479.3503153827,0.9,43.2,43.7912716666667,-79.3844833333333,989.6,6.55667571018405,7.32572170472184,7.2,38.9340179433915,28.9,235.5,218.8,2.9,2.5
2018-08-09 18:09:50.400,174.7,42.9302187345242,1.88015887210289,1.9194910732295,1.27145718957618,394.183980411488,402.430248905629,1.2980561771172,41.8,140.503552173992,20491.1491558274,0.9,47.8,43.791285,-79.3844666666667,989.6,6.55729307982051,7.3317966272615,7.2,38.9339130522035,28.9,226.3,169.9,3.2,2.2
2018-08-09 18:09:51.400,174.7,42.9333875729595,1.88098740909531,1.92033135476544,1.35322447980474,393.844552163376,402.082306793652,1.38152883962429,41.1,140.449085614824,20487.9153253708,0.9,45.1,43.7912983333333,-79.38445,989.6,6.55422041597815,7.3314867109448,7.4,38.9353748880976,28.9,210.3,157.9,3.2,1.9
2018-08-09 18:09:52.400,174.6,42.9373231980832,1.88148568245324,1.92076252689783,1.14123083451742,394.168731884858,402.397191369584,1.16505424577732,43.7,140.419930434609,20448.5885120932,0.9,53.2,43.7913116666667,-79.384435,989.6,6.55679840901165,7.32551993752679,7.2,38.9350996747155,28.9,212.7,131.7,3.2,2.7
2018-08-09 18:09:53.400,174.1,42.9305230519938,1.87905414040402,1.91826190011783,1.40467808870432,393.806063004188,402.023085558764,1.43398757165082,50.8,140.496041476485,20439.3100428488,0.9,61.6,43.7913133333333,-79.3844183333333,989.6,6.55929652445239,7.32261056395781,6.4,38.9363483579007,28.9,205.6,135.9,3.7,5.2
2018-08-09 18:09:54.400,173.9,42.9376900057492,1.88179980390943,1.9209302254462,1.3329471323168,393.775781322136,401.96406983336,1.3606653414388,51.9,140.425293512139,20370.6925219725,0.9,57.5,43.791325,-79.3844016666667,989.6,6.55192343931572,7.32574130530754,5.9,38.9369427353897,28.9,209.9,141.5,4.5,5.1
2018-08-09 18:09:55.400,173.5,42.9347496374161,1.87984579544462,1.91873170880913,1.13369983868562,393.658791143749,401.801846975637,1.15715117880929,53.5,140.506330611283,20266.3464383827,0.9,60,43.79134,-79.3843866666667,989.7,6.55841986073985,7.32572571538577,5.3,38.9376132969681,28.9,213.6,142.3,4,4.9
2018-08-09 18:09:56.400,173.9,42.9311277969089,1.87840972167952,1.91706026511531,1.25307267551557,393.887830962494,401.992483711474,1.27885620721219,56.8,140.472600586959,20161.198389771,0.9,65.4,43.7913483333333,-79.3843683333333,989.6,6.56015362375046,7.32594256094757,5.5,38.9371257630604,28.9,223,143,3.7,3.9
2018-08-09 18:09:57.400,174.2,42.9320348029666,1.88117946650236,1.92003980044016,1.28871180100136,393.418977120095,401.545980915073,1.31533416197756,65.7,140.437633121768,20239.4280656253,0.9,71.5,43.791355,-79.3843483333333,989.6,6.55255198966972,7.32796089848807,5.9,38.9382903613636,28.9,216.7,127.6,3.2,4.2
2018-08-09 18:09:58.400,173.9,42.9303700082529,1.88196630968637,1.92067680946008,1.14640403785876,393.450313030114,401.543200505821,1.16998410616405,71.5,140.485249950749,20154.6549138773,0.9,70.2,43.7913633333333,-79.3843266666667,989.6,6.55579880621218,7.32702087182863,6.6,38.9391987497005,28.9,221.2,127.3,3.5,3.8
2018-08-09 18:09:59.400,173.8,42.9346648588173,1.88049809048484,1.91907016786498,1.29884709230749,393.730200610857,401.806229930351,1.32548987596558,69.8,140.460140153256,20099.3404994987,0.9,69.2,43.7913733333333,-79.3842983333333,989.7,6.55227940561397,7.32520566360335,7.5,38.9391211258571,28.9,227.7,133.7,3.8,4
2018-08-09 18:10:00.400,174.1,42.9291225104738,1.88216666996761,1.92058056241941,1.15958172287444,393.472817845888,401.503349158242,1.18324817142284,73,140.497204813782,20001.2897935707,0.9,71.1,43.7913783333333,-79.3842666666667,989.6,6.55264541770121,7.32462127991534,8.5,38.9404473737529,28.9,229.3,115.8,3.9,3.2
2018-08-09 18:10:01.400,174.3,42.9261303809132,1.88086554453635,1.9193484499071,1.27208661271396,393.895061603064,401.954219956704,1.29811283211096,76.8,140.459072435448,20049.9212532343,0.9,75,43.7913783333333,-79.3842316666667,989.7,6.55287267246439,7.3221164310264,9.6,38.9399292621361,28.9,228.7,68.6,2.8,2.2
2018-08-09 18:10:02.400,174.5,42.928080811137,1.88163228141944,1.91982922249508,1.33881834402523,394.623529957879,402.634197702354,1.36599603680279,79.2,140.469031222495,19895.770551253,0.9,76.3,43.7913783333333,-79.38419,989.7,6.55299894681976,7.32033986950512,10.7,38.9416345800712,28.9,246.7,14.3,2.1,1.4
2018-08-09 18:10:03.400,174.3,42.9320924128125,1.88218652003475,1.92033943575328,1.21091796640924,394.800400188571,402.803247773903,1.23546442955576,79.9,140.466048144939,19867.9962128994,0.9,80.2,43.7913833333333,-79.3841533333333,989.6,6.55224268974134,7.32269918643371,10.9,38.9411107849989,28.9,276.3,319.8,2.4,2.3
2018-08-09 18:10:04.400,174,42.9343821677466,1.88362923451474,1.92180714265651,1.41831018078537,394.404679845934,402.398608504221,1.44705856961655,82.2,140.432911758325,19865.7168941184,0.9,83.3,43.7913833333333,-79.384115,989.6,6.55005666507446,7.32798408886864,10.5,38.9426057623947,28.9,272.6,356.1,1.5,3.1
2018-08-09 18:10:05.400,173.5,42.9311735257762,1.88142878283399,1.91935927724926,1.3029137296431,393.802146625925,401.741397026284,1.32918084863441,87.4,140.500345922429,19762.1849135448,0.9,91.1,43.7913833333333,-79.3840783333333,989.6,6.55390760641427,7.33387062060187,11.1,38.9421888039977,28.9,256.3,12.3,0.9,5.9
2018-08-09 18:10:06.400,172.9,42.937460194947,1.88031356365329,1.91823610566111,1.1693534892944,394.112127179712,402.060517698541,1.19293656763539,91.9,140.443441849175,19769.1168343217,0.9,93.2,43.7913833333333,-79.38404,989.6,6.55588785330537,7.32554429911725,11.8,38.9431893020879,28.9,177.2,10,0.6,6.8
2018-08-09 18:10:07.400,172.3,42.9409671216747,1.88301356992233,1.92099226289324,1.53581044433868,394.077797293419,402.025955928974,1.56678543629574,94.1,140.468040082745,19770.2391016521,0.9,98,43.79138,-79.384,989.8,6.55654866876873,7.32170975216606,12.2,38.9436795735385,28.8,165.2,24.4,1.5,8.4
2018-08-09 18:10:08.400,172,42.9410864738403,1.87896628214086,1.91688436284653,1.36679367815301,393.676455897433,401.621011350096,1.39437607840566,99.6,140.47960592024,19781.2251893113,0.9,105.5,43.7913733333333,-79.3839533333333,989.7,6.5609851487648,7.32468061998735,12.9,38.9440106778546,28.7,177.8,31.4,2.5,9.6
2018-08-09 18:10:09.400,172.1,42.9496673068071,1.88282913287929,1.92071260899501,1.39202550146435,394.30020575929,402.233826891791,1.42002942367573,107.5,140.433148562929,19723.7651911943,0.9,113.7,43.79136,-79.3839083333333,989.7,6.55357545495214,7.31970489138858,14.6,38.9453910957929,28.6,173.4,26.8,2.8,11.9
2018-08-09 18:10:10.400,172,42.946384565371,1.88332357513373,1.92151942881966,1.19354938100315,394.856677441243,402.864764946673,1.21775589856077,119.1,140.498448356566,19877.856577771,0.9,134.2,43.79134,-79.38386,989.7,6.55262087117547,7.32049455383992,15.5,38.9454165922942,28.5,198.1,29.9,3.2,11.5
2018-08-09 18:10:11.400,171.9,42.9555388760276,1.8839893456612,1.92223032410517,1.35301555943599,395.430412109035,403.456677673493,1.38047791584275,129.6,140.468198148475,19893.8265336849,0.9,140.2,43.7913083333333,-79.383815,989.8,6.54772581701181,7.3188260940876,16.4,38.9456634223806,28.4,217.5,36.8,3.7,11.5
2018-08-09 18:10:12.400,171.7,42.9654173099063,1.88197129573292,1.92009552797857,1.4892372665402,394.861011725899,402.859862134868,1.51940587306632,134.6,140.449910057562,19855.2928229575,0.9,139.3,43.7912733333333,-79.383775,989.8,6.55284651583987,7.32743798322972,16.2,38.9465044594712,28.3,220.2,31.8,2.8,9.5
2018-08-09 18:10:13.400,171.7,42.9672106167246,1.88248737911993,1.92066384816827,1.43416660816236,394.930992269665,402.940092285056,1.46325181527475,137.7,140.477862850314,19876.5565745168,0.9,137.9,43.7912433333333,-79.3837366666667,989.7,6.55621659616399,7.32366539882938,15.7,38.9469182299046,28.3,231.8,28.5,2.4,8.7
2018-08-09 18:10:14.400,171.8,42.9699907704122,1.88380460201294,1.92191900771096,1.23678759530876,394.671658386251,402.656802063551,1.26180919607303,138.6,140.461575111295,19831.1533890889,0.9,138.4,43.7912133333333,-79.3837033333333,989.7,6.55188977744893,7.32334510069246,15.1,38.9472948460612,28.3,238.8,38.6,2.6,8.8
2018-08-09 18:10:15.400,171.8,42.9652481673082,1.8809508917475,1.91887242545548,1.39029829199448,394.927392772391,402.889427433925,1.41832899655698,137.7,140.496366004105,19762.4994179629,0.9,129.6,43.7911866666667,-79.3836683333333,989.8,6.55202556270471,7.32656328189379,14.4,38.9482407407236,28.3,240.7,36,2.3,7
2018-08-09 18:10:16.400,171.7,42.9622908680281,1.88091963895051,1.91894220588391,1.47105583497067,395.045765564754,403.031424604526,1.50079260629917,132.6,140.457783493768,19814.035266532,0.9,117.6,43.7911666666667,-79.383635,989.9,6.56038654130354,7.32888293165372,13.7,38.9486040160038,28.3,266.9,31.6,2.6,5.4
2018-08-09 18:10:17.400,171.4,42.9639085357131,1.88169202500185,1.91968401428796,1.47642292122068,394.584071964251,402.55095125004,1.50623151228821,123.9,140.47894785717,19790.9409108989,0.9,103.4,43.79115,-79.3835966666667,989.8,6.55863600357303,7.32570416070104,13.8,38.949008660712,28.4,244.1,17.1,1.3,7
2018-08-09 18:10:18.400,171.1,42.9638925026418,1.88114677982084,1.91897268600249,1.533330276726,394.603143733566,402.537793724965,1.56416162412607,115,140.45962503379,19711.4581047107,0.9,94.2,43.7911366666667,-79.38355,989.7,6.55736553393092,7.33085194167305,14.6,38.9499959378149,28.4,225.9,22.3,1.6,7.3
2018-08-09 18:10:19.400,170.9,42.9593567931,1.8821984914111,1.92011731135926,1.32959592144013,394.475301336996,402.422377095331,1.35638231959902,103.6,140.437465296276,19748.1893482916,0.9,76.8,43.7911316666667,-79.383495,989.8,6.55438280302082,7.32637478473503,15.7,38.9499198943606,28.4,213.3,9.3,0.8,7.8
2018-08-09 18:10:20.400,170.4,42.9509544756404,1.87995540360811,1.91794630830805,1.31898568882365,393.717225109751,401.673583192946,1.34564036245236,88.2,140.497978122455,19808.1321509271,0.9,57.4,43.79114,-79.3834366666667,990,6.55397146714904,7.32602680147146,15.7,38.9511538772855,28.4,233.9,0.4,0.4,7.5
2018-08-09 18:10:21.400,169.9,42.9462599614336,1.88138717984246,1.91930780605697,1.28759538839444,393.282447052713,401.209354330312,1.31354848661106,65.7,140.442902676662,19757.6477286262,0.9,45.5,43.7911666666667,-79.3833866666667,989.9,6.55300413878584,7.32209741250088,15,38.9509595875396,28.4,3.4,355.4,0.1,8.4
2018-08-09 18:10:22.400,169.7,42.9368470321889,1.88173850549236,1.91969018233208,1.06971623949291,392.467313654014,400.382639491356,1.09129218479505,45.3,140.470562575994,19769.6476776241,0.9,39.7,43.7912016666667,-79.3833483333333,989.9,6.55528284534304,7.32626457183612,15.1,38.9517255502405,28.4,324.2,331.8,1.9,10.4
2018-08-09 18:10:23.400,169.8,42.9285451072227,1.87949103749895,1.91762673272301,1.17839452597488,391.058402611292,398.992937678089,1.20230533525525,33.4,140.47460192693,19886.5045653312,0.9,33.6,43.79124,-79.3833183333333,990,6.55827458914698,7.32717742017978,15.9,38.9526582772195,28.4,305.4,340,2.4,8.9
2018-08-09 18:10:24.400,169.7,42.9247074884312,1.88056089817669,1.91886102178139,1.24795103674829,390.465864497716,398.418196338173,1.27336689966675,23.9,140.43484209092,19959.7692199814,0.9,30,43.7912766666667,-79.3832966666667,989.9,6.55504089082522,7.32744128396418,15.9,38.9528333855157,28.4,31.1,359.2,0.3,8.3
2018-08-09 18:10:25.400,169.6,42.9133964705894,1.87728552950011,1.91561617469285,1.31343019287463,390.203394864166,398.17059909376,1.34025440328794,15.3,140.493113115345,20009.4464865448,0.9,25.3,43.791315,-79.383285,990,6.55316096801195,7.32634351412884,15.5,38.9537186333748,28.4,278.6,334.6,1.3,9.1
2018-08-09 18:10:26.400,169.2,42.9080156251133,1.87908774016795,1.91776673956383,1.46637301119132,389.685256456534,397.706581376488,1.49655775981695,14.4,140.458756269256,20169.0179171449,0.9,21.7,43.7913533333333,-79.3832733333333,990,6.55255622755694,7.32359405474838,15.7,38.9538581261705,28.4,289,331.8,2.6,10.6
2018-08-09 18:10:27.400,168.8,42.9086912239678,1.87718926341651,1.9157631798118,1.45509038646991,389.485104052895,397.488430134556,1.48499033458299,16.2,140.466203309982,20134.762436445,0.9,25.3,43.7913916666667,-79.3832583333333,990.1,6.56035470275825,7.32361861603464,15.9,38.9543421755016,28.4,262.3,322.2,3,8.3
2018-08-09 18:10:28.400,168.1,42.9128911267783,1.87806645968524,1.91683949246036,1.44116349080335,388.484373580261,396.504699204364,1.47091425051379,19.6,140.468637963717,20227.4330726435,0.9,26.5,43.7914316666667,-79.38324,990.1,6.55689061978137,7.33019676999264,16.4,38.9553730162422,28.4,253,317,3.2,7.2
2018-08-09 18:10:29.400,167.5,42.9178067719772,1.8784380443547,1.91753142025834,1.43154070958996,388.582152435006,396.669133068662,1.46133019675276,22,140.440544138019,20387.246341534,0.9,30.8,43.79147,-79.38322,990.1,6.5572295509147,7.32736208755033,16.4,38.9555601912836,28.4,273.6,330.9,2.5,8.3
2018-08-09 18:10:30.400,167.2,42.9166961897823,1.88013390461903,1.91919409791579,1.52819919325916,388.229218352477,396.294626326811,1.55993534413715,27.9,140.493050464108,20352.1152294833,0.9,35.6,43.7915083333333,-79.3831916666667,990.1,6.5571189444907,7.32689736665769,16.6,38.9559828222429,28.4,266.7,330.8,2.2,7.9
2018-08-09 18:10:31.400,166.7,42.9212924837654,1.87859676907977,1.91802294005509,1.27772136061048,388.232028500521,396.379906977854,1.3045386573511,41.8,140.452254115902,20555.7441870237,0.9,43.9,43.7915416666667,-79.38315,990.2,6.5549714436112,7.32698492640234,17.5,38.9568636161791,28.4,271.7,339.7,2,8.4
2018-08-09 18:10:32.400,166,42.9309042120393,1.87997800459642,1.91940230424593,1.21941477261618,388.174030400137,396.314360151966,1.24499219286981,57.5,140.484743124368,20539.92805561,0.9,53.5,43.7915616666667,-79.3830916666667,990.2,6.55346285822493,7.32361003485681,18.7,38.9573267345393,28.4,283.5,355.5,0.9,9
2018-08-09 18:10:33.400,165.4,42.9421389688931,1.87706509893239,1.91660212625155,1.41492290702242,388.890276540122,397.081512214744,1.44472539191409,70.9,140.453231930538,20628.5653557426,0.9,67.4,43.7915716666667,-79.3830233333333,990.3,6.5551613579724,7.31953138674031,20,38.957617314514,28.4,218.7,5.9,0.7,10.6
2018-08-09 18:10:34.400,164.5,42.9512115121235,1.87992234513659,1.91949768943469,1.34017373359709,389.441947755221,397.640417084758,1.36838680366559,84.8,140.439758177273,20617.812563588,0.9,84.6,43.7915683333333,-79.3829466666667,990.4,6.55975816102997,7.32497599924893,21.6,38.9587632550136,28.3,182.6,14.2,1,12.6
2018-08-09 18:10:35.400,163.9,42.9538428922794,1.88069373990885,1.92024826611345,1.36305166804993,389.511635522812,397.70375734736,1.39171801012812,96.2,140.483898716587,20598.5425088346,0.9,98.7,43.7915533333333,-79.3828666666667,990.4,6.55892763225356,7.32339240747941,22.5,38.9589129648082,28.3,171.7,9,1.6,13.5
2018-08-09 18:10:36.400,163.3,42.9583787012324,1.88135598260728,1.92090097211617,1.46702317188566,389.729088015609,397.921022174028,1.49785879904116,103.6,140.436475450796,20586.7383861772,0.9,108.7,43.7915333333333,-79.3827866666667,990.3,6.55489131327429,7.32521928934167,23.1,38.9592819492166,28.2,187.1,10,1.4,12.7
2018-08-09 18:10:37.400,162.9,42.9562894044625,1.87963457795251,1.91916608999623,1.43965046061841,390.349376400368,398.559135968858,1.46992856110605,107.9,140.476818590222,20598.5429141216,0.9,112.5,43.7915133333333,-79.38271,990.4,6.55413715797321,7.32469962952522,22.7,38.960133026452,28.2,221.6,14.8,1.1,10.7
2018-08-09 18:10:38.400,162.9,42.955665501032,1.88106860102797,1.92052463289114,1.40911178656292,390.890910160507,399.090029162992,1.43866683482958,109.9,140.470251628126,20544.5585624901,0.9,111.7,43.7914916666667,-79.3826366666667,990.5,6.55660160655459,7.32522726977098,22.2,38.9604687600994,28.2,236.8,11.5,1.4,10.1
2018-08-09 18:10:39.400,162.7,42.9565849983822,1.87808999701012,1.9175519969323,1.36927345858381,390.871950833684,399.084825847917,1.39804371295497,111.3,140.430375086317,20579.4449917471,0.9,115.2,43.79147,-79.3825683333333,990.5,6.55761475201407,7.32818899059213,21.2,38.9610725007884,28.2,241.8,11.9,1.2,10.1
2018-08-09 18:10:40.400,162.4,42.95714477787,1.87655752982611,1.91597827600194,1.42225065819029,391.2477788037,399.466608921529,1.45212765489343,112,140.486412632646,20574.570804364,0.9,112.3,43.7914516666667,-79.3825016666667,990.4,6.5578986240192,7.32341763844292,20.9,38.9616373014711,28.2,227.8,11.5,1,10.3
2018-08-09 18:10:41.400,162.6,42.9640935903832,1.87841616271647,1.91787439034291,1.21900460139705,390.756175893679,398.964481022798,1.24461100341813,111.8,140.465805076054,20574.1980049425,0.9,108.5,43.7914333333333,-79.382435,990.5,6.55480306084291,7.32843261495976,21.1,38.9618392465517,28.2,236.7,9.2,1.4,8.7
2018-08-09 18:10:42.400,162.4,42.9688652460036,1.87868086006245,1.91812315033911,1.41902059452996,391.401860121107,399.619125147751,1.44881236706881,109.2,140.467547656763,20562.883760859,0.9,97.3,43.791415,-79.3823683333333,990.6,6.5557823441493,7.32445774125893,21.1,38.9627219654718,28.2,254,6.5,1.2,10.1
2018-08-09 18:10:43.400,161.7,42.9682595311204,1.87920262581787,1.91857678216636,1.34377690675857,391.664632819728,399.870981274306,1.37192549927198,100.9,140.464196879665,20522.5225414232,0.9,81.9,43.7914066666667,-79.3823,990.7,6.55727056048068,7.32345596796727,20.7,38.9633140625173,28.2,252.4,1.4,0.4,10.5
2018-08-09 18:10:44.400,160.9,42.9673357136334,1.8778290003703,1.91701285754481,1.44087853971316,391.517685647448,399.687371365314,1.47094111049712,90.2,140.457500002704,20440.2957264586,0.9,70.1,43.7914116666667,-79.38223,990.7,6.56246800002496,7.32639028620227,20.7,38.9637271430949,28.2,0,359.8,0,11.3
2018-08-09 18:10:45.400,160.5,42.9608893777627,1.87913444939941,1.91843787669546,1.24918303492103,391.07307300368,399.25267222521,1.27531193818365,76.6,140.465361375153,20487.2523060826,0.9,56.9,43.79143,-79.3821583333333,990.7,6.56193907311363,7.32824516304743,20.9,38.9649430077847,28.2,36.1,352,0.9,13.7
2018-08-09 18:10:46.400,160.3,42.9489815465078,1.87804612559298,1.91730493827403,1.18885299991655,390.918188250936,399.090028926969,1.21370700394673,59.2,140.463393802214,20476.1507112973,0.9,49.5,43.79147,-79.38209,990.7,6.56013581184142,7.32566724383928,21.4,38.9651384375394,28.1,7.3,346.5,2.2,14.3
2018-08-09 18:10:47.400,160.2,42.9386940606086,1.87756854588036,1.91688587395495,1.31768582929255,391.229463938382,399.422109242014,1.34527804869976,44.8,140.487042181355,20511.0918597069,0.9,45.7,43.7915183333333,-79.3820366666667,990.7,6.55957609350346,7.3231921261157,22,38.965605313052,28.1,329.8,341.2,2.3,13.5
2018-08-09 18:10:48.400,159.7,42.9356457920388,1.87683459596124,1.91613682353117,1.35917533770148,391.089801093423,399.279393808832,1.3876354060313,38.9,140.466224919773,20510.9354652815,0.9,45.3,43.7915683333333,-79.3819866666667,990.7,6.55740594331312,7.32449183755082,23.1,38.9665731705287,28.1,306.9,345.2,1.9,12.3
2018-08-09 18:10:49.400,159.2,42.9356007171808,1.87906622392963,1.9185549488706,1.3216038253229,391.373498453093,399.598227297734,1.34937753383856,38.8,140.461662453566,20582.5243475129,0.9,46.7,43.79162,-79.381935,990.9,6.55330572955297,7.323718632465,23.7,38.9665441928223,28.1,274.9,349.6,1.2,11.8
2018-08-09 18:10:50.400,158.9,42.9318470193111,1.87811910845647,1.91750680198459,1.36903947334368,391.333853298368,399.540968157427,1.39775023827084,39.1,140.490060114797,20541.2926314774,0.9,45,43.79167,-79.3818816666667,990.9,6.55468478851874,7.32838659128567,23.8,38.9672565323594,28.1,277.7,345.1,1.5,11.5
2018-08-09 18:10:51.400,158.8,42.9317081073282,1.87932479412144,1.9186007696387,1.36370996300053,391.414202823706,399.59450790986,1.39221004061103,37.9,140.459966103385,20471.4025105189,0.9,44.8,43.7917183333333,-79.3818316666667,990.9,6.55654093928795,7.33061047448614,23.7,38.9678685075427,28.1,267.3,337.6,2.5,10
2018-08-09 18:10:52.400,158.6,42.930575727104,1.8787430827481,1.91798349515148,1.36292372859742,392.307522875626,400.501443645342,1.39138592023364,37.2,140.479290983586,20459.1493818842,0.9,43.8,43.791765,-79.3817866666667,991,6.55612527543646,7.32767857089419,23.3,38.9683273490207,28.1,265.9,339.1,2.8,10.2
2018-08-09 18:10:53.400,158.2,42.9308784131935,1.88213826657005,1.92124573061271,1.52582098482422,392.850428018089,401.013090404038,1.55752360525202,42.6,140.443257934033,20355.0970211579,0.9,44.5,43.791805,-79.38173,990.9,6.55628786182832,7.32486363811953,23.7,38.9692081335575,28.1,264.9,344.5,2.1,10.2
2018-08-09 18:10:54.400,158,42.9350787204855,1.8792370473957,1.91806871828204,1.56308686790117,393.863915934015,402.002599187777,1.5953853481457,53.3,140.441483474112,20245.3911416854,0.9,51,43.7918366666667,-79.3816566666667,991,6.56090355926639,7.32307397913172,24.4,38.9696938238535,28.1,264.4,349.5,2.3,9.4
2018-08-09 18:10:55.400,157.7,42.9366230077,1.87835440035811,1.91697706055432,1.50420356537735,394.285531923284,402.392827207597,1.53513110731261,63.1,140.477901002222,20147.8510011565,0.9,67.6,43.79186,-79.381575,991.1,6.55884321468586,7.32063642187864,25,38.9698729243591,28.1,246.7,359.7,2.3,9.3
2018-08-09 18:10:56.400,157.1,42.9453452392803,1.88256796890288,1.92139347693168,1.31566773960055,393.751701603498,401.872306382316,1.34279794488787,68.1,140.447092075271,20207.0041672836,0.9,74.4,43.7918783333333,-79.3814966666667,991.2,6.55424630199489,7.32843936441537,24.2,38.9702493653882,28.1,246.5,2.9,2.4,8.1
2018-08-09 18:10:57.400,156.4,42.9494186100482,1.88294569497589,1.92184405336816,1.22590276648908,393.849777176027,401.98608326758,1.25122665949985,69.7,140.474856294752,20240.1869272837,0.9,78.2,43.791895,-79.3814233333333,991.1,6.55315259199124,7.32692224791963,23.1,38.9711059398586,28.1,240.2,3.4,2.4,6.2
2018-08-09 18:10:58.400,155.9,42.9563141370874,1.88133679790115,1.92000867181117,1.29095321685014,394.276912445126,402.381398315951,1.31748913123422,70.5,140.463672166054,20141.3929107161,0.9,77,43.79191,-79.3813533333333,991.2,6.55124026159498,7.32660119081339,22.2,38.9716604728374,28.2,254,354.4,3.1,5.5
2018-08-09 18:10:59.400,155.7,42.9622596843667,1.88170762483736,1.92034884348451,1.38150686071157,394.971604005911,403.08232587828,1.40987570794647,72.7,140.447425174125,20121.9099494845,0.9,81.9,43.7919233333333,-79.3812833333333,991.3,6.55388811691561,7.32419882511525,21.2,38.9719950019135,28.2,244.3,15.3,2.7,6.7
2018-08-09 18:11:00.400,155.3,42.9651591764125,1.88037536225069,1.91884011786211,1.40359972649395,395.287216774814,403.373114222952,1.43231497301575,76.6,140.467810736521,20045.7942041122,0.9,86.6,43.7919283333333,-79.3812183333333,991.3,6.5545931191448,7.32199165848933,20.1,38.9726466753436,28.2,236.6,18.5,2.6,6.4
2018-08-09 18:11:01.400,154.7,42.9723010709746,1.87949340647562,1.91774575808228,1.40643469908981,395.367898456901,403.414634956286,1.43506134222222,78.9,140.438352514132,19946.5638224377,0.9,87.5,43.7919366666667,-79.381155,991.4,6.55742673846573,7.32879607102352,19.2,38.9732682015803,28.2,235,23.4,3,5.2
2018-08-09 18:11:02.400,153.9,42.9730242989133,1.88228952395325,1.92070748627493,1.49359610390951,395.062727725195,403.12603121492,1.52407976606124,79.7,140.479382273266,20001.9206248129,0.9,85.1,43.7919416666667,-79.3810933333333,991.5,6.55310646442804,7.33055761738685,18.3,38.9738258338569,28.3,245.7,12.8,2.7,5
2018-08-09 18:11:03.400,153.1,42.973938823279,1.88181093205313,1.92019379460423,1.51071451794965,394.639399279433,402.688749568994,1.54152370399441,80.2,140.459423167101,19988.9875108876,0.9,86.7,43.7919466666667,-79.3810366666667,991.5,6.55527712727725,7.32860492301086,17.4,38.9739052917086,28.3,248.3,14.9,2.4,5.3
2018-08-09 18:11:04.400,152.6,42.9728881106567,1.88197126038342,1.9202943463567,1.56364134937167,394.262621487945,402.291096185681,1.59547762464406,83,140.452634109472,19956.9305263744,0.9,90.2,43.79195,-79.3809783333333,991.4,6.55403008580587,7.32737734512491,16.8,38.9750453615805,28.3,235,19.4,2.2,5.9
2018-08-09 18:11:05.400,152.8,42.9749058267928,1.88064594997762,1.91907897726581,1.50743191075203,393.957102854755,402.008039965979,1.53823679467574,83.4,140.457550118476,20026.8532220002,0.9,82.3,43.7919533333333,-79.3809216666667,991.5,6.55227985011789,7.32601094471934,16.6,38.9753817609597,28.3,236.1,19.8,1.9,5.2
2018-08-09 18:11:06.400,152.7,42.9749465432191,1.87992207540278,1.9182740237809,1.46776276503253,393.881026051678,401.916640781317,1.49770854608932,81.6,140.456413027273,19993.2636593548,0.9,78.2,43.7919633333333,-79.380865,991.5,6.55261399678061,7.32441283433137,17,38.9758453405449,28.3,242.9,15.9,2.7,4.9
2018-08-09 18:11:07.400,152.7,42.9704690798083,1.87965354529363,1.91804747397728,1.29696508402316,393.25070175607,401.283440705615,1.32346006680062,76.7,140.481293693694,20017.5712964602,0.9,65.2,43.791975,-79.380805,991.5,6.55516613447891,7.32463533778816,17.7,38.9767090774218,28.3,256.1,349.4,1.9,5.8
2018-08-09 18:11:08.400,152.6,42.9681651176522,1.87998572716885,1.91859652694032,1.29702687046568,392.405071116127,400.464310137062,1.32366199671109,65.8,140.455200847427,20124.7159595989,0.9,52.7,43.791995,-79.38075,991.5,6.55352143876966,7.3255017222053,17.7,38.9772622021209,28.3,281.2,338.1,2,7
2018-08-09 18:11:09.400,152.3,42.9614986538952,1.87924384857454,1.91788966916813,1.33318855886473,391.866374406453,399.924880819892,1.36059792515735,52.4,140.477937272495,20150.087661077,0.9,48.7,43.7920283333333,-79.3807033333333,991.6,6.55693401053931,7.32763898005947,17.4,38.9777487027981,28.3,283.9,333.6,2.2,7.8
2018-08-09 18:11:10.400,152.3,42.9535995805802,1.87903996345687,1.9176336604661,1.45033691932852,391.653728415681,399.697728129932,1.48012061420862,46.6,140.482736585571,20125.4369167848,0.9,50.8,43.7920616666667,-79.38066,991.6,6.55672411677314,7.32722153207085,17.5,38.9779280753115,28.3,284.5,332.1,2.2,7.8
2018-08-09 18:11:11.400,152.3,42.9511233603719,1.87940459654616,1.91807417209758,1.34183808055867,390.933200737252,398.976723066363,1.36944495435997,49.2,140.468368968275,20160.4224661007,0.9,53.3,43.7920916666667,-79.38061,991.6,6.55059792340964,7.33177195377802,17.9,38.9787680544567,28.3,271.2,329,2.6,6.3
2018-08-09 18:11:12.400,152.3,42.9529294526543,1.8788588155475,1.91750042460578,1.4561898723024,391.078376174981,399.12140786236,1.48613974404057,51.8,140.49533943009,20151.9310301039,0.9,62.1,43.7921216666667,-79.38056,991.7,6.54958097876356,7.33021990596435,17.9,38.9794180920389,28.3,258.8,331.3,2.9,4.4
2018-08-09 18:11:13.400,152,42.9615187512809,1.88030685357524,1.91905861481306,1.63502912573538,390.523169036391,398.571534101742,1.6687256826163,59.8,140.444578026654,20192.967300743,0.9,72.6,43.7921433333333,-79.38051,991.7,6.55165215231907,7.33107156262164,17.7,38.9798848513583,28.4,248.1,8.4,3.3,3.6
2018-08-09 18:11:14.400,152.2,42.9722985335336,1.87746371202201,1.91626454216216,1.63715395707226,390.939779582596,399.019171537052,1.67097745388398,75.6,140.456524663164,20247.9085017535,0.9,86.3,43.79215,-79.38045,991.7,6.55676863664667,7.3290874850199,17.4,38.9803003971471,28.4,227.3,31.3,3,5.6
2018-08-09 18:11:15.400,152.2,42.9835515993758,1.87715397248519,1.91612137088036,1.4227801082638,391.456817769468,399.583020119743,1.45231551869516,86.8,140.470549211519,20336.6051247886,0.9,95.5,43.7921466666667,-79.38039,991.7,6.5571681860098,7.32352528489348,17.2,38.9807323645775,28.4,231.5,29.4,2.8,6.6
2018-08-09 18:11:16.400,152,42.9960612679816,1.87856377769352,1.91762075408002,1.32098188844115,391.230171168633,399.364210060615,1.34844491890969,91.9,140.436552934115,20367.4666088569,0.9,91.4,43.7921433333333,-79.380325,991.8,6.55405215252032,7.32573464802461,17.7,38.9814878964639,28.4,245.7,18.1,2.5,5.3
2018-08-09 18:11:17.400,151.8,42.9990208604426,1.88111218300279,1.92024525135835,1.22567757581962,391.015204128154,399.149427168166,1.25117502852811,92.5,140.467201615975,20379.0253353099,0.9,88.3,43.7921416666667,-79.3802633333333,991.8,6.55039235029284,7.33237549504826,18.1,38.9822588250652,28.4,244.9,23.2,2.4,6.4
2018-08-09 18:11:18.400,151.7,42.999964823067,1.88120438846559,1.9203174238522,1.35629916183095,391.298938585045,399.434551665002,1.38449848031274,90.4,140.457763879393,20367.9024770625,0.9,83.6,43.79214,-79.3801983333333,991.9,6.5505525074704,7.33226023223455,18.3,38.9827152188725,28.4,250.2,11.1,2.5,5
2018-08-09 18:11:19.400,151.5,42.994953435511,1.88017097760871,1.91919931083458,1.36075699638887,391.696290959666,399.827025379251,1.38900760412219,84.9,140.456826714808,20335.7156133885,0.9,75.8,43.7921483333333,-79.3801366666667,991.9,6.55164345763524,7.3260931890687,18.1,38.982977334322,28.4,262.1,0.4,2.9,3.2
2018-08-09 18:11:20.400,151.3,42.9878855356242,1.87998155578573,1.91886729646282,1.26082434730988,391.707829818148,399.809821359327,1.28690155837633,79.4,140.477917918133,20264.6377341975,0.9,74.5,43.7921566666667,-79.3800783333333,991.9,6.55490490141552,7.32588068418378,17.5,38.9836840247599,28.5,259.3,355.7,3.3,2.1
2018-08-09 18:11:21.400,151.1,42.9856890864758,1.8789924607332,1.91777782133319,1.26491897948955,391.824283255228,399.912107891418,1.29102906007038,75.3,140.465865991431,20223.9742521899,0.9,76.2,43.7921683333333,-79.3800233333333,992,6.5556731501998,7.32576226020958,16.6,38.9838021655238,28.5,255.2,352.6,3.6,1.5
2018-08-09 18:11:22.400,151.1,42.9818722090634,1.87779249861029,1.91661823552874,1.27947969754231,391.335241075411,399.426603951547,1.3059382819536,74.7,140.473117051356,20257.4906223679,0.9,78.5,43.79218,-79.37997,991.9,6.55603759154144,7.33112830211624,16.2,38.9846195782479,28.5,259.9,8.2,3.2,3.5
2018-08-09 18:11:23.400,150.7,42.9817739227521,1.88004369215197,1.91909104861422,1.31025025073641,391.098351272206,399.221134115334,1.33745960548306,76.7,140.45868524283,20346.5403289185,0.9,81.3,43.79219,-79.3799166666667,992.1,6.55419597814549,7.33314187258064,16.2,38.9852883592733,28.5,250.1,3.9,1.4,5.4
2018-08-09 18:11:24.400,150.3,42.9826915080828,1.8809200887713,1.92002122113543,1.31147170131258,391.351727614233,399.487269167888,1.33873159474818,80.5,140.478498057931,20364.8835953212,0.9,87.8,43.7921933333333,-79.3798616666667,991.9,6.55034030947092,7.32763890730152,16.2,38.9856770556579,28.5,256.3,0.4,1.8,4.9
2018-08-09 18:11:25.400,149.9,42.985161677615,1.87842808019923,1.91750597647802,1.39172628529199,391.017183589836,399.151749854544,1.42067715128131,86.4,140.471571991987,20379.6654388941,0.9,99.5,43.7921933333333,-79.3798083333333,992.2,6.55351038849708,7.32778879908323,15.9,38.9862819414928,28.5,260.2,11,2.4,3.5
2018-08-09 18:11:26.400,149.6,42.99095617721,1.87890012831052,1.91812922649389,1.3582954459962,391.171986157091,399.339116064009,1.38665421790592,96.6,140.462948630773,20451.6755276754,0.9,116.1,43.792185,-79.3797566666667,992.1,6.55326675223703,7.32603595640566,15.1,38.986698731058,28.5,251.7,30.3,2.4,5
2018-08-09 18:11:27.400,149.5,43.0002224690988,1.88040922328737,1.9197177541511,1.31965003641258,391.781395811607,399.971240094927,1.34723493747367,107.5,140.472728484737,20476.1352727095,0.9,126.5,43.7921716666667,-79.37971,992.1,6.55250369601642,7.32884039056202,14.8,38.9874003685778,28.5,229.3,30,2.1,7.1
2018-08-09 18:11:28.400,149,43.0141264386123,1.88163378214817,1.92098825167405,1.32276482609783,392.530132181415,400.739943164665,1.35043023397537,118.4,140.428852203651,20486.7845335074,0.9,132.6,43.7921483333333,-79.379665,992.2,6.55374561596335,7.33089205935037,15.3,38.9881832105991,28.4,213.7,12.9,1.1,9.3
2018-08-09 18:11:29.400,148.4,43.0243161870022,1.88091498586676,1.92020430342613,1.3528441331779,392.924046532611,401.13166719111,1.38110383309179,122.6,140.455707822523,20461.2073336622,0.9,117.8,43.7921233333333,-79.3796183333333,992.3,6.55412570509974,7.32633748227201,17,38.988367936787,28.4,200.8,17.6,1.5,11.4
2018-08-09 18:11:30.400,148.1,43.031327869803,1.88133182539436,1.92060421358229,1.37106617215748,392.570034419037,400.764791486148,1.39968673852183,118.4,140.459065223886,20447.8569753501,0.9,106.3,43.7921,-79.3795583333333,992.2,6.55234689018975,7.32766279613457,18.8,38.9890474741922,28.3,179.9,15.9,1.6,12
2018-08-09 18:11:31.400,147.7,43.036152425342,1.8805669489951,1.91979363861054,1.30351089698091,392.429716695829,400.615284411054,1.33070260503536,113,140.439496834404,20432.5729557405,0.9,96.5,43.7920783333333,-79.37949,992.3,6.55446740670377,7.32810689699422,20.5,38.9898557764594,28.2,181.7,14.2,1.8,12.9
2018-08-09 18:11:32.400,147,43.0348131247,1.87928795548134,1.91852526823932,1.23336695965129,392.635947417663,400.833724035209,1.25912063506155,103.8,140.468907826149,20451.7704190227,0.9,81.1,43.7920683333333,-79.379415,992.4,6.55279394377014,7.32697577347096,22,38.990028594365,28.2,208.7,10,1.5,11.1
2018-08-09 18:11:33.400,146.1,43.0325352261903,1.87843967360513,1.91763999818859,1.20311362792914,392.822941827636,401.020594147316,1.22822498817835,90.8,140.455583250831,20441.855731507,0.9,69.8,43.7920733333333,-79.3793333333333,992.2,6.55606746613788,7.3281855136245,22.2,38.990838921907,28.2,297.2,350.8,0.6,10.7
2018-08-09 18:11:34.400,145.2,43.0236498728756,1.87910444027647,1.91814888196329,1.22946810381232,392.800096832103,400.961759786084,1.25500897891524,77,140.463260142611,20355.187358724,0.9,54.3,43.7920933333333,-79.3792516666667,992.4,6.55712155104435,7.32709402905608,22.5,38.9914399542642,28.2,317.9,351.5,1.1,11.8
2018-08-09 18:11:35.400,144.7,43.017453629438,1.88003838833797,1.91908180542742,1.39552888870852,392.668866836854,400.823535703099,1.42451116619432,67.1,140.466478172798,20344.7107357881,0.9,48.7,43.7921266666667,-79.3791683333333,992.5,6.55467014041084,7.3296827343291,25.1,38.9917688155637,28.2,306.7,354.5,0.9,13.8
2018-08-09 18:11:36.400,144.1,43.0145008756809,1.87756268239509,1.91655636115833,1.39180660903653,392.170304671446,400.314988720101,1.42071324835857,64.4,140.472637330298,20345.6207605757,0.9,47,43.7921633333333,-79.3790766666667,992.5,6.55719372736094,7.3342128347986,28.7,38.9926285137252,28.1,278.9,358.8,0.4,15.5
2018-08-09 18:11:37.400,143.1,43.0087600476926,1.87813289312387,1.91708864444762,1.40030991046701,391.587412448851,399.709637064872,1.42935533113607,63.5,140.479788546324,20320.3025675013,0.9,51.4,43.7922016666667,-79.378975,992.6,6.55184466622901,7.33475012422566,31.4,38.9928448980435,28,4.1,355,0.7,18.5
2018-08-09 18:11:38.400,142.6,43.0081282508656,1.87914210048774,1.91813712911874,1.55032919624655,391.590077159734,399.716165603086,1.58250161039698,63.4,140.458613256885,20329.6203520855,0.9,54.3,43.7922416666667,-79.3788683333333,992.6,6.55225521710907,7.33185942601487,33.7,38.9931835103069,27.9,19.5,355.4,1.1,19.4
2018-08-09 18:11:39.400,142.1,43.0100457267241,1.87916074937453,1.91814129941764,1.54841403011555,391.539900687648,399.661779364379,1.58053462535369,65.9,140.466507484911,20321.8933937586,0.9,70.5,43.792275,-79.3787583333333,992.7,6.55646474321195,7.33318660320989,33.7,38.9940053176723,27.9,311.4,353.1,1.1,16.4
2018-08-09 18:11:40.400,141.2,43.0118109397839,1.88048678211373,1.91948812590762,1.52562995077275,391.559312840729,399.680237853227,1.55727235861554,73.8,140.453465601566,20318.533138406,0.9,90.3,43.7922916666667,-79.3786533333333,992.7,6.55595434460331,7.33465393676052,31.6,38.9947037508035,27.9,276.5,353.9,1.7,14.1
2018-08-09 18:11:41.400,140.3,43.0169057879425,1.88074431197517,1.91988881218661,1.50542948499353,391.893883031965,400.050475270343,1.53675909195867,85.2,140.473040687866,20388.9788634988,0.9,109.7,43.7922883333333,-79.3785483333333,992.8,6.5567513598498,7.33156707332698,30.5,38.995163593665,27.9,230.9,7.3,1.3,16.4
2018-08-09 18:11:42.400,139.2,43.0256882580588,1.87892934802417,1.91817479246284,1.34547945028969,391.705302944236,399.88681564174,1.37358155987809,94.9,140.482741252587,20459.6435015655,0.9,110,43.7922716666667,-79.378445,993,6.5581504612012,7.32876985688653,30,38.9954869844077,27.9,149.7,13.6,2.5,19.5
2018-08-09 18:11:43.400,137.8,43.0341959685867,1.87791749336519,1.91705076917302,1.25601715395018,391.606559119808,399.767035598563,1.282191016946,97,140.445345340738,20413.0047668729,0.9,92.8,43.79226,-79.378345,992.9,6.55915735842266,7.32758214060312,29.2,38.9961737723966,27.9,163.3,16.8,2.9,18.5
2018-08-09 18:11:44.400,136.7,43.0311932260042,1.87799737815105,1.91705855840806,1.27668825985037,391.668624059423,399.815114698473,1.30324321482952,91.6,140.466915287319,20375.4690392457,0.9,74.1,43.79226,-79.3782416666667,993,6.55595752171326,7.33026709503023,29.2,38.9967563438053,27.9,170.7,14.4,2.6,17.2
2018-08-09 18:11:45.400,136.4,43.021742341254,1.87871147510352,1.91773237710787,1.34769014662063,391.143721957795,399.267858788021,1.37568034345392,81.7,140.455653565497,20347.4296778294,0.9,66.4,43.7922783333333,-79.3781366666667,993,6.5541837199874,7.33433258623153,29.8,38.9971423713076,27.9,175.4,12.7,2,15.7
2018-08-09 18:11:46.400,136.3,43.012381950266,1.87971731609258,1.91873087916619,1.35291226636928,390.715477670644,398.824759014232,1.38099164699392,73.8,140.449433228364,20332.8869718157,0.9,65.6,43.79231,-79.378035,993.2,6.55656600651165,7.33750876436099,30.7,38.997404845335,27.9,166,9.5,1.3,17.3
2018-08-09 18:11:47.400,135.9,43.0046819690662,1.87866416827125,1.91780437666929,1.31927109348385,390.702114081621,398.842026299772,1.34675671923701,68.1,140.475283433754,20408.8271134888,0.9,72.8,43.792345,-79.3779333333333,993.1,6.55596745797864,7.33703581452251,31.4,38.9978754593453,27.9,71.7,0.8,1.1,19.5
2018-08-09 18:11:48.400,135.7,43.0059643343673,1.87792636806099,1.91724224791189,1.49922554773638,391.181335978796,399.371067287105,1.53062042889394,64.7,140.450751858545,20506.5955931295,0.9,69.3,43.792385,-79.3778316666667,993.2,6.55674565240503,7.33616472973552,32,38.9986534026523,27.9,4,352.7,1.3,18.1
2018-08-09 18:11:49.400,135.8,43.0061805121218,1.87924246613795,1.91848447888867,1.34630785052834,391.484769627882,399.659683570161,1.3744423925386,64.2,140.465552508387,20454.714826437,0.9,66,43.7924216666667,-79.37773,993.2,6.5563808927659,7.33774630225816,32.4,38.9992968540972,27.8,272.6,359.4,0.7,16.3
2018-08-09 18:11:50.400,135.7,43.005001459312,1.88004129637824,1.91899274065768,1.24681575041673,391.814212517048,399.932015711471,1.2726392016063,62.8,140.473231107744,20297.9627901197,0.9,65.4,43.79246,-79.377635,993.3,6.55745658242158,7.33430402724655,32,38.9997813574784,27.8,258.6,357.2,1,15.3
2018-08-09 18:11:51.400,135.6,43.0069274013612,1.87922904893883,1.91796889801062,1.28968311985462,392.070972162442,400.153551572097,1.31627183194324,60.5,140.462428435953,20198.645140938,0.9,65.9,43.7925016666667,-79.3775433333333,993.3,6.56029087209769,7.33527773882379,31.2,39.000414247896,27.8,239.4,0.5,1.2,13.6
2018-08-09 18:11:52.400,135.7,43.0096918839079,1.87877627781992,1.9174623401526,1.33222607072948,391.982407571835,400.053804455201,1.3596585115616,60.1,140.480906372543,20175.8104883864,0.9,67.2,43.79254,-79.377455,993.3,6.55905591688441,7.34123648849475,30.3,39.0008421409449,27.8,252.1,357.1,1.4,12.7
2018-08-09 18:11:53.400,136,43.0143872490278,1.88020391988963,1.91879816278649,1.42783901607048,392.097431766147,400.145990128246,1.45714658231049,61.5,140.453124646208,20114.0168879712,0.9,72.6,43.792575,-79.3773683333333,993.5,6.55918343075326,7.34068041481689,29.2,39.0013527821731,27.8,223.8,11.7,1.9,11.7
2018-08-09 18:11:54.400,136.5,43.0148597080954,1.87943429225275,1.9178199067323,1.33961206732149,392.563751367492,400.581548524314,1.3669769861802,64,140.449984230688,20015.3589495408,0.9,76.8,43.7926016666667,-79.3772833333333,993.5,6.5587959025658,7.33671987754185,27.2,39.0019643783192,27.8,208.6,8.6,2,12.3
2018-08-09 18:11:55.400,136.9,43.0117205367875,1.88084101574169,1.91930892461015,1.45582913895304,392.580400881902,400.609639001463,1.48561393542237,69.5,140.468759120545,20042.6533488303,0.9,90.6,43.7926216666667,-79.3772033333333,993.5,6.55795142516835,7.33744861817227,25.1,39.0026252281984,27.8,187.9,13.2,1,12.2
2018-08-09 18:11:56.400,137.1,43.0154450623065,1.88195213606427,1.92050573801369,1.37295881792262,392.638453061041,400.681936732849,1.40108733807134,81.7,140.461457636028,20074.6374193726,0.9,105.9,43.792625,-79.3771216666667,993.5,6.56053809749501,7.33589467138849,23.7,39.0029220917952,27.9,181.9,19,2,12.3
2018-08-09 18:11:57.400,137.4,43.023370375316,1.8830566753038,1.92158488216344,1.3076665037824,392.899379318454,400.938215652696,1.33442100438388,91.7,140.470680600771,20050.1075556458,0.9,104.1,43.7926133333333,-79.3770483333333,993.6,6.56130519932239,7.33711441599269,22.2,39.002970342982,27.9,181,11.9,1.5,12.3
2018-08-09 18:11:58.400,137.6,43.0305478892064,1.88287312083081,1.92124602930395,1.37633895962573,393.063418467461,401.074092621093,1.40438829349936,95.1,140.468354108738,19972.9635535441,0.9,97.8,43.792605,-79.37698,993.6,6.55992459199473,7.33774615724215,20.5,39.0036197325268,27.9,193.4,23.6,2.4,10.3
2018-08-09 18:11:59.400,137.9,43.0356996669287,1.88346769166849,1.92184439184232,1.5143695213599,392.699181422947,400.700699304701,1.54522906727993,95,140.485014892493,19968.7288336797,0.9,84.5,43.7925983333333,-79.3769166666667,993.5,6.557721116694,7.34112445228957,19.2,39.0042370358835,27.9,216.3,8.8,1.5,9.4
2018-08-09 18:12:00.400,137.8,43.039638941353,1.88410803315734,1.92257220597423,1.35234255114092,392.595238381021,400.610107507779,1.37994862888481,94,140.490160641239,20006.754896749,0.9,83.1,43.7925966666667,-79.3768583333333,993.6,6.55772375885731,7.33942835021246,18.5,39.0044539093896,27.9,204.1,5.4,0.5,9.8
2018-08-09 18:12:01.400,137.6,43.0482194303194,1.88182133936699,1.920148793954,1.3615791900952,392.78949960316,400.789499163522,1.38930542780093,93.2,140.451271586002,19960.7312321517,0.9,83.7,43.792595,-79.3767933333333,993.5,6.55923697008132,7.33317072007157,18.1,39.0047949461152,27.9,236.9,0.4,0.4,9.2
2018-08-09 18:12:02.400,137.4,43.0527862611633,1.88356794972038,1.92185658056469,1.26333769954608,392.723086866719,400.706286446454,1.28901952363377,92,140.483680555378,19922.7621125682,0.9,90,43.792595,-79.3767333333333,993.6,6.5550428784963,7.33114901733593,17.9,39.0048924908067,27.9,275.1,357.2,0.3,9
2018-08-09 18:12:03.400,136.9,43.0516899460289,1.88350077692591,1.92175143670844,1.18686698484251,392.334389148025,400.302099768993,1.21096996570362,91.3,140.470424645505,19904.1727674666,0.9,97.3,43.7925916666667,-79.376675,993.6,6.56095431066243,7.33253274426427,17.4,39.0066514211741,27.9,270.8,357.6,0.8,7.4
2018-08-09 18:12:04.400,136.9,43.0501859225791,1.88203888004042,1.92025848444393,1.18774690218416,392.059463024932,400.021179729493,1.21186709582376,93.3,140.471827106046,19903.2377749276,0.9,115.5,43.7925883333333,-79.3766216666667,993.5,6.56245257340794,7.33648144483959,15.1,39.0069533181756,28,286.4,355.5,1.5,3.8
2018-08-09 18:12:05.400,137,43.0489451571031,1.88125047455402,1.91965848827279,1.31633002029797,392.207896592337,400.215203554997,1.34321237079089,100.2,140.478837734183,20007.5219958289,0.9,133.7,43.7925816666667,-79.3765833333333,993.6,6.5616436676495,7.33940354845804,11.6,39.0072222864726,28.1,260.6,31.2,1.9,3.8
2018-08-09 18:12:06.400,137.2,43.0578517560197,1.88091226941228,1.91932876366865,1.43689035186755,392.559405886257,400.577134514917,1.4662365564988,110.5,140.43319486639,20015.38296879,0.9,132.5,43.7925733333333,-79.376555,993.6,6.55962802012197,7.33408586602282,9.2,39.0091226874458,28.2,253.1,20.2,1.1,3.6
2018-08-09 18:12:07.400,137.5,43.0649852102709,1.88204072134943,1.92042572535587,1.43879997785159,393.787581072487,401.819175259088,1.46814515424326,116.6,140.473830656068,19987.9620642652,0.9,124,43.792565,-79.3765383333333,993.7,6.56029285552488,7.33392391556758,7.2,39.0089511624096,28.2,233.1,28.3,0.8,2.5
2018-08-09 18:12:08.400,137.7,43.0686877696198,1.88355874859588,1.92192732773415,1.34287188990682,394.338333049845,402.371127070234,1.37022775511889,116.9,140.457364571333,19963.5952487077,0.9,125.1,43.7925583333333,-79.3765283333333,993.6,6.56148232104309,7.33699507680539,5.1,39.009235651929,28.2,267,68.8,1.2,1.5
2018-08-09 18:12:09.400,137.6,43.0706282738436,1.883597174079,1.92204924439777,1.37973168075686,394.634359171611,402.690419924937,1.40789966561409,122.4,140.455802494116,20005.6680689723,0.9,128.7,43.7925583333333,-79.3765266666667,993.6,6.56069851334221,7.33867508079154,2.5,39.0099967745753,28.2,264.6,90.8,0.7,0.9
2018-08-09 18:12:10.400,137.7,43.0715395357846,1.8840928040514,1.92250670473414,1.31357378766545,394.663218185525,402.709707187966,1.34035791926822,131.1,140.478967694332,19980.9736516605,0.9,124.5,43.7925566666667,-79.3765266666667,993.7,6.56237479647489,7.3410077287367,1.1,39.0104506126402,28.3,319.5,188.1,1,1.8
2018-08-09 18:12:11.400,137.3,43.0748314778156,1.88222725499767,1.92066452827899,1.297824514848,394.854243433157,402.917558992116,1.32432810654539,136.3,140.440327442365,20012.3842690646,0.9,122.2,43.7925583333333,-79.37653,993.7,6.56112483336363,7.33893982447601,0.5,39.0107740100299,28.3,298,138.1,0.9,1.5
2018-08-09 18:12:12.400,137.4,43.0709074673075,1.8827662416775,1.92114451598385,1.31675568580146,394.666342730851,402.711204003453,1.34359652027667,143.5,140.471756698457,19976.7379261453,0.9,121.2,43.79256,-79.37653,993.7,6.55954559854022,7.33822095688819,0.3,39.0114558276239,28.3,234.9,99.9,1.4,3.1
2018-08-09 18:12:13.400,137.6,43.0652601608955,1.88537893470644,1.92382246578315,1.29590248436879,394.605740476553,402.651843574202,1.32232570367625,143.9,140.473576600603,19982.8661906212,0.9,120.5,43.7925583333333,-79.3765283333333,993.6,6.55913137532571,7.33834629728318,0.1,39.011857499833,28.3,212.9,105.8,1.6,2.6
2018-08-09 18:12:14.400,137.7,43.0629763669014,1.88199744415817,1.92031424487646,1.51484746587091,394.177438246447,402.202830635354,1.54568378859128,151.7,140.466953615141,19953.5945536588,0.9,120.5,43.7925566666667,-79.3765266666667,993.7,6.56694205499525,7.33981653457229,0.1,39.0125483156514,28.3,228.8,90.8,1.1,1.9
2018-08-09 18:12:15.400,137.8,43.0586108592073,1.88279561197249,1.92116743124641,1.4862027948155,394.17800208977,402.211540679814,1.5164895262445,160.6,140.472239492578,19973.4443920821,0.9,120.3,43.792555,-79.3765233333333,993.7,6.56512210311075,7.3401245389091,0,39.0133663449657,28.4,237.2,107.7,0.8,1.6
2018-08-09 18:12:16.400,137.8,43.0609442850572,1.88584935208713,1.92419044416534,1.3538696752124,394.060615907272,402.072214642474,1.38139678975184,184.2,140.446629210651,19925.6589629982,0.9,120.5,43.792555,-79.37652,993.9,6.56590543123432,7.34008573648413,0,39.0137473333097,28.4,252.4,135.2,1.2,1.7
2018-08-09 18:12:17.400,137.6,43.0621509476736,1.88566670649212,1.92406951627783,1.38694023295278,393.65505946723,401.672021288459,1.41518776832175,266.3,140.460122419245,19959.0209767575,0.9,120.1,43.7925516666667,-79.3765183333333,993.6,6.56193468258065,7.33498109834652,0,39.0144470618402,28.4,221.6,90.8,0.8,1.3
2018-08-09 18:12:18.400,137.6,43.0605576051216,1.88164786716456,1.92001380890882,1.34987599408928,393.361026206996,401.381461481887,1.37739933060411,285.5,140.454999028472,19982.1063752681,0.9,119.6,43.7925516666667,-79.3765216666667,993.7,6.56077743370361,7.33572213280848,0.1,39.0143758899534,28.4,187.7,104.3,0.6,1.2
2018-08-09 18:12:19.400,137.4,43.0606551039744,1.88090326972349,1.91930493470809,1.32966084769473,392.82760643807,400.84775828822,1.3568077057984,296.1,140.481193363861,20008.030165093,0.9,118.1,43.7925516666667,-79.37652,993.7,6.56496950825082,7.34068735366366,0.1,39.0148979220173,28.4,230,127.1,1,2.2
2018-08-09 18:12:20.400,137.2,43.0636757884192,1.88379019009158,1.92230108044512,1.45334828272924,392.02877091435,400.043019686067,1.48305959783706,294.9,140.481139961439,20033.5401099398,0.9,117.9,43.7925516666667,-79.3765216666667,993.5,6.56538093974475,7.33988026579207,0.1,39.0154875614142,28.5,245.7,115.9,1.3,2.3
2018-08-09 18:12:21.400,137.2,43.0646439437571,1.88284736537805,1.921541073027,1.2892921760368,391.441433741491,399.485677311774,1.31577919639936,296.7,140.442014951652,20136.5670705813,0.9,118.4,43.7925533333333,-79.3765233333333,993.8,6.56289641613176,7.33765268465773,0.1,39.0162845559051,28.5,212.7,103.9,1,1.9
2018-08-09 18:12:22.400,137.3,43.0590075989959,1.88060074214025,1.91933308906333,1.44511591050142,390.756739401259,398.804712862796,1.47488016351214,305.1,140.48655488964,20180.1862628774,0.9,118.6,43.7925516666667,-79.3765216666667,993.8,6.5587500811032,7.3359414646821,0,39.0172468063546,28.5,222.7,103.5,0.6,1.1
2018-08-09 18:12:23.400,137.2,43.0560793898643,1.88126203440078,1.92021147741139,1.50058207816316,390.49667348117,398.581576770695,1.53164957458046,302.8,140.461209567472,20284.0778250186,0.9,118.9,43.7925533333333,-79.3765233333333,993.7,6.56328334699628,7.33505622707463,0,39.0176073392875,28.5,209.7,100,0.9,2
2018-08-09 18:12:24.400,137.2,43.0573377471071,1.88152513810701,1.92070876931312,1.24166906519144,389.905111408126,398.025071076061,1.26751988299389,300.5,140.48195584858,20400.7066648197,0.9,119.1,43.7925533333333,-79.3765233333333,993.8,6.56531918623035,7.33306817757642,0,39.0179706538671,28.5,216.5,100.1,1.9,4.7
2018-08-09 18:12:25.400,137.1,43.0575198362378,1.87837513569464,1.9176730845956,1.31931323193008,388.817967107379,396.952477948959,1.3469189982847,298.6,140.495215132674,20492.4626447203,0.9,119.2,43.7925533333333,-79.3765233333333,993.7,6.56766010736512,7.33715319835402,0,39.0181996626237,28.5,220.4,97.4,3.5,7.1
2018-08-09 18:12:26.400,137.1,43.0651663733971,1.88290051475292,1.92269367545842,1.40734633336777,388.382097484475,396.590016418886,1.4370908178065,331.8,140.437914509645,20696.0951545848,0.9,118.8,43.792555,-79.3765233333333,993.7,6.56261929416128,7.33841344525445,0,39.0192242325923,28.5,204.6,86.3,2.8,4.1
2018-08-09 18:12:27.400,137.3,43.063139613803,1.8817441788683,1.92177300119289,1.30735902743822,387.249988578651,395.487777918126,1.33516694248728,56.7,140.482205445419,20829.4255690104,0.9,118.6,43.7925566666667,-79.3765216666667,993.8,6.56164311431679,7.34226352911883,0,39.0197021668586,28.5,219.7,111,1.4,2.7
2018-08-09 18:12:28.400,137.5,43.0635947447023,1.88074814018022,1.92085946949776,1.4030451245068,387.696859020595,395.965465446428,1.43296995125492,291.3,140.475509791421,20882.1087608903,0.9,118.7,43.7925583333333,-79.37652,993.8,6.56307775559829,7.33992627785718,0,39.0204078141165,28.5,210,80.2,2.1,4.8
2018-08-09 18:12:29.400,137.7,43.0672289069002,1.88121048839735,1.92145883757244,1.31533721130505,387.766324588017,396.062602851895,1.34347689470383,112.7,140.448349398968,20946.8641122898,0.9,121,43.79256,-79.3765183333333,993.7,6.56729188523227,7.33911150321416,0.5,39.0210422043605,28.5,190.6,63.8,2.1,4.1
2018-08-09 18:12:30.400,137.8,43.0657097507631,1.88264032655452,1.92296892975405,1.19269450780759,387.936917151123,396.247055306823,1.21824362824696,119.1,140.483290332198,20972.1527670713,0.9,130.2,43.79256,-79.3765183333333,993.8,6.56264533749464,7.33754747075524,1.6,39.0210858534746,28.5,200.7,51.6,1.6,3.1
2018-08-09 18:12:31.400,137.9,43.074393783165,1.88332459594425,1.92389348440012,1.24053479812545,388.317693565187,396.682488348804,1.26725996885724,130.8,140.444202291267,21086.9024684736,0.9,132.7,43.79256,-79.3765183333333,993.8,6.55905499975366,7.33688665815113,2.5,39.0220153198142,28.5,167.3,5.6,1,4.3
2018-08-09 18:12:32.400,138.1,43.0807775110853,1.88132981482821,1.92204651250761,1.19667703248303,387.782191777006,396.174791445492,1.2225746247683,136.8,140.461038872853,21184.1119847412,0.9,138.9,43.7925533333333,-79.37651,993.8,6.56356620122977,7.33682002376545,4,39.0220991617515,28.5,196.1,29.6,1.4,4.4
2018-08-09 18:12:33.400,138.4,43.0848715534911,1.8816773623476,1.92253109560518,1.17799369565865,388.119045588093,396.545598160536,1.20356933264272,145.1,140.468077038869,21249.7393758271,0.9,148.9,43.79254,-79.3764983333333,993.7,6.56250220164411,7.33597016351051,5.1,39.0224496293573,28.4,191.8,29.4,1.9,7.2
2018-08-09 18:12:34.400,138.6,43.0856685991562,1.88315638842147,1.92399203058183,1.36579220417909,388.474880455619,396.898907361953,1.3954072626754,157.6,140.44959112237,21224.5816064294,0.9,167.7,43.7925216666667,-79.3764883333333,993.7,6.55904763784072,7.33996858278313,5.9,39.0228326491138,28.3,196.2,17.6,2.2,6.8
2018-08-09 18:12:35.400,138.4,43.0894204377155,1.88189528694899,1.92252920854566,1.41581752599858,388.778556833967,397.173039174344,1.44638779659535,165.8,140.471961760499,21135.5357794624,0.9,179.4,43.7925,-79.3764816666667,993.7,6.55968285453364,7.33569809633012,7,39.0236487583326,28.3,219,18.4,1.4,5.7
2018-08-09 18:12:36.400,137.8,43.0937749675446,1.88235408814764,1.92289298515984,1.15834543502648,389.3141543726,397.698553426212,1.18329334536868,174.3,140.455909240913,21082.2054702283,0.9,188,43.7924733333333,-79.3764816666667,993.8,6.56364497812324,7.33978075378918,8.3,39.0244478530372,28.3,175.8,358.7,0.8,6.7
2018-08-09 18:12:37.400,137.6,43.0967237526187,1.88140724852401,1.9219057641123,1.09771877242866,391.078256733359,399.496541151408,1.12134811632348,176.5,140.487950047613,21072.0957787801,0.9,187.5,43.792445,-79.37648,993.8,6.55944147799986,7.33726482316435,9.2,39.0245601562004,28.2,181.6,359.8,1.3,7.8
2018-08-09 18:12:38.400,137.6,43.1014429077012,1.88045494280697,1.92084355284616,1.21058847453894,391.385840996114,399.792066143639,1.23658815666624,174.7,140.478095100527,21026.5304800383,0.9,180.4,43.792415,-79.3764766666667,993.7,6.56296579001175,7.33672761353773,10,39.0248992370756,28.2,189.9,1.9,1.4,7.4
2018-08-09 18:12:39.400,137.9,43.1046496873191,1.88163351551002,1.92233020298146,1.28630866788608,390.873993791205,399.32794534917,1.31413110528245,171.6,140.451165626863,21170.5134242151,0.9,178.8,43.7923866666667,-79.376475,993.7,6.56116657838563,7.33702014061065,10.3,39.025563749951,28.2,163.1,355.9,0.6,6.8
2018-08-09 18:12:40.400,138,43.1011259241185,1.88305995669078,1.92384833171177,1.24010951177214,390.585308829769,399.04579630668,1.26697208571739,171.3,140.498193923172,21201.7530971875,0.9,177.8,43.79236,-79.37647,993.8,6.55843963420975,7.33861053634547,10.5,39.026212032903,28.2,191.7,5.2,0.4,6.3
2018-08-09 18:12:41.400,137.9,43.096663643418,1.88176920595734,1.92259620417396,1.19406387501516,390.372666910863,398.84222508313,1.21996988378746,172.6,140.463261025686,21235.2550204882,0.9,180.5,43.7923316666667,-79.3764666666667,993.7,6.56229752923355,7.33553681934705,11.2,39.0270880074228,28.2,197.4,2.7,0.9,8.6
2018-08-09 18:12:42.400,138.6,43.09339866406,1.88171403816376,1.9225771415808,1.14911011404906,389.847882301493,398.313705026896,1.17406415756513,171.5,140.472146426507,21254.1575541347,0.9,176.3,43.7923016666667,-79.37646,993.7,6.5625502747635,7.33576677361024,12,39.0273975454919,28.1,180.8,2,1.2,9.4
2018-08-09 18:12:43.400,139,43.0904601274393,1.88131031344881,1.92237661035779,1.17074320554487,390.271611225832,398.790644577266,1.19629967178709,167.9,140.466368438173,21362.1114154467,0.9,175.8,43.79227,-79.376445,993.8,6.56303609490268,7.34113317475816,12.4,39.0273083283622,28.1,162.9,358.5,1.3,9.5
2018-08-09 18:12:44.400,138.4,43.0917832868656,1.88033574740433,1.92117198094822,1.06810048130301,391.32888717782,399.827644890736,1.09130047363582,166.1,140.437382732883,21256.1105441069,0.9,171.2,43.7922366666667,-79.3764333333333,993.7,6.56261068573295,7.34077537034777,12.5,39.0281992215204,28,163.8,359.4,1.5,9.9
2018-08-09 18:12:45.400,137.3,43.0895864982597,1.87959160105682,1.92043580765027,0.986319991806911,390.945935937886,399.441385157529,1.00775265383147,165.3,140.495868493571,21268.3172900505,0.9,176.3,43.7922033333333,-79.37642,993.7,6.56253769859511,7.34270834177354,12.7,39.0285798419809,28,164.9,359.4,1.6,10.2
2018-08-09 18:12:46.400,136.8,43.0922927617829,1.88202449104671,1.92285215440832,1.3785981462234,391.743890022279,400.242281001718,1.40850180599975,169.4,140.428165223868,21232.9789480952,0.9,188.4,43.7921666666667,-79.3764166666667,993.8,6.55944607872468,7.33741935333721,13.5,39.028636853688,28,160.8,357.4,1.5,10.7
2018-08-09 18:12:47.400,136.5,43.093946935298,1.87910446728747,1.91990329740792,1.26570549750661,392.599712147153,401.123655757178,1.29318476858627,172.4,140.46714886664,21250.1538201988,0.9,184.2,43.7921333333333,-79.3764133333333,993.7,6.56514003035084,7.34077617028624,13.5,39.0293093520757,27.9,173.5,359.1,2.1,11.1
2018-08-09 18:12:48.400,135.9,43.0973158754592,1.87943561145218,1.91993336067022,1.34567152786119,392.793212350264,401.256965287927,1.37466437609164,176.5,140.4898457009,21093.1630658871,0.9,190.8,43.7920983333333,-79.3764083333333,993.7,6.56459796260914,7.33946089056593,14,39.0297292782702,27.9,178.6,359.9,2.3,12
2018-08-09 18:12:49.400,134.6,43.1095353385801,1.88136796686621,1.92193603132395,1.30614198256246,394.068061037729,402.565424662837,1.33430656012888,181.6,140.429527827524,21107.9212358078,0.9,191.5,43.7920516666667,-79.37641,993.7,6.56170100449644,7.3387348739044,15,39.0309706445775,27.8,184.9,1.2,2.1,12.3
2018-08-09 18:12:50.400,133.6,43.1132079027049,1.87982829311443,1.92020663001503,1.20384766156196,393.9292041328,402.390684954358,1.22970738862202,185.8,140.489004115417,21027.8848499641,0.9,193.3,43.7920083333333,-79.3764033333333,993.7,6.56731696887364,7.33568116446418,15.7,39.0308611210806,27.7,193.1,1.9,2,12.5
2018-08-09 18:12:51.400,132.8,43.1187717357432,1.87944782546145,1.91970650815758,1.18937105851107,394.382349776535,402.830237088666,1.2148482965961,188.4,140.468588954361,20971.310395942,0.9,194.1,43.7919683333333,-79.3764116666667,993.7,6.56227093267332,7.33805945460522,15.7,39.0315333319048,27.7,192.3,1.6,2,12.3
2018-08-09 18:12:52.400,131.7,43.1220359477292,1.8766363498121,1.91642547250454,1.31055805882419,394.972895568029,403.34726881523,1.33834093745135,190.7,140.451736664332,20762.2798548436,0.9,200.8,43.7919283333333,-79.37642,993.6,6.57136611897634,7.33546504257604,15.7,39.0324576380492,27.7,200.6,4.7,1.9,12.5
2018-08-09 18:12:53.400,131,43.1241255523462,1.88259932572004,1.92275536402824,1.22546852625499,395.342831233168,403.77538602225,1.25160535681232,191.7,140.479930339867,20884.3647480976,0.9,198.5,43.7918883333333,-79.3764333333333,993.8,6.56056593325894,7.33895495154879,16.1,39.032310530181,27.7,210.4,6.2,2.3,13.2
2018-08-09 18:12:54.400,130.8,43.1260343517338,1.88073807175134,1.92094674370289,1.33138012404311,395.073662917143,403.519935609347,1.3598435174,192.6,140.426004119902,20931.5961428041,0.9,196.4,43.791845,-79.376445,993.6,6.56185320028504,7.33185071176281,16.8,39.0333156660107,27.7,211.3,4.6,2,12.8
2018-08-09 18:12:55.400,130.7,43.1194275344078,1.88068435598122,1.92051464518145,1.07683502730711,394.826421419331,403.188264830612,1.09964891412093,192.5,140.494402834014,20739.2729802192,0.9,199.2,43.7918033333333,-79.3764566666667,993.8,6.56475456106211,7.33805980145919,17,39.0331553459677,27.6,208.2,3.7,2.2,13.2
2018-08-09 18:12:56.400,131.9,43.1183962498224,1.88301100923449,1.92277825919897,1.22147724647342,394.548723990599,402.881173920986,1.24727301210812,191.7,140.454312292224,20682.0411323313,0.9,193.1,43.79175,-79.37647,993.8,6.56376999457296,7.33604586252989,17.2,39.0342125044752,27.6,196.8,1.3,1.6,12.9
2018-08-09 18:12:57.400,133.1,43.1183113034889,1.88175769775043,1.92159452461038,1.16503097163176,394.153556944461,402.497984638155,1.18969461510646,189.7,140.479003247831,20731.492324031,0.9,191.3,43.7917016666667,-79.3764833333333,993.8,6.56826668884207,7.33960128513907,17.4,39.0347285063282,27.5,203,2.8,2.1,13
2018-08-09 18:12:58.400,133.6,43.1167890452202,1.87881218615967,1.9186818052432,1.1777260866372,393.838251962372,402.195790075135,1.20271808754216,186.7,140.470480931552,20779.6510166188,0.9,181.4,43.7916516666667,-79.3764916666667,993.8,6.5688522379559,7.33598866002024,17.7,39.0348252381671,27.5,204.4,4,1.7,13.1
2018-08-09 18:12:59.400,133.8,43.1135952807699,1.8797199581926,1.91938632199403,1.20846885325065,393.123113447232,401.419035524055,1.23397017287396,183.5,140.4237150945,20666.371247731,0.9,179.5,43.7916033333333,-79.376495,993.8,6.57114666895584,7.34502175931583,18.1,39.035219531125,27.4,190,0.2,1.8,13
2018-08-09 18:13:00.400,133.9,43.1060486818784,1.88047040717487,1.92052809896066,1.28777145835679,393.491290446833,401.873269742531,1.31520420700352,180.7,140.498314202583,20857.4014926339,0.9,176.1,43.7915566666667,-79.3764916666667,993.8,6.56774270532853,7.33329269791126,18.7,39.0359693140068,27.4,174.7,355.9,0.9,12
2018-08-09 18:13:01.400,133.9,43.1036372364799,1.87965259206013,1.91970367171911,1.12145594707554,393.534965070615,401.920405459869,1.14535203784452,180.4,140.448195366874,20863.302042717,0.9,184,43.7915066666667,-79.3764916666667,993.8,6.56551693506759,7.3377875407325,18.8,39.0368416491559,27.5,181.9,2.8,2,15.5
2018-08-09 18:13:02.400,133.7,43.1009063864387,1.87819719872498,1.9183150162553,1.44225011434884,393.830888464374,402.24285814888,1.4730575697317,180.9,140.467909315722,20912.7623358933,0.9,182.2,43.7914566666667,-79.3764933333333,993.8,6.56960970435797,7.33708565586036,19.2,39.0367742672377,27.5,183.8,8.1,1.7,11.7
2018-08-09 18:13:03.400,134.1,43.1006254960309,1.87969359922804,1.92001571856177,1.16055345613232,393.075801973628,401.507978787927,1.18544638178119,178.8,140.502175538979,21001.2163163237,0.9,177.6,43.7914033333333,-79.37649,993.8,6.56623984830567,7.34496733514164,19.6,39.0370917346983,27.6,287.1,5.1,1.2,10.6
2018-08-09 18:13:04.400,134.5,43.102703442309,1.8844827919872,1.92495915167925,1.22660515114604,393.918455223499,402.379442786484,1.25295168703904,178.1,140.437879532804,21027.536606717,0.9,180.5,43.7913483333333,-79.3764866666667,993.8,6.56322727503238,7.33872662464687,20,39.0378206266172,27.6,237.7,3.4,0.6,11.8
2018-08-09 18:13:05.400,134.6,43.0935795381346,1.87847532257301,1.91874696741784,1.17742864568327,393.845924596183,402.289368625232,1.20267092981229,177.9,140.503007141694,20988.4739915979,0.9,184.6,43.7913016666667,-79.3764833333333,993.7,6.56749375493374,7.34024829200997,20,39.0381235166249,27.6,185.5,0.4,0.3,11.8
2018-08-09 18:13:06.400,134.3,43.0945063912306,1.87719442308889,1.91757330914912,1.13718601102249,394.36834832468,402.85132703411,1.1616472604792,178.9,140.473203110597,21057.4265068161,0.9,187.8,43.7912483333333,-79.3764816666667,993.8,6.56902154852766,7.34372880288004,20.5,39.0386650476441,27.6,181,0.2,1.4,14.7
2018-08-09 18:13:07.400,134.3,43.09662504608,1.88089816970842,1.92127486017033,1.39027184294842,394.661444729024,403.133461160294,1.42011528336496,178.1,140.436128739735,21015.3853247917,0.9,182.4,43.791195,-79.3764766666667,993.8,6.56384701003868,7.33911114048498,20.7,39.0395153907394,27.6,179.6,0,2,14.5
2018-08-09 18:13:08.400,134.4,43.0927021038861,1.88123484691875,1.92159332418553,1.37993509953676,394.613312537619,403.079063492742,1.40953987086349,177.9,140.497896313617,21002.6770541676,0.9,181.9,43.7911433333333,-79.3764733333333,993.7,6.55558948057081,7.33968158164329,20.9,39.039680669894,27.6,176.6,0.9,1.1,14.4
2018-08-09 18:13:09.400,134.6,43.0957506429008,1.87915427830377,1.91915411788584,1.16866691667043,394.613324081131,403.013001807011,1.19354544869287,177.7,140.429677332519,20842.2526281607,0.9,178.2,43.7910883333333,-79.3764716666667,993.8,6.56497301794647,7.33989986416717,20.9,39.0408329133374,27.6,178.5,0.7,1.7,14.7
2018-08-09 18:13:10.400,135,43.0938518877378,1.87872215178885,1.9185974105108,1.34692665950608,393.949326153572,402.310844628782,1.37551441546401,175.7,140.463740666167,20783.5874233982,0.9,174,43.7910383333333,-79.3764666666667,993.8,6.57027835751219,7.34459122662151,20.7,39.0405850249199,27.6,166.1,358,1,12.1
2018-08-09 18:13:11.400,135.3,43.0938929213402,1.88331473681814,1.92305515480299,1.26208071318666,394.281049417601,402.600926723229,1.28871317622951,175.2,140.477795954367,20665.3046582303,0.9,179.1,43.790985,-79.37646,993.9,6.55888025009587,7.34277346078995,20.5,39.0405604719106,27.6,175.9,1,0.9,13.9
2018-08-09 18:13:12.400,135.3,43.0983845486861,1.88111378874628,1.92085263167142,1.23301353159935,394.073807122163,402.398680934374,1.25906105059482,173.5,140.425418398892,20688.0657715648,0.9,173.8,43.7909366666667,-79.3764533333333,993.8,6.56793464094728,7.34135181860493,20.1,39.0418482180891,27.6,220.7,1,0.8,11.7
2018-08-09 18:13:13.400,135.1,43.0907907459161,1.88327194942549,1.92294423171787,1.15822729669875,393.786571561028,402.081839214621,1.18262566597216,171.8,140.486891200217,20630.8121589553,0.9,169,43.7908916666667,-79.3764483333333,993.8,6.5700979398314,7.34167785361213,19.8,39.042862172311,27.6,357.9,359.8,0.3,9
2018-08-09 18:13:14.400,133.6,43.0901442856965,1.88170406337946,1.92136223798191,1.19841017754409,393.171006308821,401.45752376865,1.223668018877,167.3,140.483307936059,20641.0290484968,0.9,160.9,43.79085,-79.3764416666667,993.7,6.5647202059822,7.34250888894344,19.6,39.0427230158605,27.7,12.3,359.1,1.1,8.7
2018-08-09 18:13:15.400,133.7,43.0849668741884,1.88251012513071,1.92226209389545,1.29160648326091,393.844946982259,402.161475111986,1.31887995232477,162.8,140.463534371915,20679.6509435264,0.9,155.6,43.7908016666667,-79.3764183333333,993.8,6.56582162518664,7.34115218728509,19.6,39.0439406251915,27.7,255.8,0.4,0.5,10.3
2018-08-09 18:13:16.400,133.7,43.0794354443151,1.88178399355982,1.92145926346616,1.36938962404657,394.077251209964,402.385990742882,1.39826119794696,158.6,140.478452289876,20648.6140768974,0.9,153.2,43.7907566666667,-79.37639,993.8,6.56527924993503,7.34465254404063,19.4,39.0437831355712,27.7,154.9,359.9,0.3,11.8
2018-08-09 18:13:17.400,133.5,43.0772962496608,1.88212365630808,1.92197687508767,1.33824121340908,394.468293814028,402.821068821323,1.36657824456677,154.6,140.430649992065,20735.723451971,0.9,151.1,43.7907116666667,-79.376355,993.8,6.56748165661526,7.33820674892615,19.8,39.04426437508,27.7,180.8,1.5,0.7,12.1
2018-08-09 18:13:18.400,133.5,43.0742771967758,1.87877470993083,1.91845654173738,1.35734497639891,393.51838300245,401.829865782473,1.38601339144711,152.5,140.501049971897,20684.1692072871,0.9,149.7,43.790665,-79.3763216666667,993.8,6.56971642049562,7.34234254207832,20,39.0448410326126,27.7,158.4,0.4,1,12.8
2018-08-09 18:13:19.400,133.5,43.07427,1.881903,1.921436,1.300242,394.7302,403.0223,1.327556,150.8,140.4594,20574.74,0.9,149.4,43.7906183333333,-79.3762883333333,993.9,6.56839,7.340957,19.8,39.0455,27.6,175.9,5.2,1,12.6
2018-08-09 18:13:20.400,133.5,43.06637,1.881913,1.921651,1.308452,395.7614,404.1182,1.336081,149.9,140.4784,20679.04,0.9,150.2,43.7905733333333,-79.3762533333333,993.9,6.572119,7.33693,19.8,39.04561,27.6,146,357.7,0.5,12.2
2018-08-09 18:13:21.400,133.4,43.070244620304,1.88159943612149,1.92114962476288,1.34575168919139,394.851296362427,403.150926305126,1.37403881923258,148.9,140.46340241214,20587.0206346601,0.9,147.9,43.7905316666667,-79.37622,993.8,6.57466184685041,7.34025342757125,19.4,39.0469736158254,27.6,143,0.4,1,12.4
2018-08-09 18:13:22.400,133.5,43.07433,1.882196,1.922011,1.035758,394.8321,403.1842,1.057668,147.2,140.4193,20715.4,0.9,147.1,43.7904916666667,-79.376185,993.9,6.578319,7.341292,19,39.04657,27.6,153.2,0.6,0.9,11.9
2018-08-09 18:13:23.400,133.6,43.0706111345469,1.88254388714985,1.92256458539786,1.42150386746142,394.004628564882,402.380658779774,1.45172271042385,146.6,140.510183559176,20816.2349101417,0.9,147.2,43.79046,-79.3761466666667,993.9,6.56798563793914,7.34061724921071,18.7,39.0477045601104,27.6,145.2,359.1,0.9,12.1
2018-08-09 18:13:24.400,133.8,43.0725022085133,1.88040031768153,1.92052922827439,1.30711641733667,393.471865920652,401.868801192005,1.33501088580887,146.1,140.440625274488,20894.5405395712,0.9,147.3,43.7904216666667,-79.3761083333333,993.9,6.56766656373486,7.3387880485196,18.5,39.0480024741187,27.6,135.8,358.7,1.1,12.1
2018-08-09 18:13:25.400,134.3,43.0689751767481,1.88368134523238,1.92392154681453,1.30742182292991,393.706256869614,402.116690226303,1.33535154954666,146.2,140.461536350897,20915.4366607997,0.9,150.1,43.790385,-79.3760716666667,994,6.5687563027744,7.34075841177568,18.5,39.0487681464049,27.5,130.6,358.9,0.9,12
2018-08-09 18:13:26.400,134.7,43.0714627704374,1.88048584785734,1.92048934510141,1.23283145583252,393.6993717635,402.074555972638,1.25905721576412,147.7,140.480493322257,20829.9513892995,0.9,149.5,43.7903466666667,-79.37604,994,6.57061426954315,7.33790434895185,18.1,39.0484197776203,27.5,141.4,0.1,1.1,11.8
2018-08-09 18:13:27.400,134.4,43.0811046998165,1.88395380444264,1.92430292740982,1.35225570698553,393.934019119612,402.370942763385,1.3812176429137,146.4,140.430662498475,20968.1441956357,0.9,147.6,43.79031,-79.376005,994,6.5754470751168,7.33346348868992,17.7,39.0496827764419,27.5,145.7,359.6,0.9,10.5
2018-08-09 18:13:28.400,134.5,43.0801860254377,1.88397199155803,1.92420226998844,1.26977043534822,393.698181296342,402.105167694189,1.29688418768759,145.2,140.502377472308,20907.3558777032,0.9,148.9,43.79028,-79.3759666666667,993.9,6.56832071298791,7.33902263542405,17.2,39.0504858979699,27.5,154.7,4.3,1,11.3
2018-08-09 18:13:29.400,134.4,43.0824363602521,1.88201967715505,1.92214160599238,1.34694977492377,393.720498915466,402.114124749514,1.37566549700224,144.6,140.452353150061,20873.6881067373,0.9,152.3,43.7902483333333,-79.3759316666667,993.9,6.57092980512523,7.34122102416174,16.6,39.0508838917527,27.5,178.5,9,1.5,11.7
2018-08-09 18:13:30.400,134.6,43.0828022682421,1.88262691099613,1.92271784462183,1.25641104227763,394.045074314763,402.436342224781,1.28316738648536,145.8,140.468494569376,20851.2984447985,0.9,155.3,43.790215,-79.3759,993.9,6.56789304155197,7.33859110641973,16.2,39.0516339865595,27.5,177,5.2,1.5,11.5
2018-08-09 18:13:31.400,134.7,43.0804758900636,1.88454245125848,1.92479393404,1.46351856035051,393.618942993889,402.026135960798,1.49477702458797,148.9,140.479322953677,20912.1092847958,0.9,154.2,43.7901766666667,-79.3758666666667,993.9,6.56816375364359,7.33726249999766,16.2,39.052661339072,27.5,178.3,9.6,1.4,11.4
2018-08-09 18:13:32.400,134.7,43.0842499939076,1.88433356428529,1.92451175208447,1.51638629090379,392.824718612812,401.200668664163,1.54871697145302,151.7,140.430712587252,20877.2463825749,1.7,152.5,43.7901416666667,-79.3758366666667,994,6.56648506544285,7.34133325827261,15.7,39.0537768730309,27.5,182.1,5.3,1.5,11
2018-08-09 18:13:33.400,134.6,43.0788613053725,1.88581792783781,1.92623223337413,1.23443196987621,392.712764686382,401.128817904446,1.26088565926101,151.5,140.504316257295,20981.0321439528,0.9,155,43.7901116666667,-79.3758116666667,994,6.56944214436199,7.34825175581306,15.3,39.052181209593,27.5,169.5,3.7,1.4,10.8
2018-08-09 18:13:34.400,134.3,43.0760437852699,1.88478184488497,1.92475566502677,1.35453382838952,392.881320648242,401.213796628563,1.3832614698307,152.1,140.470895022428,20768.0608971205,0.9,153.3,43.79008,-79.3757916666667,994,6.5778058571842,7.34370195586746,15,39.0542803762118,27.5,165.9,3.7,1.4,10.7
2018-08-09 18:13:35.400,133.8,43.0758399845591,1.88564874517473,1.92563593274526,1.33142606503691,393.450216268699,401.793922501254,1.35966055194188,153,140.454337579431,20765.9700867063,0.9,162.5,43.7900483333333,-79.375775,993.9,6.57486312940213,7.33990070256597,15,39.0549287528952,27.5,169.3,4.3,1.5,11
2018-08-09 18:13:36.400,133.9,43.071927705043,1.88442973269549,1.92443497941388,1.17424561095433,392.823483184498,401.162835490056,1.19917363752967,152.9,140.474403339993,20787.9984269489,0.9,159.6,43.7900116666667,-79.375755,994,6.57597086733579,7.3437032703431,14.8,39.055672812761,27.5,163.8,3.4,1.3,11.3
2018-08-09 18:13:37.400,133.5,43.0717274690668,1.88442537936763,1.92443464414776,1.1748744299205,392.82320932682,401.163413481995,1.19981917532748,154.7,140.47445773521,20790.0899914456,0.9,159.7,43.78998,-79.37574,994,6.57590356266333,7.34365881508266,14.6,39.0558814817064,27.4,170.8,4.8,1.5,10.3
2018-08-09 18:13:38.400,133.1,43.0715337889506,1.88442116857064,1.92443431985849,1.17548266093199,392.822944435426,401.16397255009,1.20044357778486,154.5,140.474510349491,20792.113076718,0.9,143.9,43.789945,-79.3757233333333,994,6.57583846159099,7.34361581531726,14.6,39.0560833186905,27.4,172.9,3,0.8,9.6
2018-08-09 18:13:39.400,133.3,43.0713399349073,1.8844169539923,1.92443399527799,1.17609143814291,392.822679306156,401.164532120236,1.20106854096383,151.6,140.47456301102,20794.1379787474,0.9,141.1,43.78991,-79.3756966666667,994,6.57577330205702,7.3435727769375,14.4,39.0562853369269,27.4,181,3.9,0.6,8.9
2018-08-09 18:13:40.400,133.4,43.0711401810328,1.88441261114581,1.92443366081909,1.17671874312145,392.822406107837,401.165108720562,1.20171252452061,150,140.47461727527,20796.2245074501,0.9,139.8,43.7898766666667,-79.3756716666667,994,6.5757061594319,7.3435284287106,14.2,39.0564935034666,27.4,182.2,2.1,0.5,8.8
2018-08-09 18:13:41.400,134.1,43.0709434662029,1.88440833437114,1.92443333144862,1.17733650431665,392.822137065941,401.165676548523,1.20234671054707,148.6,140.474670713948,20798.2792918202,0.9,151.8,43.7898416666667,-79.3756433333333,993.9,6.57564003831098,7.34348475519516,14.4,39.0566985029721,27.4,166.3,1,0.4,8.3
2018-08-09 18:13:42.400,134.8,43.0707467810825,1.8844040582424,1.9244330021279,1.177954172212,392.821868064679,401.166244290725,1.20298080079307,151.2,140.474724144555,20800.3337658583,0.9,166.1,43.7898083333333,-79.3756166666667,994,6.57557392717626,7.3434410882757,14,39.0569034715167,27.4,165.6,2.6,0.4,8.5
2018-08-09 18:13:43.400,135.7,43.0705500363415,1.88439978081744,1.92443267270735,1.17857202733958,392.821598981875,401.166812205025,1.20361508324936,158.8,140.474777591358,20802.3888626643,0.9,172.3,43.78977,-79.3756016666667,993.9,6.57550779600143,7.34339740811958,13.8,39.0571085021929,27.4,174.3,3.9,0.7,8.7
2018-08-09 18:13:44.400,135.6,43.0703555328151,1.8843955521187,1.9244323470394,1.17918284417997,392.821332964323,401.167373649938,1.2042421402868,165.5,140.474830429322,20804.4205488666,0.9,182.1,43.7897333333333,-79.3755833333333,993.9,6.57544241815886,7.34335422554529,13.5,39.0573111972654,27.4,184,5.7,0.8,8.4
2018-08-09 18:13:45.400,135,43.0701557057744,1.8843912076815,1.92443201245799,1.17981037892914,392.821059665936,401.167950461463,1.20488635972327,170.8,140.474884713449,20806.5078418276,0.9,181,43.7897,-79.37558,994,6.57537525094059,7.34330986107442,13.1,39.0575194400528,27.4,186.7,3.5,1,8.9
2018-08-09 18:13:46.400,135.3,43.0699620655901,1.88438699775266,1.92443168823557,1.18041848453932,392.820794829156,401.168509414293,1.2055106334452,172.7,140.474937316882,20808.5305099927,0.9,178.7,43.7896616666667,-79.3755716666667,993.9,6.57531016329039,7.34326687017444,13.8,39.0577212354234,27.4,208.7,5.2,0.8,8.5
2018-08-09 18:13:47.400,135.3,43.0697622776755,1.8843826541661,1.92443135371967,1.18104589641734,392.82052158428,401.169086112878,1.20615472674367,174.1,140.47499159038,20810.6173942622,0.9,180.7,43.78962,-79.3755633333333,993.9,6.57524300922344,7.34322251439012,14,39.057929437437,27.4,220.5,6.6,0.7,8.5
2018-08-09 18:13:48.400,134.6,43.0695655636512,1.88437837740895,1.92443102435055,1.18166365508237,392.820252543487,401.169653938513,1.2067889101727,176.4,140.475045028839,20812.6721702165,0.9,176.5,43.78958,-79.3755566666667,993.9,6.57517688837333,7.34317884105356,14.2,39.0581344361028,27.4,212.7,4.5,0.6,8.5
2018-08-09 18:13:49.400,132.5,43.069368831499,1.88437410025769,1.92443069495108,1.18228147067612,392.8199834779,401.170221816475,1.20742315204404,175.2,140.475098472222,20814.7271355259,0.9,175.4,43.78955,-79.375545,993.8,6.57511076142994,7.34313516369235,13.8,39.05833945366,27.4,146.4,0.4,0.2,7.2
2018-08-09 18:13:50.400,129.6,43.0691721351494,1.8843698238848,1.92443036561156,1.18289917383565,392.81971446128,401.17078959109,1.20805727849181,174.5,140.475151905879,20816.781726859,0.9,170.9,43.7895133333333,-79.3755383333333,993.9,6.57504464652078,7.34309149427983,13.7,39.0585444339068,27.4,177.5,357.1,0.6,7.8
2018-08-09 18:13:51.400,128.5,43.0689765845848,1.88436557242242,1.92443003819049,1.18351327878392,392.819447011721,401.171354058336,1.20868771106026,170.9,140.475205028278,20818.824349897,0.9,167,43.7894833333333,-79.3755283333333,993.9,6.57497891674063,7.34304807924803,13.7,39.0587482201136,27.4,24.6,351.1,1,6.3
2018-08-09 18:13:52.400,128.6,43.0687798644172,1.88436129553171,1.92442970881109,1.18413105674146,392.819177962525,401.171921901704,1.20932191429474,168.3,140.475258468405,20820.8791900217,0.9,171.2,43.7894433333333,-79.3755166666667,993.9,6.57491279382557,7.34300440454756,13.5,39.0589532251815,27.4,12.7,353.8,0.6,5.5
2018-08-09 18:13:53.400,129.7,43.0685831525078,1.88435701882054,1.92442937944551,1.18474880876481,392.818908924624,401.172489721234,1.2099560909055,169.5,140.47531190629,20822.9339438845,0.9,176.3,43.7894033333333,-79.375505,993.9,6.57484667368634,7.34296073168054,13.1,39.0591582216434,27.4,9.4,353.8,0.8,5.5
2018-08-09 18:13:54.400,129.8,43.0683864426126,1.88435274215316,1.92442905008331,1.18536655446274,392.818639889478,401.17305753495,1.21059026102267,173.9,140.475365343627,20824.988676708,0.9,182.5,43.7893716666667,-79.3755,993.9,6.57478055422414,7.34291705926071,12.4,39.0593632160062,27.5,13.5,0.4,1.4,4.5
2018-08-09 18:13:55.400,129.5,43.0681897686712,1.88434846626745,1.9244287207813,1.18598418725206,392.818370903505,401.173625244883,1.21122431522923,176.6,140.475418771196,20827.0430339771,0.9,179.1,43.7893416666667,-79.3754983333333,993.9,6.57471444684695,7.34287339482312,11.4,39.0595681729011,27.5,294.9,1.9,0.5,4.8
2018-08-09 18:13:56.400,129.5,43.067992978711,1.88434418785938,1.92442839128504,1.18660218438516,392.818101758856,401.174193289711,1.21185874346665,179.4,140.475472230284,20829.0986031189,0.9,182.8,43.7893133333333,-79.3754966666667,994,6.57464830047277,7.34282970462772,10.5,39.0597732507009,27.6,352.3,2,1.1,4.6
2018-08-09 18:13:57.400,130.7,43.0677963012447,1.88433991189704,1.92442806197714,1.18721982824395,392.817832768061,401.174761009819,1.212492809037,180.7,140.475525658811,20831.1529972071,0.9,188,43.7892783333333,-79.375495,994,6.57458219191077,7.34278603940755,10.1,39.0599782112691,27.6,64.9,356.2,0.1,5.1
2018-08-09 18:13:58.400,131.9,43.0675996269507,1.88433563600367,1.92442773267455,1.1878374621402,392.817563781606,401.17532872077,1.21312686437994,182.9,140.475579086477,20833.2073581581,0.9,193.3,43.7892516666667,-79.3754933333333,994,6.57451608441509,7.3427423748917,9,39.0601831685313,27.6,27.2,3.1,0.2,4.7
2018-08-09 18:23:32.400,133.9,42.9602649912605,1.88365563908879,1.92595904940054,1.45851664667972,392.092804527291,400.898514077517,1.49127556475853,339.6,140.457184213161,21964.780121368,0.9,114.5,43.7821516666667,-79.3755466666667,994.6,6.53432729339987,7.31923412853989,0,39.1780828228884,28.8,128.9,17.4,0.7,1.3
2018-08-09 18:23:33.400,134,42.9608748056062,1.88371509689472,1.92577556816682,1.20091238878656,391.732028078304,400.478765368961,1.22774087772504,341.2,140.456230864859,21840.5598239427,0.9,114.6,43.7821516666667,-79.3755466666667,994.6,6.53511358212169,7.31523897929536,0,39.1780394178259,28.8,131.5,15.6,0.7,1.3
2018-08-09 18:23:34.400,134,42.9563479440795,1.8830541603967,1.92498231615676,1.12111648952785,391.701604526559,400.423148451531,1.14607930400444,330.9,140.454944862833,21780.8847807559,0.9,114.6,43.7821516666667,-79.3755466666667,994.6,6.53970297016642,7.31437873176677,0,39.1774270249511,28.8,134.5,20.2,0.7,1.5
2018-08-09 18:23:35.400,134.1,42.9497434480287,1.88351185058153,1.92539933333715,1.19791840317809,391.654179311553,400.364101150007,1.22455773652898,346.8,140.482909197766,21755.0899983968,0.9,114.6,43.7821516666667,-79.375545,994.6,6.54041467810795,7.31623685054489,0,39.1770620689592,28.8,137.4,21.6,0.8,1.6
2018-08-09 18:23:36.400,134.1,42.9467073953156,1.88478326420046,1.92665943366566,1.33869685563456,391.571540288087,400.271509240202,1.36844022959961,246.5,140.468893796614,21735.1089557453,0.9,114.7,43.7821516666667,-79.375545,994.5,6.53561959986312,7.31804261163059,0,39.177145847326,28.8,135.2,23.2,0.8,1.7
2018-08-09 18:23:37.400,134.1,42.9442821353586,1.88548001757199,1.92738793995634,1.3795455860982,391.634970804235,400.339688171517,1.41020768681105,7,140.449558062734,21743.300377526,0.9,114.7,43.7821516666667,-79.375545,994.5,6.53651798603299,7.3142393372191,0.1,39.1764483533056,28.8,137.4,17.8,0.8,1.6
2018-08-09 18:23:38.400,134.2,42.9426675381733,1.88356728051941,1.92533354464034,1.21646513026407,392.102578743552,400.797132483897,1.2434437250879,3.9,140.470163969513,21693.1413888675,0.9,114.6,43.7821516666667,-79.375545,994.6,6.539891772333,7.3104803305361,0,39.1763426431339,28.8,133.6,20.8,0.7,1.5
2018-08-09 18:23:39.400,134.2,42.9487751450935,1.88227570758009,1.923996946757,1.23710594385809,392.032453253235,400.722015618437,1.2645288543572,287.9,140.472689981765,21684.7054368518,0.9,114.6,43.7821516666667,-79.375545,994.6,6.53948459015316,7.31482030060182,0,39.1760262995567,28.8,135.9,21.8,0.8,1.5
2018-08-09 18:23:40.400,134.3,42.9515856438614,1.88394265468389,1.92569959781242,1.25268076575415,392.073315775038,400.76349302645,1.28044645662766,345.6,140.475363664785,21683.9261668777,0.9,114.6,43.7821516666667,-79.3755433333333,994.5,6.53778513081593,7.31689643885977,0,39.1755870458098,28.8,135.8,25.4,0.8,1.4
2018-08-09 18:23:41.400,134.4,42.9513115626318,1.8843407498331,1.926296406127,1.15150036275839,392.765996981553,401.51119699384,1.17713442501546,313.8,140.441662492167,21780.5881492032,0.9,114.6,43.7821516666667,-79.3755433333333,994.5,6.53795640645466,7.32078725098195,0,39.1753409374398,28.8,143.5,32,0.7,1.5
2018-08-09 18:23:42.400,134.5,42.9470261436066,1.88270886858428,1.92477766989045,1.06922721463929,393.605250019625,402.400286752076,1.09311907669275,240.1,140.472829479319,21856.5466339531,0.9,114.6,43.7821516666667,-79.3755433333333,994.5,6.54047563406016,7.31958300179154,0,39.1751440457514,28.8,160.3,46.8,0.7,1.4
2018-08-09 18:23:43.400,134.7,42.9473782018001,1.88225973123721,1.92445111918823,1.18165347965063,394.544214707653,403.388020267892,1.20814698200647,316.7,140.454863290435,21923.7549409055,0.9,114.6,43.7821516666667,-79.3755433333333,994.6,6.54200841292111,7.32037231571302,0,39.1757560483927,28.8,168.9,58.2,0.7,1.3
2018-08-09 18:23:44.400,134.8,42.9462295342238,1.88311290288555,1.92558290235766,1.31809026851287,395.709416862607,404.633902425527,1.34781936087628,0.4,140.459633207644,22055.578324396,0.9,114.6,43.78215,-79.3755433333333,994.5,6.54061662360833,7.31605654376354,0,39.1749047656036,28.8,171.6,53.2,0.6,1.2
2018-08-09 18:23:45.400,134.8,42.9385589936577,1.88212450774713,1.92464617193861,1.34600450663007,396.910389774095,405.877640891312,1.37641492452586,350.9,140.460318662047,22093.4847790952,0.9,114.6,43.78215,-79.3755433333333,994.5,6.53621293727209,7.3166461706523,0,39.1737075000846,28.8,168.5,48.4,0.7,1.2
2018-08-09 18:23:46.400,134.8,42.9310146269722,1.88146824492266,1.92412372670839,1.26828204800613,397.801014040658,406.819858364283,1.29703213523391,208.2,140.48854906937,22169.0070453672,0.9,114.7,43.78215,-79.3755416666667,994.4,6.53688104416739,7.31994672373907,0,39.1739081101857,28.8,159.4,46,0.6,1.2
2018-08-09 18:23:47.400,134.9,42.9250000309431,1.88054497404565,1.92354936233462,1.18979624007748,399.738987199658,408.880328933421,1.21700126746846,204.9,140.469368082788,22356.5872365896,0.9,114.7,43.78215,-79.3755416666667,994.6,6.54038315558399,7.32126408171514,0,39.1738405508194,28.8,168.7,53.6,0.7,1.4
2018-08-09 18:23:48.400,135,42.9211899114959,1.8799794759679,1.92319529089098,1.2600897728756,402.47906611677,411.730965357015,1.28905675681847,9.2,140.465984948948,22470.6626175366,0.9,114.6,43.7821483333333,-79.3755416666667,994.5,6.53870555316943,7.31766594063325,0.1,39.1731117369399,28.8,169.6,51.9,0.7,1.4
2018-08-09 18:23:49.400,135,42.9165070842894,1.88026092640517,1.92378828836516,1.25603023067951,405.008938515931,414.384817692919,1.28510212196063,8.5,140.483820315205,22625.6866244465,0.9,114.6,43.7821483333333,-79.3755416666667,994.5,6.53626280740173,7.3159578447956,0.1,39.173341928675,28.8,169.3,47,0.8,1.3
2018-08-09 18:23:50.400,135,42.9160533040682,1.87767732583765,1.92140870028893,1.24520913123507,407.05298882811,416.533285306511,1.27421113567377,12,140.463383919451,22759.9783948808,0.9,114.6,43.7821483333333,-79.3755416666667,994.6,6.54000361037209,7.31740603529754,0.1,39.1729852422527,28.8,167.5,52.5,0.7,1.4
2018-08-09 18:23:51.400,135,42.9142565419921,1.87562132891768,1.91946841818829,1.24932351414235,409.081618024966,418.644929617169,1.2785295120983,13.8,140.47142129169,22843.3835214862,0.9,114.6,43.7821483333333,-79.3755416666667,994.5,6.54382266025261,7.32028879154439,0.3,39.1722797024313,28.8,170.5,50.6,0.7,1.2
2018-08-09 18:23:52.400,135,42.9155370406234,1.87551574094758,1.9196749449874,1.36715363912128,410.503745316171,420.169278742582,1.39935308750901,11.6,140.464187013601,23003.7666503807,0.9,114.6,43.7821483333333,-79.3755416666667,994.4,6.5430290721041,7.31964101610067,0.1,39.1725701857773,28.8,167.6,49.8,0.6,1.1
2018-08-09 18:23:53.400,135,42.9131493840222,1.87502493272645,1.91937811935531,1.3153519195466,411.475794399855,421.209096327926,1.34646374752246,11.1,140.495714773418,23108.0648410195,0.9,114.6,43.7821483333333,-79.3755416666667,994.4,6.53793542291688,7.31845841857931,0.1,39.171749505049,28.8,164.9,47.3,0.5,0.9
2018-08-09 18:23:54.400,135.1,42.9147464600463,1.87611668793599,1.92072135506209,1.18206712572389,412.771253923901,422.584906634099,1.21016608445967,10.2,140.45448694919,23222.8482373368,0.9,114.6,43.7821483333333,-79.3755416666667,994.6,6.539148846413,7.3142173034827,0.1,39.1717265996708,28.8,163,44.8,0.4,0.7
2018-08-09 18:23:55.400,135.1,42.9130208352503,1.87795918347304,1.92300456280757,1.23904741572335,413.199292041692,423.110341448085,1.26877484690849,5.8,140.483490141226,23424.185582994,0.9,114.6,43.7821483333333,-79.3755416666667,994.5,6.53526035517012,7.31900300356447,0.1,39.1712197330019,28.8,163.6,35.4,0.4,1
2018-08-09 18:23:56.400,135.1,42.9110398248568,1.87579901292253,1.920885226899,1.46489406078779,414.231347551065,424.187660589505,1.50010149766193,6.6,140.48123442734,23471.4921327675,0.9,114.6,43.7821483333333,-79.3755416666667,994.5,6.54069971611937,7.32278258956138,0,39.1709834825294,28.8,155,40,0.4,0.8
2018-08-09 18:23:57.400,135.2,42.9059207530404,1.87455870192703,1.91966819327595,1.23427234874004,414.526592636305,424.501863998887,1.2639673865782,11.4,140.484079364951,23498.6946402478,0.9,114.6,43.7821483333333,-79.3755433333333,994.5,6.54136586639303,7.32287510715685,0.1,39.170731422532,28.8,165.5,43,0.4,0.7
2018-08-09 18:23:58.400,135.2,42.9006552551806,1.87900836513748,1.92436931517933,1.26552557911348,414.722143210223,424.733937593351,1.2960809593752,0,140.471297110308,23571.8359711723,1,114.6,43.7821483333333,-79.3755433333333,994.5,6.53662313365592,7.32071726301628,0,39.1704185606255,28.8,160.6,39.8,0.4,0.6
2018-08-09 18:23:59.400,135.2,42.8989380124581,1.87943390366209,1.92501865162856,1.24402831410001,414.53153584415,424.585830204763,1.27419713370069,247.1,140.486881110334,23680.1731873703,1,114.6,43.7821466666667,-79.3755433333333,994.4,6.53322575265373,7.32319506259202,0,39.1706718699162,28.8,160.2,48.8,0.2,0.4
2018-08-09 18:24:00.400,135.3,42.8994554596003,1.87397370297802,1.91945307945335,1.38169820843104,414.831782005884,424.899282005884,1.41522805795256,227.5,140.501211206309,23693.8651567569,1,114.6,43.7821466666667,-79.375545,994.5,6.54022094857536,7.32572619015224,0,39.1699829312305,28.8,114.9,0.4,0.2,0.4
2018-08-09 18:24:01.400,135.3,42.9046951080986,1.87660897497102,1.92223379055961,1.29975945200672,415.798891946289,425.907884769792,1.33135478165269,222,140.447853657306,23735.0619384333,1,114.6,43.7821466666667,-79.375545,994.4,6.53762218400066,7.3244845994786,0,39.1704789499356,28.8,159.2,61.2,0.2,0.4
2018-08-09 18:24:02.400,135.3,42.9018400606303,1.87506667342278,1.92079672303767,1.35854604221993,416.838842982574,427.004947489336,1.39168147257421,202.2,140.477162340275,23807.8066958099,1,114.6,43.7821466666667,-79.375545,994.5,6.53930482600445,7.31615032349217,0.1,39.1701499532932,28.8,151.5,0.4,0.2,0.3
2018-08-09 18:24:03.400,135.3,42.900608028213,1.87555825179151,1.92123584151435,1.19103774132685,417.293888121131,427.456761491378,1.22005073073922,199.9,140.463937783321,23775.2813127654,1,114.6,43.782145,-79.375545,994.5,6.53840559314443,7.3169597001573,0.1,39.1702508896732,28.8,22.5,0.4,0.1,0.2
2018-08-09 18:24:04.400,135.4,42.8956381461848,1.87429683370233,1.92007620527612,1.20116901119461,418.198788075712,428.413406018273,1.23051189086033,201.9,140.499040074527,23842.8090079204,1,114.6,43.782145,-79.375545,994.5,6.5398216555708,7.31607781644267,0,39.1700719472076,28.8,115,309.4,0.2,0.5
2018-08-09 18:24:05.400,135.4,42.8946909663915,1.87661098615949,1.92248030399926,1.11611009237061,418.926489595643,429.166161017647,1.14339239199108,209.2,140.455118362416,23859.5386595393,1,114.6,43.782145,-79.3755466666667,994.5,6.53785049151961,7.31770085424248,0,39.1696266636019,28.8,61.2,310.6,0.3,0.5
2018-08-09 18:24:06.400,135.4,42.8951550000922,1.87387347206235,1.91978794078873,1.17496806378132,420.243942822819,430.540986526627,1.20376153020386,210.7,140.494578070687,23916.5371342294,1,114.7,43.7821433333333,-79.3755466666667,994.5,6.54045690309201,7.3182950004792,0,39.1690112503917,28.8,56.8,269.8,0.3,0.4
2018-08-09 18:24:07.400,135.4,42.8955843869153,1.87578586991069,1.92205903488053,1.2233751442101,422.031739782553,432.442695202152,1.25355455672466,214.9,140.479123945676,24074.5876914262,1,114.6,43.7821433333333,-79.3755466666667,994.4,6.53450584304236,7.31854041829168,0,39.1685540558202,28.8,24.4,269.8,0.2,0.3
2018-08-09 18:24:08.400,135.4,42.897380547858,1.87516179536961,1.92160416708199,1.2105223345303,423.835646302307,434.332911701272,1.240503341951,219.2,140.467052832049,24168.6901124738,1,114.6,43.7821433333333,-79.3755483333333,994.5,6.53658628610396,7.32059463947684,0,39.1685225472008,28.8,244.4,123.7,0.2,0.4
2018-08-09 18:24:09.400,135.4,42.8938617665007,1.87446176488967,1.92103209098565,1.26552927625168,425.336498030161,435.903950028062,1.29697170617258,217.1,140.471344420035,24242.5011953227,1,114.6,43.7821433333333,-79.3755483333333,994.6,6.5369800879467,7.31777657574207,0,39.1682194474956,28.8,205.5,90.8,0.3,0.5
2018-08-09 18:24:10.400,135.4,42.8967543669974,1.87643799643161,1.92326130854591,1.02831656965817,426.831963565436,437.482910321708,1.05396757814185,236.1,140.473378123032,24345.9039118536,1,114.6,43.7821416666667,-79.37555,994.4,6.53681649930731,7.31519415863898,0,39.1679131253411,28.8,168.9,42.8,0.2,0.3
2018-08-09 18:24:11.400,135.4,42.9017656610804,1.87308746065087,1.91991345462465,1.08941472545478,427.600130107073,438.289962311477,1.11665050659012,218.6,140.474240400144,24389.8779438282,1,114.6,43.7821416666667,-79.3755516666667,994.4,6.5403391991061,7.31412929781882,0,39.1675463999038,28.8,0,236.3,0,0.5
2018-08-09 18:24:12.400,135.5,42.9060387667595,1.87299151577415,1.92007768966137,1.1614540439249,427.586717273286,438.336086963408,1.19065375510783,241,140.436347018323,24523.0729216443,1,114.6,43.7821416666667,-79.3755516666667,994.6,6.54103256721146,7.31538709818258,0,39.1671378780283,28.8,24.3,325,0.2,0.5
2018-08-09 18:24:13.400,135.5,42.8980235308281,1.87036401097462,1.91745097933963,1.2700260741995,427.507292091252,438.269925813533,1.30199877682483,228.4,140.486254285025,24557.1454129263,1,114.6,43.78214,-79.3755533333333,994.5,6.54438711223759,7.31222684030993,0,39.166863155711,28.8,0,179.2,0,0.4
2018-08-09 18:24:14.400,135.5,42.8964124966363,1.870898296421,1.91822483955376,1.32914255273826,427.88885600531,438.712734613025,1.36276570726435,247.4,140.442103896995,24671.9742323824,1,114.6,43.78214,-79.3755533333333,994.4,6.53825687881741,7.312572296421,0,39.166560438055,28.8,293.9,179.2,0.2,0.3
2018-08-09 18:24:15.400,135.5,42.8944771206459,1.87090707708363,1.91822765291214,1.18680845177727,429.134643012266,439.988610879281,1.21682795535223,241.5,140.46828843534,24668.8702797209,1,114.6,43.78214,-79.3755533333333,994.6,6.53636912085742,7.31304701542096,0,39.1661147043435,28.8,293.8,179.2,0.1,0.3
2018-08-09 18:24:16.400,135.5,42.8902385048645,1.87085255462863,1.91823421844597,1.06733576682883,430.628225000168,441.534541392185,1.09436676352242,277.7,140.460284476494,24701.0440062767,1,114.7,43.78214,-79.375555,994.4,6.54293921430136,7.31281802005958,0,39.1657691666095,28.8,294,0.4,0.1,0
2018-08-09 18:24:17.400,135.5,42.8857507129772,1.87224150599933,1.9196995887326,1.07927541971381,432.352891062134,443.31233443356,1.10663376815314,271.6,140.496386601691,24721.7593477297,1,114.6,43.7821383333333,-79.375555,994.6,6.54276012621925,7.32117726555947,0,39.1651519878586,28.8,205.5,90.8,0.1,0.4
2018-08-09 18:24:18.400,135.5,42.8863478838016,1.86987419705251,1.91727939608298,1.01187988357546,433.216842912494,444.199715648757,1.03753323657245,293.9,140.462850023509,24725.1335109194,1,114.7,43.7821383333333,-79.3755566666667,994.4,6.54247053075601,7.31871230016705,0,39.1649666973362,28.8,294.1,179.2,0.1,0.3
2018-08-09 18:24:19.400,135.5,42.8839964989173,1.87083416218227,1.91839205553609,1.10969701878757,433.872436188037,444.90169390316,1.13790907793382,280,140.468924719804,24790.3984400119,1,114.6,43.7821383333333,-79.3755583333333,994.5,6.5376335712499,7.31862614736426,0,39.1652374959972,28.8,251,90.8,0.2,0.3
2018-08-09 18:24:20.400,135.5,42.8836795875093,1.87321963813996,1.92091574545769,1.29984266912377,433.588790095078,444.628727027026,1.33294070338576,270.7,140.487995327444,24829.7199650646,1,114.7,43.7821383333333,-79.37556,994.4,6.53641868096042,7.31818043439667,0,39.1649455913536,28.8,246.8,139.5,0.2,0.5
2018-08-09 18:24:21.400,135.4,42.8890266848854,1.87310241137745,1.92082927626931,1.23524638850347,432.878390579387,443.90802834972,1.26672028213266,235.1,140.451518635397,24846.8399141997,1,114.7,43.7821383333333,-79.3755616666667,994.5,6.53940494464068,7.3174902240244,0,39.1648531893512,28.8,205.5,90.8,0.2,0.4
2018-08-09 18:24:22.400,135.4,42.8866450447839,1.8725442205322,1.92024920351974,1.11208040831004,431.670977155331,442.668172515176,1.14041194492428,271.6,140.480554408364,24843.0972748592,1,114.6,43.7821366666667,-79.3755616666667,994.5,6.5356397237078,7.31534882087528,0,39.1638996349977,28.8,205.5,121.5,0.2,0.6
2018-08-09 18:24:23.400,135.3,42.8898613911282,1.87138817567682,1.91908319131606,1.05083179135548,430.283466493759,441.249857201345,1.07761312287791,273.7,140.438845499601,24853.0677704095,1,114.6,43.7821366666667,-79.3755633333333,994.5,6.53929035766257,7.31487918730635,0,39.1647576522916,28.8,205.5,90.8,0.4,0.7
2018-08-09 18:24:24.400,135.3,42.8910586593954,1.8715868912056,1.91924292019909,1.24981008297212,430.015291421613,440.964716544714,1.28163259031592,285.2,140.499780781492,24830.5977831306,1,114.7,43.7821366666667,-79.375565,994.4,6.5410411907132,7.31610253476998,0,39.1635211597395,28.8,205.6,90.8,0.3,0.6
2018-08-09 18:24:25.400,135.3,42.8922805059207,1.8710865917926,1.91878037400303,1.22120852522556,429.374316212093,440.318953515755,1.25233625598653,304.3,140.443758331296,24856.1837321339,1,114.7,43.7821366666667,-79.3755666666667,994.5,6.53494425607764,7.3154582571118,0,39.163937966653,28.8,239.4,127.6,0.2,0.5
2018-08-09 18:24:26.400,135.3,42.8901521522271,1.87196293665318,1.91948615211933,1.3488744321674,428.743383157011,439.627865343041,1.38311363621966,304.5,140.499351654008,24758.4944304868,1,114.7,43.7821383333333,-79.3755666666667,994.5,6.53633932260455,7.31434061794369,0,39.1638987828298,28.8,205.5,90.8,0.3,0.5
2018-08-09 18:24:27.400,135.3,42.8887766920177,1.87162859420953,1.91910315812023,1.32187051307397,428.274763288895,439.137973065632,1.35539982947764,322.8,140.479834600885,24737.6984187977,1,114.7,43.7821383333333,-79.3755683333333,994.5,6.53751424043216,7.31637793899429,0,39.1625407523706,28.8,232.3,90.8,0.3,0.4
2018-08-09 18:24:28.400,135.3,42.8853983120222,1.87110870889818,1.91866075999813,1.23342984604086,427.492358676318,438.356547995705,1.26477572414495,318.8,140.478645822036,24783.8797384949,1,114.7,43.7821383333333,-79.37557,994.4,6.53751924146536,7.3147245335992,0,39.1631638701627,28.8,205.5,90.8,0.2,0.4
2018-08-09 18:24:29.400,135.3,42.8806742741223,1.86960147059764,1.91720980293139,1.24435802326909,427.197957707786,438.07621718597,1.27604546328579,325.7,140.470526034734,24831.8439954144,1,114.7,43.7821383333333,-79.37557,994.4,6.54218747693205,7.31605232694563,0,39.1626320665822,28.8,205.5,90.8,0.1,0.3
2018-08-09 18:24:30.400,135.4,42.8762056217206,1.87393095555241,1.921419691549,1.06480968001371,426.153852554523,436.953470536758,1.09179924507824,318.2,140.481291678267,24715.6246107092,1,114.7,43.7821383333333,-79.37557,994.5,6.53816925243737,7.31166024568999,0,39.1625113194816,28.8,205.5,90.8,0.2,0.3
2018-08-09 18:24:31.400,135.4,42.8741893713751,1.87321920662626,1.92077976610067,1.05863206006054,426.644424476661,437.476866798568,1.08551094225655,354.1,140.504540125759,24761.0994539541,1,114.6,43.78214,-79.3755716666667,994.5,6.53493129871456,7.31014712270304,0,39.1614764290945,28.8,205.5,90.8,0.1,0.4
2018-08-09 18:24:32.400,135.4,42.8820375691119,1.87244598821396,1.92012470968028,1.37335988702087,425.807257041523,436.649560152711,1.40833338801601,321.1,140.431202530563,24830.8279322195,1,114.7,43.78214,-79.3755716666667,994.4,6.53740053436118,7.31513511032056,0,39.1619225184157,28.8,205.6,90.8,0.2,0.3
2018-08-09 18:24:33.400,135.4,42.8819788711983,1.87132762184443,1.91899045346836,1.29481063589891,425.350526042504,436.184230679752,1.32778929354106,328.8,140.492483502296,24837.4171761075,1,114.7,43.7821416666667,-79.3755733333333,994.5,6.54070532908006,7.31568816611005,0,39.1606889662093,28.8,0,55.4,0,0.5
2018-08-09 18:24:34.400,135.4,42.8813697626895,1.87493573538295,1.92287282189741,1.10880663599926,425.824041397511,436.711084894446,1.13715238514518,335.3,140.461073144762,24929.5742632017,1,114.7,43.7821416666667,-79.3755733333333,994.4,6.52940681878073,7.31666384620766,0,39.1611603154152,28.8,244.8,179.2,0.2,0.4
2018-08-09 18:24:35.400,135.4,42.8765219605877,1.87091535261038,1.918711954221,1.0064334993653,425.045506213214,435.904141913832,1.03214557491632,279.9,140.506719278064,24910.5505051653,1,114.6,43.7821416666667,-79.3755733333333,994.4,6.53648297129275,7.31755551228798,0,39.1601899204169,28.8,331.6,210.6,0.4,0.7
2018-08-09 18:24:36.400,135.3,42.873022704573,1.87045824783489,1.91822627769325,1.1231864330214,425.416793845413,436.280984266296,1.15187071866612,303.2,140.449913135572,24901.8244960744,1,114.7,43.7821416666667,-79.3755733333333,994.5,6.53740057474706,7.31130082563327,0,39.160412090085,28.8,293.9,159.8,0.5,1.1
2018-08-09 18:24:37.400,135.3,42.8673708618642,1.87190097433097,1.91983612597819,1.2091488381685,424.910770026905,435.791814031936,1.24011369557835,285.2,140.505238954199,24968.6291227636,1,114.7,43.7821416666667,-79.3755733333333,994.4,6.53701263922757,7.31686524427922,0,39.1600245589366,28.8,258,145.9,0.7,1.7
2018-08-09 18:24:38.400,135.3,42.8675343759028,1.8766876286058,1.92473183179304,1.29399265166856,425.223469086232,436.109417525442,1.32711899688085,292.2,140.472898402003,24961.5663907037,1,114.7,43.7821416666667,-79.3755733333333,994.5,6.53274776227021,7.315968060812,0,39.1600431250821,28.8,281,161,1,2.4
2018-08-09 18:24:39.400,135.3,42.8691153399079,1.87469009694804,1.92253998989252,1.37520288209345,423.707353453038,434.52195579865,1.41030253483842,308.2,140.451558843694,24888.515247377,1,114.7,43.7821416666667,-79.3755733333333,994.4,6.53138841235865,7.31641257018676,0,39.1593316150166,28.8,275.1,161.4,1.3,2.7
2018-08-09 18:24:40.400,135.3,42.8666158245764,1.87474274194335,1.92266608562016,1.25468896837124,423.181268327057,433.998814364806,1.28676096642996,279.2,140.478378692025,24925.3669885763,1,114.7,43.7821416666667,-79.3755733333333,994.5,6.5348542856489,7.31869233605536,0,39.1591250321264,28.8,268.5,153,1.4,2.5
2018-08-09 18:24:41.400,135.3,42.871168295796,1.87297739353814,1.92066279752308,1.32976523982779,423.753357413861,434.541903990569,1.36361913099296,302.3,140.458201836614,24827.4180518961,1,114.7,43.78214,-79.3755716666667,994.5,6.53530631371283,7.31912099467831,0,39.1590400772277,28.8,272.7,166.7,1.2,2.3
2018-08-09 18:24:42.400,135.3,42.8661285485539,1.87477984513538,1.92247994989973,1.25148870940044,422.493627166979,433.243166487356,1.2833306153417,304.2,140.507017419781,24811.8722614788,1,114.7,43.78214,-79.3755716666667,994.4,6.5345894627586,7.31595477950838,0,39.1584236722873,28.8,281.4,162.5,1.6,3.1
2018-08-09 18:24:43.400,135.2,42.8667167165514,1.87665488990871,1.92449365938646,1.10680728832601,421.074481386653,431.808362162558,1.1350208305589,299.5,140.435481848582,24858.0141113536,1,114.7,43.78214,-79.3755716666667,994.6,6.52971002762121,7.31564002806852,0,39.1589082323846,28.8,276.5,167.3,1.4,2.8
2018-08-09 18:24:44.400,135.2,42.859383740105,1.87703700024882,1.92467324996083,1.21356516186835,418.308734056784,428.924958903578,1.24436129080217,308.3,140.504000103212,24750.5861010217,1,114.7,43.78214,-79.3755716666667,994.4,6.53581963382259,7.3144116233539,0,39.1576237482145,28.8,297.8,184.2,2,4.3
2018-08-09 18:24:45.400,135.2,42.8598842850679,1.87580819099182,1.92345028621469,1.01963457255388,415.910334164698,426.473834179521,1.04553051759831,317.8,140.432595272013,24769.4342713375,1,114.7,43.78214,-79.3755716666667,994.5,6.53584328609767,7.31394347630936,0,39.1579095236126,28.8,300.4,184,2.5,4.4
2018-08-09 18:24:46.400,135.2,42.8502166977422,1.87688862289595,1.92418388667716,1.12613748830909,412.433359316019,422.826210380934,1.15451222094617,311.2,140.478821485422,24579.4900435585,1,114.7,43.78214,-79.37557,994.5,6.53533082312149,7.31951390395885,0,39.1574162229166,28.8,299,183.3,2,4
2018-08-09 18:24:47.400,135.2,42.8433028433211,1.87725858253507,1.92429745825351,1.27748704176577,410.627136583833,420.916317421441,1.30949602321406,323.3,140.46837566991,24444.6339704776,1,114.7,43.78214,-79.37557,994.4,6.53486315107797,7.31682465264245,0,39.1566262523948,28.8,296.4,179.2,2.2,4.4
2018-08-09 18:24:48.400,135.2,42.8421916629985,1.87696597038631,1.9237980387294,1.20797728579093,408.843397690721,419.044498017573,1.23811866950426,296.9,140.485999232967,24343.7423148956,1,114.7,43.78214,-79.37557,994.5,6.5392677903225,7.31151522099411,0,39.1564231505814,28.8,290.7,171.5,2.2,3.9
2018-08-09 18:24:49.400,135.2,42.8463075508037,1.87938460705971,1.92614868363724,1.20944376406787,406.421738790625,416.534639934981,1.2395378679182,287.5,140.477128128338,24278.6023400866,1,114.7,43.78214,-79.37557,994.3,6.53755553165696,7.31167133807511,0,39.1559207657752,28.8,289.9,182.2,1.9,3.9
2018-08-09 18:24:50.400,135.2,42.847752037926,1.88086540595946,1.92728215313356,1.08523346572238,404.540586263312,414.524017722532,1.11201686094573,310.6,140.422177983025,24083.9629233468,1,114.8,43.78214,-79.37557,994.5,6.53580826297304,7.31635773301167,0,39.1559436027583,28.8,299.4,181.7,2,3.9
2018-08-09 18:24:51.400,135.2,42.8406805072226,1.87822057973771,1.92435745062296,1.00376128571991,401.96879129813,411.842817796609,1.0284185586298,300.1,140.496254420551,23975.1019166812,1,114.8,43.78214,-79.37557,994.4,6.53614544522262,7.31508150365432,0,39.1555149928439,28.8,294,182.9,2,3.7
2018-08-09 18:24:52.400,135.2,42.8420418849211,1.87710538670442,1.92295088545122,1.31507446482867,400.207192870716,409.981662761568,1.34719032124318,159.5,140.426962134485,23841.2245694678,1,114.8,43.78214,-79.37557,994.5,6.53989350183705,7.31216909644708,0,39.1554239060324,28.8,289,172.3,1.7,3.4
2018-08-09 18:24:53.400,135.2,42.8353995355089,1.88053142492868,1.92638065748441,1.262987528844,398.059293208407,407.764453014731,1.29378033965591,182.7,140.48082856589,23800.8129927718,1,114.8,43.78214,-79.37557,994.4,6.53462227625942,7.31606206938932,0,39.1548203987261,28.8,278.6,154.4,1.5,2.8
2018-08-09 18:24:54.400,135.2,42.8369957863519,1.88244758229575,1.92826539471339,1.25487953997714,397.053132215728,406.717257124214,1.28542246156158,196.4,140.445259276623,23761.1044376999,1,114.8,43.78214,-79.37557,994.3,6.53477515756323,7.31659720376331,0,39.1550657819592,28.8,274.4,158.5,1.3,2.7
2018-08-09 18:24:55.400,135.2,42.8367414798163,1.88066165917357,1.92625192414392,1.18746251014142,395.161998287784,404.741388999476,1.21624905232627,194.1,140.512082083411,23667.8445800674,1,114.7,43.78214,-79.37557,994.4,6.53613888989857,7.31844925731773,0,39.1542710503157,28.8,279,179.2,1.3,2.5
2018-08-09 18:24:56.400,135.1,42.8365103641603,1.88370096158321,1.92928091447339,1.35118524599719,394.893090692365,404.448284709562,1.38387971452299,240.1,140.446706039968,23625.2048638882,1,114.7,43.78214,-79.37557,994.4,6.53676244075545,7.31326008262105,0,39.1538011994189,28.8,303.8,191.2,1.3,2.5
2018-08-09 18:24:57.400,135.1,42.8351371313879,1.88434968247626,1.92978481812029,1.2832930953995,393.874919477593,403.371936179185,1.31423609797875,218.3,140.474655508627,23543.9686429085,1,114.7,43.78214,-79.37557,994.4,6.53105165600471,7.31733254096439,0,39.1535417362566,28.8,308.6,193.4,1.5,3.2
2018-08-09 18:24:58.400,135.1,42.8314573296436,1.88082042873645,1.92626272690409,1.21790736536993,393.53752086713,403.04592371365,1.24733312750675,263,140.487352570757,23591.2188438075,1,114.7,43.78214,-79.37557,994.4,6.53909815925453,7.31441946734323,0,39.1535204678882,28.8,307,185.6,1.6,3
2018-08-09 18:24:59.400,135.1,42.8329289315469,1.88170398498099,1.92668185284521,1.29263817726523,392.988593357806,402.382172835557,1.32353445089522,241.2,140.445961856609,23344.9319643347,1,114.7,43.78214,-79.37557,994.4,6.53665139369094,7.32057387802181,0,39.153605782566,28.8,299.4,189,1.5,2.8
2018-08-09 18:25:00.400,135.1,42.8255436455054,1.88081032525343,1.92589103428318,1.17643078042944,392.714405602686,402.127352174524,1.20462765836347,268.3,140.485231605238,23407.7540048109,1,114.7,43.78214,-79.3755683333333,994.4,6.53683860535027,7.31989546990238,0,39.1520291137167,28.8,309.8,199.5,1.5,3.3
2018-08-09 18:25:01.400,135.1,42.8267004192206,1.88535232042227,1.93041801078755,1.1438363562113,392.862209708283,402.252872248118,1.17117757758899,294.4,140.419690340761,23345.03362588,1,114.7,43.78214,-79.3755683333333,994.3,6.53128737362026,7.31362552390211,0,39.1520565481736,28.8,323.4,206.6,1.4,2.4
2018-08-09 18:25:02.400,135.1,42.820804762564,1.88486513520138,1.92972933579128,1.33730650360288,391.746565253572,401.071107014209,1.36913756877578,299.9,140.517309118546,23249.0161188905,1,114.8,43.78214,-79.3755683333333,994.5,6.53793319563228,7.31644977150305,0,39.1519025102666,28.8,313.7,197.2,1.1,2.1
2018-08-09 18:25:03.400,135,42.8253410009839,1.88251140347698,1.92743634616839,1.28642183602066,391.655262787745,401.001917792665,1.31712155082778,301.8,140.418529351061,23308.2268036926,1,114.8,43.78214,-79.3755683333333,994.3,6.53343521973256,7.31541484956067,0,39.1517062342684,28.8,312,189.8,1.3,2.4
2018-08-09 18:25:04.400,135,42.817094790124,1.88166930967252,1.92647328490881,1.13204965195482,390.955595639258,400.264415073357,1.15900416187359,299.1,140.516278726058,23256.8364624528,1,114.8,43.78214,-79.3755666666667,994.4,6.53939887026141,7.31625790471388,0,39.1515523702835,28.8,286.8,170.7,1.1,2
2018-08-09 18:25:05.400,135,42.8215964094334,1.8829711415273,1.92747192257048,1.38919363136572,390.507041887205,399.735901207729,1.42202343231563,323.1,140.462085899177,23087.2580091535,1,114.8,43.78214,-79.3755666666667,994.5,6.5320964636687,7.31795528240576,0,39.1509987496215,28.8,300.4,204.2,0.9,1.6
2018-08-09 18:25:06.400,135,42.83093,1.883872,1.928,1.296922,392.2876,401.4766,1.327301,302.9,140.4914,22888.08,1,114.8,43.78214,-79.3755666666667,994.4,6.531403,7.312726,0,39.15085,28.8,341,238.2,0.7,1.6
2018-08-09 18:25:07.400,135,42.83439,1.882108,1.925905,1.147262,391.2391,400.3433,1.173959,234.9,140.4596,22740.86,1,114.8,43.78214,-79.3755666666667,994.4,6.538048,7.315244,0,39.14947,28.8,359,242.6,0.9,1.7
2018-08-09 18:25:08.400,135.1,42.8356,1.881985,1.925431,1.255305,391.7518,400.7956,1.284284,234.2,140.4652,22564.48,1,114.8,43.78214,-79.375565,994.4,6.543274,7.319907,0,39.14965,28.8,359.5,244.7,0.8,1.7
2018-08-09 18:25:09.400,135.1,42.8362904176454,1.88745849938576,1.93060211033039,1.23536761169471,392.662853312889,401.638355162866,1.26360555093435,244,140.501522471382,22347.1880706841,1,114.8,43.78214,-79.375565,994.4,6.53658170128711,7.32032608540531,0,39.1492868328339,28.8,0.4,244.1,0.9,1.4
2018-08-09 18:25:10.400,135.1,42.84448,1.883157,1.926025,1.309253,393.1874,402.1379,1.339057,252.9,140.4213,22257.27,1,114.8,43.78214,-79.375565,994.4,6.538384,7.315873,0,39.14846,28.8,10.1,269.8,0.7,1.3
2018-08-09 18:25:11.400,135.1,42.8400606625755,1.8866074015826,1.92911048618095,1.47210666840234,393.973480867905,402.849212043793,1.50527243439001,276.7,140.50069693282,22032.3442434141,1,114.8,43.78214,-79.375565,994.3,6.5370144475615,7.30741196328375,0,39.1487563115397,28.8,24.5,302.5,0.5,0.9
2018-08-09 18:25:12.400,135.2,42.8441040580316,1.8893589836338,1.93170176364018,1.21729002395273,393.112611352846,401.922898678417,1.24457044233203,275.6,140.457903280587,21920.2548654982,1,114.8,43.78214,-79.375565,994.3,6.53400732857548,7.3173873870745,0,39.1483181229542,28.8,53.2,269.8,0.5,0.5
2018-08-09 18:25:13.400,135.2,42.8425324735964,1.88333298885176,1.92521820521809,1.42322084843364,393.257319490435,402.003269090142,1.45487298302037,265.5,140.513623282133,21755.8407176562,1,114.8,43.78214,-79.375565,994.3,6.53995668215253,7.31609461471563,0,39.14757158161,28.8,348.6,232.9,0.5,1.2
2018-08-09 18:25:14.400,135.2,42.8463046266945,1.88096497364932,1.92266415785782,1.24598401280956,392.800431340446,401.508392621708,1.27360710135253,272,140.442763593664,21688.1905915466,1,114.8,43.78214,-79.375565,994.4,6.54409372623599,7.31662005342781,0,39.147652849914,28.8,347.9,225.3,0.5,0.9
2018-08-09 18:25:15.400,135.3,42.8428430580316,1.88657792304055,1.92787698836531,1.19130663881297,392.526559919072,401.119282854309,1.21738520005341,278.7,140.514620543821,21421.8006320129,1,114.8,43.78214,-79.375565,994.4,6.53618288338661,7.32181131161764,0,39.1471009704075,28.8,305.7,191.3,0.8,2.2
2018-08-09 18:25:16.400,135.3,42.8467342865491,1.88352944560947,1.92475250772419,1.40257459679714,393.698888992688,402.315437547022,1.43327435145767,264.9,140.4655952165,21417.3268636498,1,114.8,43.78214,-79.375565,994.4,6.54222935073793,7.31363895032131,0,39.1465129815393,28.8,300.2,194.7,1.3,2.5
2018-08-09 18:25:17.400,135.4,42.8492675800254,1.88554303027599,1.92642217067021,1.13106148508036,393.392428063268,401.921430444351,1.1555835614543,273.8,140.450825061768,21220.5256609745,1,114.7,43.78214,-79.375565,994.5,6.53668149865941,7.32032282212804,0,39.1463785529567,28.8,312.8,196.4,1,1.9
2018-08-09 18:25:18.400,135.4,42.8453399831855,1.88555728692121,1.92645860279919,1.27377118289132,394.31220317753,402.865455052276,1.30140147640739,272.2,140.481478239027,21231.115674888,1,114.8,43.78214,-79.375565,994.4,6.53561779531813,7.31700036372343,0,39.1464934044503,28.9,302.8,185.5,1.1,2.1
2018-08-09 18:25:19.400,135.4,42.846866880026,1.88342557270364,1.92432205221926,1.15057854814805,395.421727095948,404.007655806165,1.17556152172541,250.5,140.455497056806,21251.9673539884,1,114.8,43.78214,-79.375565,994.4,6.5361016968243,7.31558025498971,0,39.1456066464266,28.9,298.8,186.4,1.2,2.4
2018-08-09 18:25:20.400,135.5,42.8381017934747,1.88505745474209,1.92606208661361,0.973943840668896,394.918414321491,403.50887079013,0.9951290818678,254.8,140.509921267309,21289.3634038922,1,114.8,43.78214,-79.375565,994.4,6.53686608723002,7.32045513057809,0,39.1449412437532,28.9,284.1,160,1.4,2.5
2018-08-09 18:25:21.400,135.5,42.8356577067071,1.88546932825752,1.92646959925233,1.41362898374383,395.140610158481,403.733067544891,1.44436512702607,268.4,140.43278439323,21282.6742542389,1,114.8,43.78214,-79.375565,994.5,6.53346287580679,7.31441230407433,0,39.144936127498,28.9,264.5,147.2,1.1,2
2018-08-09 18:25:22.400,135.5,42.8235840904155,1.8866672000425,1.9279286550307,0.956018463859025,394.918725607647,403.555707046504,0.976931638913257,235.9,140.509082399434,21402.0564904144,1,114.8,43.78214,-79.375565,994.3,6.53406275209633,7.31163478000705,0,39.1445327602691,28.9,261.1,153.5,1,1.8
2018-08-09 18:25:23.400,135.5,42.8236045425304,1.88470467254108,1.92624376547566,1.39138147816096,395.229728987361,403.94072549419,1.42204791013355,245.6,140.432004930513,21565.0453100506,1,114.8,43.7821383333333,-79.3755633333333,994.4,6.53279026606549,7.31657170286931,0,39.1437775138373,28.9,303.4,186.8,1,1.9
2018-08-09 18:25:24.400,135.6,42.817250271751,1.88301513363107,1.92459545104225,1.34195117588327,395.249883091827,403.977651686802,1.37158426973576,256.2,140.479513601363,21604.6516149688,1,114.8,43.7821383333333,-79.3755633333333,994.4,6.53913498276955,7.31622580080805,0,39.1432581285897,28.9,309.1,198.8,0.7,1.1
2018-08-09 18:25:25.400,135.6,42.8151896855237,1.88353137559141,1.92529100034353,1.3006391057246,395.890068553936,404.667240369745,1.32947819816246,260.9,140.47044686851,21689.8233049637,1,114.8,43.7821383333333,-79.3755633333333,994.4,6.53949434533052,7.31835893958752,0,39.1430553128367,28.9,312,203.8,0.5,0.9
2018-08-09 18:25:26.400,135.6,42.8183648002198,1.8823997375242,1.92464001268501,1.39521836027379,396.256180799121,405.147765627319,1.42652668841038,252.2,140.481752528634,21946.6887393928,1,114.8,43.7821383333333,-79.3755633333333,994.4,6.53697580872064,7.3143655813347,0,39.1424468181057,28.9,317.9,201.9,0.4,0.8
2018-08-09 18:25:27.400,135.6,42.8137457958034,1.88230507382803,1.92474975212399,1.36857616081048,396.193100042604,405.126901367856,1.39943630322284,270.5,140.469456971051,22052.0246963835,1,114.8,43.7821383333333,-79.3755633333333,994.4,6.54033065965194,7.3139726424429,0,39.1426355943198,28.9,339.4,179.2,0.3,0.2
2018-08-09 18:25:28.400,135.6,42.8144739943114,1.88442604766871,1.92694216805381,1.05914317148066,395.425366477951,404.347029624037,1.08304028153383,277.9,140.429213178704,22064.4081741329,1,114.9,43.7821383333333,-79.3755633333333,994.3,6.53394160033409,7.32033090252259,0,39.1427963571372,28.9,115.3,42.7,0.2,0.4
2018-08-09 18:25:29.400,135.6,42.8049451226437,1.88345219810023,1.92592044580786,1.19920444813546,395.54844774663,404.467248608588,1.22624352548155,291.8,140.497543875809,22050.694907058,1,114.8,43.7821383333333,-79.3755633333333,994.4,6.53620599632005,7.31479568114562,0,39.141955780111,28.9,115.2,269.8,0.1,0.5
2018-08-09 18:25:30.400,135.5,42.8098248927163,1.87969344651813,1.92187184150807,1.24147334028634,395.002393689735,403.865918750499,1.26933163068772,253.5,140.428537110262,21946.7053598788,1,114.8,43.7821383333333,-79.3755633333333,994.4,6.53946670927863,7.32397618740039,0,39.141526521509,28.9,52.4,336.5,0.4,0.6
2018-08-09 18:25:31.400,135.5,42.8066250304867,1.88202057317045,1.9241360040649,1.10433625680779,394.66189928765,403.49352296652,1.12904849257339,284.7,140.479868292728,21887.9325102348,1,114.8,43.7821383333333,-79.3755616666667,994.4,6.53556343190533,7.32221601118381,0,39.1406954369918,28.9,145.3,49.2,0.5,1.2
2018-08-09 18:25:32.400,135.5,42.8069949807644,1.88234037188674,1.92435790160819,1.26255485704463,395.185583423989,404.00694861447,1.29074026270282,267.6,140.459953576694,21834.765017797,1,114.8,43.7821383333333,-79.3755616666667,994.4,6.5387493574382,7.31882519144694,0,39.1407039034162,28.9,183.8,69.4,0.7,1.4
2018-08-09 18:25:33.400,135.5,42.8043445237889,1.88372151498933,1.92557519132467,1.12597517330934,394.905524078837,403.679883159431,1.150992928571,251.2,140.500655603707,21735.7399442899,1,114.8,43.7821383333333,-79.3755616666667,994.4,6.54028146241591,7.31429259048172,0,39.1403789452895,28.9,191.3,90.8,0.6,1.3
2018-08-09 18:25:34.400,135.5,42.7980450128401,1.88398575497937,1.92574863057069,1.15494788631544,394.860586143652,403.613623714457,1.18055314236994,265.1,140.453974968361,21686.6864941918,1,114.8,43.7821383333333,-79.3755616666667,994.4,6.54193961570323,7.31363400017202,0,39.1399912517048,28.9,183,65.2,0.8,1.6
2018-08-09 18:25:35.400,135.5,42.7903967517832,1.88116159220361,1.92257627193976,1.03043886133357,395.885830919707,404.601596294526,1.05312386107925,223.8,140.474696512289,21541.5689882181,1,114.8,43.7821383333333,-79.37556,994.4,6.54654457354713,7.31359667152649,0,39.1390378071566,28.9,181.7,69,0.6,1.2
2018-08-09 18:25:36.400,135.5,42.788377570492,1.88144191819341,1.92277793240739,1.20720912048513,397.885988838853,406.627548777079,1.23373141720314,275.3,140.484834901461,21497.7396438634,1,114.8,43.7821383333333,-79.37556,994.4,6.54200631093199,7.31376077960464,0,39.1391783074547,28.9,186.8,70.8,0.5,1
2018-08-09 18:25:37.400,135.5,42.7889556924615,1.88254511970846,1.92389154500567,1.28021556787617,399.452486915029,408.225557728968,1.30833388156338,6.3,140.441928416309,21490.8538025998,1,114.8,43.7821383333333,-79.37556,994.3,6.54306157901154,7.31238260290601,0.1,39.1390976695968,28.9,190.4,68.7,0.5,1.1
2018-08-09 18:25:38.400,135.5,42.7825683512186,1.88227614788333,1.92369908255844,1.32470684935294,399.030578248339,407.8120285655,1.3538640382682,359.8,140.483540573276,21533.0201518161,1,114.8,43.7821383333333,-79.37556,994.3,6.54110742570023,7.31438315157219,0,39.1379228479674,28.9,184.4,72.9,0.6,1.2
2018-08-09 18:25:39.400,135.5,42.782433124636,1.88368918755803,1.92495796880189,1.0933948982424,398.874896886512,407.613712510191,1.11734871124676,335.1,140.447165633496,21438.9709337469,1,114.8,43.7821383333333,-79.37556,994.3,6.53730500030948,7.32018509353442,0,39.137861874948,28.9,179.1,67.6,0.6,1
2018-08-09 18:25:40.400,135.5,42.7803702635705,1.88432046921654,1.92556798299638,1.29248032787074,398.811901917582,407.541855313272,1.32077392252568,341,140.503062866218,21421.1817023475,1,114.8,43.7821383333333,-79.3755583333333,994.4,6.53979508989479,7.31766992978165,0,39.1373924770336,28.9,185.5,90.8,0.4,0.9
2018-08-09 18:25:41.400,135.5,42.7847342019691,1.8856635796022,1.92710462928239,1.37321623897608,397.91043858544,406.655264035023,1.40339701206645,344,140.447782373331,21504.2955502174,1,114.8,43.78214,-79.3755583333333,994.4,6.5391824806436,7.31356906100767,0,39.1370169277653,28.9,183.3,78.1,0.5,1
2018-08-09 18:25:42.400,135.5,42.7835271577493,1.88775245047144,1.929432145317,1.47131241012316,397.310222436038,406.082369121551,1.50379430674523,313,140.509960107297,21602.0176029999,1,114.8,43.78214,-79.3755583333333,994.4,6.53706558051303,7.31354177856305,0,39.13635346194,28.9,187.9,63.4,0.5,0.8
2018-08-09 18:25:43.400,135.6,42.7876050089529,1.88576854395485,1.92757456204578,1.30559981704182,395.876054310653,404.652326750096,1.33454889647113,341.7,140.476937454061,21688.3833967398,1,114.8,43.78214,-79.3755583333333,994.4,6.53892127937463,7.31422135644968,0,39.1360034410628,28.9,205.7,90.8,0.2,0.6
2018-08-09 18:25:44.400,135.6,42.7919746968563,1.88359650989621,1.92515746389074,1.1459721570482,395.389291858579,404.113487258032,1.17126225860849,352.5,140.464885137323,21588.4122264093,1,114.8,43.78214,-79.3755583333333,994.4,6.53913281089058,7.31490405947249,0,39.1359229885871,28.9,222.1,110,0.4,1
2018-08-09 18:25:45.400,135.6,42.7880341336258,1.88334846681518,1.92508835501139,1.39869737482672,394.47441202598,403.217089086144,1.42969600912025,279.5,140.47270944314,21682.2160535666,1,114.8,43.78214,-79.3755566666667,994.4,6.53507774297174,7.31692374787602,0,39.1354125612466,28.9,231.5,131.1,0.7,1.7
2018-08-09 18:25:46.400,135.6,42.7857230255404,1.88310608137976,1.92487575871442,1.31259860669211,394.081010111296,402.822300411646,1.34171484924045,316.1,140.464137494471,21700.1158187918,1,114.8,43.78214,-79.3755566666667,994.5,6.53306184276946,7.31346666330885,0,39.1350370468003,28.9,240,123.3,1,2.6
2018-08-09 18:25:47.400,135.6,42.7831971965944,1.88242319684261,1.92404594683485,1.28122965855117,393.291984923578,401.988250833304,1.3095598932167,327.1,140.496215916448,21633.1889369039,1,114.8,43.78214,-79.3755566666667,994.4,6.53979168989548,7.31200407498392,0,39.1344660605622,28.9,255.3,143.1,1.6,3.5
2018-08-09 18:25:48.400,135.6,42.7853166049466,1.88394666841465,1.92566646265326,1.31808284014034,392.523476126504,401.215884197478,1.34727047533042,308.1,140.439413374394,21665.1344783658,1,114.8,43.78214,-79.3755566666667,994.5,6.53602484222579,7.31944161430309,0,39.1347289655359,28.9,260.7,146.5,2.2,4.5
2018-08-09 18:25:49.400,135.6,42.7770919169142,1.88389773210282,1.92567787240939,1.14343287475924,392.313660938975,401.014182895082,1.16879193546292,311.5,140.503349338099,21696.4209545337,1,114.8,43.78214,-79.3755566666667,994.5,6.54132509745691,7.31829659423399,0,39.134036690472,28.9,262.8,145.8,2.2,3.8
2018-08-09 18:25:50.400,135.7,42.7685168683402,1.88147548821678,1.92330738343088,1.11887276842807,391.404926600189,400.107268458262,1.1437469533196,317.1,140.471906503604,21750.1141325107,1,114.8,43.78214,-79.375555,994.4,6.54042862613395,7.32171252889431,0,39.1339825504734,28.9,252.3,134.4,1.5,3.2
2018-08-09 18:25:51.400,135.7,42.762048281273,1.88486195240031,1.9268923273655,1.05331932837991,391.815185937986,400.552118746621,1.07680481289319,349.5,140.48633124273,21812.266553044,1,114.6,43.78214,-79.375555,994.6,6.53803562501843,7.31838424925048,0,39.1332478123208,28.9,237.5,122,2.1,4.2
2018-08-09 18:25:52.400,135.7,42.7611509332475,1.882726094277,1.92461068786285,1.23994639459673,391.863009578218,400.580625171252,1.26753485811797,305,140.469912527262,21762.4970982742,1,114.8,43.78214,-79.375555,994.4,6.53741355951845,7.31517927742466,0,39.1326987500384,28.8,230.1,117.2,1.9,3.2
2018-08-09 18:25:53.400,135.7,42.7571674137275,1.88303478450173,1.92476182402442,1.05716443360531,392.063514492621,400.751417143104,1.08059017717699,298.5,140.488857073329,21678.9883106123,1,114.8,43.78214,-79.375555,994.4,6.53653286389868,7.31191624701676,0,39.1326267220805,28.8,233.2,114,1.4,2.8
2018-08-09 18:25:54.400,135.7,42.7550739173845,1.88271003421757,1.92430525008989,1.07272054960579,392.127300412749,400.790554171036,1.09642042213753,307.6,140.463487607682,21615.4269356624,1,114.6,43.78214,-79.3755566666667,994.4,6.54081867909472,7.31297750031649,0,39.132269551472,28.8,225.4,131.2,1.2,2.3
2018-08-09 18:25:55.400,135.8,42.7538211859378,1.88288536559254,1.9242743299936,1.08267632671266,391.895958143879,400.510463387373,1.10647338107452,310.4,140.440228790358,21508.7008574984,1,114.8,43.78214,-79.3755566666667,994.5,6.53607423964821,7.31697829306035,0,39.1320984328777,28.8,263.6,162.5,1.6,2.7
2018-08-09 18:25:56.400,135.7,42.7516662554832,1.882824348494,1.92399531737571,1.15651287741955,391.750755359256,400.317011595817,1.18180219169889,304.6,140.483807706466,21398.6093896755,1,114.8,43.78214,-79.3755583333333,994.5,6.53829423411831,7.31430683852552,0,39.1311956253763,28.8,279.3,163.5,1.5,3
2018-08-09 18:25:57.400,135.7,42.7524770644889,1.88493258026519,1.9261274423401,1.22495926976139,391.15235424973,399.701008157877,1.25172931383874,305,140.444019374384,21387.4836356076,1,114.9,43.7821383333333,-79.3755583333333,994.4,6.53648367165807,7.32038166053307,0,39.1311496188218,28.8,272.3,151.8,1.7,3.6
2018-08-09 18:25:58.400,135.6,42.7441323459403,1.88375136662096,1.92485389370176,1.31765359942561,390.883934577047,399.412777989158,1.34640571477215,315.2,140.495751698478,21353.3822464701,1,114.8,43.7821383333333,-79.37556,994.3,6.53283807835395,7.31908944565415,0,39.1302690462604,28.8,261.8,143.6,1.8,3.3
2018-08-09 18:25:59.400,135.5,42.7395983978659,1.88560378574524,1.92687673072245,1.37990446734913,390.994315940425,399.552531978993,1.41010795561633,320,140.462388249972,21419.4596513834,1,114.9,43.7821383333333,-79.37556,994.6,6.53885699820941,7.31480188990221,0,39.1300048664888,28.8,266.2,157.4,1.5,2.8
2018-08-09 18:26:00.400,135.5,42.7327552974627,1.88338415005346,1.92443773473089,1.37362343542911,391.1519317093,399.678169989309,1.40356509381117,307.8,140.495200191716,21332.601746433,1,114.8,43.7821383333333,-79.37556,994.5,6.53939667114005,7.31899414767323,0,39.1295858130618,28.8,272.9,156.8,1.4,2.4
2018-08-09 18:26:01.400,135.4,42.7295559215673,1.88237401984791,1.92350146716582,1.3547620340862,391.635133988744,400.191929587499,1.38436317010768,267.1,140.444712144913,21381.6811270449,1,114.7,43.7821383333333,-79.37556,994.4,6.53886098967006,7.31834419036387,0,39.1295838747879,28.8,287.2,185.4,1.4,2.5
2018-08-09 18:26:02.400,135.4,42.7252947138395,1.8829823936936,1.92443833132147,1.24326568835381,392.090857288881,400.723158694748,1.27063474113742,315.1,140.452396752893,21541.8474306351,1,114.7,43.7821383333333,-79.37556,994.4,6.54040685327586,7.315702446885,0,39.1288803220898,28.8,304,188.1,1,2.1
2018-08-09 18:26:03.400,135.4,42.7185091517834,1.88269194329637,1.92420742394697,1.0249792995523,392.106747834742,400.75325877282,1.04758805501041,308.1,140.477634342541,21575.5127815427,1,114.7,43.78214,-79.37556,994.4,6.53846143340065,7.31326323675006,0,39.1287327145503,28.8,309.2,204.5,1,1.9
2018-08-09 18:26:04.400,135.3,42.7218322975171,1.88718211283517,1.92893311738403,1.38377035079989,392.552485893669,401.237195052762,1.41437613034097,21.1,140.452082033448,21644.8324770329,1,114.7,43.78214,-79.37556,994.3,6.53514006415149,7.31568288809982,0,39.1286519382835,28.8,321.7,199.1,1.1,1.5
2018-08-09 18:26:05.400,135.3,42.7250747334968,1.88582906964434,1.92776608281002,1.17940137233702,392.317757550864,401.042188396834,1.20563362120916,5.6,140.467865454881,21754.3817860142,1,114.7,43.78214,-79.37556,994.4,6.53862441755501,7.31656527964582,0,39.1277353103504,28.8,290.2,170.6,1.9,3.6
2018-08-09 18:26:06.400,135.3,42.7288713138333,1.88134254907861,1.92329277727935,1.27868107310706,392.637852861043,401.392823910899,1.30719600822788,353.9,140.456844286555,21811.5921959161,1,114.7,43.78214,-79.37556,994.4,6.53871088299105,7.31569661597175,0,39.1272267593265,28.8,280.8,162.7,2.5,5.2
2018-08-09 18:26:07.400,135.3,42.7287517561443,1.88375946921102,1.92562304658754,1.12855699572558,392.830728539617,401.560657132325,1.15363827302922,343.7,140.491441355159,21740.1346136721,1,114.7,43.78214,-79.3755583333333,994.3,6.53939393347013,7.31899008879364,0,39.1272761068503,28.8,279.2,163,2.5,4.6
2018-08-09 18:26:08.400,135.3,42.7338808304565,1.88448426496469,1.92637543403044,1.09606676103014,394.366409192303,403.132989858395,1.12043738273142,333.4,140.447125187252,21746.1531872063,1,114.5,43.78214,-79.3755583333333,994.3,6.5392470088154,7.31849679547976,0,39.1270759643066,28.8,271.6,155.6,2.2,4.2
2018-08-09 18:26:09.400,135.3,42.7334200106155,1.88544032541825,1.92741928175537,1.24233931469695,396.050899558599,404.868888616341,1.27000340245303,341.6,140.480286253038,21779.8814638104,1,114.5,43.78214,-79.3755583333333,994.3,6.53596134600667,7.31939310210348,0,39.1267362371149,28.8,267.8,147.5,2,3.6
2018-08-09 18:26:10.400,135.3,42.7315500712126,1.88957850194142,1.93146781139402,1.06087526156865,397.453898228793,406.264840729989,1.08437825228803,338.2,140.473673306016,21687.772463687,1,114.5,43.7821416666667,-79.3755583333333,994.4,6.53410801133447,7.32063467458643,0,39.1258150356063,28.8,263.1,150.8,1.4,2.2
2018-08-09 18:26:11.400,135.3,42.7303324960451,1.88897843474594,1.93052899708179,1.26626637340202,398.090274908998,406.846824885191,1.29412043442468,333.6,140.469193756432,21522.8968226162,1,114.5,43.7821416666667,-79.3755566666667,994.4,6.53166043628184,7.31649074609497,0,39.1255874991936,28.8,261.7,152.2,1.2,2.7
2018-08-09 18:26:12.400,135.3,42.7282674366577,1.88736569693754,1.92873256011988,1.2117300811942,397.613211130416,406.328065806855,1.23828961087446,338.3,140.468777345452,21447.7225695316,1,114.5,43.7821416666667,-79.3755566666667,994.3,6.53274090791759,7.31454379571366,0,39.1250193589836,28.8,272.2,157.7,1.6,3.6
2018-08-09 18:26:13.400,135.3,42.7292633344044,1.88599208628766,1.92705294777065,1.24003243250589,396.513737096152,405.146338948997,1.26702306754207,339.5,140.474438888293,21307.2376448572,1,114.5,43.7821416666667,-79.3755566666667,994.3,6.53862637313903,7.31528410581564,0,39.1248571646853,28.8,277.4,164.8,2,3.8
2018-08-09 18:26:14.400,135.3,42.7289218852277,1.88271068924764,1.92346943663888,1.34751132705152,395.838503878849,404.407997172479,1.37668318882325,347.5,140.483570902062,21190.1693217884,1,114.5,43.7821416666667,-79.3755566666667,994.5,6.54032568594336,7.31360747912342,0,39.1244192660215,28.8,285.4,174.1,1.7,3
2018-08-09 18:26:15.400,135.3,42.7283058823311,1.88567055603664,1.92655971467857,1.30900987263476,395.294299923937,403.865950695205,1.33739290740567,350.4,140.451455474942,21224.1501086157,1,114.5,43.78214,-79.3755566666667,994.3,6.53715155375474,7.31447989137882,0,39.12427285731,28.8,288.6,174.7,1.5,3.1
2018-08-09 18:26:16.400,135.3,42.7224783363124,1.88445648944407,1.92537479855724,1.16716972524239,395.194306135588,403.775431677885,1.19251374643517,333.3,140.495015656153,21252.2570162824,1,114.5,43.78214,-79.3755583333333,994.4,6.53946026494018,7.31278981659337,0,39.1237308776592,28.8,289,176.1,1.5,2.9
2018-08-09 18:26:17.400,135.2,42.7242469127707,1.8837755057134,1.92451491947455,1.16495525683305,395.05779340924,403.601544299686,1.19013976833309,224.4,140.473125468153,21168.816577578,1,114.5,43.78214,-79.3755583333333,994.4,6.54101069386305,7.31237220352865,0,39.1229566007006,28.8,305.6,198,0.8,1.3
2018-08-09 18:26:18.400,135.2,42.7237511699142,1.88533120335173,1.92584580420024,1.24607810917875,394.912687352434,403.399224463258,1.272855780066,222.4,140.48204997485,21037.5272366435,1,114.5,43.78214,-79.3755583333333,994.3,6.54006128216007,7.31270151542137,0,39.122841402891,28.8,317.4,202.8,0.6,1.3
2018-08-09 18:26:19.400,135.3,42.722780229478,1.88392706216301,1.92437499782002,1.18203656880893,394.148078998916,402.610451373629,1.20741238813318,203.9,140.472441307255,21018.7457646113,1,114.5,43.78214,-79.37556,994.3,6.53918033666947,7.31478254160587,0,39.1225788424125,28.8,316.1,202,0.8,1.9
2018-08-09 18:26:20.400,135.3,42.7194830417052,1.88489135942613,1.92528174477016,1.32766566574101,394.779018804501,403.238518909749,1.35611512168969,223.6,140.498043647765,20978.9000688515,1,114.5,43.78214,-79.37556,994.4,6.53780918975568,7.31299163570573,0,39.1227394728764,28.8,317.8,204.4,1.1,2.1
2018-08-09 18:26:21.400,135.3,42.7189718733777,1.88690900061436,1.92721884452515,1.26498499413672,395.223324946628,403.666478101434,1.29202062244081,247.3,140.474365661909,20916.2172625813,1,114.5,43.7821383333333,-79.3755616666667,994.4,6.53905256144503,7.31560390395048,0,39.1222559372264,28.8,315,192.4,1.1,1.7
2018-08-09 18:26:22.400,135.3,42.7178437136934,1.88706711020903,1.92713906119983,1.13025040071195,395.419719124944,403.816451736053,1.15424878044694,210.9,140.45137059201,20793.4570135475,1,114.5,43.7821383333333,-79.3755633333333,994.4,6.53820819053373,7.31876568802902,0,39.1219477474521,28.8,306.9,190.2,0.7,1.7
2018-08-09 18:26:23.400,135.3,42.7132421872291,1.88757323721694,1.92747511897096,1.24670834158039,395.832537230529,404.19997702286,1.27306325116534,234.2,140.486604612324,20701.2866331469,1,114.5,43.7821383333333,-79.3755633333333,994.3,6.53529374952168,7.31739048429405,0,39.1207642921538,28.8,293.8,179.2,1,1.9
2018-08-09 18:26:24.400,135.3,42.7136420301578,1.88641425063464,1.92598473497224,1.22133705811389,396.155685915261,404.46568277917,1.24695679236425,319.2,140.479440634437,20545.6107555089,1,114.5,43.7821383333333,-79.375565,994.4,6.53621734311724,7.31589435997675,0,39.1207165624511,28.9,304.9,192.4,0.9,1.5
2018-08-09 18:26:25.400,135.3,42.7103828354001,1.88702119018365,1.92640121421937,1.15083002457347,396.149059748725,404.416327896101,1.17484782928936,302.6,140.486637238255,20442.411570225,1,114.5,43.7821366666667,-79.3755666666667,994.5,6.53580953144198,7.31749696015774,0,39.1205651749312,28.9,293.7,179.2,0.6,1.1
2018-08-09 18:26:26.400,135.3,42.7108030577192,1.88587318732438,1.9251632906353,1.14283403744347,395.977446334693,404.227324264925,1.1666429455543,300.4,140.470808604842,20408.9135339859,1,114.5,43.7821366666667,-79.3755683333333,994.4,6.53778945750618,7.31629827089187,0,39.1203578842066,28.9,311.7,179.2,0.5,1
2018-08-09 18:26:27.400,135.2,42.7137988101239,1.88814387391663,1.92740149799798,1.29194230378149,395.587176445761,403.812138788007,1.31880368187955,317.6,140.496324725039,20368.2720442241,1,114.5,43.7821366666667,-79.3755683333333,994.3,6.53540485957306,7.31596250747589,0,39.1196437444881,28.9,278.7,167,0.7,1.6
2018-08-09 18:26:28.400,135.2,42.7195471180294,1.88827703258637,1.92732973135476,1.33482395101617,395.753803258637,403.938704694663,1.3624275817209,316.7,140.458722387103,20262.6617665109,1,114.5,43.7821366666667,-79.37557,994.4,6.53509116401806,7.31567929000178,0,39.1189209280705,28.9,315.6,222.9,0.5,0.6
2018-08-09 18:26:29.400,135.2,42.7163674406201,1.88630213270332,1.92508694080748,1.35926406263559,395.843283742654,403.982384902863,1.38721245782754,334.9,140.459423844836,20147.1462717616,1,114.5,43.7821366666667,-79.3755716666667,994.4,6.53749534321317,7.31582883217327,0,39.1183144766084,28.9,293.8,164.9,0.4,1.1
2018-08-09 18:26:30.400,135.2,42.7116557137236,1.88438876709123,1.92299524313844,1.33202523443627,396.602554348638,404.728025764976,1.35931537704214,337.5,140.470361856049,20076.5032059639,1,114.5,43.7821366666667,-79.3755716666667,994.2,6.54009176741525,7.31743799645896,0,39.1180752388336,28.9,304.8,189.5,0.8,1.7
2018-08-09 18:26:31.400,135.2,42.7080940701699,1.88689575095993,1.92537706356553,1.26247659698146,398.411748336627,406.53697019598,1.28822566278939,321.7,140.457178091498,19986.4472312442,1,114.5,43.7821366666667,-79.3755733333333,994.3,6.54354124916294,7.31665637214708,0,39.1181690632583,28.9,287.6,169.9,1,2.2
2018-08-09 18:26:32.400,135.2,42.7053591128834,1.88760041456851,1.92610652023722,1.27093192253579,400.0981684409,408.259937788957,1.29686361725153,351,140.459554161145,19991.621041227,1,114.5,43.7821366666667,-79.3755733333333,994.4,6.54253735066667,7.31939552121881,0,39.117529529816,28.9,267.8,150.4,1.2,2.3
2018-08-09 18:26:33.400,135.2,42.7063618891738,1.88894403984199,1.92748533166431,1.41925207363398,401.793471677764,409.991374386991,1.44821002673498,287.6,140.465699198589,19995.4707891251,1,114.7,43.7821366666667,-79.3755733333333,994.4,6.53861819898142,7.31825587810971,0,39.1170905309172,28.9,284.6,173,0.8,2.1
2018-08-09 18:26:34.400,135.3,42.7034269879641,1.88862221570566,1.92701357179615,1.3226832961746,402.912414857881,411.102661309442,1.34957127418794,337.9,140.480503870299,19922.7091679127,1,115,43.7821366666667,-79.3755733333333,994.3,6.53873562874591,7.31734497155386,0,39.1165534135727,28.9,265.9,146.4,1.3,3.3
2018-08-09 18:26:35.400,135.3,42.7027186773816,1.89034401412707,1.9287212367606,1.29242722877163,403.248084868173,411.434721364357,1.31866411839918,356.6,140.445015320692,19897.8725351288,1,115,43.7821366666667,-79.3755733333333,994.3,6.53770032267508,7.31851930082345,0,39.1160149270983,28.9,267.7,153.2,1.7,3.4
2018-08-09 18:26:36.400,135.3,42.7006032603557,1.8900222209477,1.92839516843172,1.41382461043193,402.988769995691,411.170664306227,1.4425297832982,344.1,140.468677461774,19899.0578345192,1,115.1,43.7821366666667,-79.3755716666667,994.5,6.53432347276962,7.31537625606084,0,39.1156447921184,28.9,264.7,153.6,1.7,3.5
2018-08-09 18:26:37.400,135.3,42.7005070177885,1.88748284778211,1.92580079243424,1.3427512903118,401.742702053657,409.898513812274,1.37001356997889,335.7,140.470443197478,19897.0636329736,1,114.8,43.7821366666667,-79.3755716666667,994.4,6.53757900450381,7.31572620819667,0,39.1152503458681,28.9,272,157.3,1.6,3.2
2018-08-09 18:26:38.400,135.3,42.6977555926081,1.88717153119164,1.9253742177079,1.29827878131374,400.885956905595,409.001226066523,1.32455882864835,350.9,140.470075648146,19841.5832569791,1,114.8,43.7821366666667,-79.3755716666667,994.4,6.53777927603488,7.31368311637828,0,39.1146117355334,28.9,273.2,168.3,1.6,3.8
2018-08-09 18:26:39.400,135.2,42.6911291530609,1.88880621309429,1.92693209409079,1.33424693426814,399.90980699682,407.982057571939,1.36118000886333,330.2,140.448601486861,19785.6655049991,1,114.6,43.782135,-79.37557,994.4,6.53775510548392,7.31546456724283,0,39.1144334620993,28.9,290,174.5,2.2,4.3
2018-08-09 18:26:40.400,135.3,42.6886511103119,1.88961688850073,1.92763722181898,1.29410488903278,399.133477623224,407.164299840852,1.32014300014199,292.7,140.459955570985,19723.7666630728,1,114.7,43.782135,-79.37557,994.4,6.53662700092525,7.31682666613097,0,39.1142511109204,28.9,294,183,2,4.2
2018-08-09 18:26:41.400,135.3,42.6875988950754,1.88921807186654,1.92724988392358,1.31530447141427,398.357944263028,406.377306738867,1.34178324935551,213.8,140.468120618208,19733.7143722884,1,114.7,43.782135,-79.3755683333333,994.4,6.53848185197158,7.31654866122051,0.1,39.1137668740604,28.9,292.2,174.1,1.9,3.4
2018-08-09 18:26:42.400,135.3,42.6874294037182,1.88906132634369,1.92714854910851,1.29299045608643,397.911192097898,405.933902627472,1.31905940870198,206.5,140.447864209014,19763.465160927,1,114.8,43.782135,-79.3755683333333,994.4,6.53824929752166,7.3163429216686,0.1,39.1136932806057,28.9,279.8,162.8,1.6,2.9
2018-08-09 18:26:43.400,135.3,42.6856283905659,1.88750382886081,1.92552186963269,1.17492850830715,397.265466784982,405.267248437073,1.19859598146635,203.2,140.471532188682,19744.2913086955,1,115.4,43.782135,-79.3755683333333,994.5,6.53892849033461,7.31543405742252,0.1,39.112989340123,28.9,269.7,152.6,1.4,3.1
2018-08-09 18:26:44.400,135.3,42.6869210931412,1.88621711431767,1.92421860364738,1.15341968764591,396.444297588405,404.431383328081,1.17665941961038,194.4,140.476380104448,19748.9044269779,1,115.4,43.7821366666667,-79.3755683333333,994.3,6.54027845709338,7.31882904884695,0,39.1122369939984,28.9,266.9,156.8,1.4,2.7
2018-08-09 18:26:45.400,135.3,42.6888440076927,1.88690352697366,1.92497594389381,1.23067876079783,396.116038220463,404.108513144419,1.25550999317021,123.2,140.478930561062,19778.1216150876,1,115,43.7821366666667,-79.3755666666667,994.3,6.54112839562774,7.31792609207773,0,39.1121594210805,28.9,276.3,167.2,1.4,2.8
2018-08-09 18:26:46.400,135.3,42.6909831622156,1.88843113702118,1.92657183253656,1.23331286332355,395.904269541711,403.900380581812,1.25822177353286,357.5,140.462194379785,19797.2407061819,1,114.9,43.7821366666667,-79.3755666666667,994.4,6.53817662223019,7.31392655553237,0.1,39.1119277557241,28.9,291.6,165.9,1,1.5
2018-08-09 18:26:47.400,135.3,42.68997516204,1.88691931474382,1.92498344014085,1.29310837357366,395.56009911591,403.539708578437,1.31918946280895,336.7,140.483134330184,19773.9262728798,1,114.9,43.782135,-79.3755666666667,994.4,6.541373345694,7.31480249446564,0.1,39.1111923444568,28.9,310.5,196.6,0.9,2
2018-08-09 18:26:48.400,135.3,42.6884260395918,1.88642034454691,1.92443845939589,1.25045647539205,394.988164299894,402.948616840846,1.27565188998138,308.1,140.463423037282,19755.5907116696,1,114.8,43.782135,-79.3755666666667,994.4,6.5436381664043,7.31833030358489,0,39.1111777095646,28.9,287.5,168.4,1.6,3.8
2018-08-09 18:26:49.400,135.3,42.6849504073396,1.88603223392484,1.92416524281584,1.20039047026965,394.45240829168,402.427687325378,1.22466212434381,272.8,140.459935825986,19818.0105051776,1,114.8,43.782135,-79.375565,994.4,6.54159162505947,7.3199428678753,0,39.1109827955069,28.9,271.7,156.2,2.3,4.3
2018-08-09 18:26:50.400,135.3,42.6808228125938,1.88551317197067,1.92363278133119,1.19323914666115,394.521207922714,402.497298546531,1.21736517707522,224.1,140.479184367371,19816.4945229008,1,114.7,43.782135,-79.375565,994.4,6.53983810838791,7.3197716718597,0,39.1106937500816,28.9,277.7,173.9,2.1,4
2018-08-09 18:26:51.400,135.2,42.6787349994624,1.88587803127845,1.92400317191319,1.11389886489856,394.612007769081,402.589564020111,1.1364180368906,207.7,140.485910943514,19815.5739109167,1,114.6,43.7821333333333,-79.3755633333333,994.4,6.53849629714165,7.31859665598727,0,39.1101928123365,28.9,284,168.4,2,3.8
2018-08-09 18:26:52.400,135.2,42.6757134454557,1.88779847813762,1.92598799794277,1.26042550323748,394.064110673593,402.035869978809,1.28592201489652,205.7,140.478269152669,19828.5640048061,1,114.5,43.7821333333333,-79.3755633333333,994.4,6.53923893284189,7.32066827924662,0,39.1096742376619,28.9,280.1,166.3,1.6,3
2018-08-09 18:26:53.400,135.2,42.6742775886862,1.88765688560203,1.92565834772502,1.34558140176599,394.10467438411,402.038576292438,1.37267361941792,163.5,140.476865823825,19734.363855159,1,114.6,43.7821333333333,-79.3755633333333,994.4,6.53919531231903,7.31849070931935,0,39.1098225523939,28.9,276.9,166.7,1.7,2.9
2018-08-09 18:26:54.400,135.2,42.6730713734436,1.88637878343866,1.92431060286355,1.19397078603903,394.199770219735,402.126475308022,1.21797205381208,170.7,140.500126662899,19712.124909075,1,114.6,43.7821316666667,-79.3755633333333,994.4,6.53874255483396,7.3136039839593,0,39.1091176854202,28.9,278,169.1,1.1,2.2
2018-08-09 18:26:55.400,135.2,42.6744785374501,1.88774237354416,1.92588891102022,1.11908440780997,393.928843387337,401.889154904496,1.14169908421659,169,140.466334064911,19807.3618520618,1.1,114.8,43.7821316666667,-79.3755633333333,994.4,6.53897373429004,7.31395937051609,0,39.1082816758114,28.9,279.9,164.4,1.3,2
2018-08-09 18:26:56.400,135.2,42.6724463608588,1.88844953917797,1.92670972951698,1.21971067096385,394.112278961894,402.097002736886,1.24442330138748,154.1,140.465298353411,19857.7472375538,1.1,114.6,43.7821316666667,-79.3755633333333,994.3,6.53778368985441,7.31452509144434,0,39.1079893652055,28.9,266.1,138.4,0.9,1.9
2018-08-09 18:26:57.400,135.1,42.6702627464725,1.8869914822987,1.92528228771152,1.15925226568055,394.03662421185,402.032389311571,1.18277453000784,157.3,140.463970540851,19888.3817067998,1.1,114.7,43.7821316666667,-79.3755633333333,994.3,6.53645270799929,7.3156278794853,0,39.107737920223,28.9,242.9,126.9,1,1.9
2018-08-09 18:26:58.400,135.1,42.6685239226633,1.88609438129904,1.92425979661504,1.19463890474588,393.741744461787,401.709098290786,1.21880304356956,112.8,140.482546259409,19833.730702878,1,114.7,43.7821316666667,-79.3755633333333,994.4,6.53744027253395,7.31766123314886,0,39.107034368922,28.9,234.7,119.7,0.8,1.5
2018-08-09 18:26:59.400,135.1,42.6681969185075,1.8862707927444,1.92429417776016,1.45769271606762,394.089734043228,402.033811824511,1.48707488368129,50.6,140.468625042049,19759.7472434242,1,114.7,43.7821316666667,-79.3755633333333,994.4,6.53844220788666,7.31551463327972,0,39.1067881803365,28.9,248.5,150,0.6,1.5
2018-08-09 18:27:00.400,135.1,42.6671298364693,1.88627768054468,1.92429493794768,1.43438031256701,394.373516538423,402.322154556633,1.46328920242658,3.6,140.474635958661,19756.8001653029,1,114.7,43.7821316666667,-79.3755633333333,994.4,6.54125435110175,7.31410179492753,0,39.1063755767697,28.9,268.8,198.3,0.4,0.9
2018-08-09 18:27:01.400,135.1,42.6661284345962,1.88745452986689,1.92550881109689,1.3023156406502,394.065812801741,402.01090655958,1.32857307847178,25.5,140.487943794957,19763.3290667477,1,115.2,43.7821333333333,-79.3755633333333,994.4,6.5410232218802,7.31577231297837,0,39.106128124536,28.9,320.3,206.5,0.5,1.2
2018-08-09 18:27:02.400,135.1,42.6703398187502,1.8870036689138,1.92520291941887,1.22215726506287,394.030438186713,402.006953283065,1.24689268972693,46.9,140.466255740539,19841.6893425979,1,115,43.7821333333333,-79.3755633333333,994.4,6.54114120017075,7.31583502640062,0,39.1060789144456,28.9,315.6,198.6,0.6,0.8
2018-08-09 18:27:03.500,135.1,42.6719037006416,1.8878430709057,1.92600972274157,1.20348506152304,394.12395760577,402.091943576425,1.22781198330865,11.4,140.470954477195,19816.3226977589,1,114.9,43.7821333333333,-79.3755633333333,994.3,6.54402323991542,7.31975880365871,0,39.1051946085949,28.9,294.2,179.2,0.4,0.8
2018-08-09 18:27:04.400,135.1,42.6733004881226,1.88719204404612,1.92520751539883,1.29324366490237,394.069879175506,402.007927555887,1.31929460850255,7.9,140.469958395751,19745.9777171638,1,114.9,43.782135,-79.375565,994.4,6.54299855473655,7.31806479214472,0,39.1044587593627,28.9,294.2,167.4,0.6,1.4
2018-08-09 18:27:05.400,135.1,42.6743711100178,1.88534177777281,1.92335700004473,1.19574735018584,393.807588356377,401.748066133657,1.21985645494805,7.4,140.472311119187,19764.8833585674,1,114.8,43.782135,-79.375565,994.3,6.54045777577123,7.31777723018879,0.1,39.1042533332961,28.9,302.3,184.6,0.9,1.6
2018-08-09 18:27:06.400,135.1,42.6739912500502,1.88530062482417,1.92331337473375,1.14396058678257,393.496893213225,401.430780684591,1.16702540476084,350.2,140.442912355822,19764.0268308674,1,114.8,43.782135,-79.375565,994.3,6.53775999115841,7.3164369187895,0,39.1037899979906,28.9,285.4,161.7,0.7,1.2
2018-08-09 18:27:07.400,135.1,42.6706021344738,1.88700033218049,1.92499228584555,1.22419707266813,393.709432178909,401.636257574544,1.24884406101621,320.2,140.471459361527,19736.2780150946,1,114.8,43.782135,-79.375565,994.5,6.53933583147342,7.3162220613765,0,39.103596997087,29,294,179.2,0.7,1.4
2018-08-09 18:27:08.400,135.1,42.6715991484964,1.8881516357002,1.92620471260014,1.16134790588638,393.937611745011,401.876968824997,1.18475095103808,292.3,140.456700425056,19755.7243599656,1,114.6,43.782135,-79.375565,994.3,6.54185520644992,7.31826334830034,0,39.1032690285004,29,278.5,191.3,0.5,1.2
2018-08-09 18:27:09.400,135.1,42.6701874965667,1.88475912232849,1.92277843476028,1.28111602853088,393.407687070089,401.343568308444,1.30695746911857,289.5,140.454162533127,19773.3456177297,1,114.6,43.782135,-79.375565,994.4,6.54222112525333,7.31951250124343,0,39.1029018749768,29,285,168.5,0.8,1.6
2018-08-09 18:27:10.400,135.2,42.6639193638603,1.88366305592918,1.92179674083453,1.33770624739861,393.36206395485,401.325503836395,1.36478276255138,241,140.469166534743,19842.8573592197,1,114.6,43.782135,-79.375565,994.4,6.54470056856802,7.32019916391749,0,39.1025413161925,29,283.5,169.7,1,2.2
2018-08-09 18:27:11.500,135.2,42.6594222534546,1.88466930615061,1.92300961198278,1.16536548245898,393.234832016179,401.234491167792,1.1890701230816,242,140.47955706249,19937.7041377174,1,114.6,43.782135,-79.3755633333333,994.4,6.54044493978704,7.31799108844762,0,39.1022526532345,29,290.2,172.2,1.2,2.6
2018-08-09 18:27:12.400,135.2,42.6575165206572,1.88674711637539,1.9251538555491,1.1914975486859,393.055526401157,401.056530731672,1.21575079537489,196.3,140.474860796425,19949.8888551587,1,114.6,43.782135,-79.3755633333333,994.3,6.53649352205073,7.31521612493844,0,39.1014863016429,29,293.8,172.7,1.5,3
2018-08-09 18:27:13.400,135.2,42.6611195343096,1.88674152173153,1.92524354463988,1.17025319155863,393.005291267816,401.025081698398,1.19413023020856,200,140.434793127495,19998.258998401,1,114.7,43.782135,-79.3755633333333,994.4,6.54311257992385,7.31538592926871,0,39.101335131084,29,285.9,168.2,1.5,3.1
2018-08-09 18:27:14.400,135.3,42.6591442666483,1.88451711398934,1.9230021427826,1.20015731813724,392.576663108436,400.5937551459,1.22466486783193,178.5,140.471274913536,20012.9097069622,1,115,43.782135,-79.3755616666667,994.5,6.54757286430842,7.3178477444931,0,39.1007453660377,29,283.4,172.7,1.7,3.3
2018-08-09 18:27:15.400,135.3,42.6594998432416,1.88430992102402,1.92297231798169,1.37568584415337,392.437136569441,400.489201675893,1.40392076623838,199.2,140.450920601835,20105.4360949667,1,114.8,43.782135,-79.3755616666667,994.5,6.54392714064044,7.31898774602578,0.1,39.0998180950276,29,282.8,165.4,1.4,2.7
2018-08-09 18:27:16.500,135.3,42.6574924997831,1.88619312507388,1.92505950007667,1.17185173572103,392.251449986932,400.334024986926,1.19599673542767,200.7,140.472187503005,20189.7025006534,1,114.8,43.782135,-79.3755616666667,994.4,6.53750312479947,7.32136350012198,0.1,39.099442499993,29,284.8,172.9,1.3,2.8
2018-08-09 18:27:17.400,135.2,42.6532681234987,1.88623268676238,1.92511218674498,1.28109076251912,391.941446734983,400.020168606611,1.30749664260628,216.9,140.469435903611,20195.8121861183,1,114.8,43.782135,-79.3755616666667,994.5,6.53979948852273,7.32241823404046,0.1,39.0989456246301,29,287.1,167.8,1.1,2.2
2018-08-09 18:27:18.400,135.2,42.651670606649,1.88852292585229,1.92755714517507,1.14027839810594,392.241592968139,400.348929887897,1.16383643022972,203.2,140.486524786779,20250.7117918252,1,114.7,43.782135,-79.3755616666667,994.4,6.53272457162455,7.32014603186565,0.1,39.0982809538888,29,290.4,174.1,1.1,2.5
2018-08-09 18:27:19.500,135.3,42.6472493945111,1.88702271549427,1.92599950495552,1.14062389573963,392.290257922577,400.393081892637,1.16417819957992,196.1,140.472727783018,20237.1527088486,1,114.6,43.782135,-79.3755616666667,994.4,6.53408771589982,7.31940828258382,0.1,39.0981498934664,29,299.7,183.5,1.3,2.4
2018-08-09 18:27:20.500,135.3,42.6425350812685,1.88400911207253,1.9228753343099,1.28103165748434,392.256190411303,400.348220567708,1.30745908553504,190.5,140.462698401884,20212.5014260408,1.1,114.6,43.782135,-79.3755633333333,994.4,6.53984201465259,7.31841676297379,0.1,39.0977846035369,29,296.2,184.1,1.2,2.1
2018-08-09 18:27:21.400,135.3,42.6389073934293,1.88370755064696,1.92265571877433,1.11137154771933,392.464558510742,400.579216367621,1.13434605223955,180.8,140.487793569034,20257.4394119624,1.1,114.6,43.782135,-79.3755633333333,994.5,6.54357249629436,7.31499652204866,0.1,39.09754,29,301.3,189.5,1.2,2.6
2018-08-09 18:27:22.400,135.3,42.6399425816695,1.88404284791035,1.92297619142972,1.18032273672679,393.106231771351,401.229660345282,1.2047101350477,169.5,140.450552318138,20246.3501808234,1,114.5,43.782135,-79.3755633333333,994.4,6.54453455373947,7.31175442693729,0.1,39.0975596048472,29,303.6,183.5,1.7,3.8
2018-08-09 18:27:23.500,135.3,42.6362328338854,1.88538427022186,1.92413612269498,1.32982526356042,393.541506728086,401.630324786208,1.35715550396924,162.8,140.473425855663,20139.8651509811,1,114.6,43.782135,-79.3755633333333,994.5,6.54176261587323,7.31305262089127,0,39.0965364341567,29,293.7,182.9,2,4.4
2018-08-09 18:27:24.400,135.3,42.6327255741552,1.88547485542474,1.92437278156289,1.30779986147643,393.387755012121,401.503515786332,1.33477658315977,220.3,140.47124058491,20213.485784283,1,114.6,43.782135,-79.3755633333333,994.4,6.54255954560391,7.31518474276441,0,39.0958896858378,29,289.5,171.3,2,3.8
2018-08-09 18:27:25.400,135.3,42.6266147698747,1.88478949911463,1.92362153426991,1.27956460797972,392.706731161513,400.797638599697,1.30592709813752,301.8,140.494975784211,20187.0506467485,1,114.6,43.782135,-79.3755633333333,994.6,6.54197823128811,7.3175589062182,0,39.0954160146566,29,276.2,168,2,3.5
2018-08-09 18:27:26.400,135.3,42.6223446907926,1.88777653908098,1.92676266346636,1.15558117815622,392.316283056308,400.418362654281,1.17943932475021,323.4,140.468682925859,20234.1567998753,1,114.5,43.782135,-79.3755633333333,994.5,6.54090060985321,7.32430611083875,0,39.0954754680758,29,291.2,175.6,2.1,4.2
2018-08-09 18:27:27.400,135.3,42.6182833436519,1.88619034385789,1.92529201060361,1.32051360181761,392.637932155224,400.777532102175,1.3478915865644,343.1,140.48989985271,20309.583263454,1,114.6,43.782135,-79.3755633333333,994.4,6.54234632847985,7.32143735241442,0,39.0943033374733,29,274.7,156.4,2.7,5.2
2018-08-09 18:27:28.500,135.3,42.6181551571579,1.8870490640151,1.92591298575611,1.27260994858129,393.585650451809,401.691556676691,1.29883204018824,348.4,140.485482795821,20179.6122597117,1,114.6,43.7821366666667,-79.3755633333333,994.4,6.54229826513343,7.31766445269903,0,39.093633281246,29,290.5,179.2,1.9,2.6
2018-08-09 18:27:29.500,135.3,42.6196995282752,1.88588064959689,1.92469713373941,1.02245862758571,393.393002095858,401.489992677361,1.04349876532485,356.2,140.452718820995,20167.4566637143,1,114.6,43.7821366666667,-79.3755633333333,994.5,6.54284973082274,7.31854183918531,0.1,39.0937106247,29,278.7,169.5,1.3,3.1
2018-08-09 18:27:30.500,135.4,42.6147320499802,1.88498215943415,1.92385304838328,1.0092071436108,393.350919635255,401.462356165224,1.03001871867982,355.7,140.472544517942,20204.8138337935,1.1,114.6,43.7821366666667,-79.3755633333333,994.4,6.54319314254732,7.31579586458001,0,39.0934974596806,29,276.8,162.3,1.9,4
2018-08-09 18:27:31.500,135.4,42.6173965580037,1.88691577352627,1.92563973898772,1.18460704129397,393.477078885588,401.552184712586,1.20891082157052,351.6,140.457694654061,20109.8304182134,1.7,114.6,43.7821383333333,-79.3755633333333,994.4,6.54247797687826,7.32040334700367,0,39.0931415858254,29,285.4,171.6,2.4,4.8
2018-08-09 18:27:32.400,135.4,42.6153285894015,1.88933957965775,1.92811992353423,1.26677359288461,393.053182393097,401.12080427918,1.29277518700101,346.6,140.491700045898,20112.8980168969,1.2,114.6,43.7821383333333,-79.3755633333333,994.4,6.5361049784898,7.32404050073019,0,39.0927007809305,29,281.2,168,2.3,4.5
2018-08-09 18:27:33.400,135.4,42.6149907935305,1.88703798432677,1.92578909544392,1.13712804065742,393.594290427289,401.67684915684,1.16047988211151,357,140.456622226004,20122.1420644664,1,114.5,43.7821383333333,-79.3755633333333,994.4,6.5404581741276,7.31738546077401,0,39.0922885714449,29,289.2,170.6,2.1,4
2018-08-09 18:27:34.500,135.4,42.6144199873052,1.8868491643926,1.92568451939105,1.12688439201723,393.174937207012,401.267368543098,1.15007959677794,356.8,140.490656445591,20167.2878629162,1,114.5,43.78214,-79.3755633333333,994.5,6.54233902405547,7.32129791050669,0,39.0921097429387,29,284.2,164.6,2.5,5
2018-08-09 18:27:35.400,135.4,42.614529060838,1.88587905037701,1.92465876938818,1.26303072160274,393.250203746112,401.336736578793,1.28900084099952,5.1,140.481176645768,20148.9705656362,1,114.5,43.78214,-79.3755633333333,994.4,6.53952972422094,7.32013527552052,0.1,39.0914893764245,29,283.5,174.6,2.4,4.6
2018-08-09 18:27:36.500,135.5,42.6136985702038,1.88592314357487,1.92477214370047,1.42147183410519,393.33299991044,401.435499931738,1.45075569379597,353.9,140.466314285402,20183.7243421961,1,114.5,43.78214,-79.3755633333333,994.6,6.53883628600294,7.31643228356189,0.1,39.0906471422096,29,285.3,168.5,2.2,4.7
2018-08-09 18:27:37.400,135.5,42.6091797872162,1.88737267755473,1.9262017120372,1.26277389566229,393.468973478364,401.563904916301,1.28875717260629,354.6,140.471393030104,20158.479754017,1,114.5,43.7821416666667,-79.3755633333333,994.4,6.54450906862312,7.31740541967024,0.1,39.0898064856907,29,281.7,167.2,2.3,4.8
2018-08-09 18:27:38.500,135.5,42.6080071409157,1.88810057064951,1.92685299939019,1.2840553401221,392.790345471853,400.852245564195,1.31040861827725,353.9,140.467457164263,20111.9315227557,1.1,114.5,43.7821416666667,-79.3755633333333,994.5,6.54484072137443,7.32190898691525,0.1,39.0899714271029,29,275,161.6,2.4,4.8
2018-08-09 18:27:39.400,135.5,42.6062103077571,1.88760493612606,1.92650037400753,1.13722680433163,392.818166395181,400.912447746116,1.1606535141713,147.4,140.473121894073,20189.6702079471,1,114.4,43.7821416666667,-79.3755633333333,994.5,6.54423975049961,7.31796142470248,0.1,39.0895290610653,29,279.1,157.3,2.4,4
2018-08-09 18:27:40.500,135.5,42.6095384308995,1.88962137140139,1.92847687156727,1.16599074113455,393.042452971218,401.124443642871,1.18996320663037,164.5,140.435906314738,20148.3410592698,1,114.4,43.7821433333333,-79.3755633333333,994.4,6.53887272748503,7.31419528386832,0.1,39.0892612500461,29,265.9,143.6,2.1,3.8
2018-08-09 18:27:41.500,135.6,42.6084768709817,1.88661955666686,1.92535230654322,1.26245245940168,393.074345304,401.144284365506,1.28837096113263,172.4,140.491040731639,20117.2293729246,1,114.4,43.7821433333333,-79.3755633333333,994.4,6.53924422251438,7.31348770302234,0.1,39.0887139054441,29,264.6,154.4,2.1,3.7
2018-08-09 18:27:42.500,135.6,42.6144976346905,1.89039210682556,1.92925063098325,1.17240091167302,393.23936069145,401.322568658197,1.19649943047585,178.4,140.443756979564,20141.4751347607,1.1,114.4,43.782145,-79.3755633333333,994.4,6.53754478781865,7.31486198725882,0.1,39.0888266673532,29,272.6,158.9,1.7,3.6
2018-08-09 18:27:43.400,135.6,42.6166984618557,1.88666197603396,1.92541787963614,1.24486624671922,392.925172710734,400.996689768344,1.27043794918132,198.4,140.467821375379,20128.7077406913,1.1,114.4,43.782145,-79.3755633333333,994.5,6.54216367861734,7.31618247444512,0,39.0883340276531,29,283.4,170.2,2.2,4.1
2018-08-09 18:27:44.500,135.6,42.6162195224538,1.88545762173839,1.92423200297075,1.13729357925436,391.882786933688,399.941753573535,1.1606803297123,166,140.472123759717,20150.4882080264,1,114.4,43.782145,-79.375565,994.5,6.54297251966875,7.32142901924799,0.1,39.0882595243105,29,290.3,164.4,2,4.2
2018-08-09 18:27:45.500,135.7,42.6161024999693,1.88923076456336,1.92826701554326,1.01046361702586,391.97175153651,400.070701709144,1.03133966053025,169.2,140.474925027953,20243.8778451771,1,114.4,43.7821466666667,-79.375565,994.5,6.53763097949273,7.31716922618441,0.1,39.087474996621,29,281.9,168,1.9,3.5
2018-08-09 18:27:46.400,135.7,42.6120574962057,1.8880054977375,1.92702774764951,0.98470695125993,392.36080024779,400.470350244552,1.005059751265,170.5,140.474199997184,20250.1074794799,1.1,114.5,43.7821466666667,-79.375565,994.4,6.53878575265037,7.31412174895886,0.1,39.0868399996621,29,287.7,174.2,1.6,3.1
2018-08-09 18:27:47.500,135.7,42.6136805560827,1.88687343849388,1.92605572430224,1.12263983702595,392.149568984493,400.29277550021,1.14595704162019,170,140.456321840439,20343.2788057073,1.1,114.5,43.7821466666667,-79.375565,994.5,6.53687346582355,7.31885895601296,0,39.0862324087238,29,298.1,172.6,1.4,2.7
2018-08-09 18:27:48.500,135.8,42.612328897673,1.8882783276514,1.92751654990281,1.19939255050664,392.049044447655,400.195755589116,1.22431565929478,170,140.498844263802,20357.0000740665,1.1,114.5,43.7821466666667,-79.375565,994.6,6.53980720764823,7.32019211249147,0,39.0856888903189,29,282.9,169.8,2,3.5
2018-08-09 18:27:49.500,135.8,42.6152660990437,1.88730531043648,1.92670974818374,1.20188024066695,391.97583583039,400.159818700997,1.22697411565796,168.9,140.441473333088,20451.7488973687,1.1,114.5,43.7821466666667,-79.375565,994.5,6.53953657609857,7.31369402186525,0,39.0852431245055,29,272.9,157.2,1.6,3.2
2018-08-09 18:27:50.500,135.7,42.6097473246521,1.88527866727164,1.92462901071696,1.27429018317172,391.896077959411,400.075870099884,1.30088664063514,179.2,140.48898926231,20445.4925495889,1.1,114.5,43.7821466666667,-79.375565,994.5,6.53692583743997,7.31544187005877,0,39.0844509355129,29,257.5,147.3,1.5,3.2
2018-08-09 18:27:51.500,135.7,42.6087233548754,1.88745550167299,1.92675327901659,1.10735959395444,392.236285459462,400.402840838005,1.13041717475324,188.3,140.473799218472,20395.8013984451,1.1,114.5,43.7821466666667,-79.375565,994.5,6.54059920436008,7.31476140548494,0,39.0841077749389,29.1,285.5,173.6,1.9,3.5
2018-08-09 18:27:52.500,135.7,42.6111896892855,1.88604434197028,1.9253660294946,1.22949136318511,391.535530592252,399.698480591228,1.25512589748195,188,140.484728142471,20422.7228435315,1.1,114.5,43.7821483333333,-79.375565,994.5,6.54237671918965,7.32218675650708,0,39.0838981248592,29.1,289.4,183.5,1.8,3.8
2018-08-09 18:27:53.500,135.7,42.6147295296451,1.88626709482323,1.92569580723518,1.25042008827184,391.474212333995,399.657112063872,1.27655715034528,162.1,140.469206168365,20474.8449377694,1.1,114.5,43.7821483333333,-79.3755633333333,994.4,6.5424585381659,7.31913147809614,0,39.0835554548998,29.1,298.7,183.4,2.1,3.9
2018-08-09 18:27:54.500,135.6,42.6148371438903,1.88544984292539,1.92500781101228,1.22759592973294,391.157608512635,399.364279911361,1.25335127933086,189.2,140.484572982328,20549.3370402333,1.1,114.5,43.7821483333333,-79.3755616666667,994.6,6.54396321977588,7.32484803625849,0,39.0839641262061,29.1,291.1,175,1.9,3.6
2018-08-09 18:27:55.400,135.6,42.6123259010845,1.88846686394692,1.92822454590037,1.28798434005888,391.126362348,399.360678244111,1.3151007708332,97.8,140.50062658175,20618.7369212402,1.1,114.5,43.7821483333333,-79.3755616666667,994.5,6.54157811731991,7.32712278376459,0,39.0827851182704,29.1,289.3,182,1.7,3.2
2018-08-09 18:27:56.500,135.6,42.6170531227751,1.8880330524268,1.92772278971598,1.26349966383589,391.533578241223,399.764324242009,1.29006146887113,149.3,140.438301765155,20589.1709059001,1.1,114.6,43.7821483333333,-79.37556,994.6,6.5442671770063,7.32290027842297,0,39.0824598159969,29.1,287.7,173.3,1.3,2.5
2018-08-09 18:27:57.500,135.6,42.6198844055205,1.8902128175872,1.93007158634166,1.31001845784345,392.016131853108,400.282550398173,1.33764380680573,342.5,140.490603461915,20651.4309993659,1.1,114.6,43.78215,-79.37556,994.5,6.53836515823172,7.3196663759432,0,39.0815811966264,29.1,278.4,158.3,1.2,2.8
2018-08-09 18:27:58.500,135.6,42.6215448395725,1.89086081234809,1.93048232887695,1.0719582528174,391.586503216537,399.791719064843,1.09443009830307,339.7,140.467873561812,20523.809523544,1.1,114.6,43.78215,-79.37556,994.5,6.54152845357428,7.31842808045681,0.1,39.0818162485822,29.1,263.8,157.5,1.3,2.3
2018-08-09 18:27:59.500,135.6,42.6171537494724,1.88686842737902,1.92626289953568,1.21794371563431,391.965303600582,400.148740404499,1.24337086611974,345.3,140.498340265384,20451.0731068788,1.7,114.6,43.78215,-79.37556,994.4,6.54324081788133,7.31569293449815,0.1,39.0820779521904,29.1,267.1,150.5,1.3,2.8
2018-08-09 18:28:00.500,135.6,42.6177116484819,1.88738970392891,1.92690141598321,1.29012578419985,392.042479618656,400.249673838506,1.31713406829832,344.4,140.460809869036,20505.2130319664,1,114.6,43.78215,-79.37556,994.4,6.53865688028784,7.31724682831916,0.1,39.0811328559117,29.1,265.9,161.7,1.2,2.2
2018-08-09 18:28:01.500,135.6,42.6200952422989,1.88767634920297,1.92728042869298,1.24315244815689,391.670591317124,399.887926248057,1.26923363646539,59.6,140.494863581371,20549.243555845,1,114.4,43.78215,-79.3755583333333,994.6,6.53768712699257,7.31835917598415,0,39.0805090467581,29.1,299.5,183.1,1.1,2.4
2018-08-09 18:28:02.500,135.7,42.6215844099954,1.8895385098159,1.92907537465625,1.27230406068089,391.440299668666,399.630778891987,1.29892529704556,149.2,140.477528868116,20495.1819017838,1,114.4,43.7821516666667,-79.3755583333333,994.4,6.5333429872909,7.31705872359828,0.1,39.0798210951226,29.1,285.5,169.2,1.1,1.7
2018-08-09 18:28:03.500,135.7,42.6248908542401,1.88661595709328,1.92608117165874,1.24465391213407,391.92823596567,400.126868198128,1.2706902231674,145.5,140.427583141023,20490.1270191608,1,114.5,43.7821516666667,-79.3755583333333,994.5,6.54119801323353,7.31460764119075,0.1,39.0792655922514,29.1,295.8,188.9,0.7,1.1
2018-08-09 18:28:04.500,135.7,42.6158976729311,1.88764244703334,1.92730773181289,1.31559313963611,392.251921739511,400.494278135574,1.34323880986597,140.1,140.490430633011,20580.4511274245,1.1,114.5,43.7821516666667,-79.37556,994.5,6.54046135385051,7.31035478196456,0,39.0785718960576,29.1,321.3,198.8,0.7,1.6
2018-08-09 18:28:05.500,135.7,42.6162668687259,1.88975136985423,1.92927243288437,1.06644741665865,391.864257481969,400.059498264795,1.08875680799086,7.2,140.430256462543,20485.075635375,1,114.5,43.7821516666667,-79.37556,994.6,6.53839297330969,7.31726941553079,0,39.0776078149562,29.1,302,187.6,1.2,2.1
2018-08-09 18:28:06.500,135.7,42.6132242894478,1.89058342802812,1.93021528501402,1.284156711168,391.423214677825,399.628457513143,1.31107899074708,355.5,140.474028509204,20532.0784980216,1.1,114.5,43.7821516666667,-79.37556,994.5,6.53469028940878,7.32335328065177,0.1,39.0773728572264,29.1,281.4,168.2,1.4,2.7
2018-08-09 18:28:07.400,135.7,42.6097785799647,1.89016027881729,1.92997167331332,1.29700106868196,391.091804167252,399.329118367606,1.32431812073403,351.2,140.456405963195,20627.840421157,1.1,114.6,43.7821533333333,-79.3755616666667,994.4,6.53881170454594,7.31923285069854,0.1,39.0768110520521,29.1,283.1,162.7,1.5,2.7
2018-08-09 18:28:08.500,135.7,42.6054698419133,1.88998755556908,1.92982057144328,1.2633325602967,391.666717353966,399.921452272536,1.28995840166699,352.1,140.499852372705,20641.0066670723,1,114.5,43.7821533333333,-79.3755616666667,994.5,6.53908484137029,7.31502227040445,0.1,39.0762909524523,29.1,275.4,156.8,1.3,2.6
2018-08-09 18:28:09.500,135.7,42.6017167924475,1.89004426507899,1.92993927899805,1.21911225217537,391.61616875943,399.882383405286,1.24484444874068,348.7,140.460689792685,20671.5543242088,1,114.5,43.7821533333333,-79.3755616666667,994.5,6.53832685152996,7.31619949134209,0.1,39.0757748994734,29.1,241.2,120.8,1.1,2
2018-08-09 18:28:10.500,135.7,42.6085233041518,1.89276849875873,1.93262264412668,1.19673427202135,391.634078624133,399.880361471119,1.22193266502468,317.7,140.431407546792,20621.893511107,1,114.6,43.7821533333333,-79.3755616666667,994.5,6.53789663014023,7.31261610371001,0,39.076148376937,29.1,229,107.5,0.9,1.5
2018-08-09 18:28:11.500,135.7,42.6014499557482,1.88776339384554,1.92774543117283,1.34601837515569,391.433043130776,399.72350065197,1.37452974741506,226.6,140.488427774208,20740.499412552,1,114.6,43.782155,-79.3755616666667,994.6,6.54077969496318,7.31531291122502,0.1,39.0755531503564,29.1,232.7,141.7,0.8,1.6
2018-08-09 18:28:12.500,135.7,42.6046288234969,1.8902388712229,1.93036099240818,1.11264517256079,391.066477400727,399.367243400205,1.13626125839633,227.1,140.437670246972,20784.7864606058,1,114.6,43.782155,-79.3755616666667,994.6,6.53683588531519,7.31729788661223,0,39.0753215560177,29.1,246.7,129,0.8,1.9
2018-08-09 18:28:13.500,135.8,42.6003199327579,1.88794158440346,1.9280744667655,1.23362854122075,390.280413441274,398.5768310947,1.25985341925331,210.1,140.474397001067,20815.1029077049,1,114.6,43.782155,-79.3755633333333,994.6,6.54547983374244,7.32290426518601,0.1,39.0743480159224,29.2,251.6,132.6,1,2
2018-08-09 18:28:14.400,135.8,42.5955362477106,1.88789575016223,1.92806100018047,1.32331778847903,390.915962898709,399.232850410277,1.35147203930745,204.2,140.447449982145,20832.2362576171,1,114.5,43.782155,-79.3755616666667,994.5,6.54390862350778,7.31109524315662,0,39.0742387500048,29.2,223.3,108.9,1.1,2.4
2018-08-09 18:28:15.400,135.8,42.5912422324391,1.89140287931548,1.9318759895891,1.38279575224061,390.379979545592,398.733568341399,1.412386193313,199.7,140.507422043672,20950.4596788315,1,114.6,43.7821566666667,-79.3755616666667,994.5,6.54024800904046,7.3209031901987,0,39.0738311122409,29.2,236.5,118.7,1.3,2
2018-08-09 18:28:16.500,135.8,42.5937989654093,1.89110890983237,1.93157639321386,1.30943959391908,390.212604124489,398.56278871625,1.33746006110299,178.9,140.446145389247,20950.6476478155,1,114.5,43.7821566666667,-79.3755616666667,994.5,6.53627607685936,7.32269378677456,0,39.0728915357054,29.2,245.2,128.3,0.8,1.4
2018-08-09 18:28:17.500,135.8,42.5926977605961,1.89173468801196,1.93242762955593,1.18979305786018,389.980176484042,398.369137292986,1.21538552763055,221,140.4748491541,21058.1206488878,1,114.5,43.7821566666667,-79.3755616666667,994.6,6.54147648226556,7.32126787538592,0,39.0729720035171,29.2,234.1,122.7,1,2
2018-08-09 18:28:18.500,135.9,42.590610621833,1.88651277260295,1.9271463974668,1.42588212332347,389.780715337455,398.176080966155,1.4565941633182,239.6,140.488387515983,21084.6362746847,1,114.5,43.7821566666667,-79.3755616666667,994.6,6.54229462538477,7.31704593085525,0,39.0720293734313,29.2,246.8,134.6,1.1,2.1
2018-08-09 18:28:19.500,135.9,42.5935314505177,1.88950908939311,1.93032561202075,1.25871677261141,389.187011335232,397.594121108527,1.28590647130112,285.1,140.439401544805,21144.9366750809,1,114.7,43.7821566666667,-79.3755616666667,994.6,6.54378396394503,7.31922897111034,0,39.0719392078186,29.2,268.4,151,1.4,2.9
2018-08-09 18:28:20.500,135.9,42.5852532164968,1.89119052079507,1.93234990281882,1.30258904295825,390.071100105216,398.560519016217,1.33093917328854,13.7,140.491709763441,21300.3009077161,1,114.7,43.7821583333333,-79.3755616666667,994.4,6.54182908410283,7.31177933450947,0,39.0710825557003,29.2,260.7,145.5,1.4,2.7
2018-08-09 18:28:21.500,135.9,42.5896433234169,1.89081627079296,1.93223927033527,1.3513920740065,389.249743015931,397.777228669737,1.38099762737536,26.7,140.455387381318,21437.7907104094,1,114.7,43.7821583333333,-79.3755616666667,994.6,6.53947281375191,7.31875971536219,0,39.0711879361629,29.2,257.3,138.7,1.3,2.2
2018-08-09 18:28:22.500,135.9,42.5896764749804,1.88791885673229,1.92946113556229,0.863753184507721,388.653217709092,397.205133313432,0.882755692419399,13.4,140.511985327251,21530.3669185063,1,114.7,43.7821583333333,-79.37556,994.7,6.5429019516212,7.32306696420808,0,39.0709879095455,29.2,252,142.1,1,2.5
2018-08-09 18:28:23.500,135.9,42.5969378219231,1.88843721985551,1.93027687476306,1.02868755610697,388.940477104729,397.557819290647,1.05148132762854,16.8,140.447646609673,21675.7290321184,1,114.7,43.7821583333333,-79.37556,994.6,6.5427429142731,7.31358511767749,0,39.0707794687079,29.2,250,133.9,0.9,1.7
2018-08-09 18:28:24.400,135.9,42.594806041727,1.89004356849278,1.93195194803407,1.07266019075752,388.598938847942,397.21540726126,1.09644475402242,4.9,140.508330355592,21692.3789416495,1,114.7,43.7821583333333,-79.37556,994.6,6.54235996993352,7.31828374556698,0,39.0701699498892,29.2,236.9,123.5,0.9,1.5
2018-08-09 18:28:25.400,135.8,42.59312231118,1.89085344424783,1.93280853911556,1.11823688950162,388.987030724793,397.618126559508,1.14304901878513,10.4,140.474189357024,21706.8390945723,1.1,114.7,43.7821583333333,-79.37556,994.6,6.54124270194261,7.3147729461832,0,39.0703735796872,29.2,246.8,131.6,0.6,1.5
2018-08-09 18:28:26.400,135.8,42.592701148,1.89420111819964,1.93636543419962,1.22508968498871,389.334589799965,398.000919499962,1.25235907498845,2.7,140.442903320003,21774.7289199927,1,114.7,43.78216,-79.3755583333333,994.6,6.53441215100073,7.3191363539995,0,39.0693209080001,29.2,249.2,133.4,1.1,2.2
2018-08-09 18:28:27.500,135.9,42.5858053954773,1.88891257034857,1.93080203060944,1.35000156282597,389.607352430282,398.247582583449,1.37994024585799,359.7,140.486120643769,21695.5903010703,1.1,114.7,43.78216,-79.3755583333333,994.5,6.54369204952672,7.31589531676462,0,39.069366190499,29.2,247.1,143.7,0.9,2.2
2018-08-09 18:28:28.500,135.9,42.5901455575217,1.88916949288152,1.9309675225377,1.36087374553487,389.579094602697,398.198569217216,1.39098338788342,10.5,140.441658481723,21646.2984698621,1,114.9,43.78216,-79.3755583333333,994.6,6.54402339086592,7.32093931908613,0,39.0685884223032,29.2,252,128.1,1.4,2.6
2018-08-09 18:28:29.500,135.9,42.5825257949438,1.88635450495171,1.92804842700142,1.24961774169723,390.114194375236,398.736888117914,1.27723837104995,4.7,140.513743620217,21625.1858141117,1.1,114.9,43.78216,-79.3755583333333,994.5,6.54176319144673,7.31788852139368,0,39.068445156433,29.2,230.5,114,1.4,3
2018-08-09 18:28:30.400,136,42.5824831250994,1.88623406250552,1.92782489060209,1.1929271101743,389.976853077586,398.575639008104,1.2192308442035,12.5,140.435431226266,21573.8873291644,1.1,114.9,43.7821616666667,-79.3755566666667,994.5,6.54154906247019,7.31703784355074,0,39.0679824998675,29.2,233.5,121.5,1.2,2.3
2018-08-09 18:28:31.500,136,42.5827420639967,1.8883031947876,1.92980689302873,1.2935059926961,390.127787633017,398.702439966132,1.32193634645809,357.5,140.517187480422,21506.2947848943,1,114.7,43.7821616666667,-79.3755566666667,994.6,6.53625635405662,7.31935395727973,0,39.0676792057639,29.2,241.5,120.9,1.4,2.9
2018-08-09 18:28:32.500,136.1,42.5837964238373,1.8885890049661,1.93003283921943,1.24997811367268,390.796800898991,399.372638720912,1.27740849815045,5,140.467194352657,21473.3098750199,1,114.6,43.7821616666667,-79.3755566666667,994.5,6.53341461921498,7.31113712217872,0.1,39.0665945088339,29.2,243.2,126.6,1.5,2.8
2018-08-09 18:28:33.500,136.1,42.5858671408321,1.88892174570794,1.93009901581236,1.14256332750154,391.191477406623,399.719352057537,1.16747047283272,359.7,140.449852396507,21334.5522004399,1,114.7,43.7821616666667,-79.3755566666667,994.6,6.54328343454926,7.31855013522371,0.1,39.0671504756035,29.2,244.3,134.5,1.3,2.7
2018-08-09 18:28:34.500,136.1,42.5769815524984,1.88511254259729,1.92608374549599,0.996943643298658,390.998852902228,399.497012244773,1.01861191314895,352,140.487990668053,21272.2141513333,1,114.6,43.7821616666667,-79.3755566666667,994.6,6.54503081427953,7.32355355234716,0,39.0665201555325,29.2,255.5,140.9,1.4,2.6
2018-08-09 18:28:35.500,136.1,42.582313256409,1.88779453459629,1.92861389040245,1.17048146354667,391.313759198873,399.774938009526,1.1957899662275,354.9,140.439380068265,21164.7677556976,1,114.8,43.7821616666667,-79.3755566666667,994.5,6.53705283909985,7.3206187401778,0,39.0652105938022,29.2,253.4,137.5,1.3,2.9
2018-08-09 18:28:36.500,136.1,42.57588,1.888087,1.928946,0.9060763,391.4372,399.9082,0.9256845,351,140.4815,21182.35,1,114.9,43.7821616666667,-79.375555,994.5,6.541612,7.323709,0,39.06582,29.2,251.3,135.7,1.6,3.1
2018-08-09 18:28:37.500,136.1,42.57662,1.885981,1.926582,1.274648,391.7026,400.1351,1.302089,349.6,140.434,21074.13,1,114.5,43.7821616666667,-79.375555,994.5,6.544446,7.313713,0,39.06437,29.2,251.8,132.1,1.5,3
2018-08-09 18:28:38.500,136.1,42.56869,1.886139,1.926522,1.211119,392.0404,400.4342,1.23705,348.7,140.5149,20961.92,1,114.8,43.7821616666667,-79.3755566666667,994.6,6.541506,7.320696,0,39.06407,29.2,239.9,120.2,1.3,2.3
2018-08-09 18:28:39.500,136.1,42.5666057804864,1.88573981067554,1.92606477929758,1.31418925546525,392.455761176757,400.84801119657,1.34229162258595,344.4,140.438857725611,20936.2682352464,1,114.6,43.7821633333333,-79.3755566666667,994.6,6.54351198966057,7.31318342621477,0,39.0633210922846,29.2,227.7,113.2,1.6,3.3
2018-08-09 18:28:40.500,136.1,42.5669703120584,1.88657573598552,1.92695908348896,1.14195602803445,391.610991851703,399.993704475345,1.16640085092797,4.9,140.480303120584,20957.2301365623,1,114.6,43.7821633333333,-79.3755566666667,994.4,6.54103696620522,7.31855510916116,0,39.0640053332543,29.2,228.3,118,1.5,2.9
2018-08-09 18:28:41.500,136.1,42.5670743164996,1.88445208506549,1.92466803751859,1.25216663534709,392.530233819124,400.907223027875,1.27888944994479,348.1,140.48003721019,20894.9708251499,1,114.6,43.7821633333333,-79.3755566666667,994.4,6.54386699511683,7.31785172311183,0,39.0630830113036,29.2,223.5,107.8,1.4,2.7
2018-08-09 18:28:42.500,136.2,42.5722868735971,1.88683123523857,1.92704596971879,1.12493402280575,392.449847144782,400.81414404386,1.14890944822508,354,140.451812531092,20868.4337945151,1,114.6,43.7821633333333,-79.3755566666667,994.5,6.53959280129143,7.31683742165792,0,39.0632524989383,29.2,219.7,98.3,1.2,2.4
2018-08-09 18:28:43.500,136.2,42.5711539208798,1.88766471516852,1.92798053124658,1.28889448378541,392.717667891673,401.105271758233,1.31642353928632,348.9,140.482244561209,20911.1655902774,1,114.6,43.7821633333333,-79.3755583333333,994.6,6.5441980541694,7.31669549474558,0,39.0621512494537,29.2,205.4,90.8,1.2,2.1
2018-08-09 18:28:44.500,136.2,42.5811901708654,1.88558062604153,1.92564560648879,1.11002016243526,392.327425471626,400.663421067837,1.13360550398927,184.3,140.427696300699,20805.6261809261,1,114.8,43.7821633333333,-79.3755583333333,994.6,6.54449422108363,7.31925678087173,0,39.0621446591534,29.2,186,68.8,1,2
2018-08-09 18:28:45.500,136.3,42.581006868059,1.88203414673862,1.92219145916067,1.09603489194303,392.089918754825,400.455887530436,1.11942079796104,15.3,140.516284548154,20891.182562803,1,114.5,43.7821633333333,-79.3755583333333,994.6,6.53564064742158,7.31835368995347,0,39.0607937479956,29.2,178.7,65.2,0.9,1.7
2018-08-09 18:28:46.500,136.3,42.5843823719375,1.8869631891725,1.92715947482437,1.09960914395843,392.079523522781,400.431756842765,1.12303271234968,21.1,140.430309684344,20857.9109345765,1,114.5,43.782165,-79.37556,994.6,6.54033543171798,7.31693651884093,0,39.0617809502312,29.2,176.6,59.5,1,2
2018-08-09 18:28:47.500,136.4,42.5793146856601,1.88632336059341,1.92648690749309,1.03488547545372,391.90165592539,400.246110605785,1.05692041742047,334.5,140.516751534602,20848.107499641,1,114.4,43.782165,-79.37556,994.6,6.54197231103701,7.31443490988653,0.1,39.0605681244914,29.2,178.1,62.3,1.5,2.9
2018-08-09 18:28:48.500,136.5,42.5773361384634,1.8877610975027,1.92795734712203,1.3085996355245,391.51401707443,399.850729174726,1.33646403116972,356.6,140.479450532939,20849.497562178,1,114,43.782165,-79.37556,994.4,6.54005707801234,7.31897146721137,0.3,39.0598612678915,29.2,174.1,56,1.5,2.8
2018-08-09 18:28:49.500,136.5,42.5826751089527,1.88618289889231,1.92640740892014,1.39976178748183,391.891330773635,400.248785350979,1.42961227221133,352.3,140.45467358352,20880.4868357978,1,113.9,43.7821666666667,-79.37556,994.5,6.53905096508378,7.31741586572047,0.3,39.0590025980859,29.1,168.6,53.9,1.5,2.9
2018-08-09 18:28:50.500,136.6,42.5800889105206,1.8890995746014,1.92950942864646,1.30768853530381,391.60887819798,399.985958109712,1.33566234390676,350.6,140.482704025486,20943.3449942191,1,113.9,43.7821666666667,-79.37556,994.6,6.53476509763792,7.31559128294949,0.1,39.0594239540326,29.1,168.2,58.2,1.5,3
2018-08-09 18:28:51.500,136.6,42.587763911628,1.88837787407342,1.92869109485598,1.07780321485596,391.336933075322,399.691126033638,1.10081303694296,348.1,140.459689297907,20901.6610448635,1,113.8,43.7821666666667,-79.3755616666667,994.5,6.5435655495365,7.31631715284022,0.1,39.0589029957338,29.1,171.5,56.2,1.4,2.6
2018-08-09 18:28:52.500,136.7,42.5809868328936,1.88558880988997,1.92603547503378,1.22724363354996,391.197178637153,399.588594469468,1.2535678606589,350.8,140.508740711666,21000.0227987259,1,113.8,43.7821683333333,-79.37556,994.4,6.53906910806898,7.31839371520494,0.1,39.0590480541793,29.1,163.7,50.1,1.2,2.3
2018-08-09 18:28:53.500,136.7,42.5825541962802,1.88517826234676,1.92552793299785,1.45808863738286,390.530803679535,398.889612172741,1.48929732217752,346.4,140.436293457181,20955.1040421203,1,113.9,43.7821683333333,-79.37556,994.5,6.53585327273048,7.32064990847056,0.1,39.0581801195327,29.1,163.5,50.3,1,2.1
2018-08-09 18:28:54.500,136.8,42.577010581163,1.88508257222358,1.92538525826235,1.09837968850975,390.086877584757,398.426699183005,1.12186223568606,113.1,140.510463844557,20931.9554903134,1,113.9,43.7821683333333,-79.37556,994.5,6.53863917659851,7.32547518224749,0,39.0570059877058,29.1,155.6,40.8,0.9,1.8
2018-08-09 18:28:55.500,136.8,42.5742977414435,1.88345084667425,1.92366487598635,1.18867126315828,391.30283145301,399.657484778759,1.21404921337497,182.5,140.465078823764,20904.5464091464,1,114,43.7821683333333,-79.37556,994.6,6.54485312645227,7.31623435927294,0.1,39.0568367888004,29.1,156.1,39.7,0.9,1.9
2018-08-09 18:28:56.500,136.8,42.5709343954817,1.88389967249566,1.92406645272157,1.3474444122276,390.855534691273,399.188837609788,1.37617040268352,182.8,140.470843741327,20875.7621416037,1,114,43.7821683333333,-79.37556,994.5,6.54282623525211,7.3195655153179,0.1,39.0565996846646,29.1,153.4,47,0.9,1.9
2018-08-09 18:28:57.500,136.9,42.5653849913144,1.88750789620776,1.927928816409,1.08906462396355,391.627463614641,400.014127699762,1.11238524538026,175.2,140.472394216851,20965.9763321582,1,113.9,43.7821683333333,-79.37556,994.5,6.53856740123747,7.31540287565142,0,39.0572594390563,29.1,168.3,55.2,1.1,2.2
2018-08-09 18:28:58.500,136.9,42.565158702551,1.88296950058627,1.92311836640784,1.30448341582262,391.669360175235,400.020530679431,1.33229931670987,170.4,140.465964923784,20876.9303811057,1,114,43.7821683333333,-79.37556,994.5,6.54055368756451,7.31607541638432,0.1,39.0560850058627,29.1,168.8,57.1,1.2,2.5
2018-08-09 18:28:59.500,136.9,42.562124933095,1.8833633619547,1.9231787992275,1.1808649200271,391.325808024859,399.598545189147,1.20582698835969,170.1,140.472266377978,20702.5809343964,1,113.8,43.7821683333333,-79.3755616666667,994.5,6.5388444372728,7.32209498066101,0.1,39.0550910946571,29.1,169.1,49.4,1.3,2.3
2018-08-09 18:29:00.500,137,42.5652440036616,1.8864306764256,1.92650655643909,1.07521269081481,391.836510465888,400.160767672433,1.09805026799707,170.8,140.430758882556,20802.3456139514,1,113.9,43.7821683333333,-79.3755616666667,994.5,6.53908369740632,7.31820590971138,0.1,39.0550661579649,29.1,158.8,44.7,1,1.7
2018-08-09 18:29:01.500,137,42.5598616694215,1.88077755427482,1.92055257348257,1.38964466759434,391.334770618411,399.610990668283,1.41903529519472,176.6,140.507949881732,20710.6374948697,1,113.7,43.7821683333333,-79.3755616666667,994.5,6.53862492909661,7.31790256198356,0,39.054871676546,29.1,158.1,54.8,1,2.6
2018-08-09 18:29:02.500,137,42.5629269476198,1.88815165361602,1.92798072975162,1.14800782186624,391.486486353099,399.744644886036,1.17222425273327,200.5,140.433795994389,20658.5956107545,1,114,43.7821683333333,-79.3755616666667,994.4,6.53922621547994,7.3240401273331,0,39.0550332968906,29.1,168.4,46.2,1.2,2.1
2018-08-09 18:29:03.500,137,42.5625284772904,1.88532837355572,1.92513837514818,1.31423711862569,391.504086594063,399.771124472274,1.34198769206965,328.6,140.469151672088,20679.2838142921,1,114,43.7821683333333,-79.3755616666667,994.5,6.54352074163956,7.31706119890143,0,39.0538087320848,29.1,167,53.2,0.9,2.1
2018-08-09 18:29:04.500,137,42.5609300135159,1.88250060896253,1.92234348308822,1.29941017956625,390.909222691314,399.182672530813,1.32691093035186,325.8,140.47507504815,20726.0897273166,1,114.1,43.7821683333333,-79.3755616666667,994.3,6.5424891586166,7.32077049700961,0,39.0537737485217,29.1,167.7,49.8,1.5,2.8
2018-08-09 18:29:05.500,137,42.5576055618972,1.88559595512644,1.92559582843407,1.27402655120516,391.426001121735,399.72950116043,1.30105369782123,324.5,140.466242843323,20772.7451982904,1,114.1,43.7821683333333,-79.3755616666667,994.5,6.53628270512332,7.32060613646283,0.1,39.053946668279,29.1,164.2,52.4,1.3,2.6
2018-08-09 18:29:06.500,136.9,42.5549819160812,1.88406464009916,1.9238729332833,1.21400772740369,391.760333161868,400.037815593925,1.23965516538794,283.7,140.467511750471,20691.7132897115,1,114.1,43.7821683333333,-79.3755616666667,994.4,6.54163121013398,7.3155792834869,0,39.0529625722863,29.1,165.1,47.1,1.1,1.8
2018-08-09 18:29:07.500,136.9,42.5603786988474,1.88417004198493,1.9238274767339,1.42458476179334,392.158450807714,400.412469894492,1.45456824539525,290.2,140.439412034467,20613.7774073811,1,116,43.7821683333333,-79.3755616666667,994.5,6.54211132330378,7.31719015439544,0.1,39.0524408890391,29.1,161.5,62.2,0.6,1.2
2018-08-09 18:29:08.500,136.9,42.5577200225979,1.88385643172339,1.92357028921255,1.28238003401594,391.948056351052,400.210927820123,1.30941205394741,210.7,140.500928292624,20646.1844263199,1,117,43.7821666666667,-79.3755633333333,994.6,6.54003957581608,7.31447216354739,0.1,39.0518200010272,29.1,171.4,28.7,0.5,0.9
2018-08-09 18:29:09.500,136.9,42.564134245735,1.8848029119395,1.92460370720158,0.996327183888879,391.77789598264,400.050847707205,1.01736462038665,177.1,140.429677460573,20679.7964149947,1,117.5,43.7821666666667,-79.3755633333333,994.5,6.54043047219989,7.3202399588109,0.1,39.0519748307004,29.1,138.4,20.1,0.8,1.6
2018-08-09 18:29:10.500,136.9,42.5635014591607,1.88437469923277,1.92409838174631,1.20654643645502,392.023446988932,400.287581961856,1.23198194680032,161.3,140.482287102888,20645.4338219774,1,118.1,43.7821666666667,-79.3755633333333,994.4,6.53628161036788,7.31833375912674,0.1,39.0511534890569,29.1,145.7,28.2,1,2.1
2018-08-09 18:29:11.500,136.9,42.5676653568381,1.88186533615355,1.92156980080527,1.32353395682365,391.614906365321,399.877403633607,1.35146055220948,151.5,140.470136086163,20662.5336782978,1,116.9,43.7821666666667,-79.3755616666667,994.4,6.53978080591062,7.31638929918401,0.1,39.0508620083479,29.2,153,44.6,0.9,1.6
2018-08-09 18:29:12.500,137,42.5793968013083,1.88423882186929,1.92387447547292,1.18762922143218,391.861342904591,400.104282449644,1.21261247305926,163.7,140.474248791443,20601.9283414109,1,117.3,43.7821666666667,-79.3755616666667,994.4,6.53962120652248,7.31801584395545,0.3,39.0503539967116,29.2,175.3,57.9,0.7,1.6
2018-08-09 18:29:13.500,137,42.5865028164477,1.88437133766225,1.92411211900625,1.31898739796401,392.038943835024,400.306949957557,1.34680425507742,181.1,140.475241515388,20654.1691437522,1,116.9,43.7821683333333,-79.3755633333333,994.4,6.53876686520534,7.32030064907919,0.3,39.0500786064027,29.2,173.4,56.1,0.7,1.7
2018-08-09 18:29:14.500,137,42.5905351446168,1.88551772308394,1.9252858002129,1.2809875550153,391.641746066407,399.90196137066,1.30800352001507,187.8,140.463459936775,20655.5736288661,1.2,117.5,43.7821683333333,-79.3755633333333,994.5,6.53680553932949,7.32367997350739,0.1,39.0496727108483,29.2,171.4,55.2,0.9,2
2018-08-09 18:29:15.500,136.9,42.5914748384355,1.88263667224606,1.92202608456685,1.30436392500049,391.97127468941,400.172269815327,1.33165777529074,178,140.498856161688,20493.7022298752,1.2,117.3,43.7821683333333,-79.3755633333333,994.4,6.54320043791775,7.32326537003737,0.1,39.0495452597184,29.2,175.4,57.5,1,2
2018-08-09 18:29:16.500,137,42.5978099122358,1.88359967935526,1.92282058449015,1.09671999811667,392.107249731635,400.271781026978,1.11955498837156,166.3,140.443430657171,20397.5960183095,1.2,117.2,43.7821683333333,-79.375565,994.4,6.54007578517946,7.32131167746777,0.1,39.0492863569768,29.2,172.7,56.2,1,2
2018-08-09 18:29:17.500,137,42.5917982202867,1.88111198906753,1.92034438717961,0.929340360630514,392.066158184147,400.24307113017,0.948723146348727,153.8,140.505114863121,20429.868226123,1.1,117.1,43.7821683333333,-79.375565,994.5,6.54282814997819,7.31670240208543,0.1,39.0490443364799,29.2,168.5,54.5,0.9,1.8
2018-08-09 18:29:18.500,137,42.5916879604148,1.884452820003,1.9238121814451,1.13755187779466,391.903725142051,400.089175437186,1.16131354059974,158.1,140.466634882498,20459.09323175,1,117.3,43.7821683333333,-79.3755666666667,994.5,6.54004221877044,7.31751931659062,0.1,39.0487863057073,29.2,171.6,52.5,0.8,1.8
2018-08-09 18:29:19.500,137.1,42.5893176838473,1.88468022414834,1.92422620574748,1.18483159910196,391.67691717844,399.895489725529,1.20968895439345,164.8,140.474716464005,20551.7366678451,1,117,43.7821683333333,-79.3755666666667,994.4,6.54246208132843,7.31626777256141,0.1,39.0482798172817,29.2,169.3,51.6,0.8,1.5
2018-08-09 18:29:20.500,137.1,42.5877920873019,1.8866371260334,1.92638172686606,1.00886982841445,391.576345026126,399.825517292152,1.03012302396268,157.3,140.471466736055,20631.9368067038,1,117.2,43.7821683333333,-79.3755666666667,994.4,6.53818897422151,7.32091596337142,0.1,39.0477788357619,29.2,169.3,53,0.8,1.7
2018-08-09 18:29:21.500,137.1,42.5877612817775,1.88299342142749,1.9226545868534,1.21258186347618,392.005114385172,400.261808191512,1.23812207086017,153.8,140.474613838254,20628.2719953415,1,117.5,43.7821683333333,-79.3755666666667,994.4,6.53918745556143,7.3231736855557,0.1,39.0474484515851,29.2,171.9,56.5,0.8,1.5
2018-08-09 18:29:22.500,137.1,42.583736328553,1.88471772557739,1.92446153195376,1.28202674515205,391.922198398717,400.186762657691,1.30906264999635,159.5,140.495695147162,20651.893888607,1,118.6,43.7821683333333,-79.3755666666667,994.5,6.54286922219325,7.31794388911908,0,39.0472588410806,29.2,178.5,59.5,0.8,1.4
2018-08-09 18:29:23.500,137.2,42.5883495729348,1.88479294163326,1.92468710310524,1.28553400610005,391.86944891836,400.163751355208,1.3127426644479,179.7,140.441789803413,20727.3815556494,1,119.2,43.7821683333333,-79.3755666666667,994.4,6.539536092365,7.31633467358006,0,39.047184440171,29.2,176.4,60.1,0.9,1.6
2018-08-09 18:29:24.500,137.2,42.5847383470747,1.88689912230034,1.92684017739784,1.1419582031539,391.425033396335,399.710564725509,1.16612895147519,166.3,140.4974125759,20728.6968594327,1,119.4,43.7821683333333,-79.3755666666667,994.5,6.53740193999731,7.32087800563153,0,39.046864234064,29.2,183,74.6,0.6,1.1
2018-08-09 18:29:25.500,137.3,42.5864363458709,1.88610516211534,1.92594489102205,1.2306728330233,391.627526267018,399.899694537663,1.25666670607152,181.8,140.441375656563,20685.5819801818,1,119.2,43.7821683333333,-79.3755666666667,994.5,6.54318392461747,7.32524411687834,0,39.0467060387404,29.2,184.9,61.1,0.7,1.3
2018-08-09 18:29:26.500,137.3,42.5798943810604,1.8860713989945,1.92601272858196,1.19871430228439,392.178473111874,400.483550577496,1.2241007743004,149.9,140.469159155207,20737.6331493247,1,119,43.7821683333333,-79.3755683333333,994.4,6.53497671646376,7.3185533935728,0,39.0457903774459,29.3,209.9,90.8,0.3,0.6
2018-08-09 18:29:27.500,137.4,42.57760528347,1.88817246318225,1.92831426379383,1.35105214830701,391.615396100684,399.94101038911,1.37977499738809,142,140.472563307441,20817.0683462797,1,118.4,43.7821666666667,-79.3755683333333,994.4,6.53529617957888,7.32324740929988,0,39.0454119219008,29.3,236.4,114.4,0.3,0.6
2018-08-09 18:29:28.500,137.4,42.5826130219866,1.8865869135295,1.92674642482791,1.47065065727886,392.100418047328,400.446971165689,1.50194878624291,191.9,140.468200934002,20843.0241939315,1,118.5,43.7821666666667,-79.3755683333333,994.4,6.53517879059512,7.31709651340361,0,39.0453049563128,29.3,232.8,114.1,0.3,0.6
2018-08-09 18:29:29.500,137.5,42.5898216300134,1.88583859123209,1.92609858150067,1.22758253004157,392.231610709378,400.605132404749,1.25378816377646,192.5,140.463088322292,20902.266500983,1,118.3,43.7821666666667,-79.3755683333333,994.4,6.53823788441529,7.32078286204192,0,39.0449000243286,29.3,238,121.5,0.5,1
2018-08-09 18:29:30.500,137.6,42.596350723796,1.88542033916477,1.92560850055806,1.32315235466403,392.011369352767,400.367026678518,1.35135726130705,346.8,140.445190364314,20870.1468599258,1,118.5,43.7821666666667,-79.37557,994.5,6.54030656103068,7.32297768599258,0.1,39.0448502040164,29.3,257.5,151.2,0.6,1.2
2018-08-09 18:29:31.500,137.7,42.5997429773211,1.88328146173025,1.92337722838466,1.14515672565641,391.898447327911,400.24214864294,1.16953745422487,338.6,140.496127452892,20846.6439251387,1,118.5,43.7821666666667,-79.37557,994.6,6.54512971368569,7.31931003336156,0.1,39.044432020841,29.3,276.6,160.8,0.5,0.9
2018-08-09 18:29:32.500,137.7,42.6042637076769,1.88345050042963,1.92362497461268,1.17263597346838,392.234497935166,400.601015075296,1.19765132115751,337.8,140.444486044352,20884.8560946933,1,118.6,43.782165,-79.3755716666667,994.6,6.54405902909338,7.31671997073296,0.1,39.0442650860565,29.3,262.9,141.7,0.4,1
2018-08-09 18:29:33.500,137.8,42.6008992132543,1.88368113208998,1.92405826022006,1.28243882724826,392.110733163031,400.515687549531,1.30992794632291,346,140.479171543792,20985.436134545,1,118.5,43.782165,-79.3755716666667,994.5,6.53870518792232,7.31730353224699,0.1,39.0438567305789,29.3,241.5,130.7,0.5,0.8
2018-08-09 18:29:34.500,137.8,42.5959715436287,1.8846535949811,1.92522796926387,1.25224376185815,391.504270586388,399.932930891824,1.27920456285173,352.3,140.474056667657,21075.1678689365,1,118.5,43.782165,-79.3755716666667,994.6,6.53816414035077,7.32179613958075,0,39.0436657153978,29.3,271.3,162.8,0.4,0.8
2018-08-09 18:29:35.500,137.8,42.5917778035945,1.88527258078125,1.92590817349347,1.23564223999004,391.453898311033,399.891302099316,1.2622838970119,355.8,140.46400214872,21099.3370658903,1,118,43.782165,-79.3755733333333,994.6,6.54182379069453,7.32066564047428,0.1,39.0432512605441,29.3,289.9,179.2,0.3,0.6
2018-08-09 18:29:36.500,137.8,42.5941109350973,1.88612294295589,1.9271219315517,1.2792937231461,391.066050173032,399.566675258389,1.30710422253073,357.6,140.473859520916,21274.6040359869,1,117.8,43.7821633333333,-79.3755733333333,994.5,6.53980401597976,7.32163298166682,0.1,39.0433527023993,29.3,316.6,197.5,0.4,0.8
2018-08-09 18:29:37.400,137.7,42.6011070617362,1.88335673633592,1.92427781066652,1.12952498292124,391.169084855957,399.668371320956,1.15406818345952,359.6,140.47588625436,21265.8505452454,1,117.8,43.7821633333333,-79.3755733333333,994.5,6.54233561564279,7.3174553497625,0.1,39.0436150350699,29.3,307.1,158.8,0.3,0.8
2018-08-09 18:29:38.500,137.7,42.6004042943073,1.88337594936489,1.92452372605459,1.20517515078466,391.169648551489,399.715800825262,1.23150796689518,344.9,140.489694477132,21380.6703739369,1,117.9,43.7821633333333,-79.3755733333333,994.5,6.54472200329059,7.32424264676544,0,39.0432733844028,29.3,272.2,156.1,0.5,0.9
2018-08-09 18:29:39.500,137.6,42.6012685277026,1.88474857907779,1.92611236679571,1.2382491674582,391.322901307745,399.911108669233,1.26542375922546,330.8,140.452067227803,21475.4818227355,1,118.1,43.7821616666667,-79.3755716666667,994.6,6.54348974097231,7.32403515865825,0,39.0430439877955,29.3,271.8,149.4,0.3,0.7
2018-08-09 18:29:40.500,137.6,42.6013875579479,1.88421935091986,1.9256886726325,1.18517152621715,391.029507342129,399.63568582367,1.21125895692791,315.4,140.508530083273,21535.1025762757,1,118.2,43.7821616666667,-79.3755733333333,994.6,6.54340329429233,7.32719493064907,0,39.0424735975951,29.3,248,114.8,0.2,0.6
2018-08-09 18:29:41.500,137.6,42.6048329727766,1.88291702851385,1.92450427205983,1.20765303393862,391.471166409797,400.117417550466,1.23432366022138,213.5,140.472918170941,21609.3401720686,1,118.9,43.7821616666667,-79.3755733333333,994.6,6.54209828977098,7.32134604383207,0.1,39.0419022563543,29.3,241.5,116.2,0.3,0.6
2018-08-09 18:29:42.500,137.5,42.6067031750087,1.88475917078006,1.92650848911718,1.09674215518717,391.319989485109,399.988118912896,1.1210443954454,201,140.460297051727,21670.9307373115,1,118.6,43.7821616666667,-79.3755716666667,994.5,6.54261908051594,7.31689486085285,0.1,39.041494836937,29.3,211.5,90.8,0.2,0.4
2018-08-09 18:29:43.500,137.4,42.6009474192354,1.88439958856333,1.92636716152926,1.22027384767209,391.004604230529,399.712692236198,1.24744750237124,197.8,140.474074081249,21785.834793388,1,118.6,43.7821616666667,-79.3755716666667,994.6,6.53844212480057,7.31482867025383,0.1,39.0411996769415,29.3,215.1,90.8,0.1,0.3
2018-08-09 18:29:44.500,137.3,42.5991117416519,1.88475482239092,1.92685392077642,1.10528189528032,391.025017293902,399.759084520319,1.12997166449737,195,140.469724269893,21848.4773075557,1,118.5,43.7821616666667,-79.3755716666667,994.5,6.53664311819491,7.31707093025416,0,39.0408307850727,29.3,0,304.1,0,0.4
2018-08-09 18:29:45.500,137.3,42.5960675618131,1.88539869786741,1.9276743769813,1.17439767305064,390.656909634,399.416463922273,1.20072973835147,189.1,140.489281653709,21930.870685691,1,118.6,43.7821616666667,-79.3755716666667,994.6,6.5376244119274,7.32090088490648,0,39.040364879796,29.3,28.3,269.8,0.2,0.2
2018-08-09 18:29:46.500,137.3,42.5962865135341,1.88287348742661,1.92521175399161,1.11822942318719,390.580518596264,399.36309987114,1.14337534612276,194.1,140.460813805566,21991.3764303469,1,118.7,43.7821616666667,-79.3755716666667,994.5,6.53763134792223,7.32097683284789,0,39.0402415512009,29.3,209.7,0.4,0.1,0
2018-08-09 18:29:47.500,137.2,42.5944376211113,1.88075402561844,1.92293680609916,1.0353660823571,390.246604552939,398.999340180052,1.05858766582817,186.9,140.503957712326,21936.7443458207,1,118.6,43.7821616666667,-79.3755716666667,994.6,6.54170459861649,7.3202948766176,0,39.039510212438,29.3,28.3,240.2,0.2,0.4
2018-08-09 18:29:48.500,137.2,42.5979480806443,1.88412200047909,1.9264574951624,1.04414044496702,390.633457777856,399.410932945098,1.06760540522382,190.7,140.461035047821,21975.9015787948,1,118.2,43.7821616666667,-79.37557,994.6,6.53979772472963,7.31471786080776,0,39.0393659683394,29.3,345,226.2,0.3,0.6
2018-08-09 18:29:49.500,137.2,42.5953780862192,1.88291571601963,1.92530171355023,1.18431622735957,390.510587670112,399.301454130996,1.21097654131438,2.8,140.457910186253,22015.4720125566,1,118.1,43.7821616666667,-79.37557,994.6,6.54079735205958,7.3206942257127,0,39.0396635452897,29.3,345.8,207.5,0.4,0.7
2018-08-09 18:29:50.500,137.2,42.5913791864649,1.88215261969396,1.92452772602756,1.24959917723812,390.367076670432,399.156046862211,1.27773232824814,198.2,140.472489047523,22018.7744132118,1,118.1,43.7821616666667,-79.3755683333333,994.5,6.54027673476168,7.32670616821905,0,39.0396302004827,29.3,297.4,192.2,0.4,0.8
2018-08-09 18:29:51.500,137.1,42.5945429340668,1.88249148717418,1.9249051940501,1.39350647376598,390.291517913762,399.085078821132,1.42490024353219,245.7,140.453316938759,22034.2875910253,1,118.3,43.7821616666667,-79.3755683333333,994.5,6.53903144124046,7.32515055020577,0,39.0383463416013,29.3,322.5,204.2,0.4,0.6
2018-08-09 18:29:52.500,137.1,42.5932646649282,1.88375947649672,1.92627806059928,1.24222578021285,390.106303741861,398.911333767937,1.27026431033918,288.9,140.464765569758,22072.6799076933,1,118.2,43.7821616666667,-79.3755683333333,994.5,6.53769462405947,7.32092394919664,0,39.0382851116906,29.3,297.5,179.2,0.4,0.8
2018-08-09 18:29:53.500,137.1,42.5934973104052,1.88428284772817,1.92672008132761,1.18587859129522,389.832433424467,398.612147181371,1.21258630311107,322.6,140.468869153042,22025.6891107778,1,118.1,43.7821616666667,-79.3755683333333,994.5,6.53644854487943,7.31943093490073,0,39.0382908897698,29.3,283.1,153.7,0.4,0.9
2018-08-09 18:29:54.400,137,42.5937280307032,1.8824527363062,1.92474937347301,1.12734828487199,389.762375448892,398.519963496317,1.15267626752532,296,140.49439176942,21975.1879577471,1,118.2,43.7821616666667,-79.3755666666667,994.5,6.5369892362776,7.32062217158424,0,39.0382821505519,29.3,297.5,179.2,0.4,0.8
2018-08-09 18:29:55.500,137,42.592169658001,1.88512747263711,1.92755799717908,1.0383494938608,390.281841542447,399.066379074739,1.06172064037771,12.6,140.457306975087,22012.603733557,1,118.3,43.7821616666667,-79.3755666666667,994.5,6.53683208328384,7.31905661029041,0,39.0381388178133,29.3,297.5,163.7,0.4,0.8
2018-08-09 18:29:56.500,136.9,42.5868082396314,1.88438041205538,1.92671009763143,1.15569472813128,390.077545664214,398.839974559299,1.18164914278561,6.8,140.480611569585,21969.659027344,1,118.1,43.7821616666667,-79.3755666666667,994.4,6.54085577341156,7.32071516219815,0,39.0381749266513,29.4,265.5,154.7,0.4,0.6
2018-08-09 18:29:57.500,136.9,42.5858335953296,1.88028679404233,1.92238474292358,1.28975699767506,389.681479338521,398.406133946622,1.3186332441537,336.1,140.471766061801,21898.9047651301,1,118.2,43.7821616666667,-79.375565,994.6,6.54394773694228,7.32081339569012,0,39.0376411772139,29.4,266.7,141.7,0.4,1
2018-08-09 18:29:58.500,136.8,42.5884118452475,1.88272737002272,1.92491139327732,1.27679370393055,389.672661935793,398.403615729004,1.305400598468,214.3,140.456686440029,21914.8926570726,1,117.9,43.7821616666667,-79.375565,994.5,6.53884265625599,7.32192327078224,0,39.0373284597737,29.4,253.1,139.1,0.6,1.4
2018-08-09 18:29:59.500,136.8,42.5852819144698,1.88502489593603,1.92724239738824,1.12683014442007,390.027222937138,398.7622959199,1.15207057294961,333.7,140.476930513671,21905.4063052089,1,118.2,43.7821616666667,-79.3755633333333,994.5,6.53965912256992,7.32129681513525,0,39.0374748590632,29.4,264.8,141.2,0.6,1.3
2018-08-09 18:30:00.500,136.7,42.5847271927795,1.882827278309,1.92484823718539,1.08795884681778,390.11854773624,398.825244048634,1.11223452584899,332.1,140.473017347215,21830.7149348616,1,118.1,43.7821616666667,-79.3755633333333,994.4,6.54332041693149,7.31697956009223,0,39.0366311294529,29.4,252.9,121.4,0.5,1.2
2018-08-09 18:30:01.500,136.6,42.584801267515,1.88169123861942,1.923533577857,1.2690715810502,390.166941146971,398.842889096125,1.29729013204986,237.8,140.490847651482,21752.6809335048,1,118,43.78216,-79.3755633333333,994.5,6.54402207593285,7.31836758519157,0,39.0364114533582,29.4,245.3,146,0.6,1.3
2018-08-09 18:30:02.500,136.5,42.5853591310614,1.88080223942438,1.92263032619108,1.29521125211957,389.722683553753,398.389881360212,1.32401542667027,216.8,140.474336912936,21755.5496827308,1,118,43.78216,-79.3755633333333,994.4,6.54315004302306,7.32077388727109,0,39.0365663048915,29.4,277.6,157.9,0.7,1.4
2018-08-09 18:30:03.500,136.5,42.5857521230727,1.88168010087011,1.92374446648686,1.21075357012827,389.310078346928,398.013013957062,1.23781552254559,264.6,140.5021,21865.828080069,1,118,43.78216,-79.3755633333333,994.4,6.54146984774217,7.32441988116196,0,39.0359884563326,29.4,280.1,154.7,0.8,1.7
2018-08-09 18:30:04.500,136.5,42.5887409373611,1.88355593747581,1.92574506247914,1.19552508799392,389.475440633454,398.199220321949,1.22230049411753,339.3,140.470375002406,21907.9665644768,1,118.2,43.78216,-79.3755633333333,994.4,6.53697253137268,7.32504900007168,0,39.0358018749885,29.4,273.9,157,0.9,2
2018-08-09 18:30:05.500,136.5,42.58705454724,1.88395092171273,1.92604073115106,1.25537397588144,389.561886185868,398.265087232831,1.28342144685807,329.3,140.458499968674,21852.7784788324,1,118.2,43.7821583333333,-79.3755633333333,994.6,6.53578320524804,7.32308239753261,0,39.0357006008289,29.4,272,156.3,1.1,2.1
2018-08-09 18:30:06.500,136.5,42.5839051966233,1.88470566863823,1.92673924696709,1.30164187558302,389.813358721469,398.507081826882,1.33067011125626,317.5,140.485325973961,21815.7563681229,1,118,43.7821583333333,-79.3755633333333,994.6,6.53732780420073,7.32093815240482,0,39.0351292819473,29.4,273.7,151.3,1.1,2.4
2018-08-09 18:30:07.500,136.4,42.5893659537677,1.88535649338641,1.92755652468748,1.30778331217325,389.620196056289,398.341089501362,1.33703717154891,321.9,140.481110194148,21893.046620015,1,117.9,43.7821566666667,-79.375565,994.4,6.53785420388295,7.320328059655,0,39.0350259233187,29.4,261.6,144.1,1.4,2.8
2018-08-09 18:30:08.500,136.4,42.5933015980484,1.88533763113726,1.92770662536432,1.14322009891386,389.474652491517,398.227322349025,1.1689100213734,323.5,140.488583702004,21979.0564005723,1,118,43.7821566666667,-79.375565,994.4,6.53713273310713,7.32307684434179,0,39.035224294786,29.4,268.1,152.6,1.4,2.6
2018-08-09 18:30:09.500,136.3,42.5972076044439,1.88510682512056,1.9273464707937,1.25909899762732,389.484457886277,398.211644991963,1.28731046502981,188.8,140.475053506067,21916.0037531058,1,118,43.782155,-79.375565,994.6,6.53757472337386,7.32220707447001,0,39.0348972080105,29.4,277.4,164.2,1.4,2.6
2018-08-09 18:30:10.500,136.3,42.6001755373503,1.88162628513218,1.92379227819863,1.31390599641112,389.608385672202,398.339270973997,1.34334876389981,241.3,140.486228194903,21918.2715049516,1,118,43.782155,-79.375565,994.4,6.54248488796934,7.32049249969039,0,39.0344769378353,29.4,283.6,163.3,1.2,2.3
2018-08-09 18:30:11.500,136.3,42.6036157475151,1.88029050623056,1.92258437692294,1.15670915098683,389.589860228018,398.353051886331,1.18271899973631,317.9,140.453839975363,21998.6363046807,1,117.8,43.7821533333333,-79.3755666666667,994.4,6.54457433876646,7.32259454415768,0.1,39.0345555017331,29.4,276.6,159.3,1.1,2.4
2018-08-09 18:30:12.500,136.2,42.6042752043064,1.88152361604809,1.92398458521686,1.19360012151856,389.67901551442,398.473104900266,1.22053680211099,320.8,140.461423653739,22069.5494861463,1,118,43.7821533333333,-79.3755666666667,994.4,6.5411598444441,7.31995053933799,0.1,39.0343816780399,29.4,266.9,150.9,1.6,3.4
2018-08-09 18:30:13.500,136.2,42.6056718121338,1.88138281226198,1.92396560123418,1.27024324971145,389.696321264232,398.51675448344,1.29898342720898,313.1,140.465628112267,22133.162271163,1,117.9,43.7821516666667,-79.3755666666667,994.5,6.53788268063166,7.31709303440163,0.1,39.034182332515,29.4,262.4,146.1,1.5,2.7
2018-08-09 18:30:14.500,136.2,42.6077625644601,1.88149590057091,1.92423046994,1.24808926662601,389.323836567957,398.166673805077,1.2764379163318,321,140.449013725265,22208.9002734722,1,117.8,43.7821516666667,-79.3755666666667,994.5,6.53807249283064,7.32067660615956,0.1,39.0339413873818,29.4,259.4,145.2,1.1,2
2018-08-09 18:30:15.500,136.2,42.6027289189571,1.88298749248209,1.92579334958851,1.37388206851075,389.19997052604,398.047620306055,1.40511383511161,352.4,140.476470566857,22227.7305561422,1,117.8,43.7821516666667,-79.3755666666667,994.3,6.53631810513321,7.32244734717865,0.1,39.0339515583753,29.4,268.7,155.8,0.6,1.1
2018-08-09 18:30:16.500,136.2,42.5993242082428,1.88483129958788,1.92768502370178,1.21043639909735,389.404633931056,398.258083991753,1.23795827646724,346.7,140.473561449981,22230.5101207947,1,117.7,43.7821516666667,-79.3755666666667,994.4,6.53723553623067,7.31988299387038,0.1,39.0334001948295,29.4,293.2,179.2,0.6,1.1
2018-08-09 18:30:17.500,136.2,42.5968382650763,1.883167864602,1.92596661910245,1.14488880761206,389.565156561284,398.418702217412,1.17090855323364,342.9,140.477545212646,22221.8217166409,1,117.9,43.7821516666667,-79.375565,994.5,6.53860836474247,7.32238208425244,0.1,39.0327458831196,29.4,281.1,167.9,0.6,1.4
2018-08-09 18:30:18.500,136.2,42.5943599989761,1.88347830160588,1.92638297387286,1.14043869875096,389.408129054742,398.278546286559,1.16641305179198,345.1,140.449278045325,22272.0832690543,1,118,43.7821516666667,-79.375565,994.4,6.5361559872948,7.32547985810949,0.1,39.033040469214,29.4,272.2,155.7,0.6,1.5
2018-08-09 18:30:19.500,136.1,42.5901380771933,1.88455185852278,1.92733979068285,0.989068603927534,389.251394884095,398.089041868389,1.01153317152179,334.4,140.464316227661,22200.3336319096,1,117.7,43.7821516666667,-79.3755633333333,994.4,6.5385166296799,7.32359042112354,0.1,39.032986655309,29.4,262.7,142.1,0.9,1.5
2018-08-09 18:30:20.500,136.1,42.5911500109561,1.88447000086215,1.92702000092973,1.03144437217868,389.607050620605,398.403950644565,1.05473477722175,326.9,140.465549909587,22080.5350244208,1,117.9,43.7821516666667,-79.3755633333333,994.4,6.53849349671215,7.32076249759069,0,39.0326199997133,29.4,260.1,140.6,0.7,1.3
2018-08-09 18:30:21.500,136,42.5943507399961,1.88419688671239,1.92661673833937,1.09198554390929,389.915228915918,398.693446194955,1.11657403576175,327.1,140.468195251902,22017.6657518656,1.1,117.9,43.7821516666667,-79.3755633333333,994.4,6.5390558217948,7.32029281346036,0,39.0327926196369,29.4,267.4,144.7,1.4,2.9
2018-08-09 18:30:22.500,136,42.5923426462952,1.88309895337358,1.92530902886372,1.22720939803509,389.592218680483,398.324969826378,1.2547150118553,118.6,140.492379306053,21923.8359127623,1,117.9,43.7821516666667,-79.3755633333333,994.4,6.54216717382339,7.32206171918906,0,39.0328065818687,29.4,277.8,161.8,1.5,2.7
2018-08-09 18:30:23.500,135.9,42.5922799990785,1.88115849515427,1.92319099472575,1.33434527189412,389.815601672892,398.525451643557,1.36416376656919,3.8,140.471850011519,21855.3848363201,1,117.9,43.7821516666667,-79.3755616666667,994.4,6.54077449319447,7.32139399485784,0,39.0320749986945,29.4,282.4,160.4,1.2,2.2
2018-08-09 18:30:24.500,135.9,42.5927267674191,1.88055684337069,1.92250030062874,1.31518834408088,390.190259954888,398.892931446016,1.3445226657902,345.4,140.477012803225,21817.0656227376,1,117.8,43.7821516666667,-79.3755616666667,994.4,6.53916398252402,7.32349470747472,0,39.032220167016,29.4,270.9,147.7,1,2
2018-08-09 18:30:25.500,135.8,42.5964231640297,1.88174101286272,1.92364235787692,1.25889256959939,390.103337729096,398.789954655239,1.286929932888,307.4,140.468245044187,21782.3131766928,1,117.7,43.7821516666667,-79.3755616666667,994.3,6.53972935781694,7.32250628581238,0,39.0324883704997,29.4,237.7,119.5,0.7,1.2
2018-08-09 18:30:26.500,135.8,42.5992273441988,1.8818422650057,1.92365153058582,1.30763601291611,390.383460573514,399.056718406657,1.33668764165103,4,140.486228283565,21734.3349856394,1,117.5,43.7821516666667,-79.3755616666667,994.4,6.53913477795304,7.31758941841349,0,39.0318693729656,29.4,237.7,117.2,0.9,1.5
2018-08-09 18:30:27.500,135.8,42.6027332199398,1.88192642486475,1.92370029225826,1.46692894797766,390.75734029184,399.43123122603,1.49949057037168,355.1,140.46876333672,21715.5055375275,1,118.3,43.78215,-79.3755616666667,994.5,6.54062654766707,7.31612406782466,0,39.0313472395481,29.4,231.3,122.2,0.7,1.6
2018-08-09 18:30:28.500,135.7,42.6043968087671,1.88104140117451,1.92261510881805,1.34241977966526,390.587902592894,399.220437998782,1.3720989892788,5,140.476132922459,21623.4176446114,1,118.5,43.78215,-79.3755616666667,994.4,6.54335473874969,7.31716863441715,0,39.0314977736853,29.4,257.8,140.9,0.9,1.6
2018-08-09 18:30:29.500,135.7,42.6021393840641,1.88399463730483,1.9255699677123,1.13256630633885,390.237291169313,398.848791882936,1.15755581870444,47,140.490588211741,21591.003075079,1,118.8,43.78215,-79.3755616666667,994.4,6.53722690261461,7.31909050744149,0,39.0311687150821,29.4,238,127.8,0.6,1.3
2018-08-09 18:30:30.500,135.6,42.6005976801584,1.88510794085428,1.92662543253252,1.16310373608121,389.854064144657,398.440174989019,1.18871229781924,28.7,140.463880509324,21549.1998557685,1,118.5,43.78215,-79.3755616666667,994.3,6.53686024462054,7.32328163698246,0,39.0305406981962,29.4,231.5,126.9,0.7,0.8
2018-08-09 18:30:31.500,135.6,42.596572488836,1.88194342824483,1.92330756494035,1.38688959951019,389.561446028656,398.123800188357,1.41737529380259,27.8,140.475006410447,21506.7053120586,1,117.4,43.78215,-79.3755616666667,994.4,6.54043962692843,7.3250967270956,0,39.0305230450149,29.4,296.6,0.4,0.2,0
2018-08-09 18:30:32.500,135.5,42.5948765227541,1.88201726050748,1.92361673751706,1.29627622966044,389.803047266184,398.419113486115,1.32491223879069,5.1,140.466594733709,21625.6046780343,1,117.3,43.78215,-79.3755616666667,994.5,6.54089665959066,7.32317318131471,0,39.0308846147157,29.4,296.5,179.2,0.2,0.7
2018-08-09 18:30:33.500,135.5,42.5944373280989,1.88436203325276,1.92616384612689,1.30394536361605,389.835115467125,398.483106050971,1.33287157854718,314.1,140.465636095258,21702.2873360803,1,117.2,43.78215,-79.3755616666667,994.4,6.53960492298883,7.3204067225638,0,39.0314134406178,29.4,279.8,159.7,0.4,0.9
2018-08-09 18:30:34.500,135.5,42.5946378982404,1.88516202005406,1.92699820711072,1.44174758814095,389.518150302034,398.16254216647,1.4737434331361,261,140.452332297037,21710.8078054165,1,117.1,43.78215,-79.3755633333333,994.5,6.53615063087774,7.31929479656756,0,39.0308991803131,29.4,257.1,129.6,0.5,0.9
2018-08-09 18:30:35.500,135.5,42.593442012907,1.88514656771306,1.92713267395252,1.31013218267609,389.22622077442,397.895117664418,1.33930447480218,228.6,140.481296121417,21786.916388961,1.1,117.2,43.78215,-79.3755633333333,994.3,6.53456986544948,7.32014212965365,0,39.0299508194967,29.4,251.9,138.8,0.4,0.7
2018-08-09 18:30:36.500,135.5,42.5982758089662,1.88524985855529,1.92745245272356,1.17680097055361,389.012641756493,397.720951211781,1.20314376494545,262.2,140.475085747838,21895.4481900708,1.1,117.8,43.78215,-79.3755616666667,994.4,6.53588428858169,7.32196125711534,0,39.0301498457452,29.4,272.7,160.7,0.4,0.8
2018-08-09 18:30:37.500,135.5,42.6061831412722,1.88468693525918,1.92695899773813,1.10068583360963,388.553204197773,397.268235408371,1.12537388959171,262.3,140.442025001203,21937.3218912121,1.1,117.7,43.78215,-79.3755616666667,994.3,6.53718618758121,7.32559276274107,0,39.0302693737668,29.4,253.8,123.8,0.3,0.7
2018-08-09 18:30:38.500,135.5,42.6058011693045,1.88449162625206,1.92679981412768,1.10267289812307,388.531059714137,397.253876691524,1.12742951112822,281.8,140.469688306955,21957.7859344157,1.1,117.8,43.78215,-79.3755616666667,994.4,6.53731556362685,7.3242377056614,0,39.0301467940226,29.4,235.5,119.2,0.3,0.4
2018-08-09 18:30:39.500,135.5,42.6046802664093,1.88462801594394,1.92700359273551,1.21333815794405,389.187286039707,397.938052740224,1.24062080680482,353.1,140.462781957282,21990.3315703584,1.1,117.4,43.7821516666667,-79.3755616666667,994.4,6.53695463934874,7.31813522578817,0,39.0297805812261,29.4,246.7,138.7,0.3,0.5
2018-08-09 18:30:40.500,135.5,42.604165562354,1.88615519835708,1.92855315077563,1.1736346917809,389.282787067715,398.033350634656,1.20001743406097,268.9,140.472420467308,21984.4863000664,1.1,117.5,43.7821516666667,-79.37556,994.4,6.53667834879907,7.3175355593323,0,39.0298887278717,29.4,249.9,134.4,0.3,0.4
2018-08-09 18:30:41.500,135.5,42.6059785714768,1.88490363984647,1.9272972325317,1.20122565725735,388.875071549529,397.621283522118,1.22824370981347,306.3,140.460064988446,21996.3830045322,1.1,117.7,43.7821516666667,-79.37556,994.4,6.53584119410732,7.32270941144225,0,39.0293187527197,29.4,254.6,179.2,0.2,0.3
2018-08-09 18:30:42.500,135.5,42.6052090754046,1.88314109712751,1.9254766321365,1.12346426924463,389.452714191925,398.208034506107,1.14872410560089,342.1,140.484399757619,21986.9546822328,1.1,117.6,43.7821533333333,-79.3755583333333,994.4,6.53591187109499,7.32177493797208,0,39.0293455754038,29.4,251.5,137.5,0.2,0.4
2018-08-09 18:30:43.500,135.5,42.6024349668807,1.88368048796599,1.92587559361852,0.997707814488559,389.877284499955,398.610671969612,1.02005792439179,341,140.480320788279,21909.5438099304,1.1,117.5,43.7821533333333,-79.3755583333333,994.4,6.53891910554038,7.31980113192729,0,39.0298259615809,29.4,0,90.8,0,0.2
2018-08-09 18:30:44.500,135.5,42.6023479675363,1.88314734604321,1.92535373648687,0.96882247266172,389.603189551557,398.335294201789,0.990535949821798,356.5,140.464732789225,21921.3748816554,1.1,117.3,43.7821533333333,-79.3755583333333,994.4,6.53933750297004,7.32124327855698,0,39.029630625514,29.4,0,179.2,0,0.4
2018-08-09 18:30:45.500,135.5,42.5997001489742,1.88137376282626,1.92341830918496,1.06076550370665,389.562390852053,398.268189200428,1.08446477457947,27.8,140.485846911007,21859.132112724,1.1,117.4,43.782155,-79.3755583333333,994.4,6.54096494345755,7.32107568529196,0,39.0291121865775,29.4,0,179.2,0,0.3
2018-08-09 18:30:46.500,135.5,42.6000046862766,1.88352996715308,1.92551081086339,1.22880147408905,389.664690601418,398.349584350041,1.25618994156224,48.6,140.457121896089,21802.2443729206,1.1,117.1,43.782155,-79.3755583333333,994.3,6.5418521253739,7.31979834413537,0,39.0287987500394,29.4,261.7,143.9,0.3,0.7
2018-08-09 18:30:47.500,135.5,42.5967966663832,1.88338961892049,1.92542271415878,1.35645300341154,389.424366650492,398.115423793616,1.38672733682314,133.6,140.478604764762,21830.5476205915,1.1,117.2,43.782155,-79.37556,994.4,6.54116738093908,7.31907461903283,0.1,39.0288366666719,29.4,271.4,154,0.6,1.2
2018-08-09 18:30:48.500,135.4,42.5978447519015,1.8817304465956,1.92372677236565,1.27827183671489,389.261369378351,397.948869221536,1.30680132776127,151.2,140.479705238809,21830.7231746484,1.1,117,43.782155,-79.3755616666667,994.5,6.54123185648459,7.32107378620766,0.1,39.0285219710376,29.4,317.9,203.7,0.6,1.1
2018-08-09 18:30:49.500,135.4,42.6005862497994,1.88387537367129,1.92576399871881,1.16696177424756,389.201225034846,397.855362551494,1.19291164983501,159.4,140.486949986343,21751.9550390411,1.1,117.4,43.782155,-79.3755616666667,994.3,6.53835425168878,7.32778162195295,0.1,39.0281000001126,29.4,328.9,207.4,0.6,1.1
2018-08-09 18:30:50.500,135.4,42.6001079376867,1.88485227058856,1.92687439725906,1.09663093293491,389.555972348395,398.241070678145,1.12107747411203,163.7,140.477754008701,21808.6201500934,1.1,117.5,43.782155,-79.3755633333333,994.5,6.53306675197329,7.3248889628376,0.1,39.0279355556313,29.4,340.5,229.2,0.4,0.8
2018-08-09 18:30:51.500,135.4,42.5972975003705,1.88462437499626,1.92654675002784,1.22611560118279,389.559425034078,398.224900041392,1.25338010067249,161,140.484099996928,21760.3262660952,1.1,117.8,43.782155,-79.3755633333333,994.4,6.53629537419605,7.32475774947799,0.1,39.027753750024,29.4,333.9,198.5,0.5,1.1
2018-08-09 18:30:52.500,135.3,42.6020370336079,1.88255250775904,1.92433976022687,1.23714782530286,389.420099913579,398.064113696946,1.26460845288134,160.9,140.483177714617,21715.1952999786,1,118,43.782155,-79.375565,994.4,6.54182270695189,7.32167638125662,0,39.0280972692529,29.4,310.8,195.1,0.5,0.9
2018-08-09 18:30:53.500,135.3,42.6101987513679,1.88378925065947,1.92570350069691,1.13096373243035,389.41391718669,398.078437503888,1.15612626330345,163.4,140.435684363589,21765.8450115768,1,118.2,43.782155,-79.375565,994.5,6.54215256223578,7.31944940639003,0,39.0280224999136,29.4,270,140.7,0.5,1.3
2018-08-09 18:30:54.500,135.3,42.6069315369716,1.88683055812067,1.92876508489872,1.19610924235083,389.593984216726,398.252759886868,1.22268984003002,175.6,140.477562918757,21741.9784482251,1,118.1,43.7821566666667,-79.375565,994.6,6.53853092099346,7.32024745690064,0,39.0279397206009,29.4,269.9,147.1,0.7,1.6
2018-08-09 18:30:55.500,135.3,42.6055904661835,1.88518695515971,1.92717376115083,1.16217711962355,389.24911136147,397.918489861825,1.18805765776493,162.5,140.457955639585,21786.9426461198,1,118.1,43.7821566666667,-79.375565,994.4,6.54203232598295,7.32027434572426,0.1,39.0275262864497,29.4,265.3,159,0.7,1.1
2018-08-09 18:30:56.500,135.3,42.6062466612504,1.8853359454327,1.92741996377475,1.07660860008646,389.078221290732,397.763150615068,1.10064016637682,155.8,140.46408295786,21834.3719154492,1,118.2,43.7821566666667,-79.375565,994.4,6.5430533796201,7.32389565682512,0,39.027656788947,29.4,297.5,179.2,0.5,0.8
2018-08-09 18:30:57.500,135.3,42.6043736961491,1.88490315820421,1.92701085763867,1.09378069854721,389.288451742381,397.984932647239,1.11821536558828,81.7,140.471897640135,21851.165667833,1,117.9,43.7821566666667,-79.375565,994.3,6.54172816365178,7.32077816880731,0,39.0274988375332,29.4,297.1,192.6,0.4,0.8
2018-08-09 18:30:58.500,135.2,42.6025399332399,1.88340393991588,1.92544760240436,1.05000203080181,389.404634990983,398.097301103586,1.07344193311402,286.6,140.473600476858,21835.438548989,1,117.6,43.7821566666667,-79.3755666666667,994.4,6.5397915506312,7.3207618423321,0,39.0270933178922,29.4,319.3,194.4,0.5,0.9
2018-08-09 18:30:59.500,135.2,42.6002899929554,1.88417987987072,1.92622656750556,1.23403405049497,389.273661927071,397.960543170192,1.2615723197687,230.7,140.482462521464,21828.5231399424,1,116.8,43.7821566666667,-79.3755666666667,994.4,6.53998981670203,7.32096955817139,0,39.0274681269538,29.4,313.9,198,0.4,0.7
2018-08-09 18:31:00.500,135.1,42.6039714094514,1.88413570269831,1.9263555934361,1.26977598677339,389.384161062915,398.109632966041,1.29822642336146,202,140.448820286726,21917.2413121653,1.1,117,43.7821566666667,-79.3755666666667,994.4,6.54103137540317,7.31839115475922,0,39.0275959374328,29.4,317.7,212.6,0.4,0.8
2018-08-09 18:31:01.500,135.1,42.6057971884439,1.884635466691,1.92678868581505,1.29209726908018,389.183346057969,397.888338348769,1.32099590691732,126.8,140.486427981325,21877.8789629612,1,116.6,43.7821566666667,-79.3755666666667,994.6,6.54386616521734,7.32253265844956,0,39.0277515619756,29.4,336.8,179.2,0.2,0.3
2018-08-09 18:31:02.500,135.1,42.6101315852553,1.88508820631918,1.92736777765859,1.20387211518803,388.883822294602,397.605801643181,1.23086768771716,115.8,140.458660342289,21936.3290029747,1.1,116.9,43.7821566666667,-79.375565,994.4,6.54153608098882,7.32130244614558,0,39.0276930159442,29.4,326.2,240.1,0.2,0.6
2018-08-09 18:31:03.500,135.1,42.6082356217466,1.88346487365273,1.92573824857322,1.09667395586608,389.465338034091,398.206506785939,1.12128832984583,80.9,140.467987528334,21951.4956000649,1.1,117.3,43.7821566666667,-79.375565,994.4,6.54046293798213,7.31957106251064,0,39.0270287495184,29.4,342.5,213,0.4,0.7
2018-08-09 18:31:04.500,135.1,42.6091634836082,1.88528598066277,1.92760409125567,1.03248030006791,389.855106728286,398.606007290112,1.05565594554346,350,140.487238125238,21953.8093544396,1,118.2,43.7821566666667,-79.3755633333333,994.4,6.53904240702592,7.31766778800562,0,39.0266477346861,29.4,265.4,127.8,0.5,1.1
2018-08-09 18:31:05.500,135.1,42.6113565604678,1.88398656723806,1.92608733336832,1.27187905528313,389.49613203782,398.200107138037,1.30028965356323,327,140.452559446544,21858.2930152453,1,118.6,43.7821566666667,-79.3755633333333,994.4,6.5411393069268,7.32211888020657,0,39.0274437483297,29.4,255.4,138.1,0.6,0.9
2018-08-09 18:31:06.500,135.1,42.6073100151433,1.88362406160527,1.92559848431559,1.20299470697795,389.498868162799,398.178324313777,1.2298033120985,311.2,140.474668932696,21797.9588934972,1.1,119.1,43.7821566666667,-79.3755633333333,994.5,6.54069748557528,7.32429169873124,0,39.0269997475216,29.4,246.3,125.2,0.4,0.9
2018-08-09 18:31:07.500,135.1,42.6063759315448,1.88644518196854,1.92857845719487,1.20409303418735,389.598180137242,398.299813017239,1.23098790703264,64.1,140.473182952337,21846.9269145558,1.1,119.1,43.7821566666667,-79.3755633333333,994.4,6.53914446554502,7.31703727369672,0,39.0270307916167,29.4,238.1,117.4,0.3,0.7
2018-08-09 18:31:08.500,135,42.6055805616173,1.88604776977828,1.92821312183219,1.27017761948287,389.707447303058,398.419977716575,1.29857447097229,102.2,140.50370282176,21867.711304854,1.1,118.8,43.7821566666667,-79.3755633333333,994.4,6.53836306929582,7.31320207083503,0.1,39.0271943140541,29.4,250.5,129.8,0.4,0.6
2018-08-09 18:31:09.500,135,42.6058177518642,1.88563813356475,1.9277247015771,1.09396061623789,390.054936659803,398.760859141161,1.11838079467288,105.7,140.465458090341,21832.4206386396,1.1,118.9,43.7821583333333,-79.3755633333333,994.5,6.54148584336155,7.31481100762831,0.3,39.0266432081084,29.4,253.2,90.8,0.4,0.5
2018-08-09 18:31:10.500,135,42.6015814170306,1.88727828970078,1.92953400448526,1.09177176900573,389.202211782415,397.916426096708,1.11621977365664,110.1,140.491700123599,21899.587350446,1,120.5,43.7821583333333,-79.3755633333333,994.3,6.5386407035331,7.32166601543082,0.3,39.026224285241,29.4,249.2,126.5,0.4,0.7
2018-08-09 18:31:11.500,135.1,42.6013690454134,1.88731476271754,1.92973127054024,1.30443967006217,388.858366598985,397.597876094091,1.33375985482473,124.5,140.501534933829,21980.7181870021,1,119.7,43.7821566666667,-79.3755633333333,994.5,6.53144322982226,7.31792619897563,0.1,39.026434761512,29.4,254.8,121.4,0.4,0.9
2018-08-09 18:31:12.500,135.1,42.6087896647352,1.88890061898813,1.93146952483179,1.32057476374188,388.63819610682,397.396705444124,1.35033448612936,126.5,140.449090788025,22039.7187693919,1,118.5,43.7821583333333,-79.3755633333333,994.4,6.53707238069957,7.31976589252748,0,39.0267015619615,29.4,231.5,108.7,0.6,1.2
2018-08-09 18:31:13.500,135.1,42.6074092775326,1.88635631245549,1.9289538801708,1.40538909126521,388.536641202372,397.310631698221,1.43712698875515,141,140.482400026572,22083.3842801425,1,118,43.7821566666667,-79.375565,994.5,6.53820697320995,7.31834491202845,0,39.026745302586,29.4,236.1,125.3,0.7,1.4
2018-08-09 18:31:14.500,135.1,42.6075217127914,1.88241070631458,1.92511570648503,1.41317177133527,388.394756373295,397.206087344471,1.44523125079219,168.1,140.438426879604,22183.2880297456,1,118.2,43.7821566666667,-79.375565,994.4,6.5422222437899,7.32178526993076,0,39.0271414479739,29.4,236,138.1,0.7,1.7
2018-08-09 18:31:15.500,135.1,42.6034950003878,1.88401499978088,1.92684749977333,1.34678675479654,388.254850007923,397.081775007571,1.37740550490373,195.8,140.489274993824,22229.6449986804,1,118.6,43.7821566666667,-79.375565,994.4,6.53775875051651,7.3245409998971,0,39.025967500112,29.5,260.6,144.4,0.8,1.5
2018-08-09 18:31:16.500,135.1,42.6035402057075,1.88250593817517,1.92528467719751,1.19988110152725,388.495360791121,397.323660791121,1.22714821483677,109.7,140.47552000566,22219.5204854514,1,116.9,43.7821566666667,-79.375565,994.3,6.53788778304556,7.31878993874118,0.1,39.0256425148347,29.5,253.5,137.8,0.5,0.6
2018-08-09 18:31:17.500,135.1,42.6048775449092,1.88406011476769,1.92682625448823,1.11299951053129,388.523424351371,397.342564820444,1.13826379446464,109.5,140.487274950071,22195.2706836554,1,111.3,43.7821566666667,-79.375565,994.3,6.53662423852529,7.3216906886169,1.1,39.0262325997997,29.5,214.2,36.5,0.3,0.8
2018-08-09 18:31:18.500,135.1,42.6069769491993,1.88343009589278,1.92619728479486,1.35682046947363,388.709123065934,397.53553680837,1.38763142025274,109.6,140.474977402962,22202.9009300929,1,107.2,43.7821566666667,-79.3755616666667,994.3,6.53822154116384,7.32255131807695,2,39.0254267367356,29.5,180.9,18,0.4,1.7
2018-08-09 18:31:19.500,135.1,42.6069315113837,1.88486210151083,1.92765558989378,1.09818129245447,388.688162369485,397.512722832611,1.12311480103793,101.9,140.435561227225,22199.5796093942,1,102.6,43.782155,-79.3755466666667,994.3,6.53888822091847,7.32150469347495,3.1,39.0258988375168,29.5,177.2,16.6,0.4,2.3
2018-08-09 18:31:20.500,135.2,42.6030064011141,1.88441089625667,1.92717470286514,1.14238288883851,388.652290624967,397.472172797087,1.16830783480312,100.3,140.495061398808,22190.0489958767,1,106.8,43.7821483333333,-79.3755233333333,994.4,6.5383684556847,7.32162046260374,4.4,39.0260854380121,29.4,143.2,5,0.4,3
2018-08-09 18:31:21.500,135.7,42.608754696777,1.88423147626119,1.92700382977876,1.18537978554695,388.994170026784,397.824317652904,1.21228788047154,106.9,140.437076273446,22196.1639601927,1,106.3,43.7821466666667,-79.3754966666667,994.3,6.53731283639289,7.31858740773184,5.5,39.025489394473,29.4,149.4,4.9,0.4,3.7
2018-08-09 18:31:22.500,135.7,42.6070870730719,1.88400074002096,1.92684805995627,1.20277030443234,389.117287394651,397.966888008746,1.23012481143885,102.3,140.466818333105,22237.1488673403,1,102.8,43.7821433333333,-79.37547,994.4,6.53847935237117,7.31823045386086,6.2,39.0250941260535,29.3,104.8,2.9,0.3,4
2018-08-09 18:31:23.500,135.2,42.604753122238,1.88604475451247,1.92895784836063,1.19043983836118,389.111746849543,397.965165597879,1.21752586877424,102.4,140.470684351539,22246.789684688,1,104.3,43.7821366666667,-79.3754383333333,994.4,6.53635708836399,7.3238343240973,7.2,39.0252956255657,29.2,105.3,0.4,0.3,4.8
2018-08-09 18:31:24.500,134.6,42.6031835088571,1.88611834139662,1.9289457718588,1.49700101574306,389.316973142024,398.157083107401,1.53098885838531,106.2,140.479507200168,22202.5841551414,1,104,43.78213,-79.3754066666667,994.4,6.53472481201341,7.3242124391361,7.5,39.0245499014454,29.2,123.7,2.9,0.4,4.9
2018-08-09 18:31:25.500,134.4,42.6023978228938,1.88401873158404,1.92664282931235,1.13664859091449,389.141970818314,397.945979363756,1.16237260029041,104.1,140.466762858407,22123.5354196227,1,102.5,43.7821266666667,-79.3753716666667,994.3,6.54139611002269,7.32154231875881,8.1,39.0252065427876,29.1,106.4,3.4,0.5,5.2
2018-08-09 18:31:26.500,134.6,42.6038494588961,1.88122598031026,1.92379934635525,1.20481737899028,389.770603481563,398.591334338829,1.23208426316309,105.4,140.461734179141,22129.8092043413,1,96.6,43.782125,-79.3753433333333,994.5,6.54156559073171,7.32599365764544,8.5,39.0240537052757,29.1,134.3,3.4,0.4,5.2
2018-08-09 18:31:27.500,134.9,42.5954311156449,1.88067159400079,1.92338546007101,1.1380362011858,390.270844665091,399.134625483395,1.16388131998657,100.5,140.50334252071,22207.5866556849,1,93.3,43.782125,-79.375315,994.4,6.54148026614912,7.32128294106189,7.9,39.0245967004339,29,116.1,3,0.7,5.2
2018-08-09 18:31:28.500,134.3,42.5942990451761,1.88642203495321,1.92927079664042,1.09918702344152,391.335159747486,400.224145427,1.12415435734904,99.6,140.438228738333,22209.9457495389,1,97.2,43.7821216666667,-79.3752783333333,994.4,6.53756524688804,7.31478110622954,8.1,39.0243747628855,29,118.4,0.4,0.5,4.8
2018-08-09 18:31:29.500,133.6,42.5929228559558,1.8820731084198,1.92474170567491,1.24097244228337,392.282718701785,401.176162858169,1.26910560046746,100.9,140.497296159652,22168.4760765578,1,102.3,43.7821166666667,-79.37524,994.3,6.5420707442076,7.3144255720221,8.7,39.0246586150004,29,307.7,2.5,0.3,4.6
2018-08-09 18:31:30.500,133.4,42.5941372096396,1.88320163173222,1.9258943692882,1.04873477574555,392.562090725652,401.461540560806,1.07250962183143,100.3,140.479701653832,22167.5668453669,1,97.4,43.782115,-79.375205,994.4,6.53688576274981,7.32021119390684,8.7,39.0238254483069,29,126.6,356.6,0.3,5.1
2018-08-09 18:31:31.500,132.5,42.5925718202358,1.88406686025987,1.92672827078955,1.25115857906867,393.591010548129,402.503066470736,1.27948663530405,99,140.473080229622,22141.6731618293,1,90.1,43.7821166666667,-79.3751716666667,994.4,6.53973320466624,7.32257311704344,8.8,39.0237709129083,29,348.3,359.2,0.2,4.9
2018-08-09 18:31:32.500,131.5,42.5852034755674,1.88249522740181,1.92512534686679,1.32915654860978,395.548142800942,404.505378156022,1.35925499579491,93.2,140.468403113478,22143.7875899292,1,86.7,43.782115,-79.3751366666667,994.4,6.5386602064153,7.32573741766023,9.2,39.0238757403135,28.9,71,356.8,0.3,5.5
2018-08-09 18:31:33.500,131.9,42.5832037068347,1.88267367380808,1.92555848074874,1.22726784672173,398.857121882676,407.94256452957,1.25522021357233,92.2,140.466838512612,22271.2054673183,1,84.4,43.7821166666667,-79.3751033333333,994.4,6.53830574917006,7.32005017392865,9.4,39.0239478801465,28.9,82.7,353.7,0.3,5.4
2018-08-09 18:31:34.500,132.9,42.5815075043568,1.8807585994115,1.92351788116585,1.03146136170402,400.141654395984,409.238838808633,1.05491399800334,89.7,140.506018639659,22229.557065895,1,80.1,43.78212,-79.3750683333333,994.3,6.54095821131263,7.32420726591826,9.4,39.0238165629025,28.8,61.1,356.4,0.4,5.6
2018-08-09 18:31:35.500,133.6,42.5796882851035,1.88427656575906,1.92712459798982,1.16320298826182,402.372296146845,411.522289371407,1.18965427374236,84.7,140.432001286262,22234.3979849757,1,78.9,43.7821266666667,-79.37503,994.3,6.53400166751689,7.31926971834975,9.8,39.0234533593634,28.8,43.9,352.9,0.5,6.2
2018-08-09 18:31:36.500,134.2,42.5701356563567,1.8828253823908,1.92564153882643,0.97888022200292,404.295185459719,413.489082221344,1.0011404635734,80.9,140.500399716705,22234.836572124,1,79.9,43.7821316666667,-79.3749883333333,994.2,6.53644158074755,7.32082720968855,9.6,39.0239553105866,28.8,27.1,353.1,0.6,6
2018-08-09 18:31:37.500,134.6,42.5673082077399,1.88315377217146,1.92604315659097,1.09398000214862,404.694538187315,413.91148352459,1.11889588562214,79.7,140.475302737167,22267.9669838753,1,74.9,43.7821433333333,-79.3749516666667,994.3,6.53908431791857,7.32229329142704,10.1,39.0237652065977,28.7,42.2,350.9,0.8,6.5
2018-08-09 18:31:38.500,134.9,42.5653296814028,1.88535608523742,1.92829116346602,1.07017877121208,404.941471087674,414.163117968002,1.09455004828875,78.7,140.462457794445,22265.7105955203,1,73.6,43.7821483333333,-79.374915,994.3,6.53409035655446,7.32699017180084,10.1,39.0241826578779,28.7,37.6,350.6,0.6,6.8
2018-08-09 18:31:39.500,134.9,42.5673301938791,1.88285656129135,1.92577769077998,1.01418731373749,405.400141704025,414.64151264075,1.03730613835269,75.3,140.478669235279,22287.5378839874,1,75.2,43.7821583333333,-79.3748766666667,994.3,6.53743670579284,7.31923898538747,10.1,39.0232821644112,28.6,31,354.2,1,7.1
2018-08-09 18:31:40.500,134.8,42.572204657516,1.88187379811099,1.9248304710724,1.194203090178,406.247942164005,415.521074215541,1.22146299267235,76.8,140.459757201691,22316.8883725622,1,76.1,43.7821633333333,-79.374835,994.2,6.54104005030384,7.31888634214716,10.5,39.0230770300429,28.5,64.1,352.2,0.8,6.6
2018-08-09 18:31:41.500,134.4,42.5697375001171,1.88263087496925,1.92566999996647,1.14049975308785,406.534537494173,415.828262493591,1.16657312815706,78.3,140.479824999136,22350.0224989409,1,76.7,43.7821666666667,-79.374795,994.2,6.5366858751766,7.32311812485156,10.7,39.022877500007,28.5,46,355.9,0.7,7.8
2018-08-09 18:31:42.500,134,42.5664514302164,1.88254846043525,1.92559846043525,1.15344277910852,407.434855045208,416.752069318585,1.17981935020352,77.1,140.450549225337,22356.7353953277,1,75.1,43.7821833333333,-79.374765,994.3,6.54008869603256,7.32088252544688,10.7,39.0228849206146,28.4,50.6,357.2,0.4,7
2018-08-09 18:31:43.500,133.3,42.5610967622974,1.88130412140067,1.92450998925615,1.01253705755681,408.268091514949,417.644325808232,1.03578885175418,73.2,140.507345536081,22450.2477237039,1,73,43.78219,-79.3747333333333,994.2,6.54144374446131,7.32546166204901,10.9,39.0227385855118,28.4,50.1,355.4,0.7,7.8
2018-08-09 18:31:44.500,133,42.5611987512441,1.8782613699208,1.92151699497456,1.09527842637898,410.15107815319,419.59682826316,1.12050330553357,71.3,140.45006238619,22511.4938374384,1,71.6,43.7821983333333,-79.374695,994.3,6.54600650784535,7.32065161548207,11.1,39.0226237498311,28.3,49.5,354,1.2,8.6
2018-08-09 18:31:45.500,132.7,42.5636304125486,1.88073344210221,1.9244888771364,1.03246076582251,412.258599035291,421.849832747587,1.05647875567099,73.3,140.473265671002,22736.0855221917,1,76.1,43.7822033333333,-79.374655,994.2,6.53640897419476,7.32228835435854,11.1,39.0225566317737,28.2,54.8,358.3,1.2,7.9
2018-08-09 18:31:46.500,132.6,42.5713607268129,1.87676412313378,1.92081047259554,1.0740649512319,414.292582331293,424.015807214024,1.09927405103947,74.3,140.495332820276,22931.1741342124,1,75.8,43.7822116666667,-79.3746133333333,994.2,6.5413828336247,7.32469766489636,11.6,39.0225062310187,28.2,53.3,354.6,1.1,8.1
2018-08-09 18:31:47.500,132.1,42.5795133448863,1.87745990689861,1.92202566959616,1.27232321579541,416.320655265799,426.203207879578,1.30253079504432,73.9,140.429228459583,23187.1899018147,1,73.5,43.782225,-79.37458,994.4,6.53685518165381,7.32264471045291,11.8,39.0236942876594,28.2,42,352.7,1,8.4
2018-08-09 18:31:48.500,131,42.5748043610827,1.87874622167911,1.92376559770557,1.14444759125992,419.27298205576,429.319932436752,1.17186817661097,70.8,140.493775183098,23401.7426725026,1,75.2,43.7822366666667,-79.3745466666667,994.2,6.53746856551927,7.32025461953479,11.6,39.0229590603037,28.2,50.2,355.3,0.9,8.3
2018-08-09 18:31:49.500,129.6,42.5797195499897,1.87947454332943,1.92499473867568,1.00946708107998,421.867032113024,432.084580363146,1.03391282138658,70.9,140.450389627368,23646.9138605685,1,75.9,43.7822466666667,-79.37451,994.2,6.53723686709984,7.32412137828985,11.4,39.0223356306622,28.1,50.5,355.2,1.1,8
2018-08-09 18:31:50.500,128.2,42.5742652851898,1.8760843829016,1.92203284272065,1.18543974658184,425.256365001114,435.671543413593,1.21447661833569,71.4,140.501293823154,23905.9342400348,1,79.1,43.782245,-79.3744616666667,994.2,6.53570211218938,7.32480678128081,11.6,39.0219023038116,28.1,48.1,354.4,1,8
2018-08-09 18:31:51.500,127.9,42.5717290659964,1.87499150137975,1.92131506328708,1.31746789321175,427.419487348574,437.979508999835,1.35001935660113,74.3,140.456346961077,24110.5559308397,1,76.6,43.7822566666667,-79.3744166666667,994.1,6.53847308873431,7.32051978870533,11.6,39.0228668732753,28.1,47.9,357.2,0.9,7.3
2018-08-09 18:31:52.500,128.4,42.5718055641734,1.87665002028287,1.92330103267952,1.00609423640167,428.373158351687,439.022002563944,1.03110050942211,71.6,140.506562602646,24255.8225176441,1,69.1,43.78227,-79.3743816666667,994.2,6.5366653521655,7.31909571241248,11.2,39.0227765533019,28.1,36.5,0.4,0.5,6.5
2018-08-09 18:31:53.500,128.6,42.5646106272838,1.8772216648057,1.92431848793469,1.31837448448515,427.568176088305,438.29539356396,1.3514573063824,67.4,140.502644119447,24474.8399692064,1,61.3,43.7822816666667,-79.3743433333333,994.2,6.53508532569789,7.31868049819161,10.5,39.0222259137531,28.1,43.6,356,0.5,7.2
2018-08-09 18:31:54.500,128.4,42.5629399995879,1.87361862357152,1.92093443614328,0.756445674218684,425.897024373413,436.652549382097,0.775543074684086,62.6,140.425118719863,24631.8088045854,1,60.6,43.782305,-79.37431,994.2,6.540603127213,7.3235701269304,10,39.0231643753864,28.1,17.4,354,0.4,6
2018-08-09 18:31:55.500,127.8,42.5569445694614,1.87754190156679,1.92515950460276,1.13381095493491,422.94829862459,433.675004622801,1.16256790912946,57.7,140.499736099049,24734.6008225043,1,58.7,43.7823233333333,-79.3742833333333,994.3,6.53127253508713,7.31783157850965,10,39.0224488339161,28.1,27.3,355.3,0.8,6.6
2018-08-09 18:31:56.500,127.5,42.5598379748444,1.87429754841112,1.92214051733465,1.19086822502771,420.164450145902,430.889556381936,1.2212662656646,53.9,140.471163903794,24890.735063488,1,54.8,43.7823383333333,-79.3742566666667,994.1,6.53797513271545,7.31659048506057,9.8,39.0229444546063,28.1,32.1,354.3,1,7
2018-08-09 18:31:57.500,128.1,42.5616035909401,1.87874783528575,1.92673827254441,1.09511520880614,417.352551642906,428.013315821768,1.12308811957616,49.6,140.497498385956,24907.4532692346,1,52.4,43.78236,-79.3742216666667,994.1,6.53613309794592,7.31323209971118,10.1,39.0220840641204,28.1,26.2,355.2,0.8,7.6
2018-08-09 18:31:58.500,128.5,42.5638419029629,1.87500276521274,1.92304643184058,1.17043550473322,416.027948613423,426.688024801839,1.20042645533259,49,140.456328606854,24983.2751752721,1,51.9,43.78238,-79.37419,994.2,6.53429423953049,7.31462618918121,11.1,39.0230685705726,28.1,28,354.6,1,8
2018-08-09 18:31:59.500,128.7,42.5643979930309,1.87559513662903,1.92366687239889,1.14136967619983,413.326280247365,423.919853198728,1.17062316167776,48.7,140.493566196119,24989.6140452194,1,50.9,43.7823966666667,-79.374165,994.2,6.53299079340329,7.31670948369576,11.2,39.0223860539707,28.1,40.1,358.1,0.8,7.5
2018-08-09 18:32:00.500,129.1,42.5666220123354,1.87519264428083,1.92320463614687,1.11692319163596,411.212115117521,421.740739707089,1.14552034403583,47,140.480343291718,24964.6599374271,1,51.1,43.7824133333333,-79.3741333333333,994.1,6.53365165858248,7.32137407752658,10.9,39.0223214024372,28,26.6,357.5,0.7,7.3
2018-08-09 18:32:01.500,130,42.5725298357809,1.87580617400205,1.92380742797763,1.04799627052232,409.819180591251,420.306244119786,1.07481460551059,47.3,140.429541317217,24951.0460434662,1,51.5,43.7824266666667,-79.3741033333333,994.2,6.53751159955501,7.32575955161707,10.9,39.0219907939624,28,26.5,356.2,1.1,7.8
2018-08-09 18:32:02.500,130.8,42.568505426007,1.8760411197362,1.9240479329417,0.943685457233463,407.472635997082,417.899625734697,0.967834002678369,48.9,140.513838554753,24951.1341224681,1,53.6,43.7824433333333,-79.3740683333333,994.1,6.53302325256217,7.32418207324286,11.1,39.0220575094068,27.9,22.3,351.5,1,8.3
2018-08-09 18:32:03.500,131.9,42.5785070676145,1.87693474737094,1.92509527965714,0.934258592390984,405.962482615235,416.379217073999,0.958231073019264,53.4,140.420445484861,25017.4542956494,1,55.6,43.7824583333333,-79.3740316666667,994.1,6.53536104201886,7.32018732216885,11.4,39.0223650962098,27.8,35.8,353.7,1.2,8.8
2018-08-09 18:32:04.500,133.5,42.5743589786647,1.87659565373073,1.92489743318468,1.2934462235969,404.002196303142,414.400882926817,1.32673906904602,55.3,140.481399966848,25093.3526374719,1,57.7,43.7824716666667,-79.373995,994.1,6.53622383420921,7.31999407880907,11.6,39.0223503149711,27.8,34.3,355.7,1.1,8.1
2018-08-09 18:32:05.500,134.9,42.5715927703619,1.87442335677611,1.92275393531634,0.871312790309571,401.94788401527,412.31183035201,0.893778640707093,57.1,140.482301560962,25136.1011178921,1,64.5,43.7824833333333,-79.3739566666667,994.2,6.53779036801786,7.32498581239201,10.9,39.0211785754491,27.8,30.3,350.3,1.2,7.8
2018-08-09 18:32:06.500,135.1,42.57731,1.87761,1.926055,1.103248,400.2694,410.5969,1.131713,62.6,140.4533,25152.27,1,66.7,43.7824966666667,-79.3739216666667,994.1,6.524574,7.324013,11.1,39.02152,27.8,23.9,350.2,1,7.4
2018-08-09 18:32:07.500,135.3,42.5743960192564,1.8770587063458,1.92547515721013,1.25412624417244,399.145351617201,409.440856896199,1.28647491107569,66.4,140.490216985772,25145.2508504385,1,67.6,43.782505,-79.373885,994.1,6.53284438926598,7.3169249387317,10.9,39.0217562687089,27.8,26.4,350.7,0.9,7.4
2018-08-09 18:32:08.500,134.8,42.58047,1.877676,1.925843,1.052258,398.2713,408.4879,1.079251,69.3,140.4274,25010.9,1,71.6,43.782515,-79.3738516666667,994.1,6.53205,7.320807,10.7,39.02217,27.8,34.2,352,0.9,7.3
2018-08-09 18:32:09.500,133.4,42.57793,1.872698,1.920769,1.115383,397.9722,408.1879,1.144014,68.7,140.5178,25026.82,1,74.5,43.782525,-79.3738183333333,994.1,6.53694,7.315047,10.7,39.02165,27.8,34.6,352.1,0.7,7.2
2018-08-09 18:32:10.500,131.6,42.5840180408126,1.87501612104833,1.92322259623521,1.17856819285609,397.875863242834,408.105068897673,1.20886867824612,71.4,140.453264602877,25065.2415601924,1,74.7,43.782535,-79.3737816666667,994.2,6.5393675232818,7.32208377605803,11.1,39.0222658378044,27.8,21.8,352.1,0.8,6.7
2018-08-09 18:32:11.500,130.7,42.5834278245474,1.87415989897671,1.92214015142921,1.16449995694568,396.568754079909,406.721393117233,1.19431246021293,72.8,140.513252040368,24962.1755864039,1,73.9,43.7825433333333,-79.3737416666667,994.1,6.53415918968247,7.32419956725212,11.2,39.0213740971134,27.8,20.9,350.9,0.7,7.3
2018-08-09 18:32:12.500,130.7,42.5884707697897,1.87459053351512,1.92239506516432,1.06901219188511,395.846585852957,405.94112751768,1.09627334142492,74,140.501124507052,24867.0068585381,1,76.9,43.78255,-79.3736983333333,994.1,6.5384325798676,7.32238819059493,11.4,39.021188265708,27.8,35,351.6,0.9,7.7
2018-08-09 18:32:13.500,131.2,42.5959828189524,1.87828032464635,1.92629935113706,0.97266952298145,394.647596090857,404.737067505567,0.997536055464052,76.1,140.424025308953,24928.4095945309,1,78.5,43.7825516666667,-79.3736566666667,994.1,6.53603513659839,7.32475559412805,11.6,39.0210831605869,27.8,47.9,353,1,8.3
2018-08-09 18:32:14.500,131.2,42.5952122300609,1.87733499276475,1.92516312066205,1.16184985017573,394.220024915014,404.263238824081,1.19144967723425,80.7,140.500146064273,24843.3376173179,1,82.7,43.782555,-79.3736166666667,994.1,6.5324166089128,7.31700953691256,11.4,39.0211778219479,27.7,52.4,352.3,1,8.2
2018-08-09 18:32:15.500,131,42.597070122149,1.87338965657806,1.92097565199747,1.11980071258678,392.389615224513,402.356613392278,1.14824448905004,82.1,140.462532184906,24771.7072250459,1.1,90.1,43.7825533333333,-79.3735766666667,994.2,6.53779593360524,7.32958697601134,11.4,39.0211046956115,27.7,47,351.5,1.2,7.9
2018-08-09 18:32:16.500,130.6,42.5945955569844,1.87469048608599,1.92236799363876,0.930572111525673,393.354834704988,403.358653654632,0.954238595353631,87.6,140.506434775305,24801.422218854,1,95,43.7825533333333,-79.3735383333333,994.1,6.53404978896839,7.31749266285994,11.2,39.0209338079317,27.7,56.1,350.9,1.3,8.4
2018-08-09 18:32:17.500,129.3,42.595161545166,1.87693473568275,1.92450929074153,0.972147024896587,393.809317049946,403.791203228799,0.996787394050508,90.9,140.471620140017,24720.5867994761,1,100.6,43.7825516666667,-79.3735,994,6.53312193631332,7.32425474467014,11.1,39.0205949647694,27.7,54.9,349.9,1.3,8.2
2018-08-09 18:32:18.500,128.3,42.5997238302856,1.8742388432078,1.92160353472208,1.19490563637038,396.398282744099,406.415850666651,1.225102795137,93.2,140.476033503765,24648.5836185493,1,99.9,43.7825533333333,-79.3734633333333,994,6.5370573936967,7.32465441818576,11.1,39.0214938509143,27.7,66.8,352.2,1.2,7.9
2018-08-09 18:32:19.500,125.4,42.6015118766343,1.87933593321413,1.92675443288583,1.01729997384497,398.645857734323,408.704426474748,1.04296685120497,93.5,140.471068716234,24610.8530131844,1.1,104.2,43.7825516666667,-79.373425,994,6.53246075116056,7.31978724486531,10.7,39.0209899998848,27.7,68.7,350.9,1.1,7.7
2018-08-09 18:32:20.500,123.7,42.6031362515474,1.87403974912531,1.92104193659094,1.13740896392993,400.633312332242,410.681637325407,1.16593540208596,95.4,140.432893732203,24467.2806187623,1,108,43.78254,-79.37339,994.1,6.53382437545348,7.31336887417714,10.5,39.020855624952,27.7,68.7,352.4,1.2,8
2018-08-09 18:32:21.500,123.3,42.596097095661,1.87829722977579,1.92545602366229,1.01773929291309,401.472291136041,411.552167768421,1.04329111605268,102,140.515194097419,24492.2466302098,1,114.4,43.7825233333333,-79.3733583333333,994,6.53194532870135,7.31766862482692,10.1,39.0211009212123,27.7,78.4,352,1.4,7.8
2018-08-09 18:32:22.500,123.5,42.6066190789157,1.87781689457353,1.92471514685447,1.20652903008842,401.898179161681,411.935633082735,1.23666135166667,107.9,140.427248951935,24366.4989616939,1.1,122.9,43.782505,-79.3733266666667,994.1,6.53846375782875,7.32301328581838,10,39.0212809741058,27.7,87.3,352.9,1.1,7.2
2018-08-09 18:32:23.500,124.2,42.6085381095798,1.8755622347627,1.92203411016496,1.20069990549281,402.31288657323,412.281386563478,1.23045161896328,113.9,140.479981232325,24178.7528956823,1.1,118.6,43.7824916666667,-79.3732966666667,994.1,6.53612723798081,7.31965541395532,9.8,39.0208062513409,27.7,94.6,354.4,0.9,7.3
2018-08-09 18:32:24.500,124.8,42.6109494048727,1.87799537025128,1.92437833850861,1.06533377244768,403.417879693512,413.381630080702,1.09164188899723,116.4,140.480879494881,24103.0643106962,1.1,116.9,43.7824766666667,-79.3732666666667,994,6.53795929233398,7.32279736388952,10,39.0206267953134,27.7,104.3,352.8,1.1,7.6
2018-08-09 18:32:25.500,125.3,42.611367937278,1.87902492091098,1.92509009554757,1.31001640914664,403.430968245396,413.32135079089,1.34213261122612,119.2,140.46158409066,23929.0104900952,1,125.4,43.7824633333333,-79.3732366666667,994.1,6.53776328572736,7.31767464193935,9.8,39.0208725409175,27.7,89.3,352.6,0.6,7.1
2018-08-09 18:32:26.500,125.8,42.6108781249906,1.87869868673824,1.9247277804132,0.994473256625348,403.439315639678,413.323690627973,1.01883862961854,122.7,140.478449969039,23914.5205964082,1,126,43.78245,-79.3732083333333,994.1,6.53753365513569,7.32346734466798,9.8,39.020073124915,27.7,110.9,359.7,1.2,7.5
2018-08-09 18:32:27.500,126.6,42.6104592996408,1.87738198615426,1.92324699019092,0.873901965877618,403.388305049863,413.243222084539,0.89524653217953,123.4,140.4270530618,23847.6700686247,1.1,125.3,43.782435,-79.3731783333333,994.1,6.53515475142295,7.32542480442415,10,39.0199349949542,27.7,105.6,355.4,1,7.4
2018-08-09 18:32:28.500,127.2,42.6054845926076,1.87924726248089,1.92486048629137,1.26785870252424,402.405727106788,412.172949925266,1.29863382165168,124.8,140.514414873763,23696.8819755313,1.1,124.5,43.7824216666667,-79.3731466666667,994,6.53270944403152,7.32702182117896,10,39.020209703148,27.7,101,355.1,0.9,7
2018-08-09 18:32:29.500,127.8,42.6027582525225,1.88056692842567,1.92598336209534,1.10934943870421,401.959349800547,411.666779586451,1.13614090886499,124.6,140.444889950723,23580.8892735932,1.1,118.3,43.78241,-79.3731183333333,994,6.53628832339287,7.32045415001738,10,39.020010805549,27.7,115,359.4,1,7
2018-08-09 18:32:30.500,128.2,42.5991301535646,1.87983645602788,1.92478751423746,1.10080364517634,402.351864967278,411.973110078123,1.12712671899576,122.5,140.511344218453,23354.0211247801,1.1,124.8,43.782395,-79.3730933333333,994,6.53477811162644,7.32403369104088,9.6,39.0199217784503,27.7,119.6,358.9,1,7.4
2018-08-09 18:32:31.500,128.8,42.5993054160015,1.88155241132545,1.92656964657543,1.24848686317063,403.10317306218,412.747672857167,1.27835923231134,125.9,140.48165240999,23366.5043157366,1.1,129.6,43.7823766666667,-79.373065,994,6.53506345389823,7.32163704970035,9.8,39.0191810087501,27.7,119.4,359,1.1,7
2018-08-09 18:32:32.500,129.1,42.6042923023152,1.88285099719889,1.92777660663725,0.973301589129733,401.772521964592,411.359043852264,0.996523988922399,129.9,140.448167009206,23304.5585392603,1.1,125.9,43.7823566666667,-79.373035,994,6.52894628939696,7.32323280593997,9.8,39.0197082405077,27.7,128.2,358.8,0.9,6.9
2018-08-09 18:32:33.500,129.4,42.5960014815773,1.87932646920059,1.92397675387657,1.10023523915319,401.115447939167,410.645368865672,1.12637644550837,129.3,140.48154124646,23207.1882376567,1.1,123.6,43.7823416666667,-79.373,994.1,6.53517388483386,7.324680000983,10.1,39.0199575606223,27.8,137.8,0.4,1,6.9
2018-08-09 18:32:34.500,129.3,42.5937898359769,1.88039584240609,1.92478024612091,1.06390387968998,400.982241585972,410.446916298553,1.08901706273542,126.2,140.462615140254,23059.2491976036,1,125.3,43.7823316666667,-79.3729633333333,994,6.53172870507203,7.32129071673084,10.5,39.0194642084108,27.8,105.9,358,0.4,6.2
2018-08-09 18:32:35.500,128.8,42.5900437079289,1.88004442047682,1.9242806051665,0.98412436348505,400.437090243452,409.859070690424,1.00727263937929,125.6,140.508897134044,22988.1527153537,1,122.8,43.7823133333333,-79.3729283333333,994.1,6.53412036569577,7.32318603450288,10.3,39.0191213161117,27.8,101.3,356,0.3,6.7
2018-08-09 18:32:36.500,128.8,42.5893163858464,1.88031764132161,1.92425906469921,1.27539362585306,399.489598807938,408.825550977599,1.30519961382903,126,140.451883620051,22835.8655853975,1.1,118.7,43.7822916666667,-79.3729,994,6.53854048211139,7.32476612265174,10.9,39.0194409831901,27.8,142.9,2.2,0.5,6.6
2018-08-09 18:32:37.500,129,42.585832098809,1.88069210215341,1.9245333812514,1.06971480010043,399.933744489441,409.256611682232,1.09464949029575,126.8,140.508477442354,22779.9776894802,1,119,43.782275,-79.37287,994,6.53286228758613,7.31937735561065,11.1,39.01963,27.8,149.8,359.7,0.3,6.5
2018-08-09 18:32:38.500,129,42.5838517563843,1.87990876323399,1.92343283057539,1.14396812052203,399.520995652495,408.770831766414,1.17045115491084,125,140.46997337413,22628.4642108925,1,112.7,43.782265,-79.3728383333333,994,6.53548369038477,7.31463330304841,11.1,39.0195924182653,27.8,127.7,3.1,0.5,6.6
2018-08-09 18:32:39.500,129.2,42.5778227066913,1.87919946994875,1.92253789491328,1.24780634690329,398.214684844445,407.398320888544,1.27658458243975,117.6,140.450497617073,22542.1591009707,1,105.1,43.7822566666667,-79.3728033333333,994,6.53499961579527,7.31827608409559,10.9,39.019348541371,27.9,140.3,0.4,0.1,6.1
2018-08-09 18:32:40.500,129.8,42.5714607091642,1.8831221735205,1.92636343716334,1.12785604760929,397.739776800904,406.872881567071,1.15374950542688,108.7,140.48910047551,22447.0746239051,1,98.4,43.78225,-79.3727766666667,994,6.53805114595654,7.31744883323947,10.5,39.0193387755859,27.9,79.5,358.2,0.3,6.3
2018-08-09 18:32:41.500,130.3,42.5717045643847,1.88289022374011,1.92566725732173,1.24483776863748,396.881908763062,405.898696345542,1.27311892444647,99.9,140.431917814179,22214.372904782,1,90.9,43.78225,-79.3727466666667,994,6.53731809372139,7.32364202884871,9.6,39.0198331399097,27.9,68.2,353.5,0.4,5.6
2018-08-09 18:32:42.500,131.2,42.561127788328,1.88026311995423,1.92289891020846,1.34310686632433,397.111849639845,406.116724287376,1.37356074567741,96.2,140.477616596685,22173.009679305,1,97,43.78225,-79.37272,994,6.53780203724906,7.32157302060916,9,39.0189289189137,27.9,54.5,352.6,0.5,5.4
2018-08-09 18:32:43.500,131.8,42.5580314129943,1.88541573676808,1.92795998524039,1.41691311418346,397.580603796583,406.552144935966,1.44888612377808,92.7,140.463496587345,22067.2073827152,1,86.7,43.7822566666667,-79.372695,994,6.5318143856332,7.32710426765336,7.9,39.0183331211808,27.9,41.9,349.6,0.6,5
2018-08-09 18:32:44.500,132.1,42.5548236635101,1.88489371778318,1.92743106714643,1.20928944708847,399.358298264402,408.370966495747,1.2365798448629,86.5,140.498263583286,22069.791309596,1,80.8,43.7822583333333,-79.3726716666667,994.1,6.53460010236288,7.32359775210351,7.5,39.0184214277504,27.9,47.2,352.1,0.7,5.1
2018-08-09 18:32:45.500,131.7,42.5505244626407,1.88355024122678,1.92602414609226,1.43454486820296,400.15893174989,409.182607947068,1.46689346604261,82.7,140.449931673125,22052.8533495394,1,82.8,43.7822633333333,-79.37264,994.1,6.53779467277748,7.32057031481211,7.5,39.0188017460521,27.9,53.2,352.2,0.8,5.7
2018-08-09 18:32:46.500,131.9,42.5567095053363,1.88395522898021,1.92646654440334,1.08198863868556,400.143841644643,409.173033652459,1.10640439765501,80.6,140.437501766274,22066.9765472718,1,71,43.7822716666667,-79.3726083333333,994,6.5351975198097,7.32042529388217,8.3,39.0185832664794,27.9,60.1,353.1,0.8,6.4
2018-08-09 18:32:47.500,133.1,42.5529412223261,1.88123398293634,1.92374378306586,1.19478596484655,400.26374112174,409.308383366989,1.22178364292416,75,140.496547165576,22097.2900442782,1,65.3,43.7822866666667,-79.3725683333333,994,6.54038804531755,7.32315387784257,8.8,39.0179779015935,27.9,62.7,352.7,1.1,7.2
2018-08-09 18:32:48.500,134.2,42.5587383367348,1.88472486106004,1.92730476435168,1.17445451546343,400.937352983342,409.995374195763,1.2009892004095,70.4,140.447794449197,22092.9893468283,1,66.2,43.782295,-79.3725316666667,994,6.5372264835418,7.31841536721516,10,39.0192366152074,27.8,48.7,353.5,1,7.5
2018-08-09 18:32:49.500,134.9,42.5559824965058,1.88056437491668,1.92309399987098,1.38909829383753,400.742815657379,409.805678219467,1.42051360305705,71.3,140.514999933342,22115.1562278255,1,66.9,43.7823066666667,-79.3724933333333,994,6.53850275757427,7.32295469353281,10.5,39.0176943749597,27.7,54.1,353.9,0.9,7.7
2018-08-09 18:32:50.500,135.1,42.5541695059665,1.88046029548187,1.92293317110858,1.24524019823752,402.80895096019,411.906934256875,1.27336883089376,70.7,140.471333139825,22087.5926627986,1,67.1,43.78232,-79.3724533333333,994,6.54230596971308,7.32494418283661,10.9,39.0176638033248,27.6,51,356,1.1,8.1
2018-08-09 18:32:51.500,136.1,42.5550841406173,1.88131943376341,1.9237548514652,1.0151883077181,403.332848475279,412.430494865659,1.03808636330073,69.3,140.463279849298,22058.7316118288,1,67.3,43.7823333333333,-79.372415,994.1,6.53915684852627,7.31935758919591,11.2,39.0177050646573,27.6,47.6,354.1,1.1,8.1
2018-08-09 18:32:52.500,137.2,42.5548671021053,1.88530691718592,1.9280421186837,1.0169608859454,402.616195124158,411.7424669232,1.0400138550192,66.6,140.474907820953,22165.1183017793,1,66.3,43.7823466666667,-79.372375,994.1,6.53835613625473,7.32350902590707,11.2,39.0180397983567,27.6,46.7,351.5,1,7.8
2018-08-09 18:32:53.500,138.8,42.5554713012156,1.88415526145701,1.92691642815258,1.15490171234369,401.207599947976,410.313174287831,1.18111221711254,66.1,140.463398566991,22191.7563673479,1,74.8,43.7823566666667,-79.3723433333333,994,6.53660241024397,7.32654773877956,11.4,39.0181434633393,27.6,24.9,353.2,0.8,7.5
2018-08-09 18:32:54.500,139.9,42.5493654405831,1.88255424799265,1.92530679784774,1.05505074866399,401.472836195944,410.590228576924,1.07901112149321,65.8,140.49528912618,22205.6034736993,1,75.8,43.7823683333333,-79.37231,994,6.532719156111,7.32198442036329,10.3,39.0176140616983,27.6,46.5,354.1,0.9,7.6
2018-08-09 18:32:55.500,140.4,42.550168971598,1.88291198899361,1.92566060877695,1.0298763671613,402.303330102045,411.437015832202,1.05325765131982,66.1,140.442688973006,22199.4115814859,1,76,43.78238,-79.3722783333333,994,6.53525537688383,7.31656893111648,10.1,39.0178927421706,27.6,41.8,353.5,0.9,7.1
2018-08-09 18:32:56.500,140.2,42.5443262914055,1.8815567380609,1.92426533015092,1.28444487632671,401.954658522427,411.078492814025,1.31360004979079,67.1,140.508971431173,22194.7838746465,1,72.7,43.7823966666667,-79.3722516666667,994,6.53647439103664,7.3210390643616,9.6,39.0176264021068,27.5,39,353.8,0.9,6.9
2018-08-09 18:32:57.500,140,42.5435898852528,1.88098063947533,1.92368186217815,1.3425047528246,401.202424568804,410.310332039893,1.3729821823228,63.7,140.46187255715,22197.6361059175,1,64.6,43.7824066666667,-79.37223,993.9,6.53657632617207,7.32782512645447,9.4,39.0177712643658,27.5,21,350.7,0.8,6.2
2018-08-09 18:32:58.500,139.5,42.5490374244466,1.88473360826862,1.92754796984363,1.21239038615277,401.00291147514,410.112066287276,1.23993115133733,64,140.460439707951,22211.5136646218,1,75.3,43.7824183333333,-79.3722083333333,994,6.53612947639141,7.32738021854059,7.5,39.017607957014,27.5,36.9,352.1,1,6.1
2018-08-09 18:32:59.500,140.4,42.5504159909543,1.88638095420444,1.92938794997124,1.22307614704699,400.200857162925,409.324954930873,1.25096099508412,60.9,140.476371065046,22290.5908692548,1,72.8,43.7824183333333,-79.3721816666667,993.9,6.5335003752157,7.32370353708914,6.8,39.0173175144314,27.5,35.3,347.6,1,5.1
2018-08-09 18:33:00.500,140.9,42.5580544742035,1.88546309331807,1.92848745850933,1.26889260680859,399.46745577475,408.582850897392,1.29784831181764,67.1,140.455107837613,22309.8523935851,1,79.6,43.7824233333333,-79.3721633333333,993.9,6.53640528155248,7.32243052908577,6.2,39.0175487858284,27.6,30.1,347.8,0.8,4.6
2018-08-09 18:33:01.500,139.9,42.558609996813,1.88336175115672,1.92653800119416,1.30412800695377,398.563900947648,407.700925971742,1.3340245071208,66.6,140.477275030814,22411.02500551,1,80.2,43.7824283333333,-79.37214,993.9,6.53806099339949,7.32400449871945,5.7,39.0178350003648,27.6,23.9,342.1,1,4.3
2018-08-09 18:33:02.500,137.8,42.5587638840962,1.88256418708654,1.92571573796167,1.34206256462048,397.597852441111,406.711324587496,1.37282444779635,68.7,140.467054886529,22407.7945121852,1,72.5,43.78244,-79.3721283333333,993.9,6.54190937057164,7.32548511732698,5.3,39.017332569299,27.6,38.1,347.4,0.7,4.2
2018-08-09 18:33:03.500,136.1,42.5519432829321,1.88381614193212,1.92704938020553,1.34741054058757,397.097861384318,406.211035904463,1.37832502505237,70,140.491585202734,22434.6089199906,1,70.9,43.78245,-79.3721116666667,993.9,6.53773600238812,7.32688438821276,4.6,39.0168216407637,27.7,34.9,345,0.7,4.2
2018-08-09 18:33:04.500,134.3,42.5537783256611,1.8857159850546,1.92914904384534,0.987690238377062,397.120157713189,406.266733722106,1.01043818252998,68.5,140.441810717751,22513.7751536858,1,69.1,43.7824583333333,-79.3720916666667,993.9,6.53634514718329,7.32565793450034,4.4,39.0173824465867,27.7,38.1,346.3,0.7,3.8
2018-08-09 18:33:05.500,133,42.5564369532882,1.88415450592909,1.92771701094601,0.987705778215481,395.786626761063,404.937240002199,1.01055047409901,66.2,140.449227658527,22597.7809126101,1,71.9,43.7824633333333,-79.3720783333333,993.9,6.53562905372226,7.3236065352141,4.2,39.0176529554951,27.7,41.1,344,0.6,3.9
2018-08-09 18:33:06.500,131.8,42.5546715343905,1.88394685960402,1.92774746626927,1.24839454194499,395.146020594124,404.332891494891,1.2774180672108,77.1,140.483598034502,22721.043934839,1,74.6,43.7824733333333,-79.3720616666667,993.8,6.53764656594973,7.32462512322221,4,39.0170664549616,27.7,36.5,344.1,1,4.2
2018-08-09 18:33:07.500,131.2,42.5593856861443,1.88190551953298,1.92570401239176,1.32086280687694,394.575763225964,403.758801305629,1.35159112256988,77.3,140.448657717365,22744.0403921903,1,69.9,43.7824783333333,-79.3720416666667,993.8,6.53800188045171,7.32105714346301,4.6,39.0173003032781,27.7,39.8,349.5,0.9,4.4
2018-08-09 18:33:08.500,131.4,42.5556757142032,1.88051985719264,1.92447757148195,0.952486813231116,393.124928566231,402.314157138054,0.974750941779119,76.4,140.493371426695,22841.0128583914,1,65.9,43.78248,-79.3720233333333,993.8,6.54006214305467,7.32366314298341,4.8,39.0171271428412,27.7,26.2,346.9,1,4.1
2018-08-09 18:33:09.500,132,42.552580614959,1.88193959856349,1.9259389265044,1.06768819986435,393.019745103931,402.208355292505,1.09264318169881,71.6,140.468061356311,22845.4175605696,1,84.8,43.78248,-79.371995,993.8,6.54281153642801,7.32729543335955,4.2,39.0168060242126,27.7,64.6,346.4,0.5,3.7
2018-08-09 18:33:10.500,132.7,42.5500027041223,1.8835831477386,1.92760620562332,1.41379115451303,392.87239471084,402.054409898952,1.44683379961009,85.5,140.489070505304,22837.8199513664,1,86.6,43.7824783333333,-79.3719633333333,993.9,6.53718393309016,7.32840287910767,5.1,39.0168243187913,27.7,54.4,347.5,0.9,4.6
2018-08-09 18:33:11.500,134.1,42.552392375203,1.8839380816953,1.9281748431078,1.29294014520118,392.293144482458,401.504555716569,1.32329845664359,88.7,140.468687375362,22942.3220861082,1,82.5,43.7824766666667,-79.3719333333333,993.8,6.53332407299903,7.32316289446011,5.9,39.0171371576248,27.7,60,348.9,1,4.9
2018-08-09 18:33:12.500,135.5,42.5493662082656,1.88297325497243,1.92720560798445,1.08288007175498,391.761913504021,400.964744605566,1.10831768455685,93.4,140.472592877757,22951.7469387338,1,81.5,43.7824783333333,-79.3719,993.8,6.53864465318829,7.32069168723157,6.2,39.017083055423,27.7,74.6,351.7,0.9,5.2
2018-08-09 18:33:13.500,136.8,42.5471879571723,1.88398486202201,1.92823932200879,1.19136787768778,391.937078588172,401.14349134032,1.21935263885045,94.1,140.481885358868,22950.5777037718,1,82,43.782475,-79.3718766666667,993.8,6.53538307485826,7.3197663501532,6.4,39.0161159011238,27.7,67.1,351.9,0.9,5.4
2018-08-09 18:33:14.500,137.6,42.546888754073,1.88241795257406,1.92658456320327,1.15817554950919,391.620041080669,400.808428975102,1.18534638945557,91.6,140.451749701685,22924.6857218182,1,80.9,43.782475,-79.3718533333333,993.8,6.53798918336823,7.3247657809571,6.4,39.0165144630005,27.7,65.1,350.7,0.9,5.5
2018-08-09 18:33:15.500,137.9,42.5383183707913,1.88228532519633,1.92637109540009,1.18987840037179,391.192604564318,400.354863737288,1.21774259965882,89.3,140.495800793795,22885.3627803612,1,82.9,43.7824733333333,-79.37183,993.7,6.53811898393111,7.32763542543702,6.6,39.0165125993449,27.7,69.4,351.5,0.9,5.1
2018-08-09 18:33:16.500,138.1,42.5364147302866,1.88367472387637,1.92794135343069,1.05507758835646,390.731584859419,399.913852432335,1.07987323961209,89.4,140.466567720844,22960.6072369385,1,92.3,43.782465,-79.371805,993.6,6.53145920522681,7.32381693231149,6.4,39.0166561691636,27.7,59.7,350.2,1,5.7
2018-08-09 18:33:17.500,138.6,42.5414750766464,1.88236713740731,1.92655195892889,0.98664765435403,390.130436853145,399.28787350341,1.00980722791421,95.8,140.484666415973,22934.3637344053,1,100.8,43.7824633333333,-79.3717783333333,993.6,6.53327495921271,7.32250390540496,7.4,39.0163363147237,27.7,66.2,350.4,1,5.9
2018-08-09 18:33:18.500,139.3,42.550041607835,1.87937492807709,1.92348265283618,1.10060245535865,390.185472090173,399.342682290841,1.12642572934979,97.8,140.473559906784,22930.82884913,1,104.9,43.78246,-79.3717533333333,993.6,6.53469754112734,7.32387252526557,7.5,39.0163575449518,27.7,72.3,351.2,1.1,5.9
2018-08-09 18:33:19.500,139.2,42.5568959727837,1.88005222259804,1.92398972489357,1.25198949772213,390.69223695943,399.822763109256,1.2812519690621,100.2,140.461695142269,22836.4898006835,1,107.9,43.7824533333333,-79.371735,993.7,6.53681227986248,7.32193744035753,7.2,39.0161272915464,27.7,75.7,354.1,1.2,6
2018-08-09 18:33:20.500,138.4,42.5607153028152,1.88133543777358,1.92527318740881,1.13356552483471,390.403812567848,399.521574992704,1.16004033549989,100.2,140.460534444855,22821.7507494033,1,101.7,43.782455,-79.3717083333333,993.6,6.53751711692386,7.32365840734615,7.2,39.0157171874088,27.6,73.4,350.2,1,5.6
2018-08-09 18:33:21.500,137.4,42.5655972774372,1.8813151645299,1.92530807516451,1.15320141172286,390.534414788943,399.666660043653,1.18016797753675,100.1,140.463345548743,22849.8358611375,1,109.9,43.7824533333333,-79.371685,993.7,6.53879295827692,7.32328648094887,6.8,39.0158399237955,27.6,68.1,349.1,1,5.5
2018-08-09 18:33:22.500,135.6,42.5684394289065,1.88206309970961,1.92589614539709,1.088472881874,390.874193844523,399.977544952754,1.11382430390323,100.5,140.490818139171,22759.680997721,1,113.7,43.7824533333333,-79.3716566666667,993.7,6.53594387571764,7.32526382299123,6.8,39.015919350497,27.6,64.6,348.7,1,5.2
2018-08-09 18:33:23.500,134.7,42.568768435535,1.88208937502035,1.92577720809395,1.0559422905558,391.060076661989,400.137448556978,1.08044773678006,105.6,140.445265539851,22685.656950619,1,121.6,43.782445,-79.3716283333333,993.7,6.53626658569357,7.32550939995761,6.8,39.0158210993174,27.6,72,348.3,1,5.6
2018-08-09 18:33:24.500,133.9,42.5702762037942,1.88120313971953,1.92479289106107,1.26306438317208,391.377690319975,400.446393340183,1.29233905042059,111.9,140.459385661992,22646.4754223108,1,121.3,43.782425,-79.3716016666667,993.8,6.5374746934908,7.32205507904608,7.4,39.0157250381017,27.6,89.8,351.9,1.1,6.4
2018-08-09 18:33:25.500,133,42.5755425070493,1.88257259263463,1.92634621669782,1.3655803073275,391.49378419705,400.596771416007,1.39733265393195,122.5,140.46960516562,22723.4513764228,1,125.6,43.7823983333333,-79.3715683333333,993.7,6.53871256499411,7.32556391087143,8.5,39.0152551615764,27.5,105.5,353.9,1.4,7.9
2018-08-09 18:33:26.500,132.3,42.5775800845276,1.88094171806179,1.92454852675811,1.22218048023086,390.956282273043,400.020000758109,1.25051803438289,127.1,140.456519895654,22657.921207025,1,123.3,43.7823766666667,-79.37153,993.7,6.53863726625047,7.32213217634407,10.5,39.0151795851814,27.4,111.6,356,1.6,9.4
2018-08-09 18:33:27.500,132.6,42.5737686889867,1.88080760592972,1.92420381410439,1.12388026141796,390.149909028947,399.151821851012,1.14981134284308,129.2,140.467100684929,22552.4349739131,1,124.5,43.7823416666667,-79.3714883333333,993.7,6.54099534417174,7.32074362244744,12.5,39.0151672627466,27.3,117.2,354.5,1.9,11.2
2018-08-09 18:33:28.500,133.5,42.5729844562179,1.88216396382995,1.92561204886653,1.0795722307523,389.447958204537,398.43790681249,1.10449332647186,131.5,140.46650515608,22562.9865186498,1,125.4,43.7823033333333,-79.3714416666667,993.7,6.53964698915043,7.32755488132106,14.6,39.0148462309698,27.2,112.3,353.3,2.2,12.3
2018-08-09 18:33:29.500,134.4,42.5705680686277,1.88009017101944,1.92345991435285,1.16090711910603,389.027447082218,398.001446358701,1.18768383949707,132.5,140.492456749052,22547.8230378821,1,126.2,43.7822633333333,-79.37139,993.7,6.53950387858931,7.3251417644758,16.8,39.0153620533327,27.1,113.2,353.5,2.3,14.3
2018-08-09 18:33:30.500,134,42.5687470097437,1.88099717827755,1.92424486545372,1.20823454402168,389.291188931888,398.241657448166,1.23601432606739,133.4,140.460640627107,22475.0617247746,1,127.8,43.782235,-79.3713383333333,993.7,6.53837285135997,7.32023273984766,18.8,39.015349413438,27,112.6,357.7,2.6,15.3
2018-08-09 18:33:31.500,134,42.5619998774302,1.88023482404919,1.92344632987907,1.27092054749277,389.948735688935,398.910454404263,1.300131435813,134.7,140.493261916138,22465.5405549001,1,129.7,43.7822,-79.3712783333333,993.7,6.5398181106627,7.32245441409617,20,39.0140859391024,27,122.5,354.8,2.2,14.8
2018-08-09 18:33:32.500,133.5,42.5575340646535,1.8793243802343,1.9225908221064,1.267074727657,390.550156949813,399.541518946913,1.29624233342173,133,140.469830554522,22504.2505914812,1,130.8,43.7821633333333,-79.371225,993.7,6.540721380799,7.32023096787853,20.3,39.0142279247462,27,102.9,352.6,2.3,15.6
2018-08-09 18:33:33.500,132.7,42.558164405129,1.88338698369931,1.92683039752712,1.10716304630526,390.330627578709,399.334218265517,1.13270516090159,133.4,140.450006913908,22546.4405507243,1,130.8,43.7821183333333,-79.3711616666667,993.7,6.54024868199635,7.32093833776581,20.9,39.0143896869962,27,117,356.8,2,14.7
2018-08-09 18:33:34.500,130.9,42.5542190889887,1.88518953599137,1.9287412874041,1.21718173311271,390.76032250844,399.787646236983,1.24530121977822,133.1,140.497881568529,22580.2646332222,1,132.7,43.78208,-79.3711216666667,993.8,6.53686601019498,7.32117687346093,21.4,39.0143021045686,27,130.8,359.3,1.3,13.6
2018-08-09 18:33:35.500,130.1,42.5536747750832,1.88506358168182,1.92853051087057,1.20613582669937,391.568028710906,400.596905490422,1.23394466988505,134.2,140.476748405765,22538.6473576377,1,134.7,43.782045,-79.3710833333333,993.8,6.53534899990042,7.32436990089829,18.8,39.0139608378676,27,115.2,358.1,0.8,10.8
2018-08-09 18:33:36.500,130.8,42.5507770758277,1.8836956923703,1.92705852526785,1.30950851430584,392.133980860588,401.160805795219,1.33965331844116,136.1,140.478798345602,22501.773210829,1,128.2,43.7820166666667,-79.3710416666667,993.9,6.53700155455437,7.32474229641177,17.4,39.0140766840983,27.1,108.3,358.2,0.5,9.8
2018-08-09 18:33:37.500,130.8,42.5492772975822,1.88376614938843,1.9270677818671,1.26577669644129,392.327581541028,401.345858408968,1.29487909116708,137.1,140.468895124544,22470.084596568,1,135.7,43.7819883333333,-79.3710016666667,993.7,6.53500786301699,7.32432166606863,17,39.0136427984559,27.1,124.5,359.2,0.4,10.4
2018-08-09 18:33:38.500,131.6,42.5486452223289,1.88509116174427,1.92821397474798,1.27338237994136,393.145998010407,402.139604696696,1.30250535626837,137.4,140.450499530077,22364.3141084109,1,133.7,43.78196,-79.37096,993.9,6.5376461309593,7.32910332230108,17,39.0141079429524,27.1,117.5,356.1,1,10.4
2018-08-09 18:33:39.500,132,42.5403242184633,1.88407626827495,1.92707598219463,1.504254946095,394.316311660346,403.315740502888,1.53858624689732,136,140.478814206304,22313.4928690545,1,129.6,43.7819383333333,-79.37092,993.9,6.53946703791241,7.33086425455179,16.8,39.013755706841,27,85.6,359.5,0.5,10.2
2018-08-09 18:33:40.500,133.1,42.5345772934208,1.88384835856066,1.92678439424413,1.42508280475394,396.731442010995,405.773516615096,1.45756852709894,135.4,140.469328672715,22283.6572714946,1,126.7,43.7819116666667,-79.370875,993.9,6.54075510280549,7.32712242922771,16.4,39.0128962938172,27,134.2,359.5,0.9,10.9
2018-08-09 18:33:41.500,133.4,42.5357455907395,1.88624121949172,1.92900158165251,1.30130318988994,399.016346730094,408.061802445005,1.3307968701289,133,140.467289093904,22167.1086100979,1,127.5,43.78189,-79.3708283333333,994,6.53972051223392,7.32596789562127,16.2,39.0125661718547,26.9,131.7,359.2,0.8,10.5
2018-08-09 18:33:42.500,132.6,42.5390928712028,1.88630470693576,1.9288083026533,1.33396063621866,399.802670635962,408.811320786177,1.36401991247401,130.6,140.451077468854,22036.2280076895,1,122.8,43.781865,-79.370785,993.9,6.54125021393503,7.32668986634646,15.7,39.0126420837326,26.9,119.8,357.7,0.9,10.8
2018-08-09 18:33:43.500,131.1,42.5416651993088,1.8862663211044,1.92864036104653,1.24410563418044,400.3151192291,409.308103224117,1.27205540672981,131.3,140.469338713876,21971.1706245752,1,126,43.7818316666667,-79.3707316666667,994,6.53880971867697,7.32748963983764,15.7,39.0128474665809,26.9,133.1,2.7,1.6,11.2
2018-08-09 18:33:44.500,130.4,42.5422472560322,1.88629047650017,1.9286208332388,1.32305509359975,401.916310981184,410.935827796009,1.35274934385561,131.1,140.482721503692,21948.5867120596,1,124.8,43.7818033333334,-79.3706866666667,993.9,6.5391284644852,7.32875714504915,16.1,39.0126922496825,26.9,148.9,2,0.8,9.9
2018-08-09 18:33:45.500,130.8,42.5450688499223,1.88373009458626,1.92605355270378,1.45492469433586,402.97846696251,412.032581290642,1.48761419280177,130.2,140.470557322421,21974.2350153409,1,126.9,43.7817766666667,-79.3706416666667,994,6.54247396799827,7.33174399119118,15.9,39.0125005347894,26.9,134.4,0,0.5,9.5
2018-08-09 18:33:46.500,130.1,42.5454076965956,1.88367235816989,1.92622124868225,1.43881709562902,402.437630125751,411.527933715328,1.4713156179654,129.6,140.500703335093,22089.255733632,1,129.1,43.7817566666667,-79.3706033333333,993.9,6.54317374570016,7.33183715473163,15.3,39.0120759785855,26.9,126.6,358.2,0.3,8.8
2018-08-09 18:33:47.500,129.7,42.5458829881277,1.88457135481623,1.92741327986825,1.47313009491902,401.833001468736,410.967923989849,1.5066190379364,129.1,140.461890206847,22227.7549712372,1,128.8,43.781735,-79.370565,993.9,6.54077463382772,7.3290513073804,14.6,39.011848749235,26.9,103.7,358.8,0.2,8.1
2018-08-09 18:33:48.500,130.3,42.5444117837618,1.88484401712523,1.92769189464963,1.31156931358008,400.784428548275,409.895427926268,1.34138608397886,129,140.464553651291,22227.5068624662,1,131.9,43.7817133333333,-79.370525,994,6.53746413882856,7.33104029832332,14,39.0117832327418,27,318.7,358.8,0.2,7.6
2018-08-09 18:33:49.500,130.6,42.5433273412369,1.88610959368101,1.92906998421687,1.18709849448255,399.375358317317,408.471962997784,1.21414219529109,130.4,140.490060952149,22269.9060493427,1,134.3,43.7816916666667,-79.370485,994,6.53665967081914,7.33172229950682,13.8,39.0120592182976,27,158.3,359.8,0.1,8.3
2018-08-09 18:33:50.500,130.6,42.5476144422266,1.88541243993244,1.92849515446047,1.35049237395911,398.373466952859,407.476387836915,1.38135254837497,130.9,140.46329465177,22339.8593953233,1,137.7,43.781665,-79.3704483333333,994.1,6.54142409588773,7.32578871343153,14,39.012171284175,27,129.3,357.7,0.6,8.6
2018-08-09 18:33:51.500,130.5,42.5457626408995,1.88356094491002,1.9266556865903,1.30345371640635,398.445947120386,407.562150255935,1.33327524607393,134,140.469752255492,22367.6017829806,1,140.7,43.7816366666667,-79.3704133333333,994.1,6.54221001281028,7.32353546405385,14,39.0119833855925,27,122.9,358.5,0.5,8.4
2018-08-09 18:33:52.500,130.2,42.5447247641231,1.88299985759177,1.92606960360995,1.2411882128811,399.389768600279,408.525068603035,1.26957711850276,135.1,140.455520606218,22361.6171306105,1,142.3,43.7816183333333,-79.3703766666667,994.1,6.53544885398078,7.32820565412068,13.8,39.0119399997244,27,129,359.7,0.7,8.6
2018-08-09 18:33:53.500,130.1,42.5468304340324,1.88358135367145,1.92663560191698,1.28548754563173,399.780115819463,408.918114145255,1.31487067191028,133.3,140.422334489062,22346.8331272406,1,134.7,43.7816,-79.370345,993.9,6.53176385546075,7.33200225858216,13.5,39.0115242754325,27,132.3,359.6,0.5,7.5
2018-08-09 18:33:54.500,129.4,42.5458913472744,1.8837020552077,1.92675679992041,1.28521265011976,399.75674858253,408.893743608172,1.31458802932809,136.8,140.422603454246,22345.6994362611,1,114.6,43.781585,-79.3703183333333,994.1,6.53173556774309,7.33187078207149,12.5,39.0113328355072,27,346,355,0.4,5.9
2018-08-09 18:33:55.500,129.2,42.5449525935782,1.88382271393526,1.92687795493906,1.28493785210379,399.733389633154,408.869381714482,1.31430548698952,137.1,140.422872324038,22344.5661473628,1,119.1,43.78157,-79.3702883333333,994,6.53170729005811,7.33173935219103,11.6,39.0111414634791,27.1,5,350.8,0.6,5.6
2018-08-09 18:33:56.500,129.1,42.5440137115595,1.88394338915621,1.92699912651894,1.28466301652442,399.710027490737,408.845016490654,1.31402290602895,133.7,140.423141230582,22343.43270355,1,122.5,43.7815533333333,-79.37026,993.9,6.53167900850773,7.33160790434481,11.2,39.0109500652915,27.1,354.7,351.4,0.3,5.4
2018-08-09 18:33:57.500,128.9,42.5430752760263,1.88406400699004,1.92712024047567,1.28438831164315,399.686676458189,408.820662853711,1.31374045944979,132.3,140.423410009248,22342.2997987466,1,135.1,43.781535,-79.3702283333333,994.1,6.53165074040665,7.33147651900864,10.9,39.0107587581233,27.1,11.1,351,0.7,5.6
2018-08-09 18:33:58.500,128.4,42.5421364634555,1.88418467328479,1.92724140309264,1.28411349639303,399.66331604384,408.796299432149,1.31345789939139,130.7,140.423678895902,22341.1664387733,1,136.5,43.781515,-79.3702016666667,994.2,6.53162246094822,7.33134508088546,11.2,39.0105673740931,27.1,9.1,351,0.7,5.5
2018-08-09 18:33:59.500,128.5,42.5411975831189,1.88430534828953,1.92736257445543,1.28383866130607,399.639953943279,408.771934251974,1.3131753189371,130.8,140.423947801965,22340.0329969913,1,134.3,43.781495,-79.3701733333333,994.1,6.53159417944851,7.33121363327475,11.4,39.0103759762484,27.1,10.5,353,0.4,5.6
2018-08-09 18:34:00.500,128.8,42.5402586989375,1.88442602378846,1.92748374631444,1.28356382509361,399.616591747047,408.74756897202,1.31289273732559,131.4,140.424216709129,22338.8995505677,1,128.4,43.7814766666667,-79.370145,994.1,6.53156589783298,7.33108218512574,11.2,39.0101845776199,27.1,10.1,351.1,0.3,5.6
2018-08-09 18:34:01.500,128.7,42.5393200759669,1.88454666571376,1.92760488446172,1.28328906534446,399.593236050506,408.72321047083,1.31261023433228,129.3,140.424485541479,22337.7664194848,1,125.1,43.7814633333333,-79.3701183333333,994.1,6.5315376240858,7.33095077354747,11.4,39.0099932322412,27.1,1.1,347.7,0.6,5.1
2018-08-09 18:34:02.500,128.4,42.538381512832,1.88466729994832,1.92772601488664,1.28301432311082,399.569881842856,408.698853522457,1.3123277493481,127.5,140.424754356692,22336.6333606373,1,125.4,43.7814516666667,-79.37009,994.1,6.53150935214102,7.33081937034647,10.9,39.0098018990604,27.2,342.8,347.7,0.8,4.5
2018-08-09 18:34:03.500,128.7,42.5374427564925,1.88478795901563,1.92784717024644,1.28273952432107,399.546522827705,408.674491560169,1.31204520621394,126.7,140.425023227241,22335.5000685478,1,130.2,43.7814366666667,-79.37006,994.1,6.53148107437642,7.33068794009593,10.1,39.0096105264935,27.2,345.6,352.2,0.7,4.3
2018-08-09 18:34:04.500,128.4,42.536504010486,1.88490861675482,1.92796832427266,1.28246472855609,399.523164069672,408.650129866038,1.31176266618979,128.3,140.42529209483,22334.3667889328,1,133.2,43.781425,-79.370035,994.1,6.53145279692308,7.33055651129206,9.6,39.009419156033,27.2,321.1,354.4,0.8,3.7
2018-08-09 18:34:05.500,128,42.5355652522241,1.88502927606922,1.92808947988057,1.28218992920359,399.499805006686,408.625767853859,1.31148012247703,130.4,140.425560965929,22333.2334945225,1,137.1,43.78141,-79.3700083333333,994,6.53142451910057,7.33042508077237,9.4,39.0092277830741,27.3,325.9,357.5,0.8,3.7
2018-08-09 18:34:06.500,128.9,42.5346263108502,1.88514995891914,1.9282106591208,1.28191507624939,399.476441387337,408.601401089686,1.31119752365198,133.5,140.425829889474,22332.0999790546,1,146.9,43.7813866666667,-79.3699833333333,994.2,6.53139623576226,7.33029362461615,9.4,39.0090363727865,27.3,320,4.1,0.8,4.4
2018-08-09 18:34:07.500,129.4,42.5336874247463,1.88527063466515,1.92833183122792,1.28164023947419,399.453079143269,408.577035759843,1.31091494146187,139.7,140.426098797188,22330.9665303101,1,155.6,43.7813583333333,-79.369965,994.1,6.53136795408883,7.330162176198,10.1,39.008844973766,27.3,316.5,3.3,0.3,5.4
2018-08-09 18:34:08.500,129.4,42.5327489952207,1.88539125172682,1.9284529444093,1.2813655363515,399.429728260208,408.552682278805,1.31063249669085,147,140.426367574134,22329.8336327593,1,175.3,43.78133,-79.36995,994.1,6.53133968616871,7.33003079170291,10.7,39.0086536678225,27.3,170.4,6.1,0.6,7.3
2018-08-09 18:34:09.500,129.4,42.5318101927427,1.88551191672434,1.9285741057237,1.28109072405581,399.406368096998,408.528319119163,1.31034993967014,160.3,140.426636457897,22328.7002849703,1,191.5,43.7812966666667,-79.3699466666667,994.1,6.5313114070143,7.32989935499277,11.4,39.0084622858499,27.2,171.6,2.7,1.3,8.7
2018-08-09 18:34:10.500,129.2,42.5308714871074,1.8856325692746,1.92869525453965,1.28081594010852,399.383010343517,408.503958472716,1.31006741179673,173.3,140.426905313923,22327.5670540923,1,191.6,43.7812583333333,-79.36995,994.1,6.53128313077704,7.32976793184105,12.4,39.0082709236193,27.1,182.8,3.1,1.4,9.8
2018-08-09 18:34:11.500,128.8,42.5299325315555,1.88575325394682,1.92881643560968,1.28054108300406,399.359646371379,408.479591340606,1.30978480870445,179.3,140.427174241529,22326.4335215084,1,190.6,43.7812166666667,-79.3699566666667,994,6.53125484701165,7.32963647369986,13.7,39.0080795104414,27.1,189.5,3.8,1.4,10.6
2018-08-09 18:34:12.500,128.6,42.5289937910761,1.88587391097562,1.92893758892259,1.28026628885697,399.336287750874,408.455229789908,1.3095022703438,182.8,140.427443107535,22325.3002485657,1,191,43.7811766666667,-79.3699666666667,994,6.5312265697248,7.3295050456698,15,39.0078881411076,27.1,199.5,3.1,1.9,11.9
2018-08-09 18:34:13.500,129.1,42.5280552291428,1.88599454505575,1.92905871919243,1.27999154697505,399.312933573121,408.430872872717,1.30921978572125,187,140.427711922403,22324.1671911687,1,196.8,43.7811316666667,-79.3699766666667,994,6.53119829781622,7.32937364263703,16.1,39.0076968081718,27.1,157,349.9,1.3,10.8
2018-08-09 18:34:14.500,129.8,42.5271157480453,1.88611529727674,1.92917996808908,1.27971653602952,399.289556523866,408.406492102007,1.30893702445236,188.4,140.427981000531,22323.0330241319,1,192.9,43.781085,-79.369985,994.1,6.53116999822004,7.32924211091701,17,39.0075052878575,27.1,156.1,355.4,1.2,11.6
2018-08-09 18:34:15.500,130,42.5261768554532,1.88623597385669,1.92930114103356,1.27944169735504,399.266194118351,408.382126603786,1.30865444030945,187,140.428249910104,22321.8995675547,1,190.3,43.78104,-79.369995,994.1,6.53114171635116,7.32911066159047,17.5,39.0073138875144,27.1,155.6,348.9,1.5,12.9
2018-08-09 18:36:57.500,137.3,42.3767481783392,1.9031274270326,1.94578455553392,1.27886162978592,394.894379165704,403.745643115176,1.30752685128372,223.8,140.488559108304,21922.9602950772,1,180,43.77905,-79.36989,994.4,6.52578499703238,7.30774268672819,0,38.975794399837,27.5,155,333.5,1.6,3
2018-08-09 18:36:58.500,137.3,42.3777705537053,1.89932722692202,1.94158405614766,1.27665188293272,395.251998970292,404.045665761854,1.30505307058194,182.1,140.478642919788,21764.0716952524,1,180.1,43.7790483333333,-79.36989,994.4,6.53100591751315,7.31068263216771,0,38.9756213122398,27.6,152.9,339.7,1.6,2.9
2018-08-09 18:36:59.500,137.3,42.3800018732465,1.89943078027023,1.94149371771263,1.38671550457697,394.819938286123,403.563260171043,1.41742378590185,207.2,140.452331303372,21665.299981774,1,180.1,43.7790483333333,-79.36989,994.4,6.52859918625976,7.31353486943749,0,38.97544187468,27.6,161.7,339,1.7,3.4
2018-08-09 18:37:00.500,137.1,42.3786601630965,1.89734460762918,1.93926654963329,1.39904521712825,395.820717971993,404.566389109514,1.42995551096383,26,140.512727294052,21617.2242223099,1,180.1,43.77905,-79.3698916666667,994.4,6.5279732549625,7.30558237835491,0,38.9750699348653,27.6,152.6,333.1,1.4,2.8
2018-08-09 18:37:01.500,137,42.384519185637,1.8930108447174,1.93453514918892,1.42215997527343,395.552323739598,404.228939877789,1.45335637052939,20.6,140.457744390266,21464.5151015895,1,180.3,43.7790516666667,-79.3698933333333,994.4,6.53246386408515,7.30305920759338,0,38.9752051869911,27.6,156.1,336.1,1.2,2.5
2018-08-09 18:37:02.500,136.9,42.384549996414,1.89456167978818,1.93602120253897,1.34747991151769,395.233702864731,403.882772528977,1.37696709890308,12.7,140.485930299894,21414.7806231504,1,180.2,43.7790516666667,-79.3698933333333,994.4,6.52565893051292,7.30966855143893,0,38.974478097458,27.6,156.9,333.5,1.6,3.6
2018-08-09 18:37:03.500,136.8,42.3842334874858,1.89181616377431,1.93310819556553,1.33054747593969,394.893432270424,403.512676297196,1.35958837285693,17.3,140.493294026336,21360.4645950549,1,180.3,43.7790533333333,-79.369895,994.5,6.52944369942444,7.31347151251416,0,38.9747931021191,27.6,153.5,324.4,1.7,2.8
2018-08-09 18:37:04.500,136.6,42.3838470116922,1.89176168516806,1.9329248686387,1.31100724166427,394.748946823022,403.338284342603,1.33953699980252,359.5,140.446714270592,21295.8731294478,1,180.3,43.779055,-79.369895,994.4,6.53002878680452,7.3118308976525,0,38.9746144381419,27.6,151.1,332.7,1.8,3.5
2018-08-09 18:37:05.500,136.5,42.3774932986169,1.89236854416608,1.93323288872366,1.20181875673273,395.513741571359,404.054582751212,1.22777253634666,340.2,140.508828365968,21137.9523834629,1,180.3,43.7790566666667,-79.3698966666667,994.4,6.53019515202394,7.31005299096762,0,38.974074138606,27.6,146,326.4,2,3.6
2018-08-09 18:37:06.500,136.3,42.3759831404279,1.89173330431973,1.93245130431973,1.17344652429466,395.705253146084,404.222417007303,1.19870465263833,331.7,140.475870446067,21070.5840169861,1,180.3,43.7790566666667,-79.3698966666667,994.4,6.52470797115846,7.31481910889755,0,38.9742456964838,27.6,146.2,321.5,1.5,3
2018-08-09 18:37:07.500,136.2,42.3783913110339,1.8901987427581,1.93089239519945,1.30815772531074,395.877624401689,404.400428752763,1.33632238385933,341.2,140.482913026859,21075.2070522278,1,180.3,43.7790566666667,-79.3698966666667,994.5,6.52603138465459,7.31464809405138,0,38.9733547831054,27.6,141.7,316.6,1.5,2.9
2018-08-09 18:37:08.500,136,42.3767050171477,1.88916416715899,1.92970180955468,1.18499295143395,396.897888508141,405.414643576324,1.21042113023611,305.6,140.482580540706,21007.5628096082,1,180.2,43.7790583333333,-79.3698983333333,994.4,6.52875089983237,7.31112235999636,0,38.9731780732116,27.6,135.6,306.2,1.2,2.7
2018-08-09 18:37:09.500,135.8,42.3810986539361,1.89054220087486,1.93088074979011,1.22126627705062,398.284360873997,406.78271294235,1.2473241772746,264.5,140.457933946523,20891.602304449,1,180.3,43.7790583333333,-79.3698983333333,994.4,6.52799809126282,7.30989771769834,0,38.9731351411586,27.7,122,299.9,1.3,2.4
2018-08-09 18:37:10.500,135.6,42.377500701319,1.88739744745362,1.92764493889223,1.31667751581927,398.89853243126,407.404859797212,1.34475443994474,304.3,140.48018160563,20879.212508992,1,180.2,43.7790583333333,-79.3699,994.4,6.52790740869598,7.31263441597426,0,38.9722439967185,27.7,114.1,291.2,1.3,2.5
2018-08-09 18:37:11.500,135.5,42.3738007982138,1.88711020665552,1.92727284703154,1.33354175422259,399.021960159808,407.514077452402,1.36191517811926,329.6,140.469880301764,20838.6841267148,1,180.2,43.7790583333333,-79.3699016666667,994.4,6.53051149392265,7.31180199556279,0,38.9718889480611,27.7,107.3,283.8,1.2,2.3
2018-08-09 18:37:12.500,135.4,42.3685897382538,1.88284148141299,1.9225251669137,1.44175753573084,399.004224221622,407.413719552957,1.47214355624286,291.9,140.503429403775,20641.1644064133,1,180.2,43.7790583333333,-79.3699016666667,994.4,6.53572069957003,7.31052360999628,0,38.9718826781265,27.7,100.6,286,1.3,2.5
2018-08-09 18:37:13.500,135.3,42.3620760752482,1.88615032786575,1.92585947620069,1.34795209244882,399.537095267731,407.948503075129,1.37633416886211,295.7,140.463220795712,20618.8233728841,1,180.2,43.7790583333333,-79.3699033333333,994.4,6.53193470094892,7.31370614157456,0,38.9718787970301,27.7,108.3,290.6,1.3,2.5
2018-08-09 18:37:14.500,135.2,42.3589774773526,1.88592440387472,1.92550045603961,1.14790344485341,400.155337873314,408.552586570152,1.17199285801753,287,140.450568702982,20553.6650874215,1,180.2,43.7790583333333,-79.3699033333333,994.3,6.52907306557095,7.31283308640385,0,38.9713967825887,27.7,106.5,285.2,1.3,2.5
2018-08-09 18:37:15.500,135.1,42.3509043641294,1.88237180031934,1.92191303749763,1.25343514151512,400.362318449607,408.77234525112,1.27976806222547,297.7,140.500721913799,20573.8819068918,1,180.2,43.7790583333333,-79.369905,994.4,6.53234916511775,7.30799065751463,0,38.9712193340622,27.7,114.8,292.6,1.2,2.3
2018-08-09 18:37:16.500,135.1,42.3522400370046,1.88525316949614,1.92495661435175,1.45472626161263,399.414287698584,407.825983998125,1.48536317530142,298.4,140.459172351532,20625.6106958373,1,180.2,43.7790583333333,-79.369905,994.5,6.532150543318,7.30979917569643,0,38.9709697409678,27.7,112.4,298.4,1.2,2.7
2018-08-09 18:37:17.500,135,42.3546673696048,1.88531050932005,1.92494726321053,1.48552519419225,398.633433321064,407.014359277295,1.51676428499859,291.7,140.515775394748,20591.0718794003,1,180.2,43.7790583333333,-79.369905,994.5,6.53099878906154,7.31247025540107,0,38.9700574961523,27.7,119,300.4,1.3,2.4
2018-08-09 18:37:18.500,135,42.3618577682695,1.8856614386948,1.9251429792424,1.22312965459027,397.967513399138,406.300064996468,1.24873695668011,304.9,140.481614043957,20508.4158049364,1,180.2,43.7790583333333,-79.3699066666667,994.3,6.52878286893706,7.3126208559178,0,38.9702399836171,27.7,135.1,331.3,1,1.7
2018-08-09 18:37:19.500,134.9,42.3611738958516,1.88869258771026,1.92828431234469,1.19339927747788,397.242072014977,405.569289604251,1.21840882476939,315.1,140.458161041484,20532.2209924837,1,180.2,43.7790583333333,-79.3699066666667,994.4,6.52927414358922,7.31427022945066,0,38.969887306028,27.7,155.4,331.4,0.9,1.9
2018-08-09 18:37:20.500,134.9,42.356308847942,1.89174773236374,1.93124696494982,1.4255016956047,397.005196055894,405.29457586019,1.45526630837177,298.2,140.499661723012,20452.7016746561,1,180.2,43.7790583333333,-79.3699083333333,994.3,6.5316648080144,7.31646788412137,0,38.969063055035,27.7,155.2,330.3,0.9,1.5
2018-08-09 18:37:21.500,134.9,42.3572828786689,1.8975333680341,1.93719042024849,1.27060743531675,396.907808373803,405.202896827032,1.29716256608197,176.5,140.482319010965,20471.4297920043,1,180.2,43.7790583333333,-79.3699083333333,994.4,6.53068403404542,7.31891814985121,0,38.9691913962046,27.7,154.9,334.4,0.9,1.7
2018-08-09 18:37:22.500,134.8,42.3574834223036,1.90362056871322,1.94361642398231,1.2486344531106,398.00363088484,406.365824352543,1.2748681057268,269.9,140.497112278652,20577.9540739821,1,180.2,43.7790583333333,-79.36991,994.4,6.53335329247114,7.31554832503266,0,38.9689690543508,27.7,161.5,344.3,0.7,1.6
2018-08-09 18:37:23.500,134.7,42.3548206090075,1.91297448905484,1.95326688294073,1.14623238870489,399.831074826663,408.252545659842,1.17037347698233,288.1,140.476998041617,20627.8735761165,1,180.2,43.7790583333333,-79.36991,994.4,6.53557146699824,7.31302911774332,0,38.9684509902381,27.7,154.6,338.6,1,1.5
2018-08-09 18:37:24.500,134.7,42.358409694858,1.92245307004228,1.96312566679345,1.22380322684347,402.105504144257,410.612630602183,1.24971319512814,300.9,140.477023131808,20717.8821534738,1,180.2,43.7790583333333,-79.36991,994.4,6.53352546866527,7.3089663264758,0,38.9679908313514,27.7,162.2,348.4,0.9,1.8
2018-08-09 18:37:25.500,134.5,42.3565694568196,1.93279341959011,1.97396515933853,1.52535516218805,404.048699265247,412.655631102544,1.5578425437712,208,140.474111850151,20857.3473494528,1,180.2,43.77906,-79.36991,994.4,6.53442429279426,7.30813026051075,0.1,38.9676317281955,27.7,159.5,337.4,1.2,2.5
2018-08-09 18:37:26.500,134.4,42.3539405254193,1.94390474004959,1.98550084314623,1.29422807285531,405.401404254863,414.076296719346,1.32192369597735,204.1,140.466841721266,20949.847517115,1,180.2,43.77906,-79.36991,994.3,6.53513625370485,7.3152374818597,0.1,38.9673750885162,27.7,156.4,342.2,1.3,2.5
2018-08-09 18:37:27.500,134.2,42.3547228359501,1.95051405789185,1.9925868345628,1.34315015365578,407.03013062033,415.809634000659,1.37212051589865,202.1,140.505127576096,21114.2097754929,1,180.2,43.7790616666667,-79.3699116666667,994.4,6.5327115715701,7.31172793371998,0.1,38.9671918779878,27.7,166.8,343.1,1.2,2.5
2018-08-09 18:37:28.500,134,42.357105415247,1.95885217473343,2.00147031031846,1.32418464564348,407.884335244306,416.758437053058,1.3529927890011,202.4,140.466463608883,21293.1595801813,1,180.2,43.7790616666667,-79.3699116666667,994.5,6.53394011140522,7.31156608616833,0,38.9667210507126,27.7,162.6,350.1,1.3,2.4
2018-08-09 18:37:29.500,134,42.3573899601511,1.96985822291434,2.01293730906242,1.33543890868087,408.722890061726,417.66122828517,1.36464864397552,210.7,140.487669136627,21400.8641672388,1,180.2,43.7790616666667,-79.3699133333333,994.3,6.52866267193993,7.31233678669471,0,38.9659078657495,27.7,176.4,352.1,1.1,2.4
2018-08-09 18:37:30.500,133.9,42.354797250014,1.98034108326388,2.02399687613658,1.36974587049553,409.185030288347,418.205176153054,1.39992544865609,225.7,140.489113858678,21568.6548502671,1,180.2,43.7790633333333,-79.3699133333333,994.4,6.52784511410413,7.31659839032946,0,38.9656115687915,27.7,176,354.1,1.4,2.8
2018-08-09 18:37:31.500,133.8,42.3538723028069,1.98841313738281,2.03273408305567,1.19525907336481,409.66597817342,418.797217255761,1.22190389401534,207.7,140.458256668958,21803.5581629346,1,180.2,43.7790633333333,-79.3699133333333,994.5,6.52923343653161,7.31323843644423,0,38.9654766123978,27.7,172.1,353.1,1.5,3
2018-08-09 18:37:32.500,133.7,42.3454522552692,1.99450287917017,2.03928724621051,1.26212014283557,409.552990327367,418.749005502253,1.29046061697231,215,140.509698763454,21960.7330014512,1,180.2,43.779065,-79.369915,994.4,6.52926832019054,7.31393852201789,0,38.9652361894619,27.7,172.1,356.4,1.2,2.2
2018-08-09 18:37:33.500,133.6,42.3424525002227,2.00204973560579,2.04728336030513,1.30448903358249,409.20906907979,418.454675342225,1.33396284262127,205.7,140.477106292129,22094.6031365621,1,180.2,43.779065,-79.369915,994.4,6.53027506173352,7.3125431387892,0,38.9651049995546,27.7,193.2,10.6,1.1,2.5
2018-08-09 18:37:34.500,133.5,42.3376544942022,2.0072384701272,2.05275497333948,1.29903687167357,409.251110163057,418.531505949489,1.32848378598917,237.1,140.473621780441,22173.6472500511,1,180.3,43.779065,-79.369915,994.4,6.52939444323624,7.30824223065352,0,38.9649436443728,27.7,199.9,24.3,1.2,1.9
2018-08-09 18:37:35.500,133.2,42.3291129114539,2.00637215167519,2.05223477832669,1.22756079030513,409.202681511699,418.556564042975,1.25562195816838,239.2,140.477937448583,22348.0095402096,1,180.2,43.7790666666667,-79.3699166666667,994.3,6.52794947987633,7.31037809200314,0,38.9645559484646,27.7,212.3,32.5,0.9,1.6
2018-08-09 18:37:36.500,133,42.3270613628476,2.00459926813853,2.05043783154546,1.25349338866377,408.290188925179,417.626485491826,1.28215768781922,159.9,140.46475670605,22355.5577600287,1,180.2,43.7790666666667,-79.3699166666667,994.5,6.53146410753508,7.31354095125913,0,38.9644085823487,27.7,220.5,30.5,0.7,1.4
2018-08-09 18:37:37.500,132.8,42.318949726767,2.0026656465599,2.04863806377283,1.14713908636986,407.904482447361,417.268166683203,1.17348369453362,174.9,140.501192640337,22440.3939155934,1,180.2,43.7790666666667,-79.3699183333333,994.3,6.5337609068842,7.31664558926911,0,38.9632700837327,27.7,193.4,14.3,0.7,2
2018-08-09 18:37:38.500,132.6,42.3180950045424,1.99799915136345,2.04417614928692,1.35350355161626,407.374568346921,416.789574261918,1.38477526469169,189.7,140.477837618427,22589.2865932951,1,180.2,43.7790683333333,-79.3699183333333,994.3,6.53535326036584,7.31374764404631,0,38.9633371838093,27.7,205.3,31.2,1,1.9
2018-08-09 18:37:39.500,132.4,42.319823493539,1.99027261274126,2.0360496716346,1.32968809990206,406.376154008837,415.722962594637,1.36027587477458,197.8,140.492049720775,22483.3425723662,1,180.2,43.7790683333333,-79.3699183333333,994.4,6.53807280482527,7.31313776448092,0,38.9626712461219,27.7,212.2,29.1,1,2
2018-08-09 18:37:40.500,132.3,42.3218808247553,1.98125961184195,2.02674644508696,1.01197791458359,405.393965921107,414.701304826394,1.03520832598386,208.5,140.466063019727,22443.5195142011,1,180.2,43.7790683333333,-79.36992,994.4,6.52992997306734,7.31399595369083,0,38.9624386104804,27.7,217.9,25.7,1,1.8
2018-08-09 18:37:41.500,132.2,42.321561525245,1.96844067698105,2.01350860136899,1.1568752184809,404.771763429344,414.039182403776,1.18336271015123,206.6,140.466547358263,22382.9357703532,1,180.2,43.77907,-79.36992,994.3,6.52957097384373,7.31219869651762,0,38.9621385307128,27.7,195.8,21.5,0.9,1.8
2018-08-09 18:37:42.500,132.1,42.3191212459926,1.96257501239229,2.00744647517134,1.161143261669,405.81539534405,415.093799048987,1.18769150644591,196.3,140.496178641948,22352.5005619662,1,180.2,43.77907,-79.36992,994.4,6.53210338073901,7.31429177365465,0,38.9616708135374,27.7,214.8,38.4,1,1.8
2018-08-09 18:37:43.500,132.1,42.3179319457517,1.95993291600769,2.00468310511602,1.23356066337733,409.756922075966,419.112504649922,1.26172226076993,220,140.461537344524,22322.6500177976,1,180.2,43.77907,-79.36992,994.5,6.53417077417643,7.31441535639755,0,38.9608585543533,27.7,223.5,45,0.9,1.9
2018-08-09 18:37:44.500,132,42.3202288476829,1.95680005464838,2.00134929838194,1.26552285819348,411.752866373012,421.126907725034,1.2943333789946,229.1,140.490341499468,22259.5673302965,1,180.2,43.77907,-79.36992,994.4,6.53142517555395,7.31534096675942,0,38.9607752432856,27.7,220.2,37.2,1.1,2.2
2018-08-09 18:37:45.500,132,42.3253249157388,1.95221083388432,1.99662890344961,1.28556177252933,412.136141996862,421.513272443646,1.31480612515158,10,140.476227856091,22246.476845001,1,180.3,43.7790716666667,-79.3699216666667,994.5,6.52974656173865,7.31114202273059,0.1,38.9612626272866,27.7,211.2,35.2,1,1.8
2018-08-09 18:37:46.500,131.9,42.3312019894392,1.94788404339715,1.99205016416848,1.34878139542464,412.092300872234,421.435992118326,1.37936605847262,6.9,140.462646659331,22171.0801729041,1,180.2,43.7790716666667,-79.3699216666667,994.4,6.53070766623502,7.31096055746706,0,38.9601596746555,27.7,217.7,36.8,0.8,1.6
2018-08-09 18:37:47.500,131.9,42.3267640772133,1.94358281480581,1.98758802993491,1.1675701411505,411.414721365932,420.729630782423,1.19400504928829,355,140.500491435991,22139.8785723384,1,180.3,43.7790716666667,-79.3699216666667,994.4,6.5302056899711,7.31667900411548,0,38.9591180265543,27.7,214.2,33.6,0.8,1.5
2018-08-09 18:37:48.500,131.9,42.3269468929437,1.93763495827966,1.9813764689796,1.19766975660987,410.570852150401,419.839371313721,1.22469720710606,348.9,140.479091488334,22076.1992126539,1,180.2,43.7790716666667,-79.3699216666667,994.5,6.53260106722977,7.31452159130937,0,38.9589006383039,27.8,221.4,47.9,0.7,1.4
2018-08-09 18:37:49.500,131.8,42.328983677163,1.93313059600578,1.97663416335257,1.33646710845679,409.622080657339,418.840368169234,1.3665438513353,316.3,140.48616418367,22009.0772085592,1,180.1,43.7790716666667,-79.3699216666667,994.5,6.53323758700275,7.31419689598602,0,38.9590048558399,27.8,238.1,60.7,0.7,1.5
2018-08-09 18:37:50.500,131.8,42.3310055202048,1.93046308422066,1.97402721686625,1.25318471515167,409.615678400102,418.859368948266,1.28146576839319,285.3,140.473709134417,22068.8217156636,1,180.1,43.7790733333333,-79.3699233333333,994.5,6.52813664018431,7.31139876808089,0,38.9585023907948,27.8,248.2,72.7,0.7,1.4
2018-08-09 18:37:51.500,131.8,42.3365491394696,1.92565997561966,1.9690997178873,1.21764936641596,408.656022557709,417.874627652608,1.24511689169638,262.2,140.47912974378,22060.6379108279,1,180.1,43.7790733333333,-79.3699233333333,994.4,6.52899717210608,7.31044474857611,0,38.9572786257119,27.8,256.5,75.8,0.7,1.5
2018-08-09 18:37:52.500,131.8,42.3347794863279,1.92120189247518,1.96436310362315,1.3381624003731,407.312619329281,416.463277595019,1.36822874132703,254.7,140.495421827877,21972.0488465408,1,180.1,43.7790733333333,-79.3699233333333,994.4,6.53127963328101,7.31155949039254,0,38.9573846725818,27.8,256.7,77.6,0.8,1.7
2018-08-09 18:37:53.500,131.9,42.3308361498716,1.91687151221181,1.95978507151829,1.24270375820528,405.654071001282,414.735540118561,1.27052139586503,265.7,140.479733158282,21897.2142318789,1,180.1,43.7790733333333,-79.3699233333333,994.5,6.53518369350646,7.31417876785804,0,38.9571675368845,27.8,258.3,79.2,0.9,2
2018-08-09 18:37:54.500,131.9,42.3250671103739,1.91247929956398,1.95524610992561,1.16652351173877,404.071735206683,413.107558472738,1.19260927592915,215.7,140.495710833435,21872.6821423661,1,180.1,43.779075,-79.3699233333333,994.5,6.53525051599741,7.31697961216142,0,38.95600290991,27.8,261.9,83.6,1.1,2.2
2018-08-09 18:37:55.500,131.9,42.3205147518863,1.90933000576017,1.95187460030066,1.2088349569909,402.995069364139,411.974793663812,1.23577277445788,295.9,140.454724657425,21796.6896569199,1,180.1,43.779075,-79.3699233333333,994.5,6.53334600572403,7.31739486701744,0,38.9557742774855,27.8,262.4,82.2,1.1,2.3
2018-08-09 18:37:56.500,131.9,42.3148129544389,1.90806032208147,1.95058916647983,1.23205847058017,402.232703061689,411.198093472564,1.25952169210831,324.5,140.468140608568,21802.9627690252,1,180.2,43.7790766666667,-79.3699233333333,994.4,6.53407783150248,7.31527079564768,0,38.9554557551054,27.8,262.5,83.3,1.2,2.5
2018-08-09 18:37:57.500,131.8,42.3107952299755,1.90518748561028,1.94750585437303,1.25475961198788,401.167394065387,410.078244512201,1.28262747743202,287.2,140.483938875098,21729.5789938281,1,180.1,43.7790766666667,-79.369925,994.5,6.53521644725685,7.31466006974121,0,38.9547724215784,27.8,264,82.7,1.2,2.5
2018-08-09 18:37:58.500,131.7,42.3106459573007,1.9018018353422,1.94383749682857,1.36565473569981,400.353749863766,409.202877325494,1.39583883628323,215.3,140.459297294333,21625.1677091176,1,180.2,43.7790766666667,-79.369925,994.4,6.53505787821953,7.31911417999522,0,38.9543056480089,27.8,262.3,83,1.4,2.7
2018-08-09 18:37:59.500,131.7,42.3068880186475,1.89810048629407,1.939863832443,1.43100538044986,399.867350951571,408.665653739922,1.46249160291829,237.5,140.489160385747,21529.308279091,1,180.2,43.7790766666667,-79.369925,994.4,6.53519945460428,7.31659404221281,0,38.9538861343717,27.8,259.7,76.1,1.3,2.6
2018-08-09 18:38:00.500,131.6,42.3049528039555,1.89803571696306,1.93982350838836,1.46728824150717,399.251200881009,408.041348077805,1.49959184524696,266.3,140.471472781301,21542.2403011768,1,180.2,43.7790766666667,-79.3699266666667,994.6,6.53447191176201,7.31150675617522,0,38.9532173030402,27.8,253.8,71.8,1.3,2.6
2018-08-09 18:38:01.500,131.5,42.3048900277748,1.89962752350102,1.94139132870421,1.29498410721723,398.392516192889,407.151238400699,1.32346095229203,268.5,140.4723273123,21512.136636402,1,180.1,43.7790766666667,-79.3699266666667,994.4,6.53178132283914,7.31183638379194,0,38.9533291207602,27.8,252.7,71.8,1.3,2.4
2018-08-09 18:38:02.500,131.4,42.3052966508192,1.90016914569902,1.94175224052511,1.18602519092671,397.913306109332,406.621139024656,1.21197732639539,141.1,140.491509468171,21414.9348377332,1,180.1,43.7790766666667,-79.3699266666667,994.5,6.52903980573796,7.31541247976085,0,38.952397261852,27.8,252.4,71.6,1.2,2.3
2018-08-09 18:38:03.500,131.3,42.3072167962525,1.89990495785174,1.94143541312055,1.3296777923598,397.273422063515,405.95745133744,1.35874661107103,146.4,140.486610491639,21391.4427678192,1,180.2,43.7790766666667,-79.3699283333333,994.6,6.5315287742208,7.31712226465496,0.1,38.9520617845416,27.8,253.7,70.8,1.1,2
2018-08-09 18:38:04.500,131.3,42.3051589154955,1.89711119783295,1.93862098580103,1.30733778254339,396.974552439931,405.660498762353,1.33594493411646,140.8,140.491335264303,21411.9107659803,1,180.1,43.779075,-79.3699283333333,994.5,6.53605301156048,7.315298726793,0.1,38.9518178421434,27.8,251.1,65.3,1,1.8
2018-08-09 18:38:05.500,131.2,42.3034696255944,1.89679765213988,1.93824753308283,1.30425382322804,396.559104041119,405.224902743573,1.3327525230108,157.2,140.475911905705,21385.127392034,1,180.2,43.779075,-79.3699283333333,994.4,6.53801130140632,7.31472855586357,0,38.9510291838351,27.8,241.7,61.3,0.8,1.5
2018-08-09 18:38:06.500,131.2,42.3021654781153,1.89923073102648,1.94070513572583,1.41396122349232,396.21429998508,404.866550428742,1.44483763671848,165.6,140.478990338569,21370.6649506776,1,180.2,43.779075,-79.3699283333333,994.5,6.53489079095937,7.31458216596411,0,38.950794281961,27.8,240.6,59,0.8,1.5
2018-08-09 18:38:07.500,131.1,42.29782609015,1.89929795389164,1.94077682979296,1.28801253869489,395.931907185031,404.578660145235,1.31614082921929,155.1,140.466503757252,21372.2397969378,1,180.2,43.779075,-79.36993,994.6,6.53335775587591,7.31546568823333,0,38.9505466812175,27.8,238.4,57.7,0.7,1.4
2018-08-09 18:38:08.500,131,42.2934476041879,1.90154055065531,1.94308195193884,1.42841290573532,395.507064223656,404.147390105489,1.45961932037476,189.5,140.482730050933,21379.0576546462,1,179.9,43.7790766666667,-79.36993,994.5,6.53260682681836,7.31480343654104,0,38.9498346449802,27.8,236.6,54.9,0.7,1.2
2018-08-09 18:38:09.500,130.9,42.2886498128197,1.9033370697835,1.94508493067189,1.48513021730046,395.637687230255,404.315570423396,1.51768975626575,353.3,140.492418450379,21463.1349156059,1,179.9,43.7790766666667,-79.36993,994.4,6.53055898160809,7.31425320778748,0,38.949352028957,27.8,240.5,59,0.6,1.2
2018-08-09 18:38:10.500,130.9,42.2883342339944,1.90236851495068,1.94419201453087,1.07594029174686,395.033844457946,403.71861459911,1.09960419627478,295.1,140.447956173384,21511.8722963913,1,179.9,43.7790783333333,-79.3699283333333,994.4,6.53354903333844,7.3147860315806,0,38.9494203141268,27.8,235.2,54.6,0.5,1
2018-08-09 18:38:11.500,130.8,42.2859105254021,1.90490118040327,1.94670320397783,1.0318152061038,394.556772578582,403.215137289839,1.05445848335161,254.6,140.471354538255,21473.3080991106,1,179.9,43.7790783333333,-79.3699283333333,994.5,6.53398221147052,7.31374143643397,0,38.9485146853679,27.8,238.6,48.4,0.4,0.8
2018-08-09 18:38:12.500,130.7,42.2798103177867,1.90533724047263,1.94721752617376,1.312486877659,394.32669896187,402.994275150885,1.3413393839083,232.6,140.472393690295,21508.0298084267,1,179.9,43.7790783333333,-79.36993,994.6,6.53132107878693,7.31577710792665,0,38.9476528567045,27.8,226.4,45.2,0.4,0.6
2018-08-09 18:38:13.500,130.6,42.2748763627351,1.90192409994101,1.94381129842798,1.35550201913969,393.798105196063,402.470919868567,1.38535486564636,11.4,140.478287397932,21548.9088592422,1,179.9,43.7790783333333,-79.36993,994.5,6.53175343898082,7.31732542106451,0,38.947858867211,27.8,223.6,38.7,0.4,0.9
2018-08-09 18:38:14.500,130.5,42.2669884496986,1.90040424981341,1.94217250440089,1.38496999284879,394.043712874865,402.704107924343,1.41540671491374,231,140.503026880996,21505.5633907624,1,179.9,43.7790783333333,-79.36993,994.5,6.53349974225502,7.31432050288406,0,38.9470070687253,27.8,216.4,37.5,0.5,0.8
2018-08-09 18:38:15.500,130.4,42.267865205248,1.90067844540389,1.94240796476564,1.39409283395782,394.141412038199,402.794710786184,1.42469915410719,227.1,140.470721228754,21483.1961187533,1,179.9,43.7790783333333,-79.3699316666667,994.4,6.53079856030532,7.31302617877125,0,38.9468648950193,27.8,219,33.9,0.5,1.2
2018-08-09 18:38:16.500,130.4,42.2712212507296,1.90253788940361,1.94431342067185,1.40433721696088,393.970775098246,402.621378234797,1.43517213745764,242.5,140.478968723979,21485.8431478349,1,179.9,43.7790783333333,-79.3699316666667,994.5,6.52722417126522,7.31610796513265,0,38.9461871887767,27.8,216.5,37,0.5,1.3
2018-08-09 18:38:17.500,130.3,42.2714184609286,1.90326951824256,1.94494737649712,1.39645163290874,393.985915311432,402.613387745159,1.42703318237146,264.7,140.48460739016,21428.6951796544,1,179.9,43.7790783333333,-79.3699316666667,994.5,6.53396522482222,7.32049131750516,0,38.9456889739524,27.8,210.9,34.4,0.6,1.2
2018-08-09 18:38:18.500,130.3,42.2727742745424,1.9033343091383,1.94494197049405,1.27078797389981,394.247469550217,402.865864770388,1.29856791533738,277.4,140.494475761525,21392.7771424398,1,179.9,43.7790783333333,-79.3699316666667,994.6,6.535506015798,7.31966793841507,0,38.9452137390308,27.8,208.9,27.4,0.6,1.2
2018-08-09 18:38:19.500,130.2,42.2731356255446,1.90330212563932,1.94506028156137,1.26065699891259,394.494237312941,403.14931848788,1.28831946467082,177,140.490731305644,21468.6960781423,1,179.9,43.7790783333333,-79.3699333333333,994.5,6.53527799234715,7.31327994735258,0,38.9448168739818,27.8,200.2,26.3,0.5,1
2018-08-09 18:38:20.500,130.2,42.2721123096627,1.90429649432226,1.94634547917715,1.32820711821682,394.380429014705,403.088740548495,1.35753651956894,256.1,140.48258563525,21603.8280871224,1,179.9,43.7790783333333,-79.3699333333333,994.5,6.53601493393979,7.31456758059801,0,38.9444178417883,27.8,203.7,27.3,0.6,1.2
2018-08-09 18:38:21.500,130.1,42.2692867151978,1.9069350557046,1.94919760157765,1.2848907223941,394.121018652512,402.855690347193,1.31336636322457,226.7,140.487793433964,21681.8560671643,1,179.9,43.7790783333333,-79.369935,994.6,6.52953357574035,7.31720229939659,0,38.9440867098455,27.8,204.3,22.5,0.7,1.4
2018-08-09 18:38:22.500,130.1,42.2643248963831,1.90733726041808,1.94960549294603,1.34585615080161,394.325883920954,403.064521371902,1.37567972725763,266.7,140.457071211278,21680.437114312,1,180,43.7790783333333,-79.369935,994.5,6.52839983080993,7.31363499649683,0,38.9438454052212,27.8,193.9,14.9,0.7,1.4
2018-08-09 18:38:23.500,130,42.2606415595854,1.90442232267192,1.94666830712048,1.40415956672603,394.418462134704,403.167994979264,1.43530758085626,256.5,140.483376681721,21701.8263475974,1,180,43.7790783333333,-79.369935,994.4,6.52893654270157,7.31419402168043,0,38.9433907811251,27.8,209.5,30.6,0.8,1.6
2018-08-09 18:38:24.500,130,42.2573022986923,1.90199447814536,1.94403878352175,1.44901994428334,394.258495377707,402.973754403202,1.48104491353092,247.9,140.481822777831,21627.2212616883,1,180,43.7790783333333,-79.3699366666667,994.6,6.53273427732622,7.31649504517748,0,38.9426621146233,27.8,215.7,33,0.7,1.2
2018-08-09 18:38:25.500,130,42.2553887502765,1.90229218534514,1.94424112263779,1.45625893570812,393.823726102774,402.508232344019,1.48837043830071,331.8,140.468256203155,21575.9355443808,1,179.9,43.7790783333333,-79.3699366666667,994.5,6.53508725426979,7.31704081168137,0,38.9418250008601,27.8,213.5,29.4,0.5,0.9
2018-08-09 18:38:26.500,130,42.2561129349842,1.90115582633159,1.94306949550827,1.38248623945229,394.290299861583,402.983083239441,1.41296590409572,280.5,140.495244279802,21571.0892519101,1,179.9,43.7790783333333,-79.3699383333333,994.5,6.53683343704668,7.31835543551022,0,38.9419505853773,27.8,206.1,22.9,0.4,0.8
2018-08-09 18:38:27.500,129.9,42.2573992045441,1.90123924999709,1.94307243063974,1.32911621135133,396.925974241625,405.659644147509,1.35836118695977,284.5,140.463051704631,21529.6109120694,1,179.9,43.7790783333333,-79.36994,994.5,6.53732907298562,7.31307735365648,0,38.9412682415772,27.8,201.3,0.4,0.5,1.1
2018-08-09 18:38:28.500,129.9,42.2546566859002,1.90152699175536,1.94325728764076,1.35973931653234,399.43271761297,408.198584846729,1.38957879543591,287.4,140.480103627408,21474.6049074116,1,179.9,43.7790783333333,-79.36994,994.5,6.53878430997743,7.31231277374201,0,38.9411428187069,27.8,180.4,0.4,0.6,1.3
2018-08-09 18:38:29.500,129.9,42.2506572868075,1.9033151168017,1.94499349792952,1.33350526938972,402.068514293724,410.87295270795,1.36270725699702,327.5,140.493160107991,21428.7874684852,1,179.9,43.77908,-79.3699416666667,994.5,6.54035772566631,7.31955732561971,0,38.940497609159,27.8,170.5,353.1,0.7,1.7
2018-08-09 18:38:30.500,129.9,42.253005086111,1.9042302528798,1.94597252061574,1.19460093042384,404.820701150492,413.694669004739,1.22078527571627,320.3,140.47607206082,21450.554656734,1,179.9,43.77908,-79.3699433333333,994.5,6.53864467450795,7.31573815953401,0,38.939688603041,27.8,171.6,355.1,0.8,1.8
2018-08-09 18:38:31.500,129.9,42.2510748024779,1.9053122786962,1.94714645234781,1.1688079870671,406.44698942328,415.371147916453,1.19447111796711,353.1,140.484587601466,21484.827889482,1,179.9,43.77908,-79.3699433333333,994.5,6.53689916156586,7.31370514076087,0,38.9395757440924,27.8,166.7,346.3,1,2
2018-08-09 18:38:32.500,129.9,42.2504720416876,1.90995879075573,1.9519905436869,1.27034223134389,408.073853485368,417.054182615543,1.29830012086696,310.2,140.464033679225,21532.7931612904,1,179.9,43.77908,-79.369945,994.5,6.53193870206415,7.31306357989267,0,38.9388336540735,27.8,168.8,348.1,1.1,2.3
2018-08-09 18:38:33.500,129.9,42.2471573141934,1.91066157429457,1.95274992503077,1.18712904042754,408.118695477396,417.108801653381,1.21327979368337,290.6,140.491392294338,21553.4699432829,1,179.9,43.77908,-79.369945,994.5,6.5326959201356,7.3156565299012,0,38.938787988509,27.8,162.3,342,1.2,2.3
2018-08-09 18:38:34.500,129.8,42.2392483224275,1.90850852909223,1.95060418070652,1.17541092823201,407.034384165626,416.012219990545,1.20133811409526,284.5,140.483661925032,21580.7505724766,1,180,43.77908,-79.369945,994.5,6.53378260815621,7.31869382083637,0,38.9378391962732,27.8,157.6,334.2,1,2.2
2018-08-09 18:38:35.500,129.8,42.2372515683694,1.9063866788586,1.9482896932072,1.18816747452001,405.844482728139,414.765091767242,1.21428604728126,304.3,140.489320486106,21507.5078930638,1,180,43.77908,-79.3699466666667,994.6,6.53300998519883,7.31452252188779,0,38.9374156271215,27.8,150.9,330.1,1.2,2.4
2018-08-09 18:38:36.500,129.8,42.2362812475966,1.9048838741862,1.94680524942282,1.24843937441953,404.020298074347,412.911610585946,1.27591912732026,287.6,140.49149997476,21533.403877749,1,180,43.77908,-79.3699466666667,994.5,6.53740788139441,7.31563825575506,0,38.9366687485431,27.8,148.9,329.2,1.4,2.8
2018-08-09 18:38:37.500,129.7,42.2372530146547,1.90407564183911,1.94605487791792,1.34705660093007,403.334743426012,412.227088852994,1.37675502700429,297.1,140.450784315298,21571.4471702823,1,180,43.77908,-79.3699483333333,994.6,6.53813304052473,7.31210450126078,0,38.9359033623041,27.8,152.9,334.8,1.4,2.7
2018-08-09 18:38:38.500,129.6,42.2356188537787,1.90575243705592,1.94786164818627,1.26571393198434,402.063859289947,410.947830459749,1.2936768422008,285.4,140.487236390163,21618.207930102,1,180,43.77908,-79.3699483333333,994.6,6.53560540737812,7.31504107843018,0,38.9354028856399,27.8,154.4,334.9,1.5,3.1
2018-08-09 18:38:39.500,129.5,42.2330226220397,1.91054015042819,1.95290687846104,1.3041574471318,400.771093586325,409.658342707639,1.33308039170704,328.8,140.471506248434,21694.2380100649,1,180,43.7790783333333,-79.36995,994.4,6.53810219989496,7.3150962448304,0,38.9351862491864,27.8,154.7,332.9,1.6,3.2
2018-08-09 18:38:40.500,129.4,42.2298126449655,1.91318509727214,1.95554263209804,1.2449534428894,399.444207142714,408.287829357801,1.2725202741076,183.4,140.468665664487,21660.1282628683,1,180,43.7790783333333,-79.3699516666667,994.5,6.53690231510634,7.31725265268369,0,38.9347963884601,27.8,152.4,331.1,1.7,3.4
2018-08-09 18:38:41.500,129.2,42.225144534785,1.91669596509985,1.95920265236082,1.19472265004393,398.412413006269,407.247895797099,1.22121791508649,309.2,140.492824989633,21695.6689834062,1,180,43.7790783333333,-79.3699516666667,994.5,6.53367050158965,7.31856475139383,0.1,38.9339421882056,27.8,152.2,333.6,1.7,3.3
2018-08-09 18:38:42.500,129.1,42.2247957874464,1.91924126879051,1.96194670663818,1.19033397997316,398.129974869903,406.988831174858,1.21682016616097,316.5,140.458152950603,21766.8098260646,1,180,43.7790783333333,-79.3699516666667,994.5,6.53620506144082,7.31222506904838,0.1,38.9335323434977,27.8,151.6,333,1.8,3.4
2018-08-09 18:38:43.500,129.1,42.2176355546659,1.92098846454214,1.96367255443457,1.3356274384575,396.878131660746,405.696860701413,1.36530168452294,312.9,140.483681754611,21737.0694901289,1,180,43.7790783333333,-79.3699533333333,994.5,6.53760804453697,7.31631621978455,0,38.9335452324268,27.8,153.6,332.3,1.7,3.3
2018-08-09 18:38:44.500,129.1,42.2159293150401,1.92307304407697,1.96587531623041,1.3110270005924,395.841961829436,404.652306950585,1.34020343735799,312.5,140.481584225001,21772.6777301475,1,180,43.7790783333333,-79.3699533333333,994.5,6.53725505752184,7.31731586721906,0,38.9329385907644,27.8,148.8,331.3,1.6,3.2
2018-08-09 18:38:45.500,129,42.2174481274224,1.92408418625607,1.96696526115918,1.2758555935573,395.255639872945,404.064415019924,1.30428920197069,317.8,140.485436719936,21800.3687845679,1,180.1,43.7790783333333,-79.369955,994.5,6.53438247206452,7.31466318638708,0,38.9322009484824,27.8,157.9,336.5,1.4,2.8
2018-08-09 18:38:46.500,129,42.214360292803,1.92160633237463,1.96455959100958,1.28629219535378,394.4460747786,403.262949418288,1.31504404971888,315.2,140.486641075129,21863.8777138885,1,180,43.7790783333333,-79.369955,994.5,6.53683682713382,7.31650242363057,0,38.9316968738094,27.8,149.2,330.3,1.9,3.8
2018-08-09 18:38:47.500,129,42.2168262211573,1.92089846136163,1.96386004024577,1.18049588978118,393.75845384094,402.564925773031,1.20689954633098,318.8,140.468921713017,21876.0122527527,1,180,43.7790766666667,-79.369955,994.5,6.536210947582,7.31727096692709,0,38.9314512011943,27.8,150.2,327.5,1.9,4.1
2018-08-09 18:38:48.500,128.9,42.2174558583468,1.92134235606957,1.96431751873767,1.08767007997071,394.287502384804,403.106690277937,1.11199845630206,325.4,140.501925411512,21877.9974247805,1,180,43.7790766666667,-79.3699566666667,994.6,6.53580130245653,7.31099446039081,0,38.9307327548861,27.8,151.3,335.5,2,3.2
2018-08-09 18:38:49.500,128.8,42.2172848267664,1.92608207896518,1.96919138706942,1.17507645055044,394.674753472176,403.508286527943,1.20137704460566,289.8,140.47222483265,21891.7577353257,1,180.1,43.7790766666667,-79.3699566666667,994.5,6.53747014587522,7.31105552610058,0,38.9299488446091,27.8,163.5,344.7,1.7,3.3
2018-08-09 18:38:50.500,128.7,42.2197392292885,1.93396004334754,1.97721515047206,1.34552830715181,393.606753872837,402.410212914518,1.37562146732523,158,140.495393247612,21876.7783859465,1,180,43.7790766666667,-79.3699583333333,994.4,6.53644524499543,7.31662882537715,0,38.9293903305616,27.8,161.9,342.2,1.3,2.6
2018-08-09 18:38:51.500,128.6,42.2199002434662,1.94049794293891,1.98378805556028,1.40713468155036,393.632334622323,402.413808363927,1.43852609977291,171,140.492063330868,21822.0983644947,1,180,43.7790766666667,-79.3699583333333,994.5,6.53226728678442,7.31672902061424,0,38.9285637012702,27.8,158.6,339,1.4,2.9
2018-08-09 18:38:52.500,128.5,42.2215669325264,1.94255225867611,1.98590632304336,1.40413812740274,393.606310981106,402.390792395197,1.43547543837499,190.4,140.445961560716,21830.7814433839,1,180,43.7790766666667,-79.36996,994.5,6.5339414640622,7.31706978387457,0,38.9289612692383,27.8,163.3,340.3,1.5,2.9
2018-08-09 18:38:53.500,128.5,42.2240934589934,1.94087259774169,1.98428057302788,1.36053147909239,393.574165824065,402.376473815285,1.39095927868458,189.2,140.489300279134,21875.8648775319,1,180,43.7790766666667,-79.36996,994.5,6.53268015606056,7.31796797086408,0,38.9280616136113,27.8,145,334.9,1.9,4
2018-08-09 18:38:54.500,128.5,42.2297239238046,1.93592550653571,1.97899988629964,1.14603307306271,393.595262026363,402.352689117533,1.17154349354138,231.3,140.458688357233,21765.552056807,1,180,43.7790766666667,-79.36996,994.5,6.5330954049832,7.31456308878435,0,38.927705316447,27.8,161.3,342.7,2.2,4.4
2018-08-09 18:38:55.500,128.4,42.2369703273641,1.93008384929518,1.97283864261226,1.35324192546725,393.65830648794,402.378441378971,1.38321311238423,258.6,140.469690543606,21671.4796031209,1,180,43.7790766666667,-79.36996,994.4,6.53281090289283,7.31645756212086,0,38.9272841260287,27.8,162.5,347.2,2.1,3.7
2018-08-09 18:38:56.500,128.3,42.2379033793571,1.92813020994736,1.9707167682247,1.42896815261258,393.361563309935,402.049690288318,1.46053041229676,248.5,140.48839391241,21609.6114460252,1,180,43.779075,-79.3699616666667,994.4,6.53288220965276,7.31908336466618,0,38.9259990141017,27.8,164.5,345.1,2.1,4
2018-08-09 18:38:57.500,128.2,42.243010929744,1.92848923377337,1.97113696801328,1.37621188970485,393.589572945023,402.293718221658,1.40664540625804,250.2,140.460339103224,21636.2730643126,1,180,43.7790766666667,-79.3699616666667,994.5,6.53137947109235,7.31286235297363,0,38.9261073430211,27.8,162.4,345.8,2,3.6
2018-08-09 18:38:58.500,128.1,42.2404441352156,1.94114920141579,1.98370531274852,1.38127007926645,393.558628873899,402.186913145665,1.41155077746119,263,140.488204694689,21453.4106533319,1,180,43.7790766666667,-79.3699633333333,994.5,6.5335415507567,7.31274585263867,0,38.9253880968089,27.8,176.3,355,2,3.9
2018-08-09 18:38:59.500,128,42.2392158940185,1.95429564335633,1.99718961549604,1.16947881918283,393.700234700929,402.341234444006,1.19513758955604,263.9,140.481848839823,21476.8143107214,1,180,43.7790766666667,-79.3699633333333,994.4,6.53450951336812,7.31654829160988,0,38.9244512854275,27.8,176.8,356.6,1.8,3.6
2018-08-09 18:39:00.500,128,42.2434246811299,1.95579606546966,1.99848340979447,1.33523559655058,394.066033920106,402.666774637835,1.36436252555169,280.1,140.499303083646,21359.6121244373,1,180,43.7790766666667,-79.3699633333333,994.5,6.53583187282056,7.31191941543428,0,38.9243206248387,27.8,173.9,350,1.9,3.4
2018-08-09 18:39:01.500,127.9,42.2448904761008,1.9536453319056,1.99627737960982,1.53825194593222,393.753950369888,402.346374193756,1.57182185306546,278.6,140.482617433496,21355.9232318993,1,180,43.7790766666667,-79.369965,994.5,6.53637295238992,7.31298640013959,0,38.9235095229578,27.8,168,350.8,1.6,3.1
2018-08-09 18:39:02.500,127.8,42.2447500297465,1.95198625082789,1.9944515037767,1.22544570325451,393.599856050182,402.162625390591,1.25211645416088,276.8,140.47951170719,21291.8372700578,1,180,43.7790766666667,-79.369965,994.5,6.53067294265468,7.31597223041879,0,38.923124692447,27.8,171.6,353.9,1.6,3.1
2018-08-09 18:39:03.500,127.8,42.2410096863887,1.94692987783103,1.98903740193855,1.32297544918022,393.717728445016,402.232864989425,1.35158098393275,270.6,140.509750764473,21169.6880319265,1,180,43.7790766666667,-79.3699666666667,994.4,6.53180493317108,7.31569035020353,0,38.9221873025263,27.8,174.3,355.6,1.6,3.1
2018-08-09 18:39:04.500,127.8,42.241168352131,1.9401121007222,1.98203729977468,1.28903997810383,393.768255500528,402.277534152518,1.31689505788549,274.8,140.460464652344,21152.6660348359,1,180,43.7790766666667,-79.3699666666667,994.6,6.53592732058465,7.31491072767877,0,38.9221651713279,27.8,175.6,0.4,1.5,2.8
2018-08-09 18:39:05.500,127.7,42.2372114629028,1.93553757889985,1.97729618711556,1.34087288910276,393.694025019909,402.187820329356,1.36980007933071,282,140.501119127757,21118.8946420572,1,180,43.7790766666667,-79.3699666666667,994.5,6.53655124332249,7.3175607504885,0,38.9210331755339,27.8,176,353.1,1.3,2.3
2018-08-09 18:39:06.500,127.7,42.2349653435857,1.93258154535599,1.9741216929052,1.37412752086153,393.520804639974,401.979340286425,1.40366408280102,261,140.473057158408,21042.3147058242,1,180,43.7790766666667,-79.3699683333333,994.4,6.53478192987179,7.31992215631132,0,38.9208516272163,27.8,163.5,337.1,0.9,1.6
2018-08-09 18:39:07.500,127.7,42.2410101931829,1.92801441536301,1.96936780874639,1.23175500209415,393.870675681751,402.318586717733,1.25817571231259,256.5,140.442308307188,20998.1537044448,1,180,43.7790766666667,-79.3699683333333,994.5,6.53976473967015,7.31751141318849,0,38.9205166215895,27.8,124.1,301.9,0.8,1.5
2018-08-09 18:39:08.500,127.6,42.2356600013522,1.92603044459166,1.96724566683223,1.36148674551376,394.040155546815,402.472222216386,1.39061885594427,243.5,140.493277767492,20950.6277853177,1,180,43.779075,-79.3699683333333,994.4,6.53495255676448,7.31916077730695,0,38.9197988889987,27.8,135.2,348.7,0.2,1.2
2018-08-09 18:39:09.500,127.6,42.2322750499284,1.92132138203492,1.96249540884707,1.34757385218849,394.086032969615,402.531261242511,1.37645095463173,252.5,140.448660207212,20980.216055767,1,180,43.779075,-79.36997,994.4,6.53314412962269,7.31559850611,0,38.9191339663471,27.8,163.4,321.2,0.7,1.8
2018-08-09 18:39:10.500,127.6,42.2254261226412,1.91826144045203,1.95931470354335,1.40461874763584,394.362571450199,402.802298180783,1.43467859134774,237.6,140.473014831603,20952.5467699143,1,180,43.779075,-79.36997,994.5,6.53420362796354,7.31569141203976,0,38.9187076138798,27.8,149.8,332.3,0.9,1.6
2018-08-09 18:39:11.500,127.5,42.2190670047577,1.9115811379604,1.95239490812552,1.48895798593381,393.520308530613,401.922302539381,1.52074798597118,245.6,140.48209718817,20904.3517104194,1,180,43.779075,-79.36997,994.5,6.53925912850097,7.31737343769013,0,38.9182628484,27.8,141,318.2,0.7,1.3
2018-08-09 18:39:12.500,127.5,42.218062248684,1.91474466631112,1.95549907692516,1.26644759382509,394.166506981596,402.556105025458,1.29340704334758,238,140.468723320187,20840.7402070684,1,180,43.779075,-79.36997,994.5,6.53573165772393,7.32136830977724,0,38.9174765640357,27.8,129.9,298.6,0.7,1.6
2018-08-09 18:39:13.500,127.5,42.2143336590277,1.9208838917179,1.96188414086205,1.2836695050901,395.216784180115,403.652487302705,1.31107065434488,254.6,140.4899670624,20898.4117148075,1,180,43.779075,-79.36997,994.5,6.53412004370509,7.31870502774664,0,38.9168974773605,27.8,109.8,282.5,0.7,1.6
2018-08-09 18:39:14.500,127.5,42.214252264483,1.92457382813682,1.96545576566197,1.47857738264567,395.874498560068,404.283734685522,1.50998025472887,253,140.476022053664,20800.3912064752,1,180,43.779075,-79.36997,994.4,6.53616841150369,7.31420437900079,0,38.9169015530151,27.9,97.8,269.8,0.8,1.6
2018-08-09 18:39:15.500,127.4,42.2147051564044,1.92860478370601,1.96961509633184,1.38245421170422,395.866032725962,404.283820239232,1.41184841274213,295.7,140.508571902111,20821.4184740255,1,180,43.779075,-79.36997,994.4,6.53345657578625,7.32020692683105,0,38.9159817180694,27.9,89.8,264.8,0.9,1.9
2018-08-09 18:39:16.500,127.3,42.2164015620056,1.92315220502975,1.96406456444771,1.30809404286377,395.639826621368,404.056589123096,1.33592148061239,268.9,140.476045325195,20830.5410949091,1,180,43.779075,-79.36997,994.6,6.54262518448869,7.31411618986432,0,38.9152539063964,27.9,71.5,242.7,1.1,2.1
2018-08-09 18:39:17.500,127.3,42.2136385661727,1.91904342444696,1.95969356693098,1.24407357714139,395.249108960641,403.62142317534,1.27042690838708,328.9,140.491447662245,20742.9812855391,1,180,43.779075,-79.36997,994.5,6.53984327690767,7.31677867437129,0,38.9151138094971,27.9,59.9,243.1,1,1.8
2018-08-09 18:39:18.500,127.3,42.2087136850393,1.93427074599121,1.97527562733562,1.43712026358316,395.150374711848,403.527118688073,1.46758739469631,4.2,140.484356043996,20758.9130646777,1,180,43.779075,-79.36997,994.6,6.53670478319186,7.31681567100706,0,38.9146468677962,27.9,65.7,248.1,0.8,1.4
2018-08-09 18:39:19.500,127.2,42.2059950028683,1.96578057946592,2.00755314086508,1.43974426082328,395.767255234812,404.177255185945,1.47033794978,340,140.442056314138,20807.7199339231,1,180.3,43.779075,-79.36997,994.6,6.53327837988937,7.31545137682986,0,38.9137925012217,27.9,74.3,253.6,0.6,1.2
2018-08-09 18:39:20.500,127.1,42.199444640061,2.0048389349144,2.04739935423088,1.2157852792725,396.588784364701,405.007960423937,1.24159596157188,318.5,140.504208138976,20787.591290451,1,180.2,43.779075,-79.36997,994.5,6.53912110288757,7.31532143477121,0,38.9131078866717,27.9,78.4,261.1,0.7,1.5
2018-08-09 18:39:21.500,127.1,42.1975363074859,2.04263227599468,2.08637256181174,1.29623050111714,396.482831557093,404.972800458268,1.32399244288636,277.8,140.459793538679,20964.2003125749,1,179.6,43.779075,-79.36997,994.5,6.53673058888453,7.31974568619644,0,38.9127102409087,27.9,89.9,279.3,0.7,1.5
2018-08-09 18:39:22.500,127,42.1990286466594,2.07901207501373,2.1237901363157,1.34404787832349,396.288734158142,404.823901968368,1.37299611095314,248.4,140.449019280128,21083.7548632609,1,179.8,43.779075,-79.3699683333333,994.4,6.5394305588232,7.31555148126012,0,38.9119707822484,27.9,99.9,285.6,0.9,1.6
2018-08-09 18:39:23.500,127,42.1902920317756,2.10439445201258,2.14984578010835,1.24248041237581,395.861706273096,404.411553147606,1.26931441250483,215.3,140.493059372475,21141.4498413679,1,179.9,43.779075,-79.3699683333333,994.5,6.53980045314607,7.32631493681442,0,38.9118051562514,27.9,119.6,304.1,1,2
2018-08-09 18:39:24.500,127,42.1902965166694,2.11924568352747,2.16529436756835,1.32675909946014,396.84521879617,405.46815270773,1.35558946649491,226.4,140.441798842176,21266.5482018782,1,180,43.779075,-79.3699666666667,994.5,6.53615409344727,7.31548437479496,0,38.9111430879455,27.9,127.4,310.2,1,1.8
2018-08-09 18:39:25.500,127,42.1919019321421,2.11376697719634,2.16006318248245,1.56070366683684,396.736132905765,405.425511398639,1.59489177948309,265.4,140.501757233567,21432.722341204,1,180,43.779075,-79.3699666666667,994.6,6.53653370754095,7.31153469833014,0,38.9104969324612,27.9,138.8,318.9,0.7,1.5
2018-08-09 18:39:26.500,127,42.1923334542641,2.1038350829608,2.14988979728336,1.33840476315337,396.466932092503,405.14596659216,1.36770524166094,256.3,140.478277037483,21421.9456731431,1,179.8,43.779075,-79.3699666666667,994.5,6.53928116179505,7.31372507316025,0,38.9099630914718,27.9,138.5,317,0.8,1.5
2018-08-09 18:39:27.500,127.1,42.1950452521414,2.09538676661399,2.14137666841099,1.35954486329871,396.019041113225,404.710975747511,1.38938551786867,269.5,140.480770495579,21476.7612069456,1,179.8,43.779075,-79.3699666666667,994.5,6.53504604856021,7.31489435030197,0,38.9095777465955,27.9,146.1,328,1,2
2018-08-09 18:39:28.500,127.1,42.1867064877393,2.09396704930005,2.14019809144423,1.20566891304335,395.574722709293,404.308263970492,1.23228449334907,242.3,140.485898520999,21601.0549421467,1,179.9,43.779075,-79.3699666666667,994.5,6.53844753380183,7.32068582117698,0,38.9084233078862,27.9,141.6,323.4,1,2
2018-08-09 18:39:29.500,127.1,42.1836999941991,2.09743420985065,2.1442142061587,1.07456274830684,395.385900079152,404.204291387601,1.09852566181419,316.5,140.472059495812,21816.6860829477,1,179.9,43.779075,-79.3699683333333,994.5,6.53844055345206,7.31830180760618,0,38.9086267992193,27.9,144.7,322.8,1.2,2.3
2018-08-09 18:39:30.500,127.2,42.1807724871733,2.10550191091888,2.1521409098458,1.29037386480582,396.433305117257,405.214629878329,1.31895051352679,215.2,140.514325213778,21670.880397529,1,179.9,43.779075,-79.3699683333333,994.4,6.54167339105011,7.31243797451432,0.1,38.9077887456825,27.9,138,322.6,1.1,2.2
2018-08-09 18:39:31.500,127.2,42.1774728470036,2.12178411873832,2.16923132867322,1.20774750830164,397.200423607274,406.082575736124,1.23475106324963,214.4,140.463142999262,21872.8145199111,1,179.8,43.779075,-79.3699683333333,994.6,6.53729590099994,7.31691752120528,0,38.9072058324676,27.9,140.4,322.2,1.4,2.6
2018-08-09 18:39:32.500,127.2,42.17809124604,2.13191471985712,2.1796893440751,1.34542916249672,397.895960193527,406.812485122313,1.37557939927219,216.3,140.503537314644,21918.0024534779,1,179.8,43.779075,-79.3699683333333,994.4,6.53581062797169,7.31346126603316,0,38.9061337538269,27.9,144.4,325.2,1.4,2.8
2018-08-09 18:39:33.500,127.2,42.1820003494111,2.14329950821694,2.19170178603104,1.29635805635474,398.29160649061,407.28619127313,1.32563248437113,236.1,140.483208575196,22084.1741671556,1,179.8,43.779075,-79.3699683333333,994.5,6.53229246124275,7.31703983292676,0,38.9057766468419,27.8,148.9,328.1,1.4,3
2018-08-09 18:39:34.500,127.2,42.1876801533486,2.14604596793364,2.19454523354624,1.20435457753645,399.245494802797,408.268108854931,1.23157212546141,242.5,140.434110962943,22099.5978153468,1,179.8,43.779075,-79.3699683333333,994.6,6.53638870060698,7.31788974981749,0,38.9062220309871,27.8,153.3,333.5,1.4,2.7
2018-08-09 18:39:35.500,127.2,42.1819903528422,2.14230914780302,2.19086717787468,1.31847072525438,398.954395937062,407.997155522403,1.34835715693265,5,140.506154177441,22163.7022421646,1,180,43.779075,-79.3699683333333,994.5,6.53440688831765,7.31915303140795,0,38.9048529841124,27.8,149.6,332.6,1.4,2.7
2018-08-09 18:39:36.500,127.2,42.1841663663822,2.13111008403807,2.17964674297142,1.43063679110857,399.372858753682,408.468749865574,1.46322083781441,307.1,140.4474038263,22268.2151192213,1,180.1,43.779075,-79.3699683333333,994.4,6.53521430792664,7.31604435702804,0,38.9044366104244,27.8,150,327.5,1.4,3
2018-08-09 18:39:37.500,127.2,42.1856013511617,2.12764857587433,2.17620060895571,1.38933120435806,398.872264872681,407.97437423896,1.42103465470813,213.7,140.479394540655,22310.5529302006,1,180.1,43.7790766666667,-79.3699683333333,994.5,6.53666512558003,7.31755099685845,0,38.9039568313958,27.8,148.8,325.6,1.4,2.8
2018-08-09 18:39:38.500,127.3,42.181836980987,2.11899513453683,2.16735005412027,1.31054087589061,398.992305499523,408.097120232477,1.34044617092562,213.1,140.493644511926,22310.3337311382,1,180.2,43.7790766666667,-79.36997,994.5,6.53730765506222,7.31813901663426,0,38.9031770221027,27.8,141.2,325.6,1.2,2.6
2018-08-09 18:39:39.500,127.3,42.1863251621119,2.10401259249482,2.15204421713273,1.37115915993831,398.180666193191,407.270463049866,1.40246088057161,214.1,140.442060874466,22318.9775107744,1,179.8,43.7790766666667,-79.36997,994.4,6.53152183675771,7.32191636384923,0,38.9027589058415,27.8,144.4,322.5,1.4,2.7
2018-08-09 18:39:40.500,127.3,42.1780013938334,2.08248986272975,2.12984590623376,1.39147466651587,398.389047032803,407.44835791262,1.42311725373705,192,140.500420063002,22234.248511663,1,179.8,43.7790766666667,-79.36997,994.5,6.53285902521397,7.32078260893501,0,38.9022132981831,27.8,146.5,328.1,1.4,2.6
2018-08-09 18:39:41.500,127.3,42.1788217617857,2.0614177119563,2.10828133551512,1.32124090524001,398.114420048988,407.165011533977,1.35127797846175,243,140.466848322097,22228.2013919652,1,180,43.7790766666667,-79.36997,994.5,6.53452668953361,7.31690957504737,0,38.9013865882888,27.8,149.3,329.4,1.4,2.5
2018-08-09 18:39:42.500,127.3,42.1759271878912,2.03864383235787,2.08497937209908,0.987169815230896,397.286288493256,406.315918666342,1.00960666979791,10.8,140.495580043212,22223.1842336302,1,179.8,43.7790766666667,-79.3699683333333,994.5,6.53240600729657,7.31541336804886,0.1,38.9004071563674,27.8,156.2,334.8,1.1,2.3
2018-08-09 18:39:43.500,127.2,42.1740311139716,2.02080902801,2.06649523542004,1.30660103536418,396.342211053277,405.302682599538,1.33613791393479,349.8,140.480600030893,22108.19591421,1,179.8,43.7790766666667,-79.3699683333333,994.5,6.53956944748281,7.31848969286987,0,38.9003674602521,27.8,151.7,332.8,1.3,2.3
2018-08-09 18:39:44.500,127.2,42.177333236276,2.00325776118189,2.04850423771559,1.37911131434713,395.476657355361,404.409302338975,1.41026098668681,223.1,140.466834789533,22087.9960678517,1,179.7,43.7790783333333,-79.3699683333333,994.4,6.53943973947667,7.32062260114957,0,38.8993291504763,27.8,154.1,335.3,1.1,2.1
2018-08-09 18:39:45.500,127.2,42.173428636019,1.99222624283206,2.03708182092987,1.32870223547378,394.783347514141,403.67182233021,1.35861831225619,221.2,140.516775493826,22019.1289646392,1,179.8,43.7790783333333,-79.3699666666667,994.3,6.53640205850084,7.31658678423319,0,38.8990913728987,27.8,156.9,337.9,0.9,1.8
2018-08-09 18:39:46.500,127.1,42.1726925013132,1.98669602957489,2.03128112403072,1.31038966717522,395.725919045627,404.60665812208,1.33979638713445,237.9,140.450431450261,21949.0128443368,1,179.8,43.7790783333333,-79.369965,994.5,6.53594075074414,7.3159095011381,0,38.8988226569887,27.8,158.1,338.2,1,1.8
2018-08-09 18:39:47.500,127.1,42.178875839534,1.97358107456452,2.01771175359005,1.45255097392082,396.403658782851,405.267571746308,1.48503036090817,235.2,140.514110768539,21871.7870317941,1,179.7,43.7790783333333,-79.369965,994.5,6.53713484990015,7.31902056482788,0,38.8980855087487,27.8,160.4,334.9,0.9,1.9
2018-08-09 18:39:48.500,127.1,42.1817707475833,1.96691031969633,2.01077167470674,1.26008548569704,395.614318844111,404.436366924684,1.28818553486837,245.7,140.480443747708,21813.3352092289,1,179.7,43.7790783333333,-79.3699633333333,994.6,6.53255827629113,7.31659849210832,0,38.897526135599,27.8,158.1,338.8,1,2
2018-08-09 18:39:49.500,127,42.1835857495622,1.95473609144536,1.99824794153291,1.48481455960151,395.08337004105,403.877890033299,1.51786594216503,228.1,140.431999681642,21774.9958066599,1,179.7,43.7790783333333,-79.3699633333333,994.5,6.53824553107795,7.31895599619349,0,38.8971318477968,27.8,156.7,338.8,1.1,1.9
2018-08-09 18:39:50.500,127,42.1808030155102,1.94708628478481,1.99048755461332,1.24165987269859,394.22347608252,403.010979256331,1.26933655452959,228.4,140.511833343735,21804.8147658649,1,180.5,43.7790783333333,-79.3699616666667,994.4,6.53614414256403,7.31425766605556,0,38.8960646030396,27.8,157.2,336.2,0.9,1.8
2018-08-09 18:39:51.500,127,42.179218054961,1.94116601451062,1.98444485266659,1.43085823649962,394.475685014132,403.270735377971,1.46276028713751,255.8,140.436415084323,21809.3757914563,1,181.4,43.7790766666667,-79.3699616666667,994.5,6.5341013763804,7.31222638074647,0,38.8959234324972,27.8,157.2,336.9,1,2
2018-08-09 18:39:52.500,127,42.1823959403769,1.93338121197064,1.97624933660778,1.17361504616681,393.609239844255,402.336727283779,1.1996382595474,212,140.483403169147,21691.8352075741,1,182.6,43.7790766666667,-79.36996,994.5,6.5375710344008,7.31886006846985,0,38.895571249689,27.8,154,335.4,1.1,1.9
2018-08-09 18:39:53.500,127,42.1868006564696,1.93016687401174,1.97263609430097,1.37634213775824,392.894174336358,401.538972345692,1.40662531880659,204.1,140.487755569363,21529.1420609663,1,182.8,43.7790766666667,-79.3699583333333,994.5,6.53805897012779,7.3149869318922,0.1,38.8940444368505,27.8,157.3,335.1,1,2.2
2018-08-09 18:39:54.500,127,42.1923931931927,1.92412294395153,1.9666121064456,1.16397719056861,392.927770036172,401.604602991581,1.18968011153036,197.2,140.450494221418,21605.3678664029,1,182.8,43.7790783333333,-79.3699583333333,994.4,6.53767740749525,7.31626013210391,0.1,38.8942816249407,27.8,157.5,335.1,1.1,2.3
2018-08-09 18:39:55.500,127,42.18793,1.923438,1.965981,1.345158,392.4207,401.1003,1.37491,187.6,140.5033,21639.5,1,182.1,43.7790783333333,-79.3699583333333,994.4,6.537179,7.314264,0.3,38.89355,27.8,152.3,329.8,1.1,2.6
2018-08-09 18:39:56.500,126.9,42.19199,1.915884,1.957853,1.457062,392.2556,400.8483,1.48898,163.4,140.4726,21436.14,1,180.3,43.7790766666667,-79.3699583333333,994.5,6.535977,7.314411,0.3,38.89309,27.8,153.8,333.1,1.4,2.8
2018-08-09 18:39:57.500,126.9,42.18975,1.91428,1.95606,1.399024,391.442,399.9855,1.429559,163.7,140.5096,21359.65,1,179.3,43.7790766666667,-79.3699583333333,994.6,6.534832,7.320992,0.1,38.89278,27.8,149.1,328.3,1.4,3.2
2018-08-09 18:39:58.500,126.9,42.18449,1.913635,1.955492,1.212715,392.1695,400.7474,1.239241,156.5,140.4724,21404.93,1,178.2,43.7790766666667,-79.3699583333333,994.4,6.533571,7.312648,0.1,38.8918,27.8,157.1,341.7,1.8,3.9
2018-08-09 18:39:59.500,126.9,42.1856080399664,1.91132413028778,1.95302325712909,1.39225797329116,391.861070968168,400.410298106078,1.42263271616207,153,140.481964434723,21351.1620039446,1,179.5,43.7790766666667,-79.3699583333333,994.5,6.5363421278023,7.31708076152837,0.1,38.8916020480191,27.8,166.6,346.3,1.9,3.7
2018-08-09 18:40:00.500,126.9,42.1741195324839,1.91305990828679,1.95470093176789,1.31984685332089,391.938004569859,400.469356280927,1.34857661650925,166.5,140.516429651471,21303.4541392049,1,179,43.7790766666667,-79.3699583333333,994.5,6.539010222702,7.31813588322629,0.3,38.8910883120986,27.8,152.1,329.8,1.6,3.2
2018-08-09 18:40:01.500,126.9,42.17409,1.914507,1.95596,1.364119,392.1278,400.6182,1.393655,159,140.4425,21193.17,1,178.3,43.7790766666667,-79.3699566666667,994.5,6.53555,7.317939,0.3,38.89035,27.8,146,328.8,1.6,3.5
2018-08-09 18:40:02.500,126.9,42.1698776462432,1.92144793039126,1.96332690223707,1.71838211191391,393.179932697842,401.749445346899,1.75583682995477,164.2,140.517621582095,21330.487440896,1,175.2,43.7790766666667,-79.3699566666667,994.4,6.53639957241283,7.31472391926908,0.7,38.8897434572006,27.8,151.9,338.4,1.7,4.2
2018-08-09 18:40:03.500,127,42.1653537680214,1.92809819826336,1.96994772432566,1.12217529440693,393.272665225432,401.808583098305,1.14653276582532,167.1,140.455468484427,21243.9075842074,1,173.7,43.7790766666667,-79.3699566666667,994.5,6.53522306326264,7.31391602386012,1.1,38.8895273696885,27.8,147.8,337,2,3.6
2018-08-09 18:40:04.500,126.9,42.1715625024017,1.93204065490463,1.97396040495474,1.30579797672892,393.635527920225,402.176434181931,1.33412969503162,163.7,140.438334359557,21236.6291016948,1,170.1,43.7790766666667,-79.3699566666667,994.5,6.53208224925183,7.31317406169783,0.9,38.8890906253413,27.8,149.7,344.5,1.3,2.9
2018-08-09 18:40:05.500,126.9,42.1607286247093,1.93831751108473,1.98002689493493,1.39678816465369,394.551434827592,403.041632022003,1.42684280280492,164.7,140.505138693468,21065.3311694001,1,166.4,43.7790766666667,-79.3699566666667,994.4,6.53571944505123,7.31693639135569,0.9,38.887548354432,27.8,159.2,355.7,1.4,3.8
2018-08-09 18:40:06.500,126.9,42.1586127952958,1.94631154603304,1.98846922615065,0.992900912220178,394.492593808298,403.037350058093,1.01440666366504,161.8,140.431138555333,21200.9811120788,1,161.8,43.7790766666667,-79.3699566666667,994.5,6.54403630581215,7.32157711908277,0.9,38.8871645806892,27.8,155.9,356.2,1.7,4
2018-08-09 18:40:07.500,126.9,42.1515317042086,1.9632602875552,2.00561989445728,1.23072146664614,395.122489465413,403.647490830637,1.25727321673841,160.7,140.484643488811,21119.995005013,1,159.8,43.7790766666667,-79.3699566666667,994.5,6.53373770244319,7.30916034304685,0.9,38.8863937540136,27.8,155.9,352.9,1.5,3.2
2018-08-09 18:40:08.500,126.9,42.1502382843694,1.97511414771314,2.01802535152365,1.02590703847397,395.379361855912,403.969290005941,1.04819570192276,164.8,140.480562462643,21263.9460234619,1,159.8,43.7790766666667,-79.369955,994.5,6.53970013034982,7.31871118284526,0.7,38.8866339048117,27.8,150.6,354.6,1.3,2.9
2018-08-09 18:40:09.500,126.9,42.1514255751054,1.99544502874287,2.03872337926487,1.20477190394823,396.689212593858,405.292997790143,1.23090236174364,160.7,140.463651464728,21228.4143918785,1,158.3,43.7790766666667,-79.369955,994.5,6.53426191703993,7.31665253661406,0.5,38.8858154556383,27.8,148,349.8,1.3,2.9
2018-08-09 18:40:10.500,126.9,42.1455194830309,2.00651319675775,2.05003937359055,1.31479744695826,397.352925123985,405.972568595415,1.34331938994486,152.3,140.493916922308,21232.1374006333,1,157.1,43.7790766666667,-79.369955,994.4,6.53192986339793,7.32137227092674,0.7,38.8845612513589,27.8,143.9,345,1.4,3.3
2018-08-09 18:40:11.500,127,42.1467364943377,2.00056374599264,2.0439172644856,1.25715000244247,397.531261771809,406.145971487278,1.28439226623759,160.8,140.471802638265,21210.6902443776,1,154.3,43.7790766666667,-79.369955,994.6,6.54031462411772,7.32138724512979,0.7,38.8844809398626,27.8,137.5,342.1,1.4,3
2018-08-09 18:40:12.500,127,42.1425354450217,1.98661982100568,2.02957328790936,1.51032265542695,397.57862814274,406.174793011444,1.54297872301411,152.5,140.515930284457,21163.743292932,1,153.1,43.7790766666667,-79.369955,994.5,6.53902904647129,7.31737101679458,0.7,38.8829989751094,27.8,138.8,348.1,1.5,3.2
2018-08-09 18:40:13.500,126.9,42.1407995264324,1.97886252181357,2.02148715633531,1.3921864845276,397.289538052516,405.847088463114,1.42217540072991,143.2,140.466074433232,21085.612018634,1,151.7,43.7790766666667,-79.369955,994.5,6.53710461662043,7.31917734256367,1.1,38.8831374639786,27.8,144.8,353.9,1.3,3.3
2018-08-09 18:40:14.500,126.9,42.1401899739619,1.96747982832335,2.01014011364068,1.53048450888837,397.512441552466,406.131495064976,1.56366971887005,144.9,140.494064839927,21222.28121924,1,151.1,43.779075,-79.369955,994.4,6.53991519329286,7.31502935023774,1.4,38.8824508770795,27.8,140.9,349.5,1.7,4.5
2018-08-09 18:40:15.500,126.9,42.137909317902,1.95670384996885,1.99894441364155,1.3680534496246,396.873085104592,405.44056541065,1.39758729205756,149.3,140.47645105352,21131.4233697288,1.2,154.8,43.779075,-79.3699533333333,994.6,6.53606432428482,7.3165661031989,2,38.8817469624731,27.8,139,346.6,1.9,4.8
2018-08-09 18:40:16.500,126.8,42.1336732607203,1.94700206326189,1.9888343875994,1.21967163939421,397.12329979583,405.655688449769,1.24587733694299,148,140.440795893158,21033.5853463026,1,159.2,43.779065,-79.3699483333333,994.5,6.53560298125151,7.31392473070947,2.5,38.8815090528788,27.8,142.2,343,2,5.1
2018-08-09 18:40:17.500,126.7,42.1303583607724,1.9379968826407,1.97929065463254,1.20089702994717,397.707424157464,406.181544612496,1.22648434931387,154.8,140.514092093558,20862.9697131433,1,166.5,43.7790466666667,-79.3699416666667,994.5,6.53506067081203,7.31380517939598,3.8,38.8802285395322,27.8,135.7,337.1,1.6,5.1
2018-08-09 18:40:18.500,127,42.1242651275169,1.93042432951341,1.97144107226692,1.27887404306731,397.444892156627,405.889598080802,1.30604702833859,164.8,140.450787723555,20805.424553958,1,176.7,43.7790283333333,-79.369935,994.4,6.53354851957229,7.31863877979215,5.3,38.8806071249772,27.8,140,338.3,1.3,5.5
2018-08-09 18:40:19.500,127.4,42.1237195291463,1.92448447954352,1.96539658569146,1.27195652483794,397.772580497692,406.22875104875,1.298996088423,168.4,140.481737637497,20816.196883446,1,174.8,43.779005,-79.36993,994.5,6.53270995877282,7.32275792258665,6.1,38.880898269765,27.8,127.4,342.2,1.6,6.1
2018-08-09 18:40:20.500,126.9,42.122706395083,1.91869338241638,1.95930064693277,1.40557046694846,397.492491852489,405.904954678681,1.43531644410697,171.5,140.492585812234,20725.4165916064,1,176.9,43.77898,-79.36993,994.5,6.53772189334638,7.32165517351883,6.6,38.8796087559234,27.8,133.8,345,1.7,6.8
2018-08-09 18:40:21.500,126.2,42.1279369697358,1.91734196321791,1.95776787167468,1.55180473538475,397.634316585802,406.018131620864,1.58452184104395,171.8,140.442246253136,20648.8455768146,1,175.7,43.7789583333333,-79.3699266666667,994.5,6.53895179626135,7.31431809172637,7.2,38.8794903956499,27.7,138.2,345.1,1.5,6.9
2018-08-09 18:40:22.500,126.2,42.125001875672,1.91418740658911,1.95474882857588,1.49406228465861,397.326151738306,405.745448638706,1.52571804978031,172.5,140.509782821751,20750.1238023768,1,177.7,43.7789266666667,-79.3699216666667,994.4,6.53416682826051,7.32262909456486,7.2,38.8777018749552,27.7,140.9,347,1.9,7.8
2018-08-09 18:40:23.500,125.8,42.1223312678185,1.91238867086026,1.9524813287446,1.55624073886467,396.621699093088,404.936804190407,1.58887042551464,170.4,140.474648164081,20534.4001558045,1,172.7,43.77889,-79.3699133333333,994.6,6.53438095742143,7.31965993281859,8.3,38.8776860237658,27.6,149.1,352.1,1.9,8.2
2018-08-09 18:40:24.500,125.4,42.1217997845346,1.90898477807605,1.94891998491203,1.22914073230288,396.543498393019,404.839150102014,1.25485480536475,169.3,140.485937763195,20491.2813134649,1,171.2,43.7788566666667,-79.36991,994.4,6.53973790226589,7.32111013367054,9.4,38.8763437763195,27.6,154.1,353.8,1.7,9.3
2018-08-09 18:40:25.500,125,42.1190936522657,1.90657320236959,1.94658934789377,1.27437374500093,396.24520505093,404.561764644169,1.30112076550517,171.2,140.481028854849,20557.0290531078,1,177.3,43.7788166666667,-79.3699,994.4,6.54046227338313,7.31843332638553,9.6,38.8761793298894,27.6,157.4,353.1,2.2,10
2018-08-09 18:40:26.500,125.2,42.1250912402806,1.90457824980321,1.94459887442964,1.24290763924308,396.287363204994,404.614550642838,1.26902438929907,172.3,140.454625027678,20580.457313948,1,178.8,43.7787833333333,-79.369885,994.5,6.5364467453139,7.31997499894407,10.3,38.875365000096,27.6,156.6,357.6,2,8.7
2018-08-09 18:40:27.500,125.9,42.1137320539656,1.90380429789857,1.94341714271021,1.29208881998438,397.002207384034,405.262829483637,1.31897561695479,172.3,140.480746342744,20383.2438467575,1,178,43.7787483333333,-79.369875,994.5,6.53178987046315,7.31831071937982,10.9,38.8753418702338,27.5,150.1,352.6,1.3,8.6
2018-08-09 18:40:28.500,126.4,42.1093224549316,1.89974914686094,1.93937152122129,1.51593879845937,396.765293284082,405.040533947651,1.54755803729689,174.3,140.462723525872,20430.6371938883,1,183.6,43.778715,-79.3698666666667,994.4,6.53482724438949,7.31602481531175,11.2,38.8745261339844,27.5,158.5,357.8,1.1,7.7
2018-08-09 18:40:29.500,127.1,42.1095242903152,1.89540913296606,1.93503124699111,1.586923943034,397.220377969859,405.523912392081,1.62009966828693,175.6,140.502709362788,20476.0886504283,1,184.5,43.7786833333333,-79.3698633333333,994.3,6.53593460854222,7.32156042918384,11.1,38.8741469572889,27.5,178.1,359.2,0.6,6.7
2018-08-09 18:40:30.500,127.4,42.1103084394384,1.89310251140303,1.93254715843373,1.32110609744698,396.089992648798,404.342981081064,1.34863245017719,173.9,140.468588325342,20410.8621839757,1,185.4,43.77865,-79.3698633333333,994.4,6.53661200689363,7.32405086186857,11.1,38.873152292162,27.5,155.7,359.8,0.6,7.3
2018-08-09 18:40:31.500,127.4,42.1146968130607,1.89370562674316,1.93304154966767,1.34212986179123,396.223027761126,404.453396695898,1.37000812693315,177.5,140.442479017918,20349.4218000455,1,185,43.7786216666667,-79.3698716666667,994.5,6.53895422466072,7.31921057453056,11.2,38.873204983295,27.5,171.8,354.8,0.8,7.7
2018-08-09 18:40:32.500,127.2,42.114462703428,1.8922557241484,1.93155035863745,1.56073150228632,395.738799059677,403.95670651444,1.59314009467303,179.7,140.505682790845,20343.5249772617,1,189.1,43.7785933333333,-79.369875,994.4,6.53652531497069,7.3172716512193,11.2,38.8720952284444,27.5,149.1,352,0.9,7.6
2018-08-09 18:40:33.500,127.3,42.1205037406989,1.89170332159474,1.93101882188093,1.2212086284541,394.649400484319,402.851500515139,1.24658924839627,181.1,140.451699766646,20360.1250508535,1,194.6,43.7785633333333,-79.36988,994.4,6.53832494083244,7.32192081857875,11.2,38.8719743764034,27.5,139,349.1,1.1,7.9
2018-08-09 18:40:34.500,126.7,42.1245785992766,1.88890001628046,1.92812126979928,1.27565000801162,394.520438352717,402.712190119162,1.30213808155509,184.7,140.51577805668,20341.4012074248,1,202.2,43.7785383333333,-79.3698883333333,994.4,6.5372356696069,7.31902567357209,11.2,38.8713702001033,27.5,139,346.7,1.3,8
2018-08-09 18:40:35.500,126.3,42.1323651061489,1.88821002496897,1.92736160653315,1.19913473818546,394.65419714666,402.837082917483,1.22399706901144,191.4,140.483750617671,20313.2474360037,1,208.2,43.77851,-79.3698983333333,994.4,6.5371259879087,7.31472733591948,10.9,38.8703784518006,27.5,134.4,341.9,1.3,7.6
2018-08-09 18:40:36.500,126.7,42.1383768851306,1.88717008066913,1.92621696340729,1.29994730257305,394.90966119814,403.080475266685,1.32684533894997,194.4,140.450775871192,20270.9101433871,1,201.8,43.7784816666667,-79.3699116666667,994.4,6.53858250461438,7.32052961620949,11.1,38.869876180984,27.5,129,338,1.5,8.1
2018-08-09 18:40:37.500,127.4,42.1344149006981,1.88523538408596,1.92430485347811,1.40282157791213,394.548578482001,402.725062751473,1.43189703891587,196.9,140.49981014813,20302.8832758839,1,205.7,43.7784583333333,-79.3699266666667,994.5,6.5363371127377,7.32169646516202,10.9,38.8692565986492,27.5,161,354.6,1,7.3
2018-08-09 18:40:38.500,128.1,42.1379595006911,1.88442709471184,1.92334610312785,1.24119620953833,394.614411562695,402.764243531038,1.2668347921903,199.1,140.474661430722,20234.9113955422,1,210.9,43.77843,-79.3699416666667,994.5,6.53891185711624,7.31966550628129,10.5,38.8687498335637,27.5,119.2,343.3,0.6,7
2018-08-09 18:40:39.500,128.6,42.1364990124205,1.88324413621251,1.92221892993898,1.49788479375379,394.230257649114,402.389131645982,1.52888928019101,204.2,140.492728853518,20276.1600256351,1,211.5,43.7784066666667,-79.3699516666667,994.5,6.53770331299003,7.31577299308721,10.3,38.8680887436316,27.5,167.5,351.1,1.1,7.2
2018-08-09 18:40:40.500,129.1,42.1377097506762,1.88161748337055,1.92032141906214,1.39255435454104,394.583258406719,402.69972843754,1.42119917909443,204.2,140.476634923418,20155.1504305573,1,208.7,43.7783933333333,-79.3699633333333,994.5,6.54055842430652,7.31783441165555,9.8,38.8671050646308,27.5,195.6,357.4,0.6,6.2
2018-08-09 18:40:41.500,129,42.1426159810061,1.8814063811538,1.92013804676525,1.49109523762572,394.354887633957,402.473248077147,1.52179029339368,204.8,140.463010778836,20171.307269036,1,206.8,43.7783783333333,-79.3699766666667,994.5,6.54031511679107,7.32080962239347,8.7,38.8664145598438,27.5,166.1,352.2,0.5,5.2
2018-08-09 18:40:42.500,127.3,42.1424851086658,1.87874853289368,1.91746614461665,1.23149876954822,395.164344118908,403.307879153595,1.25687696799809,204.9,140.475905529317,20191.8902179195,1,209.2,43.7783516666667,-79.37,994.4,6.53869821027672,7.32287994417775,8.1,38.8668558567845,27.5,155.5,351.2,0.6,5.4
2018-08-09 18:40:43.500,126.4,42.1445595352259,1.88324173919862,1.92210794123531,1.24575763191864,396.112597212126,404.28746857773,1.27146940801139,206.3,140.462757672774,20220.4356390489,1,201.6,43.7783233333333,-79.370005,994.5,6.53718262397311,7.31725254620962,8.5,38.8659546437399,27.5,189,355.3,0.5,5.2
2018-08-09 18:40:44.500,125.7,42.1434296528157,1.88297860502917,1.92189542585502,1.36596850382389,395.611447878048,403.787946229513,1.39420102295691,201.1,140.503693416284,20249.358713521,1,200.8,43.7783016666667,-79.3700133333333,994.4,6.53824634194113,7.31972839298856,8.5,38.8649667824816,27.5,82.4,345.3,0.5,4.1
2018-08-09 18:40:45.500,125.5,42.1475030779263,1.88133861141058,1.92000684816664,1.33149398594941,395.398842415647,403.525693555151,1.35886096376267,198.9,140.466874815111,20139.6265965707,1,201.3,43.7782816666667,-79.3700266666667,994.4,6.53864753116838,7.3182034542446,8.3,38.8655221160134,27.6,77.3,336.7,0.8,3.7
2018-08-09 18:40:46.500,125.4,42.1522797295368,1.88042360417905,1.91905824735309,1.40075973287595,395.773176695731,403.904630115883,1.42953843293126,197.4,140.481263666263,20132.0980523851,1,201.9,43.7782616666667,-79.3700366666667,994.4,6.53693544411597,7.31649081196336,7.7,38.8653489675164,27.6,75.3,341.2,0.8,3.5
2018-08-09 18:40:47.500,125.1,42.1506677727588,1.88027741905654,1.91888364078113,1.43858478628088,395.643472239751,403.766898148947,1.46812142694691,197.2,140.495761135247,20119.0767962862,1,198.6,43.7782416666667,-79.3700383333333,994.4,6.54040340556285,7.31740651224427,7.5,38.8640494269953,27.6,84.8,338.3,0.7,3.6
2018-08-09 18:40:48.500,124.9,42.1460405628614,1.88142049710378,1.9200480064848,1.13706055060287,395.011367063237,403.121315798405,1.16040379325599,197.4,140.45379956602,20117.8044679108,1,193.5,43.7782233333333,-79.370045,994.5,6.53969880477243,7.32030191024898,7.2,38.8633724530949,27.6,88.8,339.4,0.7,3.7
2018-08-09 18:40:49.500,125.5,42.1380805613205,1.87970586955547,1.91827136285144,1.3734607852952,394.853606340422,402.95463063025,1.40164125582802,193,140.511651670326,20104.0154393628,1,185.9,43.7782083333333,-79.370045,994.4,6.54000594621574,7.32134071343109,7,38.8639249784107,27.7,90.8,334.2,0.8,3.7
2018-08-09 18:40:50.500,126.2,42.1305538830325,1.88122984387069,1.91986364961548,1.50465278533129,395.060369118461,403.173394371639,1.5355542183655,186.2,140.478669859364,20123.0741423023,1,175,43.778195,-79.3700483333333,994.5,6.53384944554391,7.32448737610432,6.1,38.8637859206405,27.7,95.3,333.1,0.9,3.6
2018-08-09 18:40:51.500,126.4,42.127314493109,1.88033344580906,1.91893745106181,1.32255926619088,396.115759164806,404.248236209005,1.34970936162851,178.7,140.46045247755,20117.4857448906,1,169.2,43.7781783333333,-79.3700466666667,994.4,6.53469478566243,7.32111173911307,5.7,38.8620874225218,27.7,85.4,333.1,0.8,3.4
2018-08-09 18:40:52.500,126.1,42.118259699853,1.87989189465276,1.91850357793089,1.23952709801821,396.835258742451,404.985995154715,1.26497936826034,172.3,140.484660215732,20125.9017596484,1,167.9,43.7781616666667,-79.37004,994.5,6.54052000462637,7.31535795921996,5.3,38.8610427291663,27.7,84.2,335.3,0.8,3.8
2018-08-09 18:40:53.500,126.1,42.1155176231853,1.88148249702118,1.91990921497174,1.34415450063772,396.872357979718,404.977795415763,1.37160279292006,165.9,140.449119969172,20014.5980542705,1,159.4,43.77814,-79.3700316666667,994.4,6.54268274409436,7.31253527370922,5.5,38.8615171731966,27.7,95.5,337.5,1.2,4.7
2018-08-09 18:40:54.500,126.6,42.1091401865824,1.88086896464904,1.91947616930891,1.2664760114136,395.591960527823,403.71178099381,1.2924727420953,160.8,140.497361506507,20113.0582210125,1,155.5,43.778125,-79.370015,994.5,6.54084744515766,7.31603868990344,6.1,38.8604150824366,27.7,114.1,339.6,1.3,6.1
2018-08-09 18:40:55.500,128,42.105398680457,1.87941851653755,1.91809351041852,1.36643646824271,394.803621448538,402.927828436679,1.39455197456754,155.7,140.472665896464,20163.1200546371,1,166.5,43.7781066666667,-79.370005,994.4,6.5396155575297,7.3178280161802,7.2,38.8609844738723,27.6,111.8,338.1,1.5,6.8
2018-08-09 18:40:56.500,128.4,42.1063686831706,1.88240173756659,1.92126215576074,1.31626764852977,394.384377100492,402.526114367131,1.34344212786884,161.6,140.476389086902,20226.6711757533,1,178.2,43.77808,-79.369995,994.3,6.53723662133128,7.3186530049851,7.9,38.8618314553623,27.6,103.6,338,1.7,6.7
2018-08-09 18:40:57.500,128.1,42.1044422889167,1.88169487082541,1.92061911980657,1.53221969384729,394.323853060905,402.480591864397,1.56391341755592,163,140.47356991007,20266.1608297256,1,175.7,43.7780516666667,-79.3699833333333,994.5,6.53717276623452,7.31836110359282,9,38.8603055778772,27.6,114,341.4,1.4,7.1
2018-08-09 18:40:58.500,128.7,42.1076868064894,1.88501968467631,1.92414989341022,1.44691265282775,393.285214139084,401.449235012475,1.47694923303253,166,140.465875991055,20336.3876510162,1,178.7,43.7780233333333,-79.3699716666667,994.4,6.53062530531427,7.31971154982658,9.6,38.8600941746783,27.6,104.7,340.1,1.3,7.3
2018-08-09 18:40:59.500,128.8,42.1134988636969,1.88393316393151,1.92313742012672,1.43697194878253,392.852258681223,401.027373842415,1.46689281205446,166,140.497397789388,20385.4429054164,1,166.7,43.777995,-79.3699583333333,994.5,6.53256509792767,7.32113566639374,10.3,38.8591983726419,27.6,93.9,334.2,1.7,7.5
2018-08-09 18:41:00.500,127.7,42.1197065232423,1.88426180794475,1.92371974097318,1.7537550182254,392.065214036204,400.275440092665,1.79048045057177,162.8,140.464121083073,20511.2939923509,1,154.6,43.7779716666667,-79.3699366666667,994.4,6.53569989061624,7.32295867248372,11.1,38.8586386849742,27.6,95.3,341.4,1.7,8.3
2018-08-09 18:41:01.500,126.9,42.12435474195,1.88114787177032,1.92061133477708,1.66292697293495,391.655959567507,399.872275692136,1.69781018375989,158.2,140.488655986416,20547.3613646253,1,161.7,43.7779433333333,-79.3699266666667,994.4,6.53690433466968,7.31846230439364,10.9,38.8584867322987,27.6,101.7,336,2.1,9.1
2018-08-09 18:41:02.500,126.9,42.1238776945279,1.88183415398291,1.9215410901414,1.58594344749734,391.268237774157,399.523995660664,1.61940952140623,157.3,140.48646039181,20664.0124131387,1,163.1,43.7779133333333,-79.3699133333333,994.5,6.53722657324754,7.31881113572176,11.2,38.8581313111688,27.6,103.1,333.3,2.8,10.4
2018-08-09 18:41:03.500,127,42.1253280147062,1.8859746227155,1.92602485231286,1.58003165784874,391.152020391216,399.458323967742,1.6135805549506,158.4,140.454434477436,20793.9767786916,1,164.4,43.777885,-79.3699,994.4,6.53279317632781,7.31992690860903,11.6,38.8587284094799,27.5,94.7,327.1,3.1,9.3
2018-08-09 18:41:04.500,127.7,42.1198292382806,1.88761259324263,1.92782008823132,1.48767081268054,391.105584978957,399.436389988657,1.51935793298426,160.3,140.501395189141,20856.3701189822,1,164,43.77785,-79.3698883333333,994.4,6.53494795211703,7.3211666349831,11.8,38.8602276149378,27.5,80,330.7,1.9,7.9
2018-08-09 18:41:05.500,127.9,42.117033080066,1.88952731561606,1.92978935741089,1.5910332154967,391.464003979767,399.805418215144,1.62493818461106,161.6,140.470756458888,20863.5257554382,1,161.4,43.77782,-79.369875,994.4,6.53774803416249,7.31755488961054,12.2,38.85464753294,27.5,75,333.8,1.6,8.2
2018-08-09 18:41:06.500,128.4,42.1186021155824,1.89340312086393,1.93403318612829,1.64442389111042,391.867986386943,400.277022771116,1.679706679386,160.4,140.471777393857,21007.9081334189,1,164.2,43.7777933333333,-79.36986,994.3,6.53604188892368,7.32301582898422,11.2,38.8556818694713,27.5,88.4,336.3,1.9,7.7
2018-08-09 18:41:07.500,127.8,42.1191271421179,1.89920574479802,1.94035930689717,1.53168345489422,392.17399992867,400.671913354983,1.56486731453899,158.8,140.470579984331,21209.1180148031,1,168.6,43.7777666666667,-79.369845,994.4,6.53851836741192,7.32113948362967,11.1,38.8542997873025,27.5,86.7,335.6,1.6,7.5
2018-08-09 18:41:08.500,127.7,42.124567577347,1.90105315105116,1.94251015040553,1.41186777759856,392.634621659527,401.196966453182,1.44265633353584,161.7,140.451318441702,21342.0902938836,1,170,43.7777333333333,-79.3698316666667,994.4,6.53505416639098,7.31719703212641,11.1,38.8531896593667,27.5,91.1,338.3,1.5,7.6
2018-08-09 18:41:09.500,128.1,42.119456077555,1.90046741898896,1.94200590225894,1.42092763623935,392.58039397169,401.161085404817,1.45198592686276,163.8,140.497877641458,21389.5743661453,1,170.7,43.777705,-79.3698183333333,994.4,6.53640983937605,7.31624108683108,11.6,38.8527396518112,27.5,85.4,339.2,1.2,7
2018-08-09 18:41:10.500,128.3,42.1173394043496,1.90122163225811,1.94279028879044,1.56785867591537,392.321540132316,400.899332438499,1.60213597242371,163.1,140.475005584223,21396.3612362524,1,171.7,43.77768,-79.3698083333333,994.4,6.53720267479821,7.31490331795249,11.6,38.8510700124094,27.5,72.3,337.1,1.3,6.8
2018-08-09 18:41:11.500,128.5,42.1144779661233,1.90558767919672,1.94722002357047,1.67131705026021,391.567102986893,400.121887141963,1.70782916674136,164.3,140.490252401193,21380.3813271561,1,166.2,43.777655,-79.3698,994.4,6.53927643500592,7.31887750380907,11.2,38.8527978106958,27.5,76,335.7,1.4,6.4
2018-08-09 18:41:12.500,128.7,42.1116634921511,1.90938035259016,1.95124321820731,1.63875964904614,390.973094673708,399.545241729682,1.67469247554863,163.7,140.477186247309,21454.7804489588,1,163.1,43.7776333333333,-79.3697916666667,994.4,6.5379602566739,7.32049481912678,11.1,38.8534717550906,27.5,77.8,337.5,1.3,6.6
2018-08-09 18:41:13.500,128.4,42.1113355044411,1.90964641845837,1.95146996646272,1.64637030422766,390.889331966682,399.450379896691,1.6824388716072,163,140.478606375801,21431.9267713098,1,168.2,43.7776066666667,-79.3697833333333,994.4,6.53258036465958,7.31978816254956,10.9,38.850427510674,27.5,79.2,340.7,1.3,6.6
2018-08-09 18:41:14.500,127.8,42.1149719151906,1.91403379968536,1.95560361257075,1.47496111190413,390.99392531946,399.485643854743,1.50699634506905,162.6,140.493042544283,21256.5942140451,1,167,43.777575,-79.3697633333333,994.4,6.53702495484388,7.32259088598588,10.9,38.8521565005625,27.5,79.7,340.7,1,6.4
2018-08-09 18:41:15.500,127,42.1169754689519,1.92890798895782,1.9707759449598,1.4267421568719,391.400722587586,399.896107430862,1.45771200474188,162.4,140.465788341216,21244.0306661262,1,164.2,43.7775483333333,-79.3697533333333,994.4,6.54216169113214,7.32030233752062,10.5,38.8501245946193,27.5,78.4,346.3,0.8,6.4
2018-08-09 18:41:16.500,127.2,42.1190537816139,1.95144027940865,1.99398780178159,1.5276767546333,391.393398281456,399.926926228848,1.56098687019442,162.2,140.482914382246,21337.7089629295,1,166.9,43.7775216666667,-79.3697416666667,994.4,6.53766674295099,7.32110208648295,10.1,38.8483924017536,27.5,108,348.3,0.7,6.2
2018-08-09 18:41:17.500,128.9,42.1217075475305,1.96674427183212,2.00981459042283,1.56717692354464,392.394273531505,400.987311185202,1.60149509376873,162.5,140.480544697736,21429.6759733765,1,164.3,43.7774983333333,-79.36973,994.4,6.53634410556139,7.31927711686031,9.8,38.8466455205485,27.5,99.4,349.5,0.6,6.1
2018-08-09 18:41:18.500,129.9,42.1253533447469,1.98687746677736,2.03054866726386,1.5742035953712,392.881707295565,401.51715664079,1.60880505398189,162,140.465170018609,21507.0621238037,1,166.5,43.777475,-79.3697183333333,994.4,6.53644099978999,7.32102469778285,9.6,38.8461227644619,27.4,116.2,345,0.8,6.2
2018-08-09 18:41:19.500,130,42.127240026487,2.00535484605485,2.04948175045485,1.57626415710987,393.07827635202,401.727705117512,1.61094707731301,162.1,140.497090234923,21530.5220914299,1,168.4,43.7774516666667,-79.3697116666667,994.4,6.53539401332746,7.32278676710778,9.4,38.8459832140104,27.4,107.9,349.8,0.7,5.7
2018-08-09 18:41:20.500,130.2,42.1332741887152,2.01509042943306,2.05961974533064,1.50730625650142,393.475751517433,402.170691136922,1.54062013620777,162,140.456794937684,21619.8396400285,1,168.6,43.7774316666667,-79.3697016666667,994.4,6.53463693363244,7.31981339591203,8.7,38.8449560907501,27.4,107.2,346.9,0.8,5.6
2018-08-09 18:41:21.500,130.4,42.1367930612919,2.0147768634074,2.05970028771683,1.55310468178812,394.597802573331,403.39620312194,1.5877290408975,162.4,140.459615616084,21810.627581719,1,170.5,43.777415,-79.3696866666667,994.3,6.53238046207901,7.31519665817454,7.9,38.8445313372109,27.4,116.5,345.8,0.8,5.3
2018-08-09 18:41:22.500,130,42.138009477028,2.00539373980362,2.05063831000063,1.47234281624979,395.481331841394,404.404166725237,1.50555766797918,157.7,140.470350860367,22064.2192548398,1,169.5,43.7774016666667,-79.3696716666667,994.4,6.53173753003499,7.31868112271064,7.2,38.8439667550116,27.4,116.3,349.8,0.7,5.3
2018-08-09 18:41:23.500,130.6,42.1383953588943,1.99106993833303,2.03647318237111,1.53370991153937,396.591841725832,405.635637065852,1.56869104326608,156.3,140.457103571249,22295.122116459,1,166.1,43.777385,-79.3696633333333,994.4,6.53564800606729,7.32238583812242,6.8,38.8435288463807,27.4,130.7,350.4,1.1,5.6
2018-08-09 18:41:24.500,130.3,42.13422148626,1.97799156937295,2.02347642074695,1.60226635916689,398.301985718916,407.461249086829,1.63909857130589,158.4,140.494134995262,22478.8251603941,1,172.6,43.7773683333333,-79.36966,994.4,6.53801590792978,7.31923086647055,6.6,38.8423052733031,27.4,128.2,353.9,1,5.8
2018-08-09 18:41:25.500,129.2,42.1354863485435,1.96823301061071,2.01411104509012,1.52533241939318,399.194126070796,408.499370897264,1.56089599482971,162.3,140.465554353417,22778.5297573691,1,166.3,43.7773483333333,-79.36965,994.4,6.53586398279271,7.32015781361023,6.6,38.8417960720383,27.4,145.7,354,1,5.8
2018-08-09 18:41:26.500,128.1,42.1340640711441,1.95964974685831,2.00595396029424,1.64594876280629,401.760347550755,411.253933775271,1.68485018728004,160.6,140.45411417445,23083.9356261029,1,168.3,43.7773266666667,-79.36964,994.4,6.53467613395603,7.31935203025371,7,38.8416165982759,27.4,129.5,347.8,1.1,5.9
2018-08-09 18:41:27.500,127.9,42.1231031572027,1.94786519762827,1.99435204452136,1.66261909568083,403.301150164982,412.926319483607,1.70228980897612,161.7,140.48386995893,23309.5777947049,1,162.7,43.7773066666667,-79.3696233333333,994.4,6.53742986400246,7.32129432982997,7.5,38.8411214360045,27.4,147.5,357.3,1.3,6.8
2018-08-09 18:41:28.500,128.3,42.1189181620708,1.93833001722728,1.98512450927324,1.48136178598467,402.918694635427,412.646069456119,1.51710974395729,155.5,140.475242258008,23573.2418133034,1,153.7,43.7772833333333,-79.3696033333333,994.4,6.53635652243546,7.32293733002401,8.5,38.8408198552835,27.4,160.9,0.4,1.1,6.8
2018-08-09 18:41:29.500,128.4,42.1166890127053,1.93059375343986,1.97772133671771,1.44721314544496,402.287299307174,412.107707447709,1.48255031210469,150.8,140.485343782595,23829.751941994,1,144.5,43.7772633333333,-79.36958,994.4,6.53393010835553,7.32341433822265,9.2,38.8410902260874,27.4,133.5,355.8,1.1,7.5
2018-08-09 18:41:30.500,128.3,42.1147630970462,1.92609101084547,1.97341688993693,1.62640665533457,401.660247138131,411.529551604417,1.66637328112585,144.4,140.46697969118,23982.0325400672,1,140.1,43.7772416666667,-79.3695483333333,994.4,6.53117388796084,7.3219001511529,10,38.8410040560196,27.4,123.8,357.6,1,7.5
2018-08-09 18:41:31.500,128.3,42.1128619806721,1.92097200237434,1.96836358449109,1.59717938296238,401.27884909247,411.178764697081,1.63657483991361,140.3,140.481689598479,24076.8258585473,1,134.6,43.7772233333333,-79.3695166666667,994.4,6.53168660988473,7.32553823554572,10.7,38.8412160278146,27.4,141.8,357.7,1,7.9
2018-08-09 18:41:32.500,128,42.1080978900077,1.91194578093169,1.95927366010291,1.40826465215506,401.075344095999,411.003521913826,1.44312414900413,134.9,140.485408115714,24156.0061675227,1,120.3,43.7772116666667,-79.3694833333333,994.4,6.53307444182029,7.32783356176545,11.2,38.8428892245192,27.3,121.4,355.9,1.3,8.6
2018-08-09 18:41:33.500,127.2,42.1013535351426,1.90661749056138,1.95392046651562,1.44219005612306,401.061367868505,411.011774141135,1.47797346438989,128.8,140.474104694454,24209.5664149703,1,112.1,43.7772033333333,-79.369445,994.4,6.53262434461446,7.32653517400011,11.6,38.8412996958347,27.2,117.3,358.4,1.2,8.8
2018-08-09 18:41:34.500,126.8,42.0980153646715,1.90522102588459,1.9524833735236,1.49670900551885,401.549266377264,411.510441993554,1.53383876193685,121.9,140.491979886734,24206.3776424971,1,112.3,43.7771883333333,-79.3694116666667,994.5,6.52932996934498,7.32079529488348,11.8,38.8387321948316,27.2,116.6,358.6,1.1,8.8
2018-08-09 18:41:35.500,126.6,42.1004117453335,1.90098270437946,1.94797813202679,1.64125552249487,401.7866338422,411.719403552043,1.68182197184068,120.4,140.449402956928,24125.144897044,1,117.9,43.7771766666667,-79.369375,994.4,6.53106280598844,7.31942598126188,12,38.8392985710589,27.2,107.5,355.9,1.3,9.2
2018-08-09 18:41:36.500,126.8,42.0982869474666,1.90009929471665,1.9467713915685,1.62324123779351,400.977745094902,410.826972255995,1.66314007174238,120.2,140.461928419068,23973.9102156629,1,121.1,43.7771616666667,-79.36934,994.4,6.53329578523363,7.32419920205805,12.2,38.8375674737654,27.2,108.3,355.3,1.2,9
2018-08-09 18:41:37.500,126.2,42.0957658970221,1.89637954784248,1.94266538533147,1.48431921143402,399.50940876624,409.260420109626,1.52054423156235,120,140.473627835667,23825.8402975036,1,120.9,43.7771433333333,-79.3693083333333,994.5,6.53575398150711,7.324904844728,12.7,38.8351848350736,27.1,89.3,350.3,1.2,9.1
2018-08-09 18:41:38.500,126,42.0953733167698,1.8912849552784,1.93736557110796,1.60969423714147,398.854077078641,408.572119154931,1.64891401343286,120.4,140.455892582128,23785.2889167436,1,128.2,43.77712,-79.3692733333333,994.4,6.53724581171139,7.3230170955067,12.5,38.8348747822543,27.1,77.4,348.8,1.3,8.9
2018-08-09 18:41:39.500,126.2,42.0996954973165,1.89107552006928,1.93703284806114,1.63428087616462,398.414138201813,408.096439581117,1.67399603033485,124.9,140.483091324425,23725.5210997376,1,144.4,43.777095,-79.369245,994.5,6.53500643787095,7.31971134572204,12.5,38.8350718699439,27.1,73.8,349.4,1.2,8.4
2018-08-09 18:41:40.500,126.6,42.1095791975731,1.89024198177586,1.93580350788814,1.65425970042563,397.611122548134,407.194957088085,1.69413238243228,133,140.464350009742,23536.0515954123,1,150.3,43.77707,-79.369215,994.5,6.53558742408354,7.31505300737359,12.4,38.8342747508418,27.1,93.5,350.4,1,8.5
2018-08-09 18:41:41.500,127.5,42.1120157056039,1.88745451888221,1.93274223331414,1.61254257922851,396.694322506184,406.212741578173,1.65123219526186,139.8,140.471447721554,23432.07584826,1,159.8,43.7770383333333,-79.36919,994.4,6.53626304099497,7.31742106450444,12.4,38.8335642860798,27.1,105.7,352.8,1.1,8.7
2018-08-09 18:41:42.500,128.3,42.1103053870635,1.88542300349514,1.9306158055833,1.56395727400119,395.714165487819,405.199368248209,1.60144496421642,145.6,140.49482908964,23408.7100797267,1,161.5,43.77701,-79.3691666666667,994.4,6.53482528386146,7.32285077974929,12.7,38.8330768331425,27.1,126.6,356.8,1.1,9.1
2018-08-09 18:41:43.500,129.5,42.1137287078164,1.88522667315528,1.93018263608129,1.5879365269885,395.065517513817,404.486430970828,1.62580157282482,150.5,140.482301070349,23291.0898156108,1,160,43.7769783333333,-79.369145,994.5,6.5360043516623,7.32292101411408,13.1,38.8329422973684,27.1,115.5,352.4,0.8,8.6
2018-08-09 18:41:44.500,130,42.1152760283924,1.88490352101383,1.92973086997681,1.56445350170824,394.901201195251,404.292775751534,1.60166003430064,154.1,140.486061927911,23229.6180047786,1,165.9,43.7769483333333,-79.369125,994.5,6.53435640126039,7.32022252118702,13.3,38.8323376125481,27.1,124.8,353.4,0.8,8.6
2018-08-09 18:41:45.500,130.3,42.1177879922627,1.8846194388752,1.92936518855906,1.56912162548419,394.41214675011,403.776455975735,1.6063751817287,157.4,140.461334156075,23191.8137314657,1,171.8,43.7769116666667,-79.3691166666667,994.5,6.53309937990013,7.32047665044904,13.1,38.8317601600832,27.1,124.3,354.9,0.8,8.3
2018-08-09 18:41:46.500,129.8,42.1199927171331,1.88334801575544,1.92792764614167,1.6031897494172,393.705939556559,403.025100959372,1.64113837424437,163.2,140.473266862604,23122.9650362698,1,176.6,43.7768816666667,-79.369115,994.4,6.53276342899081,7.32372640222362,13.3,38.8313454887933,27.1,151.4,2.6,0.6,8.6
2018-08-09 18:41:47.500,129.4,42.1180119922924,1.88213024033405,1.9265459585357,1.62766364443352,393.402477477199,402.686228953111,1.66607315952698,168.4,140.483444308275,23054.5053376925,1,173.4,43.7768433333333,-79.3691066666667,994.4,6.53182632536929,7.32279132398162,12.5,38.8299217849709,27.1,175.9,2.6,0.9,8.3
2018-08-09 18:41:48.500,128.8,42.1174398639628,1.88209402869338,1.92634414901315,1.5638563942602,393.54701352423,402.79978845987,1.60063071817512,168.8,140.478275404453,22971.2183890976,1,166.5,43.7768,-79.3690933333333,994.4,6.53034395787002,7.32474831363983,13.3,38.8297866390407,27.1,174.2,0.4,0.9,9
2018-08-09 18:41:49.500,128.8,42.11381789825,1.88100032480415,1.92504594196877,1.45291724529386,394.000820946093,403.226840490432,1.4869396831179,167.4,140.483416460897,22880.5719854288,1,170.2,43.7767633333333,-79.3690883333333,994.4,6.53178108612321,7.3256563513438,13.7,38.8301291542912,27.1,179.8,1.7,0.7,9.3
2018-08-09 18:41:50.500,130,42.1121123625587,1.88259420690443,1.92648869873923,1.47143018789442,394.015037361803,403.20190666499,1.50573568932126,169.7,140.444363355666,22784.7500340967,1,173.1,43.7767266666667,-79.3690783333333,994.4,6.53396565767574,7.32907709500903,14,38.8300671176028,27.1,190.9,4.1,0.8,9.5
2018-08-09 18:41:51.500,130.6,42.1131823928859,1.88411640743729,1.92796232295872,1.55838345635166,394.374476657293,403.552083266026,1.59464992361129,170.7,140.470913702511,22742.073641877,1,180.7,43.7766916666667,-79.3690766666667,994.4,6.53207513338708,7.32612983185054,14,38.8295525343573,27.1,194.7,4.7,1.1,10
2018-08-09 18:41:52.500,130.3,42.1159023822249,1.88671244932532,1.93055683012337,1.60543004721302,395.085390461294,404.266625460902,1.64273807990762,172.7,140.475798306921,22710.8722040912,1.1,175.3,43.7766566666667,-79.36907,994.5,6.53220475042168,7.31948289714535,14.2,38.8288876330731,27.1,188.3,4,1.4,10.3
2018-08-09 18:41:53.500,129.9,42.1215687007632,1.89354890040482,1.93753468330558,1.48095039804171,394.978536461843,404.15360205281,1.5153484773845,172.6,140.462086630406,22701.9752725178,1,172.4,43.7766216666667,-79.36906,994.5,6.53142806495556,7.3218567027183,14.4,38.8278308438083,27.1,192,6,1.4,10.3
2018-08-09 18:41:54.500,129.5,42.1233757061303,1.91554729972168,1.96014975385841,1.45524739973051,395.067200377703,404.266109390529,1.4891337113591,173.4,140.48649200246,22754.5598854774,1,173.7,43.7765816666667,-79.3690533333333,994.4,6.53444031953347,7.32127650685012,14.8,38.8264984417705,27.1,197.5,7.7,1.2,10.4
2018-08-09 18:41:55.500,129.1,42.1286179797847,1.947136030914,1.9924196024112,1.4714880831216,395.172506163812,404.363030416965,1.50571182947353,174.6,140.457999183074,22728.2946515274,1,184.4,43.7765416666667,-79.3690483333333,994.5,6.53349714440437,7.31966994353582,14.8,38.8268321565298,27,200.4,4.8,1.4,10.6
2018-08-09 18:41:56.500,129.3,42.1313311463439,1.96636672196447,2.01214437166504,1.44045923448448,394.756826274761,403.946821089674,1.47399371130353,179.1,140.469869247863,22750.4760283896,1,200.3,43.776505,-79.36906,994.4,6.53089077535819,7.32008662692797,15.1,38.8264481527855,26.9,202.8,4.7,1.2,10.4
2018-08-09 18:41:57.500,130,42.1317593738001,1.9742813729963,2.0203668104403,1.44397231447715,393.804344154996,402.996856662612,1.4776791270165,187.8,140.488487508767,22810.4412454883,1,207.3,43.77647,-79.36908,994.4,6.5355722480123,7.32354849799566,15.3,38.8250593752848,26.9,196.4,2.8,1,10.4
2018-08-09 18:41:58.500,130.1,42.1363182783372,1.97831142620224,2.02461820016663,1.4689327966987,392.45981496776,401.646018796671,1.50331764618796,196,140.475645035643,22871.6127069419,1,215.5,43.77644,-79.3691016666667,994.3,6.53255831895329,7.32366824925887,15.3,38.8248523923961,26.9,204.1,1.3,1.1,10.6
2018-08-09 18:41:59.500,130.1,42.1339701513395,1.98059329828702,2.02708387649251,1.4890582179451,391.446313612564,400.634688611566,1.52401082733694,201.8,140.486273449667,22934.5815856738,1,225.4,43.7764133333333,-79.3691283333333,994.4,6.52860746915308,7.32219165679035,15,38.8250420313062,26.9,206.8,2.2,1.5,11.1
2018-08-09 18:42:00.500,131.6,42.1306949999757,1.99007212039351,2.0368859952482,1.46581882476463,391.429593594636,400.637487333724,1.50029963752575,208.5,140.457937519759,22983.049357275,1,223.7,43.7763833333333,-79.3691616666667,994.4,6.52973949953552,7.32486268625399,14.4,38.8242812504316,26.9,215.7,3.8,1.6,10.9
2018-08-09 18:42:01.500,133.8,42.1283411355438,2.01682832978006,2.06447583881727,1.54810488040219,392.146820395014,401.411036960216,1.58468267793393,213.1,140.473051288121,23079.0403056282,1,217,43.7763516666667,-79.3691883333333,994.4,6.53260317274358,7.32266242905152,14,38.8238478222668,26.9,227.2,3.4,1.6,11.2
2018-08-09 18:42:02.500,135,42.1253588945648,2.049072090798,2.09779909401209,1.44144773754566,392.569160083408,401.904099489171,1.47571121168938,213.6,140.490102862118,23226.7386611485,1,212.7,43.7763166666667,-79.3692166666667,994.4,6.53196366668598,7.32316981885985,14.2,38.8232942822706,26.9,228.9,6.2,2.3,11.6
2018-08-09 18:42:03.500,134.7,42.1248437491079,2.06701017607848,2.11635898820328,1.45620797245315,393.382038945882,402.773873260928,1.49097630876066,211.5,140.471653144548,23317.8640142347,1,201.5,43.7762866666667,-79.3692383333333,994.5,6.53502314608136,7.32365100411416,14.2,38.822459688274,27,237.3,12,2.4,12
2018-08-09 18:42:04.500,134.3,42.1200322994048,2.06724854289335,2.11673535574642,1.53296465070116,393.584357696325,403.006312613088,1.56966093683321,208.8,140.484642031197,23379.1416790012,1,193.3,43.7762566666667,-79.3692533333333,994.4,6.53663625723631,7.32394045098246,13.3,38.82311020022,27,231.1,6.1,2,10.8
2018-08-09 18:42:05.500,133.1,42.1142925638747,2.06066941432057,2.10995831131171,1.40656203418134,393.85943420193,403.280137356785,1.44020939540262,202.4,140.466930639223,23360.1586872751,1,194,43.7762233333333,-79.3692666666667,994.5,6.53413081853237,7.32475915001428,13.5,38.8228003154854,27,220.4,5,1.8,10.7
2018-08-09 18:42:06.500,131.8,42.1125570992367,2.05024380057403,2.0991639718527,1.32268572519273,394.184650811069,403.590097662216,1.35424621660499,197.1,140.482541364497,23304.4670133631,1,184.7,43.77618,-79.3692683333333,994.4,6.53184553816821,7.32381191507649,13.5,38.8217933635497,27,208.7,4.6,1.7,10.6
2018-08-09 18:42:07.500,129.2,42.1125441453981,2.03199782690467,2.08036708897932,1.40292286884643,394.271012398248,403.656020214887,1.43631493540999,190.4,140.485923655243,23250.0863578776,1,183.8,43.7761333333333,-79.3692733333333,994.5,6.53445469442582,7.32266185049529,14.2,38.8212937944371,27,203.5,1.2,1.5,10.4
2018-08-09 18:42:08.500,128.9,42.1141265739213,2.01618546496679,2.06395394531569,1.49855225064869,394.26942083562,403.610644559214,1.53405483421171,191.5,140.473701069789,23144.1096565534,1,182.5,43.7760866666667,-79.3692816666667,994.4,6.53501466786015,7.3218431837465,15,38.8202549853075,27,202.6,3.7,1.3,11
2018-08-09 18:42:09.500,128.8,42.1158368804636,2.00197999985741,2.04904197257413,1.49414108142207,394.080180253366,403.343972806925,1.52926728733174,189.3,140.498775550176,22967.3234580489,1,185.8,43.7760366666667,-79.3692816666667,994.5,6.53343792221928,7.32235117447934,16.1,38.8202818073556,27,208.1,4.5,1.3,11
2018-08-09 18:42:10.500,128.5,42.1139823005195,1.99029297332107,2.03685462712644,1.4447696459122,393.549272235221,402.756024180055,1.47856968234087,185.6,140.471858411975,22859.2814038771,1,181.1,43.7759866666667,-79.36928,994.5,6.53167778083656,7.32302902577474,16.6,38.8206684496063,27.1,206.8,4.5,1.2,10.6
2018-08-09 18:42:11.500,128.4,42.1109785026774,1.977211243795,2.02305017088656,1.48281472570234,392.896564980683,402.005160089792,1.5171835484467,180.1,140.492043758856,22657.6856493215,1,170.9,43.77594,-79.3692683333333,994.5,6.53043592030861,7.32323711529914,17.4,38.8195295995853,27.1,220.5,1.7,0.4,10.1
2018-08-09 18:42:12.500,127.7,42.1108222705495,1.96159297581713,2.00661690430943,1.50484139756306,393.025512912757,402.046442028853,1.53938152543611,174.7,140.49521636269,22437.4906329194,1,166,43.775895,-79.3692516666667,994.6,6.53429956175579,7.32311627466268,17.4,38.8189076143015,27.1,174.6,359.2,0.1,9.1
2018-08-09 18:42:13.500,127.8,42.1125190703286,1.95052983171901,1.99510164925764,1.45196080206173,393.058521947417,402.04037401996,1.48514068896378,171,140.445644782448,22340.6493176122,1,167,43.7758566666667,-79.369235,994.5,6.53807239289991,7.32726817085337,16.6,38.8185848101102,27.1,59.5,357.9,0.3,8.5
2018-08-09 18:42:14.500,127.6,42.1079300873224,1.94211486612491,1.98616194497641,1.54904170448258,393.135898867012,402.052224517234,1.58416407540232,168.1,140.482610282633,22177.0164929774,1,160.3,43.7758216666667,-79.369215,994.6,6.53623967349294,7.32245007591908,15.9,38.818488914148,27.1,30.2,350.5,0.6,7.4
2018-08-09 18:42:15.500,127.3,42.1029737062597,1.93542081341345,1.9789143125594,1.19117277117379,393.061112208773,401.894074542965,1.21796941674151,163.6,140.44783254239,21978.2684269621,1,161.9,43.7757883333333,-79.369205,994.5,6.53488445932201,7.31917999175211,14.4,38.8179007139999,27.1,32.6,349.5,0.9,6.7
2018-08-09 18:42:16.500,126.9,42.099095825753,1.92900589648057,1.97207938236551,1.2984093466875,391.908004117095,400.658980852798,1.32738754027223,164,140.44670869577,21841.4802576992,1,141.4,43.7757716666667,-79.3691966666667,994.5,6.53330915151947,7.32190955605921,12.7,38.8170800121658,27.2,1.8,351.2,1.2,5
2018-08-09 18:42:17.500,127.2,42.0951257565027,1.92084470789165,1.96347550698855,1.51267802967655,391.611272496218,400.302486674448,1.54624852516954,162.3,140.485501152388,21711.7841128479,1,149.9,43.7757533333333,-79.3691883333333,994.6,6.53554715281893,7.32355795992136,10,38.8169669238483,27.2,6.4,349.2,1,2.8
2018-08-09 18:42:18.500,126.9,42.0969715230791,1.91563167873801,1.95785593105239,1.43476668694734,391.79668598492,400.43252605838,1.46639575217931,163.5,140.454090815561,21566.4014865698,1,157.6,43.7757483333333,-79.369175,994.6,6.53566197568579,7.32865998668275,7.7,38.8172102858861,27.3,351.3,327.5,1.6,0.6
2018-08-09 18:42:19.500,127.2,42.0952657122802,1.91157768915692,1.95351624304246,1.48822758873262,392.678766718942,401.29365325788,1.52087521132732,161.4,140.486948641505,21467.8978198051,1,164.2,43.7757516666667,-79.3691583333333,994.6,6.53466049046165,7.32564543587431,4.4,38.8156523850029,27.4,349.7,213,1.5,0.7
2018-08-09 18:42:20.500,127.8,42.0946817252558,1.90834029673903,1.95005123334908,1.47513171651474,393.64903857428,402.253090861563,1.50737590452337,157.1,140.487583304067,21389.7084433634,1,163.6,43.775745,-79.36915,994.5,6.53296634302501,7.32640176257052,2.5,38.8148830460158,27.4,357.3,269.8,0.8,0.7
2018-08-09 18:42:21.500,128.3,42.0971837074058,1.90686874625243,1.9483555579629,1.48373995286542,394.252929091293,402.830587806826,1.51602026039405,157.1,140.454060820737,21293.4721236915,1,163.7,43.7757383333333,-79.3691483333333,994.7,6.53452721029716,7.32356839459692,1.8,38.8145052865882,27.4,13.5,318.2,0.4,0.6
2018-08-09 18:42:22.500,128.3,42.0969005145277,1.90494796101093,1.94657534288528,1.48136754645907,393.375840363248,401.971932959589,1.51373706511469,162.5,140.485587451064,21385.0018072398,1,163.7,43.7757383333333,-79.3691533333333,994.6,6.53631240887907,7.32619069807457,1.4,38.8142079133932,27.4,56.5,318.3,0.2,0.6
2018-08-09 18:42:23.500,127.8,42.0945832035435,1.90332116224612,1.94497201066448,1.53048853387579,393.187797472751,401.791867492468,1.56397911590166,163.8,140.467180256612,21414.3357211061,1,165.4,43.7757383333333,-79.3691566666667,994.5,6.53684827075294,7.32691055611389,1.1,38.8138958774682,27.5,51.5,25.1,0.2,0.5
2018-08-09 18:42:24.500,127.8,42.0938093699563,1.90376670040234,1.9455212340269,1.68942135800064,392.965544885332,401.584130287965,1.72647778271899,176.7,140.450362466375,21461.5628508735,1,165.6,43.7757333333333,-79.3691566666667,994.5,6.53469807322106,7.32775687525003,0.9,38.8138556434935,27.5,116.7,0.4,0.2,0.7
2018-08-09 18:42:25.500,127.7,42.0893139732356,1.9006772595324,1.94241231662865,1.98238484852047,392.7633646736,401.387650822576,2.02591353035716,170.4,140.488979828294,21486.1422744493,1,169.5,43.775735,-79.3691566666667,994.5,6.53648475268873,7.3241186648467,1.2,38.8136677819559,27.5,71.5,338.5,0.3,1
2018-08-09 18:42:26.500,127.9,42.0891681178141,1.89833486259483,1.94030667402248,1.81212493097091,392.534555514707,401.213502171366,1.85217340660157,168.5,140.458117375715,21631.6194233599,1,170.7,43.7757366666667,-79.3691566666667,994.6,6.5398004293302,7.3247091933052,1.6,38.8129723460992,27.5,118.1,341.7,0.1,1.1
2018-08-09 18:42:27.500,128.2,42.0905828550365,1.89975756563372,1.94192670822172,1.56127915904496,391.84384482917,400.541673415577,1.59593374022601,164.9,140.494399814874,21714.9956440501,1,171.8,43.7757383333333,-79.36916,994.5,6.5317144579412,7.33055112717174,1.8,38.8128485710073,27.5,129.2,351.1,0.1,1.2
2018-08-09 18:42:28.500,128.2,42.0915388367736,1.90138676570437,1.94371525516039,1.60111910874988,391.854052285397,400.577376803244,1.63676487715703,161,140.5058884953,21776.8563039864,1,173.9,43.77574,-79.3691616666667,994.6,6.52955882003877,7.32595633545399,2,38.8117399309558,27.5,118.7,344.3,0.1,1.3
2018-08-09 18:42:29.500,128.1,42.094032857371,1.9002382855535,1.94277128556911,1.5658862778296,390.924842749238,399.674799893641,1.60093227766941,160,140.448742851697,21892.8200096737,1,175.7,43.77574,-79.3691633333333,994.6,6.53555071484489,7.32382742864179,2,38.8111899999948,27.5,303.4,0.4,0.1,0.4
2018-08-09 18:42:30.500,127.8,42.0889922830831,1.89958189076591,1.94206415827439,1.64076761927969,389.885699507227,398.605072165869,1.67745972589214,158.5,140.489421912488,21874.7472297207,1,177.8,43.7757383333333,-79.369165,994.5,6.53810582073198,7.32050278923642,1.8,38.8111340478924,27.5,313.3,269.8,0.2,0.3
2018-08-09 18:42:31.500,127.8,42.0872165252419,1.90057262231155,1.94343286712988,1.51817507344984,389.353018913704,398.133449957807,1.55239924075602,158.7,140.484643642394,22053.9554473022,1,180.9,43.775735,-79.3691616666667,994.5,6.53432778981296,7.32450530439767,1.8,38.810576224417,27.5,263.2,38.3,0.4,0.9
2018-08-09 18:42:32.500,128.3,42.0919286583598,1.90095982702211,1.94405120804299,1.73926296659321,389.329157225058,398.154618562527,1.77869343004934,149.3,140.444200700554,22165.8951995502,1,181.9,43.77573,-79.3691583333333,994.5,6.53292531884275,7.32408242911312,2,38.8103481486671,27.6,261.5,36.7,0.7,1.4
2018-08-09 18:42:33.500,128,42.0900556308851,1.90139528053261,1.94473285829405,1.57350474616538,389.292436051188,398.165307857854,1.60935752171349,155.8,140.4876170974,22284.3509197156,1,182.5,43.7757233333333,-79.3691533333333,994.6,6.53496237168297,7.3245303414811,2.2,38.8098553133025,27.6,245.3,16.2,0.6,2
2018-08-09 18:42:34.500,128.9,42.0890689887852,1.90023572010404,1.94365855403155,1.389957698251,389.437075594361,398.336178828925,1.42171896065236,158.2,140.459534718457,22340.7031172213,1,180.4,43.7757083333333,-79.369145,994.5,6.53590650152282,7.32878232007984,2.7,38.8096362455436,27.6,232.6,0.4,0.6,2.5
2018-08-09 18:42:35.500,130,42.0840464026134,1.89806300201334,1.94157108913868,1.50503182539378,389.923225044664,398.861243593464,1.53953361773909,160.8,140.461904116933,22408.8683583596,1,181.2,43.7756883333333,-79.36914,994.6,6.53978107564131,7.32902861723201,3.8,38.80968676644,27.6,202.1,7.2,0.6,3.8
2018-08-09 18:42:36.500,130.9,42.07969180769,1.89798330076968,1.94163036615439,1.57452147132389,390.668742054373,399.652815569787,1.61073030455511,167.7,140.499571553873,22479.6246823512,1,173.4,43.77567,-79.3691366666667,994.5,6.53786581145869,7.32868770153851,5.1,38.8089542176916,27.6,201.5,8.4,1.3,6
2018-08-09 18:42:37.500,132.6,42.0827697138387,1.90336919379067,1.94726189658239,1.54598359521717,390.985297545996,400.001671585193,1.58163402174701,167,140.427524523347,22540.7997572597,1,157.9,43.7756533333333,-79.3691233333333,994.5,6.53165079100286,7.33125494469755,6.2,38.8087992479952,27.5,179.7,6.5,2.1,8.6
2018-08-09 18:42:38.500,133.4,42.081420347055,1.9026572403702,1.94657967096162,1.61177965906104,392.034361628191,401.08438251497,1.64898725673993,160.5,140.442298907276,22564.0244472658,1,145.4,43.7756283333333,-79.3691016666667,994.5,6.53139526027671,7.32934524422744,7.9,38.8078332776391,27.4,156,0.4,1.2,8
2018-08-09 18:42:39.500,133.2,42.0852717487292,1.90432729333924,1.94853608821175,1.55925906596836,392.978683796313,402.101664950311,1.59545316955428,150.6,140.473913153887,22688.1245002874,1,118.4,43.7756116666667,-79.3690733333333,994.5,6.53522146436689,7.32033878280135,9.2,38.8076648871799,27.3,147.8,0.4,1.7,7.6
2018-08-09 18:42:40.500,133.3,42.083182220322,1.90811921408879,1.952352069582,1.4010673240121,394.853524213053,404.006756975841,1.43354938241416,135.4,140.498812271204,22656.1575861839,1,91,43.7756083333333,-79.3690433333333,994.5,6.53415112976499,7.31608874362203,8.8,38.8075372531837,27.3,131.8,0.4,0.8,5.7
2018-08-09 18:42:41.500,133.3,42.072981641786,1.91024607388316,1.95470289028733,1.20434094162467,395.724601885106,404.934218952799,1.23236410115895,118.7,140.481701063562,22743.5270834948,1,74.7,43.77561,-79.3690216666667,994.6,6.53571776387,7.31550686208849,7.4,38.8072811349843,27.3,137.4,9,0.7,4.8
2018-08-09 18:42:42.500,132.8,42.0697726700382,1.91378258334203,1.95852924832294,1.34328938048124,396.485367459436,405.75557401621,1.37470153224405,107.3,140.469258375477,22846.7805952279,1,77,43.7756083333333,-79.3690016666667,994.4,6.53532107168656,7.31613783526239,5.9,38.8071055366174,27.3,185.2,23.1,0.6,3.5
2018-08-09 18:42:43.500,133.2,42.0672978409341,1.92039493725168,1.9653072075697,1.32414080053102,397.553835530331,406.851307644124,1.3551086062399,97.8,140.504205929771,22852.2140843084,1,81,43.7756016666667,-79.368985,994.5,6.53476584617932,7.31362702614283,4.6,38.8062634286661,27.3,128.1,17.9,0.3,2.8
2018-08-09 18:42:44.500,134.6,42.0605786489223,1.92848545016937,1.97369823331554,1.40733232343625,398.184330490673,407.519742210108,1.44032841458007,97.7,140.461297546368,22907.6994928638,1,85.4,43.7756,-79.3689666666667,994.5,6.53682834420305,7.31574131443127,3.8,38.8057737473193,27.4,139.4,7.8,0.1,2.6
2018-08-09 18:42:45.500,135.6,42.0555890789087,1.93375457848431,1.9792890087,1.48024595741292,398.560306638782,407.945170987026,1.51510255834548,94.5,140.496530373934,23005.2175340071,1,81.8,43.775605,-79.3689566666667,994.5,6.53660860415152,7.31621202127494,3.7,38.8054822349508,27.4,86.2,6,0.7,3.3
2018-08-09 18:42:46.500,135.3,42.0561365636642,1.93338993644425,1.97899549894548,1.28279020973315,398.648921884794,408.052231265399,1.31304789335383,85.1,140.467484340691,23044.3978253181,1,81.6,43.7756116666667,-79.36894,994.4,6.53882178318227,7.32011581565987,3.5,38.8054278125062,27.4,102.8,5.6,0.6,3.3
2018-08-09 18:42:47.500,134.9,42.060161057504,1.93674218402287,1.98256134776981,1.15789872577044,399.617363648431,409.071261801184,1.18529055647749,77.1,140.436449325364,23110.7674866107,1,77.3,43.775615,-79.3689283333333,994.5,6.53884146559728,7.31890433420335,3.5,38.8047221054673,27.4,109.4,3.2,0.7,3.2
2018-08-09 18:42:48.500,134.7,42.0531812075387,1.94220311199889,1.98829077695651,1.26324640173643,400.251153632489,409.748885844558,1.29322438793864,76.4,140.494104972678,23179.4723512815,1,86.6,43.7756133333333,-79.3689183333333,994.5,6.53267861135618,7.3142882149569,3.7,38.8042689325165,27.5,80.5,353.3,0.5,2.5
2018-08-09 18:42:49.500,135.1,42.0537063427067,1.94412017544625,1.99025251318832,1.42889461716078,400.526905027098,410.030994650776,1.46280086370266,86.1,140.451704377155,23179.0105042255,1,87.3,43.7756133333333,-79.3689016666667,994.6,6.53126692115436,7.32202986275444,4,38.8042161037632,27.5,75,355,0.4,3.6
2018-08-09 18:42:50.500,133.9,42.0578308718678,1.94821899906744,1.99438612552857,1.30866438405778,403.319921543736,412.877374202678,1.33967658505448,88.3,140.475937106603,23148.475044646,1,85.7,43.7756133333333,-79.3688833333333,994.5,6.53634965548967,7.31698297880774,5,38.8036388901736,27.5,68.3,358.1,0.6,3.6
2018-08-09 18:42:51.500,132.8,42.0549753691066,1.94733891958794,1.99344796990061,1.36392379670019,404.641820291139,414.222947956621,1.3962188909424,85.1,140.504275712914,23130.3175297749,1,81,43.7756116666667,-79.36886,994.5,6.53672650141415,7.32144507548203,5.1,38.8035,27.5,104.3,5.8,0.3,3.5
2018-08-09 18:42:52.500,131.9,42.0510064852517,1.94686698889267,1.99303999841324,1.45958538680624,406.068213309633,415.698825321561,1.4942023649032,83.5,140.445486083959,23167.362319788,1,82.2,43.775615,-79.368835,994.5,6.53954724055017,7.32288483005355,5.7,38.8031587083475,27.5,133.8,19.6,0.7,5.6
2018-08-09 18:42:53.500,131.8,42.0443874666403,1.94631543449118,1.99237318373552,1.60497541208244,406.82032758215,416.447446250594,1.64295411620238,82.9,140.501931652251,23117.3602897905,1,73.2,43.7756183333333,-79.368805,994.5,6.53299208390861,7.31990360790547,6.4,38.8023731209913,27.5,119.1,19.6,2.2,7.1
2018-08-09 18:42:54.500,131.5,42.0364673513456,1.9430519460257,1.9891983428142,1.58011525755471,407.696803446798,417.37946689847,1.61764141519075,79.7,140.485152779697,23198.5694767359,1,66.4,43.77563,-79.3687766666667,994.4,6.53257658857824,7.32074763411181,7.4,38.8020847586135,27.5,115.2,7.8,1.4,6.9
2018-08-09 18:42:55.500,130.4,42.0331055982952,1.94391984650953,1.98998414914224,1.72794199799093,409.024274874323,418.716923352959,1.76888660259825,73.2,140.447881702632,23148.4515591268,1,65.9,43.77564,-79.3687466666667,994.5,6.53232624054811,7.32035918678786,8.8,38.8015810588045,27.5,106.4,10.1,1.3,7.2
2018-08-09 18:42:56.500,129.6,42.0226949631504,1.94507453610002,1.99108868701237,1.45491335128001,411.468395930416,421.202469561893,1.48933326596236,68.7,140.503933860453,23110.2989102012,1,69.9,43.7756483333333,-79.3687133333333,994.5,6.53433837457325,7.31806102504513,10,38.8009989703042,27.5,112.1,7.6,1.1,7.6
2018-08-09 18:42:57.500,128.7,42.0224880721375,1.94430315204054,1.99006226246445,1.55469030467306,413.334573580146,423.062416536933,1.59127647376006,66.9,140.44713556079,22993.9393538614,1,71.6,43.7756583333333,-79.3686716666667,994.6,6.53636305763101,7.31558448703771,10.9,38.80091,27.5,95.1,4.7,0.9,8
2018-08-09 18:42:58.500,128.3,42.0236409860291,1.94356586706513,1.98934611536862,1.5698363097597,411.835394049522,421.535992811964,1.60681261275331,69.5,140.471308542964,23012.4684112315,1,77,43.7756666666667,-79.3686283333333,994.4,6.53102472813619,7.32115310260276,12,38.800079013971,27.4,92.3,2.6,0.9,8.1
2018-08-09 18:42:59.500,128.1,42.0239570185422,1.93612335871891,1.98167090454166,1.42552349995231,409.574897374774,419.210199535916,1.45906001634281,74.2,140.480971781755,22984.3773471959,1,79.3,43.7756733333333,-79.3685833333333,994.4,6.5303342554134,7.32416595370791,12.4,38.800353043265,27.3,83.9,3.5,0.7,8
2018-08-09 18:43:00.500,128.6,42.0264559260448,1.93215489676465,1.97736390694539,1.53179053962439,407.696163432034,417.235517396213,1.56762973385537,75.5,140.443193416655,22863.1929587258,1,81.3,43.77568,-79.3685416666667,994.5,6.53054181262869,7.31802906498489,12.4,38.7999058833145,27.3,105.1,2.8,0.6,8.1
2018-08-09 18:43:01.500,129.6,42.0226490641659,1.926683611371,1.97149570525904,1.37481788320024,405.834724075807,415.273856922474,1.40679804116713,77,140.497142163668,22729.8711390587,1,87.4,43.7756866666667,-79.368495,994.5,6.5318879994778,7.32304723196762,12.7,38.799046562806,27.2,79.6,0.4,0.6,8.2
2018-08-09 18:43:02.500,130.5,42.0262286421914,1.92078713241515,1.96519121336383,1.45049268581357,403.387145485152,412.712369247427,1.48402270925602,79.4,140.477931332316,22595.0648331758,1,83.8,43.7756816666667,-79.3684416666667,994.6,6.53543773098753,7.32400371801664,12.9,38.7989374586593,27.2,57.6,356.3,0.9,9.2
2018-08-09 18:43:03.500,131.3,42.0328001255277,1.91499664341219,1.95899176086207,1.71648666438757,402.875220905581,412.13088224445,1.75591690692213,83.1,140.485425247363,22458.0387156322,1,90.4,43.77568,-79.3683883333333,994.5,6.53580224745253,7.32000179069336,13.7,38.7975662210179,27.1,79.1,359.7,1,9.6
2018-08-09 18:43:04.500,131,42.0330647704645,1.91916035640633,1.96305980908348,1.54443058331662,401.736524707095,410.925976448926,1.57976074518726,86.5,140.49365107689,22362.6601419297,1,97.6,43.77568,-79.3683416666667,994.5,6.53309294413654,7.31610305293972,13.8,38.7978940861512,27.1,80,358.9,0.9,9.1
2018-08-09 18:43:05.500,130.6,42.0359368767661,1.92130546960859,1.96502479762986,1.55247094466167,402.871994524327,412.039367953688,1.58779642945746,88.6,140.467524983828,22248.6408761646,1,108.9,43.7756766666667,-79.3682983333333,994.6,6.53748744035771,7.31607700027237,13.3,38.7972396870638,27.1,82.1,359,0.9,8.6
2018-08-09 18:43:06.500,130.1,42.0379928630782,1.92794944601124,1.97177064390017,1.50689480657732,402.71611475168,411.869672225935,1.54114661926353,94.5,140.50709768219,22224.4104005472,1,121.1,43.7756733333333,-79.3682833333333,994.6,6.53599836220305,7.32273693863639,11.8,38.796573894764,27.1,96.1,2,1.1,8
2018-08-09 18:43:07.500,128.2,42.039287413294,1.92848746463808,1.97239417961593,1.44839264089007,402.798561331093,411.969212351142,1.48136843118328,103.9,140.4727628698,22260.6747347575,1,122.7,43.775675,-79.3682616666667,994.6,6.53152737198528,7.3216953578728,9.4,38.7963551377084,27.1,110.1,0.4,1.2,7.2
2018-08-09 18:43:08.500,127,42.0426596902668,1.92598996665603,1.9699591854529,1.41732880637564,402.185913531598,411.367508851733,1.44968538407505,102.9,140.486412515119,22319.7230155205,1,114.5,43.7756666666667,-79.3682383333333,994.6,6.5376180680426,7.32192550036285,8.3,38.7961796873639,27.1,105.7,4.9,1.4,7.3
2018-08-09 18:43:09.500,126.2,42.0420446858585,1.9197607716689,1.96383295932441,1.36282491696958,403.748387025281,413.017388727307,1.39411083721317,106.5,140.478446858585,22442.1556557499,1,113,43.7756583333333,-79.3682166666667,994.6,6.53623351209004,7.32029827853435,7.2,38.7958571870104,27.1,122.4,8.3,1.5,6.8
2018-08-09 18:43:10.500,124.7,42.0454537305331,1.91583814516417,1.95987593484182,1.56029011814907,405.462317885119,414.782329265062,1.5961556040971,110.5,140.423740999627,22469.7700543308,1,118.1,43.7756366666667,-79.36818,994.6,6.53526187823239,7.31867669561725,6.4,38.795385079319,27.2,146.2,12.2,1.5,6.2
2018-08-09 18:43:11.500,122.5,42.0509138063168,1.91246700191394,1.9565633352074,1.55493858809521,405.958385500677,415.318595001815,1.59079035031554,115.4,140.510033275517,22537.5604343858,1,120.6,43.7756066666667,-79.368155,994.6,6.53240595413312,7.3159369540135,6.2,38.7953490476133,27.2,139,13.4,1.5,6.4
2018-08-09 18:43:12.500,121.4,42.0572581389754,1.90934065475539,1.9534224504385,1.37595887743816,406.305342494934,415.685937177721,1.40772629144779,131.1,140.444839542095,22566.5932703018,1,124.3,43.7755866666667,-79.3681283333333,994.7,6.53410712771488,7.31674726401525,6.1,38.7949074751257,27.3,166.2,18.9,2.3,8
2018-08-09 18:43:13.500,122.6,42.0606956913404,1.90688240191266,1.95106572770122,1.13248860665204,407.389701692795,416.829074696439,1.15872747079334,143.6,140.474664025994,22645.637113117,1,138.8,43.77557,-79.368105,994.7,6.52702325473679,7.31814960605481,6.8,38.7935648321446,27.3,172.8,19.6,2.3,7.6
2018-08-09 18:43:14.500,124.2,42.0609815849142,1.90447081233325,1.94871545381919,1.34780729291475,406.254968879095,415.693086995634,1.37912044880231,147.6,140.490277730338,22704.4908820526,1,152.1,43.7755433333333,-79.36809,994.7,6.52889999123442,7.31852531686963,7.4,38.7944152070901,27.3,182,11.1,1.9,8
2018-08-09 18:43:15.500,124.2,42.063986834894,1.90073382801468,1.94488967147349,1.46183468107797,404.597443111404,413.996573684536,1.49579449539127,156.4,140.431255536319,22703.3451714678,1,156.2,43.775515,-79.36808,994.6,6.52798506295586,7.31675112248352,8.7,38.7940296055841,27.3,170.6,7.6,1.5,6.8
2018-08-09 18:43:16.500,123.1,42.065410405157,1.89388354009318,1.93757835921639,1.41284009952824,402.669813105738,411.960002111958,1.445437164721,161.3,140.498765119734,22551.1205857229,1,156.2,43.7754866666667,-79.368075,994.8,6.53298353956739,7.32118892453956,9.6,38.7930817655982,27.3,179,3.4,1.1,7.5
2018-08-09 18:43:17.500,122.3,42.0642449287838,1.89293074876378,1.93647208619212,1.42443493995486,402.012957197028,411.260172928,1.45719993334744,164.4,140.476585115737,22484.9193592684,1,158.6,43.77545,-79.3680583333333,994.7,6.53413791287805,7.31641188668828,10,38.7924389667658,27.3,193.2,2.3,1,7.2
2018-08-09 18:43:18.500,122.7,42.0683470178781,1.88934810834224,1.93246965025477,1.65162300290138,400.328287397587,409.465110059318,1.6893160671757,161.5,140.476642437571,22314.0655879422,1,158.4,43.77542,-79.368035,994.6,6.53259252900088,7.32288194713502,11.1,38.792652353008,27.3,184.4,2.6,0.4,7.3
2018-08-09 18:43:19.500,122.1,42.0642741944277,1.88798149369856,1.93084674242125,1.64637521398065,398.98655562377,408.045433353866,1.68375580414351,159.9,140.49185945909,22200.5142720969,1,159.8,43.7753933333333,-79.36802,994.7,6.53612972348226,7.31779973465536,10.9,38.7917168696778,27.2,182.5,1.2,0.6,6.8
2018-08-09 18:43:20.500,122.7,42.0689946914942,1.88834421034092,1.9309972026372,1.41363574425938,398.067477997182,407.058860377798,1.44556801533348,162.1,140.435346146949,22088.4981747487,1,162.5,43.77537,-79.36801,994.7,6.53667862554049,7.32516338745516,10.5,38.7923273237705,27.2,168.1,2.5,0.2,5.9
2018-08-09 18:43:21.500,123.6,42.0601185348128,1.88776643363244,1.930148275695,1.33780919386488,397.250380933691,406.169002359118,1.36784424584611,165.4,140.501792635225,21957.9290344571,1,162.7,43.7753416666667,-79.3680016666667,994.8,6.52922635797941,7.3210861587027,9.6,38.7915403072037,27.2,198.5,5.4,0.6,7.2
2018-08-09 18:43:22.500,124,42.0558401220826,1.88599640623006,1.92798241843832,1.55491452096195,396.666971114443,405.497666096712,1.58952825305555,164.3,140.473951244853,21777.3676488642,1,141.7,43.7753183333333,-79.3679883333333,994.7,6.53634536335204,7.31958942132157,9.2,38.7897946563502,27.2,190.7,8.8,1,7
2018-08-09 18:43:23.500,124.5,42.0525415181412,1.88401585965241,1.92586955984635,1.60029407779328,396.730636682295,405.54416046519,1.63584502273878,154.7,140.459133270572,21732.6477369406,1,107.1,43.7753016666667,-79.3679633333333,994.7,6.53504171226926,7.32332396443928,9,38.790872049293,27.2,188.8,8.2,1.2,7
2018-08-09 18:43:24.500,125.4,42.04252970624,1.88505546666716,1.92683377930272,1.26465016806915,397.141152354331,405.942918000764,1.29267955733577,139.9,140.499193673428,21682.4319677294,1,75.5,43.77529,-79.36794,994.6,6.53821583764437,7.32053497425844,8.3,38.7896215649364,27.2,173.7,9.4,1,6.1
2018-08-09 18:43:25.500,126.1,42.0337752073779,1.88680748521971,1.92903229098817,1.44087895205592,397.563539996764,406.460606489514,1.47312545149155,132.9,140.479240779389,21889.0820974395,1,60.8,43.7752816666667,-79.3679233333333,994.7,6.53809559711577,7.32307182855063,7.7,38.7894914199141,27.2,240.7,24.2,0.6,3.3
2018-08-09 18:43:26.500,127.6,42.0319540070751,1.88366843397781,1.92575024495289,1.59946220228016,398.805041369426,407.714590633824,1.63519482243383,132.1,140.498569917457,21852.2856166955,1,60.8,43.77528,-79.3679266666667,994.6,6.53982062722876,7.31662292723908,5.1,38.7895190688435,27.2,290.4,115.3,1,1.3
2018-08-09 18:43:40.500,128,42.0500768530294,1.89469804518367,1.94130906627543,1.57106403255155,412.096253567942,422.234262372969,1.60971543164968,66.5,140.485766387531,24010.4455577492,1,43.9,43.7753,-79.3678983333333,994.6,6.52958075929204,7.32734243955693,1.8,38.7868482155971,27.6,224.6,27.5,0.2,0.9
2018-08-09 18:43:41.500,128.1,42.0495007892585,1.89186747863074,1.93859447130376,1.91713000159055,412.738996096004,422.933288143293,1.9644783679816,69.2,140.449882088049,24103.6758942323,1,66,43.7753033333333,-79.3678916666667,994.6,6.52989491938227,7.32350650816248,2,38.78577085295,27.6,150.7,26.1,0.2,1
2018-08-09 18:43:42.500,127.7,42.0401054594296,1.89742421430064,1.94460429747532,1.63606307340392,412.883056843848,423.149622702852,1.67674223671402,66.5,140.491614385384,24262.2687956812,1,79.9,43.7753066666667,-79.36788,994.8,6.52731305734044,7.32077641815571,2.5,38.7837795204872,27.6,162.5,0.4,0.1,1.4
2018-08-09 18:43:43.500,128,42.0445085794113,1.89718603920316,1.94422227822813,2.03211707586405,412.875273615737,423.111583491245,2.08249743757083,66.3,140.488137929486,24193.0734791049,1,81.1,43.7753083333333,-79.3678683333333,994.7,6.53109289475898,7.31776196862274,3.1,38.7838697711862,27.6,209.9,347.3,0.3,1.4
2018-08-09 18:43:44.500,128.2,42.0495154914559,1.89927710398489,1.94658021110725,1.91075888690439,412.488415105272,422.761828176359,1.95834823572191,65.7,140.49877198838,24300.561086535,1,83.1,43.77531,-79.3678566666667,994.7,6.53328140276148,7.31634676423102,3.1,38.78311,27.6,242.5,345.2,0.3,1.2
2018-08-09 18:43:45.500,128.7,42.047860492549,1.90853722572132,1.95596314203704,1.7908326570788,411.264971130052,421.484673863886,1.83533105851491,67.9,140.486426117649,24246.9170036743,1,83.8,43.7753133333333,-79.3678383333333,994.7,6.52945958995655,7.31765147374154,3.3,38.7831373651081,27.6,208.1,9.3,0.3,1.4
2018-08-09 18:43:46.500,129.5,42.0477067068722,1.91274621615801,1.9605730289545,1.56950194967065,410.267946381397,420.526454136226,1.60874698119907,64.4,140.436211023374,24394.5492036904,1,82.6,43.7753183333333,-79.367825,994.7,6.53426536191094,7.31872014176216,3.3,38.7833224968181,27.6,200.6,0.4,0.3,0.8
2018-08-09 18:43:47.500,130.7,42.0412254829079,1.91990300452957,1.96788062436501,1.58892099945171,409.154073679202,419.378751098153,1.62862607046701,60.2,140.478663087964,24380.3685524143,1,81.3,43.7753233333333,-79.367815,994.6,6.52822739547365,7.31926280723387,2.9,38.78173168038,27.6,222,90.8,0.8,0.2
2018-08-09 18:43:48.500,131.3,42.034882541784,1.927892011801,1.97587478637716,1.76064121346202,408.054054160535,418.21002809572,1.80446076483134,58.5,140.462301018388,24284.2253339724,1,73.8,43.7753283333333,-79.367805,994.6,6.5373226309833,7.31949916929188,2.5,38.7822327921883,27.6,211.1,0.4,0.6,0.6
2018-08-09 18:43:49.500,131.6,42.0336335337074,1.93315426610147,1.98130062642691,1.54344799885878,406.773771730341,416.904624347784,1.58188991242755,54.9,140.493195873257,24300.1119744662,1,67.2,43.7753316666667,-79.367795,994.6,6.53301225106958,7.32628307151219,2.5,38.7825757673438,27.6,227,0.4,0.4,0.3
2018-08-09 18:43:50.500,131.6,42.0282041022835,1.9429504436222,1.99162946994179,1.63555769466915,406.693624109992,416.882938949552,1.67653636006887,57.9,140.474143974429,24441.5686521564,1,63.9,43.775335,-79.3677866666667,994.6,6.52214469510724,7.31872330100493,2.5,38.7827116838963,27.6,211.6,0.4,0.4,0.8
2018-08-09 18:43:51.500,130.5,42.0296768345029,1.94100740425754,1.98938237225699,1.53583111019097,405.45190484502,415.556664039132,1.5741053395164,56.2,140.478034630402,24316.1924705422,1,62.1,43.7753366666667,-79.3677816666667,994.6,6.53526168932507,7.32102144610699,2.7,38.7817237536717,27.6,259.6,315.8,0.4,0.4
2018-08-09 18:43:52.500,128.5,42.0225628866645,1.94028294107438,1.98853308382513,1.7693375517667,405.142802061755,415.217649639135,1.81333405350947,56.2,140.515205292053,24264.1252185354,1,55.5,43.7753416666667,-79.36777,994.6,6.53524850593372,7.32213850667841,2.9,38.782238104724,27.6,269.8,346.5,0.3,1.4
2018-08-09 18:43:53.500,127.5,42.0191576012969,1.93697868363017,1.98521558703375,1.24847815269108,404.379194813665,414.449518346897,1.27957259256186,54.9,140.464493419771,24297.9872350207,1,58.4,43.7753433333333,-79.367755,994.6,6.53164949335537,7.31954109756849,3.3,38.7811837828202,27.6,252.7,352,0.2,1.6
2018-08-09 18:43:54.500,125.9,42.0152711695559,1.93997366570845,1.9879999474089,1.1069845000972,403.770324832579,413.766102042033,1.13438757261421,58.1,140.494608237244,24158.0425937134,1,56.5,43.77534,-79.36774,994.6,6.52698660783031,7.32279892339984,3.7,38.7802670893394,27.6,295.7,348.1,0.2,1.8
2018-08-09 18:43:55.500,125.6,42.0093223462828,1.93706336972903,1.98491269568882,1.46731454768871,403.26905255788,413.23069858317,1.50355698062567,59,140.509365191958,24106.6672423844,1,53,43.7753516666667,-79.3677266666667,994.6,6.52730925001494,7.31615804500294,3.8,38.778487175198,27.6,295.8,356,0.2,2.3
2018-08-09 18:43:56.500,125.3,42.0094519484848,1.92866220271513,1.97615246449478,1.81393783813982,403.910375349921,413.856017594972,1.85860746387156,59.1,140.449313361358,24031.739458296,1,49,43.775365,-79.3677066666667,994.7,6.53806257105108,7.32064592142752,4.4,38.7788144096339,27.6,319.8,353.6,0.4,2.5
2018-08-09 18:43:57.500,125.6,42.0107814771867,1.92513792399194,1.97243582063626,1.30202547109221,405.851718677069,415.822958619551,1.33401777907306,58.8,140.498032262703,23979.5283174179,1,36,43.7753816666667,-79.3676866666667,994.6,6.53490851741022,7.3230410834644,5.5,38.7788919208166,27.6,327.4,352,0.6,3.3
2018-08-09 18:43:58.500,125.8,42.0107241231001,1.92541407466368,1.9728791372447,1.52352511681704,408.114413677455,418.175253330288,1.56108310603063,54.7,140.482173362896,24058.7763445911,1,36.9,43.77539,-79.3676733333333,994.6,6.53520837601668,7.3271765348191,6.2,38.7784568656433,27.6,291.7,355.6,0.2,2.8
2018-08-09 18:43:59.500,126.3,42.0189964087393,1.92213126818543,1.96934982055798,1.44556047297386,409.648601737071,419.711906150038,1.4810705372737,57.4,140.441217560161,23976.6615067396,1,30.4,43.775395,-79.3676566666667,994.6,6.53482235452458,7.32283708889942,6.2,38.7804355825418,27.6,358.4,0.4,0.1,3.2
2018-08-09 18:44:00.500,126.4,42.0165208970404,1.92061010956108,1.96783662013493,1.24341342727038,415.613977195737,425.833503069481,1.27398634824053,59,140.50391774721,23999.1634481652,1,46.1,43.7753966666667,-79.3676416666667,994.6,6.53575569052846,7.32466944668304,5.5,38.7781733439242,27.6,292,7.8,0.4,2.3
2018-08-09 18:44:01.500,127.3,42.0110557852111,1.92024684892506,1.96736556408029,1.45376337469488,426.081783017687,436.536706501581,1.48943623903216,59.5,140.449099498748,23949.840520347,1,63.1,43.7754016666667,-79.3676316666667,994.6,6.53682733437321,7.32016254438826,4.2,38.7802200346102,27.6,229.3,129.8,0.8,0.6
2018-08-09 18:44:02.500,128.6,42.0065520590959,1.92145647074781,1.96855219269802,1.14380512760341,438.548812753508,449.297980794907,1.17184080092541,49.6,140.479815466446,23924.262707472,1,68.8,43.77541,-79.3676233333333,994.7,6.5345706136346,7.32161049674976,1.8,38.7785859468131,27.6,227.5,139.5,0.9,0.7
2018-08-09 18:44:03.500,129.8,42.0015448518169,1.92850736608416,1.97578413619095,1.16392869363973,447.118838929845,458.079932014635,1.19246233175145,46.6,140.499376686918,23928.2308946832,1,65.6,43.7754133333333,-79.3676183333333,994.7,6.53584797388022,7.3226885026527,1.2,38.7794173031206,27.6,207,128.1,0.5,0.6
2018-08-09 18:44:04.500,130.6,42.0013207665845,1.94889847420508,1.99674399107328,1.38600534588081,447.882855827326,458.878191415593,1.4200307910477,47.9,140.455088645567,23961.2675112785,1,65,43.7754166666667,-79.367615,994.7,6.53590063697425,7.32528185000775,0.9,38.7802566540316,27.6,219.1,142.2,0.5,0.4
2018-08-09 18:44:05.500,131.9,41.9978219999263,1.98391355611428,2.03294374688079,1.40265608081261,448.313164664296,459.392608386443,1.43732109957817,34.3,140.510226043237,24117.6198158463,1,66.1,43.775425,-79.367615,994.7,6.52880012084262,7.32183222325144,0.7,38.7773220465176,27.6,208,144.1,0.5,0.8
2018-08-09 18:44:06.500,132.1,41.9969743366078,2.01343870839154,2.06320974299041,1.40953010714083,448.275547574024,459.356762117368,1.44437701390233,20.5,140.473899105713,24123.2754171215,1,67.2,43.7754233333333,-79.367615,994.7,6.52963717255171,7.32211843160756,0.3,38.7773531828178,27.6,215.5,149.8,0.4,0.8
2018-08-09 18:44:07.500,132.5,41.9959730565269,2.03955616495818,2.0898162480001,1.15974486721169,447.22732597646,458.248259385989,1.18832272478839,33.4,140.460324976829,24049.9836610881,1,65.4,43.775425,-79.367615,994.7,6.53752912720122,7.32374350510908,0.3,38.7776933609685,27.6,206.4,90.8,0.3,0.3
2018-08-09 18:44:08.500,132.6,41.9941470399503,2.06174500869385,2.11245937414614,1.37737496760505,446.13282412544,457.106641502794,1.41125445766922,43.9,140.508143386462,24007.0779610847,1,60.4,43.775425,-79.367615,994.6,6.53336344028152,7.32351482301801,0.9,38.7796511540054,27.7,159.2,22.4,0.2,0.6
2018-08-09 18:44:09.500,132.6,41.9910237868712,2.08140129697261,2.13249763028629,1.37212700593038,444.300954692278,455.208013138133,1.40580670118774,55.4,140.474641554145,23960.72822269,1,55.7,43.7754266666667,-79.3676133333333,994.8,6.53711346659719,7.32451419893602,1.4,38.7778275685231,27.7,234,0.4,0.1,0.4
2018-08-09 18:44:10.500,132.4,41.9867685312254,2.09696889973811,2.14859458155957,1.16471538477753,441.366713003639,452.233030582397,1.19338834979752,52.8,140.491198668457,24027.9796022222,1,50.7,43.7754233333333,-79.3676116666667,994.7,6.53131694832168,7.32154204973477,1.6,38.7778646229696,27.7,233.1,0.4,0.3,0.4
2018-08-09 18:44:11.500,132.3,41.982490903061,2.10845175879276,2.16004770946812,1.238393805147,437.790418200431,448.50364529226,1.26869880417127,48.3,140.506877791299,23886.5510429549,1,47.4,43.77542,-79.3676116666667,994.7,6.53283172170324,7.32395633029642,1.8,38.77902172269,27.7,179.4,0.4,0.2,0.7
2018-08-09 18:44:12.500,132.4,41.9816446136522,2.11482998260244,2.16662549701179,1.31056551451595,434.726980293251,445.374142305771,1.34266419128542,43.2,140.474348658379,23906.258945149,1,50.3,43.7754183333333,-79.3676083333333,994.8,6.52916268682505,7.32179671849905,1.6,38.7753091726815,27.7,220,179.2,0.3,0.3
2018-08-09 18:44:13.500,132.4,41.9845070628869,2.11763940919862,2.16967988191692,1.34867587038434,431.437765633781,442.040162805324,1.38182003974856,37.8,140.484936750651,23985.3373119451,1,48.7,43.7754183333333,-79.3676066666667,994.8,6.53224036481425,7.32380211823333,1.1,38.7711735688773,27.7,239.6,210.2,0.5,0.7
2018-08-09 18:44:14.500,132.2,41.9770718573206,2.12008026602598,2.17216445155453,1.40768011569501,428.981140212571,439.519936218226,1.44227056878722,28.6,140.505387156586,23977.9392516691,1,47.7,43.775415,-79.367605,994.7,6.53473143501409,7.31620754803846,0.7,38.770610937818,27.7,248.5,217.9,0.5,0.9
2018-08-09 18:44:15.500,131.8,41.9753752896639,2.12267819298363,2.17463911827615,1.21763791021659,426.529846372722,436.970796632627,1.24745085031228,20.7,140.468775909044,23894.0523023595,1,48.5,43.7754133333333,-79.367605,994.7,6.53782571712883,7.3155980315903,0.5,38.7704524770228,27.7,261.9,225.5,0.5,0.7
2018-08-09 18:44:16.500,131.6,41.9762203280187,2.12605879294307,2.17843171783777,1.35726308196794,423.999873379086,434.444763612939,1.39069788284392,18.9,140.490913071139,24041.6511501556,1,46.6,43.7754133333333,-79.367605,994.7,6.53571420639547,7.3206865123518,0.5,38.7697294117161,27.7,247.6,232.7,0.5,0.6
2018-08-09 18:44:17.500,131.5,41.9726388457191,2.13042860025666,2.18264538798227,1.33180756118721,421.271844865524,431.597136081405,1.36445010172293,28.9,140.487339583148,23923.4499378908,1,46.1,43.7754133333333,-79.3676033333333,994.7,6.53387269762358,7.32281893187101,0.7,38.7697298817522,27.7,287.2,301.3,0.2,0.6
2018-08-09 18:44:18.500,131.5,41.9749173356135,2.13601430609251,2.18834640132666,1.36048641993802,419.460562120875,429.737292682102,1.39381914320072,36.8,140.472968173291,23914.0536281979,1,47.3,43.775415,-79.3676,994.7,6.53326270581266,7.32391896981224,1.1,38.7691368294208,27.7,337.3,338.9,0.3,1.7
2018-08-09 18:44:19.500,131.3,41.9837683960571,2.14544292755586,2.19810352193124,1.49003250409925,417.242671268557,427.484036188291,1.52660429234305,42.3,140.4918,23957.3684376586,1,47.9,43.7754166666667,-79.3676,994.7,6.53467317313216,7.32475780444172,2.2,38.768682663448,27.7,19.7,345.5,0.6,2.5
2018-08-09 18:44:20.500,131,41.9870301667759,2.15501987285165,2.20798376042634,1.35707039994483,416.792977949233,427.036520122023,1.39042395464819,47.4,140.487290182737,23987.3289721272,1,49.4,43.7754266666667,-79.367585,994.8,6.53450997519368,7.31838480395156,3.1,38.7681647054821,27.7,19.9,342.5,0.7,3.3
2018-08-09 18:44:21.500,130.9,41.9882010030405,2.16309253716458,2.21624505937715,1.27585247657039,415.662002310476,425.875935346327,1.30720677393079,49.2,140.4811782395,23983.2757044997,1,49.8,43.7754383333333,-79.3675666666667,994.6,6.53909441454448,7.32262876687823,4.8,38.7677878677203,27.7,348.7,337.5,0.8,3.7
2018-08-09 18:44:22.500,130.6,41.9861960070195,2.16985176241383,2.22338635763121,1.27984475659695,414.649225996438,424.87948249042,1.31142481669233,49.3,140.500070315875,24078.0443965494,1,50.6,43.7754533333333,-79.3675483333333,994.7,6.53322990983218,7.3285924648978,5.9,38.7677193089053,27.7,334.9,340.1,0.8,3.7
2018-08-09 18:44:23.500,130.5,41.9878775704268,2.18223909501864,2.23595672712968,1.04094690827194,414.167058570508,424.362172909456,1.06656973748121,47.4,140.473698601385,24024.5938036036,1,54.9,43.7754633333333,-79.3675283333333,994.7,6.53457258269976,7.32871040145088,6.2,38.7669214301685,27.7,329.2,340,0.7,3.5
2018-08-09 18:44:24.500,130.7,41.9929086593358,2.20937510209677,2.26377295747677,1.13914882344625,414.624403975866,424.832759460378,1.1671999138878,48.3,140.456871789526,24029.0580833164,1,54.5,43.7754733333333,-79.3675066666667,994.8,6.53490595615376,7.32910860775713,6.1,38.7665406532405,27.7,308.1,338.7,0.6,3.2
2018-08-09 18:44:25.500,130.9,41.9894126758233,2.23626300030865,2.29157993538071,1.24839733249306,414.810870340457,425.07184392174,1.27927846018839,49.9,140.479953238681,24139.3707392167,1,62.2,43.7754866666667,-79.3674783333333,994.8,6.53414273457822,7.32851953478745,5.9,38.7660899969135,27.7,299.6,339.1,0.6,3.4
2018-08-09 18:44:26.500,131,41.9912369935416,2.22756568814414,2.28255368643026,1.19690197798633,414.433885232944,424.66429638004,1.2264473696689,53.3,140.476569255536,24090.5784801993,1,63.5,43.7754966666667,-79.3674533333333,994.7,6.53478993758865,7.31851393069529,6.2,38.7661482263319,27.7,332.2,349.8,0.5,3.8
2018-08-09 18:44:27.500,130.6,41.9982461862088,2.19399340649657,2.24824303311504,1.09277559387918,412.172623026338,422.364239826298,1.11980384370218,58,140.464102055376,24130.0298389936,1,63.6,43.7755033333333,-79.3674266666667,994.7,6.53513669528832,7.31932683671459,6.6,38.7656096303437,27.6,352.7,350.9,0.5,4.1
2018-08-09 18:44:28.500,131,41.9984875784906,2.15895397466168,2.21235074270968,1.33637828588439,409.674882239954,419.807090167024,1.36943096199839,63.5,140.50059485862,24134.8811086481,1,53.4,43.77552,-79.3674,994.7,6.53069832329611,7.3254752320568,7.2,38.7651244888114,27.6,18.2,347.9,0.6,4.9
2018-08-09 18:44:29.500,131.2,41.9969467077741,2.12714170409818,2.17933589250974,1.29815687830781,407.200508581568,417.192062285128,1.33000923176276,60.6,140.473146193023,23949.4993480425,1,52.2,43.775535,-79.3673783333333,994.8,6.53066739562249,7.32502461379154,7.7,38.7645659920666,27.6,5.2,351,0.5,4.9
2018-08-09 18:44:30.500,131.1,41.9903347919207,2.09909985597623,2.15057154320277,1.23910343684096,405.872593291254,415.824743458912,1.26948941146948,53.9,140.466692150965,23933.3637719509,1,55,43.7755516666667,-79.36735,994.7,6.52991816187748,7.31909605234185,8.1,38.7645292702804,27.5,341.4,348.6,0.4,4.5
2018-08-09 18:44:31.500,131,41.979209562258,2.07954760890823,2.13021758126136,1.1628200559349,404.671658494555,414.531754347526,1.19115408519295,53.1,140.491013973005,23786.0890645836,1,58.5,43.7755716666667,-79.3673266666667,994.6,6.53225942437521,7.3219844612377,8.7,38.7638671558574,27.5,298.8,342.3,0.8,4.1
2018-08-09 18:44:32.500,130.5,41.9757110573309,2.07245943057262,2.12282388202799,1.19677535862904,403.400189273886,413.203557783166,1.22585630381523,52.4,140.447674742709,23725.2398677202,1,59.8,43.7755883333333,-79.367305,994.7,6.53179453443285,7.32327001252384,8.3,38.7634714601591,27.5,269.6,346.1,0.8,3.6
2018-08-09 18:44:33.500,130.3,41.9785304865265,2.07815036568908,2.128519995633,1.44322712169499,403.246971050563,413.020754792311,1.47820487357836,54.6,140.473551698677,23664.0665820016,1,62.8,43.7756,-79.3672816666667,994.8,6.53166781170183,7.32544441531446,8.1,38.7629733766066,27.5,259.9,342.5,1,2.4
2018-08-09 18:44:34.500,130.3,41.9749158599697,2.07719251225212,2.127270351062,1.43625458281891,403.112495406959,412.830749222591,1.47088791857077,52.1,140.488178162783,23540.5267678662,1,62.7,43.775605,-79.3672566666667,994.8,6.53428558835501,7.32701135141906,7.7,38.7622081123348,27.5,255.1,340.3,1.1,2.3
2018-08-09 18:44:35.500,130.3,41.9747764385933,2.06784446446512,2.11745973092129,1.30337036370145,402.731344564703,412.394399556937,1.33464262845147,56.5,140.464610702553,23431.6798332104,1,65.2,43.7756116666667,-79.3672333333333,994.6,6.53350917738278,7.32493226788225,7.2,38.7617860360062,27.6,251.4,344.6,1,1.4
2018-08-09 18:44:36.500,130.4,41.9776194193249,2.05289650205106,2.10214100065616,1.46921207030504,402.524580848047,412.1803373963,1.50445536101424,62.4,140.511799897218,23426.1225209236,1,72.3,43.7756116666667,-79.367205,994.6,6.53362427741631,7.31931361297812,7.2,38.7615843686679,27.6,252.3,0.4,0.8,2.5
2018-08-09 18:44:37.500,130.3,41.9832802979649,2.04760508930748,2.09668261525163,1.46297006925645,404.688347385367,414.3878340066,1.49804053184683,68.7,140.485688333807,23407.0669505604,1,78.5,43.7756116666667,-79.367175,994.7,6.53223655625175,7.32170495302723,7.2,38.7610670284272,27.6,259.7,354.5,0.7,2.7
2018-08-09 18:44:38.500,130.3,41.9885451245655,2.04508571228413,2.09395546659664,1.25715542696468,407.407828732785,417.143296804889,1.28719289443965,74.5,140.46791878102,23338.4261723931,1,81.6,43.775615,-79.3671433333333,994.6,6.53424204012073,7.32617473350045,7.7,38.7607686291057,27.6,269.3,353.3,0.7,3.2
2018-08-09 18:44:39.500,129.3,41.9913667752918,2.04163563462304,2.09027135801247,1.38521582492203,407.202264046796,416.902743997699,1.41821520004776,80.9,140.498484096616,23267.8770514374,1,79,43.7756166666667,-79.3671166666667,994.6,6.53257161688387,7.32340417841198,8.5,38.7601941545041,27.6,236.5,14.9,0.6,3.1
2018-08-09 18:44:40.500,128.6,41.997514955349,2.03775708658324,2.08621443450263,1.38887119978468,406.346102684425,416.008860989546,1.42189795386995,82.3,140.460616671552,23227.3440861828,1,83.2,43.7756183333333,-79.3670866666667,994.7,6.53189215963804,7.32551871153989,9,38.7595751925999,27.6,278.7,357.1,0.2,4.7
2018-08-09 18:44:41.500,128.3,42.0010271955838,2.03485718604732,2.08324348421899,1.41734001573338,408.433093427576,418.145096341341,1.45104273107679,84.5,140.452741717175,23226.2002126099,1,82,43.7756216666667,-79.367055,994.6,6.5338026190529,7.32274705218922,9.2,38.7590926049845,27.6,70.9,355.7,0.4,5.7
2018-08-09 18:44:42.500,127.8,41.9961334842788,2.03200068392,2.08031818340418,1.42238339082777,413.071976121407,422.893991350835,1.45620608562021,86.8,140.500643286832,23225.9252826131,1,82.8,43.7756283333333,-79.36702,994.7,6.532265021206,7.32284412442258,9.6,38.7589880159676,27.6,120.6,0.4,0.2,5.7
2018-08-09 18:44:43.500,127.5,41.9949292468283,2.02690693099264,2.07494787833103,1.4779101557746,416.128643444985,425.991547838486,1.51293718252507,84.8,140.466267000067,23152.8558498351,1,80.4,43.7756333333333,-79.36698,994.6,6.52866648983027,7.32625237037673,10.1,38.7579413425522,27.6,340.1,354,0.2,5.6
2018-08-09 18:44:44.500,127.5,41.9957979571444,2.01792998133965,2.06579676578955,1.68549428598107,415.480880235063,425.336387044582,1.72547651276724,83,140.485898551702,23171.2764114387,1,81.1,43.775635,-79.36694,994.6,6.53433952646672,7.33055617269451,10.9,38.7577285844556,27.6,271.2,9.7,0.4,5.2
2018-08-09 18:44:45.500,127,41.9950972387396,2.01141355131096,2.05925234036014,1.59883762408086,414.210435301931,424.061832717303,1.63686399435016,84.3,140.492504998537,23231.1619269946,1,81.1,43.7756383333333,-79.3669016666667,994.6,6.53475752363982,7.32910479982326,11.4,38.7571609861644,27.6,103.3,1.9,0.7,8.4
2018-08-09 18:44:46.500,126.9,41.9970962759121,2.00198929774129,2.04963803329665,1.51872016843845,413.101810185052,422.933985019656,1.55487195024368,83.3,140.479265405467,23247.5062425269,1,78.7,43.7756416666667,-79.3668616666667,994.6,6.53155715402408,7.32799026822422,12,38.7564087351143,27.5,82.2,356.8,1.3,8.5
2018-08-09 18:44:47.500,126.6,41.9964657939832,1.99061825203993,2.03810506420859,1.58631571157943,412.151186636575,421.983153831743,1.62414940626455,83.9,140.502414289234,23299.397928005,1,79.1,43.7756483333333,-79.36682,994.6,6.53301257468826,7.32499947896674,11.4,38.7564030951794,27.5,50.3,355.2,0.5,6.8
2018-08-09 18:44:48.500,126.5,41.9937708525749,1.98307291241763,2.03044291370313,1.34875614864911,410.765136146496,420.577120504133,1.3809721643068,84.1,140.473125362997,23329.7016161488,1,88,43.77565,-79.36678,994.6,6.52911256100513,7.32695847683624,11.6,38.7563722463946,27.5,27.5,344.6,0.7,6.8
2018-08-09 18:44:49.500,126.3,41.9921034434712,1.97121514146912,2.01829446341801,1.40757263084099,409.423061303492,419.201526428532,1.44118838809128,84.8,140.471706975902,23326.349354606,1,86,43.7756516666667,-79.36674,994.6,6.5302138418965,7.32706926448922,11.4,38.7555168685608,27.5,38,353.2,0.7,6.5
2018-08-09 18:44:50.500,126.4,41.9921120901777,1.95866061305667,2.00555426171726,1.2933235081746,408.729224165557,418.514976706623,1.32428982853522,84.1,140.497782273186,23382.1541285093,1,80.6,43.77566,-79.3667033333333,994.6,6.53299613372487,7.32233007165388,11.2,38.7549197585713,27.5,28.4,347.5,0.8,6.3
2018-08-09 18:44:51.500,126.6,41.9916388504805,1.94833784743631,1.99511552554743,1.41500406096525,406.941746278911,416.712069027922,1.44897908280637,81.9,140.478718385287,23446.281851408,1,85.9,43.775665,-79.3666666666667,994.6,6.52876711631197,7.32645674459826,10.5,38.7548175401922,27.5,29,349.1,0.5,6.7
2018-08-09 18:44:52.500,127.2,41.9922667631252,1.93820069436928,1.98467443726515,1.41690496722592,404.751666060955,414.456540218065,1.45088904183304,81.4,140.478975598027,23415.9143946873,1,87.6,43.775665,-79.36663,994.6,6.52941137670949,7.32494175477473,10.1,38.754225880558,27.5,354.4,340.7,1.1,6.7
2018-08-09 18:44:53.500,127.3,41.9922156078224,1.93035055120096,1.97641013610558,1.26959739542531,402.789814896581,412.40059710318,1.29989022513976,85.1,140.49126499874,23304.5360745831,1,89,43.7756633333333,-79.3665966666667,994.6,6.53273579757949,7.32459737581584,10,38.7535602412238,27.5,19.4,339.2,1.4,7.2
2018-08-09 18:44:54.500,128.1,41.9925560795606,1.92296977911347,1.968743169862,1.34149211512197,401.230119321644,410.780789235481,1.3734225227849,88,140.470641984721,23250.0381574036,1,90.8,43.775665,-79.366565,994.6,6.53199927957245,7.32661405378557,9.4,38.7537025201344,27.5,27.3,335.3,1.8,7.5
2018-08-09 18:44:55.500,128.5,41.9928144108983,1.91628918579839,1.96178439154572,1.2147560293832,400.744449715616,410.258660529423,1.24360323751146,87.8,140.477513830562,23190.7356116363,1,84.7,43.77567,-79.3665316666667,994.4,6.53337634206166,7.32902845533906,9,38.7531084917426,27.5,21.8,329.5,2.1,7.2
2018-08-09 18:44:56.500,128.2,41.9878892386996,1.91119166352572,1.95638974687066,1.15018353998692,400.829836460357,410.309157797285,1.17736531463353,89.1,140.497975658902,23102.7683047684,1,85.9,43.77567,-79.3664966666667,994.5,6.53296552952023,7.32798348134599,9.2,38.7519757487831,27.5,19.1,337.9,1.7,6.8
2018-08-09 18:44:57.500,127.6,41.9907868346431,1.90963043071414,1.95456645642841,1.41474160098106,400.283078173753,409.702226901132,1.44803567042137,88.7,140.464363358332,22990.1752689259,1,88.2,43.7756716666667,-79.366455,994.5,6.52969683339265,7.32225325070244,9.4,38.751994865,27.5,45.9,350.7,0.8,7
2018-08-09 18:44:58.500,127.9,41.9922914489885,1.90514216520216,1.94979874277394,1.35169963835742,399.107421544355,408.462456094354,1.38338079270495,88.9,140.455631525694,22903.0371062618,1,87.8,43.7756716666667,-79.36642,994.6,6.5276031406061,7.32200854438248,9.8,38.7520935973246,27.5,51.1,347.7,1.3,7.4
2018-08-09 18:44:59.500,129,41.9871621125179,1.90020298937649,1.94448324141044,1.46797807920187,398.272826811836,407.553684375378,1.50218096676811,91.2,140.478998345708,22771.9478659687,1,86.4,43.7756683333333,-79.3663816666667,994.5,6.5313915615802,7.32124717808186,10.1,38.7510107156751,27.5,49.4,345.8,1.7,8.6
2018-08-09 18:45:00.500,129.7,41.9848008136266,1.89500328283035,1.93897335896613,1.52992731722162,397.290855999592,406.509203855867,1.5654262856414,93.8,140.470713490987,22676.782909462,1,87.8,43.7756666666667,-79.3663466666667,994.5,6.5318032075351,7.3238575902272,10.1,38.7505335871193,27.5,75.7,352.3,2,9
2018-08-09 18:45:01.500,130.1,41.9849910617515,1.8920343311385,1.93592189273685,1.48394094609668,397.406112685602,406.624259930078,1.51836270743225,92.3,140.480180762908,22669.9603549378,1,95,43.7756633333333,-79.3663116666667,994.5,6.52780657379228,7.32523493855475,10.1,38.7500834961073,27.5,49.1,341.4,1.4,7.4
2018-08-09 18:45:02.500,130.5,41.9849948890398,1.88957247925018,1.93328623489031,1.41333739950381,399.05656892536,408.288273173221,1.44603551027979,94.3,140.490839226647,22610.8570823982,1,100.1,43.77566,-79.36627,994.4,6.53202704604751,7.32340142171197,10.1,38.7500050593227,27.5,17,337.9,1.1,5.8
2018-08-09 18:45:03.500,131,41.9882501961527,1.88625272016568,1.92964424130964,1.46179960799455,400.081225513928,409.284629879133,1.49542066020809,96.5,140.474350613857,22486.5136567909,1,101.1,43.775655,-79.3662383333333,994.5,6.53582015941444,7.32045691180167,10.3,38.7494670139704,27.5,344.6,341.8,0.9,5
2018-08-09 18:45:04.500,131.4,41.9902561534389,1.88693592352927,1.93026006576867,1.4738652989655,399.280948006871,408.448378315177,1.5077009670416,98.4,140.475777466325,22444.4982214032,1,96,43.775655,-79.3662033333333,994.4,6.53349893678249,7.32049038826609,9.8,38.7486568773917,27.5,325.8,352.8,0.7,4.6
2018-08-09 18:45:05.500,131.5,41.9927713787024,1.8873698949477,1.93068005682698,1.31415095525378,398.333335781985,407.47401552808,1.34431091397232,99.8,140.461650999226,22432.5283862241,1,107.3,43.77565,-79.3661783333333,994.4,6.53548134942541,7.32318580148548,9,38.7483682993351,27.5,308.2,346.3,0.8,3.8
2018-08-09 18:45:06.500,132.4,41.9969028120507,1.88591258554361,1.92897000075072,1.27528356679875,398.696340096091,407.799031812853,1.30439844867714,100.4,140.45661235787,22321.5887658302,1,99.1,43.775645,-79.366155,994.5,6.53415959289483,7.32111128989601,8.5,38.747718239119,27.5,0.1,347.6,0.8,4.3
2018-08-09 18:45:07.500,132,41.9963359597537,1.88532877407507,1.92815578193704,1.36009591313719,398.350150872855,407.399247935276,1.39098853780698,98.4,140.484595004682,22211.842698052,1,102.1,43.7756483333333,-79.3661366666667,994.4,6.53158654766796,7.32153950188686,7.5,38.7473956475464,27.5,257.6,346.7,0.7,2.6
2018-08-09 18:45:08.500,132,41.9986635806944,1.88637449018281,1.92901270415967,1.46933361810754,397.631495541936,406.619343974913,1.50254399788149,95.7,140.464640489889,22103.7600557991,1,101.2,43.7756433333333,-79.3661166666667,994.5,6.53266738643615,7.32558689418321,6.6,38.7469098847259,27.6,304,347.9,0.7,3.8
2018-08-09 18:45:09.500,132.2,41.9992053773651,1.88352958066654,1.92589380353164,1.57683412741454,396.971021685623,405.899706946415,1.61229538386987,100.9,140.469207533563,21997.1069449425,1,105.2,43.77563,-79.3661016666667,994.5,6.53310009173156,7.32412565062845,6.2,38.7463235477114,27.6,53.9,340.1,0.9,4.3
2018-08-09 18:45:10.500,131.6,41.9958839462503,1.88452306130309,1.9267654035947,1.5277540682999,396.253499847124,405.135713278919,1.56199890002579,106.1,140.497345298309,21923.9218665137,1,106,43.7756233333333,-79.366085,994.4,6.52936054484731,7.32136795044286,5.7,38.7457545020681,27.6,31.8,343.4,0.8,3.7
2018-08-09 18:45:11.500,131.9,41.9972999438063,1.88566038505364,1.92780432215416,1.49776808885203,395.496570596,404.335694210898,1.53123507339443,106.7,140.46701793357,21860.6397301552,1,101.5,43.7756216666667,-79.3660616666667,994.4,6.5262489556646,7.32398984313312,5.9,38.7452758685817,27.6,76.7,351.3,0.4,4
2018-08-09 18:45:12.500,132.9,41.995500583324,1.88118121052316,1.92306771655709,1.55484347394939,395.380711649963,404.184220143521,1.58946374863468,104.1,140.474333505069,21780.9069309901,1,98.7,43.7756216666667,-79.3660433333333,994.3,6.53277673182211,7.32339429320852,6.2,38.7448882364747,27.6,89.6,354.7,0.6,4.3
2018-08-09 18:45:13.500,134.5,41.9912748824079,1.88011775061294,1.92198371015703,1.34949709324538,396.165471472638,404.987169872397,1.37954389027821,104.5,140.480033209834,21782.6268379803,1,105.8,43.77562,-79.3660166666667,994.4,6.53394206789139,7.32018824737551,6.1,38.7442591721802,27.6,21.1,343,0.4,3.8
2018-08-09 18:45:14.500,135.2,41.9922316016322,1.88123789885813,1.92301785777089,1.21085748925335,396.102744333464,404.899669151324,1.23774671262366,102.6,140.452507323374,21726.1160210581,1,111,43.775615,-79.3659966666667,994.3,6.53087217706405,7.32275502465043,6.1,38.7438943361414,27.6,46.7,349.5,0.6,4.3
2018-08-09 18:45:15.500,135,41.9896353074023,1.88218739140167,1.92383688895788,1.38879523132467,395.706196715897,404.462496630151,1.41952693764185,107.3,140.478048006387,21649.3349687024,1,109.1,43.77561,-79.3659733333333,994.3,6.52878262308954,7.32487249566979,6.1,38.7435000368711,27.6,63.2,358.1,0.4,3.6
2018-08-09 18:45:16.500,134.9,41.9829462141097,1.88391906238095,1.92545046663043,1.52113347673033,395.352280541977,404.067977678986,1.55466921404969,106.9,140.47476111413,21569.8407011491,1.2,97.6,43.7756116666667,-79.3659566666667,994.3,6.52927549237319,7.32351365878468,5.9,38.7429638444565,27.6,12.2,346.6,0.3,2.9
2018-08-09 18:45:17.500,133.6,41.9759492885343,1.88183624779856,1.92305093545573,1.42635188199036,394.093597425367,402.72479485342,1.45759520610462,103.7,140.463883667877,21431.9347336129,1,106.9,43.7756116666667,-79.3659366666667,994.3,6.53350446365376,7.32686537809484,5.5,38.7428200432639,27.6,63.2,357.6,0.2,3.5
2018-08-09 18:45:18.500,133.9,41.973447939025,1.88044398610055,1.92151139884425,1.24990563216413,393.427138456071,402.019314654909,1.27720285051499,106.5,140.490580972239,21372.6142867333,1,110.4,43.7756116666667,-79.3659183333333,994.3,6.5326382802038,7.32728954815425,5.3,38.7421349195288,27.6,167.4,22.6,0.6,3.4
2018-08-09 18:45:19.500,133.5,41.9751793728138,1.87919332921742,1.92012700221833,1.30304315076348,393.489719748381,402.060941804839,1.33141858081275,108.9,140.467511179808,21318.1474202178,1,111.2,43.7756083333333,-79.3659066666667,994.3,6.53329161400758,7.32335756073644,4.8,38.7414326567966,27.6,197.8,35.8,0.9,2.9
2018-08-09 18:45:20.500,132,41.9719956599704,1.87887277143148,1.91951717276163,1.48018673989493,393.004252913339,401.50593125658,1.51220376129112,115.4,140.478429738298,21174.3621758578,1,107.3,43.7756066666667,-79.3658966666667,994.2,6.53382810770758,7.32291692583533,4,38.74087557178,27.6,233.3,59.9,0.7,1.6
2018-08-09 18:45:21.500,131.1,41.9638611286908,1.87892785228348,1.91948405239878,1.49477462466282,392.80807491339,401.286769772495,1.52703822385567,119.6,140.498835269418,21128.7789693205,1,107.1,43.7756066666667,-79.3659016666667,994.3,6.53187413478267,7.32117039677139,2.9,38.7404247792058,27.6,262.1,119.4,1.1,1.7
2018-08-09 18:45:22.500,131.7,41.9589411616561,1.87710791706401,1.9175871151899,1.44627605990537,393.53561630921,402.02205054585,1.47746630254607,127.4,140.459130944973,21109.4605408789,1,105.9,43.7756066666667,-79.3658966666667,994.2,6.53595579710598,7.32302014462711,1.4,38.7400211616561,27.6,245.1,130.8,0.8,1.5
2018-08-09 18:45:23.500,133,41.9576737157867,1.87823973189824,1.91873831475319,1.40241726786198,393.771823931303,402.262348124026,1.43265579657375,134,140.478887974545,21107.0341084935,1,105.1,43.7756083333333,-79.365895,994.2,6.53625627067304,7.32443834032969,0.9,38.739504344097,27.6,265.6,149.5,1.2,2.2
2018-08-09 18:45:24.500,133.5,41.9559668557081,1.87933310319814,1.91998334585342,1.36747646100483,393.139357251619,401.64306695783,1.39705532836549,132.2,140.487230141305,21172.4239388962,1,104.3,43.7756083333333,-79.3658916666667,994.2,6.5341690615472,7.32168158974764,0.5,38.7389797675714,27.6,255.1,145.4,1.2,1.9
2018-08-09 18:45:25.500,134.1,41.954767080675,1.87933802176376,1.91995303277057,1.54450167361488,392.954832382858,401.447202101419,1.57787486724002,136.7,140.474362764239,21154.3917097816,1,103.8,43.7756066666667,-79.365885,994.3,6.53332633308202,7.31870543189346,0.3,38.7382962776732,27.7,249.8,126.9,0.9,2
2018-08-09 18:45:26.500,135,41.9518741324958,1.87806962776232,1.91872258675272,1.66871665304917,393.047561198745,401.555593059905,1.7048362177189,150.6,140.500290536253,21187.7062459626,1,103.6,43.7756066666667,-79.3658783333333,994.1,6.53435594952389,7.31779197791753,0.3,38.7378908517352,27.7,219.4,110.6,0.8,1.6
2018-08-09 18:45:27.500,136,41.9491714246035,1.87767523100249,1.9183524592168,1.67765564279033,392.691224195349,401.198406905678,1.71399921404173,153.4,140.486548132049,21204.4127237923,1,103.4,43.7756066666667,-79.3658733333333,994.3,6.53493733330503,7.32116588528338,0.3,38.7373297371936,27.7,225.7,113.6,0.8,1.7
2018-08-09 18:45:28.500,135.8,41.9468936669474,1.87645286219471,1.9171707407528,1.50431352735423,392.602652826335,401.121887345393,1.53694583755888,155,140.482385235253,21238.5779662044,1,103.5,43.77561,-79.36587,994.1,6.53594388303981,7.3203324648127,0.3,38.7368834285819,27.7,214,104.4,0.8,1.9
2018-08-09 18:45:29.500,135.1,41.9388577899813,1.87656473980749,1.91732414596678,1.43277879984764,392.38624091269,400.9089861544,1.46389769717106,149.5,140.507421910888,21258.6097381172,1,103,43.7756116666667,-79.3658716666667,994.3,6.53863856657782,7.32031310286396,0.3,38.7365524990535,27.7,210.5,100.7,0.9,1.9
2018-08-09 18:45:30.500,134.8,41.9307565800216,1.87715821412118,1.9179078545598,1.58662297584032,392.401805823322,400.920067014271,1.62106620306451,148.5,140.480677963266,21246.8072912589,1.1,102.4,43.7756116666667,-79.3658716666667,994.3,6.53730220538584,7.32471053724126,0.5,38.736145849535,27.7,200.3,83.6,0.8,1.7
2018-08-09 18:45:31.500,134.9,41.9259871525665,1.87768342445476,1.91843528161968,1.64661959684455,392.258872986238,400.772130185488,1.68235631177511,154.4,140.484228443441,21242.1929123097,1.1,102.7,43.7756133333333,-79.365875,994.1,6.5344011480698,7.32432358110606,0.5,38.7357328582462,27.7,201.3,90.8,0.7,1.6
2018-08-09 18:45:32.500,135.3,41.9240762506364,1.88053396240507,1.92142743072194,1.59289827172712,392.228374280118,400.757542953392,1.62753427466888,161.2,140.493300039601,21282.6267258968,1,102.7,43.7756133333333,-79.365875,994.2,6.53295443909463,7.31882607383212,0.5,38.7349996891088,27.7,200.3,90.8,0.7,1.5
2018-08-09 18:45:33.500,135.7,41.9209576252427,1.88126849172573,1.92219927923081,1.42750652637459,392.662292998914,401.205348728387,1.45856673286132,161.3,140.469107709565,21293.5545539884,1,103.1,43.7756116666667,-79.3658733333333,994.3,6.53220550836456,7.31789885715477,0.3,38.7344053437683,27.7,211.9,99.8,0.7,1.6
2018-08-09 18:45:34.500,136.3,41.9172502893034,1.87945744802785,1.92034714211495,1.42977443239836,393.074654484537,401.626396321828,1.46088200937515,163.6,140.486985987804,21292.7799667836,1,103.4,43.77561,-79.3658733333333,994.1,6.53170455142837,7.32196646832194,0.3,38.7337471208552,27.7,210.6,101.2,0.8,1.6
2018-08-09 18:45:35.500,136.6,41.9107946849606,1.87821321858789,1.91925643740873,1.45497951019849,393.352190684552,401.947793826435,1.48677207229699,164.7,140.49344686842,21384.9434755131,1,103.5,43.7756083333333,-79.3658733333333,994.1,6.53450331389263,7.32226624920037,0.1,38.7333168749608,27.7,211.2,106.9,0.8,1.8
2018-08-09 18:45:36.500,137,41.9078284364934,1.87629353361022,1.91747872105531,1.4851537586714,393.643087213479,402.283671559777,1.51775550672133,162,140.479862505657,21478.8540081991,1,103.4,43.775605,-79.3658733333333,994.3,6.53536440787478,7.31620816311269,0.1,38.732850313074,27.7,217.8,113.2,0.8,1.6
2018-08-09 18:45:37.500,137.2,41.9088959390209,1.87793935113948,1.91933125786455,1.41922996621132,393.968191114026,402.651647440225,1.45050633519689,159.6,140.498534431601,21565.6476591725,1,103.9,43.775605,-79.3658733333333,994.2,6.53260093229773,7.31571591379941,0.1,38.7323324993728,27.7,228.1,120,0.7,1.3
2018-08-09 18:45:38.500,137,41.9073191460387,1.87928082504061,1.9207632788284,1.37751292243065,394.390287011144,403.095837570915,1.40791861184039,249.8,140.492587398937,21596.704240995,1,103.5,43.775605,-79.365875,994.3,6.53161040562662,7.31890393440273,0,38.7318686461833,27.7,223.5,116.4,0.7,1.2
2018-08-09 18:45:39.500,136.7,41.9052184629316,1.87763440185793,1.91933887627569,1.20527861227027,394.141141315137,402.895429550065,1.23203048811909,280.3,140.466163353717,21728.5474341302,1,103.3,43.775605,-79.3658766666667,994.2,6.53319354653001,7.31987148613808,0,38.731404829842,27.7,221.1,120,0.6,1.2
2018-08-09 18:45:40.500,136.4,41.8984045353484,1.87603387243847,1.91795322983655,1.40967481395484,393.917540143539,402.719434802267,1.44118077263621,302.4,140.470883231029,21856.1257694336,1,102.8,43.775605,-79.3658783333333,994.2,6.53554715055747,7.32272935776479,0.1,38.7310300647427,27.8,218,117.7,0.6,1.2
2018-08-09 18:45:41.500,135.8,41.8923999465528,1.87722822956671,1.91937894103309,1.4055138150989,393.397313074492,402.230541521024,1.43706251040305,306.7,140.477304992102,21960.6660623267,1,102.8,43.775605,-79.3658816666667,994.2,6.53240854335538,7.32052065042475,0.3,38.730530018826,27.8,205.1,112.5,0.6,1.1
2018-08-09 18:45:42.500,135.1,41.8932808307727,1.88015764898661,1.92265111410522,1.44357101189507,391.989467430675,400.848891746059,1.47620688544881,309.8,140.468737312581,22101.8114906176,1,103.1,43.7756066666667,-79.3658833333333,994.2,6.52982707196226,7.3238672196978,0.3,38.7301825878541,27.8,205.1,113.9,0.5,0.9
2018-08-09 18:45:43.500,134.5,41.8931175164228,1.87900491293493,1.92170439664562,1.28944560961047,390.765109430169,399.645126102948,1.31873878207416,311,140.488513328218,22219.8469462087,1,103.1,43.7756083333333,-79.365885,994.2,6.52920697138955,7.32213051545609,0.3,38.729738779886,27.8,197.6,105.8,0.5,0.9
2018-08-09 18:45:44.500,133.5,41.8926992792701,1.87704055654151,1.91991903541189,1.41745278981511,389.977638735628,398.886216796348,1.4498462307477,312.6,140.491922281648,22333.7733812061,1,103.2,43.7756116666667,-79.36589,994.2,6.53456902044048,7.31715840722295,0.3,38.7293211800575,27.8,183,90.8,0.5,0.8
2018-08-09 18:45:45.500,132.5,41.8943562354159,1.87727829406314,1.92047526979887,1.37380384238706,389.620001115105,398.585357934941,1.40540202472979,316.2,140.471809550848,22492.8763066878,1,103.2,43.775615,-79.3658916666667,994.2,6.53450843975137,7.31827285513737,0.1,38.7287644770262,27.8,187.6,90.8,0.4,0.7
2018-08-09 18:45:46.500,131.8,41.8898109673187,1.87804946591114,1.92130515162941,1.4641283605415,388.877783773513,397.834637621455,1.49784546798632,318.3,140.488544394283,22513.9292330462,1,103.3,43.7756166666667,-79.3658933333333,994.2,6.53069311219183,7.32284615366972,0.1,38.7281325494713,27.8,187,90.8,0.3,0.8
2018-08-09 18:45:47.500,131,41.8878849501681,1.87629866857724,1.91958055283599,1.50583691307085,388.037153495299,396.988236722714,1.54057071603697,318.3,140.460385383908,22547.6258311441,1,103,43.77562,-79.365895,994.2,6.53314951668461,7.32269374573807,0.1,38.7280477685175,27.8,160.3,63.1,0.4,0.7
2018-08-09 18:45:48.500,130.3,41.8845950047357,1.87441790726673,1.91766437610393,1.29015077754296,388.120008991746,397.074696495906,1.31991965755062,322.9,140.462153095802,22551.6134697618,1,103.1,43.77562,-79.3658966666667,994.2,6.53402153246832,7.32075412605913,0,38.7273784384039,27.8,167,67.2,0.5,1.1
2018-08-09 18:45:49.500,130,41.8778646932106,1.8761189600818,1.91946211170435,1.27301834079049,388.014768701217,396.978934832626,1.30243075837974,97.3,140.490785170277,22580.9585444494,1,99.2,43.77562,-79.3658966666667,994.2,6.52809676913846,7.31940422170198,0.3,38.7269118534237,27.8,167,57.1,0.8,1.8
2018-08-09 18:45:50.500,129.9,41.8728573371615,1.87957189672516,1.92322138171994,1.31021313237602,387.382619023742,396.378820654969,1.3406408825181,105.3,140.458146765961,22695.9724303342,1,99.8,43.77562,-79.3658966666667,994.2,6.53157876684958,7.32361537177244,0.7,38.7264937490055,27.8,167.9,54.4,0.9,2.1
2018-08-09 18:45:51.500,129.8,41.8705933365995,1.87758500971737,1.92129767654423,1.41039934927411,386.997367125803,396.007200456223,1.44323600850556,99.7,140.489733171897,22751.5332999643,1.1,96.5,43.7756216666667,-79.3658966666667,994.2,6.53315333813481,7.32872799119383,0.9,38.7257100018723,27.8,159,48.9,0.7,1.6
2018-08-09 18:45:52.500,129.7,41.867433320284,1.87696727521689,1.92057712046693,1.53020249729545,386.880123702415,395.869021645687,1.56575413587941,115.5,140.502047600442,22706.6623214401,1.1,98.5,43.7756233333333,-79.3658966666667,994.2,6.53353058667547,7.32830204604012,0.9,38.7251416356523,27.8,184.8,68.2,0.6,1.7
2018-08-09 18:45:53.500,130,41.8676853136407,1.87888865732823,1.9226655793545,1.67391933112437,386.593443554192,395.600801388068,1.71292531749762,122.7,140.460999974606,22768.7288139996,1,96.8,43.7756216666667,-79.365895,994.2,6.53691084583009,7.32822068810508,1.1,38.7247882810863,27.8,173.7,54.1,0.7,2.4
2018-08-09 18:45:54.500,130.5,41.8690076170456,1.87802361428778,1.92164963181101,1.43165772422909,386.120525881236,395.09005130839,1.46493017596522,112.3,140.492686805458,22702.3747551556,1,92.1,43.7756216666667,-79.3658933333333,994.2,6.53107826352142,7.33030059935408,1.4,38.7242286418674,27.8,152,49.7,1.1,2.9
2018-08-09 18:45:55.500,130.7,41.8731770934738,1.87651815291804,1.9202719109779,1.25202674436643,386.386565830598,395.395791151961,1.2812173243821,103.8,140.491768871413,22785.2427942321,1,98.3,43.77562,-79.3658916666667,994.3,6.53501765115145,7.33854296114774,1.6,38.7234210516243,27.8,160.5,38.4,0.9,2.6
2018-08-09 18:45:56.500,130.8,41.8780562547306,1.87741337683693,1.92110700158914,1.18722774379728,387.990083362473,397.019933351824,1.21486105451052,101.3,140.451762455561,22744.204852472,1,97.1,43.77562,-79.365885,994.2,6.53440368186531,7.32817897971797,2.2,38.7233181252355,27.8,129.1,20.2,0.9,2.7
2018-08-09 18:45:57.500,130.6,41.871751561927,1.87795431249854,1.92203496878276,1.55730510704291,389.40085474415,398.541220377563,1.5938993577459,96.4,140.491637503952,22934.2487673834,1,97.2,43.77562,-79.36587,994.2,6.53329642192029,7.31543446826529,2.7,38.7226376561944,27.8,124,12.6,0.9,3.6
2018-08-09 18:45:58.500,130.8,41.8676939454941,1.87881413807377,1.92331343320332,1.53342880181924,389.696057687664,398.92598640802,1.56973854448123,100.4,140.471488719768,23136.8696456428,1,102.7,43.775615,-79.3658483333333,994.2,6.53398141717886,7.31997243754065,3.8,38.7221321816667,27.7,132.2,13.3,0.9,4.1
2018-08-09 18:45:59.500,130.7,41.8687928557171,1.87548686080617,1.91999386089511,1.71365959732854,389.218343316998,398.454871899861,1.75432573402228,106,140.476085691275,23180.8071441347,1,107.6,43.7756133333333,-79.3658283333333,994.2,6.53103657452298,7.32419471327213,4.6,38.7218285716474,27.7,144.3,10.7,1.1,5.1
2018-08-09 18:46:00.500,130.4,41.8719293729763,1.87754774719795,1.92201663782462,1.4009790178947,389.430449685103,398.65384187933,1.43416830702935,105,140.502696861323,23136.3869097142,1,112.4,43.7756033333333,-79.365805,994.2,6.5329150131493,7.32920624636179,5.1,38.7214165627557,27.7,148.8,13.3,1.5,5.4
2018-08-09 18:46:01.500,130.5,41.8760144851814,1.87876506330894,1.92317283019313,1.28094840585829,390.39948532198,399.627172991908,1.31122528609178,111.3,140.474648897508,23090.6949036231,1,116.5,43.7755916666667,-79.3657783333333,994.2,6.53049107384544,7.32493781846271,5.7,38.7208139104134,27.6,138.4,14.4,1.3,5.5
2018-08-09 18:46:02.500,130.7,41.8780952800164,1.87885679327353,1.92333458451334,1.47317914812045,391.243217831861,400.505068416555,1.50805730406816,115.2,140.494095365689,23125.3479595588,1,119.5,43.7755816666667,-79.3657516666667,994.1,6.5312959640417,7.32192141040237,6.1,38.720146833007,27.6,148.7,16.8,1.4,5.9
2018-08-09 18:46:03.500,132.1,41.8811766697089,1.87549978148894,1.91980243046468,1.33814495012208,391.870323061861,401.127043809839,1.36976054146169,118.7,140.489920747978,23076.6955443664,1,119.1,43.77557,-79.3657133333333,994.2,6.53449463255796,7.31611542656602,6.8,38.7198859946927,27.6,156.3,16.9,1.2,5.6
2018-08-09 18:46:04.500,134.2,41.878357627803,1.87549810817434,1.92010196285527,1.1571294601534,392.03455918055,401.357978001096,1.18464130239122,119.5,140.46516984493,23229.6034729656,1,115.2,43.7755583333333,-79.3656833333333,994.1,6.53295301321263,7.31817291364794,7.2,38.7193121826541,27.6,156.2,11,1,5.9
2018-08-09 18:46:05.500,134.8,41.8781260122611,1.87700838249159,1.9215565972537,1.21559945264037,392.884899843209,402.209386405245,1.2444456343965,120,140.494160956357,23183.2948386267,1,119.8,43.775545,-79.3656566666667,994.1,6.533925542325,7.32246143075084,7.7,38.7187167984305,27.6,153.8,12.6,1.1,6.3
2018-08-09 18:46:06.500,135.1,41.880083155279,1.87821370124498,1.92301986189931,1.39578670891531,393.489499372723,402.876424150762,1.4290928072749,121.1,140.495228108473,23299.6858910527,1,123.9,43.77553,-79.365625,994.1,6.52941388429812,7.32044382477305,8.3,38.7185553350704,27.5,151.7,10.9,1.4,7.2
2018-08-09 18:46:07.500,134.6,41.8773773025771,1.87596855633107,1.92059639769195,1.69040435495252,392.780476437977,402.124519316165,1.73060727389521,124.6,140.461779373911,23236.4705129751,1,121.5,43.775515,-79.3655966666667,994.1,6.53487809299805,7.32398879223735,9,38.7173115876784,27.5,163,11,1.5,8.2
2018-08-09 18:46:08.500,135.5,41.8759475001376,1.87881574841515,1.92364099828747,1.50469311436804,392.98974979259,402.365899768847,1.54058286701586,125.1,140.495924981217,23302.4274543039,1,119.9,43.7755,-79.3655633333333,994.1,6.53194125232208,7.32304700107641,9.8,38.7171299998976,27.4,155.4,9.3,1.6,9
2018-08-09 18:46:09.500,137.1,41.8761527929467,1.87814745251503,1.9227678517645,1.6160703840887,392.781140358097,402.112760447169,1.65445518213085,122.6,140.488481070194,23206.4218270635,1,119.7,43.775485,-79.3655283333333,994.2,6.53416277375823,7.32404924415051,10.5,38.7169642341133,27.3,139.9,5.6,1.6,9.4
2018-08-09 18:46:10.500,138.6,41.8808384258518,1.8771693758259,1.9216516884116,1.31546376795275,391.917111250016,401.204142558452,1.34663796215224,120.1,140.453107883208,23148.0270649676,1,123.3,43.7754633333333,-79.36549,994.1,6.53039259123609,7.32554002906449,10.9,38.715984221029,27.2,133,4.1,1.6,9.4
2018-08-09 18:46:11.500,140.1,41.8797572799243,1.87523813454105,1.9194313059787,1.3783572546228,391.692798653578,400.923678991772,1.41083441284909,120,140.49562944648,23024.180666131,1,126.8,43.7754466666667,-79.3654516666667,994.1,6.52882569479417,7.32608641204557,11.4,38.7155648563648,27.2,135.1,4.1,1.6,9.5
2018-08-09 18:46:12.500,140.1,41.8827283509724,1.87835792287946,1.92232435480428,1.40057722526155,391.847748899955,401.019682839791,1.43336175544766,122.6,140.490580728325,22871.689024945,1,129.2,43.7754266666667,-79.3654216666667,994.1,6.53398214965337,7.32835926369848,11.4,38.7156491706637,27.2,137.2,5.5,1.4,8.8
2018-08-09 18:46:13.500,140,41.8866790583014,1.87968746064497,1.92361405024436,1.4530718005332,392.050275086393,401.212199752555,1.48702864767328,125.7,140.453938123966,22835.6183626102,1,130.3,43.7754166666667,-79.3653983333333,994,6.53546107308645,7.31981190135209,11.1,38.7143054708493,27.2,141.8,2.4,1.1,7.7
2018-08-09 18:46:14.500,139.2,41.8869615585672,1.88087799761321,1.92483013690694,1.39173468512982,391.961385530881,401.120825702478,1.42425726284568,123.7,140.472654859504,22834.6831989548,1,130.2,43.7754083333333,-79.3653766666667,994,6.53706192278138,7.32085475416794,10,38.7142381959714,27.2,144.2,3.5,0.8,7
2018-08-09 18:46:15.500,138.4,41.8889523368113,1.88400321473566,1.92797968758062,1.45597719691361,392.338950820232,401.497033132142,1.4899624550012,122.9,140.458520677729,22809.862421636,1,136.7,43.7754016666667,-79.3653583333333,993.9,6.53209753365696,7.32705768806852,9,38.7135457797744,27.2,137.9,7.9,0.6,5.2
2018-08-09 18:46:16.500,138.3,41.8945254122992,1.88477284639587,1.92887923170335,1.84639441498908,393.857269323912,403.074038879075,1.88960977077148,128.7,140.480954001557,22866.2103460908,1,139.6,43.7753966666667,-79.3653416666667,993.9,6.53044922944024,7.32783592007925,7.4,38.7125553802845,27.2,186.8,8.9,0.4,4.5
2018-08-09 18:46:17.500,137.9,41.8958876048171,1.89061075406581,1.93488370081479,1.79381601387064,396.159620872381,405.436581210387,1.83582249429356,129.9,140.488688024085,22881.5154963314,1,139.6,43.77539,-79.3653283333333,993.9,6.53158656797048,7.32963093376516,5.9,38.7134037855589,27.2,234.3,18.2,0.4,2.4
2018-08-09 18:46:18.500,136.6,41.8997405952611,1.89076050013436,1.93511875348511,1.90059167230499,397.900502200593,407.235529125592,1.9451826193845,133.4,140.482831068781,22922.9672022751,1,137.7,43.7753933333333,-79.3653283333333,993.9,6.53650094055089,7.32798604047766,4.2,38.7128979027612,27.3,232.9,26.6,0.6,1.7
2018-08-09 18:46:19.500,135.4,41.9018778879454,1.89252719278389,1.93704969507587,1.56817584675343,398.523091820823,407.898629469374,1.60506371014675,135.3,140.498615426567,22984.9569868308,1,143.7,43.7753983333333,-79.3653266666667,993.9,6.52991528302387,7.32753576859079,2.4,38.7122564830222,27.4,282.4,73.4,0.7,0.9
2018-08-09 18:46:20.500,135.1,41.9070742610282,1.88962044967013,1.93448384589789,1.75304302955397,397.739288046526,407.182511160004,1.7946776003398,135.1,140.487736320686,23191.6793876547,1,142.2,43.7754016666667,-79.3653233333333,993.9,6.529668990574,7.32588349213082,1.1,38.7120036792446,27.5,240.1,77.2,0.5,1
2018-08-09 18:46:21.500,134.8,41.9163973440488,1.89233197742466,1.93759457673504,1.8990646222144,396.674742259356,406.162796641973,1.94449129430811,124.6,140.454560356856,23360.2053279943,1,141.6,43.7754,-79.3653183333333,994,6.52888569635846,7.32977779103482,0.5,38.7119619017368,27.5,222.6,61.4,0.6,1.4
2018-08-09 18:46:22.500,134.1,41.9172162228883,1.89060907550037,1.93581481007558,1.8924880090087,395.967345842763,405.435298529248,1.93773920759952,127,140.470087399366,23352.4882096091,1,139.4,43.7753966666667,-79.36532,993.9,6.53811642858903,7.32723955752848,0.5,38.7109303571719,27.5,193.2,35.5,0.8,2.1
2018-08-09 18:46:23.500,133.6,41.9141037497168,1.88942293743688,1.93485749996224,1.60962447269116,394.350949851466,403.833768603506,1.64832109706032,132.3,140.483675000864,23482.0281385295,1.1,138.4,43.7753966666667,-79.3653183333333,993.9,6.52962849896391,7.32848218769703,0.9,38.7103606249656,27.5,185.3,35.4,1,2.6
2018-08-09 18:46:24.500,132.4,41.9132969847382,1.88705658090921,1.93261283461142,1.80530884255321,394.236840269647,403.754221094756,1.84889438676944,131.9,140.450955704039,23572.2837180615,1,136.8,43.7753966666667,-79.3653216666667,994,6.53040774819613,7.32703348435526,1.4,38.7107090457855,27.5,183.6,34.4,1.1,2.8
2018-08-09 18:46:25.500,132.3,41.90362702679,1.88689971425578,1.93226626858256,1.32486601412929,394.143950894447,403.620222103036,1.35673159514731,130.1,140.501531313881,23478.1737073838,1,136.8,43.7753933333333,-79.3653216666667,993.9,6.52778326445227,7.32751098097673,1.8,38.7105918567149,27.5,191.9,28.4,1,2.8
2018-08-09 18:46:26.500,133.2,41.9009771809356,1.8861194129243,1.93149392909042,1.0909247702136,394.328906978844,403.815347818519,1.11716892673655,135.3,140.493476346938,23492.0500740923,1,138.2,43.775385,-79.3653133333333,993.9,6.52634657004364,7.33549730240225,2.4,38.7078254395649,27.5,189.1,32.1,1.1,3.1
2018-08-09 18:46:27.500,133.9,41.9054759165515,1.88627006602339,1.93171719267037,1.16212057435199,395.227037666292,404.749540539061,1.19012034964121,144.1,140.446902761188,23526.8169562177,1.1,141.9,43.7753816666667,-79.3653033333333,994,6.52992851295899,7.32884088361494,2.5,38.707008135215,27.5,195,41.3,1.1,2.8
2018-08-09 18:46:28.500,135.2,41.89695499171,1.88658735103153,1.93228400446681,1.00123722337944,395.852022987717,405.44037344361,1.02548497128829,141.1,140.498803278696,23649.1459500056,1,144.8,43.77538,-79.3652933333333,993.8,6.52772963856106,7.33355091683631,2.2,38.7079291540801,27.5,217.7,43,1,2.8
2018-08-09 18:46:29.500,135.6,41.8927399998934,1.88634871427331,1.93216257141932,0.966655599951553,394.65574280156,404.240671372357,0.990132571380704,140.1,140.455142854765,23710.9942874477,1,144.4,43.77537,-79.365285,993.9,6.52908285722507,7.33526928573788,2.5,38.7071928571031,27.5,197,31.9,1.1,3.4
2018-08-09 18:46:30.500,135.5,41.8931146852979,1.88822221335844,1.93403471339632,0.956901539350317,395.169563583215,404.757126069008,0.980117996337661,145,140.452243732478,23687.3103976711,1,146,43.775365,-79.3652783333333,993.9,6.52805912876012,7.33323206847168,2.9,38.7062637521784,27.5,195,28.8,1.4,4.2
2018-08-09 18:46:31.500,136.1,41.8847086210314,1.8850317954971,1.93075977206618,1.01517634875092,394.152743385218,403.714280363776,1.03980329323166,140.4,140.498512887008,23684.0023626803,1,149.5,43.77536,-79.36527,993.9,6.52957275858547,7.33488945836277,3.1,38.7056400756701,27.5,194.4,25.7,1.4,4.2
2018-08-09 18:46:32.500,136.2,41.8849896880696,1.88517142211978,1.93077312520223,0.975805489888678,394.387131399878,403.92720014335,0.999410395678805,137.6,140.461787483873,23618.2626316469,1,151.9,43.77535,-79.3652566666667,993.9,6.53003882820276,7.33055438889936,3.5,38.7040832806964,27.5,195,21.9,1.8,5
2018-08-09 18:46:33.500,135.2,41.8848311976315,1.88752045468888,1.93304952756792,1.16626329202535,393.503621733446,402.995418576768,1.19439271719814,145.1,140.472617720835,23553.1053787501,1,154.2,43.7753333333333,-79.3652516666667,993.8,6.52447675651213,7.32853741058021,3.5,38.7044140629005,27.5,180.5,10.8,1.6,4.9
2018-08-09 18:46:34.500,134.8,41.8829842812626,1.88265378114871,1.92758216762653,1.34355328252533,393.164545727488,402.547129505781,1.37561070371898,153.4,140.502173316294,23308.0996615919,1,156.4,43.7753183333333,-79.3652516666667,993.8,6.52571796176541,7.32477143505886,3.8,38.7041936266872,27.5,175.9,14.7,1.6,5.4
2018-08-09 18:46:35.500,135,41.8841656577249,1.88203730694935,1.92701524331028,1.4180991481132,393.637316941723,403.044797529159,1.45199040316555,157.6,140.449624172265,23340.8479558722,1,159.3,43.7753,-79.3652433333333,993.7,6.53183541699434,7.32647063685364,3.8,38.7022416257071,27.5,182.6,13.8,1.7,5.2
2018-08-09 18:46:36.500,135.7,41.8844945071578,1.88119501127421,1.92595189032699,1.38209158123741,392.730596275339,402.074239068014,1.41497441915394,156.9,140.508300263117,23238.5114656478,1,160.9,43.7752833333333,-79.3652316666667,993.8,6.5253749952466,7.32679922938947,4.2,38.7027437230522,27.5,186.1,13.5,1.4,5
2018-08-09 18:46:37.500,135.7,41.8857347505102,1.88039042470944,1.92482987458966,1.59154725200672,391.700010871416,400.957177088996,1.62915617903771,159,140.480833735102,23087.6409429518,1,159.5,43.7752683333333,-79.36522,993.8,6.52416447487357,7.33130861437758,4.4,38.7029731250554,27.5,190.8,13.9,1.3,4.7
2018-08-09 18:46:38.500,134.6,41.8851864384003,1.88031090584303,1.92440398250544,1.5766382072561,391.45228105565,400.63180759016,1.61361037397258,159.6,140.445396724671,22912.4773672761,1,160.8,43.77526,-79.365215,993.8,6.52739444439357,7.32858216632442,4.6,38.7027139188659,27.5,187.6,11.7,1,4.3
2018-08-09 18:46:39.500,135.4,41.880712330069,1.88132570305302,1.92509323502306,1.68680498953251,391.106880255481,400.205545752565,1.72604466293661,159.7,140.505946559028,22735.1427824236,1,163.3,43.7752533333333,-79.3652133333333,993.8,6.52630971018565,7.32618608364389,3.8,38.7021638035375,27.5,194.3,15.9,1.3,4.4
2018-08-09 18:46:40.500,136.8,41.8725988939497,1.87993587423725,1.92333771250387,1.73929653783027,391.080672843107,400.109586902058,1.77945153821501,165.1,140.471295568104,22566.115530706,1,163,43.7752483333333,-79.3652083333333,993.8,6.53008160893165,7.32443391976419,3.7,38.7008245807012,27.5,187.7,14.6,1.2,3.9
2018-08-09 18:46:41.500,136.6,41.8695069631411,1.8803968419954,1.92359254398499,1.94289771382084,391.226761019367,400.213823177002,1.98752705149621,165.6,140.437887796127,22455.6729249349,1,164.1,43.7752466666667,-79.3652033333333,993.7,6.53219385333051,7.32569976440404,3.3,38.7022035855946,27.5,192.3,12.8,0.8,2.8
2018-08-09 18:46:42.500,135.4,41.8588696496667,1.87874906787887,1.92164960430415,2.02257993794788,390.769286528014,399.692388071417,2.06876391132225,158.4,140.509071635333,22324.9213218856,1,164.2,43.7752516666667,-79.3651866666667,993.7,6.53235539884438,7.32586604161787,2.4,38.6993314760145,27.5,208,16.4,0.6,2
2018-08-09 18:46:43.500,135.1,41.855083170357,1.88227801886568,1.92487557302378,1.78465230640559,389.842104922232,398.664606604128,1.82504411600869,147.5,140.463560654101,22130.056401463,1,163.6,43.7752666666667,-79.3651716666667,993.7,6.52492922692142,7.32980786346194,1.6,38.699029209592,27.5,218,27,0.6,1.8
2018-08-09 18:46:44.500,135.9,41.851818536408,1.87923006185357,1.92149907265936,1.98459504717705,389.988393051747,398.760407846508,2.02923271866877,132.4,140.495027424453,21998.2368951218,1,163.7,43.7752733333333,-79.365155,993.7,6.53004164523233,7.33172254535137,0.9,38.6973898768408,27.5,212.7,30.6,0.7,1.5
2018-08-09 18:46:45.500,136.3,41.8447776736679,1.87626473052714,1.91837751735585,1.71506047521227,389.880084542003,398.63096665493,1.75355628201682,130.1,140.512994887939,21952.451118989,1.1,163,43.775275,-79.3651533333333,993.7,6.53289176243516,7.32888645348079,0.3,38.7002289775879,27.5,200,29.6,0.8,1.7
2018-08-09 18:46:46.500,135.9,41.8432047342507,1.88070907266613,1.92284118860939,1.93629596705293,389.272255529337,397.99299610778,1.9796741895081,127.9,140.461704345538,21911.7829451865,1,164.6,43.775275,-79.36516,993.7,6.52467900929553,7.33251070548135,0.3,38.6988367632153,27.5,197.8,26.3,0.9,2
2018-08-09 18:46:47.500,135,41.8438426819684,1.87806980948607,1.91997312558577,1.92013300491646,389.899301605934,398.598596625746,1.96297433923768,146.1,140.497397508261,21824.7015449855,1,164.3,43.7752683333333,-79.3651683333333,993.7,6.53596164902733,7.32238341126844,0.5,38.6979235440884,27.5,198.9,21,0.9,2.3
2018-08-09 18:46:48.500,134.9,41.8416134688145,1.87517214158885,1.91669570923034,2.0438802377164,390.140056209715,398.779128715242,2.08913737985311,150.2,140.48079469576,21663.9205101805,1,164.5,43.7752666666667,-79.3651716666667,993.7,6.53689602136927,7.31955050067797,0.7,38.6954529421981,27.6,200.5,23.1,1,2.2
2018-08-09 18:46:49.500,134.2,41.8396978560097,1.88122030377852,1.92264994279167,1.94129850190416,389.334090506631,397.908171584413,1.98405210391033,153.5,140.452505453765,21547.9938075585,1,165.5,43.7752616666667,-79.365175,993.8,6.53295523568129,7.3277311930436,1.1,38.6966209810991,27.6,194.7,14.8,1.1,3.1
2018-08-09 18:46:50.500,134,41.8338630312126,1.87985724201193,1.92131598149986,1.98144736401483,389.533189646639,398.123995664193,2.02514701361234,160.4,140.506370155077,21578.3158549574,1,165.8,43.7752583333333,-79.365175,993.7,6.52876503569668,7.32661039768371,1.8,38.696241396001,27.6,187.5,13.4,1.4,4.1
2018-08-09 18:46:51.500,133.8,41.829154745816,1.87852616666916,1.91963466798016,1.86386799644907,389.807905122635,398.33817967727,1.90465628458415,161.7,140.483519693451,21414.6883205729,1,160.5,43.77525,-79.3651716666667,993.7,6.52746069981871,7.32982482546484,2.5,38.6945999384205,27.6,178.3,13.9,1.6,4.9
2018-08-09 18:46:52.500,133.8,41.8202536112326,1.88084879753344,1.92206947358968,1.94695754363706,389.826039602316,398.369449109346,1.98962754601748,161,140.487348902233,21446.019802166,1,159.7,43.7752316666667,-79.3651666666667,993.7,6.53040108429769,7.32756620194878,3.3,38.6948060501241,27.5,174.8,11.9,1.9,5.4
2018-08-09 18:46:53.500,133.4,41.8163816508677,1.87663932226249,1.91760721978625,1.74715401587182,389.714085765805,398.221706592689,1.7852963220222,171.1,140.511986115411,21364.0369958385,1,167.1,43.775215,-79.3651683333333,993.7,6.53495364726134,7.32733178491875,4.2,38.6954201270589,27.5,186.1,11.3,1.9,6.1
2018-08-09 18:46:54.500,133.3,41.8169250005683,1.87668044687051,1.9173256132909,1.50261862704023,389.345661044929,397.778244986732,1.53516430944144,170.7,140.494228651587,21199.2232056502,1,170.4,43.77519,-79.3651616666667,993.7,6.53516918666364,7.33053778255291,5,38.6949447329317,27.5,186.2,9.8,1.9,6.5
2018-08-09 18:46:55.500,133.4,41.8227410821992,1.87917586344367,1.91997145223028,1.6463850032687,389.173544136927,397.622201753115,1.68212696903343,170.1,140.442170830801,21248.0184789738,1,174.2,43.7751666666667,-79.3651566666667,993.7,6.53375035922583,7.33600352472628,5.9,38.6924797441973,27.4,186.6,7.6,2,7.4
2018-08-09 18:46:56.500,132.8,41.8210698431552,1.87895780016888,1.91952751082575,1.66394959294916,388.603563476771,396.994106141515,1.69987644027703,166.7,140.476718926925,21135.2587489024,1,171.9,43.7751366666667,-79.3651516666667,993.6,6.528920739542,7.32856019903612,6.8,38.6907366851494,27.4,180.5,6.8,2,7.8
2018-08-09 18:46:57.500,132.3,41.819461049789,1.8784095698967,1.91899881824336,1.77824319862207,389.457207397504,397.87276805128,1.81666845852637,167.5,140.468581870001,21151.4180950434,1,173.5,43.775105,-79.3651416666667,993.8,6.52894183679222,7.32256682378591,7.9,38.6905743846445,27.3,184.7,7.2,1.9,7.9
2018-08-09 18:46:58.500,130.4,41.8190753098371,1.87848157883772,1.91884910831767,1.61496787470034,389.542784833961,397.913903223684,1.64967317258563,168.1,140.483164180765,21037.4670574861,1,171.1,43.77507,-79.3651366666667,993.7,6.5331502834587,7.32120952196114,8.8,38.6903435919486,27.3,185.6,8,1.9,8.8
2018-08-09 18:46:59.500,128.7,41.8105,1.878278,1.918612,1.708396,389.3402,397.7011,1.745083,171.4,140.4778,21022.89,1,177.5,43.7750366666667,-79.365135,993.8,6.527028,7.331048,9.4,38.69068,27.2,186.1,8.2,2.4,9.9
2018-08-09 18:47:00.500,126.8,41.80613,1.875619,1.915777,1.261602,390.3939,398.7526,1.288614,175.6,140.4751,20962.04,1,183.4,43.7750033333333,-79.3651333333333,993.8,6.535308,7.327564,10,38.68952,27.2,189.5,5.2,2.2,10
2018-08-09 18:47:01.500,126.4,41.8154184571982,1.87826934799481,1.91857553538383,1.52119495301172,390.408729376595,398.786524128149,1.55383874375704,178.9,140.490965093358,21008.1878827612,1,187.1,43.7749666666667,-79.3651383333333,993.6,6.53196808033932,7.32640871116205,10.7,38.6903101620242,27.1,190.7,6.6,2.3,10.3
2018-08-09 18:47:02.500,126.1,41.8140715371556,1.87428963532244,1.91435744693416,1.20470072026049,390.423070683523,398.769275799547,1.23045390063007,180.2,140.495034923702,20929.9017890675,1,188.4,43.7749316666667,-79.365145,993.7,6.53972595218129,7.32539028456876,10.7,38.6890698327764,27.1,192.3,4.5,2,9.4
2018-08-09 18:47:03.500,126.3,41.8136445377995,1.87768837662076,1.91780379867263,1.18738637410009,390.356237325919,398.695862351645,1.21275448387921,182.1,140.432767107427,20917.2849161374,1,191.9,43.774895,-79.3651483333333,993.8,6.53256627340991,7.32161130705889,10.7,38.6875590632504,27.1,195.8,4.4,1.5,8.7
2018-08-09 18:47:04.500,126,41.80763,1.8762,1.916153,1.173864,390.5161,398.8321,1.198861,188.1,140.5063,20850.81,1,204.9,43.77486,-79.3651583333333,993.8,6.539766,7.326608,10.3,38.68687,27.1,201.5,4.1,1.7,8.8
2018-08-09 18:47:05.500,125.5,41.8042679627666,1.87711000614921,1.91722853645971,1.11406505347175,390.210767231825,398.550543769986,1.13787431789059,193.6,140.476102321856,20925.2687164888,1,210.2,43.77483,-79.3651683333333,993.8,6.5335877445958,7.32518402033308,11.1,38.6859977911275,27.1,204.7,1.3,1.6,9.3
2018-08-09 18:47:06.500,124.9,41.810782800021,1.87385725472555,1.91364356357234,1.46247230971357,390.751265010643,399.047818913793,1.49352395715044,198,140.446968891984,20790.7762984325,1,214.8,43.7747916666667,-79.3651816666667,993.8,6.53708676221659,7.32181042945424,11.1,38.6864200193384,27,196.6,357.1,1.6,8.7
2018-08-09 18:47:07.500,123.5,41.8056175237828,1.87276237251448,1.91274408937234,1.43121905400738,390.859367508897,399.203754452099,1.46177413754127,201.2,140.498782974725,20902.6761495067,1.1,228.3,43.7747616666667,-79.3652166666667,993.8,6.54053085959245,7.31905559604979,11.2,38.6845550692035,26.9,184.2,355,1.1,8.3
2018-08-09 18:47:08.500,122.4,41.8089383442124,1.87210198733805,1.9120128897749,1.38742784661976,389.693726573144,398.001439658358,1.41700587962302,209.5,140.483194503031,20873.4115282757,1,238.8,43.77474,-79.3652533333333,993.8,6.53994952858763,7.33090325556079,12,38.6848163027619,26.9,195.9,356.4,1.2,8.8
2018-08-09 18:47:09.500,121.1,41.8162981235866,1.87341962830937,1.9135102545748,1.49862331547161,389.581695068784,397.918730080092,1.53069409940756,220.9,140.442390811448,20951.4548719764,1,246.1,43.77472,-79.3652916666667,993.9,6.53960602157756,7.32709953577119,12.2,38.683689512089,26.9,197.7,355.6,1,8.6
2018-08-09 18:47:10.500,120.6,41.8134915604011,1.87540562243683,1.91548452783059,1.14019051997111,391.187731001459,399.54779656238,1.16455735480673,231.1,140.497825641903,20923.7870782321,1,252.1,43.7747,-79.36533,993.9,6.53750698638902,7.32222930528144,12.4,38.682469734621,26.8,214.6,356.4,1.3,9.4
2018-08-09 18:47:11.500,120.4,41.8147080533123,1.87548614480415,1.91557786574729,1.4762559506228,391.455328690071,399.823331905625,1.50781214171275,237,140.491187750963,20929.2354932821,1,255.1,43.7746916666667,-79.365365,994,6.53976251943291,7.32884718630025,12.2,38.683237286793,26.8,221.2,356,1.2,8.8
2018-08-09 18:47:12.500,121,41.8181226051054,1.87454614327658,1.91495398408618,1.40579077859429,392.729138610524,401.195010705425,1.4360948537861,245.8,140.470141164959,21101.5294374376,1,255,43.77469,-79.3654016666667,994,6.54088777928271,7.32451078930837,10.9,38.6825576318003,26.8,230.3,355.1,1.3,8.4
2018-08-09 18:47:13.500,121.1,41.8139015730665,1.87729580998082,1.91803541365806,1.32418203808324,394.043478969055,402.594692445683,1.35291718703211,251.7,140.499710673337,21240.2903047159,1,255.9,43.7746766666667,-79.3654333333333,994.1,6.53870160654251,7.32601943414608,10.9,38.6822824723017,26.8,247,1.7,1.4,8.9
